flow_duration,total_packets,fwd_packets,bwd_packets,total_bytes,fwd_bytes,bwd_bytes,bytes_per_sec,packets_per_sec,pcr,pkt_len_mean,pkt_len_std,pkt_len_min,pkt_len_max,fwd_pkt_len_mean,bwd_pkt_len_mean,bimodal_ratio,iat_mean_ms,iat_std_ms,iat_min_ms,iat_max_ms,iat_jitter_coeff,beaconing_score,pkt_size_entropy,sni_entropy,sni_length,ja3_threat_flag,is_suspicious_port,label
6.3327,57.0,20.0,37.0,54535.7,6825.2,47710.5,8611.71,9.0,-0.7497,956.77,511.42,189.64,1500.0,817.05,960.37,0.4916,111.1,93.36,22.22,244.42,0.8403,0.0512,4.0078,3.0005,18.0,0.0,0.0,BENIGN_WEB
30.7127,66.0,33.0,33.0,27950.61,17838.59,10112.01,910.07,2.15,0.2764,423.49,47.3,352.54,508.64,375.34,385.54,0.4661,157.99,58.1,31.6,347.58,0.3677,0.5737,3.7695,3.9258,30.0,0.0,0.0,DOH_DATA_TUNNEL
7.543,68.0,23.0,45.0,51585.49,10917.51,40667.98,6838.83,9.01,-0.5767,758.61,368.59,205.73,1422.07,683.38,686.55,0.5135,110.93,159.06,22.19,244.04,1.4339,0.14,4.9694,3.0973,21.0,0.0,0.0,BENIGN_WEB
12.7655,69.0,27.0,42.0,57628.74,9271.6,48357.14,4514.41,5.41,-0.6782,835.2,410.53,219.41,1500.0,798.01,749.69,0.2485,185.01,315.49,37.0,407.02,1.7053,0.0404,4.1985,2.5517,10.0,0.0,0.0,BENIGN_WEB
25.187,43.0,17.0,26.0,33624.04,8464.29,25159.75,1334.98,1.71,-0.4965,781.95,381.44,209.79,1468.55,788.09,763.2,0.4045,585.74,976.38,117.15,1288.64,1.6669,0.0365,4.741,2.2145,10.0,0.0,0.0,BENIGN_WEB
5.376,53.0,15.0,38.0,40614.8,10030.27,30584.53,7554.85,9.86,-0.5061,766.32,507.78,40.0,1500.0,857.22,718.57,0.4006,101.43,169.29,20.29,223.15,1.669,0.0562,5.0396,2.883,9.0,0.0,0.0,BENIGN_WEB
10.9232,46.0,23.0,23.0,18380.39,13103.3,5277.1,1682.69,4.21,0.4258,399.57,60.03,309.52,507.63,431.7,436.28,0.3468,65.78,27.18,13.16,144.72,0.4132,0.4793,3.1395,4.3305,32.0,1.0,0.0,DOH_DATA_TUNNEL
20.3149,72.0,21.0,51.0,76561.65,15474.93,61086.72,3768.74,3.54,-0.5958,1063.36,445.25,395.49,1500.0,1201.65,949.91,0.5201,282.15,464.08,56.43,620.73,1.6448,0.0168,4.871,2.8666,8.0,0.0,0.0,BENIGN_WEB
10.151,55.0,27.0,28.0,16021.91,11393.18,4628.73,1578.36,5.42,0.4222,291.31,44.0,225.31,370.5,282.08,307.69,0.453,80.83,31.1,16.17,177.83,0.3848,0.5584,3.8868,4.0911,30.0,1.0,0.0,DOH_DATA_TUNNEL
32.9961,667.0,578.0,89.0,965863.9,871798.6,94065.3,29272.06,20.21,0.8052,1448.07,213.64,1127.61,1500.0,1603.72,1507.23,0.4498,16.77,9.14,3.35,36.9,0.5448,0.1551,2.4382,3.0966,19.0,1.0,0.0,DATA_EXFILTRATION
34.8446,76.0,38.0,38.0,26430.73,19500.77,6929.96,758.53,2.18,0.4756,347.77,50.2,272.47,438.14,299.16,375.41,0.351,108.84,25.72,21.77,239.46,0.2363,0.6676,3.1626,4.3207,47.0,0.0,0.0,DOH_DATA_TUNNEL
7.5374,45.0,15.0,30.0,34438.09,3229.63,31208.47,4568.98,5.97,-0.8124,765.29,571.25,40.0,1500.0,704.47,668.63,0.2447,167.5,169.31,33.5,368.49,1.0108,0.0176,4.3939,2.8238,20.0,0.0,0.0,BENIGN_WEB
29.8031,365.0,298.0,67.0,528038.54,519480.4,8558.14,17717.59,12.25,0.9676,1446.68,221.11,1115.02,1500.0,1557.53,1481.28,0.6059,39.21,15.74,7.84,86.25,0.4016,0.2763,2.6163,3.0978,20.0,1.0,1.0,DATA_EXFILTRATION
24.869,74.0,21.0,53.0,73014.62,21172.4,51842.23,2935.97,2.98,-0.4201,986.68,369.38,432.61,1500.0,1126.27,904.43,0.2245,336.07,527.03,67.21,739.35,1.5682,0.1266,4.7071,3.0504,8.0,0.0,0.0,BENIGN_WEB
27.8605,58.0,29.0,29.0,21688.55,12595.56,9092.99,778.47,2.08,0.1615,373.94,80.83,252.69,519.44,417.73,408.33,0.2723,187.91,74.6,37.58,413.4,0.397,0.5263,3.7162,4.199,39.0,0.0,0.0,DOH_DATA_TUNNEL
31.0288,94.0,47.0,47.0,24928.87,16454.64,8474.24,803.41,3.03,0.3201,265.2,72.33,156.71,395.39,302.58,264.28,0.3451,124.55,40.72,24.91,274.01,0.3269,0.6212,3.4765,4.5515,34.0,0.0,0.0,DOH_DATA_TUNNEL
8.2838,78.0,23.0,55.0,65672.05,14966.63,50705.42,7927.74,9.42,-0.5442,841.95,508.28,79.54,1500.0,840.42,788.5,0.3685,106.2,139.79,21.24,233.65,1.3163,0.0655,4.2333,2.8197,9.0,0.0,0.0,BENIGN_WEB
16.5197,168.0,84.0,84.0,43170.12,25325.88,17844.24,2613.26,10.17,0.1733,256.96,64.67,159.95,373.38,236.39,282.83,0.3143,220.63,124.32,44.13,485.38,0.5635,0.6571,3.2055,3.8626,40.0,1.0,0.0,DOH_DATA_TUNNEL
28.6877,64.0,32.0,32.0,22678.32,14524.77,8153.55,790.52,2.23,0.2809,354.35,64.82,257.12,471.02,383.94,352.02,0.5276,202.97,114.43,40.59,446.54,0.5638,0.4383,3.1253,4.3161,61.0,0.0,0.0,DOH_DATA_TUNNEL
30.6444,58.0,29.0,29.0,25411.85,17227.41,8184.44,829.25,1.89,0.3559,438.14,36.32,383.65,503.51,428.48,463.84,0.6,173.92,62.72,34.78,382.63,0.3606,0.5497,4.0734,4.0215,50.0,0.0,0.0,DOH_DATA_TUNNEL
54.0139,1327.0,1037.0,290.0,1705498.11,1518393.73,187104.38,31575.16,24.57,0.7806,1285.23,168.22,1032.89,1500.0,1332.72,1450.95,0.4005,10.94,6.41,2.19,24.06,0.5858,0.2097,2.8932,3.7682,27.0,1.0,0.0,DATA_EXFILTRATION
15.5652,57.0,23.0,34.0,37257.79,3713.43,33544.35,2393.66,3.66,-0.8007,653.65,486.2,40.0,1500.0,595.15,620.27,0.459,273.07,471.18,54.61,600.76,1.7255,0.0732,4.0032,2.532,9.0,0.0,0.0,BENIGN_WEB
22.8955,61.0,17.0,44.0,44677.5,7643.93,37033.57,1951.37,2.66,-0.6578,732.42,363.42,187.28,1386.58,729.87,781.4,0.5766,375.34,380.55,75.07,825.74,1.0139,0.0128,4.9763,2.6662,9.0,0.0,0.0,BENIGN_WEB
14.3923,58.0,18.0,40.0,56603.63,6061.84,50541.79,3932.9,4.03,-0.7858,975.92,544.64,158.96,1500.0,1058.37,1018.15,0.3401,248.14,434.1,49.63,545.92,1.7494,0.0913,4.3447,2.673,21.0,0.0,0.0,BENIGN_WEB
22.3738,64.0,25.0,39.0,62791.55,6969.04,55822.51,2806.47,2.86,-0.778,981.12,483.75,255.49,1500.0,1105.84,1050.76,0.4408,349.59,581.05,69.92,769.1,1.6621,0.0957,3.9185,2.9853,10.0,0.0,0.0,BENIGN_WEB
10.7661,75.0,23.0,52.0,62938.58,10522.45,52416.13,5845.98,6.97,-0.6656,839.18,423.56,203.85,1500.0,928.19,865.89,0.4254,143.55,128.93,28.71,315.81,0.8982,0.0981,4.4666,2.1061,11.0,0.0,0.0,BENIGN_WEB
4.3079,23.0,6.0,17.0,16452.21,1797.0,14655.21,3819.05,5.34,-0.7815,715.31,578.23,40.0,1500.0,664.33,794.9,0.318,187.3,143.61,37.46,412.06,0.7668,0.0196,5.0578,3.0746,18.0,0.0,0.0,BENIGN_WEB
31.1502,79.0,39.0,40.0,18455.76,11230.25,7225.51,592.48,2.54,0.217,233.62,51.28,156.69,325.93,223.23,231.7,0.477,48.71,20.36,9.74,107.17,0.4179,0.6534,3.9072,4.2377,56.0,0.0,0.0,DOH_DATA_TUNNEL
22.1375,171.0,85.0,86.0,78074.61,47348.81,30725.8,3526.8,7.72,0.2129,456.58,82.31,333.11,604.74,428.93,398.97,0.274,64.75,20.98,12.95,142.44,0.324,0.5715,3.5744,4.6396,51.0,1.0,0.0,DOH_DATA_TUNNEL
27.0388,62.0,25.0,37.0,61067.48,15112.28,45955.2,2258.51,2.29,-0.5051,984.96,500.16,234.73,1500.0,915.1,845.27,0.3526,436.11,443.27,87.22,959.44,1.0164,0.0834,3.8898,2.294,9.0,0.0,0.0,BENIGN_WEB
15.0973,24.0,8.0,16.0,24142.03,2907.31,21234.72,1599.09,1.59,-0.7591,1005.92,527.6,214.52,1500.0,964.89,1146.54,0.559,629.06,813.3,125.81,1383.92,1.2929,0.1145,4.8888,2.5979,10.0,0.0,0.0,BENIGN_WEB
29.8182,162.0,81.0,81.0,47205.23,31664.73,15540.5,1583.1,5.43,0.3416,291.39,52.24,213.04,385.42,251.44,308.39,0.4299,184.32,69.75,36.86,405.5,0.3784,0.6743,3.2115,4.1351,56.0,1.0,0.0,DOH_DATA_TUNNEL
16.7193,34.0,9.0,25.0,24437.05,6052.41,18384.64,1461.6,2.03,-0.5047,718.74,348.84,195.48,1346.64,775.32,667.61,0.2681,491.75,740.82,98.35,1081.84,1.5065,0.0838,4.1857,2.788,20.0,0.0,0.0,BENIGN_WEB
24.7897,1525.0,1247.0,278.0,1990636.45,1949898.52,40737.93,80301.02,61.52,0.9591,1305.34,114.95,1132.91,1500.0,1317.69,1335.8,0.4529,36.84,23.92,7.37,81.04,0.6495,0.2463,2.5949,3.4911,21.0,0.0,0.0,DATA_EXFILTRATION
15.5689,20.0,6.0,14.0,21091.01,3061.44,18029.57,1354.69,1.28,-0.7097,1054.55,368.31,502.08,1500.0,1146.81,958.34,0.274,778.45,1239.3,155.69,1712.58,1.592,0.0791,4.2257,2.4368,10.0,0.0,0.0,BENIGN_WEB
23.1891,93.0,46.0,47.0,28176.25,21018.32,7157.93,1215.07,4.01,0.4919,302.97,41.11,241.3,376.98,292.18,290.36,0.4067,112.21,40.33,22.44,246.85,0.3595,0.5141,3.8675,4.347,57.0,1.0,0.0,DOH_DATA_TUNNEL
25.3194,64.0,22.0,42.0,68631.38,7899.15,60732.23,2710.62,2.53,-0.7698,1072.37,575.17,209.61,1500.0,985.32,1191.3,0.3432,395.62,437.82,79.12,870.36,1.1067,0.092,4.5763,2.7156,19.0,0.0,0.0,BENIGN_WEB
26.273,73.0,36.0,37.0,30180.69,18494.99,11685.71,1148.73,2.78,0.2256,413.43,40.36,352.89,486.09,456.22,375.06,0.5748,232.21,55.15,46.44,510.86,0.2375,0.6101,3.5594,4.3087,39.0,1.0,0.0,DOH_DATA_TUNNEL
41.8235,75.0,37.0,38.0,32253.16,23841.45,8411.72,771.17,1.79,0.4784,430.04,81.62,307.62,576.95,397.24,448.02,0.4277,159.51,51.85,31.9,350.91,0.3251,0.5127,3.9387,4.3799,50.0,0.0,0.0,DOH_DATA_TUNNEL
13.9867,177.0,88.0,89.0,69105.08,39677.13,29427.95,4940.76,12.65,0.1483,390.42,64.36,293.88,506.27,432.89,358.14,0.576,221.35,59.06,44.27,486.96,0.2668,0.4393,4.0153,4.4124,57.0,1.0,0.0,DOH_DATA_TUNNEL
22.3286,52.0,18.0,34.0,32690.19,8553.32,24136.88,1464.05,2.33,-0.4767,628.66,571.23,40.0,1500.0,673.96,629.51,0.3501,429.4,451.67,85.88,944.67,1.0519,0.0826,4.5007,2.7888,11.0,0.0,0.0,BENIGN_WEB
54.6583,220.0,189.0,31.0,299387.76,270047.45,29340.31,5477.44,4.03,0.804,1360.85,259.56,971.52,1500.0,1288.61,1530.92,0.5167,46.89,27.66,9.38,103.15,0.59,0.23,1.9004,3.2487,28.0,1.0,0.0,DATA_EXFILTRATION
4.215,82.0,25.0,57.0,65092.69,17265.55,47827.13,15443.26,19.45,-0.4695,793.81,565.63,40.0,1500.0,742.34,863.09,0.4272,51.4,80.23,10.28,113.08,1.5608,0.0441,4.6579,2.3062,11.0,0.0,0.0,BENIGN_WEB
26.9833,17.0,5.0,12.0,13302.48,3205.88,10096.6,492.99,0.63,-0.518,782.5,363.25,237.62,1436.35,809.02,794.81,0.3389,1587.25,2703.44,317.45,3491.96,1.7032,0.0349,4.125,2.1786,16.0,0.0,0.0,BENIGN_WEB
14.9951,105.0,52.0,53.0,26222.34,16527.96,9694.38,1748.73,7.0,0.2606,249.74,69.42,145.6,374.7,221.07,221.94,0.3779,218.34,61.89,43.67,480.34,0.2835,0.5589,3.9316,4.1315,38.0,0.0,0.0,DOH_DATA_TUNNEL
24.6935,23.0,9.0,14.0,15626.73,2028.34,13598.39,632.83,0.93,-0.7404,679.42,578.04,40.0,1500.0,688.48,719.38,0.4324,1073.63,1547.08,214.73,2361.99,1.441,0.0721,4.4387,3.0861,12.0,0.0,0.0,BENIGN_WEB
17.631,49.0,17.0,32.0,42219.13,6065.18,36153.95,2394.6,2.78,-0.7127,861.61,445.96,192.68,1500.0,911.57,848.48,0.3382,359.82,585.58,71.96,791.59,1.6274,0.1126,3.7407,2.9609,8.0,0.0,0.0,BENIGN_WEB
24.8466,70.0,24.0,46.0,69213.61,15901.27,53312.34,2785.64,2.82,-0.5405,988.77,530.44,193.11,1500.0,848.45,1040.31,0.2104,354.95,286.07,70.99,780.89,0.8059,0.1199,4.2703,2.8802,9.0,0.0,0.0,BENIGN_WEB
32.4807,96.0,48.0,48.0,39278.16,23626.44,15651.72,1209.28,2.96,0.203,409.15,60.49,318.42,518.02,359.82,437.89,0.4867,181.02,86.93,36.2,398.24,0.4802,0.6607,4.0868,4.5379,32.0,1.0,0.0,DOH_DATA_TUNNEL
30.099,36.0,11.0,25.0,24257.33,6621.22,17636.1,805.92,1.2,-0.4541,673.81,498.01,40.0,1500.0,672.14,628.72,0.573,836.08,656.65,167.22,1839.38,0.7854,0.0574,4.4022,2.5477,21.0,0.0,0.0,BENIGN_WEB
4.1618,21.0,7.0,14.0,19200.0,5078.79,14121.21,4613.43,5.05,-0.471,914.29,403.18,309.52,1500.0,985.38,977.84,0.3,198.18,285.79,39.64,435.99,1.4421,0.0435,4.4249,2.6145,13.0,0.0,0.0,BENIGN_WEB
30.8811,144.0,72.0,72.0,35847.06,24335.69,11511.37,1160.81,4.66,0.3578,248.94,49.0,175.44,337.13,268.75,273.49,0.3306,88.26,44.86,17.65,194.17,0.5083,0.6822,3.4082,4.1351,58.0,0.0,0.0,DOH_DATA_TUNNEL
31.2944,113.0,56.0,57.0,46573.99,27533.76,19040.23,1488.25,3.61,0.1824,412.16,70.37,306.61,538.82,426.36,409.08,0.4533,117.54,50.24,23.51,258.58,0.4275,0.552,3.5772,4.5409,49.0,0.0,0.0,DOH_DATA_TUNNEL
16.8615,61.0,17.0,44.0,43965.57,11949.16,32016.41,2607.46,3.62,-0.4564,720.75,412.27,102.34,1462.83,649.39,816.47,0.2864,276.42,234.49,55.28,608.12,0.8483,0.0766,3.8132,2.8617,12.0,0.0,0.0,BENIGN_WEB
28.3862,179.0,89.0,90.0,81730.26,47440.72,34289.54,2879.22,6.31,0.1609,456.59,67.63,355.15,578.32,511.9,406.83,0.2724,129.13,71.48,25.83,284.09,0.5535,0.6727,3.2242,4.1544,39.0,0.0,0.0,DOH_DATA_TUNNEL
12.637,98.0,49.0,49.0,36123.95,23568.44,12555.51,2858.59,7.76,0.3049,368.61,77.43,252.47,507.98,382.53,339.21,0.5274,222.11,92.73,44.42,488.64,0.4175,0.6874,3.6251,4.1243,38.0,0.0,0.0,DOH_DATA_TUNNEL
12.156,935.0,857.0,78.0,1245691.77,1113709.57,131982.2,102475.74,76.92,0.7881,1332.29,129.83,1137.54,1500.0,1248.99,1448.3,0.2494,46.79,18.04,9.36,102.94,0.3855,0.2352,2.465,3.5436,19.0,0.0,1.0,DATA_EXFILTRATION
50.2731,252.0,228.0,24.0,333005.52,305183.64,27821.88,6623.93,5.01,0.8329,1321.45,163.18,1076.68,1500.0,1482.04,1313.02,0.5785,43.15,27.13,8.63,94.93,0.6289,0.2053,2.8059,3.0213,21.0,1.0,1.0,DATA_EXFILTRATION
38.5522,142.0,71.0,71.0,58669.57,41854.83,16814.73,1521.82,3.68,0.4268,413.17,63.91,317.3,528.21,443.1,435.16,0.4434,192.17,98.83,38.43,422.78,0.5143,0.452,3.1762,3.9083,55.0,0.0,0.0,DOH_DATA_TUNNEL
16.3467,90.0,45.0,45.0,33619.26,23551.53,10067.73,2056.63,5.51,0.4011,373.55,64.76,276.41,490.11,406.06,419.67,0.5792,238.53,119.54,47.71,524.77,0.5012,0.6574,3.1162,4.4045,31.0,0.0,0.0,DOH_DATA_TUNNEL
6.1517,77.0,28.0,49.0,55739.8,13577.82,42161.97,9060.93,12.52,-0.5128,723.89,416.76,98.76,1474.06,798.25,758.44,0.6151,79.89,74.14,15.98,175.76,0.928,0.0788,3.9515,2.2474,17.0,0.0,0.0,BENIGN_WEB
11.8051,69.0,28.0,41.0,42945.99,8074.59,34871.4,3637.93,5.84,-0.624,622.41,466.12,40.0,1461.41,560.31,546.79,0.3432,171.09,297.75,34.22,376.39,1.7403,0.1244,4.5717,2.2142,11.0,0.0,0.0,BENIGN_WEB
7.5742,26.0,7.0,19.0,19675.66,5416.0,14259.66,2597.72,3.43,-0.4495,756.76,333.38,256.68,1356.85,759.56,763.48,0.5286,291.32,297.93,58.26,640.89,1.0227,0.1252,4.5879,2.8944,14.0,0.0,0.0,BENIGN_WEB
21.0137,46.0,16.0,30.0,45459.96,5824.18,39635.78,2163.35,2.19,-0.7438,988.26,347.51,466.99,1500.0,912.62,1005.46,0.2028,456.82,465.79,91.36,1005.0,1.0196,0.0409,4.731,3.0197,10.0,0.0,0.0,BENIGN_WEB
20.5582,91.0,45.0,46.0,34449.37,19876.65,14572.72,1675.7,4.43,0.154,378.56,46.35,309.04,461.99,398.72,429.88,0.2184,142.84,45.21,28.57,314.24,0.3165,0.6002,3.5068,4.0698,36.0,0.0,0.0,DOH_DATA_TUNNEL
38.0913,82.0,41.0,41.0,33944.54,22431.41,11513.13,891.14,2.15,0.3217,413.96,50.17,338.71,504.26,362.97,415.78,0.3566,77.77,30.33,15.55,171.09,0.3899,0.4565,3.5505,4.4105,44.0,1.0,0.0,DOH_DATA_TUNNEL
12.6533,51.0,25.0,26.0,12952.61,9200.83,3751.78,1023.66,4.03,0.4207,253.97,74.15,142.75,387.44,258.96,239.76,0.4905,186.54,80.08,37.31,410.38,0.4293,0.5624,3.2498,4.5088,38.0,1.0,0.0,DOH_DATA_TUNNEL
20.6265,171.0,85.0,86.0,66119.17,37800.35,28318.83,3205.54,8.29,0.1434,386.66,50.95,310.24,478.36,384.07,390.7,0.3295,92.94,34.76,18.59,204.46,0.374,0.5615,3.1794,4.2598,58.0,1.0,0.0,DOH_DATA_TUNNEL
13.4935,165.0,82.0,83.0,56304.87,41355.67,14949.21,4172.74,12.23,0.469,341.24,61.44,249.08,451.84,308.66,381.57,0.4296,65.8,20.46,13.16,144.77,0.3109,0.4455,3.6415,4.3062,34.0,0.0,0.0,DOH_DATA_TUNNEL
31.9599,57.0,16.0,41.0,57749.89,15740.22,42009.67,1806.95,1.78,-0.4549,1013.16,344.51,496.4,1500.0,998.28,1025.95,0.4079,560.7,562.29,112.14,1233.54,1.0028,0.1318,4.2047,2.9994,10.0,0.0,0.0,BENIGN_WEB
13.3299,80.0,30.0,50.0,63958.58,15162.43,48796.15,4798.13,6.0,-0.5259,799.48,361.35,257.46,1449.91,899.19,859.58,0.38,166.62,212.61,33.32,366.57,1.276,0.0572,4.4433,3.005,21.0,0.0,0.0,BENIGN_WEB
35.9412,111.0,55.0,56.0,42692.23,27804.25,14887.99,1187.83,3.09,0.3025,384.61,45.42,316.48,466.37,338.92,327.57,0.4037,198.58,77.57,39.72,436.88,0.3906,0.4317,3.8338,4.5058,30.0,0.0,0.0,DOH_DATA_TUNNEL
7.5323,444.0,346.0,98.0,543160.63,531596.16,11564.47,72110.95,58.95,0.9574,1223.33,162.13,980.15,1500.0,1110.34,1232.74,0.4867,23.96,6.62,4.79,52.71,0.2764,0.1202,2.509,3.1148,16.0,1.0,0.0,DATA_EXFILTRATION
26.6445,106.0,53.0,53.0,34756.86,23326.81,11430.05,1304.47,3.98,0.3423,327.89,75.47,214.69,463.74,302.0,350.9,0.4271,101.65,50.01,20.33,223.63,0.492,0.6375,3.877,4.056,36.0,1.0,0.0,DOH_DATA_TUNNEL
6.8776,972.0,771.0,201.0,1294165.06,1220318.86,73846.19,188170.95,141.33,0.8859,1331.45,270.48,925.73,1500.0,1304.37,1513.82,0.2331,41.7,15.97,8.34,91.74,0.383,0.271,1.9496,3.4959,26.0,0.0,0.0,DATA_EXFILTRATION
23.6101,20.0,6.0,14.0,19187.16,4537.63,14649.54,812.67,0.85,-0.527,959.36,330.03,464.31,1500.0,903.59,838.28,0.3359,1180.5,1081.39,236.1,2597.11,0.916,0.1198,4.3668,2.2647,20.0,0.0,0.0,BENIGN_WEB
6.0756,19.0,7.0,12.0,15567.27,2195.5,13371.77,2562.24,3.13,-0.7179,819.33,324.9,331.98,1404.14,757.41,810.04,0.3124,319.77,397.52,63.95,703.5,1.2431,0.0904,4.1141,2.1957,21.0,0.0,0.0,BENIGN_WEB
22.8572,30.0,10.0,20.0,27083.42,3155.71,23927.71,1184.89,1.31,-0.767,902.78,443.62,237.35,1500.0,832.08,947.29,0.5911,761.91,1283.76,152.38,1676.2,1.6849,0.1062,4.9036,2.173,9.0,0.0,0.0,BENIGN_WEB
20.7527,104.0,52.0,52.0,34707.83,24197.76,10510.07,1672.45,5.01,0.3944,333.73,78.89,215.39,475.73,336.63,304.28,0.1885,86.52,43.27,17.3,190.35,0.5001,0.7016,3.3141,4.3241,48.0,1.0,0.0,DOH_DATA_TUNNEL
31.266,99.0,49.0,50.0,27469.55,20550.85,6918.7,878.58,3.17,0.4963,277.47,56.28,193.05,378.77,263.04,280.29,0.2428,193.98,57.76,38.8,426.77,0.2978,0.4902,3.3106,4.1554,37.0,1.0,0.0,DOH_DATA_TUNNEL
2.5327,55.0,15.0,40.0,35200.21,5698.29,29501.92,13898.47,21.72,-0.6762,640.0,536.24,40.0,1500.0,693.28,609.82,0.3908,46.05,33.44,9.21,101.31,0.7262,0.0926,4.8694,2.1614,15.0,0.0,0.0,BENIGN_WEB
6.625,72.0,24.0,48.0,45580.79,11189.73,34391.05,6880.17,10.87,-0.509,633.07,453.63,40.0,1449.6,665.4,714.12,0.5848,92.01,140.97,18.4,202.43,1.5321,0.0705,3.895,2.8093,18.0,0.0,0.0,BENIGN_WEB
6.906,502.0,394.0,108.0,654230.93,624733.38,29497.55,94733.91,72.69,0.9098,1303.25,249.13,929.56,1500.0,1250.77,1469.35,0.2533,19.78,8.06,3.96,43.51,0.4075,0.2103,2.7184,3.1326,19.0,1.0,1.0,DATA_EXFILTRATION
27.4356,43.0,16.0,27.0,44781.18,11226.79,33554.39,1632.23,1.57,-0.4986,1041.42,420.25,411.04,1500.0,1193.16,916.32,0.2271,638.04,454.95,127.61,1403.68,0.7131,0.1295,4.2443,2.9198,21.0,0.0,0.0,BENIGN_WEB
33.8603,47.0,23.0,24.0,11082.94,6821.8,4261.14,327.31,1.39,0.231,235.81,57.69,149.27,339.66,224.74,233.15,0.3761,214.77,81.74,42.95,472.49,0.3806,0.4569,3.9611,4.4647,50.0,1.0,0.0,DOH_DATA_TUNNEL
15.0708,52.0,17.0,35.0,33294.3,5560.32,27733.97,2209.19,3.45,-0.666,640.27,567.43,40.0,1500.0,695.76,648.05,0.4367,289.82,248.51,57.96,637.61,0.8575,0.0329,5.0076,3.037,20.0,0.0,0.0,BENIGN_WEB
23.4884,643.0,535.0,108.0,794367.59,722474.7,71892.88,33819.54,27.38,0.819,1235.41,158.27,998.0,1500.0,1101.26,1361.4,0.3268,16.24,7.7,3.25,35.72,0.4743,0.2715,2.6415,3.3416,17.0,1.0,0.0,DATA_EXFILTRATION
40.95,124.0,62.0,62.0,44482.96,27563.02,16919.94,1086.28,3.03,0.2393,358.73,62.35,265.22,470.95,382.48,341.2,0.5575,232.77,101.02,46.55,512.09,0.434,0.5587,3.3206,4.3962,31.0,0.0,0.0,DOH_DATA_TUNNEL
7.5509,440.0,362.0,78.0,557521.45,505802.6,51718.85,73834.82,58.27,0.8145,1267.09,123.39,1082.0,1489.2,1452.0,1187.42,0.558,46.87,20.72,9.37,103.11,0.4422,0.162,2.4189,3.36,17.0,1.0,0.0,DATA_EXFILTRATION
29.0144,15.0,4.0,11.0,13526.44,3649.95,9876.49,466.2,0.52,-0.4603,901.76,451.23,224.91,1500.0,1011.84,913.15,0.582,1934.29,3153.5,386.86,4255.45,1.6303,0.0726,4.4071,2.1291,15.0,0.0,0.0,BENIGN_WEB
20.1609,35.0,10.0,25.0,35912.73,4283.95,31628.79,1781.31,1.74,-0.7614,1026.08,516.45,251.4,1500.0,963.93,1065.91,0.4404,576.02,777.17,115.2,1267.25,1.3492,0.0306,4.1439,2.1677,19.0,0.0,0.0,BENIGN_WEB
9.0568,46.0,23.0,23.0,15317.67,8980.67,6337.0,1691.29,5.08,0.1726,332.99,42.83,268.75,410.09,347.58,358.81,0.3418,134.5,48.93,26.9,295.89,0.3638,0.6605,3.8019,3.9363,36.0,0.0,0.0,DOH_DATA_TUNNEL
22.1695,37.0,18.0,19.0,13605.1,9804.46,3800.64,613.68,1.67,0.4413,367.71,78.85,249.43,509.64,419.4,318.13,0.3906,223.16,66.61,44.63,490.95,0.2985,0.5211,3.4602,3.9297,48.0,1.0,0.0,DOH_DATA_TUNNEL
18.5234,55.0,22.0,33.0,36224.77,5467.14,30757.63,1955.62,2.97,-0.6982,658.63,441.18,40.0,1452.76,697.51,611.32,0.2111,336.79,421.15,67.36,740.94,1.2505,0.0171,4.6413,2.7512,13.0,0.0,0.0,BENIGN_WEB
3.7214,36.0,11.0,25.0,30913.25,3786.38,27126.87,8306.78,9.67,-0.755,858.7,464.03,162.65,1500.0,969.26,733.63,0.2114,103.37,155.17,20.67,227.42,1.501,0.136,4.2164,2.6875,8.0,0.0,0.0,BENIGN_WEB
10.9609,167.0,83.0,84.0,50686.38,35277.61,15408.77,4624.28,15.24,0.392,303.51,82.21,180.2,451.49,271.43,323.56,0.4926,145.32,49.21,29.06,319.7,0.3386,0.5496,3.723,4.576,30.0,0.0,0.0,DOH_DATA_TUNNEL
4.7053,23.0,9.0,14.0,23537.74,6484.84,17052.9,5002.38,4.89,-0.449,1023.38,331.1,526.73,1500.0,984.41,1041.68,0.5713,204.58,337.99,40.92,450.07,1.6521,0.0451,3.7657,2.4464,13.0,0.0,0.0,BENIGN_WEB
28.9344,106.0,53.0,53.0,26568.17,19591.53,6976.64,918.22,3.66,0.4748,250.64,67.21,149.82,371.63,244.56,218.96,0.345,99.58,53.31,19.92,219.07,0.5354,0.6495,3.9431,4.4279,36.0,1.0,0.0,DOH_DATA_TUNNEL
40.1014,67.0,33.0,34.0,23226.57,13095.75,10130.81,579.2,1.67,0.1277,346.67,69.58,242.29,471.92,309.23,300.88,0.2637,71.39,17.3,14.28,157.05,0.2424,0.7142,3.5187,4.4721,60.0,0.0,0.0,DOH_DATA_TUNNEL
38.5849,120.0,60.0,60.0,40089.47,30422.57,9666.9,1038.99,3.11,0.5177,334.08,72.54,225.27,464.65,356.68,355.54,0.5727,199.89,104.59,39.98,439.75,0.5233,0.4322,3.2512,4.4534,36.0,0.0,0.0,DOH_DATA_TUNNEL
36.9706,72.0,36.0,36.0,25666.03,15001.93,10664.1,694.23,1.95,0.169,356.47,75.11,243.8,491.68,309.72,394.3,0.516,130.2,29.41,26.04,286.44,0.2259,0.4205,3.7762,4.2319,36.0,0.0,0.0,DOH_DATA_TUNNEL
12.4711,51.0,17.0,34.0,53224.23,7236.56,45987.67,4267.79,4.09,-0.7281,1043.61,474.03,332.57,1500.0,1144.78,981.84,0.2737,244.53,257.14,48.91,537.97,1.0515,0.0794,3.7366,2.186,19.0,0.0,0.0,BENIGN_WEB
37.8188,134.0,67.0,67.0,39695.53,28440.37,11255.16,1049.62,3.54,0.4329,296.24,59.33,207.24,403.04,296.74,273.2,0.2265,186.56,45.09,37.31,410.43,0.2417,0.4309,3.6477,4.2647,35.0,1.0,0.0,DOH_DATA_TUNNEL
38.4281,164.0,82.0,82.0,57545.95,35115.61,22430.33,1497.5,4.27,0.2204,350.89,43.93,284.99,429.97,329.24,390.85,0.4034,221.04,48.82,44.21,486.29,0.2209,0.447,3.2694,4.5701,48.0,0.0,0.0,DOH_DATA_TUNNEL
10.533,15.0,4.0,11.0,12573.84,2949.31,9624.54,1193.76,1.42,-0.5309,838.26,492.27,99.85,1500.0,960.34,856.5,0.4521,702.2,973.97,140.44,1544.84,1.387,0.1087,4.0179,2.42,10.0,0.0,0.0,BENIGN_WEB
14.5395,65.0,25.0,40.0,62701.2,17278.74,45422.46,4312.48,4.47,-0.4489,964.63,381.45,392.46,1500.0,854.3,934.47,0.4475,223.68,218.68,44.74,492.11,0.9776,0.026,4.2449,2.9843,9.0,0.0,0.0,BENIGN_WEB
9.5658,1186.0,1018.0,168.0,1590285.53,1515445.2,74840.33,166247.1,123.98,0.9059,1340.88,133.56,1140.54,1500.0,1409.71,1484.61,0.2238,43.13,27.23,8.63,94.88,0.6313,0.2655,2.1719,3.1308,16.0,0.0,0.0,DATA_EXFILTRATION
17.3218,397.0,352.0,45.0,559174.81,505725.99,53448.82,32281.61,22.92,0.8088,1408.5,262.74,1014.39,1500.0,1590.95,1428.31,0.3441,27.59,17.25,5.52,60.7,0.6251,0.2111,2.8296,3.8328,14.0,0.0,1.0,DATA_EXFILTRATION
34.5112,428.0,338.0,90.0,607287.92,559320.54,47967.38,17596.84,12.4,0.842,1418.9,210.64,1102.93,1500.0,1595.63,1449.26,0.5409,18.87,10.88,3.77,41.51,0.5767,0.1241,2.5434,3.556,21.0,1.0,1.0,DATA_EXFILTRATION
31.4903,135.0,67.0,68.0,33859.09,22921.71,10937.37,1075.22,4.29,0.3539,250.81,82.5,127.06,399.31,277.0,267.08,0.3706,90.99,32.36,18.2,200.18,0.3556,0.4502,3.7816,3.9518,35.0,0.0,0.0,DOH_DATA_TUNNEL
30.1865,21.0,8.0,13.0,21092.61,2209.73,18882.87,698.74,0.7,-0.7905,1004.41,367.13,453.72,1500.0,902.04,963.23,0.546,1437.45,1187.93,287.49,3162.39,0.8264,0.1277,3.8872,2.9067,21.0,0.0,0.0,BENIGN_WEB
10.8359,34.0,9.0,25.0,28785.45,3015.54,25769.9,2656.5,3.14,-0.7905,846.63,431.69,199.09,1500.0,731.98,831.47,0.4287,318.7,521.23,63.74,701.14,1.6355,0.1027,4.4252,2.6329,15.0,0.0,0.0,BENIGN_WEB
17.0342,61.0,18.0,43.0,56257.97,16305.77,39952.2,3302.64,3.58,-0.4203,922.26,493.47,182.05,1500.0,1015.62,915.24,0.4242,279.25,487.99,55.85,614.35,1.7475,0.1085,3.9974,2.1516,16.0,0.0,0.0,BENIGN_WEB
22.5564,1437.0,1241.0,196.0,1775910.32,1733402.42,42507.89,78731.95,63.71,0.9521,1235.85,249.77,861.2,1500.0,1257.66,1402.45,0.5256,46.52,11.05,9.3,102.34,0.2376,0.2346,2.4362,3.5688,17.0,1.0,0.0,DATA_EXFILTRATION
20.9709,41.0,13.0,28.0,27499.36,7633.06,19866.31,1311.31,1.96,-0.4449,670.72,577.2,40.0,1500.0,728.49,612.72,0.4923,511.48,834.31,102.3,1125.27,1.6312,0.1254,3.7693,3.0696,16.0,0.0,0.0,BENIGN_WEB
6.5046,20.0,6.0,14.0,12910.34,3485.63,9424.7,1984.79,3.07,-0.46,645.52,376.22,81.19,1322.71,584.46,737.08,0.4912,325.23,408.28,65.05,715.51,1.2553,0.134,3.7242,2.4798,14.0,0.0,0.0,BENIGN_WEB
31.9187,1375.0,1117.0,258.0,1864413.96,1682413.25,182000.7,58411.43,43.08,0.8048,1355.94,212.56,1037.1,1500.0,1547.19,1424.06,0.3852,32.03,8.87,6.41,70.47,0.2769,0.1397,2.2009,3.5391,23.0,1.0,0.0,DATA_EXFILTRATION
11.9582,46.0,19.0,27.0,49413.51,14200.07,35213.45,4132.19,3.85,-0.4253,1074.21,412.4,455.61,1500.0,933.96,954.23,0.5065,259.96,260.1,51.99,571.91,1.0005,0.0616,4.9443,2.8035,14.0,0.0,0.0,BENIGN_WEB
31.488,157.0,78.0,79.0,64267.1,47771.64,16495.46,2041.0,4.99,0.4867,409.34,35.2,356.55,472.7,413.3,464.72,0.3297,104.58,42.79,20.92,230.08,0.4092,0.5781,3.2032,4.5941,47.0,0.0,0.0,DOH_DATA_TUNNEL
23.5977,99.0,49.0,50.0,29954.85,17608.67,12346.18,1269.4,4.2,0.1757,302.57,42.69,238.54,379.42,336.56,311.7,0.1804,161.22,81.02,32.24,354.69,0.5025,0.4224,3.489,3.8695,53.0,0.0,0.0,DOH_DATA_TUNNEL
25.2691,47.0,23.0,24.0,20558.83,14607.44,5951.4,813.6,1.86,0.421,437.42,57.18,351.65,540.35,381.85,395.28,0.294,96.98,55.97,19.4,213.36,0.5771,0.5191,4.0516,4.5763,33.0,0.0,0.0,DOH_DATA_TUNNEL
24.6833,59.0,23.0,36.0,51931.35,5074.49,46856.86,2103.91,2.39,-0.8046,880.19,344.39,363.61,1500.0,788.25,920.69,0.4581,418.36,419.65,83.67,920.39,1.0031,0.0226,4.527,2.1527,21.0,0.0,0.0,BENIGN_WEB
8.1754,162.0,81.0,81.0,65409.33,38645.91,26763.42,8000.73,19.82,0.1817,403.76,57.56,317.42,507.37,383.69,407.06,0.3983,130.39,75.16,26.08,286.86,0.5764,0.6821,3.5913,4.0696,37.0,1.0,0.0,DOH_DATA_TUNNEL
22.7275,63.0,31.0,32.0,17511.74,11502.9,6008.83,770.51,2.77,0.3137,277.96,42.7,213.91,354.83,267.87,287.06,0.4552,193.88,76.66,38.78,426.54,0.3954,0.5846,3.9385,4.4464,45.0,0.0,0.0,DOH_DATA_TUNNEL
31.3366,155.0,77.0,78.0,48742.68,32657.37,16085.31,1555.45,4.95,0.34,314.47,75.29,201.53,449.99,295.96,358.56,0.5327,46.84,16.12,9.37,103.05,0.344,0.6804,3.8635,4.4816,41.0,0.0,0.0,DOH_DATA_TUNNEL
46.7128,778.0,607.0,171.0,960667.21,881034.95,79632.26,20565.41,16.65,0.8342,1234.79,129.05,1041.22,1467.08,1158.59,1394.08,0.6145,12.31,6.24,2.46,27.07,0.5074,0.2776,2.2138,3.0899,17.0,0.0,0.0,DATA_EXFILTRATION
28.1515,81.0,24.0,57.0,67308.73,9592.59,57716.13,2390.94,2.88,-0.715,830.97,389.62,246.54,1500.0,881.6,781.88,0.1976,347.55,338.97,69.51,764.61,0.9753,0.0143,4.9261,2.4381,15.0,0.0,0.0,BENIGN_WEB
13.4918,23.0,9.0,14.0,18541.72,4991.29,13550.43,1374.29,1.7,-0.4616,806.16,562.4,40.0,1500.0,877.59,841.05,0.6013,586.6,939.25,117.32,1290.52,1.6012,0.0166,3.9522,2.1881,8.0,0.0,0.0,BENIGN_WEB
15.1492,76.0,26.0,50.0,59160.55,10986.41,48174.14,3905.19,5.02,-0.6286,778.43,491.53,41.14,1500.0,665.78,819.99,0.4214,199.33,255.05,39.87,438.53,1.2795,0.0216,4.9117,2.8568,13.0,0.0,0.0,BENIGN_WEB
20.3231,50.0,19.0,31.0,52218.04,5826.6,46391.44,2569.39,2.46,-0.7768,1044.36,453.93,363.46,1500.0,962.69,1200.45,0.4436,406.46,413.21,81.29,894.22,1.0166,0.0727,4.0743,2.2919,17.0,0.0,0.0,BENIGN_WEB
25.6296,34.0,13.0,21.0,25792.03,3123.51,22668.52,1006.34,1.33,-0.7578,758.59,452.65,79.61,1500.0,810.8,682.96,0.393,753.81,668.09,150.76,1658.39,0.8863,0.0152,4.7527,2.6293,17.0,0.0,0.0,BENIGN_WEB
23.3284,33.0,12.0,21.0,34616.27,6887.82,27728.44,1483.87,1.41,-0.602,1048.98,579.21,180.17,1500.0,1149.94,1179.5,0.2229,706.92,1005.76,141.38,1555.23,1.4227,0.0753,4.353,2.3944,20.0,0.0,0.0,BENIGN_WEB
29.6949,50.0,19.0,31.0,36340.15,4022.42,32317.73,1223.78,1.68,-0.7786,726.8,550.75,40.0,1500.0,620.86,621.51,0.2063,593.9,738.74,118.78,1306.58,1.2439,0.048,4.2375,2.8167,14.0,0.0,0.0,BENIGN_WEB
24.0925,46.0,14.0,32.0,45774.85,10637.88,35136.96,1899.96,1.91,-0.5352,995.11,449.7,320.56,1500.0,1090.95,1106.64,0.4334,523.75,677.34,104.75,1152.25,1.2932,0.0378,5.0682,2.9969,8.0,0.0,0.0,BENIGN_WEB
13.0099,18.0,6.0,12.0,12382.62,2894.05,9488.57,951.79,1.38,-0.5326,687.92,441.94,40.0,1483.41,700.27,662.99,0.3501,722.77,714.19,144.55,1590.09,0.9881,0.0726,3.6077,2.1692,15.0,0.0,0.0,BENIGN_WEB
28.3654,65.0,21.0,44.0,51091.45,5919.96,45171.48,1801.19,2.29,-0.7683,786.02,372.98,226.55,1457.39,729.37,883.52,0.4259,436.39,667.45,87.28,960.06,1.5295,0.0539,3.6522,2.2729,20.0,0.0,0.0,BENIGN_WEB
8.3621,1182.0,1049.0,133.0,1695425.06,1536859.07,158565.99,202751.02,141.35,0.8129,1434.37,150.08,1209.25,1500.0,1611.51,1225.91,0.3667,13.21,3.78,2.64,29.05,0.2862,0.1996,2.598,3.723,19.0,1.0,0.0,DATA_EXFILTRATION
4.98,73.0,22.0,51.0,60990.39,5551.1,55439.3,12247.01,14.66,-0.818,835.48,518.44,57.82,1500.0,742.12,877.05,0.2864,68.22,107.06,13.64,150.08,1.5693,0.1345,3.713,2.4507,8.0,0.0,0.0,BENIGN_WEB
5.4851,74.0,21.0,53.0,72942.45,11992.74,60949.71,13298.26,13.49,-0.6712,985.71,459.57,296.36,1500.0,1084.58,839.76,0.2621,74.12,92.2,14.82,163.07,1.2439,0.0222,4.5396,3.0442,17.0,0.0,0.0,BENIGN_WEB
12.5907,108.0,54.0,54.0,34961.55,22598.4,12363.16,2776.78,8.58,0.2928,323.72,65.17,225.97,441.02,371.58,310.27,0.524,202.85,86.59,40.57,446.28,0.4269,0.4213,3.7934,4.2821,43.0,1.0,0.0,DOH_DATA_TUNNEL
24.2235,1461.0,1288.0,173.0,1868101.39,1697572.63,170528.76,77119.38,60.31,0.8174,1278.65,272.1,870.49,1500.0,1454.4,1404.1,0.3703,25.24,14.86,5.05,55.52,0.5887,0.255,2.6901,3.7371,26.0,0.0,0.0,DATA_EXFILTRATION
16.1852,916.0,734.0,182.0,1133418.85,1022812.71,110606.14,70027.91,56.59,0.8048,1237.36,192.4,948.76,1500.0,1398.8,1073.33,0.3727,45.78,14.01,9.16,100.72,0.306,0.1365,2.7644,3.5697,22.0,1.0,0.0,DATA_EXFILTRATION
19.9611,644.0,560.0,84.0,877161.52,799511.69,77649.82,43943.56,32.26,0.823,1362.05,120.06,1181.96,1500.0,1225.42,1237.93,0.354,16.41,9.14,3.28,36.1,0.557,0.238,2.303,3.801,23.0,0.0,0.0,DATA_EXFILTRATION
4.2527,22.0,6.0,16.0,17836.22,4759.08,13077.15,4194.07,5.17,-0.4664,810.74,354.84,278.47,1449.45,768.28,723.9,0.582,193.31,260.58,38.66,425.27,1.348,0.0148,3.6249,2.2638,19.0,0.0,0.0,BENIGN_WEB
15.6715,38.0,19.0,19.0,9434.81,6686.58,2748.22,602.04,2.42,0.4174,248.28,40.31,187.82,320.84,233.06,240.42,0.4591,152.8,37.81,30.56,336.16,0.2475,0.6433,3.3765,4.4385,38.0,1.0,0.0,DOH_DATA_TUNNEL
23.2285,83.0,33.0,50.0,84160.87,18929.0,65231.87,3623.18,3.57,-0.5502,1013.99,397.18,418.22,1500.0,970.94,976.31,0.2256,279.86,394.75,55.97,615.69,1.4105,0.0426,4.9896,2.9531,11.0,0.0,0.0,BENIGN_WEB
27.6779,173.0,86.0,87.0,69853.95,42103.51,27750.44,2523.82,6.25,0.2055,403.78,53.41,323.66,499.92,366.61,421.25,0.3215,132.06,50.87,26.41,290.53,0.3852,0.4307,3.2425,4.3141,48.0,0.0,0.0,DOH_DATA_TUNNEL
24.3101,168.0,84.0,84.0,40980.18,23718.92,17261.26,1685.73,6.91,0.1576,243.93,75.63,130.49,380.06,244.5,264.82,0.3066,107.45,33.03,21.49,236.4,0.3074,0.4823,3.4493,4.4264,58.0,1.0,0.0,DOH_DATA_TUNNEL
23.4396,84.0,25.0,59.0,77766.61,20312.43,57454.18,3317.74,3.58,-0.4776,925.79,576.85,60.52,1500.0,961.62,799.98,0.2762,279.04,399.09,55.81,613.89,1.4302,0.0672,4.4978,2.5505,9.0,0.0,0.0,BENIGN_WEB
34.9479,96.0,48.0,48.0,43847.69,27086.93,16760.76,1254.66,2.75,0.2355,456.75,41.16,395.01,530.83,409.95,495.42,0.4254,172.87,77.25,34.57,380.31,0.4469,0.6293,3.9861,4.0366,32.0,0.0,0.0,DOH_DATA_TUNNEL
22.4968,105.0,52.0,53.0,44527.34,32539.51,11987.84,1979.27,4.67,0.4616,424.07,75.05,311.5,559.16,375.61,393.94,0.5531,189.89,79.93,37.98,417.75,0.4209,0.619,3.4911,3.9547,51.0,0.0,0.0,DOH_DATA_TUNNEL
25.2325,159.0,79.0,80.0,40414.87,29210.26,11204.61,1601.7,6.3,0.4455,254.18,80.4,133.57,398.91,253.66,267.86,0.6035,123.2,71.2,24.64,271.03,0.578,0.5216,3.5065,4.2736,35.0,0.0,0.0,DOH_DATA_TUNNEL
34.0265,51.0,25.0,26.0,14569.62,8671.0,5898.62,428.18,1.5,0.1903,285.68,56.51,200.92,387.39,299.25,305.6,0.5601,216.22,87.79,43.24,475.68,0.406,0.4795,3.2133,4.5357,40.0,0.0,0.0,DOH_DATA_TUNNEL
3.0133,65.0,19.0,46.0,58773.05,11650.22,47122.83,19504.81,21.57,-0.6036,904.2,372.51,345.44,1500.0,981.26,1025.31,0.5979,46.36,73.33,9.27,101.99,1.5818,0.0907,4.4832,2.587,17.0,0.0,0.0,BENIGN_WEB
6.9265,75.0,30.0,45.0,69656.17,6890.89,62765.28,10056.53,10.83,-0.8021,928.75,500.78,177.57,1500.0,894.25,993.13,0.1882,92.35,66.76,18.47,203.18,0.7229,0.0263,4.9801,2.7994,16.0,0.0,0.0,BENIGN_WEB
19.4975,138.0,69.0,69.0,39588.71,25993.38,13595.33,2030.45,7.08,0.3132,286.87,52.69,207.84,381.72,244.17,289.24,0.5509,236.29,85.71,47.26,519.83,0.3627,0.4659,3.7369,4.4008,38.0,0.0,0.0,DOH_DATA_TUNNEL
11.1975,143.0,71.0,72.0,48387.74,30930.79,17456.94,4321.3,12.77,0.2785,338.38,46.53,268.58,422.13,326.42,362.04,0.2791,142.85,50.08,28.57,314.27,0.3506,0.5435,3.8155,4.404,53.0,0.0,0.0,DOH_DATA_TUNNEL
23.7191,54.0,18.0,36.0,56029.99,13232.78,42797.21,2362.23,2.28,-0.5277,1037.59,563.16,192.85,1500.0,906.4,1064.66,0.2535,439.24,678.25,87.85,966.33,1.5441,0.1133,5.0958,2.8688,10.0,0.0,0.0,BENIGN_WEB
27.9886,17.0,6.0,11.0,15891.82,3909.46,11982.37,567.8,0.61,-0.508,934.81,496.21,190.51,1500.0,971.77,904.35,0.4969,1646.39,2290.06,329.28,3622.06,1.391,0.072,3.7812,2.1783,8.0,0.0,0.0,BENIGN_WEB
23.4837,27.0,9.0,18.0,17121.68,3370.82,13750.86,729.09,1.15,-0.6063,634.14,341.97,121.18,1249.69,655.19,638.58,0.535,869.77,1480.97,173.95,1913.49,1.7027,0.1297,4.6542,2.773,11.0,0.0,0.0,BENIGN_WEB
15.0414,23.0,8.0,15.0,21172.75,5853.84,15318.91,1407.63,1.53,-0.447,920.55,547.78,98.88,1500.0,981.74,1029.92,0.2124,653.98,1134.26,130.8,1438.75,1.7344,0.1192,4.3299,2.6361,17.0,0.0,0.0,BENIGN_WEB
18.5688,963.0,774.0,189.0,1303379.83,1218564.25,84815.58,70191.87,51.86,0.8699,1353.46,174.68,1091.44,1500.0,1244.99,1311.68,0.5973,45.85,17.49,9.17,100.88,0.3814,0.1775,2.0098,3.6754,18.0,1.0,0.0,DATA_EXFILTRATION
14.1869,51.0,16.0,35.0,39478.69,4137.6,35341.09,2782.76,3.59,-0.7904,774.09,376.32,209.62,1451.46,732.44,803.42,0.595,278.17,321.53,55.63,611.98,1.1558,0.1185,4.7749,2.5677,21.0,0.0,0.0,BENIGN_WEB
5.0236,44.0,13.0,31.0,39378.99,5864.83,33514.16,7838.87,8.76,-0.7021,894.98,478.6,177.07,1500.0,762.83,929.41,0.56,114.17,198.35,22.83,251.18,1.7373,0.0348,4.3785,2.7606,14.0,0.0,0.0,BENIGN_WEB
23.0567,34.0,11.0,23.0,27392.26,4660.52,22731.74,1188.04,1.47,-0.6597,805.65,364.74,258.54,1462.19,710.89,837.82,0.3144,678.14,1147.83,135.63,1491.9,1.6926,0.0822,4.7324,2.3578,15.0,0.0,0.0,BENIGN_WEB
25.1162,68.0,27.0,41.0,71757.49,16823.42,54934.06,2857.02,2.71,-0.5311,1055.26,343.2,540.45,1500.0,1057.96,1038.19,0.4489,369.36,336.37,73.87,812.58,0.9107,0.1369,3.6362,2.9987,19.0,0.0,0.0,BENIGN_WEB
8.921,54.0,20.0,34.0,57586.96,8663.8,48923.15,6455.23,6.05,-0.6991,1066.43,413.39,446.34,1500.0,1108.13,1170.83,0.2528,165.2,180.87,33.04,363.45,1.0948,0.0308,3.812,2.883,8.0,0.0,0.0,BENIGN_WEB
3.6881,67.0,20.0,47.0,45776.07,7310.35,38465.73,12411.88,18.17,-0.6806,683.22,520.23,40.0,1500.0,594.34,588.04,0.4684,55.05,62.28,11.01,121.1,1.1315,0.0294,4.9295,2.4653,11.0,0.0,0.0,BENIGN_WEB
26.1347,42.0,14.0,28.0,28050.38,2873.25,25177.13,1073.3,1.61,-0.7951,667.87,438.04,40.0,1456.35,575.31,763.68,0.346,622.25,491.41,124.45,1368.96,0.7897,0.0803,4.83,2.4834,20.0,0.0,0.0,BENIGN_WEB
19.159,72.0,36.0,36.0,28902.93,16553.69,12349.24,1508.58,3.76,0.1455,401.43,72.84,292.18,532.53,436.4,401.48,0.2398,224.14,72.92,44.83,493.11,0.3253,0.5391,4.0341,4.4507,61.0,0.0,0.0,DOH_DATA_TUNNEL
8.7771,77.0,38.0,39.0,17739.84,11167.47,6572.37,2021.15,8.77,0.259,230.39,76.48,115.67,368.04,260.37,215.64,0.4069,140.58,31.3,28.12,309.28,0.2227,0.6345,3.5706,4.4137,46.0,1.0,0.0,DOH_DATA_TUNNEL
11.389,39.0,16.0,23.0,31566.78,4060.91,27505.87,2771.68,3.42,-0.7427,809.4,465.94,110.5,1500.0,930.7,878.36,0.255,292.03,321.85,58.41,642.46,1.1021,0.0474,4.7874,2.6741,19.0,0.0,0.0,BENIGN_WEB
34.2143,1054.0,838.0,216.0,1528197.85,1429436.59,98761.27,44665.49,30.81,0.8707,1449.9,112.73,1280.8,1500.0,1534.17,1640.23,0.4645,26.47,7.51,5.29,58.23,0.2836,0.2163,2.8888,3.6335,17.0,1.0,1.0,DATA_EXFILTRATION
11.2346,54.0,20.0,34.0,40181.39,5215.96,34965.43,3576.58,4.81,-0.7404,744.1,490.15,40.0,1500.0,670.98,840.3,0.2917,208.05,153.77,41.61,457.7,0.7391,0.0115,4.6113,3.0645,9.0,0.0,0.0,BENIGN_WEB
40.0667,87.0,43.0,44.0,20306.67,14030.24,6276.43,506.82,2.17,0.3818,233.41,82.35,109.89,381.64,240.3,267.45,0.5363,60.6,28.59,12.12,133.31,0.4718,0.5125,3.6762,4.5262,45.0,0.0,0.0,DOH_DATA_TUNNEL
4.909,69.0,24.0,45.0,71797.21,9791.78,62005.44,14625.55,14.06,-0.7272,1040.54,409.95,425.62,1500.0,1111.27,1166.35,0.2733,71.15,95.79,14.23,156.52,1.3464,0.0865,4.7241,2.5849,18.0,0.0,0.0,BENIGN_WEB
12.3485,79.0,33.0,46.0,78524.73,20530.77,57993.96,6359.06,6.4,-0.4771,993.98,484.99,266.5,1500.0,850.35,890.51,0.4998,156.31,211.59,31.26,343.88,1.3537,0.1204,4.0722,2.6267,13.0,0.0,0.0,BENIGN_WEB
14.3737,15.0,5.0,10.0,13043.81,2012.35,11031.47,907.48,1.04,-0.6914,869.59,500.62,118.66,1500.0,954.48,911.31,0.1985,958.25,1627.87,191.65,2108.15,1.6988,0.0386,4.5605,2.7549,20.0,0.0,0.0,BENIGN_WEB
22.5632,17.0,6.0,11.0,12205.05,1185.67,11019.38,540.93,0.75,-0.8057,717.94,411.12,101.26,1457.96,717.99,781.48,0.2947,1327.25,2149.49,265.45,2919.94,1.6195,0.0661,4.3041,3.0238,21.0,0.0,0.0,BENIGN_WEB
36.533,86.0,43.0,43.0,26544.17,16706.23,9837.94,726.58,2.35,0.2587,308.65,43.14,243.95,386.3,309.95,321.72,0.3696,196.61,85.59,39.32,432.54,0.4353,0.4836,3.7188,4.1204,35.0,0.0,0.0,DOH_DATA_TUNNEL
38.447,56.0,28.0,28.0,20254.98,13202.61,7052.36,526.83,1.46,0.3036,361.7,74.95,249.28,496.6,343.79,347.84,0.2987,79.22,43.72,15.84,174.28,0.5519,0.6494,3.7101,3.9095,61.0,1.0,0.0,DOH_DATA_TUNNEL
8.0365,68.0,25.0,43.0,72268.38,8976.51,63291.88,8992.57,8.46,-0.7516,1062.77,343.65,547.29,1500.0,937.29,1171.39,0.5784,118.18,101.83,23.64,260.0,0.8616,0.0503,3.687,2.5356,13.0,0.0,0.0,BENIGN_WEB
41.2769,168.0,84.0,84.0,38874.44,29461.17,9413.27,941.8,4.07,0.5157,231.4,42.37,167.84,307.66,200.12,242.62,0.1891,86.61,40.18,17.32,190.53,0.4639,0.714,3.7413,4.0765,41.0,0.0,0.0,DOH_DATA_TUNNEL
18.3561,160.0,80.0,80.0,49417.82,37442.45,11975.37,2692.18,8.72,0.5153,308.86,41.9,246.01,384.28,299.16,347.31,0.44,57.15,27.76,11.43,125.73,0.4858,0.5421,3.5225,4.2853,61.0,1.0,0.0,DOH_DATA_TUNNEL
10.9655,175.0,87.0,88.0,76865.05,46301.0,30564.05,7009.71,15.96,0.2047,439.23,44.76,372.1,519.79,423.28,433.05,0.4444,183.1,65.73,36.62,402.82,0.359,0.6174,3.4644,3.8651,55.0,1.0,0.0,DOH_DATA_TUNNEL
19.174,78.0,31.0,47.0,51602.47,6189.02,45413.45,2691.27,4.07,-0.7601,661.57,350.41,135.96,1292.31,614.77,724.41,0.4858,245.82,244.78,49.16,540.81,0.9958,0.049,4.158,2.6608,13.0,0.0,0.0,BENIGN_WEB
18.7037,37.0,13.0,24.0,29681.36,4664.49,25016.87,1586.93,1.98,-0.6857,802.2,491.75,64.57,1500.0,786.27,829.22,0.302,505.5,584.68,101.1,1112.11,1.1566,0.0648,3.9404,2.9647,18.0,0.0,0.0,BENIGN_WEB
11.0288,76.0,23.0,53.0,67911.31,12316.7,55594.61,6157.61,6.89,-0.6373,893.57,570.24,40.0,1500.0,769.03,868.28,0.4871,145.12,239.9,29.02,319.26,1.6531,0.0454,3.8179,2.7366,16.0,0.0,0.0,BENIGN_WEB
21.6762,54.0,27.0,27.0,20458.61,13020.82,7437.79,943.83,2.49,0.2729,378.86,53.14,299.15,474.52,351.43,354.21,0.4776,64.7,30.08,12.94,142.34,0.4648,0.5762,3.2047,4.6073,40.0,1.0,0.0,DOH_DATA_TUNNEL
16.0774,72.0,27.0,45.0,47269.09,12502.93,34766.16,2940.1,4.48,-0.471,656.52,412.78,40.0,1399.52,642.19,603.93,0.4899,223.3,311.64,44.66,491.25,1.3956,0.0116,4.3922,2.4453,19.0,0.0,0.0,BENIGN_WEB
23.1121,106.0,53.0,53.0,24930.77,16228.31,8702.46,1078.69,4.59,0.3019,235.2,72.5,126.44,365.7,240.97,257.74,0.229,109.84,59.54,21.97,241.64,0.5421,0.6382,3.8713,4.3041,41.0,0.0,0.0,DOH_DATA_TUNNEL
39.3989,146.0,73.0,73.0,53493.71,34382.4,19111.31,1357.75,3.71,0.2855,366.4,61.76,273.75,477.57,319.04,376.24,0.5386,120.26,48.59,24.05,264.56,0.404,0.5238,3.98,4.134,38.0,0.0,0.0,DOH_DATA_TUNNEL
25.4538,91.0,45.0,46.0,32016.76,24093.14,7923.62,1257.84,3.58,0.505,351.83,75.94,237.92,488.52,317.26,385.84,0.4946,217.74,102.34,43.55,479.03,0.47,0.4684,3.3402,4.4315,38.0,0.0,0.0,DOH_DATA_TUNNEL
3.124,33.0,9.0,24.0,28667.62,2761.79,25905.83,9176.66,10.56,-0.8073,868.72,430.51,222.95,1500.0,957.91,990.23,0.3685,94.67,87.24,18.93,208.26,0.9215,0.0329,3.6924,2.7728,19.0,0.0,0.0,BENIGN_WEB
5.9033,18.0,6.0,12.0,14690.57,2957.58,11732.99,2488.55,3.05,-0.5973,816.14,444.69,149.1,1500.0,790.54,872.05,0.4361,327.96,526.59,65.59,721.51,1.6057,0.0737,3.623,2.142,21.0,0.0,0.0,BENIGN_WEB
6.928,137.0,68.0,69.0,33250.04,25110.3,8139.74,4799.37,19.77,0.5104,242.7,43.43,177.55,320.88,250.65,217.58,0.3589,175.39,94.53,35.08,385.87,0.539,0.5372,3.5189,4.0574,41.0,0.0,0.0,DOH_DATA_TUNNEL
33.6948,98.0,49.0,49.0,36987.71,27853.44,9134.27,1097.73,2.91,0.5061,377.43,79.75,257.8,520.97,378.42,414.18,0.202,148.91,63.17,29.78,327.59,0.4242,0.5044,3.3596,4.6396,56.0,0.0,0.0,DOH_DATA_TUNNEL
10.6587,49.0,15.0,34.0,42735.44,4334.26,38401.19,4009.42,4.6,-0.7972,872.15,560.56,40.0,1500.0,840.13,900.78,0.3273,217.53,318.61,43.51,478.56,1.4647,0.0741,4.7992,2.8534,10.0,0.0,0.0,BENIGN_WEB
26.6913,77.0,38.0,39.0,24392.17,17359.9,7032.27,913.86,2.88,0.4234,316.78,49.3,242.83,405.52,361.58,314.05,0.473,111.43,42.8,22.29,245.15,0.3841,0.6473,3.2999,4.273,33.0,1.0,0.0,DOH_DATA_TUNNEL
29.1591,56.0,20.0,36.0,51649.4,14379.6,37269.8,1771.3,1.92,-0.4432,922.31,470.92,215.93,1500.0,865.4,904.15,0.2555,520.7,678.86,104.14,1145.54,1.3038,0.0553,5.073,2.4464,18.0,0.0,0.0,BENIGN_WEB
3.6626,46.0,16.0,30.0,44989.42,4746.98,40242.44,12283.54,12.56,-0.789,978.03,471.92,270.15,1500.0,834.74,832.46,0.4759,79.62,76.42,15.92,175.17,0.9599,0.0355,3.6869,2.392,12.0,0.0,0.0,BENIGN_WEB
20.1562,1177.0,986.0,191.0,1602408.47,1457186.02,145222.45,79499.45,58.39,0.8187,1361.43,226.09,1022.3,1500.0,1563.06,1480.38,0.3195,21.39,8.16,4.28,47.06,0.3815,0.1302,2.8455,3.3009,27.0,0.0,0.0,DATA_EXFILTRATION
15.267,26.0,10.0,16.0,19812.6,2853.78,16958.82,1297.74,1.7,-0.7119,762.02,549.83,40.0,1500.0,779.59,818.88,0.618,587.19,922.95,117.44,1291.82,1.5718,0.1304,3.7287,3.0249,19.0,0.0,0.0,BENIGN_WEB
11.5363,1355.0,1225.0,130.0,1715501.59,1636944.99,78556.59,148704.94,117.46,0.9084,1266.05,155.9,1032.21,1500.0,1400.97,1282.19,0.5709,26.2,8.9,5.24,57.63,0.3396,0.2531,2.5364,3.4795,14.0,1.0,0.0,DATA_EXFILTRATION
5.1477,19.0,6.0,13.0,12427.47,1416.99,11010.48,2414.17,3.69,-0.772,654.08,549.68,40.0,1500.0,625.54,636.36,0.5581,270.93,236.66,54.19,596.05,0.8735,0.0134,3.6333,2.3034,21.0,0.0,0.0,BENIGN_WEB
4.378,61.0,19.0,42.0,52827.94,12252.02,40575.91,12066.68,13.93,-0.5362,866.03,400.38,265.46,1500.0,876.02,857.23,0.5798,71.77,84.49,14.35,157.9,1.1773,0.134,4.6263,2.8986,17.0,0.0,0.0,BENIGN_WEB
13.9505,80.0,31.0,49.0,80669.28,7824.42,72844.85,5782.53,5.73,-0.806,1008.37,544.18,192.09,1500.0,1157.03,944.4,0.2964,174.38,251.41,34.88,383.64,1.4417,0.0906,4.2089,3.091,12.0,0.0,0.0,BENIGN_WEB
10.7592,241.0,210.0,31.0,338587.21,313196.05,25391.16,31469.66,22.4,0.85,1404.93,112.61,1236.01,1500.0,1441.01,1528.6,0.6077,29.61,9.79,5.92,65.14,0.3305,0.1582,2.3766,3.8239,22.0,0.0,0.0,DATA_EXFILTRATION
30.0815,18.0,5.0,13.0,18234.58,3023.22,15211.36,606.17,0.6,-0.6684,1013.03,337.09,507.4,1500.0,1116.65,920.96,0.2015,1671.19,2666.41,334.24,3676.62,1.5955,0.0115,3.9042,2.8302,17.0,0.0,0.0,BENIGN_WEB
9.4945,55.0,17.0,38.0,48862.59,7563.07,41299.53,5146.4,5.79,-0.6904,888.41,335.97,384.46,1493.15,813.2,764.89,0.4851,172.63,270.73,34.53,379.78,1.5683,0.0358,3.8788,2.4565,16.0,0.0,0.0,BENIGN_WEB
24.7671,149.0,74.0,75.0,67461.27,51073.29,16387.99,2723.82,6.02,0.5142,452.76,35.57,399.4,516.8,397.0,420.8,0.5872,68.82,28.38,13.76,151.4,0.4124,0.6286,3.6248,3.8529,37.0,0.0,0.0,DOH_DATA_TUNNEL
9.1803,65.0,23.0,42.0,58923.55,8294.23,50629.32,6418.51,7.08,-0.7185,906.52,413.44,286.35,1500.0,875.82,941.48,0.4175,141.23,129.54,28.25,310.72,0.9172,0.0704,4.4048,2.8326,17.0,0.0,0.0,BENIGN_WEB
39.5301,88.0,44.0,44.0,26169.88,14962.25,11207.64,662.02,2.23,0.1435,297.39,73.86,186.6,430.33,299.08,333.49,0.6062,223.58,54.79,44.72,491.87,0.245,0.6124,3.5944,3.9768,53.0,0.0,0.0,DOH_DATA_TUNNEL
27.5674,1022.0,806.0,216.0,1457307.4,1334780.67,122526.72,52863.34,37.07,0.8318,1425.94,113.35,1255.91,1500.0,1510.15,1631.31,0.4267,28.75,17.95,5.75,63.26,0.6244,0.2324,2.342,3.6014,28.0,1.0,0.0,DATA_EXFILTRATION
2.699,29.0,11.0,18.0,22713.82,3948.75,18765.07,8415.6,10.74,-0.6523,783.24,400.87,181.93,1500.0,815.59,766.7,0.5674,93.07,86.92,18.61,204.75,0.9339,0.0571,4.7413,2.4813,19.0,0.0,0.0,BENIGN_WEB
9.4316,23.0,7.0,16.0,15468.97,3548.05,11920.92,1640.12,2.44,-0.5413,672.56,496.65,40.0,1500.0,761.25,714.6,0.4803,410.07,423.87,82.01,902.15,1.0336,0.1389,3.9017,2.1836,9.0,0.0,0.0,BENIGN_WEB
12.3609,87.0,43.0,44.0,28838.27,19782.34,9055.93,2333.03,7.04,0.372,331.47,79.34,212.47,474.28,340.09,301.5,0.2385,237.05,135.79,47.41,521.5,0.5728,0.6492,3.3627,4.0925,40.0,0.0,0.0,DOH_DATA_TUNNEL
29.308,58.0,17.0,41.0,53058.42,10995.93,42062.49,1810.37,1.98,-0.5855,914.8,411.86,297.02,1500.0,850.92,795.83,0.2909,505.31,862.99,101.06,1111.68,1.7078,0.0178,4.4494,2.2553,12.0,0.0,0.0,BENIGN_WEB
17.389,37.0,15.0,22.0,39794.35,11294.36,28499.99,2288.48,2.13,-0.4324,1075.52,476.93,360.13,1500.0,1056.15,1089.14,0.3151,469.97,360.25,93.99,1033.94,0.7665,0.0373,4.7377,2.186,15.0,0.0,0.0,BENIGN_WEB
28.7967,169.0,84.0,85.0,55869.92,39039.49,16830.42,1940.15,5.87,0.3975,330.59,71.65,223.12,459.55,362.83,374.76,0.4667,78.59,43.95,15.72,172.89,0.5593,0.597,3.4969,4.1086,60.0,0.0,0.0,DOH_DATA_TUNNEL
35.5648,376.0,318.0,58.0,461653.97,453681.48,7972.48,12980.64,10.57,0.9655,1227.8,235.93,873.91,1500.0,1388.72,1085.66,0.5278,36.96,8.41,7.39,81.31,0.2275,0.2383,2.0411,3.3083,22.0,0.0,0.0,DATA_EXFILTRATION
11.3893,147.0,73.0,74.0,54803.3,39309.63,15493.67,4811.84,12.91,0.4346,372.81,84.53,246.02,524.96,365.01,365.28,0.2482,198.02,62.73,39.6,435.64,0.3168,0.6615,3.9308,4.5331,42.0,0.0,0.0,DOH_DATA_TUNNEL
27.8243,100.0,50.0,50.0,36150.56,25345.87,10804.69,1299.24,3.59,0.4022,361.51,44.68,294.48,441.94,366.58,321.48,0.4937,163.99,53.23,32.8,360.78,0.3246,0.658,3.937,4.4144,46.0,1.0,0.0,DOH_DATA_TUNNEL
28.2455,51.0,16.0,35.0,34164.55,4341.8,29822.75,1209.56,1.81,-0.7458,669.89,392.59,81.01,1376.56,691.45,721.01,0.2893,553.83,481.34,110.77,1218.43,0.8691,0.0499,4.1964,2.7429,9.0,0.0,0.0,BENIGN_WEB
12.5617,56.0,28.0,28.0,19611.09,13640.52,5970.57,1561.19,4.46,0.3911,350.2,56.86,264.91,452.54,321.36,400.71,0.2409,127.72,48.94,25.54,280.99,0.3831,0.562,3.4384,4.404,32.0,1.0,0.0,DOH_DATA_TUNNEL
26.182,45.0,18.0,27.0,44945.78,7594.46,37351.32,1716.67,1.72,-0.6621,998.8,488.2,266.5,1500.0,872.71,1014.17,0.3526,581.82,526.62,116.36,1280.01,0.9051,0.0186,4.1582,2.6376,20.0,0.0,0.0,BENIGN_WEB
30.1245,77.0,38.0,39.0,33973.44,22235.26,11738.18,1127.77,2.56,0.309,441.21,44.04,375.15,520.49,389.71,375.15,0.2606,121.11,31.52,24.22,266.44,0.2603,0.504,3.8517,4.4001,54.0,0.0,0.0,DOH_DATA_TUNNEL
14.6822,62.0,31.0,31.0,26617.07,17713.54,8903.53,1812.88,4.22,0.331,429.31,55.91,345.44,529.95,430.48,430.26,0.3766,116.81,58.96,23.36,256.99,0.5047,0.6634,3.3073,4.0948,42.0,0.0,0.0,DOH_DATA_TUNNEL
47.8095,1319.0,1178.0,141.0,1803603.94,1674111.81,129492.13,37724.8,27.59,0.8564,1367.4,258.23,980.05,1500.0,1433.4,1216.55,0.3502,28.72,10.08,5.74,63.19,0.351,0.2622,2.7334,3.7427,15.0,0.0,1.0,DATA_EXFILTRATION
29.2923,60.0,19.0,41.0,52468.63,15186.31,37282.32,1791.21,2.05,-0.4211,874.48,365.03,326.94,1500.0,790.42,995.83,0.2597,488.21,801.05,97.64,1074.05,1.6408,0.0982,3.9792,2.4088,19.0,0.0,0.0,BENIGN_WEB
13.9837,81.0,31.0,50.0,86510.55,24708.97,61801.58,6186.51,5.79,-0.4288,1068.03,535.92,264.15,1500.0,1060.72,1197.89,0.4127,172.64,164.3,34.53,379.81,0.9517,0.0491,3.6285,2.6451,14.0,0.0,0.0,BENIGN_WEB
32.7282,69.0,34.0,35.0,22562.11,14282.53,8279.58,689.38,2.11,0.2661,326.99,39.09,268.36,397.34,356.62,375.79,0.3718,163.37,64.86,32.67,359.41,0.397,0.7038,3.839,4.5167,48.0,0.0,0.0,DOH_DATA_TUNNEL
53.6668,180.0,147.0,33.0,253250.99,246813.03,6437.95,4718.95,3.35,0.9492,1406.95,168.34,1154.45,1500.0,1393.2,1227.65,0.4294,18.0,10.75,3.6,39.59,0.5972,0.1452,2.5243,3.0513,18.0,1.0,0.0,DATA_EXFILTRATION
3.6025,60.0,24.0,36.0,51710.06,9178.25,42531.81,14353.94,16.66,-0.645,861.83,432.13,213.64,1500.0,951.04,810.57,0.3829,60.04,71.75,12.01,132.09,1.195,0.0148,4.5733,2.8936,17.0,0.0,0.0,BENIGN_WEB
27.5023,103.0,51.0,52.0,26268.0,15045.59,11222.41,955.12,3.75,0.1455,255.03,57.16,169.29,357.91,222.45,252.21,0.6041,206.59,110.69,41.32,454.49,0.5358,0.5744,3.6155,4.2749,35.0,1.0,0.0,DOH_DATA_TUNNEL
23.1425,154.0,124.0,30.0,191594.23,185006.47,6587.76,8278.9,6.65,0.9312,1244.12,125.7,1055.56,1470.38,1182.65,1124.62,0.555,38.67,9.68,7.73,85.07,0.2504,0.2328,1.9535,2.9872,18.0,0.0,1.0,DATA_EXFILTRATION
4.433,44.0,12.0,32.0,28426.35,7976.98,20449.37,6412.47,9.93,-0.4388,646.05,423.59,40.0,1408.52,603.85,651.75,0.4864,100.75,155.23,20.15,221.65,1.5408,0.1361,3.7428,2.6896,19.0,0.0,0.0,BENIGN_WEB
12.6661,45.0,22.0,23.0,16741.17,11747.16,4994.01,1321.73,3.55,0.4034,372.03,48.94,298.62,460.11,388.04,414.6,0.3629,236.94,126.06,47.39,521.26,0.532,0.7149,3.7279,3.936,48.0,0.0,0.0,DOH_DATA_TUNNEL
11.8954,81.0,28.0,53.0,65891.54,18331.12,47560.41,5539.23,6.81,-0.4436,813.48,461.65,121.0,1500.0,817.01,834.03,0.54,146.86,157.13,29.37,323.09,1.07,0.0164,4.336,2.9142,19.0,0.0,0.0,BENIGN_WEB
10.6718,75.0,23.0,52.0,60588.09,11312.04,49276.05,5677.39,7.03,-0.6266,807.84,378.14,240.63,1488.5,742.61,812.28,0.5517,142.29,106.14,28.46,313.04,0.7459,0.1392,3.6953,2.1235,19.0,0.0,0.0,BENIGN_WEB
13.1263,60.0,22.0,38.0,51742.84,5262.37,46480.48,3941.91,4.57,-0.7966,862.38,503.05,107.81,1500.0,862.4,943.44,0.4605,218.77,207.29,43.75,481.3,0.9475,0.1165,4.0913,2.4002,11.0,0.0,0.0,BENIGN_WEB
7.6368,16.0,5.0,11.0,17073.95,3041.45,14032.5,2235.76,2.1,-0.6437,1067.12,482.89,342.78,1500.0,943.48,1177.17,0.5402,477.3,813.21,95.46,1050.05,1.7038,0.1099,4.3061,2.1592,17.0,0.0,0.0,BENIGN_WEB
29.0522,395.0,337.0,58.0,544204.61,512157.81,32046.81,18731.93,13.6,0.8822,1377.73,242.94,1013.32,1500.0,1398.04,1457.6,0.5409,14.0,7.62,2.8,30.79,0.5444,0.144,2.4949,3.4139,29.0,1.0,0.0,DATA_EXFILTRATION
6.044,74.0,25.0,49.0,52314.07,8986.8,43327.27,8655.47,12.24,-0.6564,706.95,324.87,219.65,1291.71,760.89,621.79,0.3548,81.68,63.16,16.34,179.69,0.7733,0.0115,3.7156,2.8136,18.0,0.0,0.0,BENIGN_WEB
40.7252,66.0,33.0,33.0,24502.83,14953.24,9549.58,601.66,1.62,0.2205,371.25,75.61,257.84,507.35,415.73,389.94,0.58,219.66,69.9,43.93,483.25,0.3182,0.4401,3.2852,4.5985,41.0,0.0,0.0,DOH_DATA_TUNNEL
29.6505,73.0,22.0,51.0,59584.41,7174.35,52410.06,2009.56,2.46,-0.7592,816.22,546.33,40.0,1500.0,784.6,926.54,0.5662,406.17,474.54,81.23,893.58,1.1683,0.0321,5.0061,2.6249,14.0,0.0,0.0,BENIGN_WEB
27.9581,642.0,558.0,84.0,794789.9,772848.13,21941.78,28427.88,22.96,0.9448,1237.99,256.75,852.86,1500.0,1394.57,1311.44,0.5796,19.04,10.46,3.81,41.89,0.5494,0.2372,2.3185,3.55,16.0,1.0,0.0,DATA_EXFILTRATION
42.9602,401.0,343.0,58.0,541627.33,507415.48,34211.85,12607.66,9.33,0.8737,1350.69,133.58,1150.33,1500.0,1362.07,1409.02,0.4135,38.55,13.71,7.71,84.81,0.3557,0.1933,2.0394,3.6215,28.0,0.0,1.0,DATA_EXFILTRATION
11.236,74.0,26.0,48.0,51768.28,9302.95,42465.33,4607.37,6.59,-0.6406,699.57,524.84,40.0,1500.0,625.94,723.93,0.4317,151.84,119.65,30.37,334.04,0.788,0.0897,4.0509,2.9318,10.0,0.0,0.0,BENIGN_WEB
30.2813,78.0,39.0,39.0,22623.74,16788.61,5835.13,747.12,2.58,0.4842,290.05,47.5,218.8,375.54,258.69,253.26,0.3156,125.75,29.68,25.15,276.64,0.236,0.552,3.3135,4.0992,45.0,1.0,0.0,DOH_DATA_TUNNEL
10.753,21.0,8.0,13.0,13832.25,2676.56,11155.69,1286.36,1.95,-0.613,658.68,399.61,59.27,1377.97,587.03,626.74,0.1835,512.05,830.14,102.41,1126.51,1.6212,0.014,4.6545,2.9308,19.0,0.0,0.0,BENIGN_WEB
13.0372,153.0,125.0,28.0,218937.25,200974.36,17962.9,16793.29,11.74,0.8359,1430.96,257.1,1045.31,1500.0,1402.19,1240.06,0.3142,16.67,5.31,3.33,36.66,0.3186,0.1803,2.4681,3.0854,21.0,1.0,0.0,DATA_EXFILTRATION
21.6767,69.0,22.0,47.0,64746.88,14437.58,50309.3,2986.93,3.18,-0.554,938.36,472.02,230.33,1500.0,817.79,975.02,0.3672,314.16,222.55,62.83,691.14,0.7084,0.1378,4.1813,2.9356,18.0,0.0,0.0,BENIGN_WEB
24.821,108.0,54.0,54.0,47975.97,30453.09,17522.89,1932.88,4.35,0.2695,444.22,74.38,332.65,578.11,436.78,471.83,0.3009,218.5,85.88,43.7,480.69,0.393,0.5547,4.0481,4.0121,41.0,1.0,0.0,DOH_DATA_TUNNEL
26.113,57.0,17.0,40.0,50509.54,12934.62,37574.92,1934.27,2.18,-0.4878,886.13,484.59,159.24,1500.0,792.08,780.22,0.1893,458.12,468.84,91.62,1007.87,1.0234,0.0855,4.1775,2.6004,8.0,0.0,0.0,BENIGN_WEB
28.2786,100.0,50.0,50.0,23994.44,17863.43,6131.01,848.5,3.54,0.489,239.94,56.24,155.58,341.18,269.55,212.01,0.4954,184.2,54.6,36.84,405.24,0.2964,0.6652,3.7968,3.877,40.0,0.0,0.0,DOH_DATA_TUNNEL
24.2786,78.0,29.0,49.0,83294.74,13831.46,69463.28,3430.79,3.21,-0.6679,1067.88,447.45,396.7,1500.0,1048.9,992.61,0.616,311.26,353.93,62.25,684.78,1.1371,0.1103,4.3546,2.8574,8.0,0.0,0.0,BENIGN_WEB
36.1941,63.0,31.0,32.0,21196.56,12379.48,8817.08,585.64,1.74,0.1681,336.45,64.1,240.31,451.83,324.21,302.2,0.3923,191.96,80.54,38.39,422.32,0.4196,0.7183,3.667,3.9102,54.0,1.0,0.0,DOH_DATA_TUNNEL
18.7352,79.0,23.0,56.0,59985.02,14153.42,45831.6,3201.72,4.22,-0.5281,759.3,573.47,40.0,1500.0,833.39,833.82,0.2443,237.15,224.2,47.43,521.74,0.9454,0.0435,4.1851,2.3136,9.0,0.0,0.0,BENIGN_WEB
13.9011,50.0,16.0,34.0,38289.93,5524.22,32765.71,2754.46,3.6,-0.7115,765.8,412.17,147.54,1500.0,787.76,795.41,0.4275,278.02,467.26,55.6,611.65,1.6807,0.0492,4.4058,2.7524,11.0,0.0,0.0,BENIGN_WEB
25.0971,71.0,24.0,47.0,57450.95,14008.49,43442.46,2289.14,2.83,-0.5123,809.17,406.33,199.67,1500.0,715.5,851.03,0.4601,353.48,322.69,70.7,777.66,0.9129,0.0999,3.852,2.932,9.0,0.0,0.0,BENIGN_WEB
33.362,56.0,28.0,28.0,17179.94,9949.03,7230.91,514.96,1.68,0.1582,306.78,47.51,235.52,392.3,308.17,336.59,0.5168,179.97,76.22,35.99,395.94,0.4235,0.5162,3.998,4.3954,52.0,0.0,0.0,DOH_DATA_TUNNEL
39.3772,754.0,656.0,98.0,920142.82,867085.84,53056.99,23367.42,19.15,0.8847,1220.35,243.37,855.29,1500.0,1051.67,1098.57,0.369,40.03,10.39,8.01,88.06,0.2596,0.1554,1.99,2.9368,24.0,0.0,0.0,DATA_EXFILTRATION
27.6987,67.0,24.0,43.0,57194.97,11202.26,45992.72,2064.9,2.42,-0.6083,853.66,437.56,197.32,1500.0,833.93,814.99,0.2306,413.41,519.88,82.68,909.51,1.2575,0.12,4.5432,2.5239,12.0,0.0,0.0,BENIGN_WEB
27.8597,1166.0,986.0,180.0,1688397.36,1604338.83,84058.52,60603.65,41.85,0.9004,1448.03,251.29,1071.09,1500.0,1441.21,1383.99,0.5434,45.34,19.3,9.07,99.74,0.4257,0.2765,2.3122,3.7407,20.0,1.0,0.0,DATA_EXFILTRATION
21.3198,74.0,37.0,37.0,24091.98,17218.13,6873.85,1130.03,3.47,0.4294,325.57,81.5,203.32,472.26,338.84,331.92,0.55,213.93,105.29,42.79,470.64,0.4922,0.4951,3.3077,4.2244,32.0,1.0,0.0,DOH_DATA_TUNNEL
43.3528,1297.0,1143.0,154.0,1799439.7,1627012.32,172427.38,41506.86,29.92,0.8084,1387.39,123.72,1201.81,1500.0,1208.24,1357.18,0.549,19.86,6.24,3.97,43.69,0.3141,0.2745,2.0936,3.0646,21.0,0.0,0.0,DATA_EXFILTRATION
14.2353,513.0,427.0,86.0,711932.17,659247.38,52684.79,50011.8,36.04,0.852,1387.78,269.22,983.95,1500.0,1563.42,1525.22,0.4658,38.27,17.86,7.65,84.2,0.4667,0.1509,2.1989,3.43,27.0,1.0,0.0,DATA_EXFILTRATION
13.8393,899.0,776.0,123.0,1171221.95,1062963.33,108258.62,84629.97,64.96,0.8151,1302.81,180.54,1032.0,1500.0,1366.49,1206.15,0.4638,9.95,4.79,1.99,21.89,0.4816,0.2561,2.6222,3.6661,26.0,1.0,1.0,DATA_EXFILTRATION
17.2502,33.0,12.0,21.0,24752.41,3630.44,21121.97,1434.91,1.91,-0.7067,750.07,394.0,159.08,1459.27,794.38,750.16,0.6178,522.73,443.51,104.55,1150.01,0.8484,0.134,4.726,2.3567,19.0,0.0,0.0,BENIGN_WEB
21.1269,23.0,8.0,15.0,17428.67,4451.74,12976.93,824.95,1.09,-0.4891,757.77,494.74,40.0,1500.0,665.11,758.34,0.294,918.56,1281.06,183.71,2020.84,1.3946,0.0294,5.0469,2.4426,15.0,0.0,0.0,BENIGN_WEB
11.4334,55.0,27.0,28.0,21596.58,12560.21,9036.38,1888.9,4.81,0.1632,392.67,54.89,310.33,491.47,338.18,441.66,0.4367,182.69,70.19,36.54,401.92,0.3842,0.7101,4.0004,3.9531,36.0,0.0,0.0,DOH_DATA_TUNNEL
35.0748,84.0,42.0,42.0,20501.78,15580.74,4921.04,584.52,2.39,0.5199,244.07,39.81,184.36,315.72,277.7,260.32,0.5569,69.96,29.24,13.99,153.91,0.418,0.6826,3.3083,4.1474,49.0,1.0,0.0,DOH_DATA_TUNNEL
10.9868,32.0,10.0,22.0,24293.59,3035.91,21257.68,2211.16,2.91,-0.7501,759.17,357.84,222.41,1403.29,799.71,791.6,0.3891,343.34,406.59,68.67,755.34,1.1842,0.0629,3.9719,2.4684,10.0,0.0,0.0,BENIGN_WEB
27.6868,80.0,30.0,50.0,76329.51,14623.43,61706.08,2756.89,2.89,-0.6168,954.12,441.49,291.88,1500.0,890.68,977.84,0.373,346.09,328.13,69.22,761.39,0.9481,0.086,4.8399,2.8339,13.0,0.0,0.0,BENIGN_WEB
30.1511,1180.0,1078.0,102.0,1679018.38,1513696.83,165321.55,55686.77,39.14,0.8031,1422.9,265.25,1025.02,1500.0,1340.93,1378.41,0.4185,36.21,13.12,7.24,79.67,0.3622,0.2719,2.3328,3.554,19.0,0.0,0.0,DATA_EXFILTRATION
14.0781,42.0,14.0,28.0,33873.73,6539.74,27333.99,2406.13,2.98,-0.6139,806.52,434.56,154.67,1500.0,767.36,761.06,0.5646,335.19,512.25,67.04,737.42,1.5282,0.1073,3.9894,2.8177,11.0,0.0,0.0,BENIGN_WEB
13.7657,24.0,7.0,17.0,16786.96,3685.42,13101.54,1219.48,1.74,-0.5609,699.46,500.18,40.0,1500.0,651.29,739.46,0.4446,573.57,590.82,114.71,1261.85,1.0301,0.1174,4.3426,2.6043,13.0,0.0,0.0,BENIGN_WEB
30.7818,77.0,38.0,39.0,28139.94,21053.51,7086.43,914.18,2.5,0.4963,365.45,45.3,297.51,446.99,352.58,311.89,0.2442,200.07,56.84,40.01,440.16,0.2841,0.609,3.2487,3.8915,53.0,0.0,0.0,DOH_DATA_TUNNEL
2.0172,62.0,17.0,45.0,46158.12,13161.58,32996.53,22882.41,30.74,-0.4297,744.49,568.95,40.0,1500.0,833.9,726.84,0.4714,32.54,44.27,6.51,71.58,1.3608,0.1302,4.4401,2.1348,15.0,0.0,0.0,BENIGN_WEB
11.2043,81.0,32.0,49.0,75413.34,11761.05,63652.3,6730.77,7.23,-0.6881,931.03,358.77,392.88,1500.0,914.54,872.39,0.3872,138.32,173.12,27.66,304.31,1.2515,0.0847,4.4361,2.6659,20.0,0.0,0.0,BENIGN_WEB
14.672,80.0,30.0,50.0,72854.55,12808.74,60045.81,4965.54,5.45,-0.6484,910.68,506.27,151.28,1500.0,803.83,908.0,0.5829,183.4,201.89,36.68,403.48,1.1008,0.0255,3.7896,2.3107,13.0,0.0,0.0,BENIGN_WEB
49.3415,408.0,374.0,34.0,534034.86,511742.54,22292.32,10823.24,8.27,0.9165,1308.91,236.43,954.27,1500.0,1189.09,1347.44,0.2573,23.45,7.53,4.69,51.6,0.3212,0.1538,2.0249,3.7269,28.0,1.0,0.0,DATA_EXFILTRATION
42.3967,1388.0,1115.0,273.0,1830907.13,1635142.36,195764.77,43185.12,32.74,0.7862,1319.1,144.55,1102.28,1500.0,1272.29,1200.95,0.2938,45.34,15.23,9.07,99.74,0.336,0.2714,1.9787,3.301,16.0,1.0,0.0,DATA_EXFILTRATION
33.6239,133.0,66.0,67.0,52042.8,38036.9,14005.89,1547.79,3.96,0.4618,391.3,83.16,266.56,540.99,415.85,348.04,0.5303,239.96,118.08,47.99,527.91,0.4921,0.4954,3.1464,4.6332,55.0,0.0,0.0,DOH_DATA_TUNNEL
11.5792,83.0,24.0,59.0,55212.17,5427.62,49784.55,4768.2,7.17,-0.8034,665.21,551.71,40.0,1500.0,699.77,606.13,0.3507,139.51,136.16,27.9,306.92,0.976,0.0223,3.8272,2.7301,15.0,0.0,0.0,BENIGN_WEB
26.587,159.0,79.0,80.0,47127.81,34510.14,12617.67,1772.59,5.98,0.4645,296.4,69.09,192.77,420.76,294.87,286.7,0.3192,78.4,28.28,15.68,172.48,0.3607,0.4439,3.7071,4.2983,53.0,1.0,0.0,DOH_DATA_TUNNEL
18.1046,27.0,9.0,18.0,25606.19,5972.06,19634.13,1414.35,1.49,-0.5335,948.38,575.1,85.73,1500.0,892.87,978.02,0.3269,670.54,886.75,134.11,1475.19,1.3224,0.0636,3.8052,2.3073,16.0,0.0,0.0,BENIGN_WEB
10.6381,125.0,62.0,63.0,51913.37,31205.43,20707.94,4879.96,11.75,0.2022,415.31,59.26,326.41,521.98,357.33,403.84,0.4858,170.73,70.71,34.15,375.6,0.4142,0.6845,3.9748,4.3515,42.0,0.0,0.0,DOH_DATA_TUNNEL
6.2603,58.0,20.0,38.0,51599.13,5680.13,45919.0,8242.24,9.26,-0.7798,889.64,572.32,40.0,1500.0,760.15,876.69,0.5972,107.94,167.22,21.59,237.46,1.5493,0.0707,3.7123,2.4108,10.0,0.0,0.0,BENIGN_WEB
37.2347,268.0,245.0,23.0,374544.19,366108.41,8435.78,10059.0,7.2,0.955,1397.55,127.92,1205.68,1500.0,1266.99,1526.74,0.5811,34.85,19.61,6.97,76.68,0.5628,0.201,2.0855,3.6175,19.0,1.0,1.0,DATA_EXFILTRATION
2.1178,43.0,14.0,29.0,40964.51,7163.84,33800.68,19342.83,20.3,-0.6502,952.66,523.73,167.06,1500.0,1016.64,981.34,0.342,49.25,78.21,9.85,108.35,1.588,0.0544,4.0974,3.0633,20.0,0.0,0.0,BENIGN_WEB
29.9811,82.0,26.0,56.0,73610.76,9309.92,64300.85,2455.24,2.74,-0.7471,897.69,439.09,239.06,1500.0,933.72,1027.46,0.4351,365.62,439.91,73.12,804.37,1.2032,0.0421,5.0208,2.4001,11.0,0.0,0.0,BENIGN_WEB
11.9051,108.0,54.0,54.0,27923.66,20130.04,7793.62,2345.52,9.07,0.4418,258.55,42.96,194.12,335.87,220.67,237.22,0.5509,67.94,18.54,13.59,149.46,0.2729,0.5356,3.2283,4.3942,39.0,0.0,0.0,DOH_DATA_TUNNEL
27.7308,91.0,45.0,46.0,32073.0,21341.54,10731.46,1156.58,3.28,0.3308,352.45,48.9,279.1,440.48,317.25,383.61,0.4333,221.49,68.96,44.3,487.28,0.3114,0.5678,3.413,3.8784,30.0,0.0,0.0,DOH_DATA_TUNNEL
28.2949,70.0,20.0,50.0,53835.34,5743.76,48091.57,1902.65,2.47,-0.7866,769.08,430.52,123.29,1500.0,669.39,705.19,0.2627,404.21,463.64,80.84,889.27,1.147,0.0635,4.1821,2.7376,16.0,0.0,0.0,BENIGN_WEB
34.4514,176.0,88.0,88.0,43081.15,24852.43,18228.71,1250.49,5.11,0.1537,244.78,75.98,130.81,381.55,247.21,223.08,0.5058,62.19,34.89,12.44,136.81,0.5611,0.4492,3.7281,4.6277,37.0,0.0,0.0,DOH_DATA_TUNNEL
11.1908,63.0,18.0,45.0,52681.68,5053.15,47628.53,4707.58,5.63,-0.8082,836.22,460.67,145.22,1500.0,788.41,732.99,0.589,177.63,133.02,35.53,390.79,0.7489,0.0824,3.7753,3.0154,15.0,0.0,0.0,BENIGN_WEB
11.8057,55.0,20.0,35.0,42399.77,11209.92,31189.84,3591.46,4.66,-0.4712,770.9,359.87,231.11,1418.66,730.72,870.09,0.5411,214.65,203.11,42.93,472.23,0.9462,0.0164,4.5015,2.2454,18.0,0.0,0.0,BENIGN_WEB
19.2307,154.0,77.0,77.0,46999.81,29358.89,17640.92,2444.0,8.01,0.2493,305.19,61.23,213.35,415.41,306.29,330.23,0.5451,146.45,61.18,29.29,322.18,0.4178,0.5583,3.7481,4.2921,56.0,0.0,0.0,DOH_DATA_TUNNEL
6.6196,21.0,7.0,14.0,16559.85,2314.17,14245.68,2501.64,3.17,-0.7205,788.56,401.72,185.99,1500.0,729.21,900.25,0.3329,315.22,496.64,63.04,693.48,1.5755,0.0768,4.6652,2.3957,13.0,0.0,0.0,BENIGN_WEB
34.986,129.0,64.0,65.0,47378.73,34278.79,13099.94,1354.22,3.69,0.447,367.28,78.89,248.94,509.28,380.17,394.23,0.3806,203.66,62.41,40.73,448.06,0.3065,0.5815,3.939,4.2863,44.0,0.0,0.0,DOH_DATA_TUNNEL
16.9084,62.0,31.0,31.0,21019.17,13555.13,7464.04,1243.12,3.67,0.2898,339.02,39.59,279.63,410.28,378.05,305.82,0.4544,238.25,68.52,47.65,524.15,0.2876,0.6738,3.5264,3.8568,34.0,1.0,0.0,DOH_DATA_TUNNEL
42.779,880.0,759.0,121.0,1273234.99,1174119.44,99115.54,29763.06,20.57,0.8443,1446.86,152.44,1218.2,1500.0,1353.83,1328.58,0.439,12.05,3.2,2.41,26.51,0.2656,0.1753,2.2806,3.1371,26.0,1.0,0.0,DATA_EXFILTRATION
33.0124,66.0,33.0,33.0,19999.83,12076.38,7923.45,605.83,2.0,0.2076,303.03,72.78,193.86,434.03,261.25,308.71,0.5689,154.97,49.85,30.99,340.94,0.3217,0.4941,3.1458,4.6081,35.0,0.0,0.0,DOH_DATA_TUNNEL
37.3543,120.0,60.0,60.0,38910.73,23617.89,15292.84,1041.67,3.21,0.214,324.26,73.38,214.19,456.34,322.96,315.61,0.2577,221.58,62.23,44.32,487.49,0.2809,0.6754,4.0433,4.0638,32.0,0.0,0.0,DOH_DATA_TUNNEL
1.8875,76.0,30.0,46.0,54660.39,9747.03,44913.36,28959.29,40.27,-0.6434,719.22,321.43,237.07,1297.79,705.73,690.24,0.4658,24.84,36.9,4.97,54.64,1.4857,0.1273,4.4281,2.8685,9.0,0.0,0.0,BENIGN_WEB
7.2528,57.0,17.0,40.0,36289.17,8835.08,27454.09,5003.47,7.86,-0.5131,636.65,432.22,40.0,1414.66,608.75,620.33,0.4307,127.24,96.54,25.45,279.93,0.7587,0.1104,4.8813,2.6124,12.0,0.0,0.0,BENIGN_WEB
19.4272,79.0,25.0,54.0,61082.54,14618.0,46464.54,3144.17,4.07,-0.5214,773.2,486.03,44.15,1500.0,810.58,845.86,0.4725,245.91,335.75,49.18,541.01,1.3653,0.0718,4.924,2.1486,12.0,0.0,0.0,BENIGN_WEB
16.3432,46.0,14.0,32.0,30571.88,7012.65,23559.24,1870.62,2.81,-0.5412,664.61,530.73,40.0,1500.0,688.89,714.45,0.4788,355.29,341.77,71.06,781.63,0.962,0.0391,4.4186,2.8551,13.0,0.0,0.0,BENIGN_WEB
18.67,45.0,12.0,33.0,37781.92,5778.89,32003.03,2023.67,2.41,-0.6941,839.6,461.74,146.99,1500.0,881.91,889.54,0.4584,414.89,707.27,82.98,912.76,1.7047,0.0631,4.4181,2.7058,11.0,0.0,0.0,BENIGN_WEB
25.5657,50.0,20.0,30.0,40314.81,9171.83,31142.98,1576.91,1.96,-0.545,806.3,328.6,313.4,1397.78,697.3,850.73,0.3159,511.31,736.71,102.26,1124.89,1.4408,0.1027,4.4147,2.877,20.0,0.0,0.0,BENIGN_WEB
8.2072,176.0,88.0,88.0,69712.62,52673.62,17039.0,8494.07,21.44,0.5112,396.09,62.92,301.71,509.35,376.59,412.43,0.1933,74.83,18.2,14.97,164.62,0.2433,0.6474,3.3699,4.3807,57.0,0.0,0.0,DOH_DATA_TUNNEL
30.2959,64.0,26.0,38.0,63795.99,13397.31,50398.68,2105.77,2.11,-0.58,996.81,385.18,419.05,1500.0,1090.28,1015.63,0.3373,473.37,728.01,94.67,1041.42,1.5379,0.0703,4.4871,2.4475,8.0,0.0,0.0,BENIGN_WEB
14.4964,73.0,36.0,37.0,32011.96,22685.79,9326.17,2208.27,5.04,0.4173,438.52,63.72,342.95,553.21,451.02,460.98,0.2118,58.05,18.14,11.61,127.7,0.3125,0.6127,3.2634,4.3167,38.0,1.0,0.0,DOH_DATA_TUNNEL
6.364,29.0,11.0,18.0,29945.76,5866.88,24078.88,4705.46,4.56,-0.6082,1032.61,347.35,511.59,1500.0,1014.51,1140.48,0.4491,219.45,371.58,43.89,482.79,1.6932,0.0689,4.9054,2.272,16.0,0.0,0.0,BENIGN_WEB
13.3302,49.0,17.0,32.0,38816.08,8388.42,30427.66,2911.89,3.68,-0.5678,792.16,355.61,258.74,1432.27,766.47,858.97,0.5877,272.05,244.78,54.41,598.5,0.8998,0.0175,4.2573,2.5796,13.0,0.0,0.0,BENIGN_WEB
19.334,77.0,27.0,50.0,58935.54,11724.94,47210.6,3048.28,3.98,-0.6021,765.4,352.76,236.25,1400.37,724.94,735.41,0.3208,251.09,369.34,50.22,552.4,1.4709,0.108,4.9531,2.6585,18.0,0.0,0.0,BENIGN_WEB
18.8336,115.0,57.0,58.0,52472.74,35362.9,17109.84,2786.12,6.11,0.3479,456.28,78.97,337.83,598.43,443.32,481.02,0.2371,75.49,29.39,15.1,166.07,0.3894,0.7096,3.2033,4.0314,36.0,1.0,0.0,DOH_DATA_TUNNEL
11.2675,1202.0,1096.0,106.0,1645905.89,1539400.61,106505.27,146075.52,106.68,0.8706,1369.31,216.49,1044.58,1500.0,1544.37,1437.23,0.2786,27.97,15.57,5.59,61.53,0.5567,0.1611,2.2726,3.8427,15.0,1.0,0.0,DATA_EXFILTRATION
15.6547,141.0,70.0,71.0,59196.11,36989.58,22206.53,3781.37,9.01,0.2497,419.83,41.56,357.49,494.64,369.31,387.23,0.4672,85.73,30.96,17.15,188.62,0.3611,0.5295,3.202,4.1314,32.0,0.0,0.0,DOH_DATA_TUNNEL
15.7478,114.0,57.0,57.0,44151.95,26661.78,17490.17,2803.69,7.24,0.2077,387.3,68.94,283.89,511.39,409.19,440.42,0.33,142.66,52.52,28.53,313.86,0.3681,0.4726,3.1871,4.0898,58.0,0.0,0.0,DOH_DATA_TUNNEL
9.0208,466.0,415.0,51.0,608732.93,567833.14,40899.79,67481.38,51.66,0.8656,1306.29,177.85,1039.52,1500.0,1202.01,1321.92,0.5564,24.65,11.52,4.93,54.24,0.4672,0.1315,2.1367,3.5925,19.0,0.0,1.0,DATA_EXFILTRATION
5.9806,34.0,14.0,20.0,21706.32,5453.73,16252.59,3629.47,5.69,-0.4975,638.42,476.61,40.0,1496.33,634.02,623.95,0.2975,175.9,246.74,35.18,386.98,1.4027,0.0343,4.505,2.163,13.0,0.0,0.0,BENIGN_WEB
22.4506,135.0,67.0,68.0,46136.6,33746.4,12390.2,2055.03,6.01,0.4629,341.75,73.44,231.59,473.95,357.77,312.15,0.399,226.24,114.5,45.25,497.72,0.5061,0.5339,3.4074,4.412,37.0,0.0,0.0,DOH_DATA_TUNNEL
10.7987,171.0,85.0,86.0,62244.61,41820.31,20424.3,5764.1,15.84,0.3437,364.0,64.89,266.67,480.8,347.59,375.26,0.2137,125.98,49.66,25.2,277.16,0.3942,0.6109,3.8428,3.891,38.0,1.0,0.0,DOH_DATA_TUNNEL
17.9953,19.0,6.0,13.0,15618.94,1423.33,14195.61,867.94,1.06,-0.8177,822.05,430.89,175.72,1500.0,943.21,942.39,0.4001,947.12,740.53,189.42,2083.67,0.7819,0.0116,4.9282,2.2105,14.0,0.0,0.0,BENIGN_WEB
26.6833,162.0,81.0,81.0,70792.57,48021.19,22771.39,2653.07,6.07,0.3567,436.99,71.58,329.62,565.84,387.66,487.97,0.3481,58.07,27.17,11.61,127.75,0.4679,0.6832,3.1366,4.0459,36.0,0.0,0.0,DOH_DATA_TUNNEL
18.6146,76.0,24.0,52.0,60958.21,8986.09,51972.12,3274.76,4.08,-0.7052,802.08,387.15,221.35,1498.96,894.79,854.27,0.3645,244.93,179.18,48.99,538.84,0.7316,0.0231,3.8141,2.7679,19.0,0.0,0.0,BENIGN_WEB
23.6205,68.0,21.0,47.0,63301.11,12859.04,50442.08,2679.93,2.88,-0.5937,930.9,383.97,354.94,1500.0,830.71,901.45,0.5169,347.36,423.86,69.47,764.19,1.2202,0.0594,4.7349,2.8945,21.0,0.0,0.0,BENIGN_WEB
41.8073,42.0,21.0,21.0,13454.3,9585.88,3868.42,321.82,1.0,0.425,320.34,40.02,260.32,392.37,312.58,290.71,0.4367,171.49,72.26,34.3,377.28,0.4214,0.4565,3.4427,4.5874,39.0,0.0,0.0,DOH_DATA_TUNNEL
8.6732,52.0,26.0,26.0,18338.18,12552.44,5785.75,2114.35,6.0,0.369,352.66,46.26,283.26,435.93,366.49,374.56,0.5556,90.59,37.88,18.12,199.31,0.4181,0.6047,3.8093,3.9088,40.0,0.0,0.0,DOH_DATA_TUNNEL
53.6414,459.0,399.0,60.0,661070.13,619963.14,41106.99,12323.88,8.56,0.8756,1440.24,216.33,1115.74,1500.0,1610.79,1247.82,0.5706,20.77,5.02,4.15,45.69,0.2416,0.1201,2.3793,3.5723,19.0,1.0,1.0,DATA_EXFILTRATION
22.9087,84.0,34.0,50.0,90465.99,12294.69,78171.3,3948.98,3.67,-0.7282,1076.98,457.74,390.37,1500.0,1060.15,1146.49,0.5908,272.72,266.57,54.54,599.99,0.9775,0.1191,4.9986,2.1584,9.0,0.0,0.0,BENIGN_WEB
6.2807,34.0,12.0,22.0,36241.91,3549.83,32692.08,5770.36,5.41,-0.8041,1065.94,365.98,516.97,1500.0,1149.62,967.37,0.6072,184.73,177.58,36.95,406.4,0.9613,0.0506,4.7756,2.9248,9.0,0.0,0.0,BENIGN_WEB
13.0454,27.0,10.0,17.0,19879.75,3308.93,16570.82,1523.89,2.07,-0.6671,736.29,343.61,220.88,1354.78,669.96,793.18,0.5283,483.16,438.64,96.63,1062.96,0.9079,0.0675,4.1673,3.0612,17.0,0.0,0.0,BENIGN_WEB
27.2414,170.0,85.0,85.0,40700.96,26083.43,14617.53,1494.08,6.24,0.2817,239.42,50.05,164.34,329.51,232.71,225.82,0.4021,106.19,43.98,21.24,233.61,0.4141,0.7145,3.6042,4.4068,56.0,0.0,0.0,DOH_DATA_TUNNEL
12.1604,49.0,14.0,35.0,38431.03,6761.52,31669.51,3160.33,4.03,-0.6481,784.31,354.73,252.22,1422.82,828.09,874.9,0.361,248.17,311.24,49.63,545.98,1.2541,0.0465,5.0232,2.3539,13.0,0.0,0.0,BENIGN_WEB
40.1705,105.0,52.0,53.0,37791.73,24418.58,13373.16,940.78,2.61,0.2923,359.92,81.64,237.46,506.88,390.6,355.68,0.441,237.4,132.92,47.48,522.29,0.5599,0.4874,4.0298,3.8539,59.0,0.0,0.0,DOH_DATA_TUNNEL
10.537,45.0,22.0,23.0,12988.61,7409.04,5579.56,1232.67,4.27,0.1409,288.64,82.68,164.62,437.46,294.05,272.49,0.5854,114.3,63.38,22.86,251.45,0.5545,0.648,3.6307,4.129,30.0,0.0,0.0,DOH_DATA_TUNNEL
6.8082,80.0,27.0,53.0,73396.8,15084.67,58312.13,10780.72,11.75,-0.589,917.46,496.73,172.36,1500.0,831.09,782.85,0.2376,85.1,77.02,17.02,187.22,0.905,0.0408,3.6095,2.4701,14.0,0.0,0.0,BENIGN_WEB
22.3855,393.0,325.0,68.0,556492.36,509930.41,46561.95,24859.47,17.56,0.8327,1416.01,164.55,1169.18,1500.0,1274.38,1417.58,0.4457,18.7,9.74,3.74,41.13,0.5207,0.2396,1.9856,3.6508,23.0,0.0,0.0,DATA_EXFILTRATION
26.429,42.0,14.0,28.0,30949.2,5529.36,25419.84,1171.03,1.59,-0.6427,736.89,515.19,40.0,1500.0,659.95,641.08,0.3621,629.26,1043.28,125.85,1384.38,1.6579,0.1095,4.4959,2.5715,12.0,0.0,0.0,BENIGN_WEB
22.3724,22.0,7.0,15.0,18316.13,4264.12,14052.0,818.69,0.98,-0.5344,832.55,530.84,40.0,1500.0,790.55,929.78,0.4812,1016.93,1352.6,203.39,2237.24,1.3301,0.1215,4.9716,2.873,17.0,0.0,0.0,BENIGN_WEB
18.5485,16.0,4.0,12.0,11140.19,1323.07,9817.11,600.6,0.86,-0.7625,696.26,493.11,40.0,1500.0,596.74,797.56,0.4426,1159.28,1155.87,231.86,2550.42,0.9971,0.111,4.9789,2.8509,19.0,0.0,0.0,BENIGN_WEB
30.4228,96.0,48.0,48.0,39526.78,24526.11,15000.67,1299.25,3.16,0.241,411.74,36.51,356.97,477.45,454.47,420.96,0.2589,90.59,22.26,18.12,199.31,0.2458,0.4569,3.4802,4.63,40.0,0.0,0.0,DOH_DATA_TUNNEL
19.213,68.0,34.0,34.0,18477.32,11777.61,6699.71,961.71,3.54,0.2748,271.73,42.36,208.19,347.97,242.96,265.35,0.1929,51.62,14.25,10.32,113.57,0.276,0.4793,3.7117,4.3366,34.0,0.0,0.0,DOH_DATA_TUNNEL
23.746,144.0,72.0,72.0,50116.74,32008.54,18108.2,2110.53,6.06,0.2774,348.03,77.9,231.18,488.26,327.54,309.04,0.1977,133.61,73.18,26.72,293.94,0.5477,0.5513,3.4661,4.5926,61.0,0.0,0.0,DOH_DATA_TUNNEL
24.0221,25.0,7.0,18.0,18097.63,3176.86,14920.77,753.37,1.04,-0.6489,723.91,566.24,40.0,1500.0,671.67,680.08,0.4366,960.88,991.31,192.18,2113.95,1.0317,0.0551,4.5691,2.6514,16.0,0.0,0.0,BENIGN_WEB
23.3745,1092.0,937.0,155.0,1497600.03,1418455.87,79144.16,64069.69,46.72,0.8943,1371.43,157.44,1135.27,1500.0,1388.35,1384.85,0.4403,30.48,7.42,6.1,67.05,0.2434,0.2621,2.1475,2.9106,24.0,0.0,0.0,DATA_EXFILTRATION
14.024,472.0,426.0,46.0,599596.63,533739.33,65857.3,42755.09,33.66,0.7803,1270.33,265.64,871.87,1500.0,1392.42,1360.31,0.2179,47.3,22.61,9.46,104.05,0.4781,0.2648,2.4825,3.1906,27.0,1.0,1.0,DATA_EXFILTRATION
36.6882,81.0,40.0,41.0,36329.32,22852.97,13476.35,990.22,2.21,0.2581,448.51,61.14,356.8,558.56,382.48,398.29,0.1939,179.16,82.75,35.83,394.16,0.4619,0.7186,3.7782,3.9254,57.0,1.0,0.0,DOH_DATA_TUNNEL
24.8772,37.0,12.0,25.0,24952.35,7172.63,17779.71,1003.02,1.49,-0.4251,674.39,548.85,40.0,1500.0,650.83,615.52,0.2565,672.36,1119.97,134.47,1479.19,1.6657,0.1213,4.5087,2.6228,20.0,0.0,0.0,BENIGN_WEB
23.9111,44.0,15.0,29.0,37215.24,7093.12,30122.12,1556.4,1.84,-0.6188,845.8,425.19,208.02,1500.0,783.1,808.58,0.3348,543.43,401.52,108.69,1195.55,0.7389,0.1059,4.3562,2.4027,11.0,0.0,0.0,BENIGN_WEB
40.4367,76.0,38.0,38.0,30327.83,18095.35,12232.48,750.01,1.88,0.1933,399.05,69.46,294.87,524.07,419.91,423.77,0.23,48.04,16.7,9.61,105.68,0.3476,0.4265,3.1731,4.3807,34.0,1.0,0.0,DOH_DATA_TUNNEL
18.5065,38.0,19.0,19.0,8978.41,6381.91,2596.5,485.15,2.05,0.4216,236.27,50.01,161.26,326.29,245.01,251.16,0.5661,113.54,56.64,22.71,249.79,0.4989,0.6515,3.8638,4.2738,44.0,0.0,0.0,DOH_DATA_TUNNEL
17.4352,989.0,772.0,217.0,1322272.82,1202339.82,119933.0,75839.17,56.72,0.8186,1336.98,138.73,1128.88,1500.0,1429.23,1522.84,0.4071,35.72,8.2,7.14,78.58,0.2295,0.2335,2.2266,3.0714,17.0,0.0,0.0,DATA_EXFILTRATION
14.1727,41.0,14.0,27.0,33978.0,8511.68,25466.32,2397.42,2.89,-0.499,828.73,452.45,150.06,1500.0,869.87,758.04,0.2114,345.68,535.12,69.14,760.49,1.548,0.0569,4.7253,2.3544,11.0,0.0,0.0,BENIGN_WEB
33.1683,51.0,25.0,26.0,19473.56,12192.77,7280.79,587.11,1.54,0.2522,381.83,66.13,282.64,500.87,340.33,428.83,0.6004,47.54,22.66,9.51,104.59,0.4766,0.5424,3.9695,4.5752,60.0,0.0,0.0,DOH_DATA_TUNNEL
22.0155,34.0,11.0,23.0,30687.8,3714.8,26973.01,1393.92,1.54,-0.7579,902.58,392.26,314.19,1500.0,801.75,919.61,0.3485,647.52,858.41,129.5,1424.53,1.3257,0.0948,5.0507,2.6399,9.0,0.0,0.0,BENIGN_WEB
14.7932,151.0,75.0,76.0,62360.77,46868.11,15492.66,4215.51,10.21,0.5031,412.99,55.26,330.1,512.45,465.88,429.4,0.2811,191.29,86.38,38.26,420.84,0.4516,0.4395,3.2057,4.0891,57.0,1.0,0.0,DOH_DATA_TUNNEL
9.544,39.0,19.0,20.0,13703.06,10401.41,3301.65,1435.78,4.09,0.5181,351.36,54.3,269.92,449.09,327.93,306.52,0.4246,92.93,22.11,18.59,204.46,0.2379,0.6421,3.4982,4.1131,31.0,1.0,0.0,DOH_DATA_TUNNEL
41.9562,98.0,49.0,49.0,42000.04,29414.03,12586.01,1001.04,2.34,0.4007,428.57,42.86,364.29,505.71,458.5,423.79,0.2566,95.94,37.95,19.19,211.06,0.3956,0.5449,4.0286,3.8787,34.0,0.0,0.0,DOH_DATA_TUNNEL
6.7452,53.0,20.0,33.0,36238.11,5239.28,30998.83,5372.43,7.86,-0.7108,683.74,454.69,40.0,1500.0,698.08,646.76,0.203,127.27,136.02,25.45,279.99,1.0688,0.0151,4.1309,2.6967,15.0,0.0,0.0,BENIGN_WEB
54.4344,251.0,222.0,29.0,324133.82,302674.35,21459.47,5954.58,4.61,0.8676,1291.37,157.31,1055.4,1500.0,1474.34,1368.35,0.4422,32.57,12.36,6.51,71.66,0.3794,0.1263,1.971,2.9849,27.0,1.0,0.0,DATA_EXFILTRATION
15.3227,1134.0,902.0,232.0,1558877.17,1512801.99,46075.18,101736.73,74.01,0.9409,1374.67,139.26,1165.77,1500.0,1576.38,1270.12,0.581,23.33,5.36,4.67,51.34,0.2295,0.2181,2.1823,3.8088,26.0,0.0,0.0,DATA_EXFILTRATION
5.8716,82.0,25.0,57.0,66824.31,8366.65,58457.66,11380.85,13.97,-0.7496,814.93,404.39,208.35,1500.0,741.77,813.76,0.432,71.61,81.06,14.32,157.53,1.132,0.0641,4.415,2.1798,21.0,0.0,0.0,BENIGN_WEB
18.3666,30.0,11.0,19.0,25378.25,4630.56,20747.69,1381.76,1.63,-0.6351,845.94,519.77,66.29,1500.0,857.86,728.99,0.5922,612.22,480.04,122.44,1346.88,0.7841,0.0243,4.0878,2.6532,19.0,0.0,0.0,BENIGN_WEB
18.4849,17.0,4.0,13.0,17161.83,3028.63,14133.2,928.42,0.92,-0.6471,1009.52,523.96,223.58,1500.0,934.19,889.9,0.5814,1087.35,1790.5,217.47,2392.16,1.6467,0.0218,4.8832,2.5926,21.0,0.0,0.0,BENIGN_WEB
24.0527,28.0,10.0,18.0,28462.46,6591.88,21870.58,1183.34,1.16,-0.5368,1016.52,323.73,530.92,1500.0,882.76,1047.61,0.2001,859.03,926.47,171.81,1889.86,1.0785,0.1359,3.6652,2.3672,14.0,0.0,0.0,BENIGN_WEB
29.2383,81.0,40.0,41.0,36509.01,21096.04,15412.96,1248.67,2.77,0.1557,450.73,38.8,392.52,520.58,398.11,507.2,0.4693,46.14,19.07,9.23,101.5,0.4134,0.5166,3.9385,4.0256,46.0,0.0,0.0,DOH_DATA_TUNNEL
2.4079,24.0,8.0,16.0,19866.22,3689.05,16177.17,8250.31,9.97,-0.6286,827.76,508.37,65.21,1500.0,911.44,832.82,0.3056,100.33,170.34,20.07,220.73,1.6978,0.0824,3.7049,2.3354,11.0,0.0,0.0,BENIGN_WEB
25.499,32.0,13.0,19.0,24467.06,4807.3,19659.76,959.53,1.25,-0.607,764.6,524.69,40.0,1500.0,728.64,851.32,0.4475,796.84,1146.46,159.37,1753.05,1.4387,0.0385,4.6887,2.4918,10.0,0.0,0.0,BENIGN_WEB
12.3369,15.0,5.0,10.0,10115.66,2452.11,7663.55,819.95,1.22,-0.5152,674.38,559.75,40.0,1500.0,746.37,608.95,0.4286,822.46,1235.71,164.49,1809.41,1.5025,0.1388,3.8413,3.0694,19.0,0.0,0.0,BENIGN_WEB
30.7286,44.0,18.0,26.0,34248.97,6766.99,27481.98,1114.56,1.43,-0.6048,778.39,498.81,40.0,1500.0,878.08,762.74,0.4258,698.38,526.2,139.68,1536.43,0.7535,0.0996,3.9134,2.5913,19.0,0.0,0.0,BENIGN_WEB
6.2481,97.0,48.0,49.0,37294.49,24548.97,12745.53,5968.94,15.52,0.3165,384.48,84.24,258.12,536.1,422.56,415.97,0.3816,196.75,93.85,39.35,432.86,0.477,0.6544,3.4545,3.9628,43.0,1.0,0.0,DOH_DATA_TUNNEL
28.7091,73.0,29.0,44.0,52407.85,14081.54,38326.32,1825.48,2.54,-0.4626,717.92,505.12,40.0,1500.0,792.28,645.1,0.2028,393.28,470.26,78.66,865.21,1.1958,0.1335,5.0305,2.8878,8.0,0.0,0.0,BENIGN_WEB
10.7307,548.0,479.0,69.0,787596.47,755498.75,32097.73,73396.29,51.07,0.9185,1437.22,159.72,1197.64,1500.0,1540.16,1287.45,0.2348,20.02,9.28,4.0,44.04,0.4637,0.1425,2.1116,3.1437,20.0,1.0,0.0,DATA_EXFILTRATION
13.1964,55.0,20.0,35.0,44054.37,11275.03,32779.34,3338.36,4.17,-0.4881,800.99,368.24,248.63,1463.82,882.16,782.21,0.3901,239.93,261.37,47.99,527.86,1.0893,0.1267,3.7518,2.1651,20.0,0.0,0.0,BENIGN_WEB
21.1312,523.0,461.0,62.0,687884.9,665813.42,22071.49,32553.1,24.75,0.9358,1315.27,117.67,1138.77,1500.0,1441.68,1367.22,0.4881,17.87,6.94,3.57,39.3,0.3886,0.2634,2.2363,3.3541,28.0,1.0,0.0,DATA_EXFILTRATION
38.2222,50.0,25.0,25.0,15658.67,9530.38,6128.29,409.68,1.31,0.2173,313.17,35.6,259.77,377.26,344.15,269.28,0.2023,69.07,35.78,13.81,151.96,0.5181,0.5904,3.4691,4.4397,51.0,0.0,0.0,DOH_DATA_TUNNEL
41.8232,45.0,22.0,23.0,16748.11,11482.37,5265.74,400.45,1.08,0.3712,372.18,38.33,314.69,441.17,350.17,414.09,0.3463,228.63,101.44,45.73,502.98,0.4437,0.4226,3.7621,4.0773,30.0,1.0,0.0,DOH_DATA_TUNNEL
21.8335,81.0,28.0,53.0,54946.78,10146.93,44799.85,2516.62,3.71,-0.6307,678.36,390.06,93.27,1380.46,733.57,697.98,0.2975,269.55,451.94,53.91,593.01,1.6767,0.0943,3.8131,2.3195,9.0,0.0,0.0,BENIGN_WEB
41.3299,78.0,39.0,39.0,33794.69,21109.61,12685.07,817.68,1.89,0.2493,433.27,79.7,313.72,576.72,373.84,472.05,0.3365,190.06,96.66,38.01,418.13,0.5086,0.5923,3.1651,4.3921,58.0,0.0,0.0,DOH_DATA_TUNNEL
27.527,434.0,396.0,38.0,609461.32,564178.24,45283.08,22140.52,15.77,0.8514,1404.29,249.5,1030.04,1500.0,1474.89,1547.23,0.3793,37.27,8.74,7.45,81.99,0.2344,0.1375,2.7177,3.4851,18.0,0.0,0.0,DATA_EXFILTRATION
5.3071,40.0,14.0,26.0,25317.86,4742.4,20575.46,4770.53,7.54,-0.6254,632.95,577.35,40.0,1500.0,714.14,687.27,0.4409,132.68,182.17,26.54,291.89,1.3731,0.0678,4.6743,2.663,15.0,0.0,0.0,BENIGN_WEB
27.6126,100.0,50.0,50.0,29694.25,18538.39,11155.86,1075.39,3.62,0.2486,296.94,35.09,244.31,360.1,269.52,274.1,0.4343,188.88,104.21,37.78,415.54,0.5517,0.4303,3.3644,4.238,50.0,0.0,0.0,DOH_DATA_TUNNEL
20.0927,47.0,13.0,34.0,34332.72,3583.8,30748.92,1708.71,2.34,-0.7912,730.48,333.17,230.73,1330.19,659.67,805.21,0.4574,427.51,737.98,85.5,940.51,1.7263,0.0246,4.5408,2.3837,11.0,0.0,0.0,BENIGN_WEB
4.4714,61.0,21.0,40.0,53703.26,6431.64,47271.61,12010.45,13.64,-0.7605,880.38,469.08,176.76,1500.0,981.38,805.85,0.3249,73.3,51.81,14.66,161.26,0.7068,0.0624,4.06,2.7227,10.0,0.0,0.0,BENIGN_WEB
19.9015,52.0,18.0,34.0,46505.42,8224.48,38280.94,2336.78,2.61,-0.6463,894.33,371.59,336.96,1500.0,777.82,909.78,0.6,382.72,273.38,76.54,841.99,0.7143,0.0839,3.6435,2.9897,18.0,0.0,0.0,BENIGN_WEB
41.2046,661.0,528.0,133.0,951714.41,912108.36,39606.05,23097.27,16.04,0.9168,1439.81,175.76,1176.17,1500.0,1238.51,1420.17,0.5627,38.78,14.38,7.76,85.31,0.3707,0.1807,2.5392,3.6546,28.0,1.0,0.0,DATA_EXFILTRATION
48.0493,1162.0,972.0,190.0,1628726.79,1541092.77,87634.02,33896.99,24.18,0.8924,1401.66,186.64,1121.69,1500.0,1347.28,1508.97,0.5782,41.56,25.8,8.31,91.44,0.6209,0.1473,2.0524,3.8347,21.0,1.0,0.0,DATA_EXFILTRATION
13.6882,48.0,14.0,34.0,44831.91,11661.37,33170.54,3275.22,3.51,-0.4798,934.0,555.4,100.9,1500.0,965.93,878.93,0.5791,285.17,403.12,57.03,627.38,1.4136,0.1108,4.4734,2.1465,17.0,0.0,0.0,BENIGN_WEB
27.3948,152.0,76.0,76.0,62712.13,39604.31,23107.83,2289.2,5.55,0.2631,412.58,67.32,311.6,533.75,426.63,368.88,0.1803,80.64,37.11,16.13,177.4,0.4602,0.5916,3.1636,4.6151,34.0,0.0,0.0,DOH_DATA_TUNNEL
18.3556,158.0,79.0,79.0,64820.1,37194.22,27625.88,3531.36,8.61,0.1476,410.25,73.39,300.16,542.36,468.23,353.3,0.2993,86.69,35.12,17.34,190.71,0.4052,0.622,3.446,3.913,47.0,1.0,0.0,DOH_DATA_TUNNEL
26.9812,66.0,23.0,43.0,61389.38,6093.45,55295.93,2275.26,2.45,-0.8015,930.14,458.84,241.89,1500.0,888.06,932.4,0.4362,408.81,475.33,81.76,899.37,1.1627,0.1322,4.2219,2.5881,9.0,0.0,0.0,BENIGN_WEB
11.2473,54.0,21.0,33.0,50035.63,10110.19,39925.44,4448.67,4.8,-0.5959,926.59,375.24,363.72,1500.0,955.12,877.09,0.3523,208.28,157.23,41.66,458.22,0.7549,0.0291,4.5163,2.9278,21.0,0.0,0.0,BENIGN_WEB
30.216,68.0,22.0,46.0,58384.85,9747.68,48637.16,1932.25,2.25,-0.6661,858.6,390.23,273.26,1500.0,851.23,959.02,0.4579,444.35,523.79,88.87,977.58,1.1788,0.0972,4.9614,2.1046,16.0,0.0,0.0,BENIGN_WEB
19.9346,49.0,15.0,34.0,48364.73,13699.5,34665.23,2426.17,2.46,-0.4335,987.04,577.11,121.38,1500.0,971.89,1112.91,0.4821,406.83,351.87,81.37,895.02,0.8649,0.1285,4.4038,2.7989,9.0,0.0,0.0,BENIGN_WEB
25.9358,157.0,78.0,79.0,69223.56,48565.93,20657.62,2669.03,6.05,0.4032,440.91,50.46,365.23,531.74,466.64,397.72,0.4084,221.64,70.19,44.33,487.62,0.3167,0.5727,3.7826,3.9357,48.0,1.0,0.0,DOH_DATA_TUNNEL
28.629,133.0,66.0,67.0,37782.16,25695.56,12086.6,1319.72,4.65,0.3602,284.08,58.79,195.89,389.91,295.31,325.33,0.4606,229.25,67.02,45.85,504.34,0.2923,0.5921,3.9959,3.8716,41.0,1.0,0.0,DOH_DATA_TUNNEL
22.6512,22.0,8.0,14.0,15418.77,2450.17,12968.6,680.7,0.97,-0.6822,700.85,502.54,40.0,1500.0,713.93,785.74,0.1957,1029.6,775.06,205.92,2265.12,0.7528,0.0657,4.6427,2.8713,21.0,0.0,0.0,BENIGN_WEB
31.2327,51.0,17.0,34.0,46801.51,12641.23,34160.28,1498.48,1.63,-0.4598,917.68,558.43,80.03,1500.0,1022.44,791.36,0.2932,612.41,456.07,122.48,1347.29,0.7447,0.1113,4.4477,2.5308,18.0,0.0,0.0,BENIGN_WEB
38.566,474.0,385.0,89.0,677159.33,626877.96,50281.37,17558.44,12.29,0.8515,1428.61,250.9,1052.26,1500.0,1302.19,1512.86,0.3308,21.46,6.64,4.29,47.22,0.3093,0.2599,2.5439,3.7414,15.0,1.0,0.0,DATA_EXFILTRATION
40.3033,121.0,60.0,61.0,32374.2,22735.58,9638.63,803.26,3.0,0.4045,267.56,52.77,188.39,362.55,228.98,294.3,0.3484,208.95,77.47,41.79,459.69,0.3708,0.5618,3.3537,4.0007,46.0,0.0,0.0,DOH_DATA_TUNNEL
33.8463,123.0,61.0,62.0,30701.51,21608.0,9093.5,907.09,3.63,0.4076,249.61,38.76,191.46,319.38,231.44,257.76,0.4302,156.2,49.47,31.24,343.64,0.3167,0.5434,3.6768,4.5039,55.0,0.0,0.0,DOH_DATA_TUNNEL
4.6897,81.0,30.0,51.0,85523.44,14855.98,70667.46,18236.34,17.27,-0.6526,1055.84,570.59,199.95,1500.0,1021.07,1078.36,0.1823,57.9,67.35,11.58,127.38,1.1632,0.1162,4.8434,2.4697,21.0,0.0,0.0,BENIGN_WEB
23.6347,127.0,63.0,64.0,39348.86,23739.73,15609.13,1664.88,5.37,0.2066,309.83,54.81,227.61,408.5,308.26,331.97,0.4005,116.2,44.72,23.24,255.64,0.3848,0.5077,3.1244,4.6031,48.0,0.0,0.0,DOH_DATA_TUNNEL
33.351,49.0,24.0,25.0,12529.96,8475.31,4054.65,375.7,1.47,0.3528,255.71,82.05,132.63,403.41,250.4,237.28,0.253,207.43,58.8,41.49,456.35,0.2835,0.4863,3.6458,4.0425,46.0,0.0,0.0,DOH_DATA_TUNNEL
35.6659,84.0,42.0,42.0,27944.14,18064.32,9879.82,783.5,2.36,0.2929,332.67,58.3,245.22,437.61,311.98,342.91,0.3328,133.11,40.78,26.62,292.83,0.3064,0.6604,3.2377,4.0835,40.0,1.0,0.0,DOH_DATA_TUNNEL
6.4169,134.0,67.0,67.0,60378.66,34831.0,25547.66,9409.33,20.88,0.1538,450.59,67.3,349.64,571.72,459.31,517.25,0.5763,72.1,41.52,14.42,158.62,0.5759,0.5547,3.1342,3.9097,56.0,0.0,0.0,DOH_DATA_TUNNEL
6.6512,109.0,54.0,55.0,42319.28,27269.66,15049.62,6362.7,16.39,0.2888,388.25,36.59,333.37,454.1,333.83,388.41,0.5131,63.6,24.89,12.72,139.93,0.3913,0.4316,3.1363,3.9036,42.0,0.0,0.0,DOH_DATA_TUNNEL
28.453,59.0,20.0,39.0,49668.99,6508.68,43160.31,1745.65,2.07,-0.7379,841.85,365.94,292.93,1500.0,917.34,720.49,0.3178,482.25,814.86,96.45,1060.96,1.6897,0.0918,3.8689,2.6777,18.0,0.0,0.0,BENIGN_WEB
6.0474,20.0,5.0,15.0,20426.72,3713.73,16712.99,3377.75,3.31,-0.6364,1021.34,356.44,486.67,1500.0,1156.16,1151.59,0.507,302.37,511.39,60.47,665.22,1.6912,0.0713,4.2386,2.8621,10.0,0.0,0.0,BENIGN_WEB
36.1666,983.0,770.0,213.0,1245529.8,1134655.11,110874.68,34438.69,27.18,0.822,1267.07,277.98,850.09,1500.0,1318.91,1338.83,0.44,39.0,8.77,7.8,85.8,0.2248,0.1717,2.4893,3.1927,20.0,0.0,1.0,DATA_EXFILTRATION
29.9684,148.0,74.0,74.0,50769.02,33360.56,17408.45,1694.09,4.94,0.3142,343.03,73.33,233.04,475.03,350.95,344.95,0.2219,97.09,44.94,19.42,213.59,0.4628,0.5079,3.4036,4.4596,54.0,0.0,0.0,DOH_DATA_TUNNEL
8.4177,216.0,197.0,19.0,273333.48,252641.48,20692.0,32471.32,25.66,0.8486,1265.43,277.08,849.81,1500.0,1198.08,1379.91,0.603,19.64,10.58,3.93,43.22,0.5385,0.266,1.9898,3.1691,28.0,0.0,0.0,DATA_EXFILTRATION
27.6474,71.0,21.0,50.0,74318.09,13021.29,61296.8,2688.07,2.57,-0.6496,1046.73,378.48,479.02,1500.0,971.88,935.28,0.5821,389.4,394.21,77.88,856.68,1.0123,0.0796,4.1559,2.4238,12.0,0.0,0.0,BENIGN_WEB
23.0464,23.0,9.0,14.0,20608.42,1927.89,18680.52,894.22,1.0,-0.8129,896.02,431.42,248.89,1500.0,947.77,882.88,0.4097,1002.02,999.2,200.4,2204.44,0.9972,0.0127,4.598,2.8017,13.0,0.0,0.0,BENIGN_WEB
11.4712,149.0,74.0,75.0,47413.94,32511.31,14902.63,4133.31,12.99,0.3714,318.21,60.95,226.79,427.92,363.82,292.59,0.5911,209.51,46.17,41.9,460.92,0.2204,0.4715,3.1557,4.0234,47.0,0.0,0.0,DOH_DATA_TUNNEL
19.3812,766.0,702.0,64.0,1028493.77,935254.21,93239.57,53066.6,39.52,0.8187,1342.68,186.63,1062.74,1500.0,1181.43,1289.65,0.5658,43.38,13.08,8.68,95.44,0.3016,0.1251,2.0979,3.6501,16.0,1.0,0.0,DATA_EXFILTRATION
29.8452,37.0,11.0,26.0,26223.58,3652.87,22570.71,878.65,1.24,-0.7214,708.75,371.69,151.21,1377.79,741.64,793.36,0.3418,806.63,1200.67,161.33,1774.58,1.4885,0.0119,4.546,2.6829,17.0,0.0,0.0,BENIGN_WEB
13.2015,24.0,9.0,15.0,16679.87,1601.62,15078.26,1263.49,1.82,-0.808,694.99,549.18,40.0,1500.0,620.21,655.55,0.4533,550.06,417.15,110.01,1210.14,0.7584,0.1196,4.205,2.9117,10.0,0.0,0.0,BENIGN_WEB
13.4065,159.0,79.0,80.0,40089.51,22563.11,17526.4,2990.31,11.86,0.1256,252.14,41.15,190.4,326.21,264.63,232.28,0.4398,45.69,22.77,9.14,100.53,0.4983,0.5379,3.8502,4.0415,44.0,0.0,0.0,DOH_DATA_TUNNEL
22.6126,70.0,24.0,46.0,72872.59,9164.61,63707.98,3222.66,3.1,-0.7485,1041.04,360.48,500.32,1500.0,1035.38,1195.91,0.4277,323.04,483.28,64.61,710.68,1.4961,0.1154,3.7832,3.0438,21.0,0.0,0.0,BENIGN_WEB
10.9761,73.0,28.0,45.0,65015.35,16415.18,48600.18,5923.36,6.65,-0.495,890.62,444.28,224.19,1500.0,957.72,962.67,0.1906,150.36,242.18,30.07,330.79,1.6107,0.0207,4.4386,2.6005,11.0,0.0,0.0,BENIGN_WEB
37.932,442.0,348.0,94.0,640558.0,579348.94,61209.06,16887.03,11.65,0.8089,1449.23,221.51,1116.96,1500.0,1485.65,1332.45,0.6046,12.9,4.97,2.58,28.39,0.3849,0.1226,2.0063,3.3286,23.0,0.0,0.0,DATA_EXFILTRATION
10.6059,75.0,22.0,53.0,67660.22,19135.28,48524.95,6379.51,7.07,-0.4344,902.14,388.62,319.21,1500.0,888.13,993.24,0.3561,141.41,121.64,28.28,311.11,0.8602,0.1169,4.8814,3.0198,10.0,0.0,0.0,BENIGN_WEB
13.8462,69.0,26.0,43.0,61918.4,13357.8,48560.6,4471.88,4.98,-0.5685,897.37,542.9,83.02,1500.0,840.37,808.45,0.4687,200.67,286.39,40.13,441.47,1.4272,0.0787,4.0519,2.3405,21.0,0.0,0.0,BENIGN_WEB
44.9137,563.0,467.0,96.0,814579.68,750414.04,64165.63,18136.56,12.54,0.8425,1446.86,143.73,1231.25,1500.0,1367.25,1308.26,0.2141,13.34,5.94,2.67,29.36,0.4453,0.2214,2.2804,3.5368,15.0,1.0,1.0,DATA_EXFILTRATION
26.5277,59.0,29.0,30.0,15620.44,9324.11,6296.33,588.84,2.22,0.1938,264.75,52.54,185.94,359.33,283.21,251.55,0.3327,233.96,109.07,46.79,514.71,0.4662,0.5438,3.4026,4.3247,46.0,0.0,0.0,DOH_DATA_TUNNEL
50.1189,548.0,449.0,99.0,683073.46,632893.11,50180.34,13629.05,10.93,0.8531,1246.48,218.76,918.34,1500.0,1420.82,1210.26,0.4387,31.69,8.78,6.34,69.71,0.2772,0.1945,2.7846,3.6806,28.0,1.0,0.0,DATA_EXFILTRATION
30.6189,71.0,26.0,45.0,74794.5,19093.58,55700.91,2442.75,2.32,-0.4894,1053.44,324.27,567.04,1500.0,959.3,903.84,0.5466,431.25,424.68,86.25,948.76,0.9848,0.0714,3.6724,2.3708,19.0,0.0,0.0,BENIGN_WEB
35.9646,174.0,87.0,87.0,68753.23,42124.24,26628.98,1911.69,4.84,0.2254,395.13,83.94,269.22,546.23,393.37,422.03,0.5601,193.1,74.44,38.62,424.83,0.3855,0.6078,3.1566,4.1175,60.0,0.0,0.0,DOH_DATA_TUNNEL
37.0976,134.0,67.0,67.0,53191.6,39133.35,14058.25,1433.83,3.61,0.4714,396.95,76.66,281.96,534.94,385.33,354.25,0.4525,184.9,46.65,36.98,406.77,0.2523,0.5164,3.6387,4.3896,57.0,0.0,0.0,DOH_DATA_TUNNEL
21.8646,49.0,24.0,25.0,18786.02,11951.97,6834.05,859.2,2.24,0.2724,383.39,57.35,297.36,486.62,440.19,332.58,0.5909,236.32,121.8,47.26,519.9,0.5154,0.532,4.0627,4.5043,32.0,1.0,0.0,DOH_DATA_TUNNEL
38.2032,1438.0,1215.0,223.0,1779926.65,1670693.97,109232.68,46591.0,37.64,0.8773,1237.78,222.97,903.32,1500.0,1324.73,1290.63,0.3511,14.03,5.81,2.81,30.87,0.4138,0.1549,2.1937,3.4018,16.0,1.0,1.0,DATA_EXFILTRATION
24.7332,56.0,28.0,28.0,13205.27,7941.47,5263.81,533.91,2.26,0.2028,235.81,41.73,173.22,310.92,269.5,262.04,0.4787,45.09,14.21,9.02,99.21,0.315,0.5904,3.9912,4.0268,46.0,0.0,0.0,DOH_DATA_TUNNEL
22.5781,84.0,26.0,58.0,52905.14,6436.37,46468.76,2343.21,3.72,-0.7567,629.82,396.01,40.0,1342.64,620.83,558.59,0.4055,268.79,245.55,53.76,591.33,0.9135,0.0857,3.7845,2.7063,15.0,0.0,0.0,BENIGN_WEB
49.4005,155.0,135.0,20.0,208580.23,197342.67,11237.56,4222.23,3.14,0.8922,1345.68,202.57,1041.83,1500.0,1361.4,1194.13,0.3737,10.89,3.12,2.18,23.96,0.2862,0.236,2.2626,3.6791,15.0,0.0,0.0,DATA_EXFILTRATION
27.5521,67.0,20.0,47.0,67705.35,19205.67,48499.68,2457.36,2.43,-0.4327,1010.53,521.43,228.38,1500.0,882.74,1105.89,0.6133,411.22,438.02,82.24,904.69,1.0652,0.0807,4.0203,2.3516,17.0,0.0,0.0,BENIGN_WEB
21.8188,48.0,15.0,33.0,49625.63,10513.95,39111.68,2274.44,2.2,-0.5763,1033.87,383.48,458.65,1500.0,1073.15,1051.81,0.2148,454.56,515.05,90.91,1000.03,1.1331,0.0439,3.8585,2.3369,21.0,0.0,0.0,BENIGN_WEB
25.4829,760.0,621.0,139.0,1056443.4,1001799.2,54644.2,41456.96,29.82,0.8966,1390.06,185.85,1111.28,1500.0,1392.19,1194.46,0.4071,15.29,3.49,3.06,33.64,0.228,0.2035,2.6609,3.604,21.0,1.0,0.0,DATA_EXFILTRATION
39.8661,130.0,65.0,65.0,49418.5,34176.96,15241.54,1239.61,3.26,0.3832,380.14,53.2,300.34,475.91,344.77,422.01,0.3433,105.96,24.68,21.19,233.12,0.2329,0.5515,3.7152,3.9156,51.0,1.0,0.0,DOH_DATA_TUNNEL
15.3158,21.0,7.0,14.0,13370.42,1418.58,11951.84,872.98,1.37,-0.7878,636.69,568.85,40.0,1500.0,624.44,648.72,0.4827,729.33,1250.82,145.87,1604.52,1.715,0.0373,4.7567,2.5716,9.0,0.0,0.0,BENIGN_WEB
16.6085,71.0,26.0,45.0,65770.88,13042.37,52728.52,3960.06,4.27,-0.6034,926.35,471.59,218.97,1500.0,958.28,1017.73,0.5348,233.92,382.39,46.78,514.63,1.6347,0.1143,4.4677,2.646,14.0,0.0,0.0,BENIGN_WEB
21.6122,448.0,359.0,89.0,557965.91,528467.84,29498.07,25817.19,20.73,0.8943,1245.46,239.57,886.11,1500.0,1164.94,1301.15,0.2165,32.21,20.15,6.44,70.87,0.6255,0.2397,2.5444,3.4261,26.0,0.0,1.0,DATA_EXFILTRATION
9.9432,84.0,26.0,58.0,69410.79,17834.04,51576.75,6980.74,8.45,-0.4861,826.32,471.35,119.29,1500.0,800.9,854.05,0.3139,118.37,180.19,23.67,260.42,1.5223,0.0554,4.2199,2.9522,10.0,0.0,0.0,BENIGN_WEB
36.2265,138.0,69.0,69.0,40905.82,24991.84,15913.99,1129.17,3.81,0.2219,296.42,59.53,207.13,403.57,261.22,302.09,0.5058,180.11,63.86,36.02,396.24,0.3546,0.4559,3.2461,4.0979,39.0,0.0,0.0,DOH_DATA_TUNNEL
7.2938,35.0,10.0,25.0,32770.49,5430.31,27340.18,4492.9,4.8,-0.6686,936.3,503.79,180.61,1500.0,982.19,959.51,0.5703,208.4,264.0,41.68,458.47,1.2668,0.0711,4.6895,2.9826,10.0,0.0,0.0,BENIGN_WEB
31.5325,23.0,7.0,16.0,15061.1,3601.12,11459.98,477.64,0.73,-0.5218,654.83,435.38,40.0,1438.51,678.77,722.73,0.2041,1370.98,2047.35,274.2,3016.15,1.4934,0.016,3.8916,2.9904,8.0,0.0,0.0,BENIGN_WEB
25.082,55.0,22.0,33.0,35266.47,5404.61,29861.87,1406.05,2.19,-0.6935,641.21,377.96,74.26,1321.54,602.63,695.33,0.5017,456.04,791.05,91.21,1003.28,1.7346,0.1342,3.9749,2.4091,21.0,0.0,0.0,BENIGN_WEB
10.5018,55.0,15.0,40.0,43303.34,4638.68,38664.66,4123.4,5.24,-0.7858,787.33,412.47,168.62,1500.0,756.24,757.0,0.3982,190.94,222.9,38.19,420.07,1.1674,0.0131,4.096,3.0313,15.0,0.0,0.0,BENIGN_WEB
11.4421,55.0,19.0,36.0,49843.27,5893.48,43949.79,4356.11,4.81,-0.7635,906.24,418.51,278.47,1500.0,864.09,837.65,0.4027,208.04,304.07,41.61,457.69,1.4616,0.1306,4.6678,2.8856,12.0,0.0,0.0,BENIGN_WEB
37.2717,167.0,83.0,84.0,76607.79,52320.98,24286.8,2055.39,4.48,0.3659,458.73,65.09,361.09,575.9,483.55,470.96,0.4931,205.63,95.54,41.13,452.38,0.4646,0.5126,3.1143,4.3563,44.0,0.0,0.0,DOH_DATA_TUNNEL
30.9034,1525.0,1236.0,289.0,2109527.63,2056929.15,52598.48,68261.96,49.35,0.9501,1383.3,205.67,1074.8,1500.0,1198.71,1177.47,0.4236,11.88,3.54,2.38,26.13,0.2984,0.1346,2.8008,3.3727,23.0,1.0,0.0,DATA_EXFILTRATION
27.4569,77.0,25.0,52.0,71750.39,12939.98,58810.4,2613.2,2.8,-0.6393,931.82,516.34,157.32,1500.0,820.94,858.8,0.345,356.58,279.35,71.32,784.48,0.7834,0.1015,4.8743,3.0388,11.0,0.0,0.0,BENIGN_WEB
4.1412,76.0,28.0,48.0,72550.42,19559.27,52991.14,17519.08,18.35,-0.4608,954.61,577.9,87.77,1500.0,995.76,845.49,0.2416,54.49,68.58,10.9,119.88,1.2587,0.0391,4.0376,2.6074,9.0,0.0,0.0,BENIGN_WEB
13.9265,49.0,19.0,30.0,32537.54,7306.91,25230.63,2336.38,3.52,-0.5509,664.03,480.78,40.0,1500.0,669.62,711.73,0.4935,284.21,366.3,56.84,625.27,1.2888,0.0717,4.3244,2.8814,10.0,0.0,0.0,BENIGN_WEB
25.2961,108.0,54.0,54.0,35332.48,19844.08,15488.4,1396.76,4.27,0.1233,327.15,41.64,264.69,402.1,308.57,280.04,0.3707,126.43,64.51,25.29,278.14,0.5103,0.5838,3.3514,4.5232,46.0,0.0,0.0,DOH_DATA_TUNNEL
21.0757,21.0,6.0,15.0,15592.94,2043.62,13549.32,739.85,1.0,-0.7379,742.52,504.63,40.0,1500.0,731.84,743.8,0.5926,1003.61,1311.74,200.72,2207.93,1.307,0.0376,5.0013,2.7066,9.0,0.0,0.0,BENIGN_WEB
18.1563,72.0,26.0,46.0,67840.88,6299.81,61541.08,3736.49,3.97,-0.8143,942.23,368.74,389.12,1500.0,901.29,907.7,0.2538,252.17,400.57,50.43,554.78,1.5885,0.09,4.2072,2.2556,12.0,0.0,0.0,BENIGN_WEB
27.8323,50.0,14.0,36.0,50444.04,13501.16,36942.88,1812.43,1.8,-0.4647,1008.88,416.33,384.39,1500.0,1075.29,989.41,0.4348,556.65,870.2,111.33,1224.62,1.5633,0.0374,3.6802,2.9292,20.0,0.0,0.0,BENIGN_WEB
17.2343,62.0,31.0,31.0,21578.97,16256.92,5322.05,1252.1,3.6,0.5067,348.05,37.64,291.58,415.81,327.47,361.69,0.2895,125.78,52.83,25.16,276.72,0.42,0.5273,3.1784,4.3973,51.0,1.0,0.0,DOH_DATA_TUNNEL
33.3449,80.0,40.0,40.0,22995.02,16783.57,6211.45,689.61,2.4,0.4598,287.44,45.37,219.38,369.11,280.92,252.01,0.2438,59.54,26.64,11.91,130.99,0.4474,0.5644,3.1198,3.8594,47.0,1.0,0.0,DOH_DATA_TUNNEL
11.8319,85.0,42.0,43.0,32480.38,21245.05,11235.33,2745.16,7.18,0.3082,382.12,78.53,264.33,523.47,395.86,399.31,0.5313,87.29,26.67,17.46,192.04,0.3055,0.5448,3.6468,4.39,40.0,0.0,0.0,DOH_DATA_TUNNEL
32.9815,170.0,85.0,85.0,72252.84,47352.1,24900.74,2190.71,5.15,0.3107,425.02,77.66,308.53,564.81,365.76,373.66,0.6178,140.0,59.43,28.0,308.0,0.4245,0.4646,3.1711,4.0293,54.0,0.0,0.0,DOH_DATA_TUNNEL
40.5757,46.0,23.0,23.0,16320.08,9918.01,6402.08,402.21,1.13,0.2154,354.78,83.27,229.88,504.67,353.51,345.04,0.4791,207.47,72.98,41.49,456.43,0.3518,0.5364,4.0684,3.9652,32.0,0.0,0.0,DOH_DATA_TUNNEL
29.1651,37.0,14.0,23.0,27875.93,5420.51,22455.42,955.8,1.27,-0.6111,753.4,373.27,193.5,1425.29,747.31,825.07,0.4841,788.25,598.75,157.65,1734.14,0.7596,0.1039,3.7607,3.079,13.0,0.0,0.0,BENIGN_WEB
29.6287,76.0,25.0,51.0,49482.99,13696.03,35786.96,1670.11,2.57,-0.4464,651.09,559.13,40.0,1500.0,639.64,619.93,0.3373,389.85,335.53,77.97,857.67,0.8607,0.0227,3.6607,2.3944,8.0,0.0,0.0,BENIGN_WEB
16.0623,70.0,27.0,43.0,61414.47,17699.52,43714.95,3823.51,4.36,-0.4236,877.35,540.36,66.81,1500.0,984.83,999.44,0.4386,229.46,266.48,45.89,504.82,1.1613,0.0183,4.3532,2.1713,13.0,0.0,0.0,BENIGN_WEB
37.2321,1202.0,949.0,253.0,1586872.44,1530837.21,56035.23,42621.06,32.28,0.9294,1320.19,264.48,923.48,1500.0,1386.73,1500.06,0.3525,46.11,14.7,9.22,101.45,0.3188,0.1344,2.2397,3.2827,27.0,1.0,0.0,DATA_EXFILTRATION
37.0407,146.0,73.0,73.0,46484.15,26692.62,19791.53,1254.95,3.94,0.1485,318.38,82.81,194.17,467.45,292.46,330.07,0.3214,237.76,129.9,47.55,523.07,0.5464,0.595,3.3831,4.4015,38.0,0.0,0.0,DOH_DATA_TUNNEL
24.4453,36.0,18.0,18.0,14040.62,10474.31,3566.31,574.37,1.47,0.492,390.02,48.99,316.53,478.2,444.03,422.33,0.2426,114.72,48.41,22.94,252.38,0.422,0.6455,3.4934,4.1521,46.0,1.0,0.0,DOH_DATA_TUNNEL
27.0377,63.0,21.0,42.0,49009.46,5265.71,43743.75,1812.64,2.33,-0.7851,777.93,358.24,240.56,1422.77,775.27,777.65,0.1978,429.17,723.72,85.83,944.17,1.6863,0.1191,3.8674,2.9858,20.0,0.0,0.0,BENIGN_WEB
31.9953,79.0,31.0,48.0,51373.45,12452.54,38920.91,1605.66,2.47,-0.5152,650.3,565.71,40.0,1500.0,709.39,636.24,0.4108,405.0,399.95,81.0,891.01,0.9875,0.015,4.2241,2.7816,18.0,0.0,0.0,BENIGN_WEB
13.4497,52.0,26.0,26.0,17148.67,12523.49,4625.18,1275.02,3.87,0.4606,329.78,82.44,206.12,478.18,321.04,308.45,0.558,152.79,60.45,30.56,336.15,0.3956,0.6883,3.1325,4.0903,37.0,1.0,0.0,DOH_DATA_TUNNEL
20.5083,63.0,24.0,39.0,50562.13,11611.56,38950.57,2465.45,3.07,-0.5407,802.57,561.89,40.0,1500.0,687.6,694.45,0.3268,325.53,547.22,65.11,716.16,1.681,0.1043,4.7426,2.8471,12.0,0.0,0.0,BENIGN_WEB
23.4221,795.0,645.0,150.0,990316.89,975267.8,15049.08,42281.38,33.94,0.9696,1245.68,205.58,937.31,1500.0,1181.84,1289.69,0.6195,43.38,11.67,8.68,95.44,0.2689,0.151,2.8768,3.5889,24.0,1.0,0.0,DATA_EXFILTRATION
11.7155,46.0,15.0,31.0,33404.15,5825.49,27578.66,2851.29,3.93,-0.6512,726.18,444.75,59.06,1500.0,680.39,751.67,0.2928,254.68,296.05,50.94,560.3,1.1624,0.0303,4.6546,2.1178,19.0,0.0,0.0,BENIGN_WEB
25.134,116.0,58.0,58.0,51324.4,35035.2,16289.2,2042.03,4.62,0.3652,442.45,84.81,315.24,595.1,445.68,473.66,0.3724,67.81,29.44,13.56,149.19,0.4341,0.5276,4.0625,4.0629,61.0,1.0,0.0,DOH_DATA_TUNNEL
9.0166,33.0,11.0,22.0,22931.46,6006.56,16924.9,2543.25,3.66,-0.4761,694.89,518.24,40.0,1500.0,762.79,732.44,0.5012,273.23,322.07,54.65,601.11,1.1788,0.0378,4.5847,2.8398,8.0,0.0,0.0,BENIGN_WEB
21.1663,58.0,23.0,35.0,47727.36,5530.52,42196.84,2254.88,2.74,-0.7682,822.89,439.36,163.84,1500.0,729.52,860.85,0.4437,364.94,322.8,72.99,802.86,0.8845,0.0414,4.7503,2.6737,15.0,0.0,0.0,BENIGN_WEB
16.8258,25.0,9.0,16.0,18454.67,2704.85,15749.82,1096.81,1.49,-0.7069,738.19,459.8,48.49,1500.0,836.42,731.13,0.441,673.03,953.16,134.61,1480.67,1.4162,0.0192,4.8366,2.7716,10.0,0.0,0.0,BENIGN_WEB
21.9391,137.0,68.0,69.0,55460.2,37133.36,18326.84,2527.92,6.24,0.3391,404.82,66.36,305.28,524.26,454.43,431.27,0.6154,87.23,31.7,17.45,191.91,0.3634,0.5855,3.1862,4.476,57.0,0.0,0.0,DOH_DATA_TUNNEL
13.4837,150.0,75.0,75.0,40723.85,27011.97,13711.88,3020.22,11.12,0.3266,271.49,52.56,192.65,366.1,232.38,309.58,0.3411,75.39,17.21,15.08,165.85,0.2283,0.5491,4.0126,4.1063,49.0,0.0,0.0,DOH_DATA_TUNNEL
23.2997,145.0,72.0,73.0,49336.91,36284.49,13052.43,2117.49,6.22,0.4709,340.25,80.8,219.06,485.69,330.94,375.61,0.1928,104.99,36.16,21.0,230.99,0.3444,0.6256,3.99,4.0236,35.0,0.0,0.0,DOH_DATA_TUNNEL
28.5335,45.0,15.0,30.0,45848.63,8912.89,36935.73,1606.83,1.58,-0.6112,1018.86,568.44,166.2,1500.0,902.89,1125.1,0.3746,634.08,796.7,126.82,1394.97,1.2565,0.0161,4.5889,2.9379,16.0,0.0,0.0,BENIGN_WEB
23.7446,163.0,81.0,82.0,43515.87,31040.61,12475.26,1832.67,6.86,0.4266,266.97,74.21,155.65,400.55,268.06,293.84,0.2813,227.0,83.42,45.4,499.41,0.3675,0.6046,3.2479,4.493,54.0,1.0,0.0,DOH_DATA_TUNNEL
36.4739,162.0,81.0,81.0,58290.45,40947.68,17342.77,1598.14,4.44,0.405,359.82,68.07,257.72,482.33,399.09,350.14,0.2351,98.14,27.79,19.63,215.91,0.2832,0.6775,3.6672,3.9895,33.0,1.0,0.0,DOH_DATA_TUNNEL
18.0959,433.0,382.0,51.0,621920.01,588543.0,33377.01,34367.98,23.93,0.8927,1436.3,238.76,1078.17,1500.0,1236.55,1577.14,0.393,15.16,3.72,3.03,33.36,0.2452,0.2229,2.4284,3.3936,15.0,1.0,0.0,DATA_EXFILTRATION
31.5354,63.0,31.0,32.0,21705.75,14654.32,7051.43,688.3,2.0,0.3503,344.54,81.74,221.92,491.67,389.35,318.69,0.5573,47.63,11.76,9.53,104.79,0.2468,0.4458,3.9111,4.3901,47.0,0.0,0.0,DOH_DATA_TUNNEL
43.1411,649.0,538.0,111.0,838836.83,752049.59,86787.24,19444.04,15.04,0.7931,1292.51,261.42,900.38,1500.0,1209.99,1383.05,0.6081,47.18,11.84,9.44,103.79,0.2509,0.2407,2.1473,3.3266,20.0,1.0,1.0,DATA_EXFILTRATION
20.9026,43.0,17.0,26.0,31078.58,3017.54,28061.05,1486.83,2.06,-0.8058,722.76,514.93,40.0,1500.0,646.24,819.73,0.5271,486.11,438.01,97.22,1069.43,0.9011,0.0228,4.7157,2.2156,14.0,0.0,0.0,BENIGN_WEB
28.7958,1297.0,1059.0,238.0,1595273.71,1524066.53,71207.19,55399.47,45.04,0.9107,1229.97,118.17,1052.72,1442.67,1197.54,1300.04,0.2345,37.47,17.75,7.49,82.43,0.4736,0.2088,2.5736,3.4963,18.0,1.0,1.0,DATA_EXFILTRATION
16.546,168.0,84.0,84.0,65490.24,47467.82,18022.41,3958.07,10.15,0.4496,389.82,76.88,274.5,528.21,389.61,417.31,0.3737,59.26,22.17,11.85,130.38,0.3741,0.6304,3.9611,3.8938,35.0,0.0,0.0,DOH_DATA_TUNNEL
17.7514,1411.0,1239.0,172.0,1756547.11,1653309.5,103237.61,98952.37,79.49,0.8825,1244.9,203.33,939.9,1500.0,1143.0,1419.19,0.3501,34.17,9.24,6.83,75.17,0.2703,0.2627,2.8015,3.7192,20.0,1.0,0.0,DATA_EXFILTRATION
20.3953,140.0,70.0,70.0,61936.93,43808.66,18128.27,3036.82,6.86,0.4146,442.41,79.1,323.76,584.78,380.61,387.73,0.6015,209.57,108.08,41.91,461.06,0.5157,0.6741,3.4333,4.1497,60.0,0.0,0.0,DOH_DATA_TUNNEL
41.8062,153.0,76.0,77.0,63997.9,38287.74,25710.17,1530.82,3.66,0.1965,418.29,74.04,307.22,551.57,387.33,443.51,0.469,157.48,88.5,31.5,346.45,0.562,0.5805,3.2377,4.2061,57.0,0.0,0.0,DOH_DATA_TUNNEL
25.7167,1465.0,1336.0,129.0,2041846.04,1943567.73,98278.32,79397.68,56.97,0.9037,1393.75,158.96,1155.32,1500.0,1339.52,1476.53,0.5739,30.32,13.01,6.06,66.69,0.4292,0.2057,2.2562,3.5042,14.0,0.0,0.0,DATA_EXFILTRATION
45.6984,956.0,776.0,180.0,1351997.62,1224274.33,127723.28,29585.26,20.92,0.8111,1414.22,164.26,1167.84,1500.0,1559.16,1364.4,0.3598,23.35,9.91,4.67,51.37,0.4244,0.2004,2.7361,3.7998,24.0,0.0,0.0,DATA_EXFILTRATION
3.2043,61.0,22.0,39.0,41748.22,6108.21,35640.01,13028.91,19.04,-0.7074,684.4,415.54,61.09,1432.37,684.67,757.81,0.557,52.53,47.03,10.51,115.56,0.8953,0.0277,3.8709,2.9401,8.0,0.0,0.0,BENIGN_WEB
20.8617,21.0,7.0,14.0,20913.71,3560.43,17353.27,1002.49,1.01,-0.6595,995.89,486.35,266.37,1500.0,1075.41,1026.58,0.3064,993.41,1412.34,198.68,2185.51,1.4217,0.0134,4.2864,2.4014,21.0,0.0,0.0,BENIGN_WEB
36.1954,147.0,73.0,74.0,57798.58,35993.96,21804.62,1596.85,4.06,0.2455,393.19,43.75,327.56,471.94,440.51,386.59,0.3013,82.09,24.48,16.42,180.61,0.2982,0.5683,4.0355,4.2542,30.0,0.0,0.0,DOH_DATA_TUNNEL
29.2689,78.0,32.0,46.0,58341.16,13766.52,44574.65,1993.28,2.66,-0.5281,747.96,573.56,40.0,1500.0,785.24,680.79,0.6106,375.24,307.42,75.05,825.53,0.8193,0.0297,4.1681,2.8319,19.0,0.0,0.0,BENIGN_WEB
10.0203,22.0,8.0,14.0,13721.69,3564.31,10157.38,1369.38,2.2,-0.4805,623.71,531.15,40.0,1500.0,561.83,680.68,0.4274,455.47,646.7,91.09,1002.03,1.4199,0.1251,4.0737,2.7749,13.0,0.0,0.0,BENIGN_WEB
20.4096,19.0,7.0,12.0,20314.68,2784.26,17530.41,995.35,0.93,-0.7259,1069.19,540.93,257.8,1500.0,935.29,1127.61,0.5218,1074.19,1226.29,214.84,2363.22,1.1416,0.1272,4.9719,2.3515,14.0,0.0,0.0,BENIGN_WEB
50.8216,1559.0,1253.0,306.0,2109113.49,2021219.47,87894.01,41500.32,30.68,0.9167,1352.86,186.3,1073.41,1500.0,1536.24,1294.34,0.3621,47.72,27.71,9.54,104.99,0.5806,0.1698,2.7307,3.2278,23.0,1.0,1.0,DATA_EXFILTRATION
49.9014,743.0,655.0,88.0,996656.04,894249.2,102406.84,19972.52,14.89,0.7945,1341.39,244.47,974.69,1500.0,1254.52,1231.4,0.1878,13.24,6.11,2.65,29.14,0.4613,0.1957,2.4503,3.2404,26.0,0.0,1.0,DATA_EXFILTRATION
28.3358,42.0,17.0,25.0,31556.6,5619.87,25936.72,1113.66,1.48,-0.6438,751.35,487.09,40.0,1500.0,795.29,802.74,0.6197,674.66,1005.84,134.93,1484.26,1.4909,0.06,3.8361,2.3542,15.0,0.0,0.0,BENIGN_WEB
17.8897,17.0,6.0,11.0,11880.45,2753.29,9127.16,664.1,0.95,-0.5365,698.85,477.46,40.0,1500.0,676.29,773.74,0.4834,1052.33,871.61,210.47,2315.13,0.8283,0.0375,4.2067,2.6936,10.0,0.0,0.0,BENIGN_WEB
1.9225,36.0,11.0,25.0,28888.78,4111.4,24777.38,15026.33,18.73,-0.7154,802.47,481.07,80.87,1500.0,835.69,838.29,0.5524,53.4,72.05,10.68,117.49,1.3492,0.0571,4.4691,2.327,21.0,0.0,0.0,BENIGN_WEB
6.6078,92.0,46.0,46.0,35373.03,23323.49,12049.54,5353.24,13.92,0.3187,384.49,60.41,293.87,493.23,434.71,374.44,0.3047,202.04,64.05,40.41,444.49,0.317,0.7009,3.6315,3.9282,44.0,0.0,0.0,DOH_DATA_TUNNEL
12.622,16.0,5.0,11.0,12966.37,3658.28,9308.09,1027.28,1.27,-0.4357,810.4,332.19,312.11,1408.34,742.69,811.04,0.2064,788.87,736.49,157.77,1735.52,0.9336,0.1314,3.6376,3.0935,11.0,0.0,0.0,BENIGN_WEB
40.7336,50.0,25.0,25.0,22576.01,13549.04,9026.97,554.24,1.23,0.2003,451.52,75.46,338.33,587.35,478.95,506.78,0.3203,91.37,21.65,18.27,201.01,0.237,0.6452,3.57,4.4724,33.0,0.0,0.0,DOH_DATA_TUNNEL
2.5935,45.0,13.0,32.0,44421.32,6741.78,37679.54,17127.65,17.35,-0.6965,987.14,451.56,309.8,1500.0,1080.58,1057.31,0.1876,57.63,81.25,11.53,126.8,1.4097,0.0384,4.03,2.2744,20.0,0.0,0.0,BENIGN_WEB
13.7242,146.0,73.0,73.0,48550.88,29136.99,19413.89,3537.61,10.64,0.2003,332.54,68.48,229.82,455.8,373.13,309.23,0.484,66.58,38.26,13.32,146.47,0.5747,0.655,3.9562,3.8876,33.0,1.0,0.0,DOH_DATA_TUNNEL
13.8503,34.0,12.0,22.0,29799.39,8149.32,21650.07,2151.54,2.45,-0.4531,876.45,505.26,118.56,1500.0,764.11,766.85,0.2272,407.36,593.0,81.47,896.19,1.4557,0.0242,4.8098,2.7409,11.0,0.0,0.0,BENIGN_WEB
16.403,169.0,84.0,85.0,55043.09,39524.85,15518.23,3355.67,10.3,0.4361,325.7,80.67,204.7,470.9,324.63,335.61,0.3816,211.42,97.37,42.28,465.13,0.4606,0.4828,3.4901,4.0589,34.0,0.0,0.0,DOH_DATA_TUNNEL
12.5659,72.0,27.0,45.0,68526.57,10095.3,58431.27,5453.39,5.73,-0.7054,951.76,406.97,341.3,1500.0,818.48,1024.85,0.4795,174.53,243.17,34.91,383.96,1.3933,0.0107,4.549,2.8503,12.0,0.0,0.0,BENIGN_WEB
18.0197,428.0,393.0,35.0,600089.04,584034.38,16054.66,33301.74,23.75,0.9465,1402.08,123.71,1216.52,1500.0,1441.84,1312.55,0.3023,28.82,12.21,5.76,63.4,0.4236,0.2292,2.2819,3.4517,25.0,1.0,0.0,DATA_EXFILTRATION
14.0749,46.0,15.0,31.0,31634.47,7416.86,24217.62,2247.58,3.27,-0.5311,687.71,463.13,40.0,1500.0,684.01,767.48,0.4002,305.98,405.3,61.2,673.15,1.3246,0.0554,3.7155,2.6271,20.0,0.0,0.0,BENIGN_WEB
26.0692,65.0,32.0,33.0,28420.81,16190.15,12230.66,1090.21,2.49,0.1393,437.24,56.97,351.8,539.78,430.34,409.01,0.4782,178.1,71.41,35.62,391.81,0.401,0.6116,3.7444,3.8605,35.0,1.0,0.0,DOH_DATA_TUNNEL
30.5186,50.0,15.0,35.0,44670.49,10045.97,34624.52,1463.71,1.64,-0.5502,893.41,360.08,353.29,1500.0,830.97,949.89,0.4055,610.37,1015.35,122.07,1342.82,1.6635,0.0654,4.876,2.8369,11.0,0.0,0.0,BENIGN_WEB
27.3098,163.0,81.0,82.0,51655.35,34929.65,16725.7,1891.46,5.97,0.3524,316.9,42.23,253.56,392.91,306.2,323.95,0.2961,223.86,119.22,44.77,492.5,0.5326,0.5169,3.1636,4.3642,33.0,0.0,0.0,DOH_DATA_TUNNEL
18.8523,60.0,30.0,30.0,27109.24,16705.14,10404.1,1437.98,3.18,0.2324,451.82,41.09,390.19,525.78,465.34,397.56,0.2436,152.11,49.31,30.42,334.65,0.3242,0.7107,4.0831,3.9643,42.0,0.0,0.0,DOH_DATA_TUNNEL
12.4374,63.0,23.0,40.0,43130.97,10515.12,32615.85,3467.84,5.07,-0.5124,684.62,556.78,40.0,1500.0,598.32,740.99,0.3623,197.42,332.47,39.48,434.32,1.6841,0.0864,3.6297,2.7902,16.0,0.0,0.0,BENIGN_WEB
32.6909,175.0,87.0,88.0,74304.39,51324.71,22979.68,2272.94,5.35,0.3815,424.6,83.73,299.01,575.3,457.53,403.37,0.5131,201.84,55.29,40.37,444.06,0.2739,0.6032,3.8135,4.1178,52.0,0.0,0.0,DOH_DATA_TUNNEL
6.9178,81.0,32.0,49.0,78350.04,21471.12,56878.92,11325.86,11.71,-0.4519,967.28,479.83,247.55,1500.0,1046.06,1090.5,0.5416,85.4,142.19,17.08,187.89,1.6649,0.1116,4.4001,2.4079,11.0,0.0,0.0,BENIGN_WEB
17.2495,43.0,14.0,29.0,32078.08,9102.89,22975.19,1859.65,2.49,-0.4325,746.0,480.81,40.0,1500.0,776.79,715.25,0.5158,401.15,344.62,80.23,882.53,0.8591,0.024,4.6863,2.7573,9.0,0.0,0.0,BENIGN_WEB
14.1011,51.0,20.0,31.0,37458.65,8166.71,29291.94,2656.43,3.62,-0.564,734.48,420.93,103.09,1492.15,697.72,826.01,0.5809,276.49,451.82,55.3,608.28,1.6341,0.1068,4.8811,2.3288,10.0,0.0,0.0,BENIGN_WEB
11.8364,48.0,16.0,32.0,37443.92,8998.37,28445.55,3163.44,4.06,-0.5194,780.08,473.04,70.52,1500.0,790.24,861.79,0.3262,246.59,396.63,49.32,542.5,1.6084,0.0204,3.69,2.674,17.0,0.0,0.0,BENIGN_WEB
27.7437,93.0,46.0,47.0,33955.19,24495.7,9459.49,1223.89,3.35,0.4428,365.11,56.28,280.69,466.41,339.38,389.02,0.5936,94.13,41.18,18.83,207.09,0.4375,0.4666,3.2131,4.2825,49.0,0.0,0.0,DOH_DATA_TUNNEL
4.7276,75.0,21.0,54.0,80430.77,10236.01,70194.76,17013.01,15.86,-0.7455,1072.41,396.54,477.6,1500.0,1017.41,983.9,0.4226,63.03,64.33,12.61,138.68,1.0206,0.0454,4.1768,2.3025,16.0,0.0,0.0,BENIGN_WEB
18.8961,37.0,15.0,22.0,26312.43,5586.65,20725.78,1392.48,1.96,-0.5754,711.15,464.25,40.0,1500.0,752.7,675.57,0.3241,510.71,567.82,102.14,1123.55,1.1118,0.0778,4.2971,2.7887,15.0,0.0,0.0,BENIGN_WEB
23.1002,19.0,6.0,13.0,19865.5,2039.9,17825.6,859.97,0.82,-0.7946,1045.55,566.85,195.27,1500.0,1056.58,1041.11,0.1924,1215.8,1923.49,243.16,2674.76,1.5821,0.102,4.3664,2.433,17.0,0.0,0.0,BENIGN_WEB
17.1647,75.0,26.0,49.0,47830.82,9810.54,38020.29,2786.58,4.37,-0.5898,637.74,516.79,40.0,1500.0,556.44,546.02,0.5264,228.86,165.85,45.77,503.5,0.7247,0.0941,4.3857,2.1027,21.0,0.0,0.0,BENIGN_WEB
23.8523,37.0,12.0,25.0,34162.66,7938.33,26224.33,1432.26,1.55,-0.5353,923.32,366.01,374.31,1500.0,796.26,1050.72,0.3232,644.66,835.19,128.93,1418.25,1.2956,0.1377,4.4302,2.2201,21.0,0.0,0.0,BENIGN_WEB
5.791,73.0,24.0,49.0,66939.96,14077.0,52862.96,11559.4,12.61,-0.5794,916.99,504.17,160.74,1500.0,961.17,842.66,0.2828,79.33,89.9,15.87,174.52,1.1333,0.048,4.135,2.5,10.0,0.0,0.0,BENIGN_WEB
21.8251,151.0,124.0,27.0,210809.65,207116.84,3692.81,9659.04,6.92,0.965,1396.09,126.3,1206.64,1500.0,1274.47,1212.93,0.4862,17.38,7.05,3.48,38.23,0.4057,0.2432,2.2783,3.4584,20.0,0.0,0.0,DATA_EXFILTRATION
26.6009,54.0,19.0,35.0,35827.22,4301.99,31525.23,1346.84,2.03,-0.7598,663.47,446.74,40.0,1467.6,648.7,592.96,0.5683,492.61,393.17,98.52,1083.74,0.7981,0.0495,3.891,2.7098,11.0,0.0,0.0,BENIGN_WEB
9.6416,109.0,54.0,55.0,31923.92,18561.16,13362.76,3311.07,11.31,0.1628,292.88,77.11,177.22,431.67,329.85,320.03,0.6001,78.09,42.27,15.62,171.79,0.5413,0.6198,4.0621,4.4499,32.0,0.0,0.0,DOH_DATA_TUNNEL
39.538,50.0,25.0,25.0,12148.37,9211.06,2937.3,307.26,1.26,0.5164,242.97,63.63,147.52,357.5,271.02,265.74,0.5617,56.12,19.0,11.22,123.47,0.3385,0.5649,3.4239,4.2629,60.0,0.0,0.0,DOH_DATA_TUNNEL
21.1611,209.0,175.0,34.0,302626.82,278002.57,24624.25,14301.06,9.88,0.8373,1447.98,227.91,1106.12,1500.0,1557.22,1399.03,0.49,31.34,7.93,6.27,68.95,0.2529,0.1762,2.4213,2.9838,24.0,1.0,0.0,DATA_EXFILTRATION
26.643,81.0,40.0,41.0,19122.43,13656.47,5465.96,717.73,3.04,0.4283,236.08,45.59,167.69,318.14,266.38,241.12,0.3225,134.62,76.23,26.92,296.16,0.5663,0.5021,3.2551,4.169,35.0,0.0,0.0,DOH_DATA_TUNNEL
38.6325,97.0,48.0,49.0,44056.67,28967.93,15088.74,1140.41,2.51,0.315,454.19,83.28,329.27,604.1,459.34,457.75,0.5413,151.38,73.74,30.28,333.04,0.4871,0.4521,3.715,4.2259,36.0,0.0,0.0,DOH_DATA_TUNNEL
31.3571,67.0,33.0,34.0,30230.29,17513.51,12716.78,964.07,2.14,0.1587,451.2,42.9,386.84,528.43,516.65,497.31,0.3534,210.63,103.5,42.13,463.39,0.4914,0.5518,3.1441,4.4446,36.0,0.0,0.0,DOH_DATA_TUNNEL
6.5507,453.0,393.0,60.0,625115.95,613713.64,11402.31,95426.72,69.15,0.9635,1379.95,256.53,995.15,1500.0,1235.8,1498.33,0.4726,20.68,6.05,4.14,45.5,0.2927,0.1842,2.2722,3.8284,19.0,1.0,0.0,DATA_EXFILTRATION
14.8231,17.0,5.0,12.0,12447.02,2439.76,10007.26,839.71,1.15,-0.608,732.18,507.19,40.0,1500.0,757.28,644.18,0.5291,871.94,1461.91,174.39,1918.28,1.6766,0.0764,3.7742,2.5996,8.0,0.0,0.0,BENIGN_WEB
11.0352,33.0,10.0,23.0,20713.19,5757.07,14956.13,1877.01,2.99,-0.4441,627.67,548.37,40.0,1500.0,718.91,688.44,0.3558,334.4,453.92,66.88,735.68,1.3574,0.0762,4.8497,2.2661,17.0,0.0,0.0,BENIGN_WEB
26.3268,84.0,26.0,58.0,84013.13,17620.97,66392.16,3191.16,3.19,-0.5805,1000.16,408.77,387.0,1500.0,899.76,881.94,0.1845,313.41,265.19,62.68,689.51,0.8461,0.0685,3.8954,2.6849,18.0,0.0,0.0,BENIGN_WEB
15.128,68.0,24.0,44.0,54904.03,12672.62,42231.41,3629.31,4.49,-0.5384,807.41,441.9,144.56,1500.0,822.1,906.76,0.4508,222.47,264.95,44.49,489.43,1.1909,0.048,4.4564,2.6984,17.0,0.0,0.0,BENIGN_WEB
20.6199,168.0,84.0,84.0,39559.64,27262.81,12296.84,1918.51,8.15,0.3783,235.47,43.81,169.76,314.33,234.69,260.2,0.2917,108.44,37.86,21.69,238.56,0.3491,0.5907,3.7528,4.3805,57.0,0.0,0.0,DOH_DATA_TUNNEL
28.7306,82.0,41.0,41.0,33403.07,19857.64,13545.43,1162.63,2.85,0.189,407.35,58.69,319.32,513.0,439.38,354.39,0.3197,145.61,42.58,29.12,320.34,0.2924,0.5493,3.7224,4.0898,35.0,0.0,0.0,DOH_DATA_TUNNEL
19.9031,42.0,17.0,25.0,43337.59,4508.02,38829.58,2177.43,2.11,-0.792,1031.85,499.78,282.18,1500.0,1183.01,1018.04,0.3017,473.88,752.49,94.78,1042.54,1.5879,0.0734,4.997,2.9993,19.0,0.0,0.0,BENIGN_WEB
23.5069,29.0,8.0,21.0,18644.33,5022.89,13621.44,793.14,1.23,-0.4612,642.91,511.93,40.0,1500.0,585.32,585.14,0.5173,810.58,1296.5,162.12,1783.28,1.5995,0.1274,5.021,2.3146,17.0,0.0,0.0,BENIGN_WEB
21.9841,16.0,5.0,11.0,13861.17,3635.49,10225.68,630.51,0.73,-0.4754,866.32,450.66,190.34,1500.0,987.31,809.71,0.5009,1374.0,1112.29,274.8,3022.81,0.8095,0.0796,3.663,2.9157,21.0,0.0,0.0,BENIGN_WEB
37.4705,129.0,64.0,65.0,54662.49,41461.87,13200.63,1458.82,3.44,0.517,423.74,59.81,334.03,531.39,361.69,393.61,0.2618,185.55,95.88,37.11,408.21,0.5167,0.6179,3.9457,4.5931,42.0,0.0,0.0,DOH_DATA_TUNNEL
42.4915,252.0,200.0,52.0,355809.01,320541.08,35267.93,8373.66,5.93,0.8018,1411.94,246.28,1042.53,1500.0,1345.62,1533.92,0.1891,27.25,17.12,5.45,59.95,0.6285,0.2243,2.2132,3.458,23.0,1.0,1.0,DATA_EXFILTRATION
30.4867,79.0,27.0,52.0,55027.26,5114.18,49913.08,1804.96,2.59,-0.8141,696.55,480.13,40.0,1500.0,731.91,617.31,0.5787,385.91,630.76,77.18,849.0,1.6345,0.0842,4.0939,3.0962,13.0,0.0,0.0,BENIGN_WEB
39.9547,120.0,60.0,60.0,41553.87,29515.86,12038.01,1040.02,3.0,0.4206,346.28,66.93,245.88,466.76,344.06,381.93,0.4232,116.77,50.79,23.35,256.89,0.435,0.4442,3.4859,4.086,61.0,1.0,0.0,DOH_DATA_TUNNEL
9.0262,50.0,17.0,33.0,43526.99,8249.32,35277.66,4822.3,5.54,-0.621,870.54,482.33,147.04,1500.0,798.64,886.62,0.4046,180.52,264.23,36.1,397.15,1.4637,0.0204,4.8594,2.8873,21.0,0.0,0.0,BENIGN_WEB
8.5282,830.0,667.0,163.0,1028499.45,976679.56,51819.89,120599.88,97.32,0.8992,1239.16,120.72,1058.07,1456.45,1289.03,1152.38,0.3249,31.36,13.89,6.27,68.98,0.4431,0.1661,2.2833,3.4441,22.0,1.0,0.0,DATA_EXFILTRATION
26.6145,104.0,52.0,52.0,24964.59,14480.32,10484.27,938.01,3.91,0.1601,240.04,84.27,113.64,391.73,216.43,252.64,0.2965,48.82,27.87,9.76,107.4,0.5709,0.4228,3.8559,4.454,42.0,0.0,0.0,DOH_DATA_TUNNEL
15.9343,22.0,7.0,15.0,22045.47,3578.88,18466.58,1383.52,1.38,-0.6753,1002.07,437.08,346.45,1500.0,1105.59,1057.86,0.3924,724.29,877.66,144.86,1593.43,1.2118,0.0154,4.8457,2.3984,11.0,0.0,0.0,BENIGN_WEB
30.2978,54.0,17.0,37.0,58183.81,14748.86,43434.95,1920.4,1.78,-0.493,1077.48,341.88,564.66,1500.0,1072.81,1033.94,0.1957,561.07,512.23,112.21,1234.35,0.9129,0.125,3.7235,3.057,21.0,0.0,0.0,BENIGN_WEB
38.9475,40.0,20.0,20.0,11291.31,7923.74,3367.57,289.91,1.03,0.4035,282.28,68.02,180.25,404.72,274.01,308.09,0.2679,61.34,23.27,12.27,134.96,0.3793,0.684,3.5385,4.1393,31.0,1.0,0.0,DOH_DATA_TUNNEL
2.9297,44.0,17.0,27.0,37226.99,5538.85,31688.14,12706.54,15.02,-0.7024,846.07,352.64,317.11,1480.81,968.77,914.62,0.563,66.59,109.69,13.32,146.49,1.6473,0.139,3.9879,2.6815,15.0,0.0,0.0,BENIGN_WEB
21.7381,735.0,614.0,121.0,940520.82,922376.41,18144.41,43265.94,33.81,0.9614,1279.62,224.99,942.14,1500.0,1311.29,1193.96,0.6184,12.54,5.67,2.51,27.59,0.4518,0.165,2.8756,3.8181,21.0,1.0,0.0,DATA_EXFILTRATION
21.086,24.0,6.0,18.0,17452.3,3727.11,13725.19,827.67,1.14,-0.5729,727.18,476.49,40.0,1500.0,818.5,746.6,0.6169,878.58,1167.41,175.72,1932.88,1.3287,0.0171,3.6449,3.0574,21.0,0.0,0.0,BENIGN_WEB
17.6831,154.0,77.0,77.0,48512.29,32563.05,15949.25,2743.43,8.71,0.3425,315.01,44.97,247.56,395.96,327.13,284.78,0.2749,224.17,68.4,44.83,493.16,0.3051,0.4678,3.7581,3.977,58.0,0.0,0.0,DOH_DATA_TUNNEL
4.9904,72.0,23.0,49.0,60740.74,14596.03,46144.72,12171.63,14.43,-0.5194,843.62,523.06,59.03,1500.0,843.9,763.99,0.4018,69.31,90.55,13.86,152.48,1.3064,0.0125,4.2345,2.365,14.0,0.0,0.0,BENIGN_WEB
40.6698,461.0,392.0,69.0,637022.91,591184.13,45838.78,15663.3,11.34,0.8561,1381.83,263.68,986.31,1500.0,1552.49,1402.04,0.5615,32.88,19.18,6.58,72.35,0.5831,0.1889,2.8442,3.0464,24.0,1.0,0.0,DATA_EXFILTRATION
30.2104,951.0,766.0,185.0,1286780.71,1242732.44,44048.27,42594.02,31.48,0.9315,1353.08,191.56,1065.74,1500.0,1368.41,1156.35,0.2539,28.24,10.74,5.65,62.12,0.3803,0.1446,2.1212,2.9096,24.0,0.0,0.0,DATA_EXFILTRATION
18.2927,27.0,10.0,17.0,27440.95,4972.34,22468.6,1500.1,1.48,-0.6376,1016.33,577.6,149.92,1500.0,940.77,1071.93,0.3384,677.51,595.36,135.5,1490.52,0.8787,0.0794,4.6349,2.7595,20.0,0.0,0.0,BENIGN_WEB
13.8273,72.0,20.0,52.0,59208.98,7146.08,52062.91,4282.04,5.21,-0.7586,822.35,395.18,229.58,1500.0,743.41,843.42,0.5924,192.05,294.51,38.41,422.5,1.5336,0.0891,5.0407,2.5311,10.0,0.0,0.0,BENIGN_WEB
12.7478,139.0,69.0,70.0,50823.12,35281.68,15541.45,3986.81,10.9,0.3884,365.63,67.13,264.94,486.46,321.18,325.04,0.1807,68.98,19.59,13.8,151.75,0.284,0.528,3.9086,4.5317,55.0,1.0,0.0,DOH_DATA_TUNNEL
25.3339,52.0,17.0,35.0,36426.48,5167.76,31258.72,1437.86,2.05,-0.7163,700.51,452.82,40.0,1500.0,764.73,727.96,0.6087,487.19,533.21,97.44,1071.82,1.0945,0.0553,4.4687,2.422,14.0,0.0,0.0,BENIGN_WEB
6.9698,809.0,658.0,151.0,1109703.31,1089504.51,20198.79,159216.5,116.07,0.9636,1371.7,179.47,1102.5,1500.0,1195.45,1492.78,0.5049,13.83,3.4,2.77,30.43,0.2457,0.2552,2.8074,3.6523,21.0,1.0,0.0,DATA_EXFILTRATION
7.788,75.0,21.0,54.0,75123.21,17088.51,58034.7,9646.01,9.63,-0.5451,1001.64,511.36,234.61,1500.0,1004.27,969.44,0.3355,103.84,138.02,20.77,228.45,1.3291,0.0331,3.9023,2.4887,10.0,0.0,0.0,BENIGN_WEB
19.2069,25.0,8.0,17.0,22629.88,3602.27,19027.61,1178.21,1.3,-0.6816,905.2,396.92,309.81,1500.0,1040.59,979.7,0.329,768.28,550.37,153.66,1690.21,0.7164,0.129,3.8025,2.6924,10.0,0.0,0.0,BENIGN_WEB
40.6429,672.0,541.0,131.0,870626.81,839177.79,31449.02,21421.35,16.53,0.9278,1295.58,182.65,1021.6,1500.0,1381.21,1150.99,0.4272,32.11,8.98,6.42,70.65,0.2796,0.2724,2.6045,3.7586,27.0,1.0,0.0,DATA_EXFILTRATION
14.7402,48.0,19.0,29.0,40929.91,8452.24,32477.66,2776.76,3.26,-0.587,852.71,579.12,40.0,1500.0,725.35,750.99,0.4048,307.09,416.08,61.42,675.59,1.3549,0.1249,5.0792,2.6374,13.0,0.0,0.0,BENIGN_WEB
28.2346,36.0,11.0,25.0,31449.82,5148.53,26301.29,1113.87,1.28,-0.6726,873.61,407.32,262.63,1500.0,875.68,928.2,0.5282,784.3,1165.98,156.86,1725.45,1.4867,0.0678,4.758,2.7524,16.0,0.0,0.0,BENIGN_WEB
22.9765,48.0,16.0,32.0,31259.03,7466.04,23792.99,1360.48,2.09,-0.5223,651.23,484.9,40.0,1500.0,554.77,610.01,0.4757,478.68,794.69,95.74,1053.09,1.6602,0.0291,4.1282,2.8677,17.0,0.0,0.0,BENIGN_WEB
28.5839,78.0,39.0,39.0,32592.95,19251.03,13341.92,1140.25,2.73,0.1813,417.86,76.58,302.99,555.7,367.98,406.83,0.4459,227.68,82.7,45.54,500.9,0.3632,0.5355,4.0433,4.4542,43.0,1.0,0.0,DOH_DATA_TUNNEL
29.473,137.0,68.0,69.0,51100.88,33708.64,17392.24,1733.82,4.65,0.3193,373.0,39.05,314.43,443.29,353.27,347.92,0.3472,213.15,118.35,42.63,468.93,0.5553,0.496,3.1192,4.1415,46.0,0.0,0.0,DOH_DATA_TUNNEL
9.3207,129.0,64.0,65.0,58277.09,33324.47,24952.61,6252.43,13.84,0.1437,451.76,79.09,333.13,594.12,405.9,390.36,0.3985,216.74,73.05,43.35,476.82,0.337,0.4572,4.0059,4.0091,45.0,1.0,0.0,DOH_DATA_TUNNEL
21.0782,80.0,23.0,57.0,64627.9,14501.62,50126.28,3066.1,3.8,-0.5512,807.85,553.21,40.0,1500.0,886.51,792.94,0.4721,263.48,241.79,52.7,579.65,0.9177,0.0659,4.2532,2.1696,8.0,0.0,0.0,BENIGN_WEB
36.7303,118.0,59.0,59.0,30590.71,18235.9,12354.82,832.85,3.21,0.1923,259.24,39.4,200.14,330.17,253.29,221.21,0.4353,157.14,59.96,31.43,345.7,0.3816,0.461,3.1321,4.5871,33.0,0.0,0.0,DOH_DATA_TUNNEL
18.0635,50.0,25.0,25.0,15266.59,11365.26,3901.34,845.16,2.77,0.4889,305.33,70.2,200.03,431.7,307.24,343.45,0.4908,120.12,28.99,24.02,264.27,0.2414,0.5098,3.6298,4.357,52.0,1.0,0.0,DOH_DATA_TUNNEL
2.7119,36.0,10.0,26.0,33444.5,8404.06,25040.43,12332.63,13.27,-0.4974,929.01,530.24,133.66,1500.0,899.13,907.43,0.4555,75.33,121.65,15.07,165.73,1.6149,0.0305,4.4483,2.4718,16.0,0.0,0.0,BENIGN_WEB
8.8682,78.0,23.0,55.0,80989.36,10942.94,70046.42,9132.51,8.8,-0.7298,1038.33,413.29,418.39,1500.0,1178.68,1096.76,0.2721,113.7,154.01,22.74,250.13,1.3545,0.1162,3.9892,2.1962,18.0,0.0,0.0,BENIGN_WEB
14.5957,50.0,15.0,35.0,49251.38,10569.53,38681.84,3374.39,3.43,-0.5708,985.03,542.98,170.55,1500.0,906.22,864.3,0.4566,291.91,273.15,58.38,642.21,0.9357,0.0258,4.2143,2.7921,15.0,0.0,0.0,BENIGN_WEB
4.0143,78.0,29.0,49.0,72526.99,8507.47,64019.52,18067.34,19.43,-0.7654,929.83,551.44,102.67,1500.0,1016.75,811.29,0.504,51.46,54.84,10.29,113.22,1.0656,0.0292,4.3899,2.7206,9.0,0.0,0.0,BENIGN_WEB
16.4205,147.0,73.0,74.0,64250.51,41769.98,22480.52,3912.81,8.95,0.3002,437.08,70.87,330.78,564.64,437.85,401.84,0.4817,85.43,20.7,17.09,187.95,0.2423,0.6918,3.6305,3.9848,56.0,1.0,0.0,DOH_DATA_TUNNEL
42.6206,520.0,417.0,103.0,706937.7,674464.85,32472.84,16586.75,12.2,0.9081,1359.5,277.7,942.94,1500.0,1385.96,1541.69,0.5599,21.94,8.07,4.39,48.27,0.3677,0.1695,2.0234,3.5787,18.0,0.0,1.0,DATA_EXFILTRATION
16.3486,28.0,10.0,18.0,28224.68,6130.17,22094.51,1726.43,1.71,-0.5656,1008.02,509.13,244.32,1500.0,1080.06,1059.13,0.3317,583.88,617.65,116.78,1284.53,1.0578,0.1056,4.5695,2.3899,21.0,0.0,0.0,BENIGN_WEB
15.2395,25.0,9.0,16.0,21075.66,2035.23,19040.43,1382.96,1.64,-0.8069,843.03,464.25,146.65,1500.0,794.64,910.62,0.5405,609.58,1053.53,121.92,1341.08,1.7283,0.1019,4.5004,2.4095,21.0,0.0,0.0,BENIGN_WEB
28.0794,71.0,23.0,48.0,50160.8,4912.71,45248.09,1786.39,2.53,-0.8041,706.49,576.44,40.0,1500.0,729.68,681.48,0.6154,395.48,377.88,79.1,870.07,0.9555,0.0118,4.3243,2.6102,20.0,0.0,0.0,BENIGN_WEB
32.1378,1403.0,1171.0,232.0,1843983.93,1789217.36,54766.57,57377.36,43.66,0.9406,1314.31,211.58,996.95,1500.0,1338.04,1369.67,0.2118,26.24,16.07,5.25,57.72,0.6126,0.2592,2.1475,3.385,19.0,1.0,0.0,DATA_EXFILTRATION
27.2236,125.0,62.0,63.0,44623.05,26900.94,17722.11,1639.13,4.59,0.2057,356.98,82.82,232.76,506.06,329.76,353.57,0.4325,204.71,89.51,40.94,450.37,0.4373,0.4504,3.3458,4.395,49.0,1.0,0.0,DOH_DATA_TUNNEL
26.1803,69.0,26.0,43.0,61721.09,17057.48,44663.61,2357.54,2.64,-0.4473,894.51,478.13,177.31,1500.0,869.79,811.2,0.4327,379.42,452.95,75.88,834.73,1.1938,0.0905,3.8306,2.4634,10.0,0.0,0.0,BENIGN_WEB
24.2276,58.0,17.0,41.0,58389.07,11129.37,47259.69,2410.02,2.39,-0.6188,1006.71,466.94,306.3,1500.0,896.29,999.49,0.2028,417.72,522.51,83.54,918.98,1.2509,0.0748,4.4892,2.3871,16.0,0.0,0.0,BENIGN_WEB
21.8563,69.0,22.0,47.0,51353.57,13543.77,37809.81,2349.6,3.16,-0.4725,744.25,377.04,178.69,1422.93,687.75,828.73,0.5048,316.76,426.53,63.35,696.87,1.3465,0.1358,4.2245,2.5132,8.0,0.0,0.0,BENIGN_WEB
22.1513,57.0,23.0,34.0,53054.14,10012.88,43041.26,2395.08,2.57,-0.6225,930.77,354.43,399.13,1500.0,1064.09,940.6,0.1898,388.62,455.25,77.72,854.96,1.1714,0.0253,5.0979,2.3901,17.0,0.0,0.0,BENIGN_WEB
30.9567,310.0,267.0,43.0,445189.96,440521.38,4668.58,14381.08,10.01,0.979,1436.1,185.61,1157.69,1500.0,1487.98,1323.57,0.4836,21.4,7.78,4.28,47.07,0.3637,0.2553,2.528,3.472,28.0,1.0,0.0,DATA_EXFILTRATION
8.3536,47.0,16.0,31.0,29505.13,7900.33,21604.8,3532.05,5.63,-0.4645,627.77,479.86,40.0,1491.52,664.34,588.77,0.5786,177.74,176.91,35.55,391.02,0.9953,0.0504,3.6266,2.6777,17.0,0.0,0.0,BENIGN_WEB
32.9828,179.0,89.0,90.0,59561.59,45125.9,14435.68,1805.84,5.43,0.5153,332.75,54.38,251.18,430.63,362.16,323.2,0.2231,72.11,28.09,14.42,158.64,0.3895,0.4738,3.8872,4.3894,39.0,1.0,0.0,DOH_DATA_TUNNEL
20.0666,25.0,8.0,17.0,20681.24,4079.29,16601.96,1030.63,1.25,-0.6055,827.25,544.25,40.0,1500.0,748.52,851.81,0.3969,802.66,1164.05,160.53,1765.86,1.4502,0.0139,4.5592,3.0918,12.0,0.0,0.0,BENIGN_WEB
9.6006,36.0,11.0,25.0,28366.44,4416.2,23950.24,2954.66,3.75,-0.6886,787.96,515.5,40.0,1500.0,709.52,693.01,0.3225,266.68,330.6,53.34,586.7,1.2397,0.1021,4.6015,2.1509,16.0,0.0,0.0,BENIGN_WEB
23.9131,81.0,23.0,58.0,85733.1,21468.74,64264.37,3585.19,3.39,-0.4992,1058.43,469.19,354.65,1500.0,1116.6,1027.55,0.3092,295.22,372.17,59.04,649.49,1.2606,0.0112,4.5894,2.6736,18.0,0.0,0.0,BENIGN_WEB
38.1555,502.0,435.0,67.0,699167.27,667314.72,31852.55,18324.14,13.16,0.9089,1392.76,266.66,992.77,1500.0,1462.09,1523.53,0.6107,40.3,14.36,8.06,88.66,0.3563,0.2488,2.8221,3.0708,16.0,0.0,1.0,DATA_EXFILTRATION
8.1153,48.0,14.0,34.0,36841.32,8813.17,28028.15,4539.73,5.91,-0.5216,767.53,535.85,40.0,1500.0,826.97,775.23,0.3307,169.07,163.8,33.81,371.95,0.9688,0.1234,5.0539,2.6977,15.0,0.0,0.0,BENIGN_WEB
12.7589,28.0,8.0,20.0,29404.58,3547.2,25857.39,2304.63,2.19,-0.7587,1050.16,346.41,530.55,1500.0,1177.76,942.51,0.4106,455.68,540.12,91.14,1002.49,1.1853,0.0482,4.0838,2.8294,14.0,0.0,0.0,BENIGN_WEB
4.8389,72.0,21.0,51.0,73305.8,18070.98,55234.81,15149.4,14.88,-0.507,1018.14,340.59,507.25,1500.0,874.21,1124.85,0.3675,67.21,83.61,13.44,147.85,1.244,0.1312,4.364,2.4515,9.0,0.0,0.0,BENIGN_WEB
16.0694,73.0,36.0,37.0,20555.68,11752.27,8803.41,1279.18,4.54,0.1435,281.58,78.4,163.99,422.7,285.91,318.04,0.289,169.45,57.81,33.89,372.78,0.3412,0.6923,3.9209,3.9437,34.0,1.0,0.0,DOH_DATA_TUNNEL
28.576,163.0,81.0,82.0,37562.11,23216.09,14346.02,1314.46,5.7,0.2361,230.44,80.55,109.61,375.44,252.22,224.89,0.4253,151.45,82.63,30.29,333.18,0.5456,0.612,3.7796,4.3846,39.0,1.0,0.0,DOH_DATA_TUNNEL
18.2917,48.0,24.0,24.0,18819.59,14030.26,4789.33,1028.86,2.62,0.491,392.07,41.09,330.44,466.03,427.13,416.4,0.2138,173.34,84.26,34.67,381.34,0.4861,0.7085,4.0468,4.0094,60.0,0.0,0.0,DOH_DATA_TUNNEL
15.9197,44.0,14.0,30.0,39322.55,4222.91,35099.64,2470.05,2.76,-0.7852,893.69,456.1,209.55,1500.0,916.44,862.16,0.2836,361.81,503.06,72.36,795.99,1.3904,0.0982,4.1284,2.4779,18.0,0.0,0.0,BENIGN_WEB
21.5589,35.0,17.0,18.0,14628.83,8555.7,6073.12,678.55,1.62,0.1697,417.97,84.8,290.76,570.61,408.06,476.86,0.2007,156.71,53.84,31.34,344.76,0.3436,0.7172,3.886,4.1663,43.0,0.0,0.0,DOH_DATA_TUNNEL
19.5806,146.0,73.0,73.0,52097.54,34047.65,18049.89,2660.67,7.46,0.3071,356.83,62.33,263.34,469.02,309.88,365.48,0.3347,223.27,106.29,44.65,491.2,0.4761,0.5357,3.8551,4.1272,56.0,1.0,0.0,DOH_DATA_TUNNEL
24.1084,109.0,54.0,55.0,34491.17,24108.82,10382.35,1430.67,4.52,0.398,316.43,81.76,193.79,463.6,347.21,321.57,0.5116,128.4,33.98,25.68,282.49,0.2647,0.646,4.014,3.9756,43.0,0.0,0.0,DOH_DATA_TUNNEL
9.1382,47.0,14.0,33.0,43651.24,8329.92,35321.31,4776.79,5.14,-0.6183,928.75,562.51,84.98,1500.0,1001.94,854.04,0.3384,194.43,143.12,38.89,427.75,0.7361,0.1046,3.6504,2.6,9.0,0.0,0.0,BENIGN_WEB
39.2954,166.0,83.0,83.0,54601.25,33167.26,21434.0,1389.51,4.22,0.2149,328.92,84.09,202.79,480.28,305.73,315.27,0.3467,223.18,79.76,44.64,491.0,0.3574,0.4843,4.0702,4.1813,61.0,0.0,0.0,DOH_DATA_TUNNEL
11.532,82.0,32.0,50.0,81601.28,16020.85,65580.43,7076.06,7.11,-0.6073,995.14,567.04,144.58,1500.0,996.93,975.23,0.4252,140.63,240.64,28.13,309.4,1.7111,0.074,5.0471,2.9984,15.0,0.0,0.0,BENIGN_WEB
37.967,153.0,76.0,77.0,46819.56,27949.73,18869.83,1233.16,4.03,0.1939,306.01,59.66,216.53,413.39,307.1,311.7,0.2395,143.01,39.53,28.6,314.62,0.2764,0.4489,3.9184,4.2002,31.0,1.0,0.0,DOH_DATA_TUNNEL
7.3659,293.0,237.0,56.0,377820.86,347766.34,30054.52,51293.42,39.78,0.8409,1289.49,251.49,912.26,1500.0,1138.12,1414.61,0.6175,18.99,7.73,3.8,41.77,0.4074,0.1844,2.6435,3.3679,21.0,0.0,1.0,DATA_EXFILTRATION
44.4259,1531.0,1290.0,241.0,2094933.51,1888993.15,205940.36,47155.71,34.46,0.8034,1368.34,265.1,970.7,1500.0,1562.9,1471.6,0.3295,13.16,6.4,2.63,28.95,0.4863,0.1407,2.1572,3.7043,20.0,1.0,0.0,DATA_EXFILTRATION
23.8532,36.0,14.0,22.0,32955.23,7349.67,25605.56,1381.58,1.51,-0.554,915.42,565.57,67.06,1500.0,953.89,997.16,0.603,662.59,723.08,132.52,1457.7,1.0913,0.1368,4.3876,2.1519,18.0,0.0,0.0,BENIGN_WEB
31.5309,25.0,9.0,16.0,20809.11,1940.24,18868.86,659.96,0.79,-0.8135,832.36,374.57,270.52,1500.0,733.54,723.54,0.4844,1261.24,1315.15,252.25,2774.72,1.0427,0.045,4.6372,2.7427,8.0,0.0,0.0,BENIGN_WEB
17.0013,70.0,23.0,47.0,49157.63,5613.2,43544.43,2891.41,4.12,-0.7716,702.25,381.41,130.14,1388.79,762.12,782.3,0.2159,242.88,175.31,48.58,534.33,0.7218,0.1149,4.5276,2.8715,21.0,0.0,0.0,BENIGN_WEB
32.2712,46.0,23.0,23.0,14533.39,10293.97,4239.42,450.35,1.43,0.4166,315.94,55.17,233.18,415.26,311.32,314.64,0.5012,165.37,67.43,33.07,363.82,0.4077,0.5682,3.7269,4.5132,41.0,0.0,0.0,DOH_DATA_TUNNEL
30.5284,920.0,808.0,112.0,1150002.23,1103897.76,46104.47,37669.94,30.14,0.9198,1250.0,268.12,847.82,1500.0,1161.19,1135.1,0.2656,21.78,8.96,4.36,47.92,0.4113,0.2508,2.2871,3.6977,25.0,1.0,0.0,DATA_EXFILTRATION
20.0499,21.0,7.0,14.0,17802.47,2438.77,15363.7,887.91,1.05,-0.726,847.74,478.31,130.27,1500.0,884.56,735.15,0.4179,954.76,976.37,190.95,2100.47,1.0226,0.1133,4.3042,3.061,10.0,0.0,0.0,BENIGN_WEB
7.4749,41.0,14.0,27.0,43184.02,11959.46,31224.55,5777.24,5.49,-0.4461,1053.27,525.47,265.07,1500.0,1163.38,1077.76,0.4459,182.31,263.22,36.46,401.09,1.4438,0.1343,3.8124,2.6711,18.0,0.0,0.0,BENIGN_WEB
54.6321,1200.0,1083.0,117.0,1524664.83,1505894.72,18770.11,27907.84,21.97,0.9754,1270.55,173.29,1010.62,1500.0,1340.16,1439.02,0.3127,19.75,9.15,3.95,43.45,0.4631,0.1491,2.4312,3.2064,23.0,0.0,1.0,DATA_EXFILTRATION
26.0515,24.0,8.0,16.0,20118.85,5321.75,14797.1,772.27,0.92,-0.471,838.29,462.72,144.2,1500.0,868.05,788.41,0.527,1085.48,919.39,217.1,2388.05,0.847,0.1257,4.4914,2.6471,21.0,0.0,0.0,BENIGN_WEB
21.509,51.0,17.0,34.0,33647.75,9500.24,24147.51,1564.35,2.37,-0.4353,659.76,486.66,40.0,1500.0,584.05,609.33,0.5002,421.75,336.32,84.35,927.84,0.7974,0.0698,3.8744,2.5088,8.0,0.0,0.0,BENIGN_WEB
54.1423,835.0,652.0,183.0,1059248.71,982639.55,76609.15,19564.17,15.42,0.8554,1268.56,149.92,1043.69,1500.0,1390.81,1344.18,0.43,30.98,14.6,6.2,68.15,0.4712,0.2314,2.4282,3.5016,20.0,0.0,0.0,DATA_EXFILTRATION
21.2534,68.0,26.0,42.0,43736.45,9886.07,33850.38,2057.85,3.2,-0.5479,643.18,464.13,40.0,1478.61,664.88,549.02,0.2175,312.55,518.5,62.51,687.61,1.6589,0.1218,3.764,3.0462,8.0,0.0,0.0,BENIGN_WEB
23.4877,42.0,12.0,30.0,42132.28,4046.69,38085.58,1793.8,1.79,-0.8079,1003.15,380.89,431.82,1500.0,1030.06,1061.34,0.4001,559.23,950.95,111.85,1230.31,1.7005,0.0691,4.5971,2.6902,20.0,0.0,0.0,BENIGN_WEB
15.2546,47.0,17.0,30.0,43326.24,4195.06,39131.18,2840.21,3.08,-0.8064,921.83,385.37,343.78,1500.0,997.81,960.81,0.2046,324.57,535.65,64.91,714.04,1.6504,0.1224,3.7382,2.2246,9.0,0.0,0.0,BENIGN_WEB
35.1491,1482.0,1331.0,151.0,1826990.45,1666956.87,160033.58,51978.28,42.16,0.8248,1232.79,252.3,854.34,1500.0,1076.4,1080.38,0.4787,9.96,2.7,1.99,21.91,0.2712,0.1895,2.2729,3.8144,18.0,1.0,0.0,DATA_EXFILTRATION
21.1042,50.0,15.0,35.0,34580.63,5254.04,29326.59,1638.56,2.37,-0.6961,691.61,326.89,201.28,1280.01,591.19,784.29,0.4323,422.08,593.93,84.42,928.59,1.4071,0.0352,3.634,2.5136,14.0,0.0,0.0,BENIGN_WEB
7.4742,80.0,33.0,47.0,85382.45,18043.89,67338.56,11423.59,10.7,-0.5773,1067.28,538.62,259.35,1500.0,930.71,1154.24,0.5718,93.43,118.88,18.69,205.54,1.2725,0.0167,4.8261,2.4944,18.0,0.0,0.0,BENIGN_WEB
31.6314,70.0,20.0,50.0,62756.64,7440.49,55316.15,1984.0,2.21,-0.7629,896.52,327.8,404.82,1486.56,980.85,963.4,0.4071,451.88,408.29,90.38,994.13,0.9036,0.0218,4.093,2.9019,14.0,0.0,0.0,BENIGN_WEB
25.6919,154.0,77.0,77.0,38434.43,26753.17,11681.26,1495.98,5.99,0.3921,249.57,42.09,186.44,325.33,251.53,239.14,0.4523,52.16,14.18,10.43,114.76,0.2718,0.607,3.648,4.1777,37.0,0.0,0.0,DOH_DATA_TUNNEL
10.4537,39.0,19.0,20.0,17903.72,12836.95,5066.77,1712.67,3.73,0.434,459.07,65.62,360.64,577.19,401.99,507.14,0.4117,222.06,96.87,44.41,488.52,0.4362,0.5334,3.8304,4.2435,61.0,0.0,0.0,DOH_DATA_TUNNEL
27.6028,61.0,22.0,39.0,52202.88,14104.6,38098.29,1891.22,2.21,-0.4596,855.78,403.21,250.98,1500.0,789.88,748.38,0.3991,452.5,448.36,90.5,995.51,0.9908,0.0951,4.1747,2.2304,9.0,0.0,0.0,BENIGN_WEB
31.5642,123.0,61.0,62.0,40017.85,27188.32,12829.53,1267.82,3.9,0.3588,325.35,64.27,228.94,441.04,366.55,358.53,0.2255,55.32,24.91,11.06,121.71,0.4502,0.5097,3.291,4.355,45.0,0.0,0.0,DOH_DATA_TUNNEL
14.9673,63.0,19.0,44.0,59704.24,9293.96,50410.28,3988.99,4.21,-0.6887,947.69,555.89,113.85,1500.0,959.72,839.05,0.4918,237.58,320.21,47.52,522.67,1.3478,0.0178,5.0053,2.715,13.0,0.0,0.0,BENIGN_WEB
11.4945,889.0,784.0,105.0,1120014.62,1057129.94,62884.68,97439.49,77.34,0.8877,1259.86,206.07,950.75,1500.0,1287.31,1224.83,0.2545,34.55,14.3,6.91,76.01,0.4138,0.2088,2.4445,3.3777,25.0,0.0,1.0,DATA_EXFILTRATION
9.5179,21.0,8.0,13.0,19862.13,2234.82,17627.31,2086.81,2.21,-0.775,945.82,555.24,112.96,1500.0,827.56,842.39,0.4308,453.23,413.4,90.65,997.12,0.9121,0.0738,3.626,2.2794,16.0,0.0,0.0,BENIGN_WEB
34.5477,133.0,66.0,67.0,56249.11,33615.04,22634.07,1628.16,3.85,0.1952,422.93,41.18,361.16,497.05,477.77,423.13,0.3556,58.75,15.04,11.75,129.25,0.2561,0.7087,3.1089,4.4541,42.0,0.0,0.0,DOH_DATA_TUNNEL
12.6021,50.0,15.0,35.0,44957.55,8846.59,36110.96,3567.48,3.97,-0.6064,899.15,548.98,75.68,1500.0,995.32,782.73,0.5848,252.04,423.04,50.41,554.49,1.6785,0.0479,4.0632,2.3942,14.0,0.0,0.0,BENIGN_WEB
12.5746,144.0,72.0,72.0,55286.01,33484.1,21801.9,4396.64,11.45,0.2113,383.93,42.54,320.12,460.5,365.02,374.99,0.6076,147.16,48.12,29.43,323.75,0.327,0.4673,3.5343,4.0401,49.0,0.0,0.0,DOH_DATA_TUNNEL
24.1973,144.0,72.0,72.0,43432.4,27419.07,16013.33,1794.93,5.95,0.2626,301.61,83.61,176.21,452.1,333.41,289.97,0.5093,239.66,131.77,47.93,527.25,0.5498,0.6327,4.0021,4.3956,48.0,1.0,0.0,DOH_DATA_TUNNEL
6.1033,25.0,8.0,17.0,26835.27,2780.82,24054.45,4396.84,4.1,-0.7927,1073.41,530.43,277.76,1500.0,1067.99,1208.99,0.4062,244.13,171.54,48.83,537.09,0.7026,0.1335,3.6308,2.6357,14.0,0.0,0.0,BENIGN_WEB
44.9148,770.0,662.0,108.0,1000983.76,990433.86,10549.9,22286.3,17.14,0.9789,1299.98,243.35,934.95,1500.0,1211.19,1138.55,0.3238,42.99,24.39,8.6,94.59,0.5672,0.1871,1.9543,3.1412,24.0,1.0,1.0,DATA_EXFILTRATION
7.9486,46.0,14.0,32.0,45499.34,10401.7,35097.64,5724.21,5.79,-0.5428,989.12,536.18,184.84,1500.0,901.51,1051.25,0.4985,172.8,210.99,34.56,380.15,1.221,0.1059,4.2875,2.3475,19.0,0.0,0.0,BENIGN_WEB
18.4852,94.0,47.0,47.0,35993.75,26318.82,9674.94,1947.16,5.09,0.4624,382.91,71.26,276.02,511.18,342.09,344.97,0.5573,174.2,43.85,34.84,383.23,0.2517,0.4391,3.8477,4.4394,33.0,0.0,0.0,DOH_DATA_TUNNEL
32.9908,155.0,77.0,78.0,45778.53,31984.83,13793.69,1387.62,4.7,0.3974,295.35,81.84,172.58,442.66,252.0,325.31,0.4344,132.05,31.73,26.41,290.51,0.2403,0.6156,3.5575,4.4671,52.0,0.0,0.0,DOH_DATA_TUNNEL
16.8785,126.0,63.0,63.0,32205.41,19554.71,12650.7,1908.07,7.47,0.2144,255.6,35.39,202.51,319.31,292.36,230.68,0.4798,54.01,15.83,10.8,118.81,0.2931,0.5756,3.4458,4.6355,47.0,0.0,0.0,DOH_DATA_TUNNEL
33.2705,173.0,86.0,87.0,40797.17,23700.29,17096.88,1226.23,5.2,0.1619,235.82,80.23,115.47,380.24,237.55,230.84,0.4285,139.05,33.6,27.81,305.91,0.2416,0.5785,3.2528,4.1535,61.0,1.0,0.0,DOH_DATA_TUNNEL
3.0158,55.0,15.0,40.0,58289.32,16857.87,41431.45,19328.08,18.24,-0.4216,1059.81,505.84,301.05,1500.0,914.46,1136.36,0.3771,54.83,73.71,10.97,120.63,1.3443,0.1234,4.0633,2.356,14.0,0.0,0.0,BENIGN_WEB
14.0477,59.0,24.0,35.0,50072.57,10834.62,39237.95,3564.47,4.2,-0.5672,848.69,392.9,259.34,1500.0,934.2,782.61,0.26,238.1,391.77,47.62,523.81,1.6454,0.1278,3.6101,2.2595,10.0,0.0,0.0,BENIGN_WEB
18.0003,177.0,151.0,26.0,243653.62,233885.08,9768.53,13536.08,9.83,0.9198,1376.57,248.69,1003.54,1500.0,1348.69,1253.37,0.3839,43.2,10.58,8.64,95.03,0.2448,0.2018,2.573,3.7712,29.0,0.0,0.0,DATA_EXFILTRATION
39.9636,157.0,78.0,79.0,47330.71,31664.44,15666.27,1184.35,3.93,0.338,301.47,78.12,184.28,442.09,262.9,306.59,0.2365,210.91,64.17,42.18,464.0,0.3043,0.4732,3.1618,4.0731,52.0,1.0,0.0,DOH_DATA_TUNNEL
27.1467,31.0,11.0,20.0,27774.29,3991.77,23782.51,1023.12,1.14,-0.7126,895.94,561.99,52.96,1500.0,985.67,849.94,0.4295,875.7,1345.28,175.14,1926.54,1.5362,0.0937,4.6008,2.9896,19.0,0.0,0.0,BENIGN_WEB
37.6672,168.0,84.0,84.0,54544.31,38579.05,15965.26,1448.06,4.46,0.4146,324.67,63.33,229.68,438.65,294.21,333.21,0.5093,53.64,18.68,10.73,118.01,0.3483,0.5007,3.5972,4.5471,53.0,1.0,0.0,DOH_DATA_TUNNEL
19.1815,1334.0,1157.0,177.0,1752484.69,1725391.57,27093.12,91363.49,69.55,0.9691,1313.71,191.22,1026.87,1500.0,1333.38,1493.98,0.4125,18.36,5.01,3.67,40.38,0.2727,0.1962,2.2234,3.5607,26.0,0.0,1.0,DATA_EXFILTRATION
19.8428,142.0,71.0,71.0,33910.9,22459.17,11451.72,1708.97,7.16,0.3246,238.81,53.86,158.02,335.76,239.58,246.86,0.3815,106.11,37.04,21.22,233.45,0.3491,0.5725,4.0114,3.9634,56.0,0.0,0.0,DOH_DATA_TUNNEL
8.9233,65.0,26.0,39.0,59643.54,13203.38,46440.16,6684.01,7.28,-0.5573,917.59,466.65,217.62,1500.0,811.48,782.35,0.2264,137.28,136.42,27.46,302.02,0.9938,0.0846,4.9929,2.7814,15.0,0.0,0.0,BENIGN_WEB
22.9331,51.0,15.0,36.0,51392.3,6786.56,44605.75,2240.96,2.22,-0.7359,1007.69,538.55,199.87,1500.0,994.66,950.93,0.1818,449.67,612.31,89.93,989.27,1.3617,0.1018,5.0983,2.4417,21.0,0.0,0.0,BENIGN_WEB
26.589,60.0,24.0,36.0,50483.49,9656.49,40827.0,1898.66,2.26,-0.6174,841.39,513.85,70.62,1500.0,826.05,760.12,0.5179,443.15,328.54,88.63,974.93,0.7414,0.0798,4.6033,2.8369,15.0,0.0,0.0,BENIGN_WEB
40.5196,118.0,59.0,59.0,43310.53,28792.19,14518.34,1068.88,2.91,0.3296,367.04,50.71,290.98,458.31,407.63,333.13,0.3536,211.65,118.63,42.33,465.62,0.5605,0.5821,3.1704,4.1606,52.0,0.0,0.0,DOH_DATA_TUNNEL
27.4194,90.0,45.0,45.0,38130.89,25995.67,12135.21,1390.65,3.28,0.3635,423.68,69.14,319.96,548.14,360.47,452.9,0.4029,179.23,64.4,35.85,394.3,0.3593,0.699,3.9079,4.5282,48.0,0.0,0.0,DOH_DATA_TUNNEL
19.105,32.0,13.0,19.0,22581.47,4562.89,18018.58,1181.97,1.67,-0.5959,705.67,392.68,116.65,1412.5,727.1,627.04,0.1884,597.03,865.24,119.41,1313.47,1.4492,0.0903,4.0085,2.455,8.0,0.0,0.0,BENIGN_WEB
29.7166,43.0,15.0,28.0,28695.29,7052.65,21642.64,965.63,1.45,-0.5084,667.33,540.88,40.0,1500.0,747.24,585.09,0.3468,691.08,731.04,138.22,1520.39,1.0578,0.0528,4.3328,2.5192,17.0,0.0,0.0,BENIGN_WEB
21.1002,136.0,68.0,68.0,49759.97,32940.93,16819.04,2358.27,6.45,0.324,365.88,44.86,298.6,446.62,385.04,407.73,0.195,237.78,128.67,47.56,523.11,0.5411,0.642,3.14,4.58,42.0,0.0,0.0,DOH_DATA_TUNNEL
16.1632,578.0,469.0,109.0,713779.8,697990.6,15789.2,44160.75,35.76,0.9558,1234.91,241.26,873.02,1500.0,1270.96,1198.61,0.2758,45.46,22.38,9.09,100.01,0.4924,0.1273,2.6794,3.2136,29.0,0.0,0.0,DATA_EXFILTRATION
16.1916,42.0,14.0,28.0,33699.96,4410.59,29289.36,2081.33,2.59,-0.7382,802.38,321.43,320.24,1380.95,686.4,691.06,0.6189,385.51,419.7,77.1,848.13,1.0887,0.123,4.2746,2.2352,19.0,0.0,0.0,BENIGN_WEB
11.8693,169.0,84.0,85.0,64517.69,40724.37,23793.32,5435.68,14.24,0.2624,381.76,62.16,288.52,493.65,327.61,402.3,0.5483,170.01,78.32,34.0,374.03,0.4607,0.5277,3.9318,3.9799,30.0,0.0,0.0,DOH_DATA_TUNNEL
19.1902,42.0,14.0,28.0,45287.66,8377.62,36910.04,2359.94,2.19,-0.63,1078.28,390.02,493.24,1500.0,1043.55,1164.39,0.327,456.91,586.69,91.38,1005.2,1.284,0.1365,4.9559,2.2587,14.0,0.0,0.0,BENIGN_WEB
11.2459,70.0,22.0,48.0,64786.56,14920.8,49865.76,5760.91,6.22,-0.5394,925.52,483.68,200.0,1500.0,847.83,810.65,0.414,160.66,276.8,32.13,353.44,1.7229,0.1173,4.3795,2.9644,12.0,0.0,0.0,BENIGN_WEB
17.1163,84.0,26.0,58.0,87893.98,14485.36,73408.62,5135.11,4.91,-0.6704,1046.36,378.04,479.3,1500.0,1151.15,901.29,0.4015,203.77,241.33,40.75,448.28,1.1844,0.0196,4.5419,2.4569,21.0,0.0,0.0,BENIGN_WEB
43.6853,162.0,146.0,16.0,200821.07,196902.71,3918.36,4596.99,3.71,0.961,1239.64,152.3,1011.19,1500.0,1060.65,1160.46,0.2611,20.18,10.14,4.04,44.39,0.5024,0.2193,1.9025,3.1796,19.0,1.0,0.0,DATA_EXFILTRATION
11.9684,18.0,6.0,12.0,11732.34,1631.13,10101.21,980.28,1.5,-0.7219,651.8,416.51,40.0,1401.51,671.23,734.14,0.3837,664.91,1155.58,132.98,1462.8,1.7379,0.0403,3.7358,2.1011,20.0,0.0,0.0,BENIGN_WEB
25.031,48.0,14.0,34.0,39824.1,9318.45,30505.65,1590.99,1.92,-0.532,829.67,565.43,40.0,1500.0,878.09,862.23,0.3111,521.48,695.49,104.3,1147.26,1.3337,0.0754,4.7931,2.3772,16.0,0.0,0.0,BENIGN_WEB
20.4652,28.0,10.0,18.0,20520.18,2483.56,18036.62,1002.69,1.37,-0.7579,732.86,374.91,170.49,1407.71,809.61,648.5,0.5124,730.9,958.64,146.18,1607.98,1.3116,0.0406,4.5185,2.6479,9.0,0.0,0.0,BENIGN_WEB
29.0067,30.0,8.0,22.0,26908.78,4277.55,22631.23,927.67,1.03,-0.6821,896.96,423.55,261.64,1500.0,778.65,965.02,0.3024,966.89,711.05,193.38,2127.16,0.7354,0.0924,3.8763,2.7317,17.0,0.0,0.0,BENIGN_WEB
29.9333,89.0,44.0,45.0,40062.47,25759.8,14302.67,1338.39,2.97,0.286,450.14,45.96,381.2,532.87,435.0,434.77,0.4719,163.45,73.68,32.69,359.59,0.4508,0.5136,3.7594,4.5172,57.0,0.0,0.0,DOH_DATA_TUNNEL
21.9319,66.0,33.0,33.0,23957.83,18016.22,5941.61,1092.38,3.01,0.504,363.0,38.7,304.94,432.66,381.27,412.53,0.4481,87.85,22.74,17.57,193.27,0.2588,0.6377,3.1259,4.1781,56.0,1.0,0.0,DOH_DATA_TUNNEL
7.4053,34.0,13.0,21.0,26056.15,6153.99,19902.16,3518.56,4.59,-0.5276,766.36,426.08,127.23,1500.0,874.29,819.53,0.4573,217.8,372.72,43.56,479.17,1.7113,0.0555,3.6979,2.7219,15.0,0.0,0.0,BENIGN_WEB
39.7021,169.0,84.0,85.0,45568.36,31375.68,14192.68,1147.76,4.26,0.3771,269.64,72.51,160.87,400.16,298.84,242.04,0.6181,174.44,84.59,34.89,383.77,0.4849,0.6799,4.0497,4.5124,40.0,0.0,0.0,DOH_DATA_TUNNEL
13.2882,59.0,19.0,40.0,43923.76,8245.82,35677.93,3305.48,4.44,-0.6245,744.47,322.29,261.04,1324.59,639.42,818.3,0.367,225.22,179.72,45.04,495.49,0.7979,0.0744,4.2384,2.1884,8.0,0.0,0.0,BENIGN_WEB
21.9048,388.0,343.0,45.0,513504.8,487290.47,26214.33,23442.53,17.71,0.8979,1323.47,206.59,1013.58,1500.0,1422.8,1238.97,0.2229,12.77,3.15,2.55,28.08,0.2464,0.2709,2.8694,2.9903,29.0,1.0,0.0,DATA_EXFILTRATION
11.1717,29.0,9.0,20.0,28493.56,3468.87,25024.69,2550.51,2.6,-0.7565,982.54,336.6,477.63,1500.0,1003.24,1093.05,0.3364,385.23,438.16,77.05,847.51,1.1374,0.0999,4.8857,2.9409,11.0,0.0,0.0,BENIGN_WEB
23.3201,28.0,11.0,17.0,21039.71,3672.5,17367.21,902.21,1.2,-0.6509,751.42,561.63,40.0,1500.0,729.47,696.62,0.4047,832.86,1015.89,166.57,1832.29,1.2198,0.1361,3.8407,2.1192,9.0,0.0,0.0,BENIGN_WEB
13.6219,52.0,18.0,34.0,45579.96,5449.99,40129.97,3346.08,3.82,-0.7609,876.54,373.27,316.64,1500.0,950.03,910.64,0.3689,261.96,306.46,52.39,576.31,1.1699,0.0642,4.1286,2.41,14.0,0.0,0.0,BENIGN_WEB
22.1588,66.0,20.0,46.0,64047.88,11690.69,52357.18,2890.41,2.98,-0.6349,970.42,373.95,409.49,1500.0,1042.38,1049.28,0.5973,335.74,266.94,67.15,738.63,0.7951,0.1376,4.7698,2.6108,20.0,0.0,0.0,BENIGN_WEB
18.1859,76.0,30.0,46.0,79427.98,16529.66,62898.32,4367.57,4.18,-0.5838,1045.1,411.06,428.52,1500.0,1013.19,1092.65,0.2298,239.29,383.44,47.86,526.43,1.6024,0.0335,3.7785,2.3336,9.0,0.0,0.0,BENIGN_WEB
6.8151,685.0,572.0,113.0,842264.33,812847.04,29417.29,123587.88,100.51,0.9301,1229.58,174.73,967.49,1500.0,1324.96,1164.43,0.6043,14.35,4.45,2.87,31.57,0.3104,0.1838,1.9745,3.7713,29.0,0.0,0.0,DATA_EXFILTRATION
24.6461,83.0,34.0,49.0,65077.99,12349.03,52728.97,2640.5,3.37,-0.6205,784.07,499.18,40.0,1500.0,800.26,795.25,0.2832,296.94,326.26,59.39,653.27,1.0987,0.0332,4.1508,2.1068,10.0,0.0,0.0,BENIGN_WEB
10.8901,726.0,608.0,118.0,936677.12,852668.41,84008.71,86012.11,66.67,0.8206,1290.19,133.32,1090.21,1500.0,1423.48,1281.17,0.2172,38.04,12.56,7.61,83.68,0.3303,0.2683,2.6495,3.1016,25.0,0.0,0.0,DATA_EXFILTRATION
5.7283,52.0,20.0,32.0,37892.52,9705.25,28187.26,6614.98,9.08,-0.4877,728.7,385.9,149.86,1423.31,748.0,636.89,0.4977,110.16,147.43,22.03,242.35,1.3383,0.0858,4.9259,2.3332,15.0,0.0,0.0,BENIGN_WEB
29.8011,81.0,40.0,41.0,24763.01,15379.88,9383.14,830.94,2.72,0.2422,305.72,80.58,184.85,450.75,328.45,301.65,0.4738,155.77,37.06,31.15,342.69,0.2379,0.6951,3.9522,4.0886,42.0,0.0,0.0,DOH_DATA_TUNNEL
34.9738,164.0,82.0,82.0,48231.28,31968.16,16263.12,1379.07,4.69,0.3256,294.09,55.8,210.39,394.53,318.21,337.6,0.5981,111.59,32.42,22.32,245.49,0.2905,0.493,3.6611,4.3515,42.0,1.0,0.0,DOH_DATA_TUNNEL
2.6357,71.0,21.0,50.0,70811.6,15231.85,55579.75,26865.92,26.94,-0.5698,997.35,511.45,230.18,1500.0,1041.41,919.28,0.5621,37.12,28.09,7.42,81.67,0.7567,0.026,4.2047,2.5768,20.0,0.0,0.0,BENIGN_WEB
15.7648,82.0,41.0,41.0,25750.37,19301.54,6448.82,1633.41,5.2,0.4991,314.03,59.08,225.41,420.37,334.02,347.75,0.335,217.68,51.12,43.54,478.89,0.2348,0.59,3.3349,3.9875,40.0,0.0,0.0,DOH_DATA_TUNNEL
33.174,45.0,22.0,23.0,10440.98,7652.16,2788.82,314.73,1.36,0.4658,232.02,52.76,152.88,326.99,209.8,218.83,0.4401,205.63,99.77,41.13,452.39,0.4852,0.7186,3.8711,4.0161,33.0,1.0,0.0,DOH_DATA_TUNNEL
22.7875,57.0,18.0,39.0,53950.45,7084.59,46865.86,2367.54,2.5,-0.7374,946.5,450.21,271.19,1500.0,894.12,1031.08,0.3635,399.78,485.27,79.96,879.52,1.2138,0.08,4.6773,2.3356,13.0,0.0,0.0,BENIGN_WEB
11.4706,150.0,75.0,75.0,63035.93,44130.66,18905.28,5495.42,13.08,0.4002,420.24,41.72,357.66,495.33,393.52,454.63,0.2371,54.15,25.52,10.83,119.12,0.4714,0.6712,3.8781,3.9135,40.0,0.0,0.0,DOH_DATA_TUNNEL
41.8868,415.0,374.0,41.0,533893.94,525323.32,8570.62,12746.11,9.91,0.9679,1286.49,126.89,1096.15,1500.0,1273.33,1287.75,0.3386,24.78,12.98,4.96,54.52,0.5239,0.1767,2.0453,3.0102,22.0,1.0,0.0,DATA_EXFILTRATION
16.1396,32.0,11.0,21.0,28050.04,6517.24,21532.8,1737.97,1.98,-0.5353,876.56,320.69,395.52,1453.81,797.62,1002.92,0.5353,504.36,561.6,100.87,1109.59,1.1135,0.0612,4.0342,2.3004,9.0,0.0,0.0,BENIGN_WEB
34.1043,118.0,59.0,59.0,38690.52,24352.54,14337.98,1134.48,3.46,0.2588,327.89,46.36,258.35,411.33,376.0,328.36,0.2545,130.72,71.66,26.14,287.58,0.5482,0.5268,3.5393,4.3122,52.0,1.0,0.0,DOH_DATA_TUNNEL
7.3715,58.0,17.0,41.0,61734.79,8746.3,52988.5,8374.81,7.87,-0.7166,1064.39,402.43,460.75,1500.0,1019.05,1056.03,0.5103,127.09,159.55,25.42,279.61,1.2554,0.0557,3.9171,2.5345,21.0,0.0,0.0,BENIGN_WEB
21.5214,79.0,27.0,52.0,62359.27,7075.95,55283.32,2897.54,3.67,-0.7731,789.36,326.8,299.16,1377.6,841.03,811.52,0.2438,272.42,458.09,54.48,599.33,1.6816,0.1312,3.7001,2.2694,12.0,0.0,0.0,BENIGN_WEB
6.3604,38.0,19.0,19.0,15377.15,10655.85,4721.3,2417.62,5.97,0.3859,404.66,74.97,292.21,539.61,398.1,400.47,0.2378,189.97,56.17,37.99,417.93,0.2957,0.467,3.3076,3.9289,30.0,0.0,0.0,DOH_DATA_TUNNEL
30.8301,135.0,67.0,68.0,56025.19,33346.31,22678.88,1817.22,4.38,0.1904,415.0,67.45,313.82,536.42,463.16,395.35,0.4276,224.29,97.72,44.86,493.43,0.4357,0.586,3.2362,4.4198,55.0,1.0,0.0,DOH_DATA_TUNNEL
33.6511,160.0,80.0,80.0,58554.46,43762.7,14791.77,1740.05,4.75,0.4948,365.97,79.62,246.54,509.28,317.69,319.01,0.5217,204.08,92.96,40.82,448.98,0.4555,0.6903,3.5985,4.3911,54.0,1.0,0.0,DOH_DATA_TUNNEL
8.0887,135.0,67.0,68.0,34825.31,25772.81,9052.5,4305.41,16.69,0.4801,257.97,61.35,165.94,368.4,262.39,272.55,0.5705,127.63,33.33,25.53,280.78,0.2612,0.5998,3.9559,4.5275,47.0,0.0,0.0,DOH_DATA_TUNNEL
17.4631,1210.0,1089.0,121.0,1493215.39,1342240.99,150974.4,85506.7,69.29,0.7978,1234.06,180.58,963.19,1500.0,1217.56,1055.92,0.5548,29.48,8.45,5.9,64.86,0.2865,0.1912,2.3461,3.8467,14.0,0.0,0.0,DATA_EXFILTRATION
16.7218,169.0,84.0,85.0,58666.63,39978.46,18688.16,3508.4,10.11,0.3629,347.14,36.36,292.59,412.59,363.07,378.36,0.4141,209.14,59.49,41.83,460.1,0.2845,0.4529,3.6315,4.5002,36.0,0.0,0.0,DOH_DATA_TUNNEL
36.7011,160.0,80.0,80.0,59617.75,42835.68,16782.08,1624.41,4.36,0.437,372.61,48.18,300.34,459.33,327.3,332.79,0.2562,61.79,32.67,12.36,135.93,0.5288,0.5141,3.6585,4.6023,35.0,1.0,0.0,DOH_DATA_TUNNEL
31.2493,18.0,6.0,12.0,17195.39,3510.63,13684.76,550.26,0.58,-0.5917,955.3,563.14,110.59,1500.0,877.89,870.85,0.2264,1736.07,2340.73,347.21,3819.36,1.3483,0.0224,3.838,2.3327,14.0,0.0,0.0,BENIGN_WEB
14.8568,39.0,19.0,20.0,11112.06,8364.0,2748.07,747.94,2.63,0.5054,284.92,35.79,231.25,349.34,269.96,315.57,0.5761,236.8,87.31,47.36,520.96,0.3687,0.6395,3.1669,4.4993,56.0,0.0,0.0,DOH_DATA_TUNNEL
12.5481,56.0,20.0,36.0,48315.91,10586.83,37729.08,3850.46,4.46,-0.5618,862.78,544.57,45.94,1500.0,819.32,741.15,0.3389,224.07,257.72,44.81,492.96,1.1502,0.1019,4.052,2.581,14.0,0.0,0.0,BENIGN_WEB
40.9454,155.0,77.0,78.0,68926.89,47355.11,21571.78,1683.38,3.79,0.3741,444.69,75.25,331.81,580.15,388.95,461.41,0.2292,101.42,57.9,20.28,223.12,0.5709,0.622,3.7022,4.5685,52.0,0.0,0.0,DOH_DATA_TUNNEL
19.9425,71.0,29.0,42.0,66227.49,12282.38,53945.11,3320.93,3.56,-0.6291,932.78,529.46,138.59,1500.0,974.63,829.47,0.4348,280.88,334.58,56.18,617.94,1.1912,0.0268,4.1467,2.7504,14.0,0.0,0.0,BENIGN_WEB
29.582,92.0,46.0,46.0,21795.95,12691.38,9104.57,736.8,3.11,0.1646,236.91,63.97,140.96,352.06,202.38,238.28,0.4923,77.78,28.75,15.56,171.11,0.3696,0.6683,3.642,4.2283,50.0,0.0,0.0,DOH_DATA_TUNNEL
8.0201,719.0,599.0,120.0,1035935.14,954767.52,81167.62,129167.35,89.65,0.8433,1440.8,177.42,1174.67,1500.0,1476.6,1511.54,0.3214,12.53,7.11,2.51,27.57,0.5671,0.2299,2.0793,3.762,24.0,0.0,0.0,DATA_EXFILTRATION
18.2626,38.0,11.0,27.0,36175.31,4677.0,31498.31,1980.84,2.08,-0.7414,951.98,527.97,160.02,1500.0,1073.47,885.64,0.4099,480.6,539.66,96.12,1057.31,1.1229,0.1097,4.1494,3.0926,13.0,0.0,0.0,BENIGN_WEB
17.1119,89.0,44.0,45.0,23531.68,17823.77,5707.91,1375.17,5.2,0.5149,264.4,50.31,188.94,354.96,239.32,303.12,0.4807,133.84,49.81,26.77,294.44,0.3722,0.4338,4.0205,3.868,38.0,0.0,0.0,DOH_DATA_TUNNEL
10.0312,69.0,34.0,35.0,25940.79,15640.49,10300.3,2586.01,6.88,0.2059,375.95,81.18,254.19,522.08,329.3,330.19,0.2018,69.71,31.31,13.94,153.35,0.4492,0.5511,3.256,4.0639,53.0,1.0,0.0,DOH_DATA_TUNNEL
40.6319,1178.0,1077.0,101.0,1691258.86,1558765.96,132492.9,41623.9,28.99,0.8433,1435.7,156.82,1200.47,1500.0,1358.02,1451.74,0.5035,39.98,13.18,8.0,87.95,0.3298,0.1806,2.8683,3.2128,21.0,1.0,0.0,DATA_EXFILTRATION
20.1156,34.0,11.0,23.0,33855.35,5380.85,28474.5,1683.04,1.69,-0.6821,995.75,466.4,296.15,1500.0,1063.98,1059.43,0.3225,591.63,971.5,118.33,1301.59,1.6421,0.087,4.0458,2.6402,10.0,0.0,0.0,BENIGN_WEB
25.2717,63.0,22.0,41.0,65484.98,12676.37,52808.6,2591.23,2.49,-0.6128,1039.44,403.79,433.75,1500.0,1013.91,1063.64,0.6099,401.14,400.76,80.23,882.51,0.9991,0.0728,4.9238,2.8251,13.0,0.0,0.0,BENIGN_WEB
25.1397,156.0,78.0,78.0,62097.12,35099.84,26997.28,2470.08,6.21,0.1305,398.06,57.45,311.88,501.47,444.28,361.27,0.6067,115.86,47.79,23.17,254.89,0.4124,0.6237,3.1054,4.4077,31.0,0.0,0.0,DOH_DATA_TUNNEL
12.5823,53.0,26.0,27.0,14027.99,8810.6,5217.39,1114.9,4.21,0.2561,264.68,77.75,148.05,404.63,292.75,276.77,0.5426,214.32,111.83,42.86,471.49,0.5218,0.5367,3.3052,4.0911,33.0,0.0,0.0,DOH_DATA_TUNNEL
7.5173,23.0,9.0,14.0,21032.63,3086.52,17946.11,2797.89,3.06,-0.7065,914.46,391.55,327.14,1500.0,796.67,1049.68,0.3047,326.84,266.34,65.37,719.05,0.8149,0.016,4.1903,2.5424,13.0,0.0,0.0,BENIGN_WEB
12.9959,157.0,78.0,79.0,50215.52,32812.37,17403.15,3863.94,12.08,0.3069,319.84,38.97,261.39,389.99,318.54,363.94,0.5657,151.96,52.97,30.39,334.3,0.3486,0.5512,3.2653,3.9617,51.0,0.0,0.0,DOH_DATA_TUNNEL
3.8977,45.0,13.0,32.0,28679.9,2697.49,25982.41,7358.2,11.55,-0.8119,637.33,543.82,40.0,1500.0,667.26,570.21,0.4088,86.62,144.92,17.32,190.55,1.6731,0.0225,4.5315,2.3048,16.0,0.0,0.0,BENIGN_WEB
11.2243,143.0,71.0,72.0,51135.65,36927.6,14208.05,4555.82,12.74,0.4443,357.59,56.73,272.49,459.71,309.4,334.79,0.3947,109.6,35.84,21.92,241.13,0.327,0.4513,3.8398,4.3295,44.0,0.0,0.0,DOH_DATA_TUNNEL
7.5525,36.0,11.0,25.0,37498.66,8325.54,29173.12,4965.09,4.77,-0.556,1041.63,397.82,444.9,1500.0,1145.7,925.66,0.4249,209.79,230.32,41.96,461.54,1.0979,0.1061,3.6263,2.6117,10.0,0.0,0.0,BENIGN_WEB
25.3863,69.0,28.0,41.0,73290.8,18959.91,54330.89,2887.02,2.72,-0.4826,1062.19,541.87,249.38,1500.0,1198.09,921.76,0.5239,367.92,481.63,73.58,809.42,1.3091,0.1034,4.001,2.462,21.0,0.0,0.0,BENIGN_WEB
10.9299,32.0,10.0,22.0,25861.25,5841.27,20019.97,2366.1,2.93,-0.5483,808.16,411.02,191.63,1500.0,854.21,821.44,0.5487,341.56,514.36,68.31,751.43,1.5059,0.0679,5.0889,2.5449,13.0,0.0,0.0,BENIGN_WEB
28.4533,42.0,11.0,31.0,34460.25,4255.04,30205.2,1211.12,1.48,-0.753,820.48,542.98,40.0,1500.0,831.85,718.83,0.4457,677.46,850.27,135.49,1490.41,1.2551,0.1195,4.4441,2.7641,15.0,0.0,0.0,BENIGN_WEB
17.4316,45.0,22.0,23.0,11025.36,7139.83,3885.53,632.49,2.58,0.2952,245.01,71.4,137.91,373.53,215.7,250.25,0.5311,216.95,62.92,43.39,477.28,0.29,0.6408,3.2922,3.8735,53.0,1.0,0.0,DOH_DATA_TUNNEL
5.3616,50.0,14.0,36.0,47094.65,11629.04,35465.62,8783.71,9.33,-0.5061,941.89,505.43,183.75,1500.0,916.51,814.27,0.2248,107.23,101.19,21.45,235.91,0.9436,0.0954,4.4146,2.7724,18.0,0.0,0.0,BENIGN_WEB
14.7706,30.0,11.0,19.0,28233.04,3669.81,24563.23,1911.44,2.03,-0.74,941.1,489.78,206.44,1500.0,1077.94,876.23,0.4274,492.35,497.1,98.47,1083.18,1.0096,0.0401,4.5369,2.1092,15.0,0.0,0.0,BENIGN_WEB
16.6452,36.0,11.0,25.0,38396.46,10086.55,28309.91,2306.76,2.16,-0.4746,1066.57,503.01,312.05,1500.0,1175.85,1216.68,0.2528,462.37,528.45,92.47,1017.21,1.1429,0.0594,4.6203,2.1966,12.0,0.0,0.0,BENIGN_WEB
17.2875,115.0,57.0,58.0,38385.78,21734.15,16651.63,2220.43,6.65,0.1324,333.79,55.59,250.41,433.85,354.7,322.38,0.5397,171.77,91.85,34.35,377.9,0.5347,0.6634,3.2493,4.6366,50.0,1.0,0.0,DOH_DATA_TUNNEL
37.1731,132.0,66.0,66.0,53508.83,31169.17,22339.66,1439.45,3.55,0.165,405.37,54.9,323.02,504.19,352.28,368.67,0.4294,91.77,41.68,18.35,201.89,0.4542,0.5668,3.3865,3.9788,36.0,0.0,0.0,DOH_DATA_TUNNEL
12.8549,57.0,23.0,34.0,54862.82,12081.21,42781.61,4267.86,4.43,-0.5596,962.51,377.07,396.91,1500.0,1061.95,1008.1,0.3897,225.52,246.92,45.1,496.15,1.0949,0.133,4.5511,2.774,18.0,0.0,0.0,BENIGN_WEB
26.168,631.0,522.0,109.0,778446.93,722821.96,55624.97,29748.07,24.11,0.8571,1233.67,166.04,984.62,1500.0,1345.9,1418.48,0.5183,40.89,14.19,8.18,89.95,0.3471,0.1493,2.137,2.998,26.0,1.0,0.0,DATA_EXFILTRATION
6.2132,32.0,11.0,21.0,33771.32,5743.71,28027.6,5435.41,5.15,-0.6598,1055.35,517.95,278.43,1500.0,1133.17,1071.46,0.5085,194.16,234.84,38.83,427.16,1.2095,0.0369,4.6465,2.5639,15.0,0.0,0.0,BENIGN_WEB
19.2445,17.0,5.0,12.0,16784.34,3878.08,12906.26,872.17,0.88,-0.5379,987.31,396.07,393.21,1500.0,1003.06,1069.87,0.2992,1132.03,1139.13,226.41,2490.46,1.0063,0.0925,4.8439,2.2192,11.0,0.0,0.0,BENIGN_WEB
37.3305,119.0,59.0,60.0,33581.79,22993.82,10587.97,899.58,3.19,0.3694,282.2,66.83,181.96,402.49,278.49,273.62,0.5984,92.31,46.14,18.46,203.07,0.4999,0.6013,3.2339,4.3921,45.0,1.0,0.0,DOH_DATA_TUNNEL
13.6759,78.0,24.0,54.0,81740.65,8869.42,72871.23,5976.97,5.7,-0.783,1047.96,476.4,333.35,1500.0,1129.39,912.88,0.615,175.33,279.55,35.07,385.73,1.5944,0.1363,3.8098,2.107,13.0,0.0,0.0,BENIGN_WEB
8.67,130.0,65.0,65.0,45096.24,26803.71,18292.53,5201.4,14.99,0.1887,346.89,67.11,246.23,467.7,358.26,319.18,0.3291,60.0,23.15,12.0,132.0,0.3858,0.453,4.0115,4.5824,45.0,0.0,0.0,DOH_DATA_TUNNEL
3.4543,30.0,9.0,21.0,21595.71,4402.59,17193.13,6251.83,8.68,-0.5923,719.86,504.54,40.0,1500.0,749.54,782.72,0.4936,115.14,132.18,23.03,253.32,1.148,0.0973,4.3674,2.1322,15.0,0.0,0.0,BENIGN_WEB
25.1226,38.0,19.0,19.0,16650.97,10555.65,6095.32,662.79,1.51,0.2679,438.18,65.89,339.35,556.78,402.03,402.23,0.3568,139.21,53.39,27.84,306.26,0.3835,0.6213,3.1805,4.6069,48.0,0.0,0.0,DOH_DATA_TUNNEL
9.8858,124.0,62.0,62.0,47347.82,29144.85,18202.98,4789.48,12.54,0.2311,381.84,46.9,311.48,466.27,327.65,334.28,0.1821,227.21,115.27,45.44,499.86,0.5073,0.4897,3.4061,4.4267,33.0,0.0,0.0,DOH_DATA_TUNNEL
15.5567,31.0,11.0,20.0,29412.93,5740.15,23672.77,1890.69,1.99,-0.6097,948.8,377.91,381.94,1500.0,1019.59,1050.65,0.2725,501.83,667.74,100.37,1104.03,1.3306,0.1099,4.2905,2.1793,21.0,0.0,0.0,BENIGN_WEB
5.7875,72.0,28.0,44.0,56379.98,6154.79,50225.19,9741.73,12.44,-0.7817,783.06,548.1,40.0,1500.0,676.63,862.01,0.4216,80.38,126.65,16.08,176.84,1.5757,0.0858,4.0287,2.3096,12.0,0.0,0.0,BENIGN_WEB
25.2889,658.0,576.0,82.0,897144.44,818308.79,78835.65,35475.86,26.02,0.8243,1363.44,177.58,1097.07,1500.0,1409.86,1320.77,0.5958,42.79,24.0,8.56,94.14,0.5608,0.2329,2.6849,3.3752,21.0,0.0,0.0,DATA_EXFILTRATION
32.5638,120.0,60.0,60.0,47426.41,34196.8,13229.61,1456.42,3.69,0.4421,395.22,68.48,292.5,518.48,354.51,371.86,0.4291,206.52,50.14,41.3,454.35,0.2428,0.562,3.6627,4.5838,30.0,0.0,0.0,DOH_DATA_TUNNEL
20.949,154.0,77.0,77.0,51759.94,35904.12,15855.82,2470.76,7.35,0.3873,336.1,43.53,270.8,414.46,304.98,362.06,0.5775,179.34,98.74,35.87,394.54,0.5506,0.5281,3.4628,3.9498,58.0,1.0,0.0,DOH_DATA_TUNNEL
27.6649,52.0,14.0,38.0,48736.88,10569.68,38167.2,1761.68,1.88,-0.5663,937.25,358.69,399.21,1500.0,956.95,826.77,0.207,532.02,430.52,106.4,1170.44,0.8092,0.1248,4.6515,2.6508,16.0,0.0,0.0,BENIGN_WEB
23.5223,57.0,16.0,41.0,48679.09,8388.38,40290.71,2069.48,2.42,-0.6554,854.02,457.96,167.08,1500.0,765.2,961.79,0.6052,412.67,448.69,82.53,907.88,1.0873,0.037,3.9433,2.9278,16.0,0.0,0.0,BENIGN_WEB
16.2035,77.0,28.0,49.0,69294.31,9627.52,59666.78,4276.52,4.75,-0.7221,899.93,536.55,95.1,1500.0,851.35,1003.98,0.5043,210.43,165.7,42.09,462.96,0.7874,0.0978,4.7479,2.7867,11.0,0.0,0.0,BENIGN_WEB
8.1722,66.0,33.0,33.0,28690.27,20919.6,7770.67,3510.71,8.08,0.4583,434.7,65.24,336.84,552.14,429.96,380.62,0.5338,54.66,28.7,10.93,120.25,0.5252,0.6091,4.0083,4.3574,31.0,1.0,0.0,DOH_DATA_TUNNEL
6.2995,77.0,38.0,39.0,31162.84,23630.84,7532.01,4946.88,12.22,0.5166,404.71,70.12,299.53,530.93,352.56,461.59,0.3125,53.58,12.98,10.72,117.88,0.2422,0.5885,3.6255,4.6401,53.0,0.0,0.0,DOH_DATA_TUNNEL
6.9261,1311.0,1058.0,253.0,1833537.8,1788501.06,45036.74,264727.54,189.28,0.9509,1398.58,132.25,1200.2,1500.0,1291.42,1585.94,0.183,28.64,8.33,5.73,63.02,0.2909,0.2709,2.5745,3.3759,29.0,1.0,0.0,DATA_EXFILTRATION
7.4375,56.0,28.0,28.0,23688.98,17927.78,5761.2,3185.05,7.53,0.5136,423.02,49.81,348.31,512.67,474.58,479.28,0.6104,99.7,44.92,19.94,219.35,0.4505,0.679,3.8294,4.1425,44.0,0.0,0.0,DOH_DATA_TUNNEL
14.0385,81.0,32.0,49.0,87055.87,9585.96,77469.9,6201.22,5.77,-0.7798,1074.76,517.34,298.76,1500.0,1168.71,1160.36,0.4797,173.31,235.69,34.66,381.29,1.3599,0.0552,4.4467,2.1504,19.0,0.0,0.0,BENIGN_WEB
17.665,121.0,60.0,61.0,30250.77,21678.07,8572.7,1712.47,6.85,0.4332,250.01,41.95,187.08,325.52,242.86,226.42,0.4415,221.38,86.31,44.28,487.03,0.3899,0.6482,3.6748,4.2358,30.0,0.0,0.0,DOH_DATA_TUNNEL
29.8068,43.0,21.0,22.0,19098.95,11913.48,7185.47,640.76,1.44,0.2476,444.16,56.74,359.05,546.3,474.19,384.93,0.5724,166.73,46.89,33.35,366.8,0.2812,0.5476,3.7378,4.2923,55.0,0.0,0.0,DOH_DATA_TUNNEL
20.5558,58.0,29.0,29.0,21019.11,11771.81,9247.3,1022.54,2.82,0.1201,362.4,50.8,286.19,453.84,404.76,397.68,0.5592,117.67,40.35,23.53,258.87,0.3429,0.6661,3.1362,4.2302,61.0,1.0,0.0,DOH_DATA_TUNNEL
13.0005,70.0,27.0,43.0,64694.65,9326.03,55368.63,4976.32,5.38,-0.7117,924.21,461.24,232.35,1500.0,863.96,879.59,0.3105,185.72,195.65,37.14,408.59,1.0535,0.0176,4.242,2.5603,20.0,0.0,0.0,BENIGN_WEB
15.8196,60.0,30.0,30.0,20867.32,13006.28,7861.03,1319.08,3.79,0.2466,347.79,63.62,252.36,462.31,367.87,303.97,0.4876,181.41,69.32,36.28,399.1,0.3821,0.6873,3.1592,4.3701,30.0,0.0,0.0,DOH_DATA_TUNNEL
27.3874,146.0,73.0,73.0,35032.34,20456.88,14575.47,1279.14,5.33,0.1679,239.95,42.99,175.47,317.32,222.59,212.28,0.5937,204.14,63.33,40.83,449.11,0.3102,0.555,3.6631,3.9255,56.0,0.0,0.0,DOH_DATA_TUNNEL
16.5889,66.0,24.0,42.0,63993.96,13951.04,50042.92,3857.63,3.98,-0.564,969.61,399.23,370.75,1500.0,929.44,1005.15,0.5189,251.35,337.68,50.27,552.96,1.3435,0.0227,4.8861,2.169,10.0,0.0,0.0,BENIGN_WEB
37.5025,43.0,21.0,22.0,18220.47,12449.68,5770.79,485.85,1.15,0.3666,423.73,84.11,297.56,575.14,428.8,436.46,0.2343,122.07,37.64,24.41,268.56,0.3084,0.4509,3.3582,4.4365,58.0,0.0,0.0,DOH_DATA_TUNNEL
3.7605,32.0,9.0,23.0,27947.27,2621.92,25325.36,7431.8,8.51,-0.8124,873.35,522.53,89.55,1500.0,746.64,967.53,0.2768,117.52,97.96,23.5,258.53,0.8336,0.0946,4.0287,2.6892,9.0,0.0,0.0,BENIGN_WEB
27.1062,33.0,9.0,24.0,32843.51,8946.85,23896.65,1211.66,1.22,-0.4552,995.26,438.25,337.88,1500.0,921.42,972.89,0.4905,821.4,581.39,164.28,1807.08,0.7078,0.1358,4.2914,2.203,13.0,0.0,0.0,BENIGN_WEB
45.3134,249.0,216.0,33.0,352836.02,336194.61,16641.41,7786.58,5.5,0.9057,1417.01,127.31,1226.05,1500.0,1289.51,1561.88,0.252,15.59,3.92,3.12,34.29,0.2513,0.2496,2.1579,3.6543,19.0,1.0,0.0,DATA_EXFILTRATION
20.3415,66.0,26.0,40.0,61563.93,13495.41,48068.52,3026.52,3.24,-0.5616,932.79,397.48,336.57,1500.0,976.27,963.22,0.44,308.2,457.57,61.64,678.05,1.4846,0.0874,4.3522,3.022,8.0,0.0,0.0,BENIGN_WEB
31.4653,472.0,410.0,62.0,582530.89,567664.8,14866.09,18513.42,15.0,0.949,1234.18,222.78,900.0,1500.0,1097.65,1296.92,0.2894,36.51,21.75,7.3,80.32,0.5958,0.1383,2.7109,3.3935,27.0,0.0,0.0,DATA_EXFILTRATION
30.4065,19.0,7.0,12.0,16649.11,2507.26,14141.85,547.55,0.62,-0.6988,876.27,461.5,184.01,1500.0,961.88,781.05,0.5451,1600.34,2311.24,320.07,3520.76,1.4442,0.0908,5.088,2.5664,12.0,0.0,0.0,BENIGN_WEB
6.764,509.0,417.0,92.0,699549.25,677365.73,22183.52,103422.02,75.25,0.9366,1374.36,225.28,1036.44,1500.0,1414.16,1525.84,0.2217,32.58,14.34,6.52,71.68,0.4401,0.1882,2.4244,3.2289,22.0,0.0,0.0,DATA_EXFILTRATION
5.9685,58.0,22.0,36.0,62540.03,13454.19,49085.84,10478.33,9.72,-0.5697,1078.28,538.34,270.77,1500.0,1059.75,1062.68,0.2628,102.91,159.82,20.58,226.39,1.5531,0.0513,3.8315,3.0462,8.0,0.0,0.0,BENIGN_WEB
34.9461,146.0,73.0,73.0,52707.07,39128.41,13578.66,1508.24,4.18,0.4847,361.01,82.3,237.56,509.15,402.53,407.78,0.2099,61.74,20.47,12.35,135.83,0.3315,0.602,3.2323,3.8597,35.0,0.0,0.0,DOH_DATA_TUNNEL
29.4505,109.0,54.0,55.0,43425.74,27106.13,16319.61,1474.54,3.7,0.2484,398.4,73.9,287.56,531.41,431.77,385.89,0.485,47.51,13.74,9.5,104.52,0.2892,0.4904,3.2934,4.398,40.0,0.0,0.0,DOH_DATA_TUNNEL
11.8392,76.0,27.0,49.0,60039.69,5883.19,54156.51,5071.27,6.42,-0.804,790.0,466.61,90.08,1500.0,758.23,826.23,0.5287,155.78,154.87,31.16,342.71,0.9941,0.067,3.6229,3.0891,12.0,0.0,0.0,BENIGN_WEB
4.0037,28.0,9.0,19.0,20703.56,2948.9,17754.66,5171.07,6.99,-0.7151,739.41,549.89,40.0,1500.0,714.98,734.11,0.3476,142.99,189.61,28.6,314.58,1.3261,0.1365,4.9623,3.0568,13.0,0.0,0.0,BENIGN_WEB
8.7356,32.0,12.0,20.0,33350.4,8333.7,25016.7,3817.76,3.66,-0.5002,1042.2,542.15,228.97,1500.0,1010.58,1025.82,0.6111,272.99,288.2,54.6,600.57,1.0557,0.0377,4.8803,2.1211,10.0,0.0,0.0,BENIGN_WEB
13.5221,1473.0,1280.0,193.0,2114777.62,1886529.75,228247.87,156394.33,108.93,0.7841,1435.69,215.65,1112.22,1500.0,1322.17,1585.17,0.3624,40.28,21.7,8.06,88.62,0.5387,0.1238,2.0267,3.1188,28.0,1.0,0.0,DATA_EXFILTRATION
28.9552,44.0,22.0,22.0,16473.8,10722.71,5751.09,568.94,1.52,0.3018,374.4,64.91,277.04,491.25,326.79,424.66,0.54,170.26,49.63,34.05,374.56,0.2915,0.4524,3.5646,4.3522,35.0,0.0,0.0,DOH_DATA_TUNNEL
7.7484,50.0,25.0,25.0,12700.55,7778.5,4922.04,1639.12,6.45,0.2249,254.01,59.94,164.1,361.9,256.16,247.45,0.3731,226.28,68.84,45.26,497.82,0.3042,0.6845,3.2805,4.5479,52.0,1.0,0.0,DOH_DATA_TUNNEL
7.451,71.0,23.0,48.0,53906.35,9211.48,44694.87,7234.79,9.53,-0.6582,759.24,487.53,40.0,1500.0,734.9,723.31,0.4895,104.94,166.9,20.99,230.88,1.5904,0.1044,4.4025,2.8298,15.0,0.0,0.0,BENIGN_WEB
41.0602,77.0,38.0,39.0,31163.14,18806.58,12356.56,758.96,1.88,0.207,404.72,57.04,319.16,507.39,443.51,465.32,0.5687,191.91,106.72,38.38,422.21,0.5561,0.6294,3.2603,4.5431,59.0,1.0,0.0,DOH_DATA_TUNNEL
4.0008,61.0,19.0,42.0,48743.81,7030.97,41712.84,12183.38,15.25,-0.7115,799.08,545.26,40.0,1500.0,790.7,735.64,0.4313,65.59,51.78,13.12,144.29,0.7895,0.0579,4.4426,2.6351,15.0,0.0,0.0,BENIGN_WEB
6.7415,135.0,67.0,68.0,57333.44,34288.36,23045.09,8504.57,20.03,0.1961,424.69,50.42,349.06,515.45,388.46,450.72,0.274,83.12,25.41,16.62,182.86,0.3057,0.4346,3.4891,4.2784,45.0,0.0,0.0,DOH_DATA_TUNNEL
4.0982,84.0,26.0,58.0,83729.76,16514.99,67214.77,20430.88,20.5,-0.6055,996.78,472.55,287.95,1500.0,889.14,1089.05,0.4385,48.79,49.13,9.76,107.33,1.0071,0.035,4.4522,2.7654,11.0,0.0,0.0,BENIGN_WEB
18.4951,155.0,77.0,78.0,63409.21,44156.35,19252.86,3428.44,8.38,0.3927,409.09,70.28,303.67,535.6,434.6,365.0,0.322,207.66,75.16,41.53,456.86,0.3619,0.6289,3.6077,3.949,59.0,0.0,0.0,DOH_DATA_TUNNEL
5.7428,35.0,14.0,21.0,33623.67,3098.14,30525.53,5854.89,6.09,-0.8157,960.68,546.8,140.47,1500.0,1061.15,1003.27,0.448,164.08,190.56,32.82,360.98,1.1614,0.1354,5.0509,2.9547,18.0,0.0,0.0,BENIGN_WEB
20.5027,80.0,32.0,48.0,53602.01,11281.23,42320.78,2614.39,3.9,-0.5791,670.03,320.78,188.86,1247.42,640.14,639.59,0.4768,256.28,321.19,51.26,563.82,1.2533,0.0506,3.7412,2.3943,17.0,0.0,0.0,BENIGN_WEB
9.6952,157.0,78.0,79.0,37933.36,23183.05,14750.31,3912.59,16.19,0.2223,241.61,49.86,166.83,331.36,239.95,257.35,0.519,172.68,77.62,34.54,379.89,0.4495,0.6425,3.1292,3.9189,32.0,1.0,0.0,DOH_DATA_TUNNEL
22.2571,50.0,17.0,33.0,50291.38,6706.27,43585.11,2259.57,2.25,-0.7333,1005.83,386.71,425.77,1500.0,1090.26,944.72,0.3166,445.14,400.38,89.03,979.31,0.8994,0.0837,3.8364,2.7108,11.0,0.0,0.0,BENIGN_WEB
31.4844,39.0,14.0,25.0,29554.43,7974.78,21579.66,938.7,1.24,-0.4603,757.81,525.4,40.0,1500.0,645.05,800.92,0.5464,807.29,935.01,161.46,1776.04,1.1582,0.0766,3.9909,2.3104,20.0,0.0,0.0,BENIGN_WEB
25.912,57.0,19.0,38.0,45756.66,8730.38,37026.28,1765.85,2.2,-0.6184,802.75,540.36,40.0,1500.0,715.9,750.75,0.4916,454.6,705.04,90.92,1000.11,1.5509,0.1299,4.2439,2.346,9.0,0.0,0.0,BENIGN_WEB
7.6198,37.0,18.0,19.0,14937.41,9572.81,5364.6,1960.35,4.86,0.2817,403.71,83.93,277.83,554.78,442.62,429.43,0.4558,172.34,71.05,34.47,379.15,0.4123,0.7108,3.8917,3.9582,37.0,1.0,0.0,DOH_DATA_TUNNEL
29.865,28.0,9.0,19.0,21210.87,3712.62,17498.25,710.23,0.94,-0.6499,757.53,541.93,40.0,1500.0,686.94,794.34,0.3812,1066.61,1285.53,213.32,2346.53,1.2053,0.0104,4.8996,2.6207,19.0,0.0,0.0,BENIGN_WEB
19.8649,53.0,20.0,33.0,56622.36,8090.68,48531.68,2850.37,2.67,-0.7142,1068.35,532.58,269.48,1500.0,1023.45,1084.82,0.5833,374.81,327.39,74.96,824.58,0.8735,0.0205,3.8206,2.5099,19.0,0.0,0.0,BENIGN_WEB
30.4803,18.0,7.0,11.0,18512.0,2947.61,15564.39,607.34,0.59,-0.6815,1028.44,448.81,355.23,1500.0,943.39,1063.64,0.3221,1693.35,2399.49,338.67,3725.37,1.417,0.067,4.0627,2.348,9.0,0.0,0.0,BENIGN_WEB
27.0975,1154.0,996.0,158.0,1438705.1,1402568.24,36136.85,53093.6,42.59,0.9498,1246.71,160.39,1006.13,1500.0,1161.88,1118.65,0.4527,10.55,4.27,2.11,23.22,0.4042,0.2252,2.6858,3.8019,16.0,0.0,0.0,DATA_EXFILTRATION
23.8374,115.0,57.0,58.0,49193.89,33791.21,15402.68,2063.73,4.82,0.3738,427.77,72.43,319.12,558.15,463.61,375.68,0.4094,191.29,80.21,38.26,420.83,0.4193,0.6273,3.4514,4.1856,45.0,0.0,0.0,DOH_DATA_TUNNEL
21.959,81.0,31.0,50.0,67206.09,15103.54,52102.55,3060.53,3.69,-0.5505,829.7,458.89,141.38,1500.0,835.64,711.91,0.4739,271.1,256.64,54.22,596.42,0.9467,0.0154,4.8857,2.7775,18.0,0.0,0.0,BENIGN_WEB
9.8876,44.0,17.0,27.0,28124.24,7649.23,20475.01,2844.4,4.45,-0.456,639.19,537.85,40.0,1500.0,724.75,546.17,0.5949,224.72,254.47,44.94,494.38,1.1324,0.12,3.843,2.1691,9.0,0.0,0.0,BENIGN_WEB
4.6921,54.0,16.0,38.0,48266.03,10343.51,37922.52,10286.68,11.51,-0.5714,893.82,362.92,349.44,1500.0,915.79,836.52,0.3113,86.89,109.55,17.38,191.16,1.2608,0.071,4.8968,2.3222,13.0,0.0,0.0,BENIGN_WEB
20.4999,128.0,64.0,64.0,45296.17,30457.15,14839.01,2209.58,6.24,0.3448,353.88,61.54,261.56,464.65,360.38,366.62,0.242,61.62,34.96,12.32,135.57,0.5673,0.6459,3.7283,4.5285,41.0,1.0,0.0,DOH_DATA_TUNNEL
18.0821,32.0,9.0,23.0,24653.33,4528.51,20124.81,1363.41,1.77,-0.6326,770.42,560.91,40.0,1500.0,760.09,793.92,0.2198,565.06,986.05,113.01,1243.14,1.745,0.0125,3.8234,3.0812,15.0,0.0,0.0,BENIGN_WEB
14.3421,61.0,17.0,44.0,61663.8,15764.95,45898.85,4299.5,4.25,-0.4887,1010.88,435.61,357.46,1500.0,1001.94,932.67,0.1897,235.12,383.99,47.02,517.26,1.6332,0.1141,5.0399,2.6096,18.0,0.0,0.0,BENIGN_WEB
22.9574,27.0,9.0,18.0,26144.92,2948.02,23196.9,1138.85,1.18,-0.7745,968.33,468.51,265.56,1500.0,1075.09,990.98,0.3356,850.27,717.59,170.05,1870.6,0.844,0.074,3.6754,2.1404,18.0,0.0,0.0,BENIGN_WEB
29.7213,39.0,11.0,28.0,32965.77,6106.51,26859.27,1109.16,1.31,-0.6295,845.28,458.13,158.08,1500.0,937.86,815.03,0.3739,762.08,880.65,152.42,1676.59,1.1556,0.054,4.6348,2.1647,15.0,0.0,0.0,BENIGN_WEB
30.7078,23.0,9.0,14.0,24748.46,5827.46,18921.01,805.93,0.75,-0.5291,1076.02,356.65,541.04,1500.0,1006.11,1211.81,0.3981,1335.12,2011.12,267.02,2937.27,1.5063,0.0422,4.9713,2.6089,9.0,0.0,0.0,BENIGN_WEB
11.4607,144.0,72.0,72.0,51037.33,28741.94,22295.39,4453.24,12.56,0.1263,354.43,46.69,284.38,438.48,400.91,374.05,0.2518,142.44,51.25,28.49,313.36,0.3598,0.4237,3.1787,4.4704,53.0,0.0,0.0,DOH_DATA_TUNNEL
28.2231,101.0,50.0,51.0,35141.4,24029.22,11112.17,1245.13,3.58,0.3676,347.93,69.22,244.11,472.52,321.18,317.32,0.5783,203.71,96.24,40.74,448.17,0.4724,0.5262,3.6101,4.5505,39.0,0.0,0.0,DOH_DATA_TUNNEL
37.3786,1176.0,988.0,188.0,1547167.41,1390064.3,157103.11,41391.8,31.46,0.7969,1315.62,172.64,1056.67,1500.0,1165.3,1120.9,0.3178,13.0,6.11,2.6,28.61,0.4696,0.1324,2.2611,3.1046,22.0,1.0,0.0,DATA_EXFILTRATION
20.9388,109.0,54.0,55.0,42096.41,24229.74,17866.67,2010.45,5.21,0.1512,386.21,74.68,274.19,520.62,383.29,437.9,0.5708,206.93,76.7,41.39,455.25,0.3707,0.5079,3.9058,4.0666,31.0,0.0,0.0,DOH_DATA_TUNNEL
38.0776,101.0,50.0,51.0,38862.29,22805.23,16057.06,1020.61,2.65,0.1736,384.78,50.13,309.57,475.02,384.09,373.29,0.5924,230.32,103.68,46.06,506.7,0.4501,0.5884,3.4279,4.3404,55.0,0.0,0.0,DOH_DATA_TUNNEL
30.0093,73.0,26.0,47.0,66205.71,12684.45,53521.26,2206.18,2.43,-0.6168,906.93,459.36,217.88,1500.0,994.96,844.99,0.3324,411.09,556.75,82.22,904.39,1.3544,0.0818,4.9466,2.5834,8.0,0.0,0.0,BENIGN_WEB
5.5694,57.0,23.0,34.0,44574.61,10328.53,34246.08,8003.44,10.23,-0.5366,782.01,479.09,63.37,1500.0,808.77,798.02,0.4168,97.71,133.67,19.54,214.96,1.3681,0.1031,3.7025,3.0222,15.0,0.0,0.0,BENIGN_WEB
36.9404,78.0,39.0,39.0,32475.09,20601.57,11873.52,879.12,2.11,0.2688,416.35,46.62,346.41,500.27,415.12,415.5,0.4979,229.73,75.67,45.95,505.41,0.3294,0.6266,3.8582,4.641,36.0,1.0,0.0,DOH_DATA_TUNNEL
34.6853,36.0,18.0,18.0,9885.05,6413.01,3472.04,284.99,1.04,0.2975,274.58,82.08,151.46,422.34,251.52,288.21,0.4603,68.81,21.1,13.76,151.38,0.3066,0.5996,4.0,4.6387,30.0,0.0,0.0,DOH_DATA_TUNNEL
19.8378,493.0,411.0,82.0,624020.66,564979.98,59040.68,31456.19,24.85,0.8108,1265.76,198.11,968.6,1500.0,1332.23,1263.23,0.4003,24.96,7.21,4.99,54.92,0.289,0.1879,2.3855,3.3018,26.0,0.0,0.0,DATA_EXFILTRATION
22.869,127.0,63.0,64.0,52982.54,29820.17,23162.37,2316.78,5.55,0.1257,417.19,75.76,303.54,553.56,370.6,396.34,0.5761,178.53,93.42,35.71,392.77,0.5233,0.665,4.0258,4.0691,34.0,0.0,0.0,DOH_DATA_TUNNEL
30.0011,130.0,65.0,65.0,48702.13,34969.99,13732.14,1623.34,4.33,0.4361,374.63,55.19,291.84,473.98,363.96,399.08,0.3191,146.51,41.46,29.3,322.33,0.283,0.7054,3.6384,4.3197,51.0,0.0,0.0,DOH_DATA_TUNNEL
49.0087,1188.0,927.0,261.0,1644764.39,1625466.48,19297.91,33560.64,24.24,0.9765,1384.48,116.49,1209.75,1500.0,1425.44,1399.36,0.3024,16.01,6.78,3.2,35.23,0.4233,0.1831,2.4804,3.3112,19.0,0.0,1.0,DATA_EXFILTRATION
16.9314,52.0,20.0,32.0,48027.76,10162.57,37865.19,2836.61,3.07,-0.5768,923.61,380.59,352.73,1500.0,1010.06,934.61,0.3481,325.6,460.94,65.12,716.33,1.4157,0.0842,4.409,2.3146,8.0,0.0,0.0,BENIGN_WEB
6.3719,81.0,23.0,58.0,72134.82,8467.99,63666.83,11320.82,12.71,-0.7652,890.55,478.15,173.33,1500.0,1008.06,803.94,0.3703,78.67,95.13,15.73,173.06,1.2094,0.0528,4.216,2.9899,13.0,0.0,0.0,BENIGN_WEB
15.4959,176.0,88.0,88.0,72893.21,47037.22,25855.99,4704.04,11.36,0.2906,414.17,77.85,297.39,554.29,388.04,434.08,0.1988,76.82,38.68,15.36,169.01,0.5034,0.7155,3.6108,4.6488,60.0,1.0,0.0,DOH_DATA_TUNNEL
28.3687,1449.0,1196.0,253.0,1910478.5,1823946.88,86531.62,67344.52,51.08,0.9094,1318.48,159.66,1078.99,1500.0,1307.01,1371.83,0.3208,13.0,5.96,2.6,28.61,0.4581,0.2594,2.3314,3.783,24.0,0.0,0.0,DATA_EXFILTRATION
18.4298,43.0,21.0,22.0,13840.59,8877.6,4962.99,750.99,2.33,0.2828,321.87,42.89,257.54,399.08,333.53,286.12,0.2918,128.43,67.77,25.69,282.55,0.5277,0.4546,3.4301,4.3594,53.0,0.0,0.0,DOH_DATA_TUNNEL
7.5596,60.0,17.0,43.0,59979.87,16277.47,43702.41,7934.25,7.94,-0.4572,999.66,494.92,257.28,1500.0,1146.42,1009.62,0.187,125.99,183.94,25.2,277.19,1.4599,0.0653,4.5632,2.9496,12.0,0.0,0.0,BENIGN_WEB
15.6896,75.0,22.0,53.0,69171.34,19449.48,49721.87,4408.74,4.78,-0.4376,922.28,472.67,213.28,1500.0,877.29,804.49,0.2171,209.19,317.05,41.84,460.23,1.5156,0.0185,4.7298,2.9911,12.0,0.0,0.0,BENIGN_WEB
13.4926,81.0,29.0,52.0,61689.32,14637.32,47052.0,4572.08,6.0,-0.5255,761.6,510.35,40.0,1500.0,799.69,695.96,0.5209,166.58,147.87,33.32,366.47,0.8877,0.0812,4.2803,2.4274,11.0,0.0,0.0,BENIGN_WEB
30.4695,17.0,6.0,11.0,16778.02,1634.15,15143.87,550.65,0.56,-0.8052,986.94,448.71,313.88,1500.0,843.31,905.66,0.4697,1792.32,2935.65,358.46,3943.11,1.6379,0.1061,3.8479,2.469,8.0,0.0,0.0,BENIGN_WEB
19.1111,87.0,43.0,44.0,23621.2,17518.79,6102.41,1235.99,4.55,0.4833,271.51,35.54,218.19,335.48,263.1,274.66,0.2943,178.17,78.27,35.63,391.97,0.4393,0.6383,3.4539,3.9338,60.0,1.0,0.0,DOH_DATA_TUNNEL
21.3989,77.0,27.0,50.0,80242.19,18813.87,61428.32,3749.83,3.6,-0.5311,1042.11,535.78,238.43,1500.0,990.95,983.57,0.5717,277.91,326.61,55.58,611.4,1.1752,0.0191,4.5248,2.2014,19.0,0.0,0.0,BENIGN_WEB
44.7842,392.0,312.0,80.0,509575.59,478290.72,31284.87,11378.47,8.75,0.8772,1299.94,183.87,1024.13,1500.0,1302.65,1220.65,0.4596,38.27,24.77,7.65,84.19,0.6474,0.1955,1.971,3.2879,29.0,1.0,1.0,DATA_EXFILTRATION
22.2804,36.0,14.0,22.0,31290.65,6624.33,24666.32,1404.4,1.62,-0.5766,869.18,546.79,49.0,1500.0,758.7,769.14,0.2589,618.9,1006.57,123.78,1361.58,1.6264,0.0448,4.5814,2.2952,12.0,0.0,0.0,BENIGN_WEB
10.795,80.0,29.0,51.0,70174.4,11909.8,58264.6,6500.62,7.41,-0.6606,877.18,445.62,208.75,1500.0,806.57,987.46,0.3972,134.94,160.77,26.99,296.86,1.1914,0.1336,4.3838,2.4357,20.0,0.0,0.0,BENIGN_WEB
1.9013,29.0,8.0,21.0,24582.52,3820.83,20761.7,12929.49,15.25,-0.6891,847.67,543.36,40.0,1500.0,857.98,947.51,0.187,65.56,81.68,13.11,144.23,1.2459,0.0696,4.7151,2.5949,10.0,0.0,0.0,BENIGN_WEB
11.4702,142.0,71.0,71.0,61631.2,42268.2,19363.0,5373.17,12.38,0.3716,434.02,46.57,364.17,517.85,459.84,455.43,0.5953,102.83,37.44,20.57,226.22,0.3641,0.5943,4.0388,4.6035,50.0,1.0,0.0,DOH_DATA_TUNNEL
15.2206,31.0,10.0,21.0,30168.85,7625.88,22542.97,1982.11,2.04,-0.4945,973.19,363.67,427.68,1500.0,1033.08,1012.3,0.5913,490.99,379.51,98.2,1080.17,0.773,0.1349,4.5768,2.5183,10.0,0.0,0.0,BENIGN_WEB
29.3624,140.0,70.0,70.0,54763.57,34424.2,20339.38,1865.09,4.77,0.2572,391.17,37.39,335.09,458.47,444.03,388.88,0.4675,155.04,79.85,31.01,341.08,0.515,0.4988,3.714,4.5908,44.0,0.0,0.0,DOH_DATA_TUNNEL
19.4153,58.0,21.0,37.0,52407.12,4829.46,47577.66,2699.27,2.99,-0.8157,903.57,439.22,244.73,1500.0,916.63,1006.56,0.2949,334.75,251.98,66.95,736.44,0.7528,0.11,3.9096,2.3065,19.0,0.0,0.0,BENIGN_WEB
20.5884,46.0,23.0,23.0,16793.06,9881.41,6911.66,815.66,2.23,0.1768,365.07,84.35,238.55,516.89,333.88,349.45,0.5557,112.01,61.32,22.4,246.42,0.5474,0.6021,3.3212,4.4113,32.0,1.0,0.0,DOH_DATA_TUNNEL
31.4465,75.0,23.0,52.0,75600.97,17707.93,57893.05,2404.11,2.39,-0.5315,1008.01,549.35,183.99,1500.0,857.65,896.6,0.2905,419.29,445.11,83.86,922.43,1.0616,0.1372,4.8194,2.449,13.0,0.0,0.0,BENIGN_WEB
23.5008,144.0,72.0,72.0,34500.46,22561.3,11939.16,1468.06,6.13,0.3079,239.59,72.15,131.36,369.46,218.39,224.52,0.5751,165.38,44.08,33.08,363.83,0.2665,0.5617,3.6781,3.8599,56.0,1.0,0.0,DOH_DATA_TUNNEL
22.1992,60.0,22.0,38.0,58743.1,8094.71,50648.38,2646.19,2.7,-0.7244,979.05,441.81,316.34,1500.0,1013.89,1114.95,0.3476,369.99,600.96,74.0,813.97,1.6243,0.0683,4.2745,2.9329,16.0,0.0,0.0,BENIGN_WEB
40.7439,174.0,87.0,87.0,62130.6,45105.44,17025.16,1524.91,4.27,0.452,357.07,40.93,295.68,430.75,370.47,345.7,0.2524,161.25,37.75,32.25,354.76,0.2341,0.4945,3.7705,4.1073,35.0,1.0,0.0,DOH_DATA_TUNNEL
35.7281,1285.0,1046.0,239.0,1835853.32,1782662.72,53190.6,51383.95,35.97,0.9421,1428.68,234.49,1076.95,1500.0,1542.4,1233.7,0.573,15.17,5.17,3.03,33.38,0.341,0.2644,2.7862,3.1546,27.0,0.0,1.0,DATA_EXFILTRATION
13.1493,495.0,393.0,102.0,615891.28,557036.56,58854.72,46838.26,37.64,0.8089,1244.22,255.58,860.86,1500.0,1111.26,1186.21,0.2063,11.61,5.03,2.32,25.54,0.4332,0.2476,2.349,3.2886,18.0,0.0,1.0,DATA_EXFILTRATION
7.0429,68.0,34.0,34.0,23424.15,16008.18,7415.97,3325.91,9.66,0.3668,344.47,38.18,287.21,413.19,343.67,394.53,0.4679,209.09,63.36,41.82,460.01,0.303,0.5051,3.1443,4.587,55.0,1.0,0.0,DOH_DATA_TUNNEL
2.9909,75.0,25.0,50.0,53488.13,8163.5,45324.63,17883.58,25.08,-0.6948,713.18,321.17,231.42,1291.28,733.51,626.51,0.3441,39.88,38.96,7.98,87.73,0.977,0.0366,5.0144,2.5478,13.0,0.0,0.0,BENIGN_WEB
37.4617,57.0,28.0,29.0,19539.17,13857.6,5681.57,521.58,1.52,0.4184,342.79,41.44,280.64,417.38,346.85,336.57,0.4833,106.89,34.1,21.38,235.16,0.319,0.6509,3.299,4.1899,55.0,0.0,0.0,DOH_DATA_TUNNEL
31.1634,164.0,82.0,82.0,57841.89,35664.63,22177.25,1856.09,5.26,0.2332,352.69,75.53,239.41,488.64,388.97,362.48,0.5657,53.57,25.17,10.71,117.86,0.4698,0.5149,4.0147,3.9596,50.0,0.0,0.0,DOH_DATA_TUNNEL
12.5811,53.0,20.0,33.0,32965.88,7659.36,25306.52,2620.26,4.21,-0.5353,622.0,401.36,40.0,1344.44,704.31,542.96,0.4091,237.38,226.11,47.48,522.24,0.9525,0.0662,3.655,3.047,8.0,0.0,0.0,BENIGN_WEB
29.766,64.0,24.0,40.0,48800.2,7227.24,41572.96,1639.46,2.15,-0.7038,762.5,399.56,163.16,1481.71,695.19,784.67,0.2623,465.09,591.97,93.02,1023.21,1.2728,0.1018,3.7362,2.8373,17.0,0.0,0.0,BENIGN_WEB
3.707,61.0,17.0,44.0,48740.16,5866.51,42873.65,13148.29,16.46,-0.7593,799.02,439.72,139.44,1500.0,692.49,860.33,0.3519,60.77,47.93,12.15,133.69,0.7887,0.0502,3.6618,2.8761,13.0,0.0,0.0,BENIGN_WEB
24.2941,1082.0,962.0,120.0,1471199.9,1338380.83,132819.07,60557.79,44.54,0.8194,1359.7,241.25,997.84,1500.0,1292.54,1535.25,0.3921,23.39,10.39,4.68,51.46,0.4441,0.1866,2.1266,3.7888,22.0,0.0,0.0,DATA_EXFILTRATION
24.2399,35.0,11.0,24.0,33488.41,5276.97,28211.44,1381.54,1.44,-0.6848,956.81,435.89,302.97,1500.0,1069.86,980.6,0.3961,692.57,494.63,138.51,1523.65,0.7142,0.0535,4.198,2.5519,20.0,0.0,0.0,BENIGN_WEB
2.3522,63.0,23.0,40.0,57445.62,15242.26,42203.36,24422.33,26.78,-0.4693,911.84,563.52,66.56,1500.0,987.07,906.91,0.2124,37.34,39.7,7.47,82.14,1.0634,0.1215,5.0113,2.1951,17.0,0.0,0.0,BENIGN_WEB
54.797,367.0,309.0,58.0,510241.7,500350.85,9890.84,9311.5,6.7,0.9612,1390.3,270.53,984.5,1500.0,1240.43,1225.71,0.2836,10.63,2.48,2.13,23.38,0.2332,0.1314,2.432,3.0682,16.0,1.0,0.0,DATA_EXFILTRATION
8.3682,74.0,21.0,53.0,78906.8,22434.38,56472.42,9429.34,8.84,-0.4314,1066.31,438.38,408.73,1500.0,1150.87,1185.99,0.3216,113.08,132.98,22.62,248.78,1.176,0.0711,3.9928,2.5142,15.0,0.0,0.0,BENIGN_WEB
11.3243,177.0,88.0,89.0,64874.16,36390.84,28483.32,5728.75,15.63,0.1219,366.52,79.89,246.69,510.32,342.96,327.1,0.5388,156.88,37.78,31.38,345.14,0.2408,0.469,4.0419,3.9395,44.0,0.0,0.0,DOH_DATA_TUNNEL
24.8189,80.0,40.0,40.0,25509.86,18040.96,7468.9,1027.84,3.22,0.4144,318.87,63.09,224.24,432.44,323.81,282.58,0.2115,220.3,53.65,44.06,484.66,0.2435,0.5521,3.5348,4.0419,51.0,1.0,0.0,DOH_DATA_TUNNEL
40.9083,155.0,77.0,78.0,47898.82,33943.22,13955.6,1170.88,3.79,0.4173,309.02,72.15,200.8,438.9,315.04,263.62,0.2044,54.11,12.54,10.82,119.05,0.2317,0.6512,3.1716,4.0809,38.0,0.0,0.0,DOH_DATA_TUNNEL
13.4194,747.0,608.0,139.0,1052372.6,1019742.03,32630.57,78421.75,55.67,0.938,1408.8,268.82,1005.57,1500.0,1244.97,1590.17,0.2313,47.44,14.06,9.49,104.36,0.2965,0.204,2.4488,3.7274,15.0,0.0,1.0,DATA_EXFILTRATION
8.2449,134.0,67.0,67.0,61419.5,40154.29,21265.21,7449.4,16.25,0.3075,458.35,73.33,348.36,590.34,511.82,424.6,0.5289,140.32,67.31,28.06,308.7,0.4797,0.4741,3.1781,4.4652,53.0,0.0,0.0,DOH_DATA_TUNNEL
15.8031,1199.0,1006.0,193.0,1717665.93,1573696.97,143968.96,108691.63,75.87,0.8324,1432.58,153.06,1202.99,1500.0,1533.94,1265.86,0.6191,20.81,11.63,4.16,45.78,0.5588,0.2441,2.0419,3.7724,18.0,1.0,0.0,DATA_EXFILTRATION
11.7804,77.0,25.0,52.0,56155.34,11114.07,45041.28,4766.84,6.54,-0.6042,729.29,326.93,238.9,1317.76,668.28,806.28,0.5438,152.99,192.64,30.6,336.58,1.2591,0.0321,4.4922,2.8519,17.0,0.0,0.0,BENIGN_WEB
48.6818,970.0,818.0,152.0,1281140.88,1157387.99,123752.88,26316.64,19.93,0.8068,1320.76,156.79,1085.58,1500.0,1420.9,1138.76,0.3369,11.67,7.02,2.33,25.68,0.6015,0.1935,2.085,3.1179,23.0,1.0,0.0,DATA_EXFILTRATION
44.8843,336.0,270.0,66.0,466169.57,428858.93,37310.64,10386.04,7.49,0.8399,1387.41,132.3,1188.96,1500.0,1464.01,1587.05,0.3647,45.26,17.18,9.05,99.56,0.3796,0.2044,2.4555,3.0565,18.0,1.0,0.0,DATA_EXFILTRATION
39.4918,159.0,79.0,80.0,68511.58,45699.18,22812.4,1734.83,4.03,0.3341,430.89,69.55,326.57,556.08,459.34,452.82,0.2139,61.38,24.65,12.28,135.03,0.4017,0.4481,3.1637,4.2639,58.0,1.0,0.0,DOH_DATA_TUNNEL
22.1233,70.0,21.0,49.0,59101.38,16232.39,42868.98,2671.46,3.16,-0.4507,844.31,407.5,233.06,1500.0,941.72,917.41,0.3552,316.05,329.64,63.21,695.3,1.043,0.1346,3.8278,2.6436,10.0,0.0,0.0,BENIGN_WEB
29.0116,68.0,24.0,44.0,63283.41,12262.64,51020.77,2181.31,2.34,-0.6125,930.64,449.8,255.94,1500.0,806.04,1028.4,0.1866,426.64,548.73,85.33,938.61,1.2862,0.0953,4.4648,2.8213,17.0,0.0,0.0,BENIGN_WEB
29.8342,34.0,9.0,25.0,24301.99,5353.64,18948.34,814.57,1.14,-0.5594,714.76,508.86,40.0,1500.0,616.54,711.74,0.5644,877.48,1414.59,175.5,1930.45,1.6121,0.0486,4.4199,2.7803,20.0,0.0,0.0,BENIGN_WEB
15.0346,160.0,80.0,80.0,52151.02,34684.04,17466.98,3468.72,10.64,0.3301,325.94,58.84,237.68,431.86,354.26,312.56,0.5703,175.23,61.51,35.05,385.51,0.351,0.4925,3.5379,4.5791,57.0,1.0,0.0,DOH_DATA_TUNNEL
22.6275,60.0,30.0,30.0,15950.1,9364.0,6586.1,704.9,2.65,0.1742,265.84,53.36,185.8,361.88,274.46,282.65,0.5218,87.24,35.66,17.45,191.93,0.4087,0.706,3.3209,4.5699,31.0,0.0,0.0,DOH_DATA_TUNNEL
30.9152,34.0,12.0,22.0,34292.35,9891.02,24401.32,1109.24,1.1,-0.4231,1008.6,343.01,494.08,1500.0,934.97,880.85,0.2852,909.27,1261.88,181.85,2000.4,1.3878,0.0469,4.5665,2.467,12.0,0.0,0.0,BENIGN_WEB
19.357,49.0,15.0,34.0,36719.1,7414.93,29304.17,1896.94,2.53,-0.5961,749.37,433.3,99.43,1500.0,855.51,855.12,0.4009,395.04,320.01,79.01,869.09,0.8101,0.0536,4.8548,3.0606,12.0,0.0,0.0,BENIGN_WEB
10.1435,206.0,182.0,24.0,265529.25,237445.62,28083.63,26177.23,20.31,0.7885,1288.98,213.65,968.5,1500.0,1413.16,1324.52,0.497,13.64,5.3,2.73,30.01,0.3889,0.1627,2.0774,3.0902,23.0,0.0,0.0,DATA_EXFILTRATION
3.6776,53.0,15.0,38.0,34815.54,7466.7,27348.85,9467.04,14.41,-0.5711,656.9,413.79,40.0,1401.73,710.07,571.6,0.2395,69.39,82.86,13.88,152.65,1.1941,0.0465,4.3803,2.1151,8.0,0.0,0.0,BENIGN_WEB
19.6132,82.0,41.0,41.0,24837.97,16591.18,8246.79,1266.39,4.18,0.336,302.9,64.16,206.67,418.38,259.52,326.79,0.514,92.16,37.0,18.43,202.76,0.4015,0.5139,3.7749,4.6196,34.0,0.0,0.0,DOH_DATA_TUNNEL
14.0704,152.0,76.0,76.0,36678.45,26776.44,9902.01,2606.79,10.8,0.4601,241.31,45.07,173.7,322.43,255.17,209.33,0.4511,62.1,32.52,12.42,136.63,0.5236,0.6982,4.0182,4.0254,49.0,1.0,0.0,DOH_DATA_TUNNEL
29.7596,176.0,88.0,88.0,78635.02,47495.45,31139.57,2642.34,5.91,0.208,446.79,79.13,328.1,589.22,457.82,494.6,0.3999,106.1,27.94,21.22,233.41,0.2634,0.532,3.7728,4.4179,59.0,0.0,0.0,DOH_DATA_TUNNEL
10.2884,16.0,5.0,11.0,14768.25,1338.06,13430.19,1435.43,1.56,-0.8188,923.02,394.97,330.55,1500.0,993.06,944.58,0.5473,643.02,1009.6,128.6,1414.65,1.5701,0.0279,4.5677,2.8743,15.0,0.0,0.0,BENIGN_WEB
30.1423,85.0,42.0,43.0,34724.83,19450.01,15274.81,1152.03,2.82,0.1202,408.53,67.85,306.75,530.66,455.27,408.0,0.5092,119.15,31.77,23.83,262.14,0.2667,0.5377,3.974,4.2331,45.0,0.0,0.0,DOH_DATA_TUNNEL
21.0863,67.0,20.0,47.0,67302.67,17972.53,49330.14,3191.77,3.18,-0.4659,1004.52,445.01,337.0,1500.0,1046.34,946.14,0.5023,314.72,389.17,62.94,692.39,1.2366,0.0735,4.0945,2.1863,14.0,0.0,0.0,BENIGN_WEB
24.8004,58.0,18.0,40.0,37752.08,9532.44,28219.64,1522.24,2.34,-0.495,650.9,377.2,85.1,1329.86,623.0,565.38,0.2122,427.59,619.76,85.52,940.71,1.4494,0.0835,4.9624,2.2762,8.0,0.0,0.0,BENIGN_WEB
23.3249,35.0,17.0,18.0,8112.44,6151.14,1961.3,347.8,1.5,0.5165,231.78,67.76,130.14,353.76,226.05,259.24,0.402,212.68,85.23,42.54,467.89,0.4008,0.4282,3.7187,4.4387,30.0,0.0,0.0,DOH_DATA_TUNNEL
4.2514,15.0,5.0,10.0,12712.14,3623.56,9088.58,2990.1,3.53,-0.4299,847.48,462.22,154.14,1500.0,748.8,814.51,0.3646,283.43,480.97,56.69,623.54,1.697,0.0264,4.0929,2.217,17.0,0.0,0.0,BENIGN_WEB
7.0252,77.0,22.0,55.0,52966.27,5045.68,47920.59,7539.43,10.96,-0.8095,687.87,577.5,40.0,1500.0,696.29,748.17,0.4348,91.24,153.08,18.25,200.72,1.6778,0.1173,3.7383,2.6613,10.0,0.0,0.0,BENIGN_WEB
7.9299,71.0,21.0,50.0,73485.21,12484.17,61001.04,9266.84,8.95,-0.6602,1035.0,419.02,406.47,1500.0,1162.51,1189.38,0.2637,111.69,171.31,22.34,245.72,1.5339,0.0855,4.6005,2.8886,14.0,0.0,0.0,BENIGN_WEB
23.4321,45.0,14.0,31.0,44897.17,7440.33,37456.84,1916.06,1.92,-0.6686,997.71,427.42,356.59,1500.0,974.95,993.11,0.2138,520.71,601.06,104.14,1145.57,1.1543,0.0657,3.6815,2.399,17.0,0.0,0.0,BENIGN_WEB
28.5863,72.0,28.0,44.0,58248.09,15787.39,42460.7,2037.62,2.52,-0.4579,809.0,495.96,65.06,1500.0,820.7,845.08,0.5611,397.03,285.88,79.41,873.47,0.72,0.0438,4.8843,2.9889,16.0,0.0,0.0,BENIGN_WEB
8.5274,135.0,67.0,68.0,53564.91,37094.74,16470.18,6281.5,15.83,0.385,396.78,45.19,328.99,478.12,436.58,338.53,0.5111,159.72,75.34,31.94,351.39,0.4717,0.5861,3.5818,4.5005,32.0,1.0,0.0,DOH_DATA_TUNNEL
22.7753,50.0,19.0,31.0,46052.62,12686.13,33366.49,2022.04,2.2,-0.4491,921.05,334.43,419.41,1500.0,1014.0,957.33,0.5715,455.51,442.15,91.1,1002.11,0.9707,0.0789,3.7928,2.5029,17.0,0.0,0.0,BENIGN_WEB
11.9682,44.0,18.0,26.0,28753.29,3420.05,25333.24,2402.47,3.68,-0.7621,653.48,456.73,40.0,1475.59,668.31,694.32,0.5666,272.0,415.88,54.4,598.41,1.5289,0.0749,4.3084,2.3293,8.0,0.0,0.0,BENIGN_WEB
7.1243,127.0,63.0,64.0,34305.18,23514.53,10790.65,4815.26,17.83,0.3709,270.12,49.08,196.5,358.47,295.2,271.37,0.3457,156.32,52.33,31.26,343.9,0.3348,0.6055,3.1184,4.1286,48.0,1.0,0.0,DOH_DATA_TUNNEL
18.4912,50.0,20.0,30.0,45585.11,10406.83,35178.27,2465.24,2.7,-0.5434,911.7,424.21,275.39,1500.0,808.79,836.53,0.4181,369.82,604.57,73.96,813.61,1.6347,0.0681,4.1456,2.7982,16.0,0.0,0.0,BENIGN_WEB
16.9466,53.0,17.0,36.0,33231.24,6216.91,27014.33,1960.94,3.13,-0.6258,627.0,537.27,40.0,1500.0,639.66,548.74,0.2446,319.75,478.16,63.95,703.44,1.4954,0.0149,4.1279,2.5405,8.0,0.0,0.0,BENIGN_WEB
41.7337,108.0,54.0,54.0,29735.18,20110.37,9624.82,712.5,2.59,0.3526,275.33,63.22,180.49,389.12,285.32,312.52,0.4744,56.17,22.85,11.23,123.57,0.4068,0.4714,3.616,3.8986,37.0,1.0,0.0,DOH_DATA_TUNNEL
11.8852,41.0,12.0,29.0,28011.29,5323.27,22688.02,2356.83,3.45,-0.6199,683.2,532.07,40.0,1500.0,676.07,763.97,0.5272,289.88,234.19,57.98,637.74,0.8079,0.1025,4.3271,2.9695,21.0,0.0,0.0,BENIGN_WEB
20.9321,885.0,775.0,110.0,1255662.22,1235155.45,20506.77,59987.33,42.28,0.9673,1418.83,225.69,1080.3,1500.0,1283.41,1515.64,0.4123,11.88,4.68,2.38,26.13,0.3942,0.2174,2.5731,3.6107,29.0,1.0,1.0,DATA_EXFILTRATION
14.1585,1502.0,1366.0,136.0,1998263.85,1865249.79,133014.06,141135.14,106.08,0.8669,1330.4,163.48,1085.19,1500.0,1196.13,1390.96,0.5699,17.4,9.8,3.48,38.28,0.5632,0.2269,2.3321,3.7944,27.0,0.0,1.0,DATA_EXFILTRATION
3.8034,79.0,24.0,55.0,72501.72,13356.6,59145.13,19062.57,20.77,-0.6316,917.74,359.98,377.77,1500.0,1049.68,991.53,0.5085,48.14,57.41,9.63,105.92,1.1924,0.0127,5.0777,3.0596,11.0,0.0,0.0,BENIGN_WEB
9.5311,26.0,10.0,16.0,23884.89,5293.96,18590.93,2505.99,2.73,-0.5567,918.65,455.3,235.7,1500.0,926.86,805.32,0.2915,366.58,335.97,73.32,806.48,0.9165,0.1122,4.0975,2.6658,18.0,0.0,0.0,BENIGN_WEB
42.5133,1227.0,988.0,239.0,1635687.4,1512517.11,123170.29,38474.68,28.86,0.8494,1333.08,176.59,1068.19,1500.0,1237.88,1523.71,0.4608,34.12,7.64,6.82,75.07,0.224,0.1806,2.2054,3.1098,17.0,0.0,0.0,DATA_EXFILTRATION
25.7606,66.0,24.0,42.0,57668.02,11019.34,46648.68,2238.61,2.56,-0.6178,873.76,336.53,368.96,1479.51,776.58,768.56,0.559,390.31,302.74,78.06,858.69,0.7756,0.0502,4.4995,2.4515,15.0,0.0,0.0,BENIGN_WEB
19.2721,36.0,13.0,23.0,27430.14,3473.7,23956.44,1423.31,1.87,-0.7467,761.95,486.9,40.0,1500.0,677.71,824.56,0.5479,535.34,421.26,107.07,1177.74,0.7869,0.1248,4.4201,2.5732,12.0,0.0,0.0,BENIGN_WEB
27.1273,76.0,29.0,47.0,67543.57,16274.78,51268.79,2489.88,2.8,-0.5181,888.73,424.16,252.49,1500.0,756.48,958.64,0.3296,356.94,361.61,71.39,785.26,1.0131,0.0429,3.8294,2.2406,20.0,0.0,0.0,BENIGN_WEB
11.8735,74.0,30.0,44.0,75531.36,8910.96,66620.4,6361.36,6.23,-0.764,1020.69,338.34,513.19,1500.0,1163.39,1157.89,0.2316,160.45,184.87,32.09,352.99,1.1522,0.1076,3.674,2.1315,18.0,0.0,0.0,BENIGN_WEB
18.8579,41.0,20.0,21.0,12025.21,8418.96,3606.26,637.68,2.17,0.4002,293.3,35.9,239.44,357.92,315.92,297.1,0.4921,189.36,76.13,37.87,416.59,0.4021,0.5364,3.6744,4.2448,56.0,0.0,0.0,DOH_DATA_TUNNEL
11.002,22.0,7.0,15.0,17237.98,2174.51,15063.46,1566.8,2.0,-0.7477,783.54,546.52,40.0,1500.0,707.79,776.21,0.5362,500.09,568.22,100.02,1100.2,1.1362,0.1072,3.7723,2.1516,20.0,0.0,0.0,BENIGN_WEB
22.3689,796.0,717.0,79.0,1145732.25,1118691.87,27040.38,51219.88,35.59,0.9528,1439.36,276.83,1024.11,1500.0,1455.16,1416.68,0.5885,46.95,20.27,9.39,103.29,0.4318,0.1911,2.355,3.2499,28.0,0.0,0.0,DATA_EXFILTRATION
7.1289,61.0,23.0,38.0,55342.09,11721.39,43620.7,7763.08,8.56,-0.5764,907.25,442.03,244.19,1500.0,953.11,1013.38,0.5161,116.87,180.59,23.37,257.11,1.5452,0.0592,3.698,2.3596,17.0,0.0,0.0,BENIGN_WEB
45.6259,589.0,521.0,68.0,723146.65,695919.39,27227.27,15849.47,12.91,0.9247,1227.75,247.83,856.01,1500.0,1255.02,1138.46,0.3612,10.45,4.79,2.09,22.98,0.4583,0.2069,2.7219,3.2454,19.0,1.0,1.0,DATA_EXFILTRATION
22.4902,165.0,82.0,83.0,74563.85,46770.78,27793.07,3315.4,7.34,0.2545,451.9,84.73,324.81,604.41,501.44,491.7,0.3383,176.81,56.9,35.36,388.99,0.3218,0.5471,3.5568,4.0598,41.0,0.0,0.0,DOH_DATA_TUNNEL
21.8184,365.0,332.0,33.0,509049.77,478251.65,30798.12,23331.19,16.73,0.879,1394.66,279.25,975.79,1500.0,1372.87,1586.86,0.419,11.02,5.5,2.2,24.25,0.499,0.1239,2.8375,2.9506,17.0,1.0,0.0,DATA_EXFILTRATION
20.4045,173.0,86.0,87.0,62911.89,43879.12,19032.76,3083.24,8.48,0.3949,363.65,83.25,238.77,513.51,393.41,377.78,0.3931,94.77,43.2,18.95,208.5,0.4559,0.6239,4.0626,4.3008,37.0,0.0,0.0,DOH_DATA_TUNNEL
12.5832,32.0,9.0,23.0,21436.93,4671.21,16765.72,1703.61,2.54,-0.5642,669.9,467.29,40.0,1500.0,675.25,683.55,0.324,393.23,447.33,78.65,865.1,1.1376,0.0362,4.1567,3.0054,10.0,0.0,0.0,BENIGN_WEB
33.0627,138.0,69.0,69.0,61318.28,45457.96,15860.32,1854.6,4.17,0.4827,444.34,37.27,388.43,511.42,379.19,435.94,0.5138,156.32,68.07,31.26,343.91,0.4355,0.6959,3.667,4.2058,57.0,0.0,0.0,DOH_DATA_TUNNEL
42.3242,1528.0,1200.0,328.0,2038319.61,1985825.29,52494.32,48159.71,36.1,0.9485,1333.98,231.07,987.38,1500.0,1442.27,1310.73,0.5402,39.35,13.9,7.87,86.57,0.3533,0.262,2.3481,3.4635,26.0,1.0,0.0,DATA_EXFILTRATION
1.8566,82.0,32.0,50.0,55644.54,7106.96,48537.58,29971.44,44.17,-0.7446,678.59,571.2,40.0,1500.0,587.53,713.24,0.2767,22.64,39.47,4.53,49.81,1.7432,0.1151,4.1594,3.052,13.0,0.0,0.0,BENIGN_WEB
31.1058,92.0,46.0,46.0,30851.02,22361.86,8489.16,991.81,2.96,0.4497,335.34,81.99,212.35,482.92,308.26,321.87,0.3341,158.89,91.24,31.78,349.56,0.5742,0.5719,3.5384,3.9614,51.0,0.0,0.0,DOH_DATA_TUNNEL
12.5804,40.0,15.0,25.0,41755.61,7665.64,34089.97,3319.09,3.18,-0.6328,1043.89,523.41,258.78,1500.0,1084.86,1153.89,0.2552,314.51,513.79,62.9,691.92,1.6336,0.127,4.1678,2.4706,20.0,0.0,0.0,BENIGN_WEB
17.2272,58.0,21.0,37.0,51431.55,12386.76,39044.79,2985.48,3.37,-0.5183,886.75,440.49,226.02,1500.0,776.86,804.07,0.2603,297.02,258.95,59.4,653.45,0.8718,0.0508,5.0392,2.3789,9.0,0.0,0.0,BENIGN_WEB
18.232,92.0,46.0,46.0,38628.8,24279.69,14349.11,2118.74,5.05,0.2571,419.88,66.54,320.07,539.64,459.51,362.72,0.5743,135.53,49.64,27.11,298.17,0.3663,0.5342,3.9233,3.8562,51.0,0.0,0.0,DOH_DATA_TUNNEL
26.9715,46.0,17.0,29.0,47300.28,9829.6,37470.68,1753.71,1.71,-0.5844,1028.27,445.03,360.73,1500.0,1083.59,916.19,0.5945,586.34,591.09,117.27,1289.94,1.0081,0.1146,4.7415,3.0747,13.0,0.0,0.0,BENIGN_WEB
5.1716,28.0,9.0,19.0,30125.23,3987.13,26138.1,5825.16,5.41,-0.7353,1075.9,390.47,490.2,1500.0,1116.07,1013.12,0.5577,184.7,295.31,36.94,406.34,1.5989,0.129,4.6026,3.0697,21.0,0.0,0.0,BENIGN_WEB
28.2706,62.0,25.0,37.0,53065.31,7891.4,45173.91,1877.05,2.19,-0.7026,855.89,321.69,373.35,1434.94,780.79,756.09,0.4816,455.98,590.1,91.2,1003.15,1.2941,0.1025,4.4727,2.2558,17.0,0.0,0.0,BENIGN_WEB
38.3042,52.0,26.0,26.0,16034.0,9486.59,6547.41,418.6,1.36,0.1833,308.35,53.79,227.67,405.16,310.38,267.1,0.1869,77.36,28.86,15.47,170.19,0.3731,0.4524,3.9901,4.0146,30.0,0.0,0.0,DOH_DATA_TUNNEL
10.3202,58.0,20.0,38.0,60784.8,15250.02,45534.78,5889.86,5.62,-0.4982,1048.01,452.81,368.79,1500.0,1112.52,1018.9,0.1978,177.94,278.3,35.59,391.46,1.564,0.0143,4.1102,2.5299,16.0,0.0,0.0,BENIGN_WEB
19.1181,76.0,28.0,48.0,61840.18,10216.3,51623.88,3234.64,3.98,-0.6696,813.69,326.85,323.41,1402.02,832.18,857.61,0.5954,251.55,320.93,50.31,553.42,1.2758,0.0183,4.2937,2.8112,10.0,0.0,0.0,BENIGN_WEB
30.4317,25.0,8.0,17.0,24080.94,3187.63,20893.31,791.31,0.82,-0.7353,963.24,566.27,113.84,1500.0,988.58,1055.34,0.6083,1217.27,985.14,243.45,2677.99,0.8093,0.1256,5.0587,2.422,20.0,0.0,0.0,BENIGN_WEB
21.0287,17.0,5.0,12.0,11828.89,3359.08,8469.82,562.51,0.81,-0.4321,695.82,348.51,173.06,1323.13,762.84,796.49,0.2594,1236.98,1348.88,247.4,2721.36,1.0905,0.0406,3.9801,2.9234,16.0,0.0,0.0,BENIGN_WEB
14.9021,26.0,9.0,17.0,16547.2,2252.56,14294.64,1110.4,1.74,-0.7277,636.43,556.75,40.0,1500.0,543.94,562.81,0.5033,573.16,482.48,114.63,1260.94,0.8418,0.0593,4.3798,2.2751,8.0,0.0,0.0,BENIGN_WEB
39.2367,57.0,28.0,29.0,22900.97,15163.18,7737.79,583.66,1.45,0.3242,401.77,55.48,318.55,501.64,348.37,431.23,0.4766,225.57,75.8,45.11,496.26,0.336,0.506,3.3032,4.3164,58.0,0.0,0.0,DOH_DATA_TUNNEL
14.6279,41.0,11.0,30.0,38741.07,9212.25,29528.83,2648.44,2.8,-0.5244,944.9,436.17,290.65,1500.0,867.44,918.34,0.4661,356.78,606.43,71.36,784.91,1.6997,0.1103,4.6035,2.1047,18.0,0.0,0.0,BENIGN_WEB
9.0164,53.0,20.0,33.0,50179.16,8920.97,41258.19,5565.3,5.88,-0.6444,946.78,422.87,312.47,1500.0,885.99,1027.15,0.3314,170.12,290.81,34.02,374.27,1.7094,0.074,3.6151,2.8931,14.0,0.0,0.0,BENIGN_WEB
15.2971,70.0,27.0,43.0,57300.38,6671.41,50628.97,3745.84,4.58,-0.7671,818.58,440.35,158.05,1500.0,739.57,872.39,0.2325,218.53,178.53,43.71,480.76,0.8169,0.1017,4.1832,2.5966,9.0,0.0,0.0,BENIGN_WEB
39.6458,176.0,88.0,88.0,50454.38,29145.87,21308.51,1272.63,4.44,0.1553,286.67,70.02,181.64,412.71,278.16,283.42,0.5293,154.15,77.92,30.83,339.14,0.5055,0.5921,3.1255,4.2187,60.0,1.0,0.0,DOH_DATA_TUNNEL
15.4221,30.0,12.0,18.0,30616.03,3190.65,27425.38,1985.2,1.95,-0.7916,1020.53,409.44,406.38,1500.0,995.12,1056.14,0.2237,514.07,437.88,102.81,1130.95,0.8518,0.018,4.8198,2.5137,19.0,0.0,0.0,BENIGN_WEB
7.8872,91.0,45.0,46.0,38588.97,26170.96,12418.0,4892.6,11.54,0.3564,424.05,63.58,328.69,538.49,380.66,442.82,0.4248,235.64,124.68,47.13,518.41,0.5291,0.6561,3.7242,4.028,39.0,0.0,0.0,DOH_DATA_TUNNEL
15.5492,137.0,68.0,69.0,46874.84,30790.3,16084.54,3014.61,8.81,0.3137,342.15,65.27,244.24,459.65,337.53,364.32,0.2976,212.75,59.44,42.55,468.06,0.2794,0.5649,3.2068,4.434,53.0,0.0,0.0,DOH_DATA_TUNNEL
22.271,74.0,28.0,46.0,64159.9,11609.75,52550.15,2880.87,3.32,-0.6381,867.03,579.43,40.0,1500.0,881.91,806.8,0.6018,300.96,261.74,60.19,662.11,0.8697,0.1118,3.8969,2.2754,11.0,0.0,0.0,BENIGN_WEB
11.1164,151.0,75.0,76.0,66128.18,47604.49,18523.69,5948.7,13.58,0.4398,437.93,67.85,336.16,560.07,445.86,376.12,0.3441,56.77,20.68,11.35,124.89,0.3643,0.5322,3.1358,3.9747,37.0,0.0,0.0,DOH_DATA_TUNNEL
13.0473,408.0,333.0,75.0,563839.59,520366.99,43472.6,43215.13,31.27,0.8458,1381.96,219.44,1052.79,1500.0,1305.33,1191.42,0.294,21.46,12.29,4.29,47.22,0.5726,0.1234,2.6217,3.603,22.0,0.0,0.0,DATA_EXFILTRATION
3.3284,26.0,10.0,16.0,23175.65,3970.07,19205.59,6963.06,7.81,-0.6574,891.37,336.52,386.59,1497.11,924.58,1015.09,0.449,128.01,107.58,25.6,281.63,0.8404,0.0772,4.6534,2.2704,9.0,0.0,0.0,BENIGN_WEB
22.1058,84.0,27.0,57.0,79203.85,15136.16,64067.68,3582.94,3.8,-0.6178,942.9,563.99,96.91,1500.0,968.76,1034.75,0.4885,263.16,198.52,52.63,578.96,0.7543,0.1189,4.7014,2.6297,14.0,0.0,0.0,BENIGN_WEB
31.4305,36.0,13.0,23.0,22452.36,6456.01,15996.35,714.35,1.15,-0.4249,623.68,572.75,40.0,1500.0,531.01,674.37,0.5903,873.07,1321.99,174.61,1920.75,1.5142,0.0443,3.7364,2.7706,9.0,0.0,0.0,BENIGN_WEB
27.9936,80.0,31.0,49.0,64954.74,12061.24,52893.5,2320.34,2.86,-0.6286,811.93,431.91,164.08,1500.0,765.19,803.92,0.3608,349.92,509.67,69.98,769.82,1.4565,0.0784,4.7451,2.9027,10.0,0.0,0.0,BENIGN_WEB
20.8396,52.0,21.0,31.0,37683.9,8139.27,29544.63,1808.29,2.5,-0.568,724.69,521.08,40.0,1500.0,643.91,701.53,0.2974,400.76,308.75,80.15,881.67,0.7704,0.1009,3.6556,2.3252,10.0,0.0,0.0,BENIGN_WEB
16.4912,96.0,48.0,48.0,35265.88,25905.12,9360.76,2138.47,5.82,0.4691,367.35,64.5,270.6,483.45,365.7,377.89,0.5921,180.66,99.14,36.13,397.46,0.5488,0.424,3.2184,4.1588,42.0,0.0,0.0,DOH_DATA_TUNNEL
12.3146,35.0,10.0,25.0,33385.69,7871.08,25514.6,2711.07,2.84,-0.5285,953.88,526.86,163.59,1500.0,1004.51,844.49,0.3017,351.85,375.13,70.37,774.06,1.0662,0.0943,4.4611,2.9073,16.0,0.0,0.0,BENIGN_WEB
12.2169,76.0,38.0,38.0,30012.96,21313.57,8699.38,2456.67,6.22,0.4203,394.91,65.13,297.22,512.14,434.22,418.32,0.4017,77.12,22.92,15.42,169.66,0.2972,0.5726,3.3735,4.2521,52.0,1.0,0.0,DOH_DATA_TUNNEL
26.2156,73.0,22.0,51.0,55312.86,9871.91,45440.94,2109.92,2.78,-0.6431,757.71,333.84,256.94,1358.63,674.17,806.43,0.343,359.12,479.7,71.82,790.06,1.3358,0.0129,4.8005,2.7854,20.0,0.0,0.0,BENIGN_WEB
12.0778,156.0,78.0,78.0,59407.57,35568.22,23839.35,4918.75,12.92,0.1974,380.82,77.67,264.32,520.62,414.16,406.17,0.1885,161.47,45.29,32.29,355.24,0.2805,0.6773,3.5453,4.5722,32.0,0.0,0.0,DOH_DATA_TUNNEL
33.5122,72.0,36.0,36.0,29116.49,16373.38,12743.11,868.83,2.15,0.1247,404.4,73.31,294.43,536.35,351.85,412.66,0.3617,64.25,31.15,12.85,141.36,0.4849,0.5665,3.975,4.4052,48.0,1.0,0.0,DOH_DATA_TUNNEL
40.9525,35.0,17.0,18.0,8697.93,6211.62,2486.31,212.39,0.85,0.4283,248.51,62.02,155.49,360.14,277.03,281.19,0.4063,220.8,122.95,44.16,485.75,0.5568,0.5133,3.1051,3.9468,50.0,0.0,0.0,DOH_DATA_TUNNEL
12.2752,153.0,76.0,77.0,46330.58,30776.38,15554.2,3774.33,12.46,0.3286,302.81,60.57,211.97,411.83,303.79,318.78,0.3877,210.81,53.55,42.16,463.79,0.254,0.5932,3.2112,3.8561,56.0,1.0,0.0,DOH_DATA_TUNNEL
13.5116,62.0,31.0,31.0,18963.8,12202.35,6761.45,1403.52,4.59,0.2869,305.87,43.54,240.56,384.24,344.18,332.61,0.5989,110.2,51.81,22.04,242.45,0.4701,0.6102,4.0586,4.4031,61.0,0.0,0.0,DOH_DATA_TUNNEL
12.3046,34.0,12.0,22.0,31441.4,4751.17,26690.23,2555.26,2.76,-0.6978,924.75,438.64,266.79,1500.0,857.54,1010.16,0.2373,361.9,346.85,72.38,796.18,0.9584,0.0278,3.7047,2.188,12.0,0.0,0.0,BENIGN_WEB
7.8972,72.0,27.0,45.0,58610.24,8564.36,50045.88,7421.62,9.12,-0.7078,814.03,497.75,67.41,1500.0,748.66,804.11,0.2733,109.68,149.97,21.94,241.3,1.3673,0.0986,4.1511,2.8962,8.0,0.0,0.0,BENIGN_WEB
29.3928,77.0,23.0,54.0,61691.21,11519.72,50171.49,2098.86,2.62,-0.6265,801.18,573.69,40.0,1500.0,755.78,744.38,0.3603,381.72,585.85,76.34,839.79,1.5348,0.0819,4.6869,2.1007,16.0,0.0,0.0,BENIGN_WEB
11.5369,82.0,41.0,41.0,34167.34,25372.77,8794.57,2961.57,7.11,0.4852,416.67,38.77,358.53,486.45,357.35,392.84,0.3271,63.7,20.71,12.74,140.15,0.3252,0.4624,3.2254,3.9021,42.0,0.0,0.0,DOH_DATA_TUNNEL
9.4971,146.0,73.0,73.0,63471.27,36084.24,27387.03,6683.23,15.37,0.137,434.73,54.38,353.17,532.61,411.74,409.91,0.2898,191.76,57.81,38.35,421.87,0.3015,0.4355,4.037,4.6013,42.0,0.0,0.0,DOH_DATA_TUNNEL
13.1011,161.0,80.0,81.0,49216.06,30659.81,18556.25,3756.63,12.29,0.2459,305.69,71.55,198.36,434.48,276.07,319.21,0.1828,138.31,74.45,27.66,304.28,0.5383,0.6521,3.294,3.9145,38.0,0.0,0.0,DOH_DATA_TUNNEL
18.7598,904.0,759.0,145.0,1198598.49,1105188.04,93410.46,63891.74,48.19,0.8441,1325.88,148.87,1102.58,1500.0,1223.88,1361.92,0.1986,9.34,3.87,1.87,20.55,0.4145,0.1219,2.6207,2.9373,19.0,1.0,0.0,DATA_EXFILTRATION
15.2039,24.0,7.0,17.0,15369.83,2004.05,13365.78,1010.92,1.58,-0.7392,640.41,489.48,40.0,1500.0,649.43,580.71,0.4219,633.49,506.1,126.7,1393.69,0.7989,0.0903,5.0335,2.6892,8.0,0.0,0.0,BENIGN_WEB
25.4592,32.0,11.0,21.0,27032.46,4890.17,22142.29,1061.8,1.26,-0.6382,844.76,514.67,72.76,1500.0,870.74,932.48,0.2191,795.6,613.1,159.12,1750.32,0.7706,0.1321,4.0223,2.5734,14.0,0.0,0.0,BENIGN_WEB
16.3813,159.0,79.0,80.0,70046.74,45475.4,24571.34,4276.03,9.71,0.2984,440.55,59.1,351.9,546.92,404.3,445.56,0.3162,141.61,35.46,28.32,311.55,0.2504,0.5896,3.2785,3.8563,43.0,0.0,0.0,DOH_DATA_TUNNEL
13.2986,49.0,24.0,25.0,13196.33,8118.82,5077.52,992.31,3.68,0.2305,269.31,44.21,202.99,348.9,308.87,286.17,0.2611,128.74,67.52,25.75,283.24,0.5244,0.4214,3.353,4.2613,54.0,0.0,0.0,DOH_DATA_TUNNEL
21.5581,72.0,27.0,45.0,75821.4,19281.44,56539.96,3517.08,3.34,-0.4914,1053.08,478.6,335.18,1500.0,911.68,1121.2,0.3595,299.42,387.02,59.88,658.72,1.2926,0.1036,4.0532,2.7963,20.0,0.0,0.0,BENIGN_WEB
39.1627,72.0,36.0,36.0,29782.15,18856.52,10925.63,760.47,1.84,0.2663,413.64,73.54,303.33,546.02,353.08,453.15,0.2863,157.31,70.45,31.46,346.08,0.4478,0.5248,4.0531,4.058,47.0,1.0,0.0,DOH_DATA_TUNNEL
15.69,113.0,56.0,57.0,42025.86,27855.07,14170.8,2678.51,7.2,0.3256,371.91,82.0,248.91,519.51,408.55,395.95,0.5407,92.94,36.16,18.59,204.47,0.3891,0.4653,3.785,4.4441,50.0,0.0,0.0,DOH_DATA_TUNNEL
17.1582,17.0,5.0,12.0,13516.85,2898.13,10618.71,787.78,0.99,-0.5712,795.11,522.48,40.0,1500.0,906.07,772.51,0.2862,1009.31,1749.61,201.86,2220.48,1.7335,0.0753,4.6757,2.5773,9.0,0.0,0.0,BENIGN_WEB
10.7448,144.0,72.0,72.0,44440.35,29191.89,15248.45,4135.99,13.4,0.3138,308.61,74.69,196.57,443.06,315.61,289.84,0.5744,214.08,71.18,42.82,470.97,0.3325,0.4697,3.639,4.0474,46.0,0.0,0.0,DOH_DATA_TUNNEL
26.6809,44.0,22.0,22.0,18494.94,11794.39,6700.55,693.19,1.65,0.2754,420.34,38.07,363.23,488.87,448.99,368.29,0.421,145.9,74.96,29.18,320.99,0.5138,0.6814,3.2905,4.5263,52.0,0.0,0.0,DOH_DATA_TUNNEL
5.8811,31.0,11.0,20.0,23131.53,6301.49,16830.03,3933.23,5.27,-0.4552,746.18,512.55,40.0,1500.0,832.93,799.27,0.4585,189.71,292.9,37.94,417.37,1.5439,0.0865,4.9513,2.6728,8.0,0.0,0.0,BENIGN_WEB
27.2125,83.0,27.0,56.0,89613.87,21927.0,67686.87,3293.11,3.05,-0.5106,1079.69,476.09,365.54,1500.0,957.96,1237.72,0.6115,327.86,506.47,65.57,721.3,1.5448,0.0915,4.14,2.8457,11.0,0.0,0.0,BENIGN_WEB
30.2463,44.0,16.0,28.0,41930.59,6426.59,35504.0,1386.3,1.45,-0.6935,952.97,382.29,379.54,1500.0,1020.52,939.88,0.2635,687.42,687.34,137.48,1512.32,0.9999,0.068,4.6848,2.9938,8.0,0.0,0.0,BENIGN_WEB
26.5018,1496.0,1247.0,249.0,2117117.03,2016037.35,101079.68,79885.64,56.45,0.9045,1415.19,193.09,1125.55,1500.0,1298.1,1378.39,0.382,46.07,16.08,9.21,101.36,0.3491,0.1821,2.3467,3.1606,26.0,1.0,1.0,DATA_EXFILTRATION
25.7521,31.0,9.0,22.0,21332.46,2466.94,18865.52,828.38,1.2,-0.7687,688.14,521.47,40.0,1500.0,684.6,771.14,0.1978,830.71,753.83,166.14,1827.57,0.9075,0.1357,4.1776,2.4322,14.0,0.0,0.0,BENIGN_WEB
3.465,27.0,9.0,18.0,28285.2,3894.15,24391.06,8163.05,7.79,-0.7247,1047.6,552.95,218.17,1500.0,1086.69,1089.38,0.3877,128.33,148.41,25.67,282.34,1.1564,0.0779,4.9022,2.1105,12.0,0.0,0.0,BENIGN_WEB
35.2869,258.0,220.0,38.0,361479.38,332745.38,28734.0,10244.02,7.31,0.841,1401.08,209.76,1086.44,1500.0,1198.95,1519.79,0.51,46.41,28.65,9.28,102.11,0.6172,0.1986,2.3568,3.5628,23.0,1.0,0.0,DATA_EXFILTRATION
7.1042,148.0,74.0,74.0,52009.73,36664.97,15344.75,7320.96,20.83,0.4099,351.42,83.03,226.87,500.87,363.72,321.03,0.4965,79.98,23.61,16.0,175.95,0.2953,0.6667,3.6302,3.9035,33.0,0.0,0.0,DOH_DATA_TUNNEL
19.4556,29.0,10.0,19.0,19374.03,2979.84,16394.19,995.81,1.49,-0.6924,668.07,354.06,136.99,1305.37,651.93,763.17,0.3862,670.88,1108.23,134.18,1475.94,1.6519,0.0201,4.2899,3.0241,16.0,0.0,0.0,BENIGN_WEB
34.3344,68.0,34.0,34.0,22944.09,13189.71,9754.38,668.25,1.98,0.1497,337.41,62.19,244.13,449.36,380.36,367.01,0.4977,103.25,31.15,20.65,227.15,0.3016,0.5242,3.9749,3.8818,32.0,1.0,0.0,DOH_DATA_TUNNEL
9.8977,32.0,9.0,23.0,34191.52,9418.32,24773.2,3454.48,3.23,-0.4491,1068.49,571.22,211.66,1500.0,1007.44,1201.49,0.3374,309.3,222.71,61.86,680.47,0.72,0.0423,4.2097,2.1807,20.0,0.0,0.0,BENIGN_WEB
3.563,28.0,7.0,21.0,28732.4,5860.81,22871.59,8064.09,7.86,-0.592,1026.16,571.09,169.52,1500.0,1166.1,888.86,0.5231,127.25,184.76,25.45,279.95,1.4519,0.1289,4.9459,2.3034,16.0,0.0,0.0,BENIGN_WEB
37.3004,351.0,293.0,58.0,482552.75,432449.15,50103.6,12936.93,9.41,0.7923,1374.79,202.9,1070.45,1500.0,1361.58,1478.51,0.282,44.23,10.63,8.85,97.3,0.2403,0.2446,2.4211,3.1355,18.0,1.0,0.0,DATA_EXFILTRATION
13.6037,155.0,77.0,78.0,55636.7,39923.37,15713.33,4089.84,11.39,0.4351,358.95,83.24,234.08,508.78,405.76,309.8,0.6126,222.65,93.36,44.53,489.82,0.4193,0.5278,3.8163,4.611,58.0,0.0,0.0,DOH_DATA_TUNNEL
50.0877,1566.0,1377.0,189.0,1982323.09,1915632.29,66690.8,39577.03,31.27,0.9327,1265.85,274.72,853.77,1500.0,1431.81,1108.6,0.6087,28.74,6.81,5.75,63.22,0.2371,0.1996,2.0902,3.5608,14.0,1.0,1.0,DATA_EXFILTRATION
23.7096,74.0,25.0,49.0,59282.76,7247.25,52035.51,2500.37,3.12,-0.7555,801.12,535.49,40.0,1500.0,744.23,827.44,0.2069,320.4,328.8,64.08,704.88,1.0262,0.1385,4.2452,2.4196,15.0,0.0,0.0,BENIGN_WEB
8.7764,71.0,25.0,46.0,52930.36,5497.35,47433.01,6030.96,8.09,-0.7923,745.5,401.87,142.7,1468.86,689.91,753.69,0.2743,123.61,213.35,24.72,271.95,1.726,0.0846,4.7895,2.2829,17.0,0.0,0.0,BENIGN_WEB
40.5125,79.0,39.0,40.0,29556.69,17898.39,11658.3,729.57,1.95,0.2111,374.14,44.78,306.96,454.74,367.15,408.71,0.4089,70.19,28.47,14.04,154.41,0.4056,0.511,3.4485,4.3608,55.0,0.0,0.0,DOH_DATA_TUNNEL
14.0567,82.0,31.0,51.0,63933.47,18306.27,45627.2,4548.25,5.83,-0.4273,779.68,430.0,134.68,1500.0,706.88,805.29,0.3992,171.42,226.13,34.28,377.13,1.3191,0.0464,4.0,2.6545,19.0,0.0,0.0,BENIGN_WEB
22.8911,78.0,39.0,39.0,35290.05,23670.99,11619.07,1541.65,3.41,0.3415,452.44,43.65,386.96,531.0,418.61,441.96,0.4029,153.54,72.95,30.71,337.79,0.4751,0.6742,3.9013,4.1421,39.0,1.0,0.0,DOH_DATA_TUNNEL
10.6735,46.0,15.0,31.0,34249.2,5107.25,29141.95,3208.81,4.31,-0.7018,744.55,346.52,224.76,1368.29,708.15,800.99,0.2375,232.03,366.18,46.41,510.47,1.5781,0.0423,4.9899,2.6846,10.0,0.0,0.0,BENIGN_WEB
28.5734,16.0,4.0,12.0,12495.36,2465.84,10029.52,437.31,0.56,-0.6053,780.96,345.48,262.75,1402.82,750.21,784.07,0.3459,1785.84,2201.53,357.17,3928.84,1.2328,0.0375,3.6684,2.9652,14.0,0.0,0.0,BENIGN_WEB
16.3021,153.0,76.0,77.0,63716.93,44998.03,18718.9,3908.52,9.39,0.4124,416.45,51.34,339.43,508.87,475.26,433.95,0.5101,117.19,54.04,23.44,257.82,0.4612,0.713,3.612,4.5503,39.0,0.0,0.0,DOH_DATA_TUNNEL
37.8059,103.0,51.0,52.0,26975.2,17536.87,9438.33,713.52,2.72,0.3002,261.9,45.13,194.2,343.13,279.94,281.54,0.4784,201.52,65.72,40.3,443.35,0.3261,0.4589,3.3583,4.4509,47.0,1.0,0.0,DOH_DATA_TUNNEL
29.5662,164.0,82.0,82.0,61845.18,42548.22,19296.96,2091.75,5.55,0.376,377.1,38.68,319.09,446.72,338.8,382.95,0.5231,217.84,66.81,43.57,479.24,0.3067,0.4455,4.0517,3.8784,51.0,0.0,0.0,DOH_DATA_TUNNEL
12.2287,57.0,16.0,41.0,52917.38,14691.53,38225.85,4327.31,4.66,-0.4447,928.38,422.37,294.82,1500.0,872.4,887.97,0.5908,214.54,319.99,42.91,471.98,1.4915,0.0225,3.7385,2.7117,20.0,0.0,0.0,BENIGN_WEB
30.1466,16.0,4.0,12.0,13172.82,3561.46,9611.35,436.96,0.53,-0.4593,823.3,538.84,40.0,1500.0,746.75,912.59,0.4878,1884.16,2307.31,376.83,4145.16,1.2246,0.1182,4.9075,2.9699,21.0,0.0,0.0,BENIGN_WEB
42.5371,1356.0,1195.0,161.0,1757506.86,1572337.96,185168.91,41317.08,31.88,0.7893,1296.1,111.56,1128.75,1496.91,1274.87,1151.9,0.2394,12.61,3.51,2.52,27.74,0.2785,0.1265,1.974,3.7477,24.0,0.0,0.0,DATA_EXFILTRATION
9.2473,1255.0,1064.0,191.0,1720576.22,1650435.15,70141.06,186063.1,135.72,0.9185,1370.98,254.24,989.62,1500.0,1330.69,1472.02,0.2028,35.28,19.09,7.06,77.61,0.5411,0.1584,2.7571,3.6862,19.0,1.0,1.0,DATA_EXFILTRATION
32.2189,1406.0,1118.0,288.0,1840439.16,1717532.42,122906.74,57123.04,43.64,0.8664,1308.99,260.71,917.92,1500.0,1253.55,1230.04,0.3045,41.27,25.18,8.25,90.8,0.6101,0.1593,1.9336,3.5225,17.0,0.0,0.0,DATA_EXFILTRATION
25.8514,21.0,6.0,15.0,14203.94,3558.05,10645.89,549.45,0.81,-0.499,676.38,341.15,164.65,1290.45,762.1,703.94,0.3494,1231.02,1879.0,246.2,2708.24,1.5264,0.0235,4.0816,2.4252,17.0,0.0,0.0,BENIGN_WEB
6.4554,60.0,22.0,38.0,47477.9,9449.3,38028.6,7354.73,9.29,-0.6019,791.3,364.77,244.14,1447.89,876.32,818.78,0.4269,107.59,136.25,21.52,236.7,1.2664,0.0977,4.9147,2.9374,15.0,0.0,0.0,BENIGN_WEB
43.8768,1187.0,948.0,239.0,1694849.51,1618828.38,76021.13,38627.43,27.05,0.9103,1427.84,207.89,1116.01,1500.0,1252.46,1463.74,0.4282,15.66,7.39,3.13,34.46,0.4719,0.2631,2.8952,3.7675,22.0,1.0,0.0,DATA_EXFILTRATION
22.0611,50.0,19.0,31.0,32137.08,6975.71,25161.36,1456.73,2.27,-0.5659,642.74,456.83,40.0,1465.03,652.33,598.48,0.4945,441.22,771.93,88.24,970.69,1.7495,0.0971,4.625,2.9145,20.0,0.0,0.0,BENIGN_WEB
10.0373,41.0,13.0,28.0,37705.09,4235.27,33469.82,3756.49,4.08,-0.7753,919.64,399.44,320.48,1500.0,1052.27,782.99,0.446,244.81,239.68,48.96,538.59,0.9791,0.0826,4.1888,2.5071,10.0,0.0,0.0,BENIGN_WEB
2.464,66.0,21.0,45.0,50226.06,7431.48,42794.58,20383.95,26.79,-0.7041,761.0,465.81,62.28,1500.0,833.53,666.08,0.4103,37.33,32.04,7.47,82.13,0.8581,0.0472,3.604,2.6163,17.0,0.0,0.0,BENIGN_WEB
31.9256,164.0,82.0,82.0,56819.75,36269.16,20550.59,1779.76,5.14,0.2766,346.46,80.05,226.38,490.56,325.69,395.09,0.6034,128.1,40.33,25.62,281.83,0.3148,0.6712,3.4037,4.2383,36.0,0.0,0.0,DOH_DATA_TUNNEL
53.6401,701.0,558.0,143.0,895758.34,848862.57,46895.77,16699.43,13.07,0.8953,1277.83,200.54,977.02,1500.0,1113.01,1235.19,0.1987,42.39,22.37,8.48,93.26,0.5278,0.2514,2.7264,3.0925,28.0,0.0,0.0,DATA_EXFILTRATION
23.4982,1262.0,1010.0,252.0,1644780.65,1604235.81,40544.84,69996.15,53.71,0.9507,1303.31,159.83,1063.56,1500.0,1489.45,1310.23,0.3685,10.95,2.75,2.19,24.08,0.2515,0.2466,2.2761,3.7212,14.0,0.0,0.0,DATA_EXFILTRATION
8.6705,18.0,6.0,12.0,14658.29,4235.59,10422.7,1690.58,2.08,-0.4221,814.35,475.48,101.13,1500.0,880.45,779.72,0.429,481.7,682.53,96.34,1059.73,1.4169,0.0968,4.8533,2.8879,17.0,0.0,0.0,BENIGN_WEB
29.9489,38.0,12.0,26.0,27013.76,3607.04,23406.72,901.99,1.27,-0.7329,710.89,565.53,40.0,1500.0,751.85,789.26,0.6194,788.13,1307.98,157.63,1733.89,1.6596,0.1229,5.0163,2.7982,19.0,0.0,0.0,BENIGN_WEB
20.1934,151.0,75.0,76.0,41602.14,28660.43,12941.71,2060.18,7.48,0.3778,275.51,49.34,201.5,364.33,290.81,236.63,0.482,195.57,112.63,39.11,430.25,0.5759,0.5526,3.3409,4.2232,60.0,0.0,0.0,DOH_DATA_TUNNEL
31.7266,1474.0,1213.0,261.0,2025898.76,1852236.82,173661.94,63854.99,46.46,0.8286,1374.42,257.81,987.71,1500.0,1534.36,1408.86,0.5784,17.01,8.36,3.4,37.43,0.4913,0.1715,2.7638,3.7923,26.0,0.0,0.0,DATA_EXFILTRATION
25.7051,53.0,20.0,33.0,34707.42,6636.68,28070.74,1350.22,2.06,-0.6176,654.86,530.29,40.0,1500.0,723.57,596.38,0.5296,485.0,770.61,97.0,1067.0,1.5889,0.0707,3.846,2.7896,21.0,0.0,0.0,BENIGN_WEB
13.6539,1490.0,1240.0,250.0,2054565.13,1893642.76,160922.37,150474.42,109.13,0.8434,1378.9,222.0,1045.9,1500.0,1214.21,1453.03,0.2771,45.28,17.36,9.06,99.62,0.3833,0.2736,2.529,3.5647,28.0,1.0,0.0,DATA_EXFILTRATION
29.959,74.0,28.0,46.0,72445.66,15302.9,57142.76,2418.16,2.47,-0.5775,979.0,453.38,298.93,1500.0,1027.64,1069.02,0.2303,404.85,701.5,80.97,890.67,1.7327,0.1041,5.0949,2.6461,12.0,0.0,0.0,BENIGN_WEB
38.9612,257.0,215.0,42.0,362730.69,345089.04,17641.65,9310.04,6.6,0.9027,1411.4,261.54,1019.09,1500.0,1296.19,1587.72,0.611,24.63,14.48,4.93,54.18,0.5882,0.2045,2.4998,3.1097,29.0,1.0,0.0,DATA_EXFILTRATION
33.2123,604.0,546.0,58.0,832096.55,788929.35,43167.2,25053.87,18.19,0.8962,1377.64,276.85,962.36,1500.0,1196.47,1495.64,0.4679,17.47,9.52,3.49,38.44,0.5447,0.2666,2.743,3.7374,24.0,1.0,0.0,DATA_EXFILTRATION
28.7273,45.0,15.0,30.0,47669.72,8505.9,39163.82,1659.39,1.57,-0.6431,1059.33,569.75,204.7,1500.0,1136.46,909.96,0.4403,638.38,536.04,127.68,1404.44,0.8397,0.1184,4.495,2.4126,9.0,0.0,0.0,BENIGN_WEB
21.2349,174.0,87.0,87.0,56747.76,32258.17,24489.59,2672.38,8.19,0.1369,326.14,47.67,254.63,411.95,296.07,306.4,0.4407,224.23,118.18,44.85,493.3,0.527,0.5619,3.5687,4.3435,31.0,0.0,0.0,DOH_DATA_TUNNEL
53.568,395.0,317.0,78.0,484511.13,470450.05,14061.08,9044.79,7.37,0.942,1226.61,265.55,828.28,1500.0,1252.81,1299.04,0.4294,46.15,23.89,9.23,101.52,0.5177,0.1427,2.2999,3.0458,24.0,1.0,0.0,DATA_EXFILTRATION
4.3882,30.0,8.0,22.0,28149.4,3467.78,24681.62,6414.82,6.84,-0.7536,938.31,484.24,211.96,1500.0,858.86,1064.23,0.3582,146.27,130.8,29.25,321.8,0.8942,0.129,3.8437,2.1891,16.0,0.0,0.0,BENIGN_WEB
21.7481,74.0,26.0,48.0,65743.73,15352.77,50390.96,3022.97,3.4,-0.533,888.43,568.08,40.0,1500.0,926.37,797.44,0.5356,293.89,266.19,58.78,646.56,0.9057,0.0675,4.722,2.3739,8.0,0.0,0.0,BENIGN_WEB
16.9051,56.0,20.0,36.0,59695.72,16783.76,42911.96,3531.23,3.31,-0.4377,1066.0,411.55,448.67,1500.0,1019.62,1004.73,0.5932,301.88,229.54,60.38,664.13,0.7604,0.1137,5.021,2.1511,18.0,0.0,0.0,BENIGN_WEB
3.0039,21.0,8.0,13.0,18119.97,2397.82,15722.14,6032.21,6.99,-0.7353,862.86,431.23,216.02,1500.0,851.91,925.17,0.2046,143.04,130.78,28.61,314.69,0.9142,0.1304,4.9413,2.7602,12.0,0.0,0.0,BENIGN_WEB
12.6887,18.0,6.0,12.0,15770.2,2168.17,13602.03,1242.85,1.42,-0.725,876.12,579.24,40.0,1500.0,880.06,961.46,0.1995,704.93,928.38,140.99,1550.84,1.317,0.0216,3.7967,2.3861,9.0,0.0,0.0,BENIGN_WEB
27.5259,92.0,46.0,46.0,24510.46,14241.95,10268.52,890.45,3.34,0.1621,266.42,52.43,187.77,360.8,305.66,265.73,0.51,208.26,50.31,41.65,458.17,0.2416,0.5614,3.6886,4.0315,53.0,0.0,0.0,DOH_DATA_TUNNEL
31.7039,44.0,15.0,29.0,42455.22,8224.1,34231.11,1339.12,1.39,-0.6126,964.89,469.7,260.34,1500.0,832.94,1007.51,0.5543,720.54,1139.68,144.11,1585.2,1.5817,0.0138,4.9296,2.809,21.0,0.0,0.0,BENIGN_WEB
20.807,48.0,24.0,24.0,19711.35,12482.6,7228.75,947.34,2.31,0.2665,410.65,79.73,291.06,554.17,410.22,397.73,0.2349,85.6,18.96,17.12,188.31,0.2215,0.5074,3.7755,4.088,35.0,0.0,0.0,DOH_DATA_TUNNEL
21.981,43.0,21.0,22.0,19750.9,12752.79,6998.11,898.54,1.96,0.2914,459.32,72.46,350.63,589.76,433.23,428.55,0.4275,224.71,122.17,44.94,494.37,0.5437,0.4924,4.0619,4.451,55.0,0.0,0.0,DOH_DATA_TUNNEL
39.9062,104.0,52.0,52.0,41623.28,30893.18,10730.1,1043.03,2.61,0.4844,400.22,69.98,295.25,526.2,452.12,412.37,0.2015,193.42,57.66,38.68,425.53,0.2981,0.5203,4.09,3.9134,39.0,0.0,0.0,DOH_DATA_TUNNEL
16.923,19.0,6.0,13.0,20100.31,2405.19,17695.12,1187.75,1.12,-0.7607,1057.91,389.82,473.17,1500.0,1167.69,1177.08,0.2104,890.69,811.63,178.14,1959.51,0.9112,0.077,3.8818,2.7919,17.0,0.0,0.0,BENIGN_WEB
8.8964,167.0,83.0,84.0,47840.56,29939.25,17901.31,5377.51,18.77,0.2516,286.47,47.23,215.63,371.48,243.52,310.89,0.4059,206.77,92.06,41.35,454.89,0.4452,0.5879,3.1701,4.1824,45.0,1.0,0.0,DOH_DATA_TUNNEL
21.9531,37.0,11.0,26.0,26965.56,7435.98,19529.58,1228.32,1.69,-0.4485,728.8,388.77,145.64,1428.59,622.75,645.71,0.3024,593.33,892.79,118.67,1305.32,1.5047,0.093,5.0011,2.4066,18.0,0.0,0.0,BENIGN_WEB
52.077,792.0,665.0,127.0,987524.77,908748.34,78776.43,18962.8,15.21,0.8405,1246.87,215.12,924.2,1500.0,1324.99,1376.6,0.31,25.96,16.66,5.19,57.1,0.6419,0.2478,2.6819,3.8173,19.0,0.0,1.0,DATA_EXFILTRATION
20.3401,82.0,23.0,59.0,80569.11,13120.89,67448.22,3961.09,4.03,-0.6743,982.55,503.71,226.98,1500.0,840.72,1008.6,0.2627,248.05,225.24,49.61,545.71,0.908,0.0424,3.657,2.862,12.0,0.0,0.0,BENIGN_WEB
31.1475,369.0,335.0,34.0,523367.08,509936.04,13431.03,16802.87,11.85,0.9487,1418.34,233.59,1067.96,1500.0,1268.79,1444.03,0.4843,43.04,10.99,8.61,94.7,0.2554,0.1489,2.3854,3.0225,27.0,0.0,0.0,DATA_EXFILTRATION
20.742,28.0,8.0,20.0,26597.94,2832.96,23764.98,1282.32,1.35,-0.787,949.93,578.17,82.67,1500.0,928.16,868.74,0.5854,740.78,711.94,148.16,1629.73,0.9611,0.0702,4.6917,2.6167,20.0,0.0,0.0,BENIGN_WEB
4.191,20.0,7.0,13.0,19623.92,3470.73,16153.2,4682.4,4.77,-0.6463,981.2,413.74,360.58,1500.0,937.67,1082.81,0.577,209.55,362.72,41.91,461.01,1.7309,0.0855,4.8332,2.2851,20.0,0.0,0.0,BENIGN_WEB
24.5746,50.0,25.0,25.0,20112.87,12354.44,7758.43,818.44,2.03,0.2285,402.26,59.62,312.82,509.58,423.92,411.04,0.5391,113.72,58.28,22.74,250.18,0.5125,0.43,3.8983,3.9333,42.0,0.0,0.0,DOH_DATA_TUNNEL
40.8285,159.0,79.0,80.0,55561.39,36650.12,18911.27,1360.85,3.89,0.3193,349.44,65.61,251.02,467.55,401.57,372.84,0.3067,67.04,32.32,13.41,147.49,0.4821,0.6587,3.7653,4.1548,54.0,0.0,0.0,DOH_DATA_TUNNEL
31.261,72.0,23.0,49.0,71541.65,15873.57,55668.09,2288.53,2.3,-0.5562,993.63,438.87,335.32,1500.0,1038.74,936.52,0.5149,434.18,396.42,86.84,955.2,0.913,0.0163,5.0092,2.5511,10.0,0.0,0.0,BENIGN_WEB
13.0086,36.0,13.0,23.0,24995.02,3552.28,21442.75,1921.42,2.77,-0.7158,694.31,537.76,40.0,1500.0,650.21,619.64,0.4456,361.35,321.35,72.27,794.97,0.8893,0.1354,4.9189,3.0928,16.0,0.0,0.0,BENIGN_WEB
20.518,56.0,22.0,34.0,40127.86,4537.01,35590.85,1955.74,2.73,-0.7739,716.57,387.22,135.74,1413.56,774.19,644.41,0.5289,366.39,621.91,73.28,806.06,1.6974,0.0226,4.4168,2.8795,12.0,0.0,0.0,BENIGN_WEB
27.3144,83.0,31.0,52.0,74513.74,7983.18,66530.56,2728.0,3.04,-0.7857,897.76,445.6,229.35,1500.0,1023.9,850.35,0.364,329.09,279.94,65.82,724.0,0.8506,0.1037,3.7887,2.1674,18.0,0.0,0.0,BENIGN_WEB
23.6444,151.0,75.0,76.0,61011.34,46183.67,14827.67,2580.37,6.39,0.5139,404.05,46.86,333.77,488.39,373.29,436.65,0.5681,170.09,67.82,34.02,374.19,0.3988,0.5125,3.5775,4.0093,59.0,0.0,0.0,DOH_DATA_TUNNEL
13.0979,36.0,15.0,21.0,31033.25,5658.41,25374.84,2369.33,2.75,-0.6353,862.03,460.94,170.62,1500.0,809.52,753.22,0.2325,363.83,316.75,72.77,800.43,0.8706,0.1352,3.6244,2.8844,13.0,0.0,0.0,BENIGN_WEB
12.2827,272.0,245.0,27.0,387556.09,350606.43,36949.66,31552.92,22.14,0.8093,1424.84,196.22,1130.51,1500.0,1234.14,1231.5,0.4727,22.88,12.22,4.58,50.33,0.5343,0.1225,2.0232,3.2295,16.0,0.0,0.0,DATA_EXFILTRATION
31.4549,41.0,14.0,27.0,30159.86,5052.8,25107.06,958.83,1.3,-0.6649,735.61,325.34,247.6,1321.22,808.57,681.15,0.2177,767.19,1130.74,153.44,1687.83,1.4739,0.027,4.1104,2.2215,18.0,0.0,0.0,BENIGN_WEB
14.1075,111.0,55.0,56.0,28630.28,20142.67,8487.61,2029.43,7.87,0.4071,257.93,48.71,184.87,345.61,233.2,284.72,0.5645,231.9,74.62,46.38,510.18,0.3218,0.483,3.6144,4.553,53.0,0.0,0.0,DOH_DATA_TUNNEL
47.0999,744.0,632.0,112.0,1051545.36,1001495.15,50050.22,22325.87,15.8,0.9048,1413.37,215.11,1090.71,1500.0,1400.23,1364.96,0.4551,15.42,4.8,3.08,33.91,0.3113,0.1806,2.4401,3.6358,28.0,1.0,0.0,DATA_EXFILTRATION
19.6606,160.0,142.0,18.0,196668.16,189694.03,6974.14,10003.15,8.14,0.9291,1229.18,138.11,1022.01,1477.77,1262.65,1286.08,0.4213,38.46,24.36,7.69,84.62,0.6334,0.1923,2.8588,3.6118,26.0,0.0,0.0,DATA_EXFILTRATION
8.1319,150.0,75.0,75.0,58352.38,40523.18,17829.2,7175.73,18.45,0.3889,389.02,69.46,284.83,514.04,339.76,419.25,0.5056,187.26,51.6,37.45,411.97,0.2755,0.4284,3.148,4.6301,36.0,0.0,0.0,DOH_DATA_TUNNEL
25.7048,81.0,40.0,41.0,19463.22,13249.74,6213.48,757.18,3.15,0.3615,240.29,74.73,128.2,374.79,251.03,205.15,0.2023,82.46,26.66,16.49,181.42,0.3233,0.6604,3.9676,4.0742,46.0,1.0,0.0,DOH_DATA_TUNNEL
13.968,56.0,28.0,28.0,19262.76,11288.04,7974.72,1379.07,4.01,0.172,343.98,35.94,290.07,408.67,369.39,315.42,0.2709,69.46,16.54,13.89,152.82,0.2381,0.6028,3.5211,4.5307,46.0,1.0,0.0,DOH_DATA_TUNNEL
33.4739,1344.0,1229.0,115.0,1707828.94,1641654.83,66174.11,51019.69,40.15,0.9225,1270.71,216.28,946.29,1500.0,1458.59,1259.33,0.3212,27.06,10.92,5.41,59.53,0.4036,0.157,2.1926,3.7765,23.0,0.0,0.0,DATA_EXFILTRATION
9.4118,824.0,671.0,153.0,1068620.74,1039233.58,29387.17,113540.26,87.55,0.945,1296.87,130.43,1101.22,1500.0,1469.77,1212.12,0.4537,34.88,15.48,6.98,76.74,0.4437,0.2375,2.7371,3.6663,14.0,1.0,0.0,DATA_EXFILTRATION
44.3961,447.0,361.0,86.0,611968.76,551497.04,60471.72,13784.3,10.07,0.8024,1369.06,126.37,1179.51,1500.0,1347.15,1234.52,0.2621,22.81,7.49,4.56,50.18,0.3283,0.1294,2.0488,3.0447,15.0,0.0,1.0,DATA_EXFILTRATION
25.8483,37.0,18.0,19.0,11177.33,7992.14,3185.19,432.42,1.43,0.4301,302.09,61.08,210.47,412.03,344.1,264.85,0.3685,117.54,35.38,23.51,258.58,0.3011,0.6911,3.167,4.2983,41.0,0.0,0.0,DOH_DATA_TUNNEL
29.9533,130.0,65.0,65.0,49361.63,36751.66,12609.98,1647.95,4.34,0.4891,379.7,44.82,312.48,460.37,430.68,331.64,0.5184,140.81,34.58,28.16,309.77,0.2456,0.5891,3.3755,4.2143,46.0,0.0,0.0,DOH_DATA_TUNNEL
28.2278,71.0,24.0,47.0,58391.7,5438.27,52953.43,2068.59,2.52,-0.8137,822.42,496.75,77.3,1500.0,816.0,730.24,0.4819,397.58,432.3,79.52,874.67,1.0874,0.0746,3.6014,2.2372,16.0,0.0,0.0,BENIGN_WEB
8.6132,103.0,51.0,52.0,32170.45,19106.69,13063.75,3735.01,11.96,0.1878,312.33,44.11,246.17,391.73,302.82,321.61,0.5879,77.55,31.67,15.51,170.6,0.4085,0.6845,3.5786,3.9271,57.0,1.0,0.0,DOH_DATA_TUNNEL
28.5499,91.0,45.0,46.0,28728.69,18553.55,10175.14,1006.26,3.19,0.2916,315.7,46.73,245.61,399.81,324.51,315.3,0.4623,53.62,13.37,10.72,117.97,0.2493,0.5126,3.9185,4.544,58.0,0.0,0.0,DOH_DATA_TUNNEL
2.4012,67.0,19.0,48.0,48938.01,7935.13,41002.88,20380.54,27.9,-0.6757,730.42,445.17,62.67,1500.0,705.68,725.65,0.3328,35.84,27.95,7.17,78.85,0.78,0.1052,5.0455,2.9717,17.0,0.0,0.0,BENIGN_WEB
49.5926,446.0,348.0,98.0,573650.98,559707.84,13943.14,11567.26,8.99,0.9514,1286.21,122.3,1102.77,1500.0,1342.01,1368.5,0.6104,28.57,16.01,5.71,62.86,0.5603,0.1933,2.0069,3.794,15.0,1.0,0.0,DATA_EXFILTRATION
9.5,163.0,81.0,82.0,54569.28,37790.17,16779.11,5744.16,17.16,0.385,334.78,56.24,250.42,436.01,309.58,367.42,0.5782,105.36,53.22,21.07,231.8,0.5052,0.6286,3.9927,4.169,32.0,0.0,0.0,DOH_DATA_TUNNEL
24.518,27.0,8.0,19.0,21759.03,2226.94,19532.09,887.47,1.1,-0.7953,805.89,328.98,312.42,1398.06,878.36,694.34,0.3914,908.07,1036.98,181.61,1997.76,1.142,0.136,5.0068,2.3679,13.0,0.0,0.0,BENIGN_WEB
32.7358,1157.0,1030.0,127.0,1417743.57,1332034.78,85708.8,43308.64,35.34,0.8791,1225.36,160.71,984.3,1500.0,1042.2,1258.2,0.5274,31.65,18.26,6.33,69.62,0.5769,0.2585,2.8925,3.1796,23.0,1.0,0.0,DATA_EXFILTRATION
1.8885,35.0,13.0,22.0,34781.79,8847.11,25934.68,18417.24,18.53,-0.4913,993.77,468.74,290.66,1500.0,1046.33,867.69,0.2431,53.96,55.67,10.79,118.71,1.0318,0.1031,4.8515,2.2575,16.0,0.0,0.0,BENIGN_WEB
8.2004,53.0,19.0,34.0,47286.55,6902.46,40384.1,5766.34,6.46,-0.7081,892.2,382.52,318.42,1500.0,902.46,768.46,0.5746,154.73,131.51,30.95,340.4,0.85,0.1209,4.5932,2.8381,11.0,0.0,0.0,BENIGN_WEB
9.799,143.0,71.0,72.0,50747.81,35413.72,15334.09,5178.87,14.59,0.3957,354.88,36.03,300.83,419.74,341.82,395.52,0.2537,102.55,32.81,20.51,225.61,0.32,0.5216,3.1565,4.3101,42.0,0.0,0.0,DOH_DATA_TUNNEL
17.3534,21.0,7.0,14.0,15846.56,2882.82,12963.74,913.17,1.21,-0.6362,754.6,372.27,196.2,1424.68,676.12,762.26,0.1952,826.35,931.09,165.27,1817.97,1.1268,0.0677,4.239,2.4412,20.0,0.0,0.0,BENIGN_WEB
24.882,77.0,23.0,54.0,63156.49,18213.64,44942.85,2538.24,3.09,-0.4232,820.21,456.94,134.8,1500.0,784.88,879.14,0.5882,323.14,519.68,64.63,710.91,1.6082,0.0508,3.8586,2.6478,8.0,0.0,0.0,BENIGN_WEB
11.6349,120.0,60.0,60.0,37848.53,24566.49,13282.04,3253.01,10.31,0.2981,315.4,73.48,205.18,447.67,312.04,271.01,0.2401,239.87,103.39,47.97,527.72,0.431,0.4257,3.8175,4.2758,35.0,0.0,0.0,DOH_DATA_TUNNEL
12.5134,69.0,26.0,43.0,55933.22,8165.75,47767.46,4469.85,5.51,-0.708,810.63,562.56,40.0,1500.0,693.49,840.53,0.5669,181.35,289.03,36.27,398.98,1.5937,0.0735,4.9618,2.2288,12.0,0.0,0.0,BENIGN_WEB
10.3274,712.0,592.0,120.0,901680.12,819874.06,81806.06,87309.17,68.94,0.8185,1266.4,135.21,1063.58,1500.0,1143.46,1351.34,0.1883,37.76,19.01,7.55,83.07,0.5034,0.2521,1.9092,3.7406,26.0,0.0,0.0,DATA_EXFILTRATION
30.4198,66.0,21.0,45.0,43926.52,8436.03,35490.49,1444.01,2.17,-0.6159,665.55,463.47,40.0,1499.8,658.45,704.24,0.2735,460.91,704.31,92.18,1013.99,1.5281,0.0919,4.0865,2.5642,15.0,0.0,0.0,BENIGN_WEB
18.0053,163.0,81.0,82.0,40565.1,23331.08,17234.02,2252.96,9.05,0.1503,248.87,41.25,186.99,323.12,284.52,233.62,0.2918,101.05,50.39,20.21,222.3,0.4987,0.447,3.7123,4.0757,36.0,1.0,0.0,DOH_DATA_TUNNEL
16.3332,68.0,28.0,40.0,61968.77,14495.52,47473.25,3794.04,4.16,-0.5322,911.31,549.93,86.41,1500.0,845.04,834.69,0.2642,240.19,271.83,48.04,528.43,1.1317,0.0123,4.5502,2.1492,13.0,0.0,0.0,BENIGN_WEB
25.1887,1484.0,1170.0,314.0,2133138.41,1933679.26,199459.16,84686.29,58.92,0.813,1437.42,267.87,1035.62,1500.0,1331.12,1436.83,0.353,28.01,17.62,5.6,61.62,0.6292,0.2658,1.9242,3.0941,21.0,0.0,0.0,DATA_EXFILTRATION
18.0873,47.0,23.0,24.0,11909.88,8906.45,3003.43,658.47,2.6,0.4956,253.4,60.36,162.86,362.05,236.98,236.22,0.3966,141.7,57.47,28.34,311.74,0.4056,0.5294,3.6449,4.0839,48.0,0.0,0.0,DOH_DATA_TUNNEL
3.2252,68.0,22.0,46.0,60721.75,15092.44,45629.3,18827.52,21.08,-0.5029,892.97,436.7,237.92,1500.0,1005.77,813.24,0.4117,47.43,71.09,9.49,104.34,1.4988,0.1052,3.8984,2.5136,13.0,0.0,0.0,BENIGN_WEB
32.9365,1031.0,865.0,166.0,1419131.29,1402813.66,16317.64,43086.87,31.3,0.977,1376.46,216.15,1052.24,1500.0,1436.88,1278.07,0.3516,29.17,14.63,5.83,64.17,0.5015,0.2211,2.3291,3.0672,18.0,0.0,0.0,DATA_EXFILTRATION
22.1929,44.0,17.0,27.0,39203.14,10447.1,28756.05,1766.47,1.98,-0.467,890.98,448.13,218.79,1500.0,776.56,967.84,0.3361,504.38,421.77,100.88,1109.65,0.8362,0.1043,4.9822,2.4125,13.0,0.0,0.0,BENIGN_WEB
29.2814,26.0,9.0,17.0,16435.97,2845.86,13590.12,561.31,0.89,-0.6537,632.15,514.1,40.0,1500.0,665.53,628.5,0.5442,1126.21,1310.82,225.24,2477.66,1.1639,0.067,4.2167,2.2042,16.0,0.0,0.0,BENIGN_WEB
4.5401,20.0,7.0,13.0,13884.52,3346.23,10538.3,3058.2,4.41,-0.518,694.23,320.9,212.87,1271.85,766.27,792.42,0.3126,227.0,389.42,45.4,499.41,1.7155,0.1249,5.0576,2.6673,15.0,0.0,0.0,BENIGN_WEB
29.3346,167.0,83.0,84.0,48634.55,35065.21,13569.35,1657.93,5.69,0.442,291.22,73.96,180.29,424.35,281.64,248.48,0.3829,200.87,111.43,40.17,441.92,0.5547,0.678,4.0247,4.2755,46.0,0.0,0.0,DOH_DATA_TUNNEL
20.9117,1187.0,1037.0,150.0,1502722.35,1340254.6,162467.75,71860.25,56.76,0.7838,1265.98,228.81,922.76,1500.0,1282.7,1302.66,0.2478,24.66,14.47,4.93,54.24,0.5867,0.165,2.6749,3.6538,20.0,0.0,0.0,DATA_EXFILTRATION
20.1891,16.0,5.0,11.0,16853.79,2702.58,14151.2,834.79,0.79,-0.6793,1053.36,366.97,502.91,1500.0,1169.12,1019.5,0.2241,1261.82,1364.58,252.36,2776.01,1.0814,0.0372,5.0052,2.658,8.0,0.0,0.0,BENIGN_WEB
7.0113,19.0,6.0,13.0,19310.08,4686.19,14623.88,2754.13,2.71,-0.5146,1016.32,375.38,453.25,1500.0,1110.56,995.67,0.263,369.02,627.99,73.8,811.84,1.7018,0.035,4.6723,2.2653,20.0,0.0,0.0,BENIGN_WEB
6.0776,135.0,67.0,68.0,60024.18,45270.54,14753.64,9876.36,22.21,0.5084,444.62,49.52,370.35,533.75,390.93,454.34,0.2672,153.74,83.95,30.75,338.23,0.5461,0.6783,3.3633,4.2916,30.0,0.0,0.0,DOH_DATA_TUNNEL
28.3335,43.0,14.0,29.0,44538.86,5596.42,38942.43,1571.95,1.52,-0.7487,1035.79,427.39,394.7,1500.0,1172.51,1076.4,0.2021,658.92,937.33,131.78,1449.62,1.4225,0.1213,5.0879,2.4141,16.0,0.0,0.0,BENIGN_WEB
2.4718,20.0,6.0,14.0,19483.74,5372.1,14111.64,7882.47,8.09,-0.4486,974.19,476.16,259.95,1500.0,1051.24,844.03,0.2077,123.59,210.22,24.72,271.9,1.701,0.0115,4.2218,2.7411,9.0,0.0,0.0,BENIGN_WEB
27.9904,908.0,771.0,137.0,1243177.65,1136811.72,106365.93,44414.48,32.44,0.8289,1369.14,143.62,1153.7,1500.0,1241.18,1213.73,0.4396,36.38,20.6,7.28,80.04,0.5661,0.1716,2.5952,3.5987,17.0,1.0,1.0,DATA_EXFILTRATION
15.358,129.0,64.0,65.0,42384.6,28483.81,13900.79,2759.78,8.4,0.3441,328.56,40.65,267.59,401.73,302.45,318.36,0.3033,77.53,19.9,15.51,170.57,0.2567,0.4936,3.722,4.5419,38.0,1.0,0.0,DOH_DATA_TUNNEL
6.8094,1069.0,868.0,201.0,1432681.5,1401445.89,31235.61,210397.18,156.99,0.9564,1340.21,252.02,962.18,1500.0,1164.27,1519.55,0.2865,47.39,26.24,9.48,104.26,0.5536,0.2635,2.2196,3.7752,24.0,1.0,0.0,DATA_EXFILTRATION
5.5667,61.0,23.0,38.0,43140.48,4649.22,38491.26,7749.67,10.96,-0.7845,707.22,327.96,215.28,1297.55,744.21,617.2,0.3808,91.26,132.7,18.25,200.77,1.4541,0.1034,4.4273,2.3826,20.0,0.0,0.0,BENIGN_WEB
10.7015,72.0,24.0,48.0,46259.43,10567.79,35691.63,4322.7,6.73,-0.5431,642.49,330.54,146.68,1237.46,730.91,697.0,0.5991,148.63,187.56,29.73,326.99,1.2619,0.1242,4.4183,2.5959,13.0,0.0,0.0,BENIGN_WEB
22.7777,93.0,46.0,47.0,35424.89,20038.79,15386.1,1555.24,4.08,0.1313,380.91,47.57,309.56,466.54,354.23,376.71,0.2699,169.22,91.88,33.84,372.27,0.543,0.6813,3.2741,4.2594,40.0,1.0,0.0,DOH_DATA_TUNNEL
9.4593,40.0,14.0,26.0,29142.15,4298.18,24843.97,3080.79,4.23,-0.705,728.55,547.92,40.0,1500.0,639.77,756.41,0.5174,236.48,301.27,47.3,520.26,1.274,0.1083,4.4906,2.1505,12.0,0.0,0.0,BENIGN_WEB
29.6512,1121.0,886.0,235.0,1413147.59,1341187.43,71960.16,47658.96,37.81,0.8982,1260.61,136.16,1056.38,1500.0,1208.55,1270.33,0.2993,12.12,2.7,2.42,26.67,0.2223,0.201,2.4273,2.9653,14.0,1.0,0.0,DATA_EXFILTRATION
20.7812,85.0,42.0,43.0,32360.28,20206.8,12153.48,1557.19,4.09,0.2489,380.71,64.4,284.12,496.62,432.88,381.48,0.2647,234.33,98.46,46.87,515.53,0.4202,0.4407,3.6499,3.9876,42.0,0.0,0.0,DOH_DATA_TUNNEL
5.9447,57.0,15.0,42.0,40577.22,10685.02,29892.19,6825.82,9.59,-0.4733,711.88,396.5,117.13,1425.58,762.63,675.52,0.5748,104.29,82.84,20.86,229.44,0.7943,0.046,5.0893,2.4319,18.0,0.0,0.0,BENIGN_WEB
19.6054,75.0,37.0,38.0,28621.16,20803.93,7817.23,1459.86,3.83,0.4537,381.62,42.94,317.21,458.91,338.86,390.69,0.331,62.14,17.78,12.43,136.71,0.2862,0.5869,3.2825,4.0456,47.0,1.0,0.0,DOH_DATA_TUNNEL
20.4831,35.0,9.0,26.0,35915.07,3526.15,32388.92,1753.4,1.71,-0.8036,1026.14,542.37,212.59,1500.0,1107.56,1089.26,0.5315,585.23,742.64,117.05,1287.51,1.269,0.0403,5.0718,2.9019,10.0,0.0,0.0,BENIGN_WEB
36.4229,1520.0,1212.0,308.0,2117677.2,1945624.66,172052.55,58141.32,41.73,0.8375,1393.21,142.63,1179.27,1500.0,1347.59,1340.6,0.4599,22.44,7.65,4.49,49.38,0.341,0.2529,1.9327,3.2238,17.0,1.0,0.0,DATA_EXFILTRATION
18.7793,83.0,34.0,49.0,73129.09,7143.82,65985.27,3894.14,4.42,-0.8046,881.07,536.52,76.3,1500.0,1000.13,847.8,0.5374,226.26,164.78,45.25,497.76,0.7283,0.1391,3.8279,2.7032,10.0,0.0,0.0,BENIGN_WEB
20.4416,49.0,14.0,35.0,42969.68,11920.71,31048.98,2102.07,2.4,-0.4452,876.93,351.43,349.78,1500.0,1005.97,851.81,0.183,417.18,347.7,83.44,917.79,0.8335,0.0497,4.3865,2.1334,20.0,0.0,0.0,BENIGN_WEB
40.2497,72.0,36.0,36.0,24474.34,18113.87,6360.47,608.06,1.79,0.4802,339.92,62.74,245.81,452.86,313.09,362.08,0.2262,157.55,58.59,31.51,346.6,0.3719,0.7159,4.0093,4.345,55.0,0.0,0.0,DOH_DATA_TUNNEL
11.6621,49.0,15.0,34.0,45534.38,7518.69,38015.69,3904.48,4.2,-0.6698,929.27,490.11,194.11,1500.0,818.11,997.61,0.4261,238.0,352.43,47.6,523.6,1.4808,0.0635,4.9616,2.6364,11.0,0.0,0.0,BENIGN_WEB
8.6724,20.0,5.0,15.0,17811.42,1687.45,16123.97,2053.81,2.31,-0.8105,890.57,393.89,299.73,1500.0,868.63,769.27,0.3854,433.62,399.98,86.72,953.96,0.9224,0.0871,4.1983,2.3261,8.0,0.0,0.0,BENIGN_WEB
29.5628,34.0,12.0,22.0,23360.57,5529.89,17830.67,790.2,1.15,-0.5266,687.08,502.25,40.0,1500.0,780.51,669.37,0.5174,869.49,1047.32,173.9,1912.89,1.2045,0.0231,4.6108,2.8474,17.0,0.0,0.0,BENIGN_WEB
34.5868,174.0,87.0,87.0,70644.99,52493.12,18151.87,2042.54,5.03,0.4861,406.01,83.27,281.11,555.88,371.93,403.49,0.583,164.76,87.57,32.95,362.48,0.5315,0.444,3.5188,4.4514,36.0,1.0,0.0,DOH_DATA_TUNNEL
28.2829,73.0,36.0,37.0,24818.1,15170.29,9647.81,877.49,2.58,0.2225,339.97,38.06,282.89,408.48,362.47,333.92,0.48,235.25,121.38,47.05,517.55,0.5159,0.4203,3.2457,4.5165,47.0,0.0,0.0,DOH_DATA_TUNNEL
20.1418,63.0,20.0,43.0,67410.24,7713.44,59696.8,3346.78,3.13,-0.7711,1070.0,538.14,262.79,1500.0,1122.33,1118.51,0.3224,319.71,281.44,63.94,703.36,0.8803,0.0468,3.7473,2.1335,20.0,0.0,0.0,BENIGN_WEB
29.5761,678.0,616.0,62.0,863864.6,817806.04,46058.57,29208.16,22.92,0.8934,1274.14,236.01,920.12,1500.0,1298.31,1147.83,0.5698,46.38,26.43,9.28,102.04,0.5698,0.2752,2.7783,3.3217,17.0,0.0,0.0,DATA_EXFILTRATION
8.9353,57.0,22.0,35.0,51159.17,9319.93,41839.24,5725.49,6.38,-0.6356,897.53,431.59,250.14,1500.0,867.85,828.71,0.4363,156.76,257.43,31.35,344.87,1.6422,0.138,3.7115,2.2698,14.0,0.0,0.0,BENIGN_WEB
30.577,34.0,11.0,23.0,25528.22,5659.26,19868.96,834.88,1.11,-0.5566,750.83,559.06,40.0,1500.0,768.73,776.8,0.321,899.32,646.06,179.86,1978.51,0.7184,0.0285,4.3666,2.727,9.0,0.0,0.0,BENIGN_WEB
20.6794,157.0,78.0,79.0,66823.76,37586.72,29237.04,3231.42,7.59,0.125,425.63,57.33,339.64,528.81,435.0,466.35,0.4443,213.64,94.59,42.73,470.02,0.4427,0.5512,3.6607,4.5897,60.0,0.0,0.0,DOH_DATA_TUNNEL
13.4398,84.0,42.0,42.0,30839.07,17387.43,13451.64,2294.6,6.25,0.1276,367.13,57.1,281.49,469.9,325.29,337.14,0.5328,75.59,20.84,15.12,166.3,0.2757,0.5713,3.8364,4.4405,35.0,0.0,0.0,DOH_DATA_TUNNEL
22.3754,45.0,22.0,23.0,11998.26,7876.55,4121.71,536.22,2.01,0.3129,266.63,58.59,178.74,372.09,302.88,250.23,0.4602,188.03,99.09,37.61,413.66,0.527,0.5458,4.0757,4.2956,54.0,0.0,0.0,DOH_DATA_TUNNEL
15.2314,51.0,21.0,30.0,39249.41,6646.36,32603.05,2576.88,3.35,-0.6613,769.6,573.16,40.0,1500.0,700.44,725.73,0.4804,298.65,467.23,59.73,657.04,1.5645,0.0203,4.3584,2.6738,14.0,0.0,0.0,BENIGN_WEB
40.3558,87.0,43.0,44.0,37446.61,23141.8,14304.82,927.91,2.16,0.236,430.42,66.85,330.15,550.75,438.16,383.97,0.2686,131.08,45.55,26.22,288.39,0.3475,0.6824,3.1115,4.3207,34.0,1.0,0.0,DOH_DATA_TUNNEL
43.0428,222.0,190.0,32.0,294302.87,265136.09,29166.78,6837.44,5.16,0.8018,1325.69,158.51,1087.92,1500.0,1325.45,1211.45,0.4315,29.68,10.54,5.94,65.3,0.3552,0.2686,2.8538,3.8461,21.0,0.0,1.0,DATA_EXFILTRATION
37.7658,167.0,83.0,84.0,44298.11,28168.02,16130.09,1172.97,4.42,0.2717,265.26,56.3,180.81,366.6,287.08,249.52,0.2036,178.19,58.75,35.64,392.03,0.3297,0.5104,3.6884,3.8889,59.0,0.0,0.0,DOH_DATA_TUNNEL
38.451,117.0,58.0,59.0,35809.33,25983.92,9825.41,931.3,3.04,0.4512,306.06,65.13,208.37,423.29,311.23,285.04,0.3896,106.84,58.56,21.37,235.04,0.5481,0.43,3.7451,3.9164,35.0,0.0,0.0,DOH_DATA_TUNNEL
11.0848,140.0,70.0,70.0,33589.33,19393.01,14196.32,3030.22,12.63,0.1547,239.92,50.57,164.07,330.94,260.97,253.98,0.3272,99.7,34.65,19.94,219.35,0.3476,0.5913,4.03,4.4172,51.0,1.0,0.0,DOH_DATA_TUNNEL
26.0355,37.0,11.0,26.0,28594.13,5502.37,23091.76,1098.27,1.42,-0.6151,772.81,466.0,73.82,1500.0,866.7,702.61,0.3697,703.66,1157.2,140.73,1548.06,1.6445,0.0477,4.6901,2.6556,10.0,0.0,0.0,BENIGN_WEB
15.3658,42.0,13.0,29.0,41570.58,4869.88,36700.7,2705.4,2.73,-0.7657,989.78,393.91,398.92,1500.0,1105.37,1005.65,0.2591,365.85,375.88,73.17,804.88,1.0274,0.1345,4.8135,2.5385,13.0,0.0,0.0,BENIGN_WEB
45.1544,897.0,775.0,122.0,1179345.76,1064254.21,115091.55,26118.08,19.87,0.8048,1314.77,152.36,1086.23,1500.0,1226.7,1434.49,0.5567,44.19,17.36,8.84,97.22,0.3928,0.1954,1.9117,3.5596,24.0,0.0,1.0,DATA_EXFILTRATION
31.3531,16.0,5.0,11.0,10597.05,1208.06,9388.99,337.99,0.51,-0.772,662.32,457.79,40.0,1486.33,678.19,563.31,0.3908,1959.57,1722.97,391.91,4311.05,0.8793,0.0584,4.3715,2.2744,14.0,0.0,0.0,BENIGN_WEB
17.3898,78.0,23.0,55.0,58161.2,9403.32,48757.87,3344.56,4.49,-0.6766,745.66,372.36,187.12,1415.9,749.24,730.45,0.5897,222.95,213.94,44.59,490.48,0.9596,0.0225,4.1826,2.1907,18.0,0.0,0.0,BENIGN_WEB
26.1926,68.0,34.0,34.0,16056.16,10558.89,5497.26,613.0,2.6,0.3152,236.12,55.61,152.71,336.22,209.69,218.69,0.5786,75.72,26.94,15.14,166.59,0.3557,0.6233,3.2015,3.9763,46.0,0.0,0.0,DOH_DATA_TUNNEL
15.9077,26.0,7.0,19.0,24930.85,6939.54,17991.31,1567.22,1.63,-0.4433,958.88,499.57,209.52,1500.0,885.32,1000.87,0.302,611.83,441.68,122.37,1346.04,0.7219,0.136,3.881,3.0977,9.0,0.0,0.0,BENIGN_WEB
4.4254,77.0,28.0,49.0,61095.2,15467.12,45628.09,13805.7,17.4,-0.4937,793.44,499.64,43.98,1500.0,781.03,801.64,0.2593,57.47,77.83,11.49,126.44,1.3542,0.0728,4.4921,2.4385,8.0,0.0,0.0,BENIGN_WEB
35.7046,162.0,81.0,81.0,37568.18,26741.15,10827.03,1052.19,4.54,0.4236,231.9,43.66,166.41,310.5,236.04,230.27,0.2368,78.2,25.31,15.64,172.05,0.3236,0.504,3.7557,4.32,56.0,1.0,0.0,DOH_DATA_TUNNEL
7.8123,112.0,56.0,56.0,40211.74,25486.26,14725.48,5147.22,14.34,0.2676,359.03,55.71,275.47,459.31,406.99,398.22,0.2143,143.34,50.27,28.67,315.35,0.3507,0.576,3.9353,4.0779,56.0,1.0,0.0,DOH_DATA_TUNNEL
10.9869,83.0,41.0,42.0,28909.2,21668.28,7240.92,2631.24,7.55,0.4991,348.3,59.0,259.81,454.5,374.88,331.91,0.1871,203.84,78.51,40.77,448.44,0.3852,0.4781,3.6504,4.6227,34.0,0.0,0.0,DOH_DATA_TUNNEL
32.6124,1141.0,890.0,251.0,1592852.15,1465429.11,127423.04,48841.86,34.99,0.84,1396.01,143.34,1181.01,1500.0,1343.28,1389.39,0.4655,35.22,9.98,7.04,77.49,0.2834,0.2633,1.9353,3.5314,18.0,0.0,0.0,DATA_EXFILTRATION
30.8693,1131.0,1025.0,106.0,1557244.06,1393781.47,163462.59,50446.32,36.64,0.7901,1376.87,277.98,959.9,1500.0,1465.42,1374.72,0.5567,21.01,5.72,4.2,46.22,0.2722,0.1381,2.8504,3.6963,23.0,0.0,0.0,DATA_EXFILTRATION
41.1703,121.0,60.0,61.0,30573.43,20034.68,10538.75,742.61,2.94,0.3106,252.67,59.35,163.64,359.51,226.3,245.78,0.2307,185.48,99.64,37.1,408.06,0.5372,0.4369,3.3266,4.1191,57.0,1.0,0.0,DOH_DATA_TUNNEL
14.0751,42.0,13.0,29.0,33691.1,5016.17,28674.93,2393.66,2.98,-0.7022,802.17,415.44,179.01,1500.0,759.8,711.71,0.2282,335.12,436.44,67.02,737.27,1.3023,0.1262,4.1731,2.4478,8.0,0.0,0.0,BENIGN_WEB
8.9613,110.0,55.0,55.0,36141.66,21615.46,14526.2,4033.07,12.27,0.1962,328.56,44.11,262.39,407.97,320.58,298.17,0.393,226.26,104.48,45.25,497.77,0.4618,0.4343,3.7357,4.4694,48.0,1.0,0.0,DOH_DATA_TUNNEL
35.9633,115.0,57.0,58.0,36650.9,25386.2,11264.7,1019.12,3.2,0.3853,318.7,56.72,233.62,420.8,310.48,302.19,0.5671,229.18,74.26,45.84,504.19,0.324,0.7063,3.5248,4.5457,50.0,1.0,0.0,DOH_DATA_TUNNEL
17.9819,21.0,6.0,15.0,20887.58,5070.98,15816.6,1161.59,1.17,-0.5145,994.65,504.79,237.46,1500.0,993.2,944.83,0.4715,856.28,850.06,171.26,1883.82,0.9927,0.0976,3.7449,2.9012,20.0,0.0,0.0,BENIGN_WEB
6.6457,26.0,10.0,16.0,22875.9,5607.78,17268.12,3442.2,3.91,-0.5097,879.84,513.68,109.33,1500.0,933.52,1009.61,0.6062,255.61,218.22,51.12,562.33,0.8538,0.1225,3.9203,2.8132,12.0,0.0,0.0,BENIGN_WEB
28.1082,70.0,35.0,35.0,31031.74,23274.09,7757.66,1104.01,2.49,0.5,443.31,71.29,336.38,571.63,438.91,394.98,0.6163,104.67,28.34,20.93,230.27,0.2708,0.6899,3.9806,4.2586,61.0,0.0,0.0,DOH_DATA_TUNNEL
19.0728,43.0,14.0,29.0,43099.82,11133.48,31966.34,2259.75,2.25,-0.4834,1002.32,404.49,395.58,1500.0,1044.96,868.12,0.4825,443.55,433.43,88.71,975.82,0.9772,0.0476,4.6539,2.4585,11.0,0.0,0.0,BENIGN_WEB
8.5872,529.0,450.0,79.0,743755.28,691633.7,52121.58,86612.04,61.6,0.8598,1405.96,138.25,1198.6,1500.0,1591.12,1378.94,0.5472,34.55,10.2,6.91,76.0,0.2954,0.2601,2.7499,3.2265,16.0,1.0,0.0,DATA_EXFILTRATION
19.5132,1306.0,1154.0,152.0,1708010.53,1622204.5,85806.04,87530.87,66.93,0.8995,1307.82,272.73,898.72,1500.0,1368.53,1185.89,0.2534,12.27,6.75,2.45,27.0,0.5498,0.1859,2.4554,3.8451,29.0,0.0,0.0,DATA_EXFILTRATION
31.6234,394.0,356.0,38.0,524726.25,501146.22,23580.03,16592.98,12.46,0.9101,1331.79,254.47,950.09,1500.0,1232.61,1484.77,0.5269,9.6,2.12,1.92,21.13,0.221,0.276,2.3541,3.0757,24.0,1.0,1.0,DATA_EXFILTRATION
25.4324,151.0,75.0,76.0,59826.93,41070.46,18756.47,2352.39,5.94,0.373,396.2,59.8,306.51,503.84,444.32,353.57,0.1977,149.18,65.87,29.84,328.19,0.4415,0.5428,3.1282,4.3146,50.0,0.0,0.0,DOH_DATA_TUNNEL
27.6944,40.0,12.0,28.0,37297.52,10265.94,27031.58,1346.75,1.44,-0.4495,932.44,549.47,108.24,1500.0,966.11,888.32,0.6004,692.36,673.17,138.47,1523.19,0.9723,0.0554,5.0095,2.3547,21.0,0.0,0.0,BENIGN_WEB
12.6818,270.0,229.0,41.0,332404.14,329006.14,3398.0,26211.17,21.29,0.9796,1231.13,197.1,935.48,1500.0,1266.16,1371.01,0.5107,11.17,7.08,2.23,24.56,0.634,0.2661,1.9531,3.2402,15.0,1.0,1.0,DATA_EXFILTRATION
11.8273,98.0,49.0,49.0,44295.59,25706.52,18589.07,3745.2,8.29,0.1607,452.0,43.57,386.64,530.43,427.15,407.64,0.5118,96.39,42.52,19.28,212.05,0.4411,0.5036,3.4927,4.6375,30.0,0.0,0.0,DOH_DATA_TUNNEL
10.4853,23.0,7.0,16.0,15970.13,2656.49,13313.64,1523.09,2.19,-0.6673,694.35,348.99,170.87,1322.53,757.05,734.25,0.3239,455.88,708.56,91.18,1002.94,1.5543,0.0867,3.8845,2.1953,17.0,0.0,0.0,BENIGN_WEB
27.7375,41.0,12.0,29.0,25573.7,5463.92,20109.78,921.99,1.48,-0.5727,623.75,459.61,40.0,1451.04,651.95,703.6,0.4145,676.52,1182.63,135.3,1488.35,1.7481,0.1085,4.1359,2.3259,15.0,0.0,0.0,BENIGN_WEB
17.3815,712.0,617.0,95.0,927502.98,907818.99,19683.99,53361.43,40.96,0.9576,1302.67,191.81,1014.96,1500.0,1322.6,1316.43,0.5897,25.84,12.16,5.17,56.85,0.4704,0.1215,2.7573,3.3632,22.0,1.0,1.0,DATA_EXFILTRATION
29.9922,68.0,26.0,42.0,53486.34,11761.3,41725.04,1783.34,2.27,-0.5602,786.56,558.11,40.0,1500.0,886.17,752.53,0.5247,441.06,308.96,88.21,970.34,0.7005,0.1035,4.985,2.4232,8.0,0.0,0.0,BENIGN_WEB
8.1881,161.0,80.0,81.0,61804.18,39437.05,22367.13,7548.05,19.66,0.2762,383.88,36.87,328.57,450.24,413.38,430.73,0.267,106.06,47.67,21.21,233.32,0.4495,0.5032,3.6818,4.6425,45.0,0.0,0.0,DOH_DATA_TUNNEL
11.4447,64.0,22.0,42.0,42204.62,9440.66,32763.95,3687.71,5.59,-0.5526,659.45,558.16,40.0,1500.0,617.88,596.44,0.5207,178.82,125.38,35.76,393.41,0.7011,0.0538,3.8971,2.8734,16.0,0.0,0.0,BENIGN_WEB
13.0429,65.0,18.0,47.0,69823.2,12921.51,56901.69,5353.34,4.98,-0.6299,1074.2,396.52,479.43,1500.0,1135.08,966.52,0.4221,200.66,232.16,40.13,441.45,1.157,0.0545,4.1822,2.975,8.0,0.0,0.0,BENIGN_WEB
18.6175,75.0,29.0,46.0,60471.04,9176.34,51294.7,3248.07,4.03,-0.6965,806.28,536.58,40.0,1500.0,729.19,807.0,0.2246,248.23,413.6,49.65,546.11,1.6662,0.128,4.2932,2.7702,10.0,0.0,0.0,BENIGN_WEB
7.2672,50.0,20.0,30.0,50668.95,8246.55,42422.4,6972.3,6.88,-0.6745,1013.38,345.78,494.7,1500.0,968.14,958.19,0.463,145.34,197.93,29.07,319.76,1.3618,0.0895,4.7085,2.6655,20.0,0.0,0.0,BENIGN_WEB
4.0209,68.0,22.0,46.0,69639.54,13149.57,56489.97,17319.57,16.91,-0.6224,1024.11,428.6,381.21,1500.0,983.39,1163.0,0.5884,59.13,74.25,11.83,130.09,1.2557,0.1307,4.3007,2.9792,18.0,0.0,0.0,BENIGN_WEB
16.2673,51.0,18.0,33.0,34562.16,6732.06,27830.1,2124.64,3.14,-0.6104,677.69,517.29,40.0,1500.0,662.41,757.08,0.1987,318.97,365.41,63.79,701.73,1.1456,0.0841,4.7424,2.1525,18.0,0.0,0.0,BENIGN_WEB
29.395,16.0,6.0,10.0,17177.9,3568.56,13609.34,584.38,0.54,-0.5845,1073.62,558.76,235.47,1500.0,1060.66,1160.43,0.5683,1837.19,2480.6,367.44,4041.81,1.3502,0.0485,4.8184,2.2583,17.0,0.0,0.0,BENIGN_WEB
20.2711,50.0,25.0,25.0,12430.03,7393.19,5036.84,613.19,2.47,0.1896,248.6,52.24,170.24,342.63,267.15,271.33,0.3452,74.4,23.96,14.88,163.67,0.322,0.6611,3.9014,3.9892,30.0,0.0,0.0,DOH_DATA_TUNNEL
12.6456,111.0,55.0,56.0,35809.79,21647.01,14162.78,2831.8,8.78,0.209,322.61,67.2,221.81,443.57,315.19,352.54,0.5429,199.62,51.98,39.92,439.17,0.2604,0.6627,3.5256,4.638,36.0,1.0,0.0,DOH_DATA_TUNNEL
32.0507,106.0,53.0,53.0,46099.36,27383.41,18715.95,1438.33,3.31,0.188,434.9,51.16,358.15,526.99,430.71,423.3,0.361,124.24,49.44,24.85,273.33,0.3979,0.5682,3.5317,4.1705,55.0,0.0,0.0,DOH_DATA_TUNNEL
29.2418,80.0,40.0,40.0,33696.25,23245.72,10450.53,1152.33,2.74,0.3797,421.2,58.77,333.04,527.0,389.76,455.22,0.1949,64.56,32.77,12.91,142.04,0.5076,0.5521,3.6814,3.9388,61.0,0.0,0.0,DOH_DATA_TUNNEL
10.5317,58.0,22.0,36.0,36900.95,5001.96,31898.99,3503.8,5.51,-0.7289,636.22,469.86,40.0,1481.97,669.17,603.34,0.3272,181.58,211.82,36.32,399.48,1.1665,0.0736,3.9336,3.0453,16.0,0.0,0.0,BENIGN_WEB
15.4037,129.0,64.0,65.0,44461.2,24914.69,19546.51,2886.4,8.37,0.1207,344.66,54.94,262.25,443.55,372.67,380.23,0.4778,142.58,44.65,28.52,313.68,0.3132,0.5995,3.6405,4.3329,34.0,1.0,0.0,DOH_DATA_TUNNEL
5.0916,44.0,12.0,32.0,30668.88,7956.41,22712.47,6023.4,8.64,-0.4811,697.02,576.34,40.0,1500.0,640.89,752.76,0.3053,115.72,187.03,23.14,254.58,1.6163,0.1317,5.0354,2.6246,12.0,0.0,0.0,BENIGN_WEB
5.0853,45.0,16.0,29.0,30075.65,7525.3,22550.35,5914.21,8.85,-0.4996,668.35,563.65,40.0,1500.0,701.18,584.44,0.4622,113.01,103.95,22.6,248.62,0.9198,0.0607,4.0646,2.5419,14.0,0.0,0.0,BENIGN_WEB
15.1973,1573.0,1436.0,137.0,2179761.39,1972821.49,206939.9,143431.25,103.51,0.8101,1385.74,228.92,1042.35,1500.0,1418.59,1256.67,0.2841,46.08,22.91,9.22,101.38,0.4971,0.1403,2.3697,3.2985,14.0,0.0,0.0,DATA_EXFILTRATION
15.2936,47.0,14.0,33.0,47384.73,6650.45,40734.28,3098.34,3.07,-0.7193,1008.19,549.35,184.15,1500.0,1139.97,891.16,0.4143,325.4,327.61,65.08,715.87,1.0068,0.0892,5.04,2.7787,21.0,0.0,0.0,BENIGN_WEB
30.5685,46.0,13.0,33.0,48211.91,5081.15,43130.76,1577.18,1.5,-0.7892,1048.08,331.17,551.33,1500.0,1181.01,1000.5,0.4289,664.53,1022.25,132.91,1461.97,1.5383,0.0195,5.048,2.4025,12.0,0.0,0.0,BENIGN_WEB
10.8643,139.0,69.0,70.0,58671.22,43868.76,14802.46,5400.37,12.79,0.4954,422.1,41.69,359.55,497.15,410.48,437.68,0.267,158.75,36.11,31.75,349.25,0.2275,0.5811,3.2942,4.4303,47.0,0.0,0.0,DOH_DATA_TUNNEL
36.7346,41.0,20.0,21.0,15240.21,10556.3,4683.91,414.87,1.12,0.3853,371.71,80.74,250.61,517.04,385.36,374.44,0.5503,138.18,39.34,27.64,303.99,0.2847,0.4823,3.3448,4.275,42.0,0.0,0.0,DOH_DATA_TUNNEL
12.5139,1190.0,1071.0,119.0,1720941.79,1612515.46,108426.32,137522.75,95.09,0.874,1446.17,253.48,1065.95,1500.0,1280.07,1648.37,0.492,47.14,10.91,9.43,103.7,0.2314,0.2727,2.3968,3.7269,17.0,0.0,0.0,DATA_EXFILTRATION
26.5734,69.0,21.0,48.0,49632.1,11455.19,38176.9,1867.74,2.6,-0.5384,719.31,577.41,40.0,1500.0,617.53,793.15,0.5994,385.12,278.6,77.02,847.27,0.7234,0.0573,3.9334,2.5572,19.0,0.0,0.0,BENIGN_WEB
40.1108,59.0,29.0,30.0,24225.9,14436.49,9789.41,603.97,1.47,0.1918,410.61,75.94,296.71,547.29,469.34,438.98,0.299,149.01,71.3,29.8,327.82,0.4785,0.5816,3.7049,4.1126,61.0,1.0,0.0,DOH_DATA_TUNNEL
20.8654,126.0,63.0,63.0,57751.29,41552.68,16198.61,2767.8,6.04,0.439,458.34,46.48,388.62,542.01,488.54,504.36,0.2028,218.47,102.84,43.69,480.64,0.4707,0.5958,3.7914,3.8693,35.0,1.0,0.0,DOH_DATA_TUNNEL
39.3273,119.0,59.0,60.0,44895.48,28337.19,16558.29,1141.59,3.03,0.2624,377.27,68.04,275.21,499.74,350.4,396.04,0.5148,156.29,46.02,31.26,343.83,0.2944,0.4393,3.3185,4.5126,43.0,0.0,0.0,DOH_DATA_TUNNEL
29.5771,818.0,666.0,152.0,1152135.83,1123107.43,29028.4,38953.58,27.66,0.9496,1408.48,240.23,1048.14,1500.0,1278.49,1376.23,0.3112,25.31,10.37,5.06,55.69,0.4096,0.2149,2.5302,3.148,16.0,1.0,0.0,DATA_EXFILTRATION
13.4527,77.0,23.0,54.0,57500.55,7142.23,50358.31,4274.29,5.72,-0.7516,746.76,533.47,40.0,1500.0,856.02,675.45,0.2015,174.71,260.21,34.94,384.36,1.4894,0.0736,4.3723,2.2654,11.0,0.0,0.0,BENIGN_WEB
20.7676,135.0,67.0,68.0,48496.32,29408.69,19087.63,2335.19,6.5,0.2128,359.23,66.12,260.05,478.25,364.38,341.9,0.5484,114.42,64.28,22.88,251.73,0.5618,0.4728,3.6073,4.352,35.0,0.0,0.0,DOH_DATA_TUNNEL
16.938,1534.0,1273.0,261.0,2216714.02,2158612.71,58101.31,130872.3,90.57,0.9476,1445.05,245.38,1076.99,1500.0,1649.39,1419.95,0.2068,25.31,12.58,5.06,55.67,0.4971,0.199,2.7773,3.4983,20.0,0.0,1.0,DATA_EXFILTRATION
9.1726,35.0,14.0,21.0,37049.41,9496.34,27553.07,4039.14,3.82,-0.4874,1058.55,418.33,431.05,1500.0,1192.1,1082.98,0.2418,262.07,313.47,52.41,576.56,1.1961,0.0206,4.3591,2.384,20.0,0.0,0.0,BENIGN_WEB
31.5381,29.0,10.0,19.0,29637.34,6644.23,22993.12,939.73,0.92,-0.5516,1021.98,545.2,204.17,1500.0,1019.82,1074.29,0.1988,1087.52,1463.42,217.5,2392.55,1.3456,0.0935,4.448,2.3963,15.0,0.0,0.0,BENIGN_WEB
12.196,32.0,12.0,20.0,23579.5,5219.17,18360.33,1933.38,2.62,-0.5573,736.86,504.82,40.0,1500.0,839.56,801.35,0.3572,381.12,334.43,76.22,838.47,0.8775,0.1113,4.6051,3.0905,18.0,0.0,0.0,BENIGN_WEB
25.7687,72.0,30.0,42.0,66805.14,11684.68,55120.46,2592.49,2.79,-0.6502,927.85,354.66,395.86,1500.0,1027.97,1010.02,0.426,357.9,510.88,71.58,787.38,1.4274,0.1201,5.0218,2.9029,9.0,0.0,0.0,BENIGN_WEB
17.4264,48.0,17.0,31.0,49198.9,8799.71,40399.18,2823.23,2.75,-0.6423,1024.98,328.97,531.53,1500.0,1097.59,1066.75,0.4082,363.05,546.12,72.61,798.71,1.5043,0.1398,4.1836,2.3803,8.0,0.0,0.0,BENIGN_WEB
35.0115,102.0,51.0,51.0,32701.24,24174.4,8526.84,934.01,2.91,0.4785,320.6,64.73,223.51,437.11,324.01,321.24,0.2041,233.59,86.18,46.72,513.89,0.369,0.4809,3.3503,3.9023,46.0,0.0,0.0,DOH_DATA_TUNNEL
23.8626,121.0,60.0,61.0,44432.71,32642.04,11790.67,1862.02,5.07,0.4693,367.21,72.56,258.38,497.81,341.04,357.41,0.2016,143.27,67.91,28.65,315.19,0.474,0.6396,4.0541,4.4908,46.0,1.0,0.0,DOH_DATA_TUNNEL
27.3233,62.0,20.0,42.0,58072.37,7146.35,50926.02,2125.38,2.27,-0.7539,936.65,472.68,227.63,1500.0,908.95,876.83,0.3049,440.7,529.56,88.14,969.54,1.2016,0.0575,3.763,2.2278,20.0,0.0,0.0,BENIGN_WEB
30.4246,80.0,40.0,40.0,35602.81,25510.09,10092.72,1170.2,2.63,0.433,445.04,68.32,342.56,568.01,471.2,476.87,0.422,203.3,76.49,40.66,447.26,0.3762,0.6847,4.0378,3.8549,30.0,1.0,0.0,DOH_DATA_TUNNEL
6.4872,112.0,56.0,56.0,39904.66,22750.87,17153.79,6151.32,17.26,0.1403,356.29,53.73,275.69,453.01,342.66,331.01,0.1996,161.44,74.45,32.29,355.17,0.4612,0.4407,3.2304,4.0848,49.0,1.0,0.0,DOH_DATA_TUNNEL
18.9377,69.0,24.0,45.0,68081.1,13144.6,54936.5,3595.01,3.64,-0.6139,986.68,422.94,352.27,1500.0,841.08,1113.11,0.5469,274.46,327.32,54.89,603.81,1.1926,0.1366,4.3658,2.1403,11.0,0.0,0.0,BENIGN_WEB
41.3735,1030.0,853.0,177.0,1405686.81,1373564.96,32121.85,33975.51,24.9,0.9543,1364.74,158.15,1127.52,1500.0,1356.52,1446.99,0.4615,35.93,10.74,7.19,79.04,0.2988,0.2072,2.6342,3.3773,23.0,1.0,0.0,DATA_EXFILTRATION
30.9453,146.0,73.0,73.0,37636.92,21705.76,15931.16,1216.24,4.72,0.1534,257.79,82.39,134.2,406.1,224.39,246.63,0.3391,52.65,17.25,10.53,115.84,0.3277,0.5651,3.5483,4.1299,49.0,0.0,0.0,DOH_DATA_TUNNEL
21.8359,42.0,16.0,26.0,42319.34,8245.78,34073.56,1938.06,1.92,-0.6103,1007.6,327.88,515.78,1500.0,1114.75,946.73,0.5662,519.9,469.08,103.98,1143.78,0.9022,0.0632,4.4131,2.3125,10.0,0.0,0.0,BENIGN_WEB
13.9705,47.0,15.0,32.0,44321.64,9281.61,35040.03,3172.51,3.36,-0.5812,943.01,482.72,218.94,1500.0,1031.91,993.44,0.4357,297.24,344.69,59.45,653.94,1.1596,0.1008,3.7196,2.9717,18.0,0.0,0.0,BENIGN_WEB
29.3917,68.0,26.0,42.0,46406.26,6820.2,39586.05,1578.89,2.31,-0.7061,682.44,414.93,60.05,1429.32,584.16,583.12,0.3036,432.23,733.6,86.45,950.91,1.6972,0.1012,4.3982,2.2072,19.0,0.0,0.0,BENIGN_WEB
21.1713,60.0,24.0,36.0,40175.96,11629.94,28546.02,1897.66,2.83,-0.4211,669.6,375.02,107.07,1344.64,646.08,761.02,0.5303,352.86,499.94,70.57,776.28,1.4168,0.0398,4.8789,2.6048,12.0,0.0,0.0,BENIGN_WEB
28.7444,19.0,6.0,13.0,12566.86,2378.78,10188.08,437.19,0.66,-0.6214,661.41,489.11,40.0,1500.0,583.78,741.07,0.2861,1512.86,1674.61,302.57,3328.3,1.1069,0.0825,4.4977,2.7303,10.0,0.0,0.0,BENIGN_WEB
19.0869,31.0,11.0,20.0,32061.15,4650.86,27410.29,1679.74,1.62,-0.7099,1034.23,451.7,356.68,1500.0,1105.44,879.87,0.4775,615.71,683.39,123.14,1354.56,1.1099,0.0533,4.5664,2.4469,11.0,0.0,0.0,BENIGN_WEB
16.0591,60.0,25.0,35.0,40515.95,10111.78,30404.17,2522.92,3.74,-0.5008,675.27,572.07,40.0,1500.0,592.39,603.74,0.3301,267.65,460.6,53.53,588.84,1.7209,0.1048,3.7089,2.4477,17.0,0.0,0.0,BENIGN_WEB
27.1883,76.0,21.0,55.0,49818.52,14151.46,35667.05,1832.35,2.8,-0.4319,655.51,331.19,158.73,1251.64,729.04,668.75,0.4743,357.74,609.37,71.55,787.03,1.7034,0.1143,4.6373,2.7111,15.0,0.0,0.0,BENIGN_WEB
2.8311,55.0,19.0,36.0,52926.12,10844.47,42081.65,18694.53,19.43,-0.5902,962.29,404.02,356.26,1500.0,1003.62,921.68,0.361,51.47,76.47,10.29,113.24,1.4855,0.1334,4.7875,2.3916,17.0,0.0,0.0,BENIGN_WEB
29.8002,84.0,31.0,53.0,60203.25,10007.82,50195.43,2020.23,2.82,-0.6675,716.71,344.24,200.34,1336.34,642.25,652.2,0.2621,354.76,453.61,70.95,780.48,1.2786,0.1003,4.5381,2.5197,9.0,0.0,0.0,BENIGN_WEB
24.6436,1554.0,1337.0,217.0,2072313.35,1854607.0,217706.34,84091.37,63.06,0.7899,1333.53,126.95,1143.11,1500.0,1433.55,1312.68,0.3906,22.91,14.64,4.58,50.39,0.639,0.2612,2.5357,3.6487,14.0,1.0,1.0,DATA_EXFILTRATION
29.9164,80.0,29.0,51.0,65589.14,7847.15,57741.99,2192.41,2.67,-0.7607,819.86,348.94,296.46,1447.95,822.36,804.17,0.2795,373.96,483.24,74.79,822.7,1.2923,0.0412,4.2472,2.9345,10.0,0.0,0.0,BENIGN_WEB
31.2915,37.0,14.0,23.0,23678.51,6105.31,17573.2,756.71,1.18,-0.4843,639.96,367.14,89.25,1300.82,714.64,645.32,0.5989,845.71,1082.26,169.14,1860.57,1.2797,0.0684,4.6497,2.2038,18.0,0.0,0.0,BENIGN_WEB
9.7108,157.0,78.0,79.0,69166.71,48150.36,21016.35,7122.68,16.17,0.3923,440.55,46.17,371.3,523.65,486.43,458.73,0.5728,97.26,50.54,19.45,213.97,0.5196,0.6918,3.9827,4.5075,36.0,1.0,0.0,DOH_DATA_TUNNEL
31.2908,45.0,17.0,28.0,40655.32,9871.53,30783.79,1299.27,1.44,-0.5144,903.45,320.76,422.31,1480.82,1024.29,940.62,0.3096,695.35,912.53,139.07,1529.77,1.3123,0.0283,4.6813,2.8942,10.0,0.0,0.0,BENIGN_WEB
9.4596,17.0,6.0,11.0,15483.11,3147.32,12335.79,1636.76,1.8,-0.5935,910.77,412.15,292.55,1500.0,1009.35,976.32,0.4366,556.45,836.84,111.29,1224.18,1.5039,0.0272,5.0574,2.3239,13.0,0.0,0.0,BENIGN_WEB
19.8826,37.0,14.0,23.0,32621.62,5083.03,27538.58,1640.71,1.86,-0.6884,881.67,455.56,198.33,1500.0,778.5,876.29,0.5619,537.37,713.18,107.47,1182.21,1.3272,0.0178,3.8675,2.1926,21.0,0.0,0.0,BENIGN_WEB
30.3018,16.0,6.0,10.0,14455.21,3012.57,11442.65,477.04,0.53,-0.5832,903.45,412.62,284.53,1500.0,949.14,939.29,0.1851,1893.86,2551.57,378.77,4166.5,1.3473,0.1369,3.9626,2.6321,20.0,0.0,0.0,BENIGN_WEB
11.7059,56.0,19.0,37.0,48522.95,12206.54,36316.41,4145.18,4.78,-0.4969,866.48,478.85,148.21,1500.0,877.36,980.03,0.3506,209.03,219.52,41.81,459.87,1.0502,0.0915,4.534,2.8333,8.0,0.0,0.0,BENIGN_WEB
16.0993,145.0,72.0,73.0,44792.86,30682.35,14110.51,2782.28,9.01,0.37,308.92,50.12,233.73,399.14,298.23,269.89,0.612,201.7,104.21,40.34,443.73,0.5167,0.6697,3.3773,4.29,39.0,1.0,0.0,DOH_DATA_TUNNEL
14.0188,69.0,21.0,48.0,49656.18,11476.71,38179.47,3542.12,4.92,-0.5378,719.65,429.76,75.02,1493.22,678.42,686.89,0.4238,203.17,309.2,40.63,446.97,1.5219,0.0672,4.0916,2.2739,20.0,0.0,0.0,BENIGN_WEB
18.3981,147.0,73.0,74.0,56563.81,39767.84,16795.97,3074.44,7.99,0.4061,384.79,46.87,314.48,469.15,422.99,365.53,0.5853,61.45,27.44,12.29,135.2,0.4465,0.4216,3.8361,4.3768,37.0,1.0,0.0,DOH_DATA_TUNNEL
8.4623,46.0,23.0,23.0,11501.25,7713.45,3787.8,1359.12,5.44,0.3413,250.03,74.09,138.9,383.38,282.01,286.53,0.3389,143.04,69.25,28.61,314.69,0.4841,0.547,3.5473,4.1994,43.0,1.0,0.0,DOH_DATA_TUNNEL
8.601,30.0,11.0,19.0,20440.27,2258.84,18181.43,2376.5,3.49,-0.779,681.34,371.09,124.71,1349.3,706.13,749.67,0.2805,286.7,265.11,57.34,630.74,0.9247,0.0718,4.6704,2.8877,17.0,0.0,0.0,BENIGN_WEB
23.819,58.0,29.0,29.0,23870.29,16156.04,7714.25,1002.15,2.44,0.3537,411.56,78.46,293.87,552.78,426.86,448.76,0.3228,77.53,37.03,15.51,170.58,0.4776,0.5389,4.0353,4.6378,32.0,0.0,0.0,DOH_DATA_TUNNEL
31.8876,173.0,86.0,87.0,76502.79,52329.48,24173.32,2399.14,5.43,0.368,442.21,60.18,351.94,550.54,419.33,507.72,0.3527,102.45,44.43,20.49,225.39,0.4337,0.5985,3.1179,4.5592,30.0,1.0,0.0,DOH_DATA_TUNNEL
28.9494,42.0,11.0,31.0,29941.75,4630.09,25311.66,1034.28,1.45,-0.6907,712.9,382.43,139.26,1401.27,728.91,748.89,0.396,689.27,724.81,137.85,1516.4,1.0516,0.0943,4.7395,2.4242,8.0,0.0,0.0,BENIGN_WEB
40.7759,163.0,81.0,82.0,40506.48,28753.43,11753.05,993.39,4.0,0.4197,248.51,46.39,178.92,332.01,247.3,250.5,0.3451,225.92,99.23,45.18,497.02,0.4392,0.5643,4.0091,4.2622,56.0,0.0,0.0,DOH_DATA_TUNNEL
29.56,65.0,18.0,47.0,52953.15,11442.1,41511.05,1791.38,2.2,-0.5678,814.66,510.75,48.55,1500.0,693.99,840.44,0.3433,454.77,732.39,90.95,1000.49,1.6105,0.0202,3.9193,2.4618,15.0,0.0,0.0,BENIGN_WEB
47.4611,933.0,854.0,79.0,1220061.99,1177459.99,42602.0,25706.59,19.66,0.9302,1307.68,195.06,1015.08,1500.0,1341.99,1382.19,0.4262,29.28,10.31,5.86,64.42,0.352,0.2263,2.1675,3.4068,25.0,0.0,0.0,DATA_EXFILTRATION
9.922,55.0,17.0,38.0,58343.13,12322.88,46020.25,5880.19,5.54,-0.5776,1060.78,459.53,371.5,1500.0,1059.06,1167.38,0.4901,180.4,151.81,36.08,396.88,0.8415,0.0938,4.4916,2.6438,12.0,0.0,0.0,BENIGN_WEB
46.6989,1375.0,1170.0,205.0,1687445.57,1572323.32,115122.26,36134.62,29.44,0.8636,1227.23,142.11,1014.07,1483.02,1167.65,1316.8,0.4987,12.89,4.99,2.58,28.36,0.3867,0.1299,2.7503,3.6182,27.0,0.0,0.0,DATA_EXFILTRATION
35.3087,508.0,419.0,89.0,652489.51,619903.03,32586.48,18479.59,14.39,0.9001,1284.43,163.5,1039.17,1500.0,1370.03,1140.29,0.1895,14.13,6.05,2.83,31.08,0.4285,0.2103,2.0166,3.8094,23.0,1.0,0.0,DATA_EXFILTRATION
35.945,106.0,53.0,53.0,40609.5,30329.53,10279.97,1129.77,2.95,0.4937,383.11,63.83,287.36,498.01,350.78,400.02,0.5265,167.05,54.31,33.41,367.51,0.3251,0.471,3.3244,4.5678,33.0,0.0,0.0,DOH_DATA_TUNNEL
20.7289,35.0,13.0,22.0,36326.08,8616.4,27709.68,1752.43,1.69,-0.5256,1037.89,333.89,537.06,1500.0,1059.02,1114.67,0.5366,592.26,420.15,118.45,1302.96,0.7094,0.1142,3.8975,2.1894,12.0,0.0,0.0,BENIGN_WEB
9.9275,23.0,6.0,17.0,23543.54,4130.25,19413.29,2371.54,2.32,-0.6491,1023.63,327.43,532.49,1500.0,1059.07,1053.69,0.5037,431.63,510.31,86.33,949.59,1.1823,0.087,4.6728,3.0895,8.0,0.0,0.0,BENIGN_WEB
53.9689,1251.0,977.0,274.0,1768376.64,1738141.94,30234.7,32766.56,23.18,0.9658,1413.57,203.24,1108.72,1500.0,1254.95,1622.96,0.2987,39.75,19.96,7.95,87.46,0.5022,0.2067,2.5787,2.9803,28.0,0.0,1.0,DATA_EXFILTRATION
16.5672,109.0,54.0,55.0,26732.77,15226.0,11506.77,1613.6,6.58,0.1391,245.25,38.79,187.06,315.08,233.85,223.33,0.448,153.09,60.57,30.62,336.8,0.3957,0.6419,3.1851,4.0872,30.0,0.0,0.0,DOH_DATA_TUNNEL
3.491,74.0,22.0,52.0,69476.23,18846.27,50629.96,19901.7,21.2,-0.4575,938.87,452.89,259.53,1500.0,1026.75,1005.45,0.5506,47.18,79.03,9.44,103.79,1.6752,0.1269,3.9465,2.8857,11.0,0.0,0.0,BENIGN_WEB
19.9325,82.0,31.0,51.0,80770.09,17199.21,63570.88,4052.18,4.11,-0.5741,985.0,370.67,429.0,1500.0,1029.51,1084.16,0.2457,243.08,250.38,48.62,534.77,1.03,0.0764,4.1213,2.6827,19.0,0.0,0.0,BENIGN_WEB
24.8714,82.0,41.0,41.0,20630.82,12187.22,8443.61,829.5,3.3,0.1815,251.6,35.11,198.92,314.8,236.79,269.82,0.4149,210.82,49.76,42.16,463.79,0.236,0.4352,3.8257,4.2911,42.0,0.0,0.0,DOH_DATA_TUNNEL
14.6576,157.0,78.0,79.0,70649.84,41272.51,29377.33,4820.01,10.71,0.1684,450.0,53.95,369.08,547.1,449.1,511.31,0.3158,130.82,55.78,26.16,287.81,0.4264,0.5321,3.583,4.2721,31.0,0.0,0.0,DOH_DATA_TUNNEL
21.5184,41.0,14.0,27.0,27774.58,7478.16,20296.43,1290.74,1.91,-0.4615,677.43,397.63,80.98,1393.17,699.64,668.67,0.4063,524.84,660.81,104.97,1154.64,1.2591,0.0966,4.582,2.8329,17.0,0.0,0.0,BENIGN_WEB
54.0262,653.0,586.0,67.0,852330.57,784232.59,68097.98,15776.23,12.09,0.8402,1305.25,169.01,1051.74,1500.0,1348.69,1187.02,0.5993,29.92,11.69,5.98,65.82,0.3908,0.1859,2.5208,3.3781,28.0,1.0,0.0,DATA_EXFILTRATION
19.5648,75.0,24.0,51.0,51585.93,7739.25,43846.68,2636.67,3.83,-0.6999,687.81,455.05,40.0,1500.0,593.63,781.37,0.4345,260.86,328.89,52.17,573.9,1.2608,0.0304,4.2692,2.1866,17.0,0.0,0.0,BENIGN_WEB
15.5961,56.0,22.0,34.0,49799.82,13389.4,36410.42,3193.1,3.59,-0.4623,889.28,341.1,377.63,1500.0,810.94,898.01,0.5646,278.5,232.36,55.7,612.7,0.8343,0.0895,4.009,2.3046,10.0,0.0,0.0,BENIGN_WEB
19.1121,61.0,25.0,36.0,38230.15,4229.52,34000.62,2000.31,3.19,-0.7787,626.72,427.36,40.0,1395.97,701.08,597.02,0.4672,313.31,315.32,62.66,689.29,1.0064,0.0706,4.4462,2.1097,12.0,0.0,0.0,BENIGN_WEB
7.796,78.0,31.0,47.0,68020.63,17093.68,50926.95,8725.04,10.01,-0.4974,872.06,455.46,188.87,1500.0,990.03,976.82,0.4564,99.95,96.02,19.99,219.89,0.9607,0.0317,4.403,2.2107,10.0,0.0,0.0,BENIGN_WEB
15.9644,1393.0,1179.0,214.0,1797938.92,1697254.32,100684.6,112621.67,87.26,0.888,1290.7,150.1,1065.55,1500.0,1208.01,1443.02,0.2008,11.39,2.63,2.28,25.06,0.2308,0.2681,2.1647,3.6036,29.0,1.0,0.0,DATA_EXFILTRATION
25.0008,16.0,5.0,11.0,16825.55,2761.6,14063.95,673.0,0.64,-0.6717,1051.6,356.55,516.77,1500.0,1200.82,1176.86,0.2004,1562.55,2246.3,312.51,3437.61,1.4376,0.05,4.8021,2.7346,8.0,0.0,0.0,BENIGN_WEB
1.8454,39.0,12.0,27.0,27619.22,3450.45,24168.77,14966.43,21.13,-0.7501,708.19,543.6,40.0,1500.0,798.55,602.71,0.5081,47.32,63.88,9.46,104.1,1.3499,0.0853,4.0046,2.254,9.0,0.0,0.0,BENIGN_WEB
28.8432,293.0,247.0,46.0,358121.8,343257.33,14864.47,12416.18,10.16,0.917,1222.26,209.86,907.46,1500.0,1155.4,1370.82,0.4154,40.01,21.22,8.0,88.02,0.5304,0.1553,2.5377,3.6896,15.0,1.0,0.0,DATA_EXFILTRATION
36.0278,146.0,73.0,73.0,42076.4,26580.84,15495.57,1167.89,4.05,0.2635,288.19,37.74,231.58,356.13,305.88,324.79,0.3931,154.47,52.57,30.89,339.84,0.3403,0.489,3.8702,4.5183,47.0,0.0,0.0,DOH_DATA_TUNNEL
6.7982,97.0,48.0,49.0,42738.12,29378.99,13359.13,6286.67,14.27,0.3748,440.6,38.76,382.46,510.37,414.31,420.55,0.273,65.04,31.52,13.01,143.09,0.4846,0.6404,4.0243,3.8689,61.0,0.0,0.0,DOH_DATA_TUNNEL
4.8624,69.0,27.0,42.0,63474.01,11334.92,52139.09,13054.09,14.19,-0.6428,919.91,372.49,361.18,1500.0,818.24,931.76,0.5621,70.47,91.97,14.09,155.03,1.3051,0.1309,4.4896,2.6041,15.0,0.0,0.0,BENIGN_WEB
10.1266,32.0,9.0,23.0,24303.1,6292.16,18010.94,2399.93,3.16,-0.4822,759.47,504.11,40.0,1500.0,790.9,757.78,0.4387,316.46,325.0,63.29,696.2,1.027,0.0341,4.0374,2.7924,10.0,0.0,0.0,BENIGN_WEB
6.9146,156.0,140.0,16.0,203308.14,192945.85,10362.29,29402.55,22.56,0.8981,1303.26,196.93,1007.86,1500.0,1338.84,1472.27,0.1994,18.18,7.15,3.64,40.0,0.3935,0.1254,2.6912,3.0306,14.0,1.0,0.0,DATA_EXFILTRATION
6.1311,224.0,194.0,30.0,279898.8,264264.13,15634.67,45652.44,36.54,0.8883,1249.55,266.05,850.47,1500.0,1351.49,1102.54,0.545,9.99,4.78,2.0,21.98,0.478,0.235,1.9645,3.0602,29.0,0.0,0.0,DATA_EXFILTRATION
17.3198,70.0,28.0,42.0,49208.99,4862.05,44346.94,2841.2,4.04,-0.8024,702.99,333.97,202.02,1304.14,664.05,804.23,0.4886,247.43,299.32,49.49,544.34,1.2097,0.1109,4.9258,2.9494,14.0,0.0,0.0,BENIGN_WEB
15.3354,67.0,25.0,42.0,47923.02,5658.76,42264.26,3125.0,4.37,-0.7638,715.27,539.5,40.0,1500.0,743.02,707.13,0.2385,228.89,160.4,45.78,503.55,0.7008,0.1157,3.8645,2.2401,13.0,0.0,0.0,BENIGN_WEB
8.4528,35.0,13.0,22.0,29291.31,5997.39,23293.92,3465.3,4.14,-0.5905,836.89,421.23,205.05,1500.0,841.99,958.26,0.4081,241.51,400.66,48.3,531.32,1.659,0.1073,4.4208,2.5198,20.0,0.0,0.0,BENIGN_WEB
6.66,56.0,21.0,35.0,45424.6,6724.33,38700.27,6820.48,8.41,-0.7039,811.15,425.7,172.6,1500.0,887.31,886.29,0.2425,118.93,183.62,23.79,261.64,1.5439,0.058,4.2242,2.8879,16.0,0.0,0.0,BENIGN_WEB
26.8275,16.0,5.0,11.0,10189.01,2673.46,7515.55,379.8,0.6,-0.4752,636.81,563.74,40.0,1500.0,616.59,674.54,0.3945,1676.72,1935.36,335.34,3688.78,1.1543,0.0984,4.012,2.7655,16.0,0.0,0.0,BENIGN_WEB
11.9341,1029.0,821.0,208.0,1450278.55,1362913.06,87365.49,121523.49,86.22,0.8795,1409.41,166.56,1159.56,1500.0,1430.63,1229.33,0.3841,40.0,14.88,8.0,88.0,0.3719,0.2795,2.4298,3.4506,15.0,0.0,1.0,DATA_EXFILTRATION
23.0303,36.0,18.0,18.0,9511.65,5793.38,3718.26,413.01,1.56,0.2182,264.21,44.61,197.3,344.5,234.2,282.22,0.5379,169.0,80.88,33.8,371.8,0.4786,0.7167,3.2471,4.2481,53.0,0.0,0.0,DOH_DATA_TUNNEL
36.8962,56.0,28.0,28.0,18856.14,12865.76,5990.38,511.06,1.52,0.3646,336.72,57.97,249.76,441.07,296.44,362.74,0.2959,73.15,29.44,14.63,160.94,0.4024,0.6352,3.1483,4.2687,48.0,0.0,0.0,DOH_DATA_TUNNEL
26.4967,31.0,9.0,22.0,23340.83,4177.63,19163.19,880.9,1.17,-0.642,752.93,423.6,117.53,1500.0,695.63,763.08,0.259,854.73,1005.53,170.95,1880.41,1.1764,0.0673,4.839,2.1019,10.0,0.0,0.0,BENIGN_WEB
39.7959,137.0,68.0,69.0,42292.89,24720.2,17572.68,1062.75,3.44,0.169,308.71,37.13,253.02,375.53,299.06,346.49,0.2448,210.15,89.42,42.03,462.33,0.4255,0.4594,3.7348,4.0666,33.0,0.0,0.0,DOH_DATA_TUNNEL
16.7803,59.0,18.0,41.0,49444.32,6736.22,42708.09,2946.57,3.52,-0.7275,838.04,513.02,68.51,1500.0,775.03,913.7,0.4653,284.41,367.69,56.88,625.71,1.2928,0.0204,4.9398,2.7912,10.0,0.0,0.0,BENIGN_WEB
19.9996,91.0,45.0,46.0,33699.66,22771.32,10928.34,1685.01,4.55,0.3514,370.33,50.71,294.25,461.61,354.42,336.19,0.4443,181.21,61.95,36.24,398.66,0.3419,0.4937,3.5563,4.2874,61.0,0.0,0.0,DOH_DATA_TUNNEL
36.4002,104.0,52.0,52.0,36666.36,22670.33,13996.03,1007.31,2.86,0.2366,352.56,71.04,246.0,480.44,303.46,369.65,0.2069,205.06,64.68,41.01,451.13,0.3154,0.7005,3.3677,4.0007,61.0,0.0,0.0,DOH_DATA_TUNNEL
24.0009,57.0,17.0,40.0,35573.81,7814.63,27759.18,1482.18,2.37,-0.5607,624.1,364.02,78.07,1279.34,597.08,540.12,0.5743,421.07,494.11,84.21,926.35,1.1735,0.1272,3.6253,2.5553,9.0,0.0,0.0,BENIGN_WEB
7.6144,172.0,86.0,86.0,43213.29,28657.29,14556.0,5675.19,22.59,0.3263,251.24,39.31,192.27,322.0,288.33,244.25,0.2567,65.75,36.69,13.15,144.64,0.558,0.5701,3.6454,4.6327,32.0,0.0,0.0,DOH_DATA_TUNNEL
27.0923,171.0,85.0,86.0,49524.1,36621.64,12902.47,1827.97,6.31,0.4789,289.61,80.71,168.56,434.88,253.1,258.7,0.4657,100.66,41.35,20.13,221.45,0.4108,0.5246,3.5952,4.5597,52.0,0.0,0.0,DOH_DATA_TUNNEL
19.6692,66.0,27.0,39.0,55710.48,6629.6,49080.87,2832.36,3.36,-0.762,844.1,579.02,40.0,1500.0,907.21,734.78,0.1848,298.02,347.36,59.6,655.64,1.1656,0.0204,4.7153,2.9196,17.0,0.0,0.0,BENIGN_WEB
8.0954,64.0,25.0,39.0,53258.69,9701.96,43556.73,6578.85,7.91,-0.6357,832.17,393.69,241.63,1500.0,805.16,873.21,0.4205,126.49,125.53,25.3,278.28,0.9924,0.0867,4.6916,2.5918,21.0,0.0,0.0,BENIGN_WEB
20.179,109.0,54.0,55.0,42499.93,31886.08,10613.86,2106.14,5.4,0.5005,389.91,42.28,326.49,466.0,337.22,388.85,0.472,150.16,36.87,30.03,330.36,0.2455,0.683,3.407,4.3398,40.0,0.0,0.0,DOH_DATA_TUNNEL
28.8685,74.0,28.0,46.0,66535.38,16394.47,50140.91,2304.78,2.56,-0.5072,899.13,364.07,353.02,1500.0,769.88,1029.04,0.612,390.11,497.2,78.02,858.25,1.2745,0.0966,4.4385,2.6902,11.0,0.0,0.0,BENIGN_WEB
39.7218,84.0,42.0,42.0,30176.45,17634.33,12542.12,759.7,2.11,0.1687,359.24,74.72,247.16,493.74,322.03,357.48,0.3673,125.38,42.31,25.08,275.83,0.3375,0.7135,3.1499,4.5419,30.0,0.0,0.0,DOH_DATA_TUNNEL
21.4011,50.0,15.0,35.0,53887.23,10838.76,43048.47,2517.96,2.34,-0.5977,1077.74,374.11,516.59,1500.0,943.05,1015.57,0.4259,428.02,691.81,85.6,941.65,1.6163,0.1067,3.9271,2.9052,12.0,0.0,0.0,BENIGN_WEB
2.0817,50.0,14.0,36.0,48355.85,8944.64,39411.2,23229.39,24.02,-0.63,967.12,389.4,383.02,1500.0,1066.7,883.04,0.2329,41.63,49.58,8.33,91.59,1.191,0.0416,3.7933,2.6246,16.0,0.0,0.0,BENIGN_WEB
15.2596,58.0,21.0,37.0,43256.8,7799.76,35457.04,2834.72,3.8,-0.6394,745.81,494.9,40.0,1500.0,849.06,646.54,0.5052,263.1,236.4,52.62,578.81,0.8985,0.0147,3.6656,2.5135,18.0,0.0,0.0,BENIGN_WEB
14.9177,15.0,4.0,11.0,13838.98,3852.83,9986.15,927.69,1.01,-0.4432,922.6,482.18,199.33,1500.0,930.16,880.47,0.413,994.51,739.61,198.9,2187.93,0.7437,0.1265,5.0338,2.2076,14.0,0.0,0.0,BENIGN_WEB
7.3464,175.0,87.0,88.0,64557.38,39279.07,25278.31,8787.63,23.82,0.2169,368.9,79.19,250.11,511.44,407.4,379.69,0.2652,101.86,50.64,20.37,224.09,0.4972,0.7143,4.0077,3.9349,49.0,0.0,0.0,DOH_DATA_TUNNEL
8.8073,62.0,23.0,39.0,44380.2,5692.62,38687.58,5039.05,7.04,-0.7435,715.81,342.18,202.54,1331.74,807.21,759.9,0.59,142.05,152.65,28.41,312.52,1.0746,0.0859,4.8863,2.9219,13.0,0.0,0.0,BENIGN_WEB
30.5821,20.0,8.0,12.0,12886.46,3636.97,9249.49,421.37,0.65,-0.4355,644.32,515.13,40.0,1500.0,633.22,561.07,0.5196,1529.1,2493.8,305.82,3364.03,1.6309,0.0882,3.7411,2.7313,11.0,0.0,0.0,BENIGN_WEB
30.5594,81.0,40.0,41.0,21827.69,15230.83,6596.86,714.27,2.65,0.3956,269.48,79.86,149.69,413.22,237.48,300.96,0.5359,102.42,42.17,20.48,225.33,0.4118,0.6031,3.2778,3.932,33.0,1.0,0.0,DOH_DATA_TUNNEL
9.3104,37.0,18.0,19.0,13797.53,7900.4,5897.13,1481.95,3.97,0.1452,372.91,63.66,277.41,487.5,397.08,377.45,0.2225,147.86,51.15,29.57,325.28,0.346,0.5902,3.1175,4.5723,37.0,1.0,0.0,DOH_DATA_TUNNEL
8.9922,69.0,24.0,45.0,74176.2,7069.04,67107.16,8248.91,7.67,-0.8094,1075.02,550.56,249.18,1500.0,1055.98,1013.37,0.5491,130.32,207.21,26.06,286.71,1.59,0.0417,4.6303,2.8605,13.0,0.0,0.0,BENIGN_WEB
23.5168,61.0,19.0,42.0,56546.45,7324.32,49222.13,2404.51,2.59,-0.7409,926.99,331.32,430.01,1500.0,870.09,801.08,0.2732,385.52,295.58,77.1,848.15,0.7667,0.0634,4.7862,3.0833,8.0,0.0,0.0,BENIGN_WEB
17.3391,37.0,15.0,22.0,30794.57,6677.68,24116.89,1776.01,2.13,-0.5663,832.29,451.12,155.6,1500.0,788.9,824.46,0.4269,468.63,588.54,93.73,1030.98,1.2559,0.1259,4.3878,2.6356,21.0,0.0,0.0,BENIGN_WEB
31.7808,35.0,17.0,18.0,9052.55,6420.64,2631.91,284.84,1.1,0.4185,258.64,44.74,191.53,339.18,223.5,278.53,0.5618,55.21,18.73,11.04,121.46,0.3392,0.559,3.1517,3.8891,38.0,0.0,0.0,DOH_DATA_TUNNEL
15.9112,38.0,19.0,19.0,16995.45,10646.52,6348.94,1068.14,2.39,0.2529,447.25,45.78,378.58,529.66,432.84,513.35,0.4088,191.71,92.81,38.34,421.77,0.4841,0.4509,3.6794,4.045,61.0,0.0,0.0,DOH_DATA_TUNNEL
45.5409,1418.0,1164.0,254.0,1994676.99,1847597.35,147079.64,43799.73,31.14,0.8525,1406.68,184.34,1130.17,1500.0,1382.48,1229.11,0.2458,43.96,25.98,8.79,96.71,0.5911,0.2582,2.5973,3.1023,17.0,1.0,0.0,DATA_EXFILTRATION
33.5514,75.0,37.0,38.0,29786.72,22312.01,7474.71,887.79,2.24,0.4981,397.16,64.57,300.29,513.39,360.68,407.85,0.2768,64.06,31.51,12.81,140.93,0.492,0.7066,3.1441,3.9808,44.0,0.0,0.0,DOH_DATA_TUNNEL
38.1805,1529.0,1404.0,125.0,1932568.3,1781912.87,150655.43,50616.65,40.05,0.8441,1263.94,187.01,983.43,1500.0,1448.58,1300.99,0.406,27.11,12.04,5.42,59.65,0.4439,0.2318,2.1739,3.1964,17.0,1.0,0.0,DATA_EXFILTRATION
37.8392,692.0,615.0,77.0,875555.22,859975.26,15579.96,23138.82,18.29,0.9644,1265.25,263.3,870.3,1500.0,1160.89,1102.13,0.5134,16.23,7.0,3.25,35.71,0.4314,0.1539,1.9435,3.5097,19.0,1.0,0.0,DATA_EXFILTRATION
19.0963,43.0,16.0,27.0,45216.74,8379.18,36837.57,2367.82,2.25,-0.6294,1051.55,381.72,478.97,1500.0,1093.96,1026.54,0.2852,444.1,776.3,88.82,977.02,1.748,0.0468,5.0234,3.0285,8.0,0.0,0.0,BENIGN_WEB
22.168,76.0,22.0,54.0,49130.52,12783.15,36347.37,2216.28,3.43,-0.4796,646.45,342.76,132.31,1263.42,719.77,571.63,0.2247,291.68,206.7,58.34,641.71,0.7086,0.1007,4.2918,2.3268,12.0,0.0,0.0,BENIGN_WEB
20.1873,57.0,20.0,37.0,45318.39,10273.77,35044.62,2244.9,2.82,-0.5466,795.06,484.03,69.01,1500.0,787.87,827.54,0.5586,354.16,425.22,70.83,779.16,1.2006,0.1159,3.9071,2.5708,12.0,0.0,0.0,BENIGN_WEB
22.9323,115.0,57.0,58.0,35919.48,25650.56,10268.92,1566.32,5.01,0.4282,312.34,70.32,206.87,438.91,266.08,307.83,0.3276,104.7,32.53,20.94,230.35,0.3107,0.6353,3.4315,4.2612,61.0,1.0,0.0,DOH_DATA_TUNNEL
23.2998,99.0,49.0,50.0,26950.52,16018.39,10932.13,1156.69,4.25,0.1887,272.23,76.66,157.24,410.21,235.38,245.13,0.6002,227.01,76.86,45.4,499.43,0.3386,0.5538,3.6616,4.28,43.0,0.0,0.0,DOH_DATA_TUNNEL
8.0758,44.0,12.0,32.0,36071.35,4134.48,31936.87,4466.6,5.45,-0.7708,819.8,404.15,213.57,1500.0,722.87,936.23,0.5233,183.54,223.57,36.71,403.79,1.2181,0.0656,3.7142,2.7287,19.0,0.0,0.0,BENIGN_WEB
18.1418,65.0,23.0,42.0,48093.6,6995.29,41098.31,2650.99,3.58,-0.7091,739.9,381.02,168.36,1425.75,671.68,719.24,0.3725,279.1,369.58,55.82,614.03,1.3242,0.1235,4.6771,2.8588,19.0,0.0,0.0,BENIGN_WEB
32.8737,71.0,35.0,36.0,22055.71,14264.73,7790.99,670.92,2.16,0.2935,310.64,80.55,189.81,455.64,289.56,287.57,0.3104,206.78,111.28,41.36,454.93,0.5381,0.5484,3.603,4.114,54.0,0.0,0.0,DOH_DATA_TUNNEL
45.8185,1094.0,949.0,145.0,1410829.56,1298014.12,112815.44,30791.68,23.88,0.8401,1289.61,164.7,1042.56,1500.0,1349.11,1181.93,0.3745,30.42,7.01,6.08,66.92,0.2304,0.2582,2.7263,3.5018,23.0,0.0,0.0,DATA_EXFILTRATION
40.1146,1254.0,1066.0,188.0,1766858.19,1670372.41,96485.78,44045.22,31.26,0.8908,1408.98,210.53,1093.18,1500.0,1489.14,1290.13,0.597,34.73,20.9,6.95,76.41,0.6019,0.2227,2.414,3.4706,21.0,1.0,0.0,DATA_EXFILTRATION
20.61,29.0,8.0,21.0,19821.39,4232.73,15588.66,961.74,1.41,-0.5729,683.5,439.28,40.0,1474.2,591.87,753.55,0.2506,710.69,585.74,142.14,1563.51,0.8242,0.1136,4.8657,3.0517,14.0,0.0,0.0,BENIGN_WEB
21.9243,146.0,73.0,73.0,52205.79,30487.22,21718.57,2381.18,6.66,0.168,357.57,39.21,298.76,428.15,327.95,311.67,0.2159,231.1,113.75,46.22,508.42,0.4922,0.469,3.9412,4.3308,47.0,1.0,0.0,DOH_DATA_TUNNEL
24.6604,122.0,61.0,61.0,28718.01,18193.73,10524.28,1164.54,4.95,0.2671,235.39,50.21,160.08,325.77,234.54,217.3,0.468,162.5,49.12,32.5,357.51,0.3022,0.6733,4.0235,4.1525,32.0,0.0,0.0,DOH_DATA_TUNNEL
21.5337,1508.0,1313.0,195.0,1964011.95,1799839.86,164172.09,91206.46,70.03,0.8328,1302.4,239.06,943.8,1500.0,1394.83,1208.02,0.5873,29.36,15.4,5.87,64.59,0.5245,0.2328,2.1207,3.1239,26.0,0.0,0.0,DATA_EXFILTRATION
14.0188,32.0,12.0,20.0,33945.1,8897.77,25047.34,2421.41,2.28,-0.4758,1060.78,484.64,333.82,1500.0,1041.11,1071.32,0.4085,438.09,441.28,87.62,963.79,1.0073,0.0603,4.2523,3.0986,20.0,0.0,0.0,BENIGN_WEB
22.8186,71.0,26.0,45.0,55761.38,8151.81,47609.58,2443.68,3.11,-0.7076,785.37,530.23,40.0,1500.0,830.48,857.55,0.5393,321.39,422.62,64.28,707.05,1.315,0.0292,5.0673,2.3099,8.0,0.0,0.0,BENIGN_WEB
22.9516,15.0,4.0,11.0,11051.12,3091.4,7959.73,481.5,0.65,-0.4405,736.74,521.69,40.0,1500.0,821.6,822.09,0.4075,1530.11,1397.44,306.02,3366.24,0.9133,0.0288,4.8711,2.7544,18.0,0.0,0.0,BENIGN_WEB
6.3199,68.0,26.0,42.0,59980.16,8499.66,51480.5,9490.7,10.76,-0.7166,882.06,401.25,280.18,1500.0,766.34,937.28,0.3729,92.94,141.3,18.59,204.47,1.5204,0.1344,4.6205,2.7633,8.0,0.0,0.0,BENIGN_WEB
7.2997,368.0,287.0,81.0,509757.79,462184.56,47573.22,69832.85,50.41,0.8133,1385.21,203.96,1079.26,1500.0,1185.33,1349.72,0.5636,39.18,11.01,7.84,86.2,0.2809,0.2001,2.1272,3.3824,21.0,1.0,0.0,DATA_EXFILTRATION
12.7093,81.0,23.0,58.0,85529.57,9406.58,76122.99,6729.67,6.37,-0.78,1055.92,493.56,315.57,1500.0,958.24,1135.43,0.3505,156.91,126.26,31.38,345.19,0.8047,0.1276,5.0375,2.1765,18.0,0.0,0.0,BENIGN_WEB
16.6435,70.0,35.0,35.0,18898.67,14202.37,4696.29,1135.5,4.21,0.503,269.98,67.49,168.74,391.47,294.23,298.48,0.3236,119.36,42.6,23.87,262.59,0.3569,0.6092,3.3203,4.2438,60.0,0.0,0.0,DOH_DATA_TUNNEL
12.4653,23.0,7.0,16.0,18634.23,3617.97,15016.26,1494.89,1.85,-0.6117,810.18,461.03,118.63,1500.0,690.5,712.72,0.5909,541.97,481.32,108.39,1192.33,0.8881,0.116,4.8199,2.5268,14.0,0.0,0.0,BENIGN_WEB
38.2185,48.0,24.0,24.0,16807.52,9556.69,7250.83,439.77,1.26,0.1372,350.16,57.08,264.54,452.9,316.6,370.61,0.4602,233.86,129.85,46.77,514.49,0.5552,0.4542,3.6918,4.2705,51.0,1.0,0.0,DOH_DATA_TUNNEL
6.0564,62.0,31.0,31.0,15210.58,9025.42,6185.17,2511.51,10.24,0.1867,245.33,83.59,119.95,395.79,278.27,281.04,0.6138,66.85,26.73,13.37,147.08,0.3999,0.454,3.921,4.1622,57.0,0.0,0.0,DOH_DATA_TUNNEL
14.5389,54.0,19.0,35.0,56200.86,10316.97,45883.9,3865.54,3.71,-0.6329,1040.76,354.49,509.02,1500.0,1016.11,949.95,0.4211,269.24,383.13,53.85,592.33,1.423,0.0153,4.9471,3.0342,18.0,0.0,0.0,BENIGN_WEB
40.5262,173.0,86.0,87.0,77727.72,47690.91,30036.82,1917.96,4.27,0.2271,449.29,37.94,392.39,517.58,391.03,503.87,0.2141,111.25,57.13,22.25,244.75,0.5135,0.5845,3.363,4.2275,31.0,0.0,0.0,DOH_DATA_TUNNEL
6.8373,1191.0,995.0,196.0,1518380.97,1365959.18,152421.79,222074.61,174.19,0.7992,1274.88,200.26,974.5,1500.0,1442.34,1408.77,0.4599,10.61,2.68,2.12,23.35,0.2524,0.2236,2.098,3.1708,18.0,1.0,0.0,DATA_EXFILTRATION
47.0515,1475.0,1300.0,175.0,1852533.73,1658139.42,194394.31,39372.43,31.35,0.7901,1255.96,193.11,966.29,1500.0,1267.08,1356.18,0.2181,20.84,7.55,4.17,45.86,0.3624,0.2525,2.7667,3.4964,18.0,1.0,0.0,DATA_EXFILTRATION
15.2188,69.0,24.0,45.0,43921.07,4323.5,39597.57,2885.98,4.53,-0.8031,636.54,476.16,40.0,1493.62,638.46,589.56,0.3598,220.56,338.96,44.11,485.24,1.5368,0.0852,3.8424,3.0549,13.0,0.0,0.0,BENIGN_WEB
18.2623,46.0,18.0,28.0,46821.7,11160.52,35661.17,2563.84,2.52,-0.5233,1017.86,486.95,287.44,1500.0,1030.24,1116.9,0.4641,397.01,586.0,79.4,873.42,1.476,0.0674,3.8754,2.5197,8.0,0.0,0.0,BENIGN_WEB
9.5055,42.0,21.0,21.0,15314.54,11329.59,3984.94,1611.12,4.42,0.4796,364.63,70.49,258.9,491.51,389.31,374.65,0.4971,216.17,109.43,43.23,475.58,0.5062,0.4271,3.3136,4.1163,48.0,0.0,0.0,DOH_DATA_TUNNEL
18.6515,76.0,24.0,52.0,81375.64,9751.83,71623.81,4362.96,4.07,-0.7603,1070.73,338.96,562.29,1500.0,1092.73,1161.67,0.6145,245.41,274.71,49.08,539.91,1.1194,0.0599,3.8004,2.9198,21.0,0.0,0.0,BENIGN_WEB
23.2642,54.0,16.0,38.0,33980.74,5280.38,28700.37,1460.65,2.32,-0.6892,629.27,465.84,40.0,1467.79,583.12,606.5,0.1943,430.82,380.63,86.16,947.8,0.8835,0.0828,5.0297,2.3499,11.0,0.0,0.0,BENIGN_WEB
25.1013,70.0,22.0,48.0,62764.6,7509.57,55255.03,2500.45,2.79,-0.7607,896.64,496.22,152.31,1500.0,1024.83,915.29,0.5806,358.59,537.74,71.72,788.9,1.4996,0.0933,3.7769,2.7615,18.0,0.0,0.0,BENIGN_WEB
49.1335,1457.0,1194.0,263.0,1780894.96,1754834.76,26060.2,36246.04,29.65,0.9707,1222.3,176.63,957.35,1500.0,1201.12,1189.92,0.4633,17.12,9.01,3.42,37.67,0.5259,0.21,2.2608,2.9338,28.0,0.0,1.0,DATA_EXFILTRATION
17.6279,59.0,17.0,42.0,45158.43,6005.02,39153.41,2561.75,3.35,-0.734,765.4,383.2,190.6,1455.15,880.1,701.92,0.3292,298.78,483.38,59.76,657.31,1.6179,0.133,4.8736,2.1445,16.0,0.0,0.0,BENIGN_WEB
4.5319,62.0,17.0,45.0,42706.08,4657.16,38048.92,9423.4,13.68,-0.7819,688.81,535.09,40.0,1500.0,613.86,781.51,0.4918,73.1,81.84,14.62,160.81,1.1196,0.0165,4.0242,2.4492,12.0,0.0,0.0,BENIGN_WEB
7.7516,67.0,33.0,34.0,15959.12,9498.5,6460.62,2058.83,8.64,0.1904,238.2,46.83,167.94,322.5,219.35,253.2,0.347,149.75,52.98,29.95,329.46,0.3538,0.6585,4.06,4.5667,56.0,0.0,0.0,DOH_DATA_TUNNEL
17.8549,587.0,499.0,88.0,760535.99,700636.94,59899.05,42595.43,32.88,0.8425,1295.63,177.28,1029.71,1500.0,1431.95,1487.05,0.3689,44.77,18.61,8.95,98.5,0.4156,0.1917,2.0682,3.255,23.0,1.0,1.0,DATA_EXFILTRATION
36.4212,137.0,68.0,69.0,50552.88,31051.92,19500.97,1388.01,3.76,0.2285,369.0,47.68,297.48,454.82,398.78,341.65,0.2326,106.63,54.56,21.33,234.59,0.5116,0.5355,3.692,4.181,61.0,0.0,0.0,DOH_DATA_TUNNEL
33.8702,170.0,85.0,85.0,71080.86,48431.33,22649.53,2098.62,5.02,0.3627,418.12,50.13,342.93,508.35,361.21,405.74,0.5428,79.02,26.43,15.8,173.85,0.3344,0.6209,3.9434,4.1901,42.0,1.0,0.0,DOH_DATA_TUNNEL
23.5916,73.0,27.0,46.0,49567.79,13721.99,35845.8,2101.08,3.09,-0.4463,679.01,457.33,40.0,1500.0,742.38,656.62,0.2266,323.17,444.05,64.63,710.98,1.374,0.0211,4.7282,2.114,19.0,0.0,0.0,BENIGN_WEB
25.346,63.0,19.0,44.0,66866.07,17648.89,49217.17,2638.14,2.49,-0.4721,1061.37,348.89,538.04,1500.0,946.56,1011.82,0.192,402.32,428.83,80.46,885.1,1.0659,0.0877,4.4499,2.6923,19.0,0.0,0.0,BENIGN_WEB
24.0898,40.0,12.0,28.0,41915.5,5728.93,36186.56,1739.97,1.66,-0.7266,1047.89,413.65,427.42,1500.0,893.57,951.23,0.4341,602.25,690.36,120.45,1324.94,1.1463,0.0822,3.6895,2.9942,13.0,0.0,0.0,BENIGN_WEB
10.3719,131.0,65.0,66.0,44305.13,25156.42,19148.72,4271.65,12.63,0.1356,338.21,79.2,219.41,480.77,293.14,325.87,0.5841,127.74,60.6,25.55,281.02,0.4744,0.4737,3.8861,4.0015,55.0,0.0,0.0,DOH_DATA_TUNNEL
32.6447,139.0,69.0,70.0,54692.51,34565.02,20127.49,1675.39,4.26,0.264,393.47,79.4,274.37,536.4,430.46,347.45,0.6035,81.85,23.82,16.37,180.08,0.2911,0.6145,3.9136,3.8852,52.0,0.0,0.0,DOH_DATA_TUNNEL
38.4559,546.0,436.0,110.0,748002.2,724371.25,23630.96,19450.89,14.2,0.9368,1369.97,260.7,978.92,1500.0,1247.31,1510.97,0.4379,10.58,3.4,2.12,23.28,0.3214,0.2189,2.7384,3.0898,21.0,0.0,1.0,DATA_EXFILTRATION
38.8132,70.0,35.0,35.0,26921.86,19366.11,7555.75,693.63,1.8,0.4387,384.6,84.79,257.41,537.22,426.59,386.6,0.4435,84.74,36.35,16.95,186.43,0.429,0.5924,3.4287,4.518,57.0,0.0,0.0,DOH_DATA_TUNNEL
29.0554,46.0,23.0,23.0,10926.98,6971.81,3955.17,376.07,1.58,0.2761,237.54,57.41,151.43,340.88,260.57,204.9,0.5538,59.04,14.53,11.81,129.89,0.2461,0.688,3.4173,4.1275,61.0,0.0,0.0,DOH_DATA_TUNNEL
49.7063,947.0,761.0,186.0,1221905.91,1111173.39,110732.52,24582.53,19.05,0.8188,1290.29,253.13,910.59,1500.0,1442.58,1120.28,0.5659,23.86,15.42,4.77,52.5,0.646,0.2699,2.3797,3.1051,18.0,1.0,0.0,DATA_EXFILTRATION
7.1604,21.0,6.0,15.0,17460.27,1809.86,15650.41,2438.46,2.93,-0.7927,831.44,491.26,94.55,1500.0,725.1,874.77,0.3599,340.97,475.98,68.19,750.13,1.396,0.0818,4.9346,2.5396,14.0,0.0,0.0,BENIGN_WEB
12.2972,27.0,10.0,17.0,19364.62,3326.75,16037.87,1574.72,2.2,-0.6564,717.21,470.27,40.0,1500.0,619.29,613.96,0.448,455.45,778.17,91.09,1002.0,1.7086,0.0374,3.7521,2.9943,17.0,0.0,0.0,BENIGN_WEB
3.2142,37.0,12.0,25.0,28231.07,5224.63,23006.44,8783.27,11.51,-0.6299,763.0,376.89,197.67,1441.4,752.64,782.06,0.4667,86.87,88.79,17.37,191.11,1.0222,0.1208,4.5527,2.1535,21.0,0.0,0.0,BENIGN_WEB
6.66,77.0,38.0,39.0,25244.2,17211.09,8033.11,3790.44,11.56,0.3636,327.85,50.05,252.78,417.93,337.34,317.86,0.551,216.56,113.05,43.31,476.42,0.522,0.5945,3.8082,4.0476,47.0,0.0,0.0,DOH_DATA_TUNNEL
32.2816,162.0,81.0,81.0,55463.51,36764.48,18699.04,1718.11,5.02,0.3257,342.37,70.34,236.86,468.98,308.82,356.62,0.3418,165.6,61.94,33.12,364.32,0.374,0.5693,3.358,4.5761,37.0,0.0,0.0,DOH_DATA_TUNNEL
24.9803,61.0,30.0,31.0,21229.1,13647.12,7581.99,849.83,2.44,0.2857,348.02,39.42,288.89,418.98,357.96,306.52,0.5136,225.07,115.67,45.01,495.15,0.5139,0.4954,3.7745,4.1993,36.0,0.0,0.0,DOH_DATA_TUNNEL
22.0276,69.0,24.0,45.0,65756.46,6321.65,59434.81,2985.19,3.13,-0.8077,952.99,358.19,415.71,1500.0,1056.27,889.63,0.5376,319.24,450.48,63.85,702.33,1.4111,0.0726,4.8197,2.7139,9.0,0.0,0.0,BENIGN_WEB
10.3943,56.0,28.0,28.0,25663.7,16383.77,9279.93,2469.02,5.39,0.2768,458.28,67.05,357.71,578.97,458.0,451.22,0.2859,60.58,17.3,12.12,133.28,0.2856,0.5388,3.8253,3.9926,36.0,1.0,0.0,DOH_DATA_TUNNEL
12.9227,23.0,8.0,15.0,21976.65,2599.12,19377.53,1700.63,1.78,-0.7635,955.51,321.68,472.99,1500.0,1058.21,1013.84,0.3292,561.85,496.23,112.37,1236.08,0.8832,0.1112,3.769,2.2325,18.0,0.0,0.0,BENIGN_WEB
21.9048,95.0,47.0,48.0,23938.95,16776.68,7162.27,1092.86,4.34,0.4016,251.99,44.1,185.84,331.37,222.78,247.21,0.272,201.89,50.62,40.38,444.16,0.2507,0.6337,3.5592,4.3906,35.0,1.0,0.0,DOH_DATA_TUNNEL
22.9979,132.0,66.0,66.0,45150.4,32516.49,12633.91,1963.24,5.74,0.4404,342.05,65.46,243.86,459.87,391.1,321.1,0.1844,78.76,19.41,15.75,173.28,0.2464,0.4529,3.6345,4.2877,42.0,0.0,0.0,DOH_DATA_TUNNEL
22.354,30.0,10.0,20.0,19917.41,5124.78,14792.63,891.0,1.34,-0.4854,663.91,524.13,40.0,1500.0,736.43,639.05,0.5869,745.13,1042.19,149.03,1639.3,1.3987,0.0161,4.0056,2.6093,13.0,0.0,0.0,BENIGN_WEB
19.5966,396.0,314.0,82.0,558336.28,548808.85,9527.43,28491.52,20.21,0.9659,1409.94,153.47,1179.73,1500.0,1358.8,1489.52,0.5305,29.04,17.5,5.81,63.9,0.6025,0.1327,1.9294,3.3592,26.0,1.0,0.0,DATA_EXFILTRATION
7.5991,1013.0,857.0,156.0,1330696.06,1197190.93,133505.13,175112.47,133.31,0.7993,1313.62,122.18,1130.36,1500.0,1362.83,1426.79,0.5489,20.53,12.16,4.11,45.16,0.5926,0.2223,2.8844,3.5169,21.0,1.0,0.0,DATA_EXFILTRATION
38.4787,145.0,72.0,73.0,64546.95,38397.34,26149.61,1677.47,3.77,0.1897,445.15,64.52,348.38,561.28,427.89,483.18,0.1823,199.62,75.29,39.92,439.17,0.3771,0.5117,3.2006,4.3383,49.0,0.0,0.0,DOH_DATA_TUNNEL
6.4893,131.0,65.0,66.0,39806.61,22300.57,17506.04,6134.19,20.19,0.1204,303.87,72.28,195.45,433.97,259.56,279.38,0.3492,176.05,88.42,35.21,387.3,0.5022,0.6622,3.2837,4.3723,49.0,0.0,0.0,DOH_DATA_TUNNEL
11.0736,82.0,30.0,52.0,88026.59,14359.31,73667.27,7949.24,7.41,-0.6738,1073.49,354.31,542.03,1500.0,1045.07,969.61,0.3233,135.04,129.29,27.01,297.1,0.9574,0.1046,4.2419,2.7171,21.0,0.0,0.0,BENIGN_WEB
23.1409,58.0,16.0,42.0,55548.92,11543.52,44005.4,2400.46,2.51,-0.5844,957.74,500.45,207.06,1500.0,895.23,998.19,0.3062,398.98,416.39,79.8,877.76,1.0436,0.0208,3.7548,2.1892,21.0,0.0,0.0,BENIGN_WEB
26.3368,131.0,65.0,66.0,40388.07,30489.71,9898.36,1533.52,4.97,0.5098,308.31,64.91,210.94,425.15,314.46,301.76,0.4616,203.67,112.07,40.73,448.07,0.5503,0.6281,3.5502,4.053,59.0,0.0,0.0,DOH_DATA_TUNNEL
40.2349,169.0,84.0,85.0,70807.59,47891.78,22915.81,1759.85,4.2,0.3527,418.98,39.26,360.09,489.64,466.51,374.09,0.3512,63.67,15.1,12.73,140.08,0.2372,0.4756,3.2584,4.1713,45.0,1.0,0.0,DOH_DATA_TUNNEL
1.8805,79.0,26.0,53.0,64922.52,12261.97,52660.54,34524.51,42.01,-0.6223,821.8,522.88,40.0,1500.0,856.13,899.66,0.3602,23.8,23.8,4.76,52.37,0.9997,0.0405,5.0383,3.0575,16.0,0.0,0.0,BENIGN_WEB
7.2192,48.0,19.0,29.0,30852.7,7655.86,23196.84,4273.68,6.65,-0.5037,642.76,386.27,63.35,1338.06,559.07,635.85,0.4248,150.4,210.23,30.08,330.88,1.3978,0.063,4.76,2.689,20.0,0.0,0.0,BENIGN_WEB
28.6391,27.0,8.0,19.0,26104.3,3114.91,22989.39,911.49,0.94,-0.7613,966.83,576.63,101.88,1500.0,880.35,869.98,0.3497,1060.71,1412.05,212.14,2333.55,1.3312,0.0901,4.7393,2.7938,9.0,0.0,0.0,BENIGN_WEB
9.662,164.0,82.0,82.0,41079.84,27978.56,13101.28,4251.7,16.97,0.3622,250.49,71.6,143.08,379.37,239.88,260.9,0.5653,106.07,30.51,21.21,233.35,0.2876,0.4917,3.2797,4.1059,37.0,0.0,0.0,DOH_DATA_TUNNEL
28.4341,73.0,36.0,37.0,16855.59,9893.38,6962.22,592.8,2.57,0.1739,230.9,77.24,115.04,369.92,219.43,256.95,0.4151,173.5,72.61,34.7,381.7,0.4185,0.6772,3.6268,4.1498,55.0,1.0,0.0,DOH_DATA_TUNNEL
24.3368,39.0,19.0,20.0,13440.73,7858.49,5582.24,552.28,1.6,0.1694,344.63,45.87,275.83,427.19,344.15,300.9,0.5504,168.6,64.47,33.72,370.91,0.3824,0.4274,3.8826,4.4514,57.0,0.0,0.0,DOH_DATA_TUNNEL
5.7665,39.0,11.0,28.0,25315.84,4897.83,20418.01,4390.13,6.76,-0.6131,649.12,342.29,135.69,1265.24,740.76,725.22,0.4212,147.86,253.02,29.57,325.29,1.7112,0.0121,4.7335,2.287,12.0,0.0,0.0,BENIGN_WEB
17.2885,56.0,16.0,40.0,59826.58,7773.74,52052.84,3460.49,3.24,-0.7401,1068.33,578.94,199.93,1500.0,1174.42,1216.39,0.3511,308.72,380.38,61.74,679.19,1.2321,0.0794,4.786,2.8567,17.0,0.0,0.0,BENIGN_WEB
11.7309,394.0,337.0,57.0,513179.98,476038.58,37141.4,43745.92,33.59,0.8553,1302.49,275.71,888.92,1500.0,1138.62,1242.79,0.3142,47.38,26.56,9.48,104.24,0.5605,0.2671,2.2279,3.4413,22.0,0.0,0.0,DATA_EXFILTRATION
34.4497,96.0,48.0,48.0,40197.53,29578.52,10619.01,1166.85,2.79,0.4717,418.72,79.25,299.85,561.37,429.69,362.13,0.5829,221.84,87.39,44.37,488.05,0.3939,0.585,3.1464,4.469,34.0,0.0,0.0,DOH_DATA_TUNNEL
31.6664,31.0,11.0,20.0,32259.18,7876.7,24382.48,1018.72,0.98,-0.5117,1040.62,333.94,539.7,1500.0,1183.33,1100.47,0.5958,1021.5,1496.0,204.3,2247.3,1.4645,0.1359,3.9135,2.2309,17.0,0.0,0.0,BENIGN_WEB
5.539,64.0,24.0,40.0,52833.39,14401.98,38431.42,9538.49,11.55,-0.4548,825.52,371.53,268.22,1494.28,809.16,759.05,0.3016,86.55,139.01,17.31,190.4,1.6061,0.1143,5.0765,2.7368,20.0,0.0,0.0,BENIGN_WEB
17.4864,75.0,37.0,38.0,27616.93,19968.67,7648.27,1579.34,4.29,0.4461,368.23,69.6,263.83,493.5,391.85,379.18,0.2978,87.79,37.23,17.56,193.13,0.4241,0.6248,3.2434,4.217,49.0,1.0,0.0,DOH_DATA_TUNNEL
24.0867,42.0,14.0,28.0,42031.93,4651.21,37380.72,1745.02,1.74,-0.7787,1000.76,549.16,177.02,1500.0,972.21,879.39,0.5084,573.49,725.11,114.7,1261.69,1.2644,0.0681,3.6837,2.4418,11.0,0.0,0.0,BENIGN_WEB
13.6127,76.0,31.0,45.0,73436.43,16918.16,56518.27,5394.72,5.58,-0.5392,966.27,566.91,115.9,1500.0,919.12,1014.13,0.2789,179.11,233.57,35.82,394.05,1.304,0.0333,4.6265,2.8108,12.0,0.0,0.0,BENIGN_WEB
37.7738,815.0,650.0,165.0,1106046.34,985941.76,120104.58,29280.8,21.58,0.7828,1357.11,164.93,1109.71,1500.0,1457.92,1328.64,0.6151,29.3,7.77,5.86,64.47,0.2652,0.195,2.7893,3.7927,25.0,0.0,0.0,DATA_EXFILTRATION
28.0265,226.0,195.0,31.0,321190.76,287062.93,34127.83,11460.26,8.06,0.7875,1421.2,217.98,1094.23,1500.0,1292.63,1522.17,0.3649,33.37,17.48,6.67,73.41,0.5239,0.2629,2.3125,3.1971,25.0,0.0,0.0,DATA_EXFILTRATION
13.1366,568.0,468.0,100.0,807456.95,723493.98,83962.97,61466.16,43.24,0.792,1421.58,176.4,1156.98,1500.0,1579.36,1239.89,0.3756,39.72,16.66,7.94,87.39,0.4193,0.2205,1.9168,3.4672,28.0,1.0,1.0,DATA_EXFILTRATION
22.5745,69.0,27.0,42.0,60547.52,7955.1,52592.42,2682.12,3.06,-0.7372,877.5,331.72,379.92,1474.59,831.64,921.71,0.4388,327.17,404.77,65.43,719.77,1.2372,0.0461,4.6225,2.5089,17.0,0.0,0.0,BENIGN_WEB
15.7794,110.0,55.0,55.0,36043.66,21953.53,14090.13,2284.23,6.97,0.2182,327.67,65.17,229.91,444.98,342.51,343.44,0.2754,58.36,15.1,11.67,128.39,0.2588,0.6375,4.0116,3.8685,42.0,1.0,0.0,DOH_DATA_TUNNEL
20.4346,52.0,26.0,26.0,20059.97,13385.51,6674.47,981.67,2.54,0.3345,385.77,71.24,278.91,514.0,402.07,417.81,0.3335,111.5,29.62,22.3,245.31,0.2657,0.5028,4.0607,4.0898,49.0,1.0,0.0,DOH_DATA_TUNNEL
20.0122,82.0,23.0,59.0,70182.27,18823.78,51358.49,3506.98,4.1,-0.4636,855.88,524.2,69.58,1500.0,872.25,771.06,0.3763,244.05,215.33,48.81,536.91,0.8823,0.0583,4.8702,2.382,12.0,0.0,0.0,BENIGN_WEB
29.252,36.0,13.0,23.0,36444.59,9885.92,26558.67,1245.88,1.23,-0.4575,1012.35,376.59,447.46,1500.0,920.41,879.92,0.39,812.55,1382.73,162.51,1787.62,1.7017,0.0876,4.5784,2.6759,17.0,0.0,0.0,BENIGN_WEB
16.0139,82.0,41.0,41.0,35625.56,24908.66,10716.9,2224.67,5.12,0.3984,434.46,57.87,347.65,538.63,448.92,433.99,0.292,188.89,41.96,37.78,415.55,0.2221,0.5934,3.5823,4.4632,37.0,0.0,0.0,DOH_DATA_TUNNEL
10.3607,73.0,24.0,49.0,58171.14,5522.03,52649.11,5614.58,7.05,-0.8101,796.86,563.56,40.0,1500.0,889.22,797.07,0.3191,141.93,152.04,28.39,312.24,1.0712,0.0677,4.0475,2.4032,13.0,0.0,0.0,BENIGN_WEB
26.6839,21.0,6.0,15.0,19184.52,4903.32,14281.2,718.96,0.79,-0.4888,913.55,493.47,173.35,1500.0,789.52,858.93,0.6145,1270.66,1223.17,254.13,2795.45,0.9626,0.125,4.9713,3.0608,13.0,0.0,0.0,BENIGN_WEB
23.1794,74.0,22.0,52.0,63865.88,7222.9,56642.98,2755.29,3.19,-0.7738,863.05,367.57,311.7,1500.0,985.67,904.21,0.2782,313.23,337.29,62.65,689.12,1.0768,0.1189,4.3095,2.5406,12.0,0.0,0.0,BENIGN_WEB
6.9084,109.0,54.0,55.0,46027.1,32272.39,13754.71,6662.46,15.78,0.4023,422.27,35.54,368.96,486.24,451.43,416.49,0.5457,221.51,54.26,44.3,487.33,0.245,0.7043,3.4613,3.9427,57.0,0.0,0.0,DOH_DATA_TUNNEL
5.7534,53.0,21.0,32.0,43710.67,11323.11,32387.56,7597.4,9.21,-0.4819,824.73,510.43,59.08,1500.0,740.41,815.27,0.4564,108.55,105.72,21.71,238.82,0.9739,0.1001,3.7834,2.7039,8.0,0.0,0.0,BENIGN_WEB
19.8915,47.0,17.0,30.0,33505.56,3985.82,29519.74,1684.42,2.36,-0.7621,712.88,496.53,40.0,1500.0,682.35,715.15,0.2171,423.22,371.03,84.64,931.09,0.8767,0.1273,4.2214,2.2368,19.0,0.0,0.0,BENIGN_WEB
6.6015,116.0,58.0,58.0,30653.35,17412.43,13240.92,4643.36,17.57,0.1361,264.25,73.42,154.12,396.41,296.92,290.43,0.508,178.93,75.35,35.79,393.65,0.4211,0.7192,3.3979,4.2057,59.0,1.0,0.0,DOH_DATA_TUNNEL
12.6069,1004.0,814.0,190.0,1389527.57,1338297.0,51230.58,110219.94,79.64,0.9263,1383.99,278.11,966.83,1500.0,1472.02,1517.8,0.5826,22.97,7.12,4.59,50.54,0.3099,0.1288,2.175,2.9479,24.0,1.0,0.0,DATA_EXFILTRATION
14.1323,69.0,34.0,35.0,23950.03,17641.92,6308.11,1694.7,4.88,0.4732,347.1,55.93,263.21,447.77,368.65,316.5,0.2212,75.79,20.63,15.16,166.74,0.2722,0.4301,3.4922,4.0442,58.0,0.0,0.0,DOH_DATA_TUNNEL
2.241,45.0,17.0,28.0,44338.01,4837.52,39500.49,19784.78,20.08,-0.7818,985.29,461.27,293.38,1500.0,853.98,925.41,0.2912,49.8,47.05,9.96,109.56,0.9447,0.0436,5.0323,2.6059,12.0,0.0,0.0,BENIGN_WEB
27.4133,84.0,34.0,50.0,71252.18,7267.0,63985.17,2599.18,3.06,-0.796,848.24,387.36,267.2,1500.0,776.53,898.76,0.4853,326.35,260.84,65.27,717.97,0.7993,0.0628,4.8541,2.5737,9.0,0.0,0.0,BENIGN_WEB
15.9515,139.0,69.0,70.0,40139.35,23107.81,17031.54,2516.34,8.71,0.1514,288.77,61.05,197.2,398.66,314.9,322.28,0.2791,88.44,45.59,17.69,194.56,0.5155,0.4931,3.4426,4.5641,34.0,0.0,0.0,DOH_DATA_TUNNEL
24.555,77.0,30.0,47.0,64289.45,9109.91,55179.54,2618.18,3.14,-0.7166,834.93,342.26,321.54,1451.0,817.27,879.62,0.5009,318.9,523.81,63.78,701.57,1.6426,0.0709,4.3503,2.9394,20.0,0.0,0.0,BENIGN_WEB
2.3962,60.0,18.0,42.0,37347.72,7763.33,29584.39,15586.45,25.04,-0.5843,622.46,504.12,40.0,1500.0,642.59,597.25,0.3052,39.94,60.88,7.99,87.86,1.5244,0.0585,4.7511,2.6794,20.0,0.0,0.0,BENIGN_WEB
29.4448,61.0,25.0,36.0,55378.58,7615.04,47763.54,1880.76,2.07,-0.725,907.85,334.31,406.38,1500.0,790.08,820.94,0.3093,482.7,712.96,96.54,1061.94,1.477,0.0476,3.6712,2.9623,20.0,0.0,0.0,BENIGN_WEB
7.6287,27.0,8.0,19.0,27456.16,2634.83,24821.33,3599.08,3.54,-0.8081,1016.89,337.82,510.16,1500.0,980.53,1124.19,0.2991,282.54,222.53,56.51,621.59,0.7876,0.1246,3.6329,2.9883,15.0,0.0,0.0,BENIGN_WEB
38.3583,103.0,51.0,52.0,39176.42,23563.09,15613.33,1021.33,2.69,0.2029,380.35,54.54,298.54,478.53,371.76,347.12,0.2149,208.04,96.23,41.61,457.68,0.4626,0.6115,3.4779,3.9965,38.0,1.0,0.0,DOH_DATA_TUNNEL
4.7725,66.0,19.0,47.0,53160.97,8019.02,45141.95,11139.11,13.83,-0.6983,805.47,471.55,98.14,1500.0,864.73,811.85,0.4881,72.31,126.33,14.46,159.08,1.7471,0.0162,4.2675,2.8954,13.0,0.0,0.0,BENIGN_WEB
10.8284,884.0,723.0,161.0,1226560.95,1198031.96,28528.99,113273.11,81.64,0.9535,1387.51,279.47,968.3,1500.0,1509.06,1439.18,0.3202,46.0,11.32,9.2,101.2,0.2462,0.1214,2.6281,3.5483,15.0,1.0,0.0,DATA_EXFILTRATION
19.8132,162.0,81.0,81.0,50714.7,33876.41,16838.3,2559.64,8.18,0.336,313.05,38.09,255.93,381.61,316.74,356.87,0.1872,229.75,112.84,45.95,505.44,0.4912,0.6248,4.035,4.5651,50.0,0.0,0.0,DOH_DATA_TUNNEL
4.2006,67.0,22.0,45.0,41933.94,11465.63,30468.31,9982.82,15.95,-0.4532,625.88,336.12,121.71,1230.89,693.72,693.21,0.4382,62.7,83.08,12.54,137.93,1.3251,0.1234,4.3035,2.9819,11.0,0.0,0.0,BENIGN_WEB
10.4385,20.0,5.0,15.0,14625.21,3742.68,10882.53,1401.08,1.92,-0.4882,731.26,324.26,244.87,1314.93,643.59,640.85,0.5402,521.93,523.28,104.39,1148.24,1.0026,0.0243,4.5933,2.9229,19.0,0.0,0.0,BENIGN_WEB
14.6939,92.0,46.0,46.0,36058.96,22814.73,13244.23,2454.01,6.26,0.2654,391.95,65.26,294.06,509.41,374.48,446.33,0.4304,105.09,35.18,21.02,231.2,0.3348,0.5432,3.6367,4.525,31.0,0.0,0.0,DOH_DATA_TUNNEL
26.2589,680.0,536.0,144.0,832920.19,754687.31,78232.88,31719.52,25.9,0.8121,1224.88,127.85,1033.11,1455.0,1348.14,1186.99,0.3043,23.92,13.42,4.78,52.62,0.5612,0.183,2.8922,3.0842,17.0,1.0,0.0,DATA_EXFILTRATION
23.3658,47.0,18.0,29.0,46741.78,4346.98,42394.8,2000.44,2.01,-0.814,994.51,377.68,427.98,1500.0,921.18,1098.64,0.3276,497.14,722.65,99.43,1093.72,1.4536,0.0435,4.4165,2.8275,18.0,0.0,0.0,BENIGN_WEB
27.8357,80.0,30.0,50.0,75016.03,14328.16,60687.87,2694.96,2.87,-0.618,937.7,453.14,257.99,1500.0,1053.3,876.25,0.2513,347.95,358.93,69.59,765.48,1.0316,0.058,4.5697,2.1991,19.0,0.0,0.0,BENIGN_WEB
26.5135,50.0,19.0,31.0,39465.97,8752.04,30713.93,1488.52,1.89,-0.5565,789.32,572.87,40.0,1500.0,856.73,693.3,0.6199,530.27,916.67,106.05,1166.59,1.7287,0.0845,4.2478,2.2533,18.0,0.0,0.0,BENIGN_WEB
22.0225,50.0,17.0,33.0,32846.15,8134.79,24711.36,1491.48,2.27,-0.5047,656.92,549.42,40.0,1500.0,566.09,745.7,0.593,440.45,560.09,88.09,968.99,1.2716,0.1122,4.463,2.3009,9.0,0.0,0.0,BENIGN_WEB
22.2185,60.0,22.0,38.0,42410.47,5402.62,37007.86,1908.79,2.7,-0.7452,706.84,443.97,40.89,1500.0,718.81,729.06,0.3419,370.31,569.58,74.06,814.68,1.5381,0.1308,4.7579,2.3496,10.0,0.0,0.0,BENIGN_WEB
13.3818,57.0,19.0,38.0,37538.24,8501.46,29036.78,2805.18,4.26,-0.5471,658.57,499.84,40.0,1500.0,732.39,743.03,0.6015,234.77,401.46,46.95,516.49,1.7101,0.0383,4.7932,2.3537,15.0,0.0,0.0,BENIGN_WEB
24.8345,84.0,29.0,55.0,86092.42,14721.97,71370.45,3466.64,3.38,-0.658,1024.91,450.83,348.67,1500.0,1154.01,1071.97,0.3953,295.65,313.23,59.13,650.43,1.0595,0.0181,3.7825,2.2043,19.0,0.0,0.0,BENIGN_WEB
25.2236,72.0,22.0,50.0,56972.39,13961.14,43011.25,2258.69,2.85,-0.5099,791.28,327.09,300.65,1380.04,673.6,823.06,0.6113,350.33,453.12,70.07,770.72,1.2934,0.0312,4.4256,2.3094,18.0,0.0,0.0,BENIGN_WEB
20.9927,59.0,20.0,39.0,46940.77,12318.36,34622.41,2236.05,2.81,-0.4752,795.61,398.37,198.05,1500.0,886.85,790.85,0.3028,355.81,558.26,71.16,782.78,1.569,0.014,4.3938,2.6903,13.0,0.0,0.0,BENIGN_WEB
13.988,59.0,23.0,36.0,56102.16,9388.08,46714.08,4010.73,4.22,-0.6653,950.88,434.59,298.99,1500.0,1021.14,934.7,0.2246,237.09,287.32,47.42,521.59,1.2119,0.1135,3.7468,2.5088,17.0,0.0,0.0,BENIGN_WEB
12.2245,135.0,67.0,68.0,38886.85,23849.6,15037.24,3181.06,11.04,0.2266,288.05,39.33,229.06,358.84,258.17,312.38,0.2411,57.19,25.65,11.44,125.83,0.4484,0.6659,3.7765,4.3619,59.0,1.0,0.0,DOH_DATA_TUNNEL
29.3328,46.0,18.0,28.0,45266.51,10610.59,34655.92,1543.21,1.57,-0.5312,984.05,480.3,263.6,1500.0,1054.54,1117.0,0.2929,637.67,949.13,127.53,1402.87,1.4884,0.0652,4.2044,3.0436,10.0,0.0,0.0,BENIGN_WEB
8.4875,178.0,89.0,89.0,71638.54,42173.46,29465.08,8440.51,20.97,0.1774,402.46,50.47,326.77,493.3,461.33,348.48,0.3959,85.43,44.85,17.09,187.95,0.5249,0.5786,4.0182,4.502,35.0,1.0,0.0,DOH_DATA_TUNNEL
15.9811,32.0,10.0,22.0,32463.25,3649.06,28814.2,2031.35,2.0,-0.7752,1014.48,392.72,425.4,1500.0,1152.21,1147.46,0.4301,499.41,689.94,99.88,1098.7,1.3815,0.0745,4.4097,2.2656,19.0,0.0,0.0,BENIGN_WEB
7.7195,39.0,15.0,24.0,39320.84,4655.86,34664.99,5093.69,5.05,-0.7632,1008.23,524.24,221.86,1500.0,1090.49,927.76,0.267,197.94,196.04,39.59,435.46,0.9904,0.1131,4.6113,3.0156,12.0,0.0,0.0,BENIGN_WEB
18.9817,62.0,19.0,43.0,52150.81,12602.36,39548.45,2747.43,3.27,-0.5167,841.14,540.58,40.0,1500.0,798.76,799.83,0.5959,306.16,438.22,61.23,673.54,1.4314,0.0165,4.723,2.2966,11.0,0.0,0.0,BENIGN_WEB
18.0354,167.0,83.0,84.0,71552.89,49458.61,22094.28,3967.36,9.26,0.3824,428.46,52.41,349.85,522.79,386.07,478.6,0.4098,225.29,65.25,45.06,495.63,0.2897,0.6318,3.239,4.2981,46.0,0.0,0.0,DOH_DATA_TUNNEL
34.9755,174.0,87.0,87.0,43764.91,30662.41,13102.5,1251.3,4.97,0.4012,251.52,55.86,167.73,352.08,216.89,243.81,0.3407,80.0,22.35,16.0,176.01,0.2794,0.6798,3.3893,4.5276,49.0,0.0,0.0,DOH_DATA_TUNNEL
13.1549,43.0,16.0,27.0,30345.35,6194.27,24151.08,2306.76,3.27,-0.5917,705.71,506.26,40.0,1500.0,704.46,629.99,0.5085,305.93,379.49,61.19,673.04,1.2404,0.1085,4.5931,2.247,11.0,0.0,0.0,BENIGN_WEB
38.3941,44.0,22.0,22.0,10998.5,7526.29,3472.21,286.46,1.15,0.3686,249.97,63.0,155.46,363.37,219.16,278.5,0.6193,146.74,38.96,29.35,322.84,0.2655,0.6352,3.2516,4.3516,56.0,1.0,0.0,DOH_DATA_TUNNEL
20.1221,47.0,18.0,29.0,38170.24,8356.72,29813.52,1896.93,2.34,-0.5621,812.13,511.02,45.61,1500.0,881.59,907.85,0.582,428.13,697.93,85.63,941.89,1.6302,0.0878,4.2165,2.4285,21.0,0.0,0.0,BENIGN_WEB
5.4787,24.0,7.0,17.0,19584.6,1970.49,17614.11,3574.69,4.38,-0.7988,816.03,515.22,43.19,1500.0,703.69,704.38,0.6058,228.28,302.94,45.66,502.21,1.3271,0.1263,3.6276,2.8848,15.0,0.0,0.0,BENIGN_WEB
22.15,80.0,40.0,40.0,27166.02,17976.11,9189.91,1226.46,3.61,0.3234,339.58,52.28,261.15,433.68,385.42,382.47,0.4854,162.92,71.95,32.58,358.43,0.4416,0.5355,3.6889,4.0306,51.0,0.0,0.0,DOH_DATA_TUNNEL
32.7253,96.0,48.0,48.0,36337.59,20870.23,15467.35,1110.38,2.93,0.1487,378.52,56.81,293.3,480.78,411.61,401.44,0.2037,159.99,51.17,32.0,351.97,0.3198,0.4486,4.0117,4.3343,39.0,1.0,0.0,DOH_DATA_TUNNEL
7.3483,61.0,19.0,42.0,48260.6,7815.21,40445.39,6567.54,8.3,-0.6761,791.16,344.8,273.96,1411.79,799.86,879.75,0.3674,120.46,160.09,24.09,265.02,1.3289,0.0824,3.9649,2.1071,16.0,0.0,0.0,BENIGN_WEB
16.6021,46.0,15.0,31.0,39081.63,4038.95,35042.69,2354.01,2.77,-0.7933,849.6,400.35,249.08,1500.0,897.12,732.88,0.2136,360.92,625.66,72.18,794.02,1.7335,0.1013,4.8969,2.1737,18.0,0.0,0.0,BENIGN_WEB
7.4815,61.0,18.0,43.0,58836.7,14482.68,44354.03,7864.28,8.15,-0.5077,964.54,532.44,165.87,1500.0,903.98,864.53,0.5303,122.65,183.12,24.53,269.83,1.493,0.1174,4.3842,2.5295,10.0,0.0,0.0,BENIGN_WEB
18.4686,45.0,22.0,23.0,11318.94,7335.62,3983.32,612.87,2.44,0.2962,251.53,67.9,149.68,373.75,225.77,215.15,0.2734,117.61,64.66,23.52,258.74,0.5498,0.5683,3.1329,4.3886,37.0,0.0,0.0,DOH_DATA_TUNNEL
24.6603,138.0,69.0,69.0,37696.43,23192.83,14503.6,1528.63,5.6,0.2305,273.16,75.48,159.94,409.03,305.67,287.27,0.5609,139.8,50.99,27.96,307.55,0.3648,0.4626,3.1369,4.63,44.0,0.0,0.0,DOH_DATA_TUNNEL
8.9579,82.0,33.0,49.0,65839.56,12322.57,53516.99,7349.91,9.15,-0.6257,802.92,339.55,293.6,1414.1,701.16,820.3,0.2719,109.24,121.84,21.85,240.33,1.1154,0.1042,4.7753,2.3812,16.0,0.0,0.0,BENIGN_WEB
13.8102,906.0,758.0,148.0,1221778.48,1147150.19,74628.29,88469.17,65.6,0.8778,1348.54,206.04,1039.49,1500.0,1255.42,1384.26,0.4503,42.38,24.94,8.48,93.24,0.5884,0.2241,2.7287,3.7588,27.0,0.0,0.0,DATA_EXFILTRATION
31.0444,28.0,7.0,21.0,20003.71,4145.9,15857.8,644.36,0.9,-0.5855,714.42,440.87,53.12,1500.0,610.61,697.17,0.45,1108.73,1926.35,221.75,2439.2,1.7374,0.0973,5.0458,2.5139,11.0,0.0,0.0,BENIGN_WEB
22.0136,82.0,33.0,49.0,67362.9,17291.28,50071.62,3060.05,3.72,-0.4866,821.5,511.83,53.75,1500.0,765.86,754.73,0.2989,268.46,365.02,53.69,590.61,1.3597,0.1079,4.1903,2.3747,8.0,0.0,0.0,BENIGN_WEB
12.1802,72.0,28.0,44.0,45661.63,7625.01,38036.62,3748.83,5.91,-0.666,634.19,460.07,40.0,1462.32,548.59,539.41,0.281,169.17,263.02,33.83,372.17,1.5548,0.0806,3.6572,2.455,15.0,0.0,0.0,BENIGN_WEB
13.5588,27.0,8.0,19.0,24049.13,6710.12,17339.01,1773.69,1.99,-0.442,890.71,403.47,285.5,1500.0,993.93,828.43,0.5012,502.18,621.4,100.44,1104.79,1.2374,0.1103,4.5347,2.1883,9.0,0.0,0.0,BENIGN_WEB
49.4866,850.0,771.0,79.0,1214534.73,1105618.61,108916.12,24542.7,17.18,0.8206,1428.86,250.19,1053.57,1500.0,1395.38,1522.62,0.2248,31.95,8.79,6.39,70.3,0.2751,0.2047,2.7598,3.1114,14.0,0.0,0.0,DATA_EXFILTRATION
19.0232,52.0,19.0,33.0,43485.06,8491.96,34993.1,2285.9,2.73,-0.6094,836.25,389.0,252.75,1500.0,880.8,882.95,0.5417,365.83,566.83,73.17,804.83,1.5494,0.0542,4.7347,2.5543,14.0,0.0,0.0,BENIGN_WEB
15.0938,58.0,22.0,36.0,59285.87,12821.53,46464.34,3927.83,3.84,-0.5675,1022.17,555.31,189.2,1500.0,1164.85,970.32,0.3238,260.24,287.71,52.05,572.52,1.1056,0.1266,4.1447,2.3526,19.0,0.0,0.0,BENIGN_WEB
13.8741,900.0,734.0,166.0,1231850.09,1180838.68,51011.41,88788.04,64.87,0.9172,1368.72,256.61,983.81,1500.0,1274.46,1280.46,0.4391,30.52,10.54,6.1,67.14,0.3454,0.1359,2.807,2.9425,19.0,0.0,0.0,DATA_EXFILTRATION
24.7439,1174.0,979.0,195.0,1520273.42,1483734.25,36539.17,61440.34,47.45,0.9519,1294.95,173.54,1034.64,1500.0,1320.46,1280.59,0.5703,26.73,10.77,5.35,58.81,0.4029,0.179,2.5727,3.0973,21.0,1.0,0.0,DATA_EXFILTRATION
12.7141,51.0,25.0,26.0,19613.63,12154.77,7458.86,1542.66,4.01,0.2394,384.58,47.39,313.5,469.87,389.69,380.18,0.279,208.94,80.17,41.79,459.66,0.3837,0.5892,4.0504,4.4327,58.0,1.0,0.0,DOH_DATA_TUNNEL
4.4697,71.0,24.0,47.0,65895.04,11862.05,54032.99,14742.58,15.88,-0.64,928.1,490.62,192.17,1500.0,1034.46,979.37,0.4818,62.95,83.22,12.59,138.5,1.3219,0.1168,4.1893,2.3503,12.0,0.0,0.0,BENIGN_WEB
12.2893,31.0,10.0,21.0,25072.7,2309.69,22763.01,2040.21,2.52,-0.8158,808.8,532.13,40.0,1500.0,918.35,929.73,0.5387,396.43,310.39,79.29,872.14,0.783,0.0181,3.6402,2.951,10.0,0.0,0.0,BENIGN_WEB
6.1562,133.0,66.0,67.0,35972.55,20932.19,15040.35,5843.26,21.6,0.1638,270.47,84.75,143.35,423.02,294.64,292.23,0.2802,68.59,26.42,13.72,150.9,0.3852,0.7019,3.6976,4.1249,52.0,0.0,0.0,DOH_DATA_TUNNEL
11.1847,73.0,24.0,49.0,56493.07,16317.4,40175.67,5050.92,6.53,-0.4223,773.88,507.38,40.0,1500.0,818.44,714.21,0.4729,153.22,150.66,30.64,337.07,0.9834,0.0474,3.7449,2.2558,10.0,0.0,0.0,BENIGN_WEB
23.5572,170.0,85.0,85.0,66637.2,48237.87,18399.33,2828.74,7.22,0.4478,391.98,44.94,324.58,472.87,438.59,405.9,0.374,85.93,25.46,17.19,189.04,0.2963,0.7052,3.3379,4.4294,61.0,0.0,0.0,DOH_DATA_TUNNEL
25.5665,58.0,19.0,39.0,46009.12,8509.5,37499.62,1799.59,2.27,-0.6301,793.26,454.83,111.01,1500.0,708.99,854.99,0.2986,440.8,482.64,88.16,969.76,1.0949,0.1177,3.8433,2.2633,21.0,0.0,0.0,BENIGN_WEB
4.2745,57.0,22.0,35.0,41971.8,5614.07,36357.73,9819.18,13.33,-0.7325,736.35,543.82,40.0,1500.0,691.33,705.4,0.3434,74.99,60.22,15.0,164.98,0.803,0.14,4.4587,2.8985,19.0,0.0,0.0,BENIGN_WEB
26.6395,157.0,78.0,79.0,65808.88,48175.06,17633.82,2470.35,5.89,0.4641,419.16,39.79,359.49,490.78,436.02,428.46,0.3218,210.55,68.83,42.11,463.22,0.3269,0.4382,3.9211,3.9622,34.0,1.0,0.0,DOH_DATA_TUNNEL
39.6183,104.0,52.0,52.0,34520.37,23487.55,11032.81,871.32,2.63,0.3608,331.93,45.59,263.55,413.98,362.26,317.61,0.2022,45.56,21.69,9.11,100.24,0.4761,0.7023,3.9811,4.1432,39.0,0.0,0.0,DOH_DATA_TUNNEL
19.5247,67.0,33.0,34.0,21844.8,14104.45,7740.35,1118.83,3.43,0.2913,326.04,80.66,205.05,471.23,318.16,354.53,0.2649,216.37,87.53,43.27,476.02,0.4045,0.6421,3.3687,4.4558,39.0,0.0,0.0,DOH_DATA_TUNNEL
6.7119,116.0,58.0,58.0,29167.27,17155.47,12011.79,4345.63,17.28,0.1764,251.44,84.49,124.7,403.53,281.26,265.58,0.2608,201.41,114.59,40.28,443.1,0.569,0.5894,3.6086,4.0401,40.0,1.0,0.0,DOH_DATA_TUNNEL
11.8029,80.0,28.0,52.0,58931.25,8163.27,50767.98,4992.94,6.78,-0.723,736.64,471.15,40.0,1500.0,767.4,672.66,0.4504,147.54,194.16,29.51,324.58,1.316,0.0318,4.6325,2.3061,17.0,0.0,0.0,BENIGN_WEB
45.1139,511.0,419.0,92.0,677358.36,615959.62,61398.73,15014.42,11.33,0.8187,1325.55,209.43,1011.41,1500.0,1386.26,1150.16,0.3287,23.25,10.28,4.65,51.15,0.4422,0.1217,2.1187,3.2363,19.0,1.0,1.0,DATA_EXFILTRATION
36.9049,60.0,30.0,30.0,16269.95,12272.95,3997.0,440.86,1.63,0.5087,271.17,48.42,198.53,358.33,255.31,304.32,0.2522,201.12,73.41,40.22,442.46,0.365,0.537,3.8912,4.3188,45.0,0.0,0.0,DOH_DATA_TUNNEL
11.2398,42.0,16.0,26.0,45231.03,9965.34,35265.69,4024.18,3.74,-0.5594,1076.93,334.73,574.83,1500.0,1100.44,1094.26,0.3847,267.61,345.22,53.52,588.75,1.29,0.1108,4.7519,2.1888,16.0,0.0,0.0,BENIGN_WEB
17.6107,162.0,81.0,81.0,45821.75,26472.77,19348.98,2601.93,9.2,0.1555,282.85,35.49,229.61,346.74,272.89,250.02,0.4924,142.71,38.8,28.54,313.97,0.2719,0.7015,3.5113,4.1397,34.0,0.0,0.0,DOH_DATA_TUNNEL
30.1127,79.0,30.0,49.0,61375.61,9997.39,51378.22,2038.2,2.62,-0.6742,776.91,454.7,94.85,1500.0,824.03,859.34,0.4017,381.17,582.31,76.23,838.58,1.5277,0.0151,4.8014,2.4,21.0,0.0,0.0,BENIGN_WEB
27.1877,29.0,9.0,20.0,18433.31,3457.68,14975.63,678.0,1.07,-0.6248,635.63,323.95,149.7,1218.75,652.25,577.89,0.2377,937.51,856.73,187.5,2062.51,0.9138,0.0772,4.4247,3.0223,16.0,0.0,0.0,BENIGN_WEB
6.8693,47.0,15.0,32.0,38898.78,10692.97,28205.81,5662.66,6.84,-0.4502,827.63,340.43,316.99,1440.41,828.75,855.92,0.5447,146.16,222.39,29.23,321.54,1.5216,0.023,4.6315,2.7431,15.0,0.0,0.0,BENIGN_WEB
18.0332,44.0,14.0,30.0,41281.82,8073.71,33208.11,2289.21,2.44,-0.6088,938.22,520.13,158.03,1500.0,895.49,1014.15,0.2205,409.85,706.33,81.97,901.66,1.7234,0.1326,4.9411,2.6809,20.0,0.0,0.0,BENIGN_WEB
13.3073,82.0,29.0,53.0,54009.35,12032.98,41976.37,4058.63,6.16,-0.5544,658.65,496.36,40.0,1500.0,729.91,755.78,0.4728,162.28,114.68,32.46,357.02,0.7067,0.0495,4.9446,3.0394,18.0,0.0,0.0,BENIGN_WEB
30.7668,42.0,12.0,30.0,31185.84,5549.26,25636.57,1013.62,1.37,-0.6441,742.52,413.43,122.37,1486.7,800.56,776.67,0.5256,732.54,1089.08,146.51,1611.59,1.4867,0.0339,4.853,2.9203,15.0,0.0,0.0,BENIGN_WEB
14.9563,66.0,25.0,41.0,66872.95,13597.06,53275.89,4471.23,4.41,-0.5933,1013.23,343.11,498.56,1500.0,999.14,1029.33,0.3162,226.61,381.45,45.32,498.54,1.6833,0.1162,4.6158,3.0981,19.0,0.0,0.0,BENIGN_WEB
25.7036,66.0,21.0,45.0,51251.74,4761.23,46490.51,1993.95,2.57,-0.8142,776.54,384.19,200.26,1468.09,685.99,689.12,0.5264,389.45,647.93,77.89,856.79,1.6637,0.0264,4.7691,2.2863,19.0,0.0,0.0,BENIGN_WEB
19.9368,64.0,25.0,39.0,58432.88,7433.52,50999.37,2930.91,3.21,-0.7456,913.01,414.54,291.2,1500.0,953.54,803.17,0.5928,311.51,522.02,62.3,685.33,1.6757,0.0948,4.6955,2.549,12.0,0.0,0.0,BENIGN_WEB
7.0901,22.0,6.0,16.0,13643.73,1768.56,11875.17,1924.33,3.1,-0.7408,620.17,320.52,139.38,1197.11,567.22,551.96,0.6198,322.28,540.61,64.46,709.01,1.6775,0.0599,4.3693,2.2351,15.0,0.0,0.0,BENIGN_WEB
36.0876,132.0,66.0,66.0,44589.81,29461.17,15128.64,1235.6,3.66,0.3214,337.8,75.3,224.86,473.33,344.68,327.45,0.3297,155.93,35.86,31.19,343.04,0.23,0.5486,3.1209,3.9807,50.0,1.0,0.0,DOH_DATA_TUNNEL
26.3939,1127.0,997.0,130.0,1575648.13,1544254.25,31393.88,59697.5,42.7,0.9602,1398.09,252.74,1018.97,1500.0,1317.39,1502.39,0.332,18.97,6.38,3.79,41.73,0.3364,0.1369,1.9819,2.9303,26.0,1.0,1.0,DATA_EXFILTRATION
5.4592,70.0,25.0,45.0,62496.08,17596.93,44899.15,11447.79,12.82,-0.4369,892.8,412.56,273.97,1500.0,869.44,942.4,0.4743,77.99,84.73,15.6,171.58,1.0864,0.1251,4.751,3.0098,19.0,0.0,0.0,BENIGN_WEB
37.3501,127.0,63.0,64.0,52277.6,38790.54,13487.06,1399.66,3.4,0.484,411.63,76.06,297.55,548.54,424.29,406.15,0.4434,156.98,45.02,31.4,345.36,0.2868,0.5284,3.8707,3.9718,32.0,0.0,0.0,DOH_DATA_TUNNEL
17.4049,28.0,8.0,20.0,20049.5,5185.89,14863.61,1151.94,1.61,-0.4827,716.05,389.23,132.21,1416.66,668.11,783.85,0.236,621.6,439.66,124.32,1367.53,0.7073,0.0272,4.3,2.9976,18.0,0.0,0.0,BENIGN_WEB
14.149,1052.0,904.0,148.0,1359041.44,1243564.76,115476.67,96052.33,74.35,0.8301,1291.86,258.86,903.57,1500.0,1102.36,1411.02,0.1863,16.25,8.48,3.25,35.75,0.5218,0.1682,2.7612,3.657,16.0,0.0,0.0,DATA_EXFILTRATION
3.1293,77.0,30.0,47.0,50254.65,8278.66,41975.99,16059.21,24.61,-0.6705,652.66,403.96,46.72,1379.78,629.47,589.98,0.2223,40.64,63.87,8.13,89.41,1.5716,0.0831,4.1552,2.6955,11.0,0.0,0.0,BENIGN_WEB
19.529,37.0,18.0,19.0,11574.04,6759.06,4814.97,592.66,1.89,0.168,312.81,69.23,208.96,437.43,334.73,335.1,0.6103,76.48,27.9,15.3,168.27,0.3648,0.6512,3.386,3.8574,59.0,0.0,0.0,DOH_DATA_TUNNEL
53.7142,701.0,576.0,125.0,979589.41,950508.52,29080.89,18237.05,13.05,0.9406,1397.42,199.26,1098.53,1500.0,1566.41,1507.2,0.4153,14.97,8.15,2.99,32.93,0.5447,0.1775,2.1836,3.5615,17.0,1.0,0.0,DATA_EXFILTRATION
19.8477,28.0,10.0,18.0,19007.22,3303.47,15703.75,957.66,1.41,-0.6524,678.83,503.71,40.0,1500.0,694.59,642.01,0.5096,708.85,502.88,141.77,1559.46,0.7094,0.081,4.8324,2.8171,12.0,0.0,0.0,BENIGN_WEB
8.5174,127.0,63.0,64.0,32680.67,20938.39,11742.28,3836.93,14.91,0.2814,257.33,84.61,130.42,409.62,259.99,285.81,0.5273,129.41,35.9,25.88,284.71,0.2774,0.4262,3.1212,4.2735,53.0,1.0,0.0,DOH_DATA_TUNNEL
40.7745,116.0,58.0,58.0,43017.14,27107.94,15909.2,1055.0,2.84,0.2603,370.84,79.36,251.8,513.68,347.82,343.38,0.6081,134.43,71.46,26.89,295.74,0.5316,0.4798,3.2785,4.5445,51.0,0.0,0.0,DOH_DATA_TUNNEL
43.1891,518.0,429.0,89.0,670207.94,646970.89,23237.05,15518.0,11.99,0.9307,1293.84,268.02,891.81,1500.0,1111.14,1357.3,0.4883,25.38,7.95,5.08,55.84,0.3132,0.2545,1.902,3.4203,18.0,0.0,0.0,DATA_EXFILTRATION
28.7739,48.0,13.0,35.0,45512.43,8197.28,37315.15,1581.73,1.67,-0.6398,948.18,519.39,169.08,1500.0,924.82,1003.74,0.506,599.46,1001.17,119.89,1318.8,1.6701,0.1212,3.7778,2.3284,21.0,0.0,0.0,BENIGN_WEB
6.3186,77.0,23.0,54.0,50880.18,5655.36,45224.82,8052.49,12.19,-0.7777,660.78,416.99,40.0,1411.36,672.98,718.93,0.5444,82.06,115.51,16.41,180.53,1.4076,0.1297,4.5064,2.9336,8.0,0.0,0.0,BENIGN_WEB
13.5761,43.0,21.0,22.0,10962.61,7214.32,3748.29,807.49,3.17,0.3162,254.94,60.9,163.59,364.57,262.24,268.97,0.4804,60.41,21.15,12.08,132.89,0.3502,0.5511,3.6752,4.5894,46.0,0.0,0.0,DOH_DATA_TUNNEL
11.3104,83.0,41.0,42.0,37240.98,22225.27,15015.71,3292.63,7.34,0.1936,448.69,41.82,385.96,523.96,478.47,388.36,0.5121,237.91,69.95,47.58,523.41,0.294,0.4474,3.5621,4.6001,36.0,0.0,0.0,DOH_DATA_TUNNEL
8.5524,547.0,444.0,103.0,781986.94,763780.57,18206.37,91435.29,63.96,0.9534,1429.59,139.05,1221.01,1500.0,1348.06,1376.84,0.282,44.74,24.7,8.95,98.42,0.5522,0.2008,1.9516,3.4832,16.0,0.0,0.0,DATA_EXFILTRATION
35.8517,575.0,502.0,73.0,789919.61,767490.32,22429.29,22033.0,16.04,0.9432,1373.77,276.39,959.19,1500.0,1356.51,1310.7,0.6062,15.78,7.75,3.16,34.71,0.4916,0.271,2.5825,3.5818,29.0,0.0,0.0,DATA_EXFILTRATION
7.6814,74.0,25.0,49.0,67442.15,19457.88,47984.27,8779.96,9.63,-0.423,911.38,344.17,395.13,1500.0,917.17,1041.25,0.4331,103.8,74.35,20.76,228.37,0.7162,0.0345,4.9926,3.0579,10.0,0.0,0.0,BENIGN_WEB
19.8542,56.0,18.0,38.0,49728.96,11026.74,38702.22,2504.71,2.82,-0.5565,888.02,545.38,69.94,1500.0,798.13,971.95,0.3636,354.54,615.68,70.91,779.99,1.7366,0.0381,3.687,2.2121,11.0,0.0,0.0,BENIGN_WEB
33.6774,89.0,44.0,45.0,25108.79,14502.43,10606.36,745.57,2.64,0.1552,282.12,47.9,210.27,368.35,293.62,303.51,0.4693,97.42,52.67,19.48,214.32,0.5406,0.5688,3.2386,4.3625,56.0,0.0,0.0,DOH_DATA_TUNNEL
9.4249,60.0,24.0,36.0,60431.74,11782.75,48648.99,6411.9,6.37,-0.61,1007.2,426.57,367.34,1500.0,1086.6,920.12,0.5271,157.08,270.08,31.42,345.58,1.7194,0.0839,3.6699,2.3599,9.0,0.0,0.0,BENIGN_WEB
7.1661,161.0,80.0,81.0,72368.36,50704.92,21663.44,10098.69,22.47,0.4013,449.49,58.43,361.84,554.67,387.06,390.78,0.6129,143.23,38.06,28.65,315.1,0.2658,0.7179,3.9284,4.5731,54.0,1.0,0.0,DOH_DATA_TUNNEL
28.7638,84.0,27.0,57.0,53248.3,10250.92,42997.38,1851.22,2.92,-0.615,633.91,458.84,40.0,1459.83,642.19,701.45,0.5753,342.43,299.36,68.49,753.34,0.8742,0.0325,4.1664,2.2842,18.0,0.0,0.0,BENIGN_WEB
6.2074,35.0,17.0,18.0,12344.81,7465.39,4879.42,1988.74,5.64,0.2095,352.71,45.58,284.34,434.75,364.73,391.55,0.5529,72.21,28.73,14.44,158.86,0.3979,0.555,3.8037,4.5937,56.0,0.0,0.0,DOH_DATA_TUNNEL
19.7111,557.0,492.0,65.0,738821.97,689784.43,49037.54,37482.52,28.26,0.8673,1326.43,216.21,1002.12,1500.0,1219.34,1200.05,0.3997,29.08,17.78,5.82,63.97,0.6116,0.2318,2.2055,3.6816,29.0,1.0,0.0,DATA_EXFILTRATION
26.6882,56.0,28.0,28.0,15702.55,11130.46,4572.09,588.37,2.1,0.4177,280.4,76.41,165.8,417.93,295.61,263.31,0.5083,168.5,74.39,33.7,370.7,0.4415,0.5298,3.8763,4.602,37.0,0.0,0.0,DOH_DATA_TUNNEL
47.862,1256.0,1083.0,173.0,1664930.03,1496661.75,168268.28,34786.03,26.24,0.7979,1325.58,145.73,1106.99,1500.0,1524.25,1412.73,0.2399,24.79,13.75,4.96,54.54,0.5548,0.1906,2.1512,2.9468,20.0,1.0,0.0,DATA_EXFILTRATION
20.6123,102.0,51.0,51.0,27385.1,17744.85,9640.25,1328.58,4.95,0.2959,268.48,43.26,203.59,346.36,264.81,258.65,0.5612,234.05,119.12,46.81,514.92,0.509,0.6206,3.6067,4.3682,39.0,1.0,0.0,DOH_DATA_TUNNEL
13.9327,40.0,11.0,29.0,33993.7,7079.11,26914.59,2439.85,2.87,-0.5835,849.84,424.11,213.68,1500.0,745.85,739.27,0.4094,348.32,458.58,69.66,766.3,1.3165,0.1344,4.6317,2.9212,15.0,0.0,0.0,BENIGN_WEB
29.0139,28.0,11.0,17.0,21799.15,6318.79,15480.36,751.33,0.97,-0.4203,778.54,531.41,40.0,1500.0,671.77,885.5,0.278,1036.21,1613.23,207.24,2279.66,1.5569,0.0848,5.0509,2.6564,9.0,0.0,0.0,BENIGN_WEB
24.6372,55.0,27.0,28.0,14508.61,9891.95,4616.65,588.89,2.23,0.3636,263.79,46.21,194.48,346.97,280.26,299.92,0.3508,125.86,34.23,25.17,276.9,0.272,0.5908,3.5611,4.2489,55.0,0.0,0.0,DOH_DATA_TUNNEL
22.1695,18.0,6.0,12.0,13239.74,2501.16,10738.57,597.21,0.81,-0.6222,735.54,401.72,132.96,1458.64,649.78,812.5,0.5322,1231.64,1148.16,246.33,2709.6,0.9322,0.0614,3.6353,3.0936,20.0,0.0,0.0,BENIGN_WEB
9.4672,31.0,9.0,22.0,22276.06,2496.23,19779.82,2352.96,3.27,-0.7759,718.58,496.29,40.0,1500.0,783.98,724.9,0.4552,305.39,477.51,61.08,671.87,1.5636,0.0707,3.8165,2.8725,11.0,0.0,0.0,BENIGN_WEB
6.7498,168.0,84.0,84.0,46205.79,30081.12,16124.67,6845.51,24.89,0.302,275.03,45.97,206.08,357.78,284.25,233.97,0.2176,117.78,46.35,23.56,259.12,0.3935,0.5187,3.6186,4.3963,60.0,1.0,0.0,DOH_DATA_TUNNEL
21.3716,85.0,42.0,43.0,22762.68,14437.08,8325.61,1065.09,3.98,0.2685,267.8,64.43,171.15,383.77,282.47,231.48,0.2552,148.6,65.85,29.72,326.93,0.4431,0.5943,3.2801,4.6469,51.0,0.0,0.0,DOH_DATA_TUNNEL
28.5524,72.0,36.0,36.0,33042.93,20420.74,12622.19,1157.27,2.52,0.236,458.93,39.98,398.96,530.89,522.71,399.68,0.3362,80.35,44.76,16.07,176.77,0.5571,0.4587,3.9851,4.3329,30.0,1.0,0.0,DOH_DATA_TUNNEL
16.0195,75.0,27.0,48.0,49832.33,9851.89,39980.44,3110.73,4.68,-0.6046,664.43,516.24,40.0,1500.0,661.45,722.96,0.6103,213.59,166.99,42.72,469.91,0.7818,0.0514,4.8783,2.4602,11.0,0.0,0.0,BENIGN_WEB
30.1877,1343.0,1192.0,151.0,1903525.09,1740429.04,163096.05,63056.26,44.49,0.8286,1417.37,165.22,1169.54,1500.0,1548.1,1266.7,0.3896,26.25,7.22,5.25,57.76,0.275,0.2063,2.855,3.3472,23.0,1.0,0.0,DATA_EXFILTRATION
19.8852,55.0,20.0,35.0,58265.48,12268.19,45997.3,2930.09,2.77,-0.5789,1059.37,358.89,521.04,1500.0,1195.6,946.72,0.6074,361.55,594.76,72.31,795.41,1.645,0.015,3.8538,2.3191,15.0,0.0,0.0,BENIGN_WEB
23.913,1573.0,1312.0,261.0,2117894.58,2039027.79,78866.78,88566.52,65.78,0.9255,1346.4,270.68,940.38,1500.0,1457.32,1267.28,0.6048,19.72,5.92,3.94,43.39,0.3002,0.1518,2.7914,3.7416,23.0,1.0,1.0,DATA_EXFILTRATION
17.855,22.0,8.0,14.0,19735.34,4520.65,15214.68,1105.31,1.23,-0.5419,897.06,494.4,155.46,1500.0,811.62,1000.95,0.5868,811.59,1416.9,162.32,1785.5,1.7458,0.0684,3.8064,2.6153,12.0,0.0,0.0,BENIGN_WEB
33.7759,63.0,31.0,32.0,24507.53,15753.72,8753.82,725.59,1.87,0.2856,389.01,36.09,334.87,453.97,422.05,443.48,0.5969,58.02,30.31,11.6,127.64,0.5224,0.5543,3.8463,4.3832,35.0,0.0,0.0,DOH_DATA_TUNNEL
21.1262,43.0,21.0,22.0,18257.34,11144.47,7112.87,864.2,2.04,0.2208,424.59,44.63,357.65,504.92,438.29,452.38,0.4709,114.19,47.07,22.84,251.21,0.4122,0.4599,3.315,3.9178,46.0,0.0,0.0,DOH_DATA_TUNNEL
38.3924,1373.0,1261.0,112.0,1690652.57,1586287.0,104365.57,44036.11,35.76,0.8765,1231.36,133.26,1031.47,1471.22,1123.47,1089.58,0.3401,28.22,8.45,5.64,62.07,0.2993,0.2522,2.8689,3.2164,26.0,0.0,1.0,DATA_EXFILTRATION
21.4982,81.0,32.0,49.0,84829.09,22579.22,62249.87,3945.87,3.77,-0.4677,1047.27,409.95,432.35,1500.0,912.14,1189.48,0.2258,265.41,375.52,53.08,583.9,1.4149,0.0672,4.4076,2.4747,15.0,0.0,0.0,BENIGN_WEB
17.7397,173.0,86.0,87.0,57360.72,38574.13,18786.59,3233.47,9.75,0.345,331.56,45.74,262.96,413.89,365.09,359.44,0.5215,101.87,42.0,20.37,224.12,0.4123,0.5993,3.9047,4.1528,47.0,1.0,0.0,DOH_DATA_TUNNEL
14.8598,16.0,5.0,11.0,12013.77,2366.02,9647.75,808.48,1.08,-0.6061,750.86,416.51,126.1,1500.0,645.73,783.16,0.498,928.73,833.28,185.75,2043.22,0.8972,0.1301,3.9332,2.5818,18.0,0.0,0.0,BENIGN_WEB
4.6269,72.0,22.0,50.0,50075.63,10304.26,39771.37,10822.82,15.56,-0.5885,695.49,358.66,157.5,1341.09,785.32,735.66,0.401,64.26,60.51,12.85,141.38,0.9417,0.0327,4.6662,2.625,15.0,0.0,0.0,BENIGN_WEB
35.6654,711.0,635.0,76.0,945798.19,865130.66,80667.53,26518.63,19.94,0.8294,1330.24,225.59,991.85,1500.0,1289.66,1474.37,0.373,19.64,9.93,3.93,43.22,0.5053,0.2705,2.0455,3.1709,22.0,1.0,1.0,DATA_EXFILTRATION
24.3171,29.0,9.0,20.0,28144.58,6704.32,21440.25,1157.4,1.19,-0.5236,970.5,521.22,188.67,1500.0,971.27,1052.52,0.2906,838.52,817.86,167.7,1844.74,0.9754,0.0441,4.3369,2.2873,19.0,0.0,0.0,BENIGN_WEB
8.3964,38.0,11.0,27.0,25377.69,7032.8,18344.89,3022.45,4.53,-0.4457,667.83,534.67,40.0,1500.0,733.75,697.16,0.2711,220.96,223.08,44.19,486.11,1.0096,0.1234,4.8742,2.6877,16.0,0.0,0.0,BENIGN_WEB
35.1664,1313.0,1028.0,285.0,1811228.59,1760536.3,50692.29,51504.55,37.34,0.944,1379.46,137.97,1172.51,1500.0,1210.2,1232.36,0.5693,44.24,20.12,8.85,97.33,0.4547,0.1644,2.3053,3.4759,17.0,1.0,0.0,DATA_EXFILTRATION
12.1174,130.0,65.0,65.0,35181.28,26245.98,8935.3,2903.37,10.73,0.492,270.63,39.57,211.27,341.85,297.32,234.64,0.6051,67.15,26.14,13.43,147.72,0.3892,0.7053,3.9633,4.3006,44.0,0.0,0.0,DOH_DATA_TUNNEL
25.6912,31.0,9.0,22.0,26124.86,5964.85,20160.0,1016.88,1.21,-0.5434,842.74,452.22,164.41,1500.0,754.86,727.59,0.2668,828.75,618.43,165.75,1823.25,0.7462,0.1372,3.9486,2.6369,12.0,0.0,0.0,BENIGN_WEB
24.2194,58.0,18.0,40.0,54459.97,6223.96,48236.01,2248.61,2.39,-0.7714,938.96,379.56,369.62,1500.0,838.38,930.84,0.5096,417.58,500.38,83.52,918.67,1.1983,0.1016,4.6864,2.4236,13.0,0.0,0.0,BENIGN_WEB
12.5439,375.0,335.0,40.0,475463.59,466054.73,9408.87,37903.97,29.9,0.9604,1267.9,231.9,920.06,1500.0,1315.35,1443.71,0.5332,24.83,11.49,4.97,54.63,0.4628,0.2451,2.0137,3.3796,25.0,1.0,0.0,DATA_EXFILTRATION
24.8868,97.0,48.0,49.0,41834.82,31301.01,10533.81,1681.01,3.9,0.4964,431.29,81.23,309.45,577.49,400.79,432.34,0.4074,220.57,97.42,44.11,485.26,0.4417,0.4753,3.8382,4.2632,46.0,1.0,0.0,DOH_DATA_TUNNEL
11.0705,63.0,31.0,32.0,23090.95,16871.77,6219.18,2085.81,5.69,0.4613,366.52,48.95,293.1,454.63,317.62,348.14,0.2187,161.97,51.98,32.39,356.34,0.3209,0.6321,3.1554,3.9799,32.0,0.0,0.0,DOH_DATA_TUNNEL
23.1015,130.0,65.0,65.0,51765.06,36645.02,15120.04,2240.77,5.63,0.4158,398.19,66.87,297.89,518.56,391.96,455.72,0.378,217.08,99.12,43.42,477.57,0.4566,0.6825,3.2149,4.4642,48.0,0.0,0.0,DOH_DATA_TUNNEL
23.9986,78.0,28.0,50.0,72706.66,10570.85,62135.81,3029.62,3.25,-0.7092,932.14,526.54,142.33,1500.0,1060.58,850.83,0.451,307.67,419.99,61.53,676.88,1.3651,0.0384,4.7139,2.4226,17.0,0.0,0.0,BENIGN_WEB
5.5863,63.0,17.0,46.0,48717.66,11148.11,37569.55,8720.84,11.28,-0.5423,773.3,389.13,189.61,1473.72,750.29,669.82,0.1838,88.67,116.21,17.73,195.08,1.3105,0.036,4.2379,2.9693,10.0,0.0,0.0,BENIGN_WEB
26.4559,153.0,76.0,77.0,65999.66,48798.99,17200.67,2494.71,5.78,0.4788,431.37,62.5,337.62,543.87,413.69,412.24,0.5216,83.04,36.28,16.61,182.68,0.4369,0.6694,3.7807,4.2546,46.0,0.0,0.0,DOH_DATA_TUNNEL
24.5399,68.0,34.0,34.0,26797.91,19705.13,7092.78,1092.01,2.77,0.4706,394.09,45.51,325.83,476.0,339.62,405.76,0.3143,150.1,81.64,30.02,330.22,0.5439,0.582,3.381,4.2791,38.0,0.0,0.0,DOH_DATA_TUNNEL
28.0117,1516.0,1348.0,168.0,1884641.88,1722283.89,162357.99,67280.51,54.12,0.8277,1243.17,188.14,960.95,1500.0,1252.47,1116.38,0.5431,19.69,6.3,3.94,43.32,0.3201,0.1331,2.762,3.4624,22.0,1.0,1.0,DATA_EXFILTRATION
21.0774,101.0,50.0,51.0,38165.47,22873.62,15291.85,1810.73,4.79,0.1987,377.88,81.79,255.19,525.1,368.55,382.1,0.4178,154.38,71.71,30.88,339.63,0.4645,0.6955,3.7705,4.5263,60.0,1.0,0.0,DOH_DATA_TUNNEL
16.4195,36.0,18.0,18.0,13382.01,8941.93,4440.08,815.0,2.19,0.3364,371.72,60.8,280.53,481.16,350.49,343.12,0.199,176.12,48.88,35.22,387.47,0.2775,0.55,3.8441,4.5013,61.0,0.0,0.0,DOH_DATA_TUNNEL
22.4957,165.0,82.0,83.0,43184.57,27687.9,15496.67,1919.68,7.33,0.2823,261.72,52.93,182.34,356.99,247.12,278.0,0.5155,118.55,61.77,23.71,260.81,0.521,0.5626,4.0993,4.621,52.0,0.0,0.0,DOH_DATA_TUNNEL
39.4,954.0,754.0,200.0,1283521.35,1177863.43,105657.93,32576.69,24.21,0.8354,1345.41,158.83,1107.16,1500.0,1364.95,1482.09,0.3924,47.94,28.19,9.59,105.47,0.5881,0.1239,2.8869,3.137,19.0,1.0,1.0,DATA_EXFILTRATION
13.3518,27.0,8.0,19.0,26718.38,7397.39,19320.99,2001.11,2.02,-0.4463,989.57,412.87,370.26,1500.0,922.76,922.8,0.3396,494.51,395.03,98.9,1087.93,0.7988,0.1373,4.9042,2.2381,19.0,0.0,0.0,BENIGN_WEB
25.7285,46.0,18.0,28.0,28700.43,6790.11,21910.32,1115.51,1.79,-0.5268,623.92,531.44,40.0,1500.0,690.81,715.03,0.3926,559.31,689.63,111.86,1230.49,1.233,0.0991,4.6425,2.9427,15.0,0.0,0.0,BENIGN_WEB
29.0816,45.0,17.0,28.0,47629.56,12251.09,35378.47,1637.79,1.55,-0.4856,1058.43,460.4,367.83,1500.0,1095.66,912.79,0.3506,646.26,692.99,129.25,1421.77,1.0723,0.063,4.0136,2.6574,19.0,0.0,0.0,BENIGN_WEB
32.3826,82.0,41.0,41.0,34465.86,21910.58,12555.28,1064.33,2.53,0.2714,420.32,66.76,320.18,540.47,453.09,478.35,0.3009,204.86,76.93,40.97,450.69,0.3755,0.4881,3.5457,4.6463,60.0,0.0,0.0,DOH_DATA_TUNNEL
17.8868,17.0,4.0,13.0,16187.59,2233.18,13954.41,905.0,0.95,-0.7241,952.21,379.66,382.73,1500.0,881.24,880.26,0.3969,1052.17,1721.84,210.43,2314.77,1.6365,0.1187,3.886,2.8043,11.0,0.0,0.0,BENIGN_WEB
30.3322,128.0,64.0,64.0,43551.96,30515.23,13036.72,1435.83,4.22,0.4013,340.25,47.3,269.31,425.38,359.81,346.68,0.3188,192.73,43.83,38.55,424.01,0.2274,0.7083,3.9665,3.9147,39.0,0.0,0.0,DOH_DATA_TUNNEL
20.9311,146.0,73.0,73.0,61497.36,44588.59,16908.77,2938.09,6.98,0.4501,421.21,44.01,355.2,500.44,416.47,363.86,0.5827,144.38,32.75,28.88,317.63,0.2268,0.5394,3.2956,3.9394,50.0,1.0,0.0,DOH_DATA_TUNNEL
19.8177,304.0,266.0,38.0,416740.09,389828.93,26911.16,21028.73,15.34,0.8708,1370.86,170.41,1115.24,1500.0,1383.14,1464.1,0.5856,36.12,14.82,7.22,79.47,0.4103,0.1714,2.8063,3.7857,21.0,1.0,0.0,DATA_EXFILTRATION
5.8858,38.0,12.0,26.0,33395.85,8783.23,24612.62,5673.97,6.46,-0.474,878.84,435.6,225.44,1500.0,759.15,904.33,0.2379,154.89,114.98,30.98,340.76,0.7423,0.0827,4.1069,2.1431,12.0,0.0,0.0,BENIGN_WEB
18.1877,57.0,20.0,37.0,54325.61,15554.17,38771.44,2986.95,3.13,-0.4274,953.08,394.78,360.9,1500.0,1003.1,1026.92,0.5571,319.08,434.27,63.82,701.98,1.361,0.0228,3.6925,2.9748,8.0,0.0,0.0,BENIGN_WEB
29.3126,59.0,29.0,30.0,17266.81,10209.63,7057.18,589.06,2.01,0.1826,292.66,78.35,175.13,433.69,266.69,282.72,0.4855,159.24,67.86,31.85,350.34,0.4261,0.4251,3.2865,4.2209,52.0,1.0,0.0,DOH_DATA_TUNNEL
33.5279,145.0,72.0,73.0,42329.7,24758.84,17570.87,1262.52,4.32,0.1698,291.93,54.32,210.45,389.71,279.84,317.18,0.6017,141.21,53.81,28.24,310.66,0.3811,0.4979,3.9418,4.6383,45.0,1.0,0.0,DOH_DATA_TUNNEL
35.233,85.0,42.0,43.0,28734.75,18933.67,9801.08,815.56,2.41,0.3178,338.06,65.68,239.54,456.27,331.59,333.34,0.2867,206.16,53.43,41.23,453.56,0.2592,0.4675,3.4631,4.305,32.0,1.0,0.0,DOH_DATA_TUNNEL
16.0763,21.0,7.0,14.0,18561.82,3868.81,14693.01,1154.61,1.31,-0.5831,883.9,504.94,126.49,1500.0,896.81,901.98,0.3558,765.54,584.34,153.11,1684.19,0.7633,0.1319,3.9991,2.5772,10.0,0.0,0.0,BENIGN_WEB
2.5542,70.0,26.0,44.0,73912.55,21046.39,52866.17,28937.71,27.41,-0.4305,1055.89,429.8,411.19,1500.0,1073.95,1004.23,0.2086,36.49,37.08,7.3,80.27,1.0161,0.0631,4.1114,3.0461,8.0,0.0,0.0,BENIGN_WEB
9.0962,56.0,21.0,35.0,45975.5,11735.68,34239.82,5054.38,6.16,-0.4895,820.99,366.78,270.82,1481.2,895.22,739.6,0.3529,162.43,228.5,32.49,357.35,1.4067,0.0708,4.4888,2.4831,13.0,0.0,0.0,BENIGN_WEB
19.1402,105.0,52.0,53.0,40066.1,24946.89,15119.2,2093.29,5.49,0.2453,381.58,69.38,277.52,506.46,358.16,377.43,0.24,212.56,50.44,42.51,467.64,0.2373,0.508,3.647,4.3073,52.0,0.0,0.0,DOH_DATA_TUNNEL
22.6885,154.0,77.0,77.0,63555.55,46490.7,17064.85,2801.23,6.79,0.463,412.7,46.63,342.76,496.63,427.71,359.53,0.3764,153.72,46.16,30.74,338.19,0.3003,0.4847,3.4698,3.8607,56.0,1.0,0.0,DOH_DATA_TUNNEL
23.0482,52.0,15.0,37.0,55787.64,12992.94,42794.7,2420.48,2.26,-0.5342,1072.84,504.33,316.35,1500.0,1048.34,1038.3,0.5876,443.23,312.62,88.65,975.11,0.7053,0.0213,3.9174,2.2317,9.0,0.0,0.0,BENIGN_WEB
27.5804,179.0,89.0,90.0,44865.44,25810.85,19054.58,1626.71,6.49,0.1506,250.64,69.78,145.98,376.24,267.38,279.31,0.2191,114.76,35.2,22.95,252.47,0.3068,0.5488,3.9999,4.6024,53.0,0.0,0.0,DOH_DATA_TUNNEL
7.1877,79.0,29.0,50.0,59135.8,16713.18,42422.62,8227.39,10.99,-0.4348,748.55,487.66,40.0,1500.0,661.14,667.95,0.4193,90.98,138.75,18.2,200.16,1.525,0.1126,4.7368,3.0574,21.0,0.0,0.0,BENIGN_WEB
4.8879,75.0,23.0,52.0,57691.64,10305.0,47386.63,11803.06,15.34,-0.6428,769.22,560.0,40.0,1500.0,705.63,738.32,0.5463,65.17,65.16,13.03,143.38,0.9998,0.0441,3.7167,2.1519,20.0,0.0,0.0,BENIGN_WEB
20.923,21.0,7.0,14.0,16301.56,3882.72,12418.84,779.12,1.0,-0.5236,776.26,400.29,175.83,1496.79,866.01,864.48,0.3172,996.33,1468.62,199.27,2191.93,1.474,0.065,3.8959,3.0644,12.0,0.0,0.0,BENIGN_WEB
34.9287,147.0,73.0,74.0,58486.44,40385.54,18100.9,1674.45,4.21,0.381,397.87,81.5,275.62,544.57,370.99,441.37,0.2842,147.78,84.89,29.56,325.12,0.5745,0.6941,3.6462,4.621,48.0,0.0,0.0,DOH_DATA_TUNNEL
26.668,1001.0,871.0,130.0,1324872.36,1291066.9,33805.46,49680.26,37.54,0.949,1323.55,177.96,1056.61,1500.0,1366.77,1167.21,0.5623,26.29,16.49,5.26,57.85,0.6272,0.1213,2.5236,3.3958,16.0,1.0,1.0,DATA_EXFILTRATION
21.6057,144.0,72.0,72.0,38417.64,23769.03,14648.61,1778.13,6.66,0.2374,266.79,66.49,167.05,386.47,228.48,237.64,0.2015,152.59,59.35,30.52,335.7,0.389,0.6096,3.3163,4.3438,58.0,0.0,0.0,DOH_DATA_TUNNEL
18.3711,42.0,15.0,27.0,37337.73,3803.39,33534.34,2032.42,2.29,-0.7963,888.99,538.5,81.24,1500.0,757.35,946.31,0.543,437.41,498.81,87.48,962.29,1.1404,0.0745,5.0646,2.4565,8.0,0.0,0.0,BENIGN_WEB
19.9355,102.0,51.0,51.0,30065.03,21947.71,8117.32,1508.12,5.12,0.46,294.76,35.7,241.21,359.01,260.97,296.05,0.422,107.71,50.67,21.54,236.96,0.4704,0.5481,3.7869,4.0764,41.0,1.0,0.0,DOH_DATA_TUNNEL
17.8766,101.0,50.0,51.0,40351.87,28132.92,12218.95,2257.25,5.65,0.3944,399.52,37.64,343.06,467.28,422.32,433.13,0.5286,70.33,17.82,14.07,154.72,0.2533,0.7122,3.7861,3.9369,45.0,0.0,0.0,DOH_DATA_TUNNEL
38.6066,162.0,81.0,81.0,53990.78,38489.01,15501.77,1398.49,4.2,0.4258,333.28,74.5,221.52,467.38,332.57,380.58,0.5404,197.58,85.45,39.52,434.68,0.4325,0.5368,3.8756,4.4766,37.0,1.0,0.0,DOH_DATA_TUNNEL
13.3941,144.0,72.0,72.0,36686.47,20970.48,15715.99,2739.0,10.75,0.1432,254.77,72.57,145.91,385.39,286.72,256.44,0.5489,101.48,24.47,20.3,223.26,0.2411,0.6012,3.32,4.0584,46.0,0.0,0.0,DOH_DATA_TUNNEL
43.4907,346.0,309.0,37.0,433553.08,425272.9,8280.18,9968.87,7.96,0.9618,1253.04,213.91,932.19,1500.0,1346.09,1320.33,0.5179,26.8,16.09,5.36,58.97,0.6004,0.1289,2.1648,3.8154,29.0,1.0,0.0,DATA_EXFILTRATION
20.9697,30.0,12.0,18.0,28109.34,7358.27,20751.07,1340.48,1.43,-0.4765,936.98,464.15,240.76,1500.0,991.74,801.74,0.245,698.99,872.31,139.8,1537.77,1.248,0.0591,4.4571,2.7652,19.0,0.0,0.0,BENIGN_WEB
32.8145,155.0,77.0,78.0,44284.37,26711.99,17572.38,1349.54,4.72,0.2064,285.71,80.93,164.31,431.38,322.94,266.49,0.2116,69.77,33.59,13.95,153.5,0.4814,0.4244,4.0882,4.4188,40.0,1.0,0.0,DOH_DATA_TUNNEL
25.0865,58.0,29.0,29.0,16907.91,11752.87,5155.04,673.98,2.31,0.3902,291.52,54.04,210.45,388.79,256.12,317.66,0.5202,167.22,60.98,33.44,367.87,0.3647,0.5426,3.2159,4.3633,59.0,0.0,0.0,DOH_DATA_TUNNEL
23.4291,23.0,9.0,14.0,24220.0,3581.38,20638.62,1033.76,0.98,-0.7043,1053.04,522.79,268.86,1500.0,949.83,1143.46,0.612,1018.65,927.58,203.73,2241.04,0.9106,0.0913,3.6148,2.4626,10.0,0.0,0.0,BENIGN_WEB
16.9918,1313.0,1084.0,229.0,1646251.06,1540256.74,105994.31,96884.9,77.27,0.8712,1253.81,162.67,1009.8,1500.0,1214.96,1115.75,0.5743,34.71,17.99,6.94,76.37,0.5182,0.1831,2.1704,3.4653,22.0,0.0,0.0,DATA_EXFILTRATION
16.1608,117.0,58.0,59.0,35003.84,26344.94,8658.89,2165.97,7.24,0.5053,299.18,67.37,198.12,420.45,340.86,283.13,0.2001,84.51,47.34,16.9,185.93,0.5601,0.6178,3.8948,3.9883,37.0,1.0,0.0,DOH_DATA_TUNNEL
5.3054,84.0,35.0,49.0,60527.1,14629.75,45897.35,11408.61,15.83,-0.5166,720.56,471.05,40.0,1500.0,675.67,666.48,0.3153,63.16,87.14,12.63,138.95,1.3796,0.0389,4.0359,2.5578,11.0,0.0,0.0,BENIGN_WEB
19.5681,21.0,8.0,13.0,15161.25,2208.9,12952.35,774.8,1.07,-0.7086,721.96,336.69,216.93,1328.01,745.27,630.6,0.5851,931.81,1029.76,186.36,2049.99,1.1051,0.092,4.5152,2.3455,14.0,0.0,0.0,BENIGN_WEB
40.5953,41.0,20.0,21.0,14579.91,8929.36,5650.55,359.15,1.01,0.2249,355.61,36.65,300.63,421.58,329.14,320.79,0.5468,108.29,44.73,21.66,238.25,0.413,0.4347,3.9875,3.8674,59.0,0.0,0.0,DOH_DATA_TUNNEL
3.3639,29.0,10.0,19.0,24055.47,2332.81,21722.67,7151.05,8.62,-0.806,829.5,539.19,40.0,1500.0,752.98,928.15,0.5059,116.0,100.75,23.2,255.19,0.8686,0.0616,3.8831,2.5867,21.0,0.0,0.0,BENIGN_WEB
31.9316,1118.0,945.0,173.0,1505034.16,1464591.45,40442.71,47133.02,35.01,0.9463,1346.18,194.25,1054.81,1500.0,1231.83,1275.45,0.5568,39.33,11.57,7.87,86.52,0.2943,0.204,2.5098,3.1376,22.0,1.0,0.0,DATA_EXFILTRATION
31.0362,36.0,10.0,26.0,38158.88,10666.01,27492.87,1229.5,1.16,-0.441,1059.97,358.77,521.81,1500.0,1151.49,1077.01,0.4488,862.12,609.67,172.42,1896.66,0.7072,0.0182,4.261,2.7505,14.0,0.0,0.0,BENIGN_WEB
44.431,272.0,233.0,39.0,335629.43,325464.24,10165.19,7553.94,6.12,0.9394,1233.93,268.74,830.82,1500.0,1310.4,1418.68,0.186,26.33,8.09,5.27,57.93,0.3074,0.1971,2.1764,3.2969,14.0,1.0,0.0,DATA_EXFILTRATION
38.161,123.0,61.0,62.0,43741.62,33191.5,10550.12,1146.24,3.22,0.5176,355.62,54.58,273.75,453.87,373.04,316.65,0.524,160.65,83.27,32.13,353.43,0.5183,0.4743,3.3128,3.9809,41.0,0.0,0.0,DOH_DATA_TUNNEL
40.0176,1540.0,1231.0,309.0,2049625.07,1881668.7,167956.37,51218.09,38.48,0.8361,1330.93,114.52,1159.15,1500.0,1262.26,1356.95,0.4824,38.34,15.34,7.67,84.36,0.4001,0.1729,1.948,3.5304,21.0,0.0,0.0,DATA_EXFILTRATION
8.918,117.0,58.0,59.0,36450.97,21807.05,14643.92,4087.34,13.12,0.1965,311.55,42.99,247.06,388.93,276.92,266.73,0.5245,92.17,30.3,18.43,202.77,0.3288,0.5061,3.8103,4.0131,44.0,1.0,0.0,DOH_DATA_TUNNEL
7.8289,138.0,69.0,69.0,57096.15,41586.72,15509.43,7292.96,17.63,0.4567,413.74,56.99,328.26,516.32,399.91,464.71,0.5038,150.24,72.95,30.05,330.52,0.4856,0.5289,3.3821,4.3473,38.0,0.0,0.0,DOH_DATA_TUNNEL
38.5537,144.0,72.0,72.0,52372.62,34741.38,17631.24,1358.43,3.74,0.3267,363.7,69.54,259.39,488.86,317.02,415.06,0.6148,238.09,136.9,47.62,523.79,0.575,0.5621,3.7782,4.1102,59.0,0.0,0.0,DOH_DATA_TUNNEL
25.6763,468.0,416.0,52.0,603123.96,573938.53,29185.43,23489.48,18.23,0.9032,1288.73,196.0,994.72,1500.0,1480.29,1456.06,0.2097,41.98,24.38,8.4,92.36,0.5806,0.199,2.7138,2.9708,23.0,0.0,0.0,DATA_EXFILTRATION
16.2637,158.0,79.0,79.0,72297.32,48454.45,23842.87,4445.31,9.71,0.3404,457.58,50.67,381.57,548.79,475.8,417.02,0.4406,162.71,58.24,32.54,357.96,0.3579,0.4301,3.8458,3.959,33.0,0.0,0.0,DOH_DATA_TUNNEL
18.2161,66.0,33.0,33.0,20549.62,13889.31,6660.31,1128.1,3.62,0.3518,311.36,38.62,253.43,380.87,356.14,356.17,0.3544,51.19,14.63,10.24,112.62,0.2858,0.4369,3.736,4.5832,44.0,0.0,0.0,DOH_DATA_TUNNEL
14.3996,168.0,84.0,84.0,58412.72,38188.16,20224.56,4056.55,11.67,0.3075,347.69,71.14,240.98,475.75,383.43,301.96,0.3421,92.36,21.19,18.47,203.18,0.2294,0.4309,3.6046,3.904,31.0,0.0,0.0,DOH_DATA_TUNNEL
19.3068,56.0,17.0,39.0,39479.35,6755.67,32723.68,2044.85,2.9,-0.6578,704.99,567.83,40.0,1500.0,724.96,767.86,0.5996,344.76,505.06,68.95,758.48,1.4649,0.0199,4.5125,2.8302,9.0,0.0,0.0,BENIGN_WEB
31.8051,39.0,12.0,27.0,37434.32,6975.76,30458.57,1176.99,1.23,-0.6273,959.85,421.24,328.0,1500.0,1095.32,903.95,0.2788,815.51,609.55,163.1,1794.13,0.7474,0.0874,3.6966,2.3044,11.0,0.0,0.0,BENIGN_WEB
20.5133,46.0,13.0,33.0,30737.66,7804.73,22932.93,1498.42,2.24,-0.4922,668.21,572.09,40.0,1500.0,620.36,648.43,0.4729,445.94,692.93,89.19,981.07,1.5539,0.0444,5.0721,2.9325,19.0,0.0,0.0,BENIGN_WEB
51.4968,1184.0,925.0,259.0,1640394.71,1513438.73,126955.98,31854.27,22.99,0.8452,1385.47,136.41,1180.85,1500.0,1326.29,1408.63,0.3627,16.05,4.7,3.21,35.3,0.2929,0.2195,2.2174,3.7107,20.0,1.0,1.0,DATA_EXFILTRATION
10.894,50.0,17.0,33.0,37583.12,7763.99,29819.13,3449.9,4.59,-0.5868,751.66,320.29,271.22,1328.19,661.67,646.99,0.3664,217.88,195.24,43.58,479.33,0.8961,0.016,4.5497,2.1602,16.0,0.0,0.0,BENIGN_WEB
16.6424,66.0,33.0,33.0,17557.91,11954.76,5603.14,1055.01,3.97,0.3618,266.03,47.64,194.57,351.79,276.29,254.62,0.5683,133.86,56.06,26.77,294.48,0.4188,0.4918,3.2789,4.0433,42.0,0.0,0.0,DOH_DATA_TUNNEL
40.4774,89.0,44.0,45.0,22613.95,13617.44,8996.51,558.68,2.2,0.2043,254.09,36.65,199.12,320.05,231.37,280.9,0.5917,226.69,62.34,45.34,498.72,0.275,0.5219,3.4217,4.4853,41.0,0.0,0.0,DOH_DATA_TUNNEL
13.4561,1062.0,974.0,88.0,1498920.47,1426609.17,72311.29,111393.47,78.92,0.9035,1411.41,221.19,1079.63,1500.0,1618.27,1436.93,0.5064,19.65,4.98,3.93,43.22,0.2533,0.2224,2.7029,3.2251,27.0,1.0,0.0,DATA_EXFILTRATION
28.183,81.0,33.0,48.0,71755.36,10581.68,61173.68,2546.05,2.87,-0.7051,885.87,341.11,374.2,1499.88,817.25,846.95,0.2324,347.94,267.45,69.59,765.46,0.7687,0.0992,4.315,2.9134,19.0,0.0,0.0,BENIGN_WEB
10.2988,178.0,89.0,89.0,78661.21,45206.63,33454.58,7637.89,17.28,0.1494,441.92,79.93,322.01,585.8,433.25,419.54,0.3604,115.65,56.24,23.13,254.42,0.4863,0.4911,3.7988,4.3556,41.0,0.0,0.0,DOH_DATA_TUNNEL
10.1617,53.0,26.0,27.0,23120.16,14005.33,9114.83,2275.22,5.22,0.2115,436.23,41.24,374.36,510.47,403.52,490.24,0.2113,235.95,134.22,47.19,519.09,0.5688,0.5125,3.7709,3.8846,59.0,0.0,0.0,DOH_DATA_TUNNEL
29.7316,69.0,20.0,49.0,56079.87,14581.8,41498.06,1886.2,2.32,-0.48,812.75,500.26,62.36,1500.0,725.63,731.05,0.5744,430.89,424.94,86.18,947.97,0.9862,0.0469,5.036,2.3823,21.0,0.0,0.0,BENIGN_WEB
9.3763,158.0,79.0,79.0,50414.51,35141.66,15272.85,5376.81,16.85,0.3941,319.08,75.91,205.21,455.72,281.43,296.53,0.3342,233.9,124.67,46.78,514.58,0.533,0.6241,3.8938,4.2451,58.0,0.0,0.0,DOH_DATA_TUNNEL
16.5304,61.0,22.0,39.0,60447.06,10601.14,49845.92,3656.72,3.69,-0.6492,990.94,450.59,315.06,1500.0,973.85,970.11,0.5857,270.99,467.71,54.2,596.18,1.7259,0.133,3.69,2.1872,15.0,0.0,0.0,BENIGN_WEB
19.0064,65.0,20.0,45.0,67846.45,15228.67,52617.78,3569.67,3.42,-0.5511,1043.79,462.05,350.72,1500.0,907.61,945.16,0.3678,292.41,292.92,58.48,643.29,1.0017,0.1047,3.7506,2.2886,14.0,0.0,0.0,BENIGN_WEB
10.6589,44.0,14.0,30.0,43920.79,10527.16,33393.63,4120.56,4.13,-0.5206,998.2,432.55,349.37,1500.0,1025.33,1107.65,0.2812,242.25,377.25,48.45,532.95,1.5573,0.0124,4.4216,3.0449,16.0,0.0,0.0,BENIGN_WEB
8.5941,178.0,89.0,89.0,61296.01,45609.02,15686.99,7132.34,20.71,0.4882,344.36,44.82,277.13,425.03,339.48,346.34,0.5669,46.26,22.39,9.25,101.77,0.4841,0.4899,3.1531,4.1491,38.0,1.0,0.0,DOH_DATA_TUNNEL
13.6286,42.0,15.0,27.0,35679.2,9067.89,26611.31,2617.96,3.08,-0.4917,849.5,486.23,120.16,1500.0,802.3,876.54,0.5585,324.49,285.32,64.9,713.88,0.8793,0.0527,3.8752,2.9763,9.0,0.0,0.0,BENIGN_WEB
24.1475,82.0,41.0,41.0,37246.77,28046.44,9200.33,1542.47,3.4,0.506,454.23,72.13,346.04,584.05,397.09,468.85,0.5552,84.56,31.77,16.91,186.03,0.3757,0.5666,3.7867,4.071,31.0,0.0,0.0,DOH_DATA_TUNNEL
25.3726,51.0,19.0,32.0,32383.38,3278.4,29104.98,1276.31,2.01,-0.7975,634.97,506.01,40.0,1500.0,625.85,640.77,0.5901,497.5,868.54,99.5,1094.5,1.7458,0.0774,4.4177,2.1652,9.0,0.0,0.0,BENIGN_WEB
51.7854,1349.0,1232.0,117.0,1812898.9,1672484.68,140414.22,35007.93,26.05,0.8451,1343.88,110.99,1177.4,1500.0,1170.26,1163.34,0.2367,34.31,18.18,6.86,75.48,0.53,0.1282,2.2648,3.5737,20.0,1.0,0.0,DATA_EXFILTRATION
1.9532,27.0,11.0,16.0,20267.52,3014.37,17253.15,10376.59,13.82,-0.7025,750.65,445.79,81.97,1500.0,705.21,758.41,0.5324,72.34,70.69,14.47,159.15,0.9772,0.0391,4.9339,2.2874,11.0,0.0,0.0,BENIGN_WEB
22.0776,1002.0,852.0,150.0,1374755.63,1310264.68,64490.94,62269.23,45.39,0.9062,1372.01,203.76,1066.37,1500.0,1331.25,1558.26,0.2272,45.1,24.83,9.02,99.23,0.5504,0.201,2.6591,3.5356,19.0,0.0,0.0,DATA_EXFILTRATION
2.9701,50.0,15.0,35.0,41948.62,8414.97,33533.65,14123.71,16.83,-0.5988,838.97,437.83,182.23,1500.0,893.25,877.03,0.4384,59.4,75.3,11.88,130.68,1.2676,0.0457,3.9902,2.9749,8.0,0.0,0.0,BENIGN_WEB
40.5005,104.0,52.0,52.0,30085.58,18569.42,11516.16,742.85,2.57,0.2344,289.28,74.03,178.23,422.54,259.61,294.5,0.4347,198.4,78.5,39.68,436.47,0.3957,0.5731,3.2334,4.0732,49.0,0.0,0.0,DOH_DATA_TUNNEL
30.3424,38.0,11.0,27.0,33675.24,6211.64,27463.6,1109.84,1.25,-0.6311,886.19,340.4,375.58,1498.92,1010.63,989.54,0.2064,798.48,1062.61,159.7,1756.66,1.3308,0.1333,4.37,2.6428,13.0,0.0,0.0,BENIGN_WEB
9.7648,113.0,56.0,57.0,29782.52,18271.58,11510.94,3050.0,11.57,0.227,263.56,64.2,167.26,379.12,280.76,282.86,0.2153,185.96,71.49,37.19,409.11,0.3845,0.497,3.6661,4.5754,48.0,1.0,0.0,DOH_DATA_TUNNEL
41.1421,74.0,37.0,37.0,27903.66,18709.85,9193.81,678.23,1.8,0.341,377.08,75.75,263.46,513.42,336.49,359.43,0.3089,162.67,53.78,32.53,357.88,0.3306,0.6188,4.0807,4.6377,56.0,0.0,0.0,DOH_DATA_TUNNEL
9.2041,15.0,5.0,10.0,11055.05,2497.7,8557.35,1201.1,1.63,-0.5481,737.0,500.78,40.0,1500.0,824.94,649.18,0.349,613.61,787.81,122.72,1349.94,1.2839,0.068,4.878,2.5195,16.0,0.0,0.0,BENIGN_WEB
26.8536,51.0,19.0,32.0,33774.24,6670.48,27103.76,1257.72,1.9,-0.605,662.24,344.12,146.07,1281.65,642.41,569.07,0.348,526.54,438.74,105.31,1158.39,0.8332,0.0347,4.0212,2.7973,16.0,0.0,0.0,BENIGN_WEB
31.0779,37.0,11.0,26.0,24234.22,4643.29,19590.94,779.79,1.19,-0.6168,654.98,523.7,40.0,1500.0,625.31,731.62,0.4883,839.94,629.46,167.99,1847.88,0.7494,0.0199,4.5736,2.4657,14.0,0.0,0.0,BENIGN_WEB
23.3751,26.0,9.0,17.0,18346.29,2101.02,16245.27,784.86,1.11,-0.771,705.63,417.39,79.55,1456.92,674.57,777.02,0.4277,899.04,1371.1,179.81,1977.89,1.5251,0.1068,4.6132,2.8248,20.0,0.0,0.0,BENIGN_WEB
6.8491,70.0,23.0,47.0,68509.15,15355.17,53153.97,10002.7,10.22,-0.5517,978.7,570.27,123.3,1500.0,1121.34,1091.99,0.5342,97.84,167.74,19.57,215.26,1.7144,0.0926,4.4924,2.3194,17.0,0.0,0.0,BENIGN_WEB
37.9195,1400.0,1149.0,251.0,1842703.04,1729985.12,112717.92,48595.08,36.92,0.8777,1316.22,266.85,915.94,1500.0,1436.25,1292.2,0.2372,9.52,2.1,1.9,20.95,0.2207,0.1751,2.5863,3.2369,23.0,1.0,0.0,DATA_EXFILTRATION
13.235,70.0,23.0,47.0,58871.5,9416.96,49454.54,4448.17,5.29,-0.6801,841.02,572.22,40.0,1500.0,809.08,959.08,0.1842,189.07,169.71,37.81,415.96,0.8976,0.0813,4.9939,2.1267,21.0,0.0,0.0,BENIGN_WEB
12.6757,21.0,8.0,13.0,13709.93,1797.95,11911.98,1081.59,1.66,-0.7377,652.85,460.23,40.0,1481.28,570.58,663.15,0.6019,603.61,721.15,120.72,1327.93,1.1947,0.0578,3.9833,2.6819,10.0,0.0,0.0,BENIGN_WEB
5.7768,57.0,16.0,41.0,38111.45,8417.78,29693.68,6597.3,9.87,-0.5583,668.62,329.36,174.59,1261.46,644.02,646.54,0.4193,101.35,131.4,20.27,222.97,1.2965,0.0966,4.2087,2.6532,16.0,0.0,0.0,BENIGN_WEB
24.695,109.0,54.0,55.0,28620.72,21052.97,7567.75,1158.97,4.41,0.4712,262.58,59.98,172.61,370.53,285.38,282.93,0.2672,180.1,99.11,36.02,396.21,0.5503,0.6648,3.1626,3.8786,41.0,0.0,0.0,DOH_DATA_TUNNEL
8.2722,66.0,33.0,33.0,25610.73,15950.98,9659.74,3096.0,7.98,0.2456,388.04,82.85,263.77,537.17,419.47,347.0,0.5403,211.37,109.23,42.27,465.01,0.5168,0.5135,3.2261,4.0652,38.0,1.0,0.0,DOH_DATA_TUNNEL
20.1028,141.0,70.0,71.0,51976.97,34282.09,17694.88,2585.56,7.01,0.3191,368.63,50.05,293.55,458.73,326.84,332.27,0.2259,194.45,109.62,38.89,427.78,0.5637,0.7176,4.0388,4.22,41.0,0.0,0.0,DOH_DATA_TUNNEL
27.1456,153.0,76.0,77.0,59157.43,33280.19,25877.24,2179.27,5.64,0.1251,386.65,61.8,293.95,497.89,401.21,427.75,0.2863,201.94,74.89,40.39,444.26,0.3708,0.4234,3.4675,4.5529,40.0,0.0,0.0,DOH_DATA_TUNNEL
41.3288,688.0,577.0,111.0,852520.89,785706.29,66814.6,20627.79,16.65,0.8433,1239.13,164.42,992.5,1500.0,1171.68,1108.33,0.2055,11.18,5.89,2.24,24.59,0.5273,0.1435,2.6076,3.1008,29.0,0.0,0.0,DATA_EXFILTRATION
15.7471,89.0,44.0,45.0,28652.69,17605.34,11047.35,1819.55,5.65,0.2289,321.94,78.37,204.39,463.0,346.61,359.12,0.599,62.31,27.36,12.46,137.09,0.4391,0.4904,3.9455,3.9464,38.0,0.0,0.0,DOH_DATA_TUNNEL
14.0677,58.0,20.0,38.0,44707.06,6836.24,37870.82,3178.0,4.12,-0.6942,770.81,437.41,114.69,1500.0,675.01,733.59,0.5179,242.55,353.37,48.51,533.6,1.4569,0.0571,4.2123,2.3864,18.0,0.0,0.0,BENIGN_WEB
39.3499,1131.0,1009.0,122.0,1592827.71,1505053.41,87774.3,40478.6,28.74,0.8898,1408.34,182.76,1134.2,1500.0,1558.53,1547.72,0.5717,15.26,5.9,3.05,33.58,0.3866,0.2519,2.3319,3.6184,21.0,0.0,0.0,DATA_EXFILTRATION
27.5201,165.0,82.0,83.0,47228.14,31147.86,16080.28,1716.13,6.0,0.319,286.23,51.43,209.09,378.8,315.15,265.37,0.5058,197.29,106.14,39.46,434.04,0.538,0.5228,3.745,3.9691,42.0,0.0,0.0,DOH_DATA_TUNNEL
16.3428,49.0,14.0,35.0,36703.68,8550.24,28153.44,2245.86,3.0,-0.5341,749.05,507.5,40.0,1500.0,843.81,770.84,0.5912,333.53,326.05,66.71,733.76,0.9776,0.1157,4.4487,2.4338,15.0,0.0,0.0,BENIGN_WEB
15.9004,114.0,57.0,57.0,36275.98,25838.52,10437.46,2281.45,7.17,0.4246,318.21,36.56,263.36,384.03,347.82,284.75,0.2693,92.46,33.55,18.49,203.42,0.3628,0.518,3.905,4.3065,50.0,0.0,0.0,DOH_DATA_TUNNEL
40.3163,101.0,50.0,51.0,25951.21,19549.16,6402.05,643.69,2.51,0.5066,256.94,66.59,157.06,376.8,283.05,290.31,0.4533,218.63,88.28,43.73,480.99,0.4038,0.6726,3.1417,4.1632,53.0,1.0,0.0,DOH_DATA_TUNNEL
29.3917,832.0,650.0,182.0,1104352.1,1085283.44,19068.66,37573.63,28.31,0.9655,1327.35,158.73,1089.26,1500.0,1338.12,1353.2,0.3149,18.13,7.72,3.63,39.89,0.4255,0.2701,2.5677,3.593,22.0,0.0,0.0,DATA_EXFILTRATION
12.1537,986.0,811.0,175.0,1215785.57,1163835.73,51949.84,100034.43,81.13,0.9145,1233.05,116.66,1058.05,1443.04,1284.7,1387.13,0.4547,24.6,7.55,4.92,54.12,0.3069,0.1978,2.8937,3.5212,21.0,1.0,0.0,DATA_EXFILTRATION
21.2149,60.0,20.0,40.0,44651.33,10293.71,34357.62,2104.72,2.83,-0.5389,744.19,517.17,40.0,1500.0,733.05,843.85,0.2951,353.58,265.95,70.72,777.88,0.7522,0.0644,5.0725,2.9974,19.0,0.0,0.0,BENIGN_WEB
33.5774,65.0,32.0,33.0,15314.24,10104.55,5209.69,456.09,1.94,0.3196,235.6,42.51,171.84,312.13,250.92,210.69,0.2295,125.07,45.58,25.01,275.15,0.3644,0.5558,3.4202,4.495,31.0,1.0,0.0,DOH_DATA_TUNNEL
28.0105,82.0,25.0,57.0,56730.82,5158.72,51572.1,2025.34,2.93,-0.8181,691.84,338.38,184.27,1300.93,721.19,782.95,0.4987,341.59,552.88,68.32,751.5,1.6186,0.1229,3.8429,2.868,20.0,0.0,0.0,BENIGN_WEB
36.4344,98.0,49.0,49.0,41204.09,23884.06,17320.03,1130.91,2.69,0.1593,420.45,83.1,295.8,570.03,369.69,450.62,0.4314,168.02,50.95,33.6,369.64,0.3032,0.4958,3.4075,4.0113,51.0,1.0,0.0,DOH_DATA_TUNNEL
17.5211,75.0,31.0,44.0,48596.13,10938.47,37657.66,2773.57,4.28,-0.5498,647.95,410.43,40.0,1386.72,578.33,742.84,0.4204,233.61,259.55,46.72,513.95,1.111,0.0808,4.6471,2.3239,14.0,0.0,0.0,BENIGN_WEB
21.9264,42.0,21.0,21.0,14330.06,10887.24,3442.82,653.55,1.92,0.5195,341.19,67.44,240.04,462.58,391.89,377.79,0.5965,132.2,69.38,26.44,290.83,0.5248,0.4388,4.0728,4.4668,38.0,0.0,0.0,DOH_DATA_TUNNEL
23.6166,41.0,16.0,25.0,37178.3,9237.5,27940.8,1574.25,1.74,-0.5031,906.79,430.42,261.16,1500.0,832.4,1033.78,0.3401,576.01,634.16,115.2,1267.23,1.1009,0.0253,4.0299,2.698,20.0,0.0,0.0,BENIGN_WEB
32.7733,171.0,85.0,86.0,43281.49,29873.49,13408.0,1320.63,5.22,0.3804,253.11,84.41,126.49,405.05,253.45,238.28,0.5942,168.11,82.24,33.62,369.85,0.4892,0.6087,3.8571,4.1146,51.0,1.0,0.0,DOH_DATA_TUNNEL
22.5534,1552.0,1218.0,334.0,2214835.91,2116177.47,98658.44,98204.05,68.81,0.9109,1427.08,238.91,1068.71,1500.0,1314.71,1477.9,0.2881,47.14,13.6,9.43,103.71,0.2885,0.1287,2.4219,3.511,25.0,1.0,0.0,DATA_EXFILTRATION
25.9462,76.0,29.0,47.0,68580.06,8532.4,60047.66,2643.16,2.93,-0.7512,902.37,504.22,146.04,1500.0,822.86,931.19,0.4208,341.4,398.95,68.28,751.08,1.1686,0.0767,4.3784,2.4674,11.0,0.0,0.0,BENIGN_WEB
15.0914,60.0,21.0,39.0,57242.36,14415.02,42827.33,3793.06,3.98,-0.4964,954.04,364.71,406.98,1500.0,828.19,871.37,0.2593,251.52,208.48,50.3,553.35,0.8289,0.0237,4.6388,2.1125,9.0,0.0,0.0,BENIGN_WEB
20.2595,48.0,24.0,24.0,21608.5,12863.69,8744.81,1066.58,2.37,0.1906,450.18,67.13,349.49,571.0,403.25,491.96,0.2807,215.5,88.61,43.1,474.09,0.4112,0.5992,3.7762,4.3144,39.0,1.0,0.0,DOH_DATA_TUNNEL
33.2622,116.0,58.0,58.0,45005.44,25547.12,19458.32,1353.05,3.49,0.1353,387.98,37.04,332.42,454.65,399.14,332.42,0.5903,158.65,55.53,31.73,349.04,0.35,0.6937,3.8248,4.5542,33.0,0.0,0.0,DOH_DATA_TUNNEL
31.0524,82.0,25.0,57.0,68077.72,17069.12,51008.59,2192.35,2.64,-0.4985,830.22,437.62,173.79,1500.0,904.27,755.39,0.2796,378.69,318.73,75.74,833.11,0.8417,0.0367,4.2013,2.4193,21.0,0.0,0.0,BENIGN_WEB
6.0526,76.0,38.0,38.0,27198.62,18029.01,9169.61,4493.71,12.56,0.3257,357.88,76.0,243.87,494.68,323.84,374.57,0.3242,220.37,54.64,44.07,484.82,0.2479,0.5285,3.9414,4.3921,51.0,1.0,0.0,DOH_DATA_TUNNEL
24.4219,62.0,22.0,40.0,60315.63,9419.08,50896.55,2469.73,2.54,-0.6877,972.83,386.55,393.01,1500.0,986.25,939.98,0.4824,393.9,473.87,78.78,866.58,1.203,0.1347,4.6182,2.7707,21.0,0.0,0.0,BENIGN_WEB
41.0023,78.0,39.0,39.0,33484.44,24186.7,9297.74,816.65,1.9,0.4447,429.29,68.21,326.97,552.06,479.71,374.02,0.3031,152.38,59.24,30.48,335.24,0.3888,0.4916,3.5102,3.9858,58.0,0.0,0.0,DOH_DATA_TUNNEL
8.4369,37.0,14.0,23.0,23634.85,4333.49,19301.36,2801.36,4.39,-0.6333,638.78,433.86,40.0,1419.72,677.49,643.94,0.2417,228.02,188.86,45.6,501.65,0.8282,0.0777,5.0487,2.7225,15.0,0.0,0.0,BENIGN_WEB
48.7252,1554.0,1399.0,155.0,2244067.51,2186949.21,57118.31,46055.58,31.89,0.9491,1444.06,122.73,1259.96,1500.0,1430.02,1497.54,0.4565,16.66,7.45,3.33,36.66,0.4471,0.1599,2.6695,3.2262,29.0,0.0,0.0,DATA_EXFILTRATION
28.7192,21.0,7.0,14.0,18858.09,3636.64,15221.45,656.64,0.73,-0.6143,898.0,532.26,99.62,1500.0,999.65,788.31,0.1888,1367.58,1973.06,273.52,3008.68,1.4427,0.14,4.6051,2.4796,17.0,0.0,0.0,BENIGN_WEB
17.3843,67.0,33.0,34.0,23529.69,14209.95,9319.74,1353.5,3.85,0.2078,351.19,60.42,260.56,459.94,330.39,375.05,0.596,163.81,70.68,32.76,360.38,0.4315,0.6796,3.9542,4.479,49.0,1.0,0.0,DOH_DATA_TUNNEL
10.7528,40.0,14.0,26.0,25347.67,5005.0,20342.67,2357.31,3.72,-0.6051,633.69,508.9,40.0,1500.0,572.83,541.93,0.5741,268.82,336.84,53.76,591.4,1.253,0.0224,3.8643,2.9243,19.0,0.0,0.0,BENIGN_WEB
22.4474,99.0,49.0,50.0,44433.8,27323.62,17110.17,1979.47,4.41,0.2299,448.83,83.54,323.52,599.19,401.49,384.76,0.565,239.07,130.19,47.81,525.95,0.5446,0.5972,3.6486,3.9593,38.0,0.0,0.0,DOH_DATA_TUNNEL
39.1801,129.0,64.0,65.0,52334.74,30726.23,21608.51,1335.75,3.29,0.1742,405.7,53.35,325.67,501.73,376.0,411.62,0.4675,227.01,125.0,45.4,499.42,0.5507,0.5245,3.2541,4.4083,43.0,0.0,0.0,DOH_DATA_TUNNEL
24.947,106.0,53.0,53.0,46847.3,27556.55,19290.75,1877.87,4.25,0.1764,441.96,62.85,347.68,555.09,398.8,410.46,0.3449,76.89,38.65,15.38,169.15,0.5027,0.654,3.3317,4.2705,59.0,0.0,0.0,DOH_DATA_TUNNEL
20.4787,54.0,22.0,32.0,52313.81,5433.5,46880.31,2554.54,2.64,-0.7923,968.77,410.51,353.01,1500.0,887.57,889.3,0.6131,379.24,503.99,75.85,834.32,1.329,0.0465,4.7394,2.9144,13.0,0.0,0.0,BENIGN_WEB
10.0694,58.0,20.0,38.0,50784.65,8903.6,41881.04,5043.46,5.76,-0.6494,875.6,376.21,311.28,1500.0,957.16,966.13,0.1935,173.61,127.16,34.72,381.94,0.7324,0.0697,3.6191,2.7895,20.0,0.0,0.0,BENIGN_WEB
7.2385,23.0,6.0,17.0,15960.91,4031.58,11929.33,2205.01,3.18,-0.4948,693.95,504.49,40.0,1500.0,664.68,606.55,0.3548,314.72,469.45,62.94,692.38,1.4917,0.0114,4.8106,2.3051,19.0,0.0,0.0,BENIGN_WEB
26.4147,149.0,74.0,75.0,54555.81,37487.1,17068.71,2065.36,5.64,0.3743,366.15,66.13,266.96,485.17,312.22,341.37,0.4129,124.9,48.31,24.98,274.79,0.3868,0.4609,3.149,4.4186,30.0,0.0,0.0,DOH_DATA_TUNNEL
15.2567,25.0,7.0,18.0,22626.28,4860.34,17765.94,1483.04,1.64,-0.5704,905.05,442.79,240.87,1500.0,863.32,1038.88,0.3849,610.27,838.63,122.05,1342.59,1.3742,0.1035,4.265,2.6156,15.0,0.0,0.0,BENIGN_WEB
2.5304,56.0,18.0,38.0,48163.77,10280.83,37882.94,19033.85,22.13,-0.5731,860.07,442.33,196.57,1500.0,797.21,806.26,0.2596,45.19,40.34,9.04,99.41,0.8927,0.0404,4.2463,2.4212,21.0,0.0,0.0,BENIGN_WEB
1.9054,45.0,13.0,32.0,43507.81,8898.87,34608.94,22834.27,23.62,-0.5909,966.84,327.33,475.84,1500.0,893.32,966.88,0.229,42.34,69.12,8.47,93.15,1.6323,0.077,4.4385,2.3144,21.0,0.0,0.0,BENIGN_WEB
12.4451,46.0,15.0,31.0,48624.67,8094.63,40530.04,3907.14,3.7,-0.6671,1057.06,407.49,445.82,1500.0,1125.6,982.65,0.2821,270.55,216.05,54.11,595.2,0.7986,0.08,4.8927,2.958,8.0,0.0,0.0,BENIGN_WEB
14.2314,114.0,57.0,57.0,42058.34,28382.06,13676.28,2955.32,8.01,0.3497,368.93,46.05,299.86,451.82,317.16,369.95,0.2401,151.71,71.76,30.34,333.77,0.473,0.6626,3.2054,4.3784,42.0,0.0,0.0,DOH_DATA_TUNNEL
13.2745,1201.0,1073.0,128.0,1502610.51,1447237.09,55373.42,113195.52,90.47,0.9263,1251.13,171.56,993.79,1500.0,1404.91,1211.14,0.2697,15.93,4.06,3.19,35.04,0.2549,0.2341,2.0728,3.5855,20.0,0.0,0.0,DATA_EXFILTRATION
31.0968,73.0,22.0,51.0,56084.51,8889.81,47194.7,1803.55,2.35,-0.683,768.28,536.24,40.0,1500.0,715.56,739.7,0.322,425.98,347.24,85.2,937.16,0.8152,0.0589,4.0985,2.9798,10.0,0.0,0.0,BENIGN_WEB
13.9642,257.0,229.0,28.0,358367.84,328112.06,30255.79,25663.31,18.4,0.8311,1394.43,197.95,1097.51,1500.0,1197.62,1382.87,0.4507,18.86,9.38,3.77,41.49,0.4975,0.1654,2.2072,3.2137,24.0,1.0,0.0,DATA_EXFILTRATION
12.7885,66.0,24.0,42.0,46513.72,5547.01,40966.71,3637.14,5.16,-0.7615,704.75,447.8,40.0,1500.0,739.09,739.59,0.5888,193.77,297.27,38.75,426.28,1.5342,0.0813,4.8175,2.2153,17.0,0.0,0.0,BENIGN_WEB
16.9793,49.0,15.0,34.0,35711.18,4709.62,31001.56,2103.22,2.89,-0.7362,728.8,511.1,40.0,1500.0,814.95,638.7,0.6149,346.52,312.04,69.3,762.33,0.9005,0.0489,4.6621,2.7211,16.0,0.0,0.0,BENIGN_WEB
26.6433,84.0,35.0,49.0,81391.9,20769.9,60622.0,3054.87,3.15,-0.4896,968.95,376.22,404.62,1500.0,854.36,1062.2,0.5054,317.18,370.65,63.44,697.8,1.1686,0.1186,3.6155,2.5283,18.0,0.0,0.0,BENIGN_WEB
14.8967,57.0,28.0,29.0,17465.37,9994.98,7470.39,1172.44,3.83,0.1445,306.41,68.78,203.25,430.21,289.52,291.13,0.6038,221.87,77.84,44.37,488.11,0.3508,0.4698,4.0991,3.9347,61.0,0.0,0.0,DOH_DATA_TUNNEL
7.0477,166.0,83.0,83.0,58089.75,42646.38,15443.37,8242.37,23.55,0.4683,349.94,40.66,288.95,423.12,356.66,335.29,0.4386,195.7,45.03,39.14,430.54,0.2301,0.6861,3.4611,4.5054,35.0,0.0,0.0,DOH_DATA_TUNNEL
4.5334,57.0,18.0,39.0,53744.78,11896.43,41848.35,11855.39,12.57,-0.5573,942.89,457.51,256.62,1500.0,804.72,814.9,0.531,79.53,133.9,15.91,174.97,1.6836,0.0359,4.4391,2.4233,17.0,0.0,0.0,BENIGN_WEB
6.1727,21.0,6.0,15.0,19541.33,2953.45,16587.88,3165.75,3.4,-0.6977,930.54,510.51,164.77,1500.0,921.87,1015.24,0.4039,293.94,348.87,58.79,646.67,1.1869,0.1096,3.8018,2.8428,13.0,0.0,0.0,BENIGN_WEB
38.0104,41.0,20.0,21.0,14015.52,9910.07,4105.46,368.73,1.08,0.4142,341.84,51.13,265.15,433.87,345.4,291.73,0.4472,45.29,14.57,9.06,99.65,0.3217,0.4205,3.3234,4.5611,42.0,0.0,0.0,DOH_DATA_TUNNEL
31.7262,166.0,83.0,83.0,67042.44,38744.72,28297.72,2113.16,5.23,0.1558,403.87,74.04,292.82,537.14,357.84,357.98,0.2338,106.79,59.27,21.36,234.94,0.555,0.6308,3.871,4.2165,47.0,0.0,0.0,DOH_DATA_TUNNEL
9.8665,1069.0,956.0,113.0,1428919.18,1274120.95,154798.22,144825.97,108.35,0.7833,1336.69,245.74,968.08,1500.0,1424.25,1163.6,0.4648,10.45,5.27,2.09,22.99,0.504,0.1528,2.4937,3.2747,26.0,0.0,0.0,DATA_EXFILTRATION
10.1404,70.0,22.0,48.0,74445.06,16678.14,57766.92,7341.42,6.9,-0.5519,1063.5,558.35,225.97,1500.0,982.72,1029.01,0.3829,144.86,134.04,28.97,318.7,0.9253,0.1254,4.0532,2.8018,14.0,0.0,0.0,BENIGN_WEB
20.4876,59.0,23.0,36.0,37104.2,5470.93,31633.27,1811.05,2.88,-0.7051,628.88,337.32,122.91,1236.05,574.94,616.31,0.5694,347.25,397.08,69.45,763.95,1.1435,0.1166,3.7494,2.2403,10.0,0.0,0.0,BENIGN_WEB
30.5117,144.0,72.0,72.0,54834.09,41393.98,13440.12,1797.15,4.72,0.5098,380.79,44.76,313.65,461.37,363.28,353.18,0.342,224.02,83.95,44.8,492.84,0.3747,0.6434,3.2736,3.9295,36.0,1.0,0.0,DOH_DATA_TUNNEL
17.2577,104.0,52.0,52.0,34150.78,20393.46,13757.32,1978.87,6.03,0.1943,328.37,81.69,205.84,475.42,362.56,337.58,0.5757,100.97,22.84,20.19,222.13,0.2263,0.4463,4.0025,3.9691,53.0,1.0,0.0,DOH_DATA_TUNNEL
10.6927,1473.0,1340.0,133.0,1916176.71,1821144.44,95032.27,179203.76,137.76,0.9008,1300.87,242.85,936.59,1500.0,1252.88,1254.03,0.2507,45.27,21.19,9.05,99.59,0.4681,0.1997,2.007,3.113,25.0,1.0,0.0,DATA_EXFILTRATION
9.5738,27.0,10.0,17.0,20476.32,4461.64,16014.68,2138.8,2.82,-0.5642,758.38,517.64,40.0,1500.0,845.23,779.09,0.3171,354.58,407.24,70.92,780.08,1.1485,0.12,4.1406,2.4728,19.0,0.0,0.0,BENIGN_WEB
24.9023,73.0,25.0,48.0,72437.17,9878.56,62558.61,2908.85,2.93,-0.7273,992.29,369.94,437.37,1500.0,916.89,1019.79,0.3746,341.13,365.68,68.23,750.48,1.072,0.1074,4.0299,2.515,11.0,0.0,0.0,BENIGN_WEB
10.2149,55.0,22.0,33.0,53267.43,14634.72,38632.72,5214.67,5.38,-0.4505,968.5,417.78,341.83,1500.0,939.25,949.46,0.2936,185.73,267.18,37.15,408.6,1.4386,0.0818,4.132,2.5708,15.0,0.0,0.0,BENIGN_WEB
13.2707,63.0,20.0,43.0,55662.15,10681.65,44980.5,4194.37,4.75,-0.6162,883.53,342.46,369.84,1499.95,978.02,969.16,0.34,210.65,161.63,42.13,463.42,0.7673,0.11,3.7088,2.8181,20.0,0.0,0.0,BENIGN_WEB
7.7265,47.0,23.0,24.0,11251.1,6667.69,4583.41,1456.17,6.08,0.1853,239.39,46.39,169.8,322.89,218.48,217.25,0.2829,133.43,61.84,26.69,293.55,0.4635,0.4818,4.089,4.4007,43.0,0.0,0.0,DOH_DATA_TUNNEL
20.0178,59.0,16.0,43.0,37626.53,10383.58,27242.95,1879.66,2.95,-0.4481,637.74,470.56,40.0,1484.75,583.33,611.0,0.2738,339.28,265.62,67.86,746.43,0.7829,0.1148,3.7068,2.184,12.0,0.0,0.0,BENIGN_WEB
18.6169,64.0,23.0,41.0,45224.03,7997.21,37226.83,2429.2,3.44,-0.6463,706.63,321.59,224.25,1285.48,691.88,721.73,0.5594,290.89,359.23,58.18,639.96,1.2349,0.1077,4.3919,2.2835,9.0,0.0,0.0,BENIGN_WEB
29.317,144.0,72.0,72.0,39477.03,26022.14,13454.89,1346.56,4.91,0.3183,274.15,79.84,154.39,417.85,287.43,234.27,0.4081,151.38,44.24,30.28,333.03,0.2922,0.4535,3.6237,4.2849,36.0,0.0,0.0,DOH_DATA_TUNNEL
32.8616,35.0,17.0,18.0,15102.77,8678.73,6424.04,459.59,1.07,0.1493,431.51,59.61,342.09,538.81,456.39,370.49,0.2771,198.36,103.01,39.67,436.39,0.5193,0.6913,3.8622,4.1179,43.0,1.0,0.0,DOH_DATA_TUNNEL
11.8888,84.0,28.0,56.0,72252.59,7068.2,65184.39,6077.39,7.07,-0.8043,860.15,456.98,174.69,1500.0,918.03,867.64,0.3118,141.53,135.26,28.31,311.37,0.9557,0.0431,5.0016,2.2032,12.0,0.0,0.0,BENIGN_WEB
31.8262,83.0,31.0,52.0,79279.7,13704.36,65575.35,2491.02,2.61,-0.6543,955.18,564.22,108.84,1500.0,977.82,821.43,0.5787,383.45,636.52,76.69,843.59,1.66,0.136,4.8358,2.5468,17.0,0.0,0.0,BENIGN_WEB
7.1854,160.0,80.0,80.0,71934.43,53978.06,17956.37,10011.16,22.27,0.5008,449.59,40.81,388.37,523.05,382.38,429.09,0.4467,233.9,112.38,46.78,514.58,0.4805,0.4835,3.3379,4.6278,48.0,0.0,0.0,DOH_DATA_TUNNEL
42.6758,1376.0,1190.0,186.0,1795077.25,1612675.02,182402.23,42063.15,32.24,0.7968,1304.56,115.94,1130.65,1500.0,1373.31,1245.88,0.335,44.19,28.07,8.84,97.21,0.6351,0.1253,1.9437,3.2891,18.0,1.0,0.0,DATA_EXFILTRATION
10.4577,51.0,20.0,31.0,33418.11,3575.88,29842.23,3195.56,4.88,-0.786,655.26,502.12,40.0,1500.0,657.93,678.12,0.5667,205.05,148.61,41.01,451.11,0.7247,0.0515,4.7898,2.7118,10.0,0.0,0.0,BENIGN_WEB
7.3814,120.0,60.0,60.0,32129.1,21521.05,10608.05,4352.7,16.26,0.3397,267.74,78.37,150.18,408.82,276.05,250.54,0.5772,85.08,29.31,17.02,187.18,0.3445,0.6872,3.3787,4.1484,32.0,0.0,0.0,DOH_DATA_TUNNEL
17.0844,32.0,9.0,23.0,30443.44,4711.4,25732.05,1781.94,1.87,-0.6905,951.36,484.62,224.42,1500.0,899.32,895.65,0.3762,533.89,790.18,106.78,1174.56,1.48,0.1355,4.4002,3.0707,12.0,0.0,0.0,BENIGN_WEB
11.1093,33.0,11.0,22.0,23232.84,3588.99,19643.85,2091.3,2.97,-0.691,704.03,330.37,208.46,1298.7,756.68,682.82,0.2968,336.64,457.97,67.33,740.62,1.3604,0.1135,3.8688,2.9313,15.0,0.0,0.0,BENIGN_WEB
16.5882,17.0,5.0,12.0,15347.01,4348.62,10998.39,925.18,1.02,-0.4333,902.77,336.04,398.7,1500.0,990.45,884.38,0.4551,975.77,1634.39,195.15,2146.7,1.675,0.0662,3.6163,2.7161,20.0,0.0,0.0,BENIGN_WEB
11.8146,98.0,49.0,49.0,44787.03,31907.66,12879.37,3790.83,8.29,0.4249,457.01,50.38,381.44,547.69,434.6,391.33,0.2627,121.12,28.12,24.22,266.46,0.2322,0.5637,3.9857,4.5853,49.0,0.0,0.0,DOH_DATA_TUNNEL
7.6712,69.0,34.0,35.0,30002.23,17997.69,12004.54,3911.01,8.99,0.1998,434.81,40.7,373.76,508.08,379.85,476.6,0.5066,164.34,44.86,32.87,361.54,0.273,0.6712,3.6825,3.9188,34.0,1.0,0.0,DOH_DATA_TUNNEL
32.978,94.0,47.0,47.0,33826.79,23733.58,10093.22,1025.74,2.85,0.4032,359.86,68.62,256.93,483.37,410.08,412.98,0.2932,211.84,114.03,42.37,466.05,0.5383,0.6452,3.7274,4.2911,48.0,0.0,0.0,DOH_DATA_TUNNEL
31.497,56.0,16.0,40.0,55720.39,12384.03,43336.36,1769.07,1.78,-0.5555,995.01,322.92,510.62,1500.0,846.12,952.68,0.4571,562.45,647.01,112.49,1237.38,1.1504,0.0881,4.7688,2.9017,10.0,0.0,0.0,BENIGN_WEB
30.7582,154.0,77.0,77.0,63494.86,46213.87,17281.0,2064.32,5.01,0.4557,412.3,76.88,296.98,550.69,440.27,393.96,0.3105,110.99,60.45,22.2,244.17,0.5447,0.4221,3.1213,4.0372,30.0,0.0,0.0,DOH_DATA_TUNNEL
9.987,59.0,22.0,37.0,37406.38,10445.36,26961.02,3745.52,5.91,-0.4415,634.01,341.59,121.63,1248.86,716.65,655.76,0.5814,169.27,184.72,33.85,372.4,1.0913,0.1183,4.0763,2.119,13.0,0.0,0.0,BENIGN_WEB
7.3552,32.0,13.0,19.0,26885.84,7718.27,19167.56,3655.36,4.35,-0.4258,840.18,372.09,282.05,1500.0,894.73,865.6,0.2242,229.85,291.35,45.97,505.67,1.2676,0.1327,4.1242,2.2471,17.0,0.0,0.0,BENIGN_WEB
30.746,40.0,20.0,20.0,16865.29,11362.59,5502.7,548.54,1.3,0.3475,421.63,78.13,304.44,562.26,386.34,380.49,0.2294,209.43,111.4,41.89,460.75,0.5319,0.5721,3.7524,3.8604,45.0,0.0,0.0,DOH_DATA_TUNNEL
41.4134,147.0,73.0,74.0,43199.5,32319.09,10880.4,1043.13,3.55,0.4963,293.87,65.71,195.31,412.15,315.21,320.92,0.5713,112.75,48.67,22.55,248.04,0.4317,0.5146,3.1318,4.5596,39.0,0.0,0.0,DOH_DATA_TUNNEL
10.4597,47.0,14.0,33.0,45737.56,10219.85,35517.71,4372.72,4.49,-0.5531,973.14,359.37,434.08,1500.0,944.4,918.8,0.4922,222.55,259.6,44.51,489.61,1.1665,0.1381,4.276,2.383,18.0,0.0,0.0,BENIGN_WEB
3.1053,64.0,24.0,40.0,52608.16,12929.79,39678.37,16941.35,20.61,-0.5084,822.0,339.22,313.18,1432.59,905.21,824.59,0.4314,48.52,77.44,9.7,106.75,1.5961,0.037,5.098,2.169,20.0,0.0,0.0,BENIGN_WEB
10.6906,81.0,40.0,41.0,21795.12,12377.58,9417.53,2038.72,7.58,0.1358,269.08,58.89,180.74,375.07,285.04,307.28,0.2357,135.26,54.62,27.05,297.56,0.4038,0.467,3.617,4.5688,50.0,0.0,0.0,DOH_DATA_TUNNEL
45.4148,846.0,771.0,75.0,1137275.2,1081192.8,56082.39,25041.92,18.63,0.9014,1344.3,224.95,1006.87,1500.0,1364.89,1281.57,0.6035,10.55,3.37,2.11,23.22,0.3196,0.1684,2.4835,3.4862,19.0,0.0,0.0,DATA_EXFILTRATION
16.4889,33.0,11.0,22.0,22891.04,2261.55,20629.49,1388.27,2.0,-0.8024,693.67,342.23,180.32,1309.68,782.47,594.62,0.3374,499.66,663.8,99.93,1099.26,1.3285,0.0522,4.3619,2.147,9.0,0.0,0.0,BENIGN_WEB
41.3414,130.0,65.0,65.0,37556.47,22357.38,15199.09,908.45,3.14,0.1906,288.9,62.99,194.4,402.29,324.57,309.17,0.5399,196.73,80.14,39.35,432.81,0.4073,0.5518,3.5712,4.4466,32.0,1.0,0.0,DOH_DATA_TUNNEL
14.3412,174.0,87.0,87.0,60786.98,42091.4,18695.58,4238.62,12.13,0.3849,349.35,59.87,259.55,457.11,314.24,380.86,0.2713,126.52,63.38,25.3,278.35,0.501,0.602,3.113,3.936,42.0,0.0,0.0,DOH_DATA_TUNNEL
8.2747,50.0,14.0,36.0,47109.87,10432.53,36677.33,5693.27,6.04,-0.5571,942.2,493.73,201.6,1500.0,912.51,968.73,0.407,165.49,232.16,33.1,364.08,1.4028,0.1225,4.8031,2.5584,13.0,0.0,0.0,BENIGN_WEB
36.8385,79.0,39.0,40.0,33131.29,21884.51,11246.78,899.37,2.14,0.3211,419.38,78.48,301.67,560.64,393.76,458.92,0.4773,172.99,67.75,34.6,380.59,0.3917,0.6878,4.0789,3.8739,51.0,0.0,0.0,DOH_DATA_TUNNEL
25.4452,75.0,28.0,47.0,53184.76,11924.59,41260.18,2090.17,2.95,-0.5516,709.13,499.76,40.0,1500.0,809.01,737.59,0.5894,339.27,553.53,67.85,746.39,1.6315,0.0431,4.1326,2.6711,11.0,0.0,0.0,BENIGN_WEB
19.5369,56.0,22.0,34.0,42035.92,7045.76,34990.15,2151.62,2.87,-0.6648,750.64,417.74,124.04,1500.0,799.59,642.16,0.2754,348.87,307.9,69.77,767.52,0.8825,0.1089,4.2359,2.2972,9.0,0.0,0.0,BENIGN_WEB
25.6245,129.0,64.0,65.0,43445.6,32059.88,11385.72,1695.47,5.03,0.4759,336.79,58.5,249.04,442.08,286.8,347.17,0.3241,229.99,111.2,46.0,505.98,0.4835,0.5254,3.4226,4.5437,53.0,1.0,0.0,DOH_DATA_TUNNEL
12.3413,19.0,7.0,12.0,18714.45,2933.73,15780.72,1516.41,1.54,-0.6865,984.97,496.11,240.81,1500.0,923.77,919.3,0.5614,649.54,1053.51,129.91,1428.99,1.6219,0.1078,4.7427,3.0685,17.0,0.0,0.0,BENIGN_WEB
23.9177,52.0,26.0,26.0,19584.76,12403.1,7181.66,818.84,2.17,0.2666,376.63,73.1,266.98,508.21,341.0,339.19,0.3405,121.59,54.24,24.32,267.51,0.4461,0.4418,3.5211,3.8591,48.0,0.0,0.0,DOH_DATA_TUNNEL
24.469,65.0,21.0,44.0,65631.78,13334.67,52297.1,2682.25,2.66,-0.5937,1009.72,425.51,371.45,1500.0,1088.78,956.53,0.2653,376.45,334.27,75.29,828.18,0.888,0.1276,4.9543,2.5976,16.0,0.0,0.0,BENIGN_WEB
7.6121,38.0,13.0,25.0,25187.4,2761.19,22426.21,3308.87,4.99,-0.7807,662.83,574.4,40.0,1500.0,756.8,619.5,0.4506,200.32,261.13,40.06,440.7,1.3036,0.0269,4.2457,2.2948,11.0,0.0,0.0,BENIGN_WEB
49.2375,1485.0,1184.0,301.0,2012202.16,1918508.56,93693.6,40867.29,30.16,0.9069,1355.02,193.3,1065.06,1500.0,1390.87,1172.77,0.4863,19.46,4.57,3.89,42.8,0.2348,0.2596,2.6212,3.339,28.0,0.0,0.0,DATA_EXFILTRATION
14.5097,29.0,12.0,17.0,21275.97,4260.45,17015.51,1466.32,2.0,-0.5995,733.65,444.61,66.75,1500.0,715.72,661.12,0.4241,500.34,609.27,100.07,1100.74,1.2177,0.1102,4.0693,2.8783,16.0,0.0,0.0,BENIGN_WEB
27.5714,68.0,26.0,42.0,44602.39,6303.39,38299.0,1617.7,2.47,-0.7174,655.92,344.56,139.08,1276.12,736.64,589.98,0.2208,405.46,648.39,81.09,892.02,1.5991,0.0228,4.8583,3.0991,21.0,0.0,0.0,BENIGN_WEB
24.8287,47.0,14.0,33.0,42636.54,12042.83,30593.71,1717.23,1.89,-0.4351,907.16,469.65,202.69,1500.0,972.15,839.81,0.3594,528.27,618.71,105.65,1162.19,1.1712,0.1124,4.6839,2.2998,21.0,0.0,0.0,BENIGN_WEB
19.9115,99.0,49.0,50.0,25798.38,15663.57,10134.81,1295.65,4.97,0.2143,260.59,58.77,172.43,366.38,275.63,261.75,0.3944,229.06,106.66,45.81,503.94,0.4656,0.6936,3.6018,4.304,51.0,0.0,0.0,DOH_DATA_TUNNEL
7.3842,141.0,70.0,71.0,55566.96,39057.68,16509.27,7525.07,19.09,0.4058,394.09,51.73,316.49,487.21,420.34,361.88,0.2653,106.94,43.63,21.39,235.27,0.408,0.4953,3.504,3.9002,32.0,1.0,0.0,DOH_DATA_TUNNEL
6.9016,39.0,15.0,24.0,25323.24,2963.06,22360.19,3669.18,5.65,-0.766,649.31,445.26,40.0,1450.78,658.75,635.31,0.4518,176.96,147.74,35.39,389.32,0.8349,0.125,3.9798,2.3496,18.0,0.0,0.0,BENIGN_WEB
37.1989,1065.0,969.0,96.0,1472706.49,1377863.56,94842.92,39590.08,28.63,0.8712,1382.82,164.32,1136.34,1500.0,1433.64,1379.19,0.2731,16.32,8.44,3.26,35.9,0.517,0.1242,1.9432,2.9659,27.0,0.0,1.0,DATA_EXFILTRATION
16.926,82.0,27.0,55.0,69181.69,12728.06,56453.63,4087.3,4.84,-0.632,843.68,382.72,269.6,1500.0,949.04,730.97,0.2357,206.41,282.68,41.28,454.11,1.3695,0.0959,4.115,3.0814,18.0,0.0,0.0,BENIGN_WEB
7.1805,63.0,25.0,38.0,41732.12,10645.82,31086.3,5811.83,8.77,-0.4898,662.41,579.81,40.0,1500.0,590.53,574.35,0.2095,113.98,130.09,22.8,250.75,1.1414,0.0572,4.9175,2.9968,12.0,0.0,0.0,BENIGN_WEB
5.3575,52.0,18.0,34.0,43541.99,4627.44,38914.54,8127.29,9.71,-0.7874,837.35,504.08,81.23,1500.0,914.13,930.09,0.5048,103.03,156.41,20.61,226.66,1.5181,0.0689,4.4062,2.2172,11.0,0.0,0.0,BENIGN_WEB
36.5442,129.0,64.0,65.0,34651.48,25777.18,8874.3,948.21,3.53,0.4878,268.62,71.0,162.11,396.42,270.73,274.82,0.6185,214.46,94.49,42.89,471.82,0.4406,0.673,3.5182,4.4023,54.0,0.0,0.0,DOH_DATA_TUNNEL
14.297,51.0,18.0,33.0,53949.82,9013.4,44936.42,3773.51,3.57,-0.6659,1057.84,362.62,513.92,1500.0,983.44,1202.12,0.2465,280.33,337.2,56.07,616.73,1.2029,0.0832,4.8495,2.7551,12.0,0.0,0.0,BENIGN_WEB
29.8601,68.0,22.0,46.0,68786.12,13455.6,55330.52,2303.62,2.28,-0.6088,1011.56,438.1,354.41,1500.0,865.66,1113.62,0.4184,439.12,339.1,87.82,966.06,0.7722,0.0949,3.6002,2.6111,12.0,0.0,0.0,BENIGN_WEB
20.3978,1241.0,1137.0,104.0,1651859.98,1633386.2,18473.77,80982.38,60.84,0.9776,1331.07,182.88,1056.75,1500.0,1321.35,1242.74,0.4456,23.16,12.8,4.63,50.96,0.5526,0.1323,2.6828,3.0426,18.0,0.0,0.0,DATA_EXFILTRATION
9.0422,71.0,20.0,51.0,46023.53,7224.86,38798.68,5089.88,7.85,-0.686,648.22,346.01,129.21,1271.03,682.8,633.57,0.2039,127.35,173.29,25.47,280.18,1.3607,0.1212,5.0572,2.6677,15.0,0.0,0.0,BENIGN_WEB
13.4512,50.0,20.0,30.0,53827.27,10758.38,43068.88,4001.68,3.72,-0.6003,1076.55,347.14,555.83,1500.0,1026.03,1059.64,0.3837,269.02,359.99,53.8,591.85,1.3381,0.0691,4.3888,2.6055,12.0,0.0,0.0,BENIGN_WEB
42.3377,780.0,629.0,151.0,1101793.06,1062054.13,39738.93,26023.9,18.42,0.9279,1412.56,217.42,1086.43,1500.0,1491.96,1558.64,0.2847,11.6,7.35,2.32,25.53,0.6338,0.2245,2.8438,3.6708,17.0,1.0,0.0,DATA_EXFILTRATION
41.5568,99.0,49.0,50.0,33318.25,24605.9,8712.35,801.75,2.38,0.477,336.55,68.75,233.42,460.3,341.67,375.77,0.5074,166.38,37.28,33.28,366.04,0.2241,0.4209,3.56,4.5814,52.0,1.0,0.0,DOH_DATA_TUNNEL
11.9584,1425.0,1272.0,153.0,1858151.38,1701079.28,157072.1,155384.4,119.16,0.8309,1303.97,163.87,1058.16,1500.0,1392.83,1239.29,0.3902,39.77,20.42,7.95,87.49,0.5135,0.2139,2.7739,3.4017,24.0,1.0,0.0,DATA_EXFILTRATION
15.1531,52.0,17.0,35.0,43259.3,9737.29,33522.01,2854.81,3.43,-0.5498,831.91,444.81,164.69,1500.0,943.17,926.04,0.4071,291.41,265.12,58.28,641.09,0.9098,0.0179,4.9245,2.8857,16.0,0.0,0.0,BENIGN_WEB
30.7518,30.0,8.0,22.0,28099.08,2687.78,25411.3,913.74,0.98,-0.8087,936.64,539.11,127.97,1500.0,910.37,992.11,0.4059,1025.06,1609.94,205.01,2255.13,1.5706,0.0567,4.3927,3.0007,11.0,0.0,0.0,BENIGN_WEB
36.5928,85.0,42.0,43.0,25002.8,18611.09,6391.71,683.27,2.32,0.4887,294.15,49.06,220.56,382.45,275.2,336.8,0.521,68.38,35.76,13.68,150.43,0.523,0.5585,3.3072,4.0422,46.0,1.0,0.0,DOH_DATA_TUNNEL
20.0139,53.0,21.0,32.0,43694.22,11147.1,32547.12,2183.2,2.65,-0.4898,824.42,468.48,121.7,1500.0,834.03,746.75,0.3528,377.62,268.49,75.52,830.76,0.711,0.0506,5.0126,2.8956,20.0,0.0,0.0,BENIGN_WEB
18.6242,99.0,49.0,50.0,29653.25,18583.93,11069.32,1592.19,5.32,0.2534,299.53,60.89,208.2,409.13,289.32,276.63,0.346,223.24,54.87,44.65,491.13,0.2458,0.5349,3.6905,4.0817,60.0,1.0,0.0,DOH_DATA_TUNNEL
9.09,129.0,64.0,65.0,42076.31,26146.81,15929.5,4628.85,14.19,0.2428,326.17,59.26,237.29,432.83,339.36,359.16,0.3902,104.0,48.47,20.8,228.8,0.466,0.4419,3.1358,4.5733,57.0,0.0,0.0,DOH_DATA_TUNNEL
10.3215,41.0,14.0,27.0,29575.23,5158.76,24416.46,2865.41,3.97,-0.6511,721.35,356.96,185.9,1363.88,614.49,769.43,0.2302,251.74,342.2,50.35,553.83,1.3593,0.1347,4.4752,2.7965,17.0,0.0,0.0,BENIGN_WEB
14.2891,17.0,7.0,10.0,18275.2,3492.89,14782.31,1278.96,1.19,-0.6177,1075.01,473.95,364.08,1500.0,1124.51,984.9,0.3842,840.54,1159.22,168.11,1849.18,1.3791,0.0385,3.7689,3.0076,21.0,0.0,0.0,BENIGN_WEB
14.1005,61.0,30.0,31.0,20399.08,13705.54,6693.54,1446.69,4.33,0.3437,334.41,57.39,248.33,437.71,303.41,329.11,0.3173,53.91,14.29,10.78,118.6,0.265,0.5838,3.2179,4.2921,60.0,1.0,0.0,DOH_DATA_TUNNEL
38.8837,90.0,45.0,45.0,30387.5,19658.18,10729.32,781.5,2.31,0.2938,337.64,54.69,255.6,436.09,377.09,356.06,0.5786,114.9,46.97,22.98,252.78,0.4088,0.4348,3.2575,4.056,55.0,1.0,0.0,DOH_DATA_TUNNEL
14.21,38.0,19.0,19.0,15176.54,8563.3,6613.24,1068.02,2.67,0.1285,399.38,43.36,334.35,477.43,382.43,376.94,0.4308,146.12,68.45,29.22,321.47,0.4684,0.4627,3.6653,4.2924,61.0,0.0,0.0,DOH_DATA_TUNNEL
37.2459,108.0,54.0,54.0,41630.21,28713.34,12916.87,1117.71,2.9,0.3794,385.46,62.16,292.23,497.35,354.23,347.57,0.297,76.4,22.86,15.28,168.08,0.2992,0.4601,3.2616,3.8806,50.0,0.0,0.0,DOH_DATA_TUNNEL
10.3669,51.0,19.0,32.0,43112.25,9759.19,33353.05,4158.65,4.92,-0.5473,845.34,392.3,256.9,1500.0,898.17,856.61,0.2103,203.27,197.86,40.65,447.2,0.9734,0.0921,3.608,2.917,18.0,0.0,0.0,BENIGN_WEB
19.1946,1256.0,1044.0,212.0,1685125.92,1513756.64,171369.28,87791.82,65.44,0.7966,1341.66,189.76,1057.02,1500.0,1348.11,1511.03,0.4701,30.19,17.12,6.04,66.42,0.567,0.2638,2.4105,3.1226,14.0,1.0,1.0,DATA_EXFILTRATION
31.3493,44.0,22.0,22.0,14577.73,10354.69,4223.03,465.01,1.4,0.4206,331.31,67.7,229.77,453.16,374.51,365.28,0.2745,133.87,44.89,26.77,294.51,0.3353,0.4245,3.7719,4.6261,33.0,1.0,0.0,DOH_DATA_TUNNEL
19.1504,75.0,29.0,46.0,80519.26,22388.22,58131.04,4204.57,3.92,-0.4439,1073.59,557.3,237.65,1500.0,1125.8,1000.03,0.3915,255.34,203.77,51.07,561.74,0.798,0.0122,4.8463,2.6824,13.0,0.0,0.0,BENIGN_WEB
25.0593,36.0,11.0,25.0,25521.55,6510.43,19011.12,1018.45,1.44,-0.4898,708.93,426.52,69.15,1476.67,745.83,658.5,0.2598,696.09,773.28,139.22,1531.4,1.1109,0.0473,4.3994,2.7742,12.0,0.0,0.0,BENIGN_WEB
10.412,59.0,19.0,40.0,62549.45,14832.62,47716.83,6007.46,5.67,-0.5257,1060.16,571.43,203.02,1500.0,1069.66,1057.56,0.6004,176.47,217.39,35.29,388.24,1.2318,0.0309,4.8067,2.6998,10.0,0.0,0.0,BENIGN_WEB
20.6097,56.0,19.0,37.0,47973.41,9752.31,38221.11,2327.71,2.72,-0.5934,856.67,414.64,234.7,1500.0,784.07,931.14,0.3007,368.03,351.46,73.61,809.67,0.955,0.0181,4.6842,2.2219,17.0,0.0,0.0,BENIGN_WEB
38.547,139.0,69.0,70.0,46747.29,31854.78,14892.51,1212.74,3.61,0.3629,336.31,49.62,261.88,425.63,313.82,342.69,0.2859,50.36,19.64,10.07,110.79,0.3901,0.5169,3.3862,4.5438,36.0,0.0,0.0,DOH_DATA_TUNNEL
23.3297,72.0,21.0,51.0,49805.54,5947.94,43857.61,2134.86,3.09,-0.7612,691.74,366.07,142.64,1350.67,692.96,641.25,0.194,324.02,242.03,64.8,712.85,0.7469,0.0679,3.8294,2.228,21.0,0.0,0.0,BENIGN_WEB
9.535,102.0,51.0,51.0,23630.25,13823.97,9806.28,2478.27,10.7,0.17,231.67,42.5,167.92,308.17,247.54,210.42,0.3459,199.69,108.61,39.94,439.31,0.5439,0.5774,3.3598,4.0158,49.0,0.0,0.0,DOH_DATA_TUNNEL
17.484,71.0,35.0,36.0,27601.11,16498.61,11102.5,1578.65,4.06,0.1955,388.75,71.66,281.26,517.73,351.81,412.58,0.2707,157.48,56.4,31.5,346.47,0.3581,0.5149,3.8889,4.3926,50.0,1.0,0.0,DOH_DATA_TUNNEL
7.3145,70.0,26.0,44.0,58529.36,13629.11,44900.26,8001.84,9.57,-0.5343,836.13,532.63,40.0,1500.0,939.95,721.22,0.4019,104.49,151.72,20.9,229.88,1.452,0.0995,4.2343,2.6855,18.0,0.0,0.0,BENIGN_WEB
25.2557,24.0,8.0,16.0,24576.77,4674.94,19901.83,973.12,0.95,-0.6196,1024.03,352.71,494.97,1500.0,1015.62,941.52,0.2316,1052.32,1420.91,210.46,2315.1,1.3503,0.1026,4.9515,2.4115,12.0,0.0,0.0,BENIGN_WEB
13.6235,114.0,57.0,57.0,50301.88,33089.13,17212.75,3692.29,8.37,0.3156,441.24,68.54,338.43,564.62,433.48,433.39,0.4778,203.87,76.92,40.77,448.51,0.3773,0.4487,3.4267,4.5891,49.0,0.0,0.0,DOH_DATA_TUNNEL
22.7018,471.0,393.0,78.0,595595.48,579768.96,15826.52,26235.65,20.75,0.9469,1264.53,115.25,1091.66,1471.98,1400.93,1257.88,0.3626,11.83,5.94,2.37,26.03,0.5023,0.1538,2.1719,3.4828,25.0,0.0,1.0,DATA_EXFILTRATION
32.1222,124.0,62.0,62.0,56384.84,40696.31,15688.53,1755.32,3.86,0.4435,454.72,59.2,365.92,561.28,440.39,411.75,0.311,159.03,37.27,31.81,349.87,0.2344,0.5173,3.4159,3.8562,38.0,1.0,0.0,DOH_DATA_TUNNEL
9.8346,84.0,42.0,42.0,22961.89,13077.98,9883.9,2334.81,8.54,0.1391,273.36,53.85,192.59,370.28,310.0,287.43,0.2411,208.9,51.49,41.78,459.58,0.2465,0.5504,3.9759,4.2465,37.0,0.0,0.0,DOH_DATA_TUNNEL
26.6135,46.0,13.0,33.0,36447.13,7107.76,29339.37,1369.5,1.73,-0.61,792.33,336.6,287.42,1398.21,814.3,787.57,0.6167,578.55,991.37,115.71,1272.82,1.7135,0.1171,4.8999,2.5725,18.0,0.0,0.0,BENIGN_WEB
15.4614,88.0,44.0,44.0,24331.53,17271.42,7060.11,1573.7,5.69,0.4197,276.49,73.35,166.48,408.52,273.49,266.28,0.3839,211.03,55.25,42.21,464.26,0.2618,0.5955,3.2624,4.5709,55.0,0.0,0.0,DOH_DATA_TUNNEL
8.1643,74.0,22.0,52.0,59364.57,9347.09,50017.48,7271.24,9.06,-0.6851,802.22,439.23,143.38,1500.0,887.08,715.2,0.3172,110.33,90.23,22.07,242.72,0.8179,0.1351,5.0663,2.3304,15.0,0.0,0.0,BENIGN_WEB
6.132,32.0,10.0,22.0,27098.44,2482.43,24616.01,4419.19,5.22,-0.8168,846.83,364.12,300.64,1500.0,784.95,869.0,0.4427,191.62,267.92,38.32,421.57,1.3981,0.0571,4.2041,2.6334,19.0,0.0,0.0,BENIGN_WEB
7.474,48.0,19.0,29.0,31060.64,4453.2,26607.44,4155.81,6.42,-0.7133,647.1,340.37,136.55,1259.76,695.57,608.17,0.2708,155.71,237.86,31.14,342.56,1.5276,0.0536,4.6755,2.7761,14.0,0.0,0.0,BENIGN_WEB
29.8287,23.0,9.0,14.0,19156.16,2960.74,16195.42,642.21,0.77,-0.6909,832.88,480.62,111.95,1500.0,846.48,944.06,0.2878,1296.9,1893.13,259.38,2853.18,1.4597,0.071,3.9165,2.6758,8.0,0.0,0.0,BENIGN_WEB
7.801,81.0,23.0,58.0,59869.38,14325.83,45543.55,7674.58,10.38,-0.5214,739.13,528.81,40.0,1500.0,820.65,829.34,0.3206,96.31,124.79,19.26,211.88,1.2957,0.0116,5.0552,2.718,21.0,0.0,0.0,BENIGN_WEB
40.9994,83.0,41.0,42.0,21016.83,13163.66,7853.18,512.61,2.02,0.2527,253.21,75.96,139.27,389.94,219.86,271.65,0.2161,176.22,84.66,35.24,387.69,0.4804,0.6666,3.8554,3.9551,53.0,0.0,0.0,DOH_DATA_TUNNEL
21.1239,56.0,18.0,38.0,46068.48,6503.7,39564.78,2180.87,2.65,-0.7177,822.65,579.13,40.0,1500.0,906.42,866.34,0.2288,377.21,338.58,75.44,829.87,0.8976,0.0571,4.6664,3.0656,13.0,0.0,0.0,BENIGN_WEB
7.2025,36.0,13.0,23.0,36948.06,5850.17,31097.89,5129.89,5.0,-0.6833,1026.33,564.81,179.12,1500.0,950.26,989.88,0.5649,200.07,257.8,40.01,440.15,1.2886,0.0119,3.7211,2.9065,10.0,0.0,0.0,BENIGN_WEB
18.8603,63.0,19.0,44.0,43096.23,5644.94,37451.3,2285.02,3.34,-0.738,684.07,360.44,143.41,1332.86,752.42,693.86,0.1974,299.37,274.93,59.87,658.61,0.9184,0.0102,3.7177,2.6404,14.0,0.0,0.0,BENIGN_WEB
16.6349,77.0,31.0,46.0,65554.16,13278.09,52276.07,3940.76,4.63,-0.5949,851.35,323.21,366.53,1433.14,742.6,964.39,0.3382,216.04,248.89,43.21,475.28,1.1521,0.0588,4.859,2.5491,10.0,0.0,0.0,BENIGN_WEB
6.4765,1151.0,1002.0,149.0,1444824.62,1423535.22,21289.4,223086.85,177.72,0.9705,1255.28,189.12,971.6,1500.0,1155.06,1208.5,0.4356,20.46,11.55,4.09,45.02,0.5643,0.1991,2.3124,3.2406,27.0,1.0,0.0,DATA_EXFILTRATION
27.1758,108.0,54.0,54.0,27536.69,18884.93,8651.76,1013.28,3.97,0.3716,254.97,39.96,195.03,326.89,289.36,241.16,0.5386,156.16,86.42,31.23,343.55,0.5534,0.4917,3.3716,4.0817,56.0,1.0,0.0,DOH_DATA_TUNNEL
19.4719,37.0,11.0,26.0,37641.66,6295.84,31345.82,1933.12,1.9,-0.6655,1017.34,344.91,499.97,1500.0,1013.84,919.01,0.215,526.27,590.04,105.25,1157.79,1.1212,0.0203,4.3817,2.1632,14.0,0.0,0.0,BENIGN_WEB
20.1391,22.0,9.0,13.0,22246.25,5041.57,17204.68,1104.63,1.09,-0.5467,1011.19,525.35,223.17,1500.0,928.82,1068.17,0.3142,915.41,1344.37,183.08,2013.91,1.4686,0.0159,4.8985,2.6434,20.0,0.0,0.0,BENIGN_WEB
9.6689,82.0,23.0,59.0,61000.73,11600.75,49399.98,6308.97,8.48,-0.6197,743.91,459.82,54.18,1500.0,736.8,720.13,0.5642,117.91,99.81,23.58,259.41,0.8465,0.1328,4.8931,2.3658,12.0,0.0,0.0,BENIGN_WEB
30.3334,51.0,15.0,36.0,47254.03,7310.6,39943.43,1557.82,1.68,-0.6906,926.55,459.78,236.88,1500.0,916.44,997.26,0.2611,594.77,502.22,118.95,1308.5,0.8444,0.0185,4.3627,2.2562,19.0,0.0,0.0,BENIGN_WEB
25.4756,59.0,19.0,40.0,53964.39,5490.21,48474.18,2118.28,2.32,-0.7965,914.65,391.78,326.98,1500.0,1004.94,1016.28,0.5745,431.79,477.09,86.36,949.94,1.1049,0.1233,4.5152,2.9851,17.0,0.0,0.0,BENIGN_WEB
2.4433,70.0,23.0,47.0,49644.99,11962.42,37682.57,20319.01,28.65,-0.5181,709.21,539.52,40.0,1500.0,726.9,774.58,0.3876,34.9,26.81,6.98,76.79,0.768,0.1063,4.4499,3.0161,14.0,0.0,0.0,BENIGN_WEB
15.334,60.0,21.0,39.0,52333.93,7105.72,45228.21,3412.93,3.91,-0.7284,872.23,350.34,346.72,1500.0,878.84,811.0,0.432,255.57,416.22,51.11,562.25,1.6286,0.0258,3.936,3.0797,21.0,0.0,0.0,BENIGN_WEB
6.2331,83.0,28.0,55.0,70604.4,14661.84,55942.55,11327.39,13.32,-0.5847,850.66,417.33,224.67,1500.0,915.91,807.02,0.3404,75.1,81.19,15.02,165.21,1.0811,0.0587,4.6771,2.2207,19.0,0.0,0.0,BENIGN_WEB
13.3614,116.0,58.0,58.0,28301.68,16695.27,11606.41,2118.17,8.68,0.1798,243.98,44.54,177.17,324.15,234.83,219.62,0.2274,221.72,71.22,44.34,487.79,0.3212,0.5246,4.04,4.2841,37.0,0.0,0.0,DOH_DATA_TUNNEL
6.8834,1143.0,909.0,234.0,1430050.76,1299966.58,130084.18,207752.69,166.05,0.8181,1251.14,150.91,1024.78,1500.0,1386.0,1108.21,0.2232,15.17,9.57,3.03,33.38,0.6304,0.2089,2.7788,3.4019,26.0,0.0,0.0,DATA_EXFILTRATION
13.7144,47.0,16.0,31.0,50634.57,13993.61,36640.96,3692.07,3.43,-0.4473,1077.33,332.93,577.94,1500.0,1234.37,1171.79,0.3569,291.8,237.3,58.36,641.95,0.8133,0.0556,3.7119,2.4789,15.0,0.0,0.0,BENIGN_WEB
32.4025,156.0,78.0,78.0,70358.93,50801.3,19557.63,2171.41,4.81,0.4441,451.02,82.32,327.54,599.2,478.99,392.78,0.5293,111.27,31.37,22.25,244.8,0.2819,0.6117,3.6645,3.9593,37.0,1.0,0.0,DOH_DATA_TUNNEL
9.9132,39.0,11.0,28.0,34886.5,5789.21,29097.29,3519.19,3.93,-0.6681,894.53,480.58,173.66,1500.0,845.66,874.15,0.4482,254.19,438.48,50.84,559.21,1.7251,0.0251,3.8727,2.6988,11.0,0.0,0.0,BENIGN_WEB
7.771,21.0,6.0,15.0,20288.87,4664.95,15623.92,2610.83,2.7,-0.5401,966.14,545.29,148.21,1500.0,833.37,892.13,0.5637,370.05,570.2,74.01,814.11,1.5409,0.051,4.5238,2.8416,10.0,0.0,0.0,BENIGN_WEB
48.3293,754.0,635.0,119.0,974989.93,914271.82,60718.12,20173.89,15.6,0.8754,1293.09,251.51,915.83,1500.0,1369.21,1399.93,0.4649,45.5,27.64,9.1,100.11,0.6073,0.2612,2.5187,3.5453,14.0,0.0,1.0,DATA_EXFILTRATION
30.2575,64.0,18.0,46.0,67665.59,6489.75,61175.84,2236.33,2.12,-0.8082,1057.27,383.84,481.51,1500.0,1076.23,981.95,0.3976,472.77,620.26,94.55,1040.1,1.312,0.0545,3.8956,2.7598,13.0,0.0,0.0,BENIGN_WEB
23.4876,19.0,5.0,14.0,15011.49,1965.19,13046.29,639.12,0.81,-0.7382,790.08,513.5,40.0,1500.0,800.33,755.79,0.4607,1236.19,1644.42,247.24,2719.62,1.3302,0.063,4.0946,3.0067,11.0,0.0,0.0,BENIGN_WEB
23.4005,23.0,6.0,17.0,20926.79,3820.27,17106.51,894.29,0.98,-0.6349,909.86,351.63,382.41,1500.0,790.36,944.02,0.5156,1017.41,1139.31,203.48,2238.31,1.1198,0.0604,4.4602,3.0861,19.0,0.0,0.0,BENIGN_WEB
18.7971,18.0,6.0,12.0,19071.51,3941.41,15130.1,1014.6,0.96,-0.5867,1059.53,430.76,413.4,1500.0,928.26,1187.78,0.5559,1044.29,1637.58,208.86,2297.43,1.5681,0.1132,4.7572,2.3453,19.0,0.0,0.0,BENIGN_WEB
21.6792,75.0,21.0,54.0,52517.04,11281.15,41235.89,2422.46,3.46,-0.5704,700.23,539.15,40.0,1500.0,763.0,700.35,0.2962,289.06,464.39,57.81,635.92,1.6066,0.0693,4.0784,2.9495,18.0,0.0,0.0,BENIGN_WEB
30.9455,47.0,17.0,30.0,44178.89,3998.43,40180.46,1427.63,1.52,-0.819,939.98,567.68,88.46,1500.0,952.12,947.82,0.4332,658.42,1100.24,131.68,1448.51,1.671,0.1224,3.8781,2.2975,20.0,0.0,0.0,BENIGN_WEB
37.7808,117.0,58.0,59.0,53580.71,32072.37,21508.34,1418.2,3.1,0.1972,457.95,52.58,379.09,552.6,418.89,477.27,0.2594,90.49,43.13,18.1,199.08,0.4767,0.5714,3.8037,3.8511,34.0,0.0,0.0,DOH_DATA_TUNNEL
15.4735,1309.0,1146.0,163.0,1792719.66,1773181.04,19538.62,115857.25,84.6,0.9782,1369.53,228.94,1026.12,1500.0,1223.79,1348.44,0.5759,13.11,6.11,2.62,28.83,0.4658,0.1684,2.3937,3.4479,27.0,0.0,0.0,DATA_EXFILTRATION
14.348,44.0,17.0,27.0,45716.98,7154.5,38562.49,3186.29,3.07,-0.687,1039.02,330.4,543.43,1500.0,957.83,1100.04,0.606,326.09,565.45,65.22,717.4,1.734,0.0119,4.8762,2.2859,13.0,0.0,0.0,BENIGN_WEB
10.9823,849.0,761.0,88.0,1194173.24,1166705.29,27467.95,108735.79,77.31,0.954,1406.56,200.99,1105.08,1500.0,1540.42,1258.03,0.4595,32.65,7.48,6.53,71.82,0.2291,0.2373,1.9738,3.1731,21.0,1.0,0.0,DATA_EXFILTRATION
9.3218,480.0,393.0,87.0,639048.16,593639.85,45408.31,68553.83,51.49,0.8579,1331.35,157.15,1095.62,1500.0,1305.69,1392.79,0.6152,42.3,23.08,8.46,93.05,0.5458,0.2626,2.3557,3.7635,23.0,1.0,0.0,DATA_EXFILTRATION
22.884,41.0,16.0,25.0,36731.72,9173.78,27557.94,1605.13,1.79,-0.5005,895.9,363.37,350.84,1500.0,780.43,779.33,0.3287,558.15,569.54,111.63,1227.92,1.0204,0.0343,4.8358,2.688,15.0,0.0,0.0,BENIGN_WEB
33.6821,147.0,73.0,74.0,63220.11,44052.88,19167.23,1876.97,4.36,0.3936,430.07,70.22,324.75,556.46,486.75,474.15,0.4497,208.01,90.77,41.6,457.62,0.4364,0.6948,3.5757,4.5893,43.0,0.0,0.0,DOH_DATA_TUNNEL
23.0587,75.0,27.0,48.0,62715.99,6487.76,56228.23,2719.84,3.25,-0.7931,836.21,576.44,40.0,1500.0,766.14,847.16,0.5536,307.45,528.28,61.49,676.39,1.7183,0.0203,4.4595,2.7052,8.0,0.0,0.0,BENIGN_WEB
17.3611,83.0,28.0,55.0,84937.13,13939.1,70998.03,4892.38,4.78,-0.6718,1023.34,424.95,385.91,1500.0,960.87,1106.73,0.4202,209.17,188.81,41.83,460.17,0.9027,0.0509,4.8317,3.0446,19.0,0.0,0.0,BENIGN_WEB
2.6914,52.0,17.0,35.0,46683.76,6183.79,40499.97,17345.7,19.32,-0.7351,897.76,508.09,135.63,1500.0,1000.94,860.0,0.554,51.76,67.31,10.35,113.87,1.3005,0.0253,4.8619,3.0436,16.0,0.0,0.0,BENIGN_WEB
27.6204,1548.0,1348.0,200.0,1958283.42,1839064.84,119218.57,70899.8,56.05,0.8782,1265.04,232.97,915.58,1500.0,1366.35,1233.26,0.2642,36.19,21.02,7.24,79.61,0.5808,0.267,2.3271,3.4735,23.0,1.0,1.0,DATA_EXFILTRATION
23.5626,21.0,8.0,13.0,22043.14,5450.66,16592.48,935.51,0.89,-0.5055,1049.67,540.11,239.5,1500.0,981.72,1126.66,0.4352,1122.03,1041.7,224.41,2468.46,0.9284,0.0108,4.4758,2.9319,21.0,0.0,0.0,BENIGN_WEB
12.6798,151.0,75.0,76.0,40106.19,29799.97,10306.23,3162.99,11.91,0.4861,265.6,49.27,191.71,354.28,303.41,255.27,0.1866,168.72,38.26,33.74,371.19,0.2268,0.6547,4.0199,4.2828,48.0,1.0,0.0,DOH_DATA_TUNNEL
30.4032,19.0,7.0,12.0,14528.44,3084.33,11444.1,477.86,0.62,-0.5754,764.65,390.59,178.77,1467.72,776.43,676.06,0.342,1600.17,2386.85,320.03,3520.37,1.4916,0.0568,5.0926,3.0818,9.0,0.0,0.0,BENIGN_WEB
4.5057,26.0,7.0,19.0,17107.43,2980.91,14126.52,3796.88,5.77,-0.6515,657.98,479.64,40.0,1500.0,647.82,582.61,0.4326,173.29,246.64,34.66,381.25,1.4232,0.0368,4.2685,2.4526,14.0,0.0,0.0,BENIGN_WEB
10.2514,161.0,80.0,81.0,43613.41,25309.06,18304.35,4254.4,15.71,0.1606,270.89,38.85,212.62,340.82,299.83,259.48,0.1938,201.92,100.58,40.38,444.23,0.4981,0.6676,3.2869,4.045,47.0,0.0,0.0,DOH_DATA_TUNNEL
10.6567,661.0,589.0,72.0,900487.39,889958.67,10528.72,84499.61,62.03,0.9766,1362.31,254.8,980.12,1500.0,1431.69,1221.38,0.272,40.89,19.76,8.18,89.96,0.4831,0.2649,2.2302,3.5422,22.0,1.0,1.0,DATA_EXFILTRATION
10.0452,107.0,53.0,54.0,45381.82,28083.41,17298.41,4517.76,10.65,0.2377,424.13,36.09,369.99,489.1,388.67,373.74,0.593,216.17,66.4,43.23,475.57,0.3072,0.6144,3.7833,4.0515,39.0,1.0,0.0,DOH_DATA_TUNNEL
11.3786,51.0,15.0,36.0,38797.94,7309.66,31488.29,3409.73,4.48,-0.6232,760.74,405.78,152.07,1491.15,815.87,669.84,0.5979,223.11,373.5,44.62,490.84,1.6741,0.088,5.0167,3.0832,10.0,0.0,0.0,BENIGN_WEB
32.5524,148.0,74.0,74.0,41421.27,29623.52,11797.74,1272.45,4.55,0.4304,279.87,38.57,222.02,349.3,262.63,247.0,0.3384,76.04,37.9,15.21,167.28,0.4985,0.6371,3.1317,3.9233,51.0,0.0,0.0,DOH_DATA_TUNNEL
21.2834,1526.0,1367.0,159.0,1916807.77,1844041.86,72765.91,90061.17,71.7,0.9241,1256.1,163.46,1010.91,1500.0,1273.06,1178.07,0.2989,24.08,7.19,4.82,52.98,0.2986,0.2759,2.5362,3.7681,18.0,0.0,0.0,DATA_EXFILTRATION
41.5792,157.0,78.0,79.0,71070.02,51289.71,19780.31,1709.27,3.78,0.4434,452.68,83.84,326.92,603.59,475.49,389.12,0.5382,203.06,60.38,40.61,446.73,0.2974,0.6462,3.8214,3.8968,36.0,0.0,0.0,DOH_DATA_TUNNEL
2.1565,15.0,4.0,11.0,15349.79,2622.27,12727.52,7117.78,6.96,-0.6583,1023.32,344.14,507.12,1500.0,891.08,1135.64,0.4271,143.77,143.57,28.75,316.29,0.9986,0.1046,4.8385,2.6555,10.0,0.0,0.0,BENIGN_WEB
33.8763,65.0,32.0,33.0,18548.37,13666.61,4881.76,547.53,1.92,0.4736,285.36,72.16,177.11,415.25,290.73,298.23,0.2959,78.83,31.76,15.77,173.43,0.4028,0.7039,3.3954,4.4507,56.0,0.0,0.0,DOH_DATA_TUNNEL
19.1065,42.0,16.0,26.0,43483.44,11992.64,31490.8,2275.85,2.2,-0.4484,1035.32,477.19,319.54,1500.0,1128.37,1060.63,0.541,454.92,722.02,90.98,1000.82,1.5872,0.1376,4.0401,2.1477,9.0,0.0,0.0,BENIGN_WEB
21.9381,48.0,24.0,24.0,14605.98,10038.82,4567.16,665.78,2.19,0.3746,304.29,53.41,224.18,400.42,304.67,269.71,0.5009,93.88,31.16,18.78,206.55,0.3319,0.6555,4.0239,4.3115,43.0,1.0,0.0,DOH_DATA_TUNNEL
21.7716,48.0,24.0,24.0,14745.14,9743.62,5001.52,677.26,2.2,0.3216,307.19,69.55,202.86,432.39,309.61,331.19,0.572,65.37,16.35,13.07,143.82,0.2501,0.5759,3.9443,3.9445,45.0,0.0,0.0,DOH_DATA_TUNNEL
31.3195,44.0,12.0,32.0,44538.49,10787.4,33751.09,1422.07,1.4,-0.5156,1012.24,516.08,238.12,1500.0,1017.79,967.54,0.4054,711.81,859.98,142.36,1565.97,1.2082,0.0211,3.6675,2.9057,20.0,0.0,0.0,BENIGN_WEB
29.5803,28.0,11.0,17.0,22261.75,3969.85,18291.9,752.59,0.95,-0.6433,795.06,391.46,207.87,1499.69,693.36,846.24,0.3091,1056.44,1699.93,211.29,2324.17,1.6091,0.0493,5.0613,2.5053,18.0,0.0,0.0,BENIGN_WEB
14.8592,72.0,24.0,48.0,75913.05,17161.84,58751.2,5108.83,4.85,-0.5479,1054.35,516.2,280.04,1500.0,1210.98,1078.4,0.4732,206.38,344.45,41.28,454.03,1.669,0.0402,3.9416,2.6051,12.0,0.0,0.0,BENIGN_WEB
19.6817,50.0,14.0,36.0,36483.22,9809.45,26673.77,1853.66,2.54,-0.4622,729.66,438.7,71.61,1500.0,712.91,757.56,0.4581,393.63,653.34,78.73,865.99,1.6598,0.0133,4.9231,2.373,16.0,0.0,0.0,BENIGN_WEB
12.03,43.0,12.0,31.0,38191.2,7327.89,30863.31,3174.65,3.57,-0.6163,888.17,366.73,338.08,1500.0,792.97,895.73,0.4148,279.77,378.55,55.95,615.49,1.3531,0.0723,3.6178,2.6711,19.0,0.0,0.0,BENIGN_WEB
26.1452,95.0,47.0,48.0,39573.23,22960.2,16613.03,1513.6,3.63,0.1604,416.56,80.95,295.13,562.27,467.02,389.13,0.1914,210.21,90.99,42.04,462.46,0.4329,0.5746,3.451,4.1024,34.0,0.0,0.0,DOH_DATA_TUNNEL
22.9766,55.0,17.0,38.0,34961.69,6871.84,28089.85,1521.62,2.39,-0.6069,635.67,518.48,40.0,1500.0,568.22,599.96,0.5877,417.76,704.51,83.55,919.06,1.6864,0.0434,4.4656,2.9199,19.0,0.0,0.0,BENIGN_WEB
2.6947,81.0,26.0,55.0,64595.55,16260.51,48335.04,23971.56,30.06,-0.4965,797.48,512.68,40.0,1500.0,896.44,893.51,0.3575,33.27,26.62,6.65,73.19,0.8,0.0737,4.6598,2.6064,12.0,0.0,0.0,BENIGN_WEB
4.1378,26.0,8.0,18.0,20936.78,2542.25,18394.53,5059.89,6.28,-0.7572,805.26,450.21,129.95,1500.0,898.25,692.75,0.1999,159.15,269.54,31.83,350.12,1.6937,0.1133,4.8176,2.4209,20.0,0.0,0.0,BENIGN_WEB
41.0555,50.0,25.0,25.0,20119.76,12137.47,7982.3,490.06,1.22,0.2065,402.4,40.57,341.54,475.42,431.41,438.72,0.2424,232.9,112.09,46.58,512.37,0.4813,0.6558,3.7242,4.3733,47.0,1.0,0.0,DOH_DATA_TUNNEL
14.0408,99.0,49.0,50.0,23625.36,13314.81,10310.54,1682.62,7.05,0.1272,238.64,51.62,161.21,331.56,216.63,227.66,0.6103,154.71,54.14,30.94,340.37,0.35,0.5003,3.3468,4.3096,36.0,0.0,0.0,DOH_DATA_TUNNEL
24.9529,994.0,846.0,148.0,1330899.89,1275194.49,55705.4,53336.51,39.84,0.9163,1338.93,114.22,1167.6,1500.0,1367.14,1496.52,0.4289,15.84,6.8,3.17,34.86,0.4291,0.2428,2.8512,3.0232,18.0,1.0,0.0,DATA_EXFILTRATION
25.8636,35.0,12.0,23.0,27554.5,7434.72,20119.77,1065.38,1.35,-0.4604,787.27,465.97,88.32,1500.0,679.58,696.34,0.3687,738.96,638.38,147.79,1625.71,0.8639,0.0642,3.6653,2.4864,13.0,0.0,0.0,BENIGN_WEB
4.1597,76.0,21.0,55.0,73229.76,7019.16,66210.6,17604.39,18.27,-0.8083,963.55,426.53,323.75,1500.0,904.28,911.69,0.4083,54.73,52.0,10.95,120.41,0.95,0.0376,4.0608,2.1219,21.0,0.0,0.0,BENIGN_WEB
18.8541,142.0,71.0,71.0,40083.33,26745.99,13337.34,2125.97,7.53,0.3345,282.28,54.52,200.49,380.42,260.7,323.87,0.2911,170.69,79.84,34.14,375.53,0.4677,0.5887,3.3973,4.4518,48.0,0.0,0.0,DOH_DATA_TUNNEL
29.6452,15.0,5.0,10.0,12890.95,1968.14,10922.81,434.84,0.51,-0.6946,859.4,479.36,140.35,1500.0,816.12,751.31,0.4501,1976.35,3037.23,395.27,4347.97,1.5368,0.0269,3.7541,2.9014,17.0,0.0,0.0,BENIGN_WEB
20.0252,45.0,22.0,23.0,13738.61,9668.55,4070.05,686.07,2.25,0.4075,305.3,64.44,208.64,421.3,349.25,268.24,0.4012,136.39,48.79,27.28,300.07,0.3577,0.5099,3.3475,4.5013,38.0,0.0,0.0,DOH_DATA_TUNNEL
26.8986,65.0,22.0,43.0,41508.84,9660.13,31848.72,1543.16,2.42,-0.5346,638.6,426.01,40.0,1405.42,592.05,715.88,0.4797,413.83,460.45,82.77,910.42,1.1127,0.0653,4.1692,2.7521,17.0,0.0,0.0,BENIGN_WEB
13.5555,33.0,12.0,21.0,30389.97,6340.22,24049.75,2241.89,2.43,-0.5827,920.91,486.9,190.56,1500.0,864.37,860.92,0.6038,410.77,446.49,82.15,903.7,1.087,0.1144,3.8911,2.3423,8.0,0.0,0.0,BENIGN_WEB
18.7816,57.0,20.0,37.0,52761.3,14291.77,38469.52,2809.21,3.03,-0.4582,925.64,526.83,135.39,1500.0,883.6,927.0,0.519,329.5,559.12,65.9,724.9,1.6969,0.1338,3.6139,2.4597,9.0,0.0,0.0,BENIGN_WEB
17.9356,116.0,58.0,58.0,36204.1,21003.33,15200.76,2018.56,6.47,0.1603,312.1,78.87,193.8,454.06,314.84,354.36,0.5656,61.8,16.21,12.36,135.96,0.2623,0.6197,3.9104,4.1975,43.0,0.0,0.0,DOH_DATA_TUNNEL
30.8544,37.0,15.0,22.0,36640.98,10468.54,26172.45,1187.55,1.2,-0.4286,990.3,573.59,129.91,1500.0,1108.98,1053.46,0.338,833.9,1324.19,166.78,1834.59,1.5879,0.121,4.7994,2.9162,17.0,0.0,0.0,BENIGN_WEB
16.2081,81.0,30.0,51.0,78661.3,20758.6,57902.7,4853.21,5.0,-0.4722,971.13,545.83,152.38,1500.0,1009.08,1024.62,0.1821,200.1,298.73,40.02,440.22,1.4929,0.1033,3.8624,2.3229,17.0,0.0,0.0,BENIGN_WEB
16.2922,165.0,82.0,83.0,48356.4,35419.47,12936.93,2968.08,10.13,0.4649,293.07,67.31,192.1,414.24,305.44,277.7,0.3062,113.64,28.01,22.73,250.02,0.2465,0.4577,3.2981,4.0543,31.0,1.0,0.0,DOH_DATA_TUNNEL
15.8112,48.0,18.0,30.0,47528.29,5580.89,41947.4,3006.0,3.04,-0.7652,990.17,413.35,370.14,1500.0,959.25,984.3,0.3427,329.4,475.48,65.88,724.68,1.4435,0.0942,4.9403,2.103,18.0,0.0,0.0,BENIGN_WEB
26.3042,164.0,82.0,82.0,47708.2,34911.08,12797.12,1813.71,6.23,0.4635,290.9,83.91,165.03,441.95,268.13,324.31,0.3228,58.37,26.77,11.67,128.41,0.4586,0.5662,3.2702,4.4805,36.0,1.0,0.0,DOH_DATA_TUNNEL
27.4378,65.0,19.0,46.0,42049.95,6240.06,35809.89,1532.56,2.37,-0.7032,646.92,422.32,40.0,1407.1,617.01,634.23,0.5669,422.12,322.45,84.42,928.66,0.7639,0.1093,4.1722,2.9623,17.0,0.0,0.0,BENIGN_WEB
20.7886,340.0,304.0,36.0,425282.41,418783.24,6499.17,20457.53,16.36,0.9694,1250.83,274.69,838.79,1500.0,1166.14,1404.91,0.2165,37.05,14.93,7.41,81.52,0.403,0.1337,2.2048,3.5847,19.0,0.0,1.0,DATA_EXFILTRATION
15.3221,27.0,8.0,19.0,18449.05,4185.98,14263.07,1204.08,1.76,-0.5462,683.3,453.62,40.0,1499.82,758.77,610.66,0.2402,567.49,741.15,113.5,1248.47,1.306,0.013,3.8627,2.9673,12.0,0.0,0.0,BENIGN_WEB
26.0416,55.0,22.0,33.0,39746.0,9630.62,30115.38,1526.25,2.11,-0.5154,722.65,531.82,40.0,1500.0,778.15,780.48,0.3996,473.48,636.75,94.7,1041.66,1.3448,0.0592,3.6365,2.9406,11.0,0.0,0.0,BENIGN_WEB
25.2381,72.0,36.0,36.0,27345.11,19467.35,7877.76,1083.49,2.85,0.4238,379.79,68.7,276.74,503.45,414.27,418.35,0.5409,194.02,63.48,38.8,426.84,0.3272,0.558,3.4801,4.412,43.0,0.0,0.0,DOH_DATA_TUNNEL
27.7956,1274.0,998.0,276.0,1749844.29,1587514.88,162329.41,62953.91,45.83,0.8145,1373.5,261.33,981.51,1500.0,1174.02,1219.84,0.4498,34.1,7.91,6.82,75.02,0.2319,0.2731,2.719,2.9936,18.0,1.0,0.0,DATA_EXFILTRATION
29.8825,87.0,43.0,44.0,38871.81,22127.93,16743.89,1300.82,2.91,0.1385,446.8,49.23,372.96,535.42,465.91,511.14,0.3048,116.97,37.86,23.39,257.33,0.3237,0.4658,4.004,4.6053,55.0,1.0,0.0,DOH_DATA_TUNNEL
16.7228,128.0,64.0,64.0,31960.52,18494.57,13465.95,1911.19,7.65,0.1573,249.69,53.9,168.84,346.71,233.95,275.14,0.269,119.57,30.99,23.91,263.05,0.2592,0.6332,3.9976,3.8903,30.0,0.0,0.0,DOH_DATA_TUNNEL
10.8721,27.0,9.0,18.0,20542.87,4936.43,15606.44,1889.5,2.48,-0.5194,760.85,362.85,216.58,1413.97,695.85,808.08,0.2706,402.67,663.49,80.53,885.88,1.6477,0.099,4.0165,2.4837,17.0,0.0,0.0,BENIGN_WEB
47.7673,1542.0,1203.0,339.0,2227877.44,2109034.16,118843.28,46640.26,32.28,0.8933,1444.8,124.21,1258.48,1500.0,1588.04,1248.51,0.2513,13.6,3.6,2.72,29.93,0.2643,0.2747,1.9604,3.6667,29.0,0.0,0.0,DATA_EXFILTRATION
4.346,72.0,25.0,47.0,70167.69,12534.46,57633.24,16145.5,16.57,-0.6427,974.55,354.59,442.66,1500.0,958.06,887.4,0.5424,60.36,60.72,12.07,132.79,1.0059,0.1002,3.9951,2.4004,14.0,0.0,0.0,BENIGN_WEB
26.4597,177.0,88.0,89.0,44133.12,27643.05,16490.07,1667.94,6.69,0.2527,249.34,45.23,181.49,330.76,227.21,225.09,0.4809,228.64,97.63,45.73,503.01,0.427,0.6708,3.4922,4.5958,56.0,0.0,0.0,DOH_DATA_TUNNEL
8.2101,46.0,14.0,32.0,44548.74,12878.65,31670.1,5426.07,5.6,-0.4218,968.45,510.23,203.11,1500.0,933.54,827.89,0.4648,178.48,283.28,35.7,392.66,1.5872,0.0574,4.8867,3.0292,11.0,0.0,0.0,BENIGN_WEB
19.7538,1224.0,965.0,259.0,1657914.39,1586208.67,71705.72,83928.85,61.96,0.9135,1354.51,259.84,964.74,1500.0,1290.32,1402.0,0.1913,32.83,12.51,6.57,72.24,0.381,0.2379,2.7889,3.7125,24.0,0.0,0.0,DATA_EXFILTRATION
15.2504,301.0,272.0,29.0,395261.56,369792.28,25469.28,25918.12,19.74,0.8711,1313.16,128.53,1120.37,1500.0,1339.14,1479.6,0.3965,46.93,25.9,9.39,103.25,0.5519,0.227,2.846,3.3974,26.0,0.0,0.0,DATA_EXFILTRATION
14.5762,35.0,10.0,25.0,25550.91,6972.43,18578.47,1752.91,2.4,-0.4542,730.03,555.1,40.0,1500.0,632.03,730.32,0.6075,416.46,484.8,83.29,916.22,1.1641,0.0446,4.4677,2.1924,12.0,0.0,0.0,BENIGN_WEB
11.9292,56.0,20.0,36.0,60432.95,10176.53,50256.42,5065.95,4.69,-0.6632,1079.16,571.09,222.53,1500.0,1068.22,1170.49,0.3395,213.02,290.23,42.6,468.65,1.3624,0.0645,4.866,2.3733,8.0,0.0,0.0,BENIGN_WEB
31.4788,54.0,20.0,34.0,51093.76,11180.03,39913.73,1623.12,1.72,-0.5624,946.18,518.95,167.76,1500.0,919.5,1066.27,0.5661,582.94,512.83,116.59,1282.47,0.8797,0.1076,4.0284,2.4577,9.0,0.0,0.0,BENIGN_WEB
3.1014,16.0,6.0,10.0,16662.08,2590.78,14071.3,5372.42,5.16,-0.689,1041.38,563.75,195.76,1500.0,1117.36,1144.53,0.2997,193.84,241.84,38.77,426.44,1.2476,0.02,4.4593,2.4816,15.0,0.0,0.0,BENIGN_WEB
6.9717,28.0,9.0,19.0,25582.72,2341.31,23241.41,3669.5,4.02,-0.817,913.67,509.69,149.14,1500.0,979.82,875.4,0.3531,248.99,303.49,49.8,547.78,1.2189,0.0932,5.0205,2.4094,18.0,0.0,0.0,BENIGN_WEB
31.2049,17.0,5.0,12.0,15188.43,2476.63,12711.79,486.73,0.54,-0.6739,893.44,456.95,208.01,1500.0,769.84,925.98,0.2344,1835.59,1340.81,367.12,4038.29,0.7305,0.0535,4.1463,2.1991,19.0,0.0,0.0,BENIGN_WEB
21.6586,58.0,17.0,41.0,49471.65,8752.45,40719.2,2284.15,2.68,-0.6462,852.96,392.77,263.81,1500.0,759.46,909.57,0.198,373.42,603.37,74.68,821.53,1.6158,0.0181,4.5842,2.339,9.0,0.0,0.0,BENIGN_WEB
37.4498,596.0,471.0,125.0,817172.85,728525.81,88647.04,21820.5,15.91,0.783,1371.1,264.88,973.77,1500.0,1344.33,1354.22,0.2275,14.65,6.18,2.93,32.24,0.4219,0.1903,2.3535,3.3953,28.0,0.0,0.0,DATA_EXFILTRATION
5.1234,68.0,26.0,42.0,43614.04,10435.16,33178.88,8512.64,13.27,-0.5215,641.38,361.92,98.5,1292.84,621.1,658.61,0.2834,75.34,55.78,15.07,165.76,0.7403,0.0894,4.7806,2.181,14.0,0.0,0.0,BENIGN_WEB
19.2473,63.0,18.0,45.0,45169.74,8254.07,36915.66,2346.81,3.27,-0.6345,716.98,548.53,40.0,1500.0,698.46,644.75,0.2027,305.51,386.63,61.1,672.13,1.2655,0.1223,4.3564,2.1079,18.0,0.0,0.0,BENIGN_WEB
2.9535,78.0,24.0,54.0,83166.62,23434.94,59731.68,28158.82,26.41,-0.4364,1066.24,341.02,554.72,1500.0,1123.59,1068.23,0.2253,37.87,47.01,7.57,83.3,1.2416,0.0784,4.194,2.4701,20.0,0.0,0.0,BENIGN_WEB
25.3696,52.0,17.0,35.0,52461.76,6991.86,45469.9,2067.9,2.05,-0.7334,1008.88,364.62,461.95,1500.0,1115.1,1156.69,0.5089,487.88,491.12,97.58,1073.33,1.0066,0.067,5.0698,2.2521,10.0,0.0,0.0,BENIGN_WEB
29.5805,126.0,63.0,63.0,32706.3,23995.85,8710.44,1105.67,4.26,0.4674,259.57,63.13,164.87,373.21,235.28,241.16,0.1914,49.84,18.08,9.97,109.64,0.3627,0.4411,3.2839,4.1079,41.0,0.0,0.0,DOH_DATA_TUNNEL
18.4668,50.0,16.0,34.0,31898.81,3182.27,28716.54,1727.36,2.71,-0.8005,637.98,410.61,40.0,1377.08,704.66,730.04,0.5667,369.34,560.69,73.87,812.54,1.5181,0.1267,4.9944,2.3581,14.0,0.0,0.0,BENIGN_WEB
33.9322,1390.0,1174.0,216.0,1793491.39,1621206.36,172285.03,52855.17,40.96,0.8079,1290.28,164.52,1043.5,1500.0,1483.69,1187.21,0.5117,39.89,24.03,7.98,87.76,0.6023,0.2485,2.4372,2.9827,17.0,0.0,0.0,DATA_EXFILTRATION
19.9264,57.0,20.0,37.0,46401.65,10227.15,36174.5,2328.66,2.86,-0.5592,814.06,369.12,260.39,1478.47,928.0,765.47,0.4537,349.59,254.72,69.92,769.09,0.7286,0.0663,4.4197,3.0934,15.0,0.0,0.0,BENIGN_WEB
10.7096,150.0,75.0,75.0,44391.58,25797.56,18594.02,4145.03,14.01,0.1623,295.94,75.73,182.34,432.27,256.84,290.48,0.5189,221.66,87.93,44.33,487.65,0.3967,0.5768,3.4658,4.0527,43.0,1.0,0.0,DOH_DATA_TUNNEL
29.4242,175.0,87.0,88.0,49412.54,30049.23,19363.31,1679.32,5.95,0.2163,282.36,63.5,187.11,396.66,267.92,255.54,0.3183,222.46,52.04,44.49,489.41,0.234,0.4626,3.3723,4.2473,49.0,1.0,0.0,DOH_DATA_TUNNEL
50.3911,174.0,143.0,31.0,246403.51,226131.9,20271.61,4889.83,3.45,0.8355,1416.11,259.11,1027.44,1500.0,1467.88,1358.65,0.5155,19.18,8.07,3.84,42.21,0.4207,0.2594,2.8244,3.5671,27.0,0.0,0.0,DATA_EXFILTRATION
22.1191,32.0,10.0,22.0,22911.6,3515.24,19396.36,1035.83,1.45,-0.6931,715.99,501.42,40.0,1500.0,805.94,800.45,0.5256,691.22,693.07,138.24,1520.69,1.0027,0.0174,4.3505,2.9771,20.0,0.0,0.0,BENIGN_WEB
8.1574,40.0,13.0,27.0,27388.2,6733.61,20654.59,3357.46,4.9,-0.5083,684.7,413.89,63.87,1429.71,754.19,688.76,0.4823,203.94,175.53,40.79,448.66,0.8607,0.0787,4.3164,2.4671,12.0,0.0,0.0,BENIGN_WEB
25.1324,460.0,408.0,52.0,635922.91,615850.1,20072.81,25302.94,18.3,0.9369,1382.44,180.97,1110.98,1500.0,1281.35,1334.68,0.4468,25.35,14.23,5.07,55.76,0.5614,0.1793,2.2331,3.3649,25.0,0.0,0.0,DATA_EXFILTRATION
21.7331,61.0,24.0,37.0,44532.17,10512.97,34019.2,2049.05,2.81,-0.5278,730.04,388.26,147.65,1428.9,696.1,703.74,0.4329,356.28,370.36,71.26,783.82,1.0395,0.0929,4.5633,2.6579,18.0,0.0,0.0,BENIGN_WEB
12.8755,118.0,59.0,59.0,42743.9,25865.47,16878.43,3319.79,9.16,0.2103,362.24,37.15,306.51,429.11,352.45,410.55,0.5652,225.97,91.9,45.19,497.14,0.4067,0.4272,3.2173,3.8971,50.0,1.0,0.0,DOH_DATA_TUNNEL
28.8883,157.0,78.0,79.0,49066.03,31068.66,17997.37,1698.48,5.43,0.2664,312.52,49.41,238.41,401.46,315.1,349.67,0.4371,132.32,48.31,26.46,291.1,0.3651,0.6124,3.1111,4.5084,45.0,1.0,0.0,DOH_DATA_TUNNEL
31.9542,62.0,17.0,45.0,46733.53,9861.87,36871.65,1462.51,1.94,-0.578,753.77,326.9,263.42,1342.18,853.78,777.38,0.1923,515.39,642.66,103.08,1133.86,1.2469,0.114,4.8276,2.1801,18.0,0.0,0.0,BENIGN_WEB
8.3948,55.0,19.0,36.0,44577.3,12007.9,32569.4,5310.13,6.55,-0.4613,810.5,521.22,40.0,1500.0,721.48,846.47,0.5838,152.63,264.85,30.53,335.79,1.7352,0.0153,4.2502,2.658,15.0,0.0,0.0,BENIGN_WEB
28.6788,380.0,337.0,43.0,506635.33,465567.96,41067.37,17665.86,13.25,0.8379,1333.25,187.36,1052.21,1500.0,1182.78,1290.38,0.6141,41.64,21.75,8.33,91.61,0.5224,0.1388,2.4888,3.6578,21.0,0.0,0.0,DATA_EXFILTRATION
21.2124,54.0,21.0,33.0,42571.83,12021.4,30550.44,2006.93,2.55,-0.4352,788.37,485.57,60.01,1500.0,696.39,858.25,0.6069,392.82,556.76,78.56,864.21,1.4173,0.0691,3.8652,2.5479,13.0,0.0,0.0,BENIGN_WEB
7.0641,73.0,22.0,51.0,61785.53,14465.42,47320.11,8746.37,10.33,-0.5318,846.38,488.97,112.93,1500.0,925.78,876.66,0.5921,96.77,159.18,19.35,212.89,1.6449,0.1182,4.2407,2.3359,11.0,0.0,0.0,BENIGN_WEB
14.941,58.0,24.0,34.0,42004.42,4075.07,37929.35,2811.35,3.88,-0.806,724.21,460.63,40.0,1500.0,776.9,792.1,0.5431,257.6,288.94,51.52,566.73,1.1217,0.1138,3.6669,2.7428,11.0,0.0,0.0,BENIGN_WEB
32.9466,83.0,41.0,42.0,21765.88,14986.42,6779.46,660.64,2.52,0.3771,262.24,48.47,189.53,349.49,295.79,240.68,0.315,172.24,86.47,34.45,378.94,0.502,0.7006,4.0579,4.4126,51.0,0.0,0.0,DOH_DATA_TUNNEL
11.1927,108.0,54.0,54.0,30349.15,17777.34,12571.81,2711.52,9.65,0.1715,281.01,80.47,160.3,425.86,253.4,308.14,0.488,91.94,36.72,18.39,202.28,0.3993,0.6222,3.7683,4.3676,47.0,0.0,0.0,DOH_DATA_TUNNEL
23.4931,47.0,15.0,32.0,46526.4,13321.93,33204.47,1980.43,2.0,-0.4273,989.92,557.34,153.91,1500.0,1133.94,845.62,0.4778,499.85,800.39,99.97,1099.68,1.6012,0.066,3.992,2.9784,19.0,0.0,0.0,BENIGN_WEB
10.6649,29.0,11.0,18.0,24757.34,4106.86,20650.48,2321.38,2.72,-0.6682,853.7,334.36,352.16,1455.55,840.43,772.47,0.5397,367.76,370.67,73.55,809.06,1.0079,0.0222,3.8358,2.4682,21.0,0.0,0.0,BENIGN_WEB
14.8154,151.0,75.0,76.0,58388.6,41270.1,17118.5,3941.06,10.19,0.4136,386.68,52.54,307.87,481.25,433.34,437.5,0.5482,165.6,44.61,33.12,364.31,0.2694,0.4747,3.1657,4.4939,33.0,0.0,0.0,DOH_DATA_TUNNEL
25.9641,56.0,28.0,28.0,23641.79,15872.61,7769.19,910.56,2.16,0.3428,422.17,76.95,306.76,560.68,412.61,468.05,0.4295,55.42,31.75,11.08,121.92,0.5728,0.627,3.6328,4.0199,53.0,0.0,0.0,DOH_DATA_TUNNEL
18.2638,21.0,6.0,15.0,21461.74,5859.37,15602.37,1175.1,1.15,-0.454,1021.99,374.46,460.3,1500.0,1083.17,998.09,0.3332,869.7,1033.39,173.94,1913.35,1.1882,0.0539,5.0384,3.0305,12.0,0.0,0.0,BENIGN_WEB
23.6937,81.0,27.0,54.0,67020.26,7669.95,59350.31,2828.61,3.42,-0.7711,827.41,355.7,293.85,1467.68,711.66,705.54,0.1912,292.51,396.22,58.5,643.53,1.3545,0.0767,4.8786,2.7059,12.0,0.0,0.0,BENIGN_WEB
29.8925,63.0,19.0,44.0,55813.94,10745.56,45068.38,1867.16,2.11,-0.615,885.94,368.81,332.72,1500.0,811.71,834.7,0.3154,474.48,794.43,94.9,1043.86,1.6743,0.0921,4.808,2.5903,9.0,0.0,0.0,BENIGN_WEB
6.1096,97.0,48.0,49.0,41691.03,29543.28,12147.75,6823.85,15.88,0.4172,429.8,84.95,302.38,582.71,469.73,473.59,0.3003,79.26,18.53,15.85,174.36,0.2337,0.4582,3.963,4.5606,47.0,1.0,0.0,DOH_DATA_TUNNEL
17.4935,392.0,314.0,78.0,479720.49,464067.41,15653.07,27422.71,22.41,0.9347,1223.78,277.27,807.87,1500.0,1369.34,1308.06,0.3451,34.61,8.05,6.92,76.14,0.2326,0.1304,2.6487,3.0702,17.0,1.0,1.0,DATA_EXFILTRATION
9.4329,69.0,28.0,41.0,59778.09,10347.87,49430.22,6337.17,7.31,-0.6538,866.35,511.95,98.43,1500.0,924.23,921.82,0.3946,136.71,163.19,27.34,300.76,1.1937,0.0401,4.936,3.0377,14.0,0.0,0.0,BENIGN_WEB
9.7292,39.0,13.0,26.0,26224.78,2720.11,23504.67,2695.46,4.01,-0.7926,672.43,368.75,119.3,1336.19,613.47,685.39,0.2402,249.47,341.03,49.89,548.83,1.367,0.0465,4.0948,2.3669,12.0,0.0,0.0,BENIGN_WEB
25.7644,15.0,6.0,9.0,12361.53,3084.07,9277.46,479.79,0.58,-0.501,824.1,371.89,266.27,1493.5,905.11,881.96,0.4012,1717.63,2997.13,343.53,3778.78,1.7449,0.0722,4.0614,2.2504,18.0,0.0,0.0,BENIGN_WEB
13.6415,144.0,72.0,72.0,45313.36,25482.22,19831.15,3321.72,10.56,0.1247,314.68,63.81,218.97,429.53,338.39,322.44,0.5151,154.45,86.49,30.89,339.78,0.56,0.6426,3.3067,4.3477,41.0,0.0,0.0,DOH_DATA_TUNNEL
19.6838,819.0,644.0,175.0,1174340.36,1121736.42,52603.94,59660.25,41.61,0.9104,1433.87,269.61,1029.45,1500.0,1359.5,1299.14,0.6027,26.47,14.77,5.29,58.23,0.5579,0.178,2.8969,2.9749,19.0,1.0,0.0,DATA_EXFILTRATION
29.5264,1196.0,936.0,260.0,1694264.27,1515316.42,178947.85,57381.4,40.51,0.7888,1416.61,119.64,1237.15,1500.0,1545.27,1340.76,0.1878,46.72,28.07,9.34,102.77,0.6009,0.1497,2.3841,3.3471,28.0,1.0,0.0,DATA_EXFILTRATION
21.7714,160.0,80.0,80.0,41251.96,25647.63,15604.33,1894.78,7.35,0.2435,257.82,74.42,146.2,391.77,260.84,238.62,0.2045,206.73,62.69,41.35,454.8,0.3032,0.615,3.4263,4.372,43.0,0.0,0.0,DOH_DATA_TUNNEL
25.4445,37.0,14.0,23.0,34246.98,9287.15,24959.83,1345.95,1.45,-0.4576,925.59,497.63,179.15,1500.0,799.22,824.03,0.2677,687.69,938.13,137.54,1512.91,1.3642,0.1026,5.0773,2.6104,16.0,0.0,0.0,BENIGN_WEB
11.8939,65.0,22.0,43.0,65947.88,11148.83,54799.04,5544.67,5.46,-0.6619,1014.58,426.67,374.58,1500.0,1139.49,1069.34,0.5469,182.98,130.02,36.6,402.56,0.7106,0.1393,3.9782,2.3992,9.0,0.0,0.0,BENIGN_WEB
26.4825,112.0,56.0,56.0,41955.85,24048.01,17907.85,1584.29,4.23,0.1463,374.61,57.5,288.36,478.1,387.24,393.1,0.2562,108.59,38.4,21.72,238.89,0.3536,0.6859,3.6364,4.6324,36.0,1.0,0.0,DOH_DATA_TUNNEL
21.4078,20.0,8.0,12.0,16015.19,2297.27,13717.92,748.1,0.93,-0.7131,800.76,510.65,40.0,1500.0,884.55,826.6,0.2057,1070.39,1499.51,214.08,2354.86,1.4009,0.1273,4.1128,2.2756,19.0,0.0,0.0,BENIGN_WEB
26.2927,23.0,8.0,15.0,17289.86,2250.35,15039.51,657.59,0.87,-0.7397,751.73,468.9,48.38,1500.0,745.32,803.08,0.2721,1143.16,1945.81,228.63,2514.95,1.7021,0.1202,4.5208,3.0674,8.0,0.0,0.0,BENIGN_WEB
15.7727,129.0,64.0,65.0,57193.81,42998.58,14195.22,3626.12,8.18,0.5036,443.36,79.08,324.74,585.71,415.38,498.51,0.246,192.08,76.41,38.42,422.57,0.3978,0.6142,3.8861,4.1825,38.0,1.0,0.0,DOH_DATA_TUNNEL
22.0716,18.0,6.0,12.0,16575.99,3757.2,12818.79,751.01,0.82,-0.5467,920.89,558.21,83.58,1500.0,959.94,1018.3,0.2442,1226.2,1547.42,245.24,2697.64,1.262,0.061,3.7259,2.7728,21.0,0.0,0.0,BENIGN_WEB
51.5016,337.0,278.0,59.0,443941.27,409485.51,34455.77,8619.95,6.54,0.8448,1317.33,260.52,926.56,1500.0,1399.3,1381.52,0.2794,15.25,6.59,3.05,33.55,0.4322,0.2736,2.3568,2.9055,17.0,1.0,1.0,DATA_EXFILTRATION
13.1508,1136.0,945.0,191.0,1599479.73,1578391.16,21088.57,121625.84,86.38,0.9736,1407.99,183.41,1132.88,1500.0,1568.87,1482.45,0.5022,47.13,11.09,9.43,103.69,0.2353,0.1271,2.6967,3.3183,25.0,1.0,0.0,DATA_EXFILTRATION
22.9163,82.0,29.0,53.0,80883.87,7605.17,73278.71,3529.53,3.58,-0.8119,986.39,477.14,270.67,1500.0,1132.05,1098.16,0.6141,279.47,382.69,55.89,614.83,1.3694,0.0844,4.2685,2.161,11.0,0.0,0.0,BENIGN_WEB
21.4088,38.0,15.0,23.0,31912.73,5910.98,26001.75,1490.64,1.77,-0.6296,839.81,408.38,227.24,1500.0,714.09,744.66,0.4903,563.39,491.87,112.68,1239.46,0.8731,0.1183,4.4283,2.7566,10.0,0.0,0.0,BENIGN_WEB
21.6734,16.0,4.0,12.0,16711.71,4163.26,12548.45,771.07,0.74,-0.5018,1044.48,483.44,319.31,1500.0,916.84,977.15,0.3924,1354.59,1127.86,270.92,2980.1,0.8326,0.0327,4.3424,3.0225,15.0,0.0,0.0,BENIGN_WEB
15.3023,30.0,11.0,19.0,23810.71,5051.4,18759.31,1556.03,1.96,-0.5757,793.69,471.37,86.63,1500.0,907.86,800.05,0.5676,510.08,577.54,102.02,1122.17,1.1323,0.0369,4.6785,2.6163,20.0,0.0,0.0,BENIGN_WEB
12.1724,77.0,31.0,46.0,71831.01,6728.49,65102.52,5901.16,6.33,-0.8127,932.87,380.22,362.54,1500.0,955.37,855.21,0.1844,158.08,249.3,31.62,347.78,1.577,0.1037,3.9474,2.4264,14.0,0.0,0.0,BENIGN_WEB
29.6968,131.0,65.0,66.0,31463.5,23496.76,7966.74,1059.49,4.41,0.4936,240.18,36.56,185.33,305.99,218.59,260.83,0.2778,211.01,65.58,42.2,464.21,0.3108,0.6124,3.4778,4.2276,35.0,0.0,0.0,DOH_DATA_TUNNEL
10.8129,17.0,5.0,12.0,12348.75,1547.66,10801.1,1142.04,1.57,-0.7493,726.4,490.28,40.0,1500.0,655.84,740.86,0.2715,636.05,776.34,127.21,1399.31,1.2206,0.0553,4.0911,2.8426,21.0,0.0,0.0,BENIGN_WEB
10.8656,356.0,305.0,51.0,460929.03,421770.72,39158.31,42421.0,32.76,0.8301,1294.74,114.81,1122.53,1500.0,1474.19,1127.22,0.4019,31.94,17.61,6.39,70.26,0.5515,0.1576,2.3387,3.1132,16.0,1.0,0.0,DATA_EXFILTRATION
19.244,75.0,37.0,38.0,25682.23,18423.25,7258.98,1334.56,3.9,0.4347,342.43,46.97,271.97,426.98,319.36,347.46,0.5467,191.24,61.85,38.25,420.72,0.3234,0.7199,3.7411,4.0328,36.0,1.0,0.0,DOH_DATA_TUNNEL
28.0043,94.0,47.0,47.0,37075.08,27319.35,9755.73,1323.91,3.36,0.4737,394.42,80.79,273.24,539.83,423.89,417.25,0.4894,122.63,64.45,24.53,269.78,0.5255,0.6928,3.5595,4.463,43.0,0.0,0.0,DOH_DATA_TUNNEL
4.603,79.0,32.0,47.0,60538.25,8895.29,51642.96,13152.04,17.16,-0.7061,766.31,389.99,181.32,1468.29,742.27,799.05,0.3143,58.27,40.92,11.65,128.18,0.7022,0.0271,4.6303,2.254,15.0,0.0,0.0,BENIGN_WEB
8.7628,92.0,46.0,46.0,28095.49,21287.29,6808.2,3206.21,10.5,0.5154,305.39,44.45,238.72,385.39,347.79,329.84,0.4756,67.02,22.25,13.4,147.44,0.332,0.565,3.667,3.9671,55.0,0.0,0.0,DOH_DATA_TUNNEL
32.2063,997.0,843.0,154.0,1316102.09,1265918.49,50183.59,40864.8,30.96,0.9237,1320.06,170.36,1064.52,1500.0,1286.21,1487.11,0.6016,17.52,10.94,3.5,38.54,0.6246,0.1421,2.2217,3.2118,22.0,0.0,0.0,DATA_EXFILTRATION
31.4377,20.0,6.0,14.0,16018.03,3287.2,12730.84,509.52,0.64,-0.5896,800.9,434.05,149.83,1500.0,824.08,824.59,0.2141,1571.88,2342.18,314.38,3458.15,1.49,0.0166,4.2779,2.3078,10.0,0.0,0.0,BENIGN_WEB
30.6224,39.0,12.0,27.0,31841.17,6392.3,25448.87,1039.8,1.27,-0.5985,816.44,489.59,82.05,1500.0,936.8,761.85,0.2405,785.19,1103.97,157.04,1727.42,1.406,0.1336,4.0584,2.8997,10.0,0.0,0.0,BENIGN_WEB
22.6645,161.0,80.0,81.0,53171.65,32086.38,21085.27,2346.03,7.1,0.2069,330.26,53.58,249.89,426.71,329.95,360.81,0.6088,195.79,103.06,39.16,430.73,0.5264,0.5423,3.9838,3.9712,58.0,1.0,0.0,DOH_DATA_TUNNEL
13.3261,34.0,10.0,24.0,25271.16,2893.96,22377.21,1896.37,2.55,-0.771,743.27,502.59,40.0,1500.0,758.66,848.44,0.5331,391.94,289.53,78.39,862.27,0.7387,0.04,4.38,2.2014,10.0,0.0,0.0,BENIGN_WEB
21.6289,78.0,39.0,39.0,20353.5,12691.39,7662.11,941.03,3.61,0.2471,260.94,83.43,135.8,411.12,236.52,268.66,0.6068,143.35,41.04,28.67,315.36,0.2863,0.6116,3.3918,4.2132,58.0,1.0,0.0,DOH_DATA_TUNNEL
19.3855,65.0,18.0,47.0,56983.74,12044.28,44939.46,2939.51,3.35,-0.5773,876.67,572.97,40.0,1500.0,966.53,879.08,0.1874,298.24,274.27,59.65,656.12,0.9196,0.0462,3.7854,2.2132,20.0,0.0,0.0,BENIGN_WEB
5.3228,75.0,28.0,47.0,77465.88,17689.7,59776.18,14553.68,14.09,-0.5433,1032.88,413.88,412.06,1500.0,898.74,1087.33,0.2151,70.97,95.65,14.19,156.13,1.3478,0.0843,4.7672,2.3538,10.0,0.0,0.0,BENIGN_WEB
25.5847,28.0,8.0,20.0,22818.41,4997.83,17820.58,891.88,1.09,-0.5619,814.94,340.21,304.62,1427.33,851.23,845.6,0.2756,913.74,843.72,182.75,2010.23,0.9234,0.0272,4.686,3.0359,16.0,0.0,0.0,BENIGN_WEB
28.1936,60.0,24.0,36.0,45401.35,4428.56,40972.8,1610.34,2.13,-0.8049,756.69,414.72,134.62,1500.0,812.32,851.88,0.5645,469.89,690.1,93.98,1033.77,1.4686,0.0333,3.6539,2.8376,20.0,0.0,0.0,BENIGN_WEB
24.0202,103.0,51.0,52.0,36761.18,26515.38,10245.8,1530.43,4.29,0.4426,356.9,50.44,281.25,447.69,338.54,398.07,0.3573,166.1,54.35,33.22,365.42,0.3272,0.6193,3.3629,3.9356,55.0,0.0,0.0,DOH_DATA_TUNNEL
7.3575,42.0,15.0,27.0,40649.18,4743.83,35905.35,5524.83,5.71,-0.7666,967.84,435.66,314.35,1500.0,909.17,837.91,0.2682,175.18,152.73,35.04,385.4,0.8719,0.1385,5.0389,2.1035,8.0,0.0,0.0,BENIGN_WEB
13.7722,652.0,523.0,129.0,839413.62,806975.68,32437.94,60950.03,47.34,0.9227,1287.44,180.57,1016.58,1500.0,1447.01,1166.55,0.4119,17.29,8.94,3.46,38.04,0.5173,0.1563,2.8556,3.545,14.0,0.0,0.0,DATA_EXFILTRATION
23.7974,22.0,8.0,14.0,22204.15,4066.0,18138.15,933.05,0.92,-0.6338,1009.28,451.87,331.47,1500.0,1108.23,1069.94,0.2058,1081.7,987.64,216.34,2379.74,0.913,0.1316,3.8662,2.6555,13.0,0.0,0.0,BENIGN_WEB
8.9451,78.0,26.0,52.0,53538.94,10028.61,43510.32,5985.31,8.72,-0.6254,686.4,524.74,40.0,1500.0,590.27,713.72,0.2523,114.68,142.34,22.94,252.3,1.2412,0.0651,4.395,2.7854,11.0,0.0,0.0,BENIGN_WEB
41.5607,735.0,573.0,162.0,1030278.8,1003304.68,26974.12,24789.75,17.68,0.9476,1401.74,132.7,1202.69,1500.0,1379.89,1589.64,0.2337,11.28,4.09,2.26,24.82,0.3629,0.2003,2.2411,3.1381,20.0,1.0,0.0,DATA_EXFILTRATION
41.7087,38.0,19.0,19.0,11770.5,7227.72,4542.77,282.21,0.91,0.2281,309.75,41.5,247.5,384.45,325.04,276.25,0.2594,90.55,45.55,18.11,199.21,0.5031,0.5889,3.9674,4.1014,43.0,0.0,0.0,DOH_DATA_TUNNEL
40.3642,174.0,87.0,87.0,67514.94,50300.3,17214.65,1672.64,4.31,0.49,388.02,68.27,285.61,510.9,421.05,352.35,0.2722,126.38,72.92,25.28,278.04,0.577,0.5956,3.9646,4.3548,44.0,0.0,0.0,DOH_DATA_TUNNEL
2.5369,58.0,23.0,35.0,45771.52,10716.38,35055.14,18042.2,22.86,-0.5317,789.16,446.35,119.64,1500.0,733.84,853.9,0.576,43.74,45.44,8.75,96.23,1.0389,0.0332,4.7694,2.6933,18.0,0.0,0.0,BENIGN_WEB
11.3288,34.0,10.0,24.0,27054.42,3554.84,23499.57,2388.11,3.0,-0.7372,795.72,349.26,271.83,1424.39,836.35,725.21,0.3792,333.2,331.8,66.64,733.04,0.9958,0.0214,4.0722,2.1033,15.0,0.0,0.0,BENIGN_WEB
27.7701,45.0,16.0,29.0,43436.68,6768.34,36668.33,1564.15,1.62,-0.6884,965.26,408.78,352.08,1500.0,852.79,967.41,0.4578,617.11,791.52,123.42,1357.65,1.2826,0.1198,4.3418,3.0388,10.0,0.0,0.0,BENIGN_WEB
10.267,48.0,15.0,33.0,46474.25,4653.32,41820.94,4526.55,4.68,-0.7997,968.21,322.15,485.0,1500.0,943.89,999.47,0.4567,213.9,291.63,42.78,470.57,1.3634,0.1033,4.6654,2.2165,12.0,0.0,0.0,BENIGN_WEB
10.0391,121.0,60.0,61.0,50693.33,29990.86,20702.47,5049.59,12.05,0.1832,418.95,47.43,347.8,504.33,394.74,399.95,0.4516,187.89,89.23,37.58,413.36,0.4749,0.6074,3.9318,4.0872,50.0,0.0,0.0,DOH_DATA_TUNNEL
47.0975,148.0,130.0,18.0,213175.6,193208.89,19966.7,4526.27,3.14,0.8127,1440.38,144.93,1222.98,1500.0,1589.16,1554.52,0.4206,41.29,13.07,8.26,90.84,0.3166,0.1226,2.4094,3.7636,28.0,1.0,1.0,DATA_EXFILTRATION
9.6739,141.0,70.0,71.0,37365.96,21076.43,16289.53,3862.55,14.58,0.1281,265.01,57.59,178.62,368.68,285.62,298.48,0.3418,157.83,43.17,31.57,347.23,0.2735,0.431,3.9887,3.977,59.0,1.0,0.0,DOH_DATA_TUNNEL
27.899,29.0,8.0,21.0,19811.37,5107.28,14704.09,710.11,1.04,-0.4844,683.15,341.88,170.33,1298.54,588.97,703.76,0.5195,962.04,1169.24,192.41,2116.48,1.2154,0.0473,3.9654,2.57,12.0,0.0,0.0,BENIGN_WEB
37.6934,91.0,45.0,46.0,23480.45,15436.28,8044.17,622.93,2.41,0.3148,258.03,48.76,184.89,345.79,227.43,260.92,0.2644,172.4,88.35,34.48,379.28,0.5125,0.5351,3.6018,4.6344,46.0,0.0,0.0,DOH_DATA_TUNNEL
18.8795,36.0,11.0,25.0,35779.91,6269.37,29510.54,1895.17,1.91,-0.6496,993.89,455.29,310.95,1500.0,845.24,1020.65,0.3359,524.43,738.27,104.89,1153.75,1.4078,0.0481,3.7728,2.5509,20.0,0.0,0.0,BENIGN_WEB
34.6748,1536.0,1307.0,229.0,2178584.67,2108220.06,70364.61,62828.98,44.3,0.9354,1418.35,278.93,999.95,1500.0,1548.29,1218.81,0.3296,16.5,4.7,3.3,36.31,0.285,0.2677,2.6677,3.6462,14.0,1.0,1.0,DATA_EXFILTRATION
27.0892,34.0,12.0,22.0,30058.98,3950.75,26108.23,1109.63,1.26,-0.7371,884.09,474.89,171.75,1500.0,787.06,885.37,0.4712,796.74,968.56,159.35,1752.83,1.2157,0.0747,4.4144,3.0676,14.0,0.0,0.0,BENIGN_WEB
44.7295,803.0,713.0,90.0,1095017.0,1012457.8,82559.2,24480.88,17.95,0.8492,1363.66,134.93,1161.27,1500.0,1185.44,1372.45,0.3753,42.34,20.06,8.47,93.14,0.4738,0.177,1.9564,3.3615,18.0,1.0,0.0,DATA_EXFILTRATION
15.3849,37.0,12.0,25.0,29721.54,5075.15,24646.38,1931.86,2.4,-0.6585,803.28,453.76,122.65,1500.0,923.53,727.85,0.3982,415.81,724.74,83.16,914.78,1.743,0.067,4.3293,3.0676,19.0,0.0,0.0,BENIGN_WEB
29.2242,77.0,38.0,39.0,21473.1,12404.71,9068.38,734.77,2.63,0.1554,278.87,78.27,161.46,419.76,311.22,238.39,0.2306,231.25,116.69,46.25,508.74,0.5046,0.6144,3.5929,4.2702,42.0,1.0,0.0,DOH_DATA_TUNNEL
41.1942,157.0,78.0,79.0,43347.39,27923.67,15423.72,1052.27,3.81,0.2884,276.1,72.88,166.77,407.29,263.14,297.3,0.3981,73.89,42.22,14.78,162.56,0.5713,0.4664,3.619,4.415,30.0,1.0,0.0,DOH_DATA_TUNNEL
34.4319,120.0,60.0,60.0,30818.26,21640.35,9177.91,895.05,3.49,0.4044,256.82,57.9,169.98,361.03,285.97,232.89,0.5193,222.8,112.15,44.56,490.16,0.5034,0.6422,3.9835,4.597,49.0,0.0,0.0,DOH_DATA_TUNNEL
30.345,43.0,17.0,26.0,33545.54,4436.56,29108.97,1105.47,1.42,-0.7355,780.13,564.52,40.0,1500.0,850.41,818.55,0.1926,705.7,873.8,141.14,1552.53,1.2382,0.1372,3.9269,2.3213,13.0,0.0,0.0,BENIGN_WEB
9.3851,35.0,14.0,21.0,35410.24,3367.41,32042.83,3773.01,3.73,-0.8098,1011.72,545.9,192.86,1500.0,1066.68,1078.0,0.5,268.15,231.03,53.63,589.92,0.8616,0.0522,3.6112,2.2007,10.0,0.0,0.0,BENIGN_WEB
41.0016,132.0,66.0,66.0,52234.87,37714.44,14520.43,1273.97,3.22,0.444,395.72,58.83,307.47,501.62,417.66,359.64,0.2373,220.75,98.99,44.15,485.64,0.4484,0.4298,3.1685,3.9519,61.0,0.0,0.0,DOH_DATA_TUNNEL
9.4686,53.0,15.0,38.0,42646.45,5694.43,36952.02,4503.97,5.6,-0.7329,804.65,370.15,249.43,1470.92,808.42,839.47,0.4209,178.65,259.75,35.73,393.04,1.4539,0.1259,4.7533,2.5413,11.0,0.0,0.0,BENIGN_WEB
18.6147,118.0,59.0,59.0,47224.34,28620.85,18603.49,2536.93,6.34,0.2121,400.21,39.45,341.03,471.21,360.33,423.11,0.5146,138.97,59.38,27.79,305.74,0.4273,0.7033,3.3083,4.3916,50.0,0.0,0.0,DOH_DATA_TUNNEL
40.6995,96.0,48.0,48.0,24541.87,16887.35,7654.52,603.0,2.36,0.3762,255.64,73.28,145.72,387.55,251.85,264.0,0.5649,182.92,62.14,36.58,402.41,0.3397,0.4554,3.5212,4.0776,37.0,1.0,0.0,DOH_DATA_TUNNEL
39.7003,150.0,75.0,75.0,62417.35,44922.93,17494.42,1572.21,3.78,0.4394,416.12,60.59,325.23,525.17,453.91,404.4,0.6023,216.11,79.86,43.22,475.44,0.3695,0.6072,3.707,4.2168,51.0,1.0,0.0,DOH_DATA_TUNNEL
9.685,48.0,20.0,28.0,40072.22,8316.64,31755.59,4137.56,4.96,-0.5849,834.84,427.96,192.9,1500.0,912.39,948.25,0.3129,201.77,224.95,40.35,443.9,1.1149,0.0801,4.5954,2.1761,14.0,0.0,0.0,BENIGN_WEB
10.3133,167.0,83.0,84.0,41309.17,28083.94,13225.23,4005.44,16.19,0.3597,247.36,63.38,152.28,361.45,235.38,270.69,0.3925,202.89,115.93,40.58,446.36,0.5714,0.4774,3.5778,4.4595,56.0,1.0,0.0,DOH_DATA_TUNNEL
30.297,68.0,21.0,47.0,60181.65,8316.99,51864.66,1986.39,2.24,-0.7236,885.02,576.54,40.0,1500.0,893.32,1006.04,0.3227,445.54,517.91,89.11,980.2,1.1624,0.1214,3.7195,2.4268,20.0,0.0,0.0,BENIGN_WEB
34.2029,1376.0,1168.0,208.0,1972182.0,1849715.32,122466.68,57661.28,40.23,0.8758,1433.27,165.67,1184.77,1500.0,1324.74,1455.68,0.2034,11.73,3.6,2.35,25.8,0.3069,0.2677,2.0487,3.6956,17.0,1.0,0.0,DATA_EXFILTRATION
30.5415,65.0,24.0,41.0,40941.43,9946.49,30994.93,1340.52,2.13,-0.5141,629.87,574.59,40.0,1500.0,562.87,592.85,0.5252,469.87,759.65,93.97,1033.71,1.6167,0.0617,4.2143,2.6309,17.0,0.0,0.0,BENIGN_WEB
19.9256,36.0,12.0,24.0,32380.05,7812.17,24567.89,1625.04,1.81,-0.5175,899.45,519.45,120.27,1500.0,847.72,1000.3,0.307,553.49,842.89,110.7,1217.68,1.5229,0.0119,4.9474,2.5176,18.0,0.0,0.0,BENIGN_WEB
6.0815,1290.0,1043.0,247.0,1573855.49,1469847.53,104007.96,258794.01,212.12,0.8678,1220.04,189.77,935.39,1500.0,1315.87,1044.96,0.4444,19.49,6.06,3.9,42.88,0.3111,0.1816,2.8977,2.9245,20.0,0.0,1.0,DATA_EXFILTRATION
25.3833,116.0,58.0,58.0,43494.68,30554.39,12940.29,1713.52,4.57,0.405,374.95,70.91,268.59,502.59,418.14,346.21,0.3653,142.92,72.32,28.58,314.43,0.506,0.5251,3.8834,4.4847,44.0,1.0,0.0,DOH_DATA_TUNNEL
4.3777,54.0,19.0,35.0,37108.02,5311.0,31797.02,8476.67,12.34,-0.7138,687.19,370.08,132.07,1353.32,679.14,588.66,0.5291,81.07,140.2,16.21,178.35,1.7294,0.1289,4.6114,2.9219,17.0,0.0,0.0,BENIGN_WEB
17.0573,71.0,20.0,51.0,73530.73,17620.23,55910.51,4310.82,4.16,-0.5207,1035.64,575.94,171.74,1500.0,1096.63,1124.7,0.4903,240.24,261.8,48.05,528.54,1.0897,0.0984,4.7757,2.7059,8.0,0.0,0.0,BENIGN_WEB
53.1706,1382.0,1115.0,267.0,1840424.63,1729630.42,110794.21,34613.58,25.99,0.8796,1331.71,116.53,1156.92,1500.0,1472.75,1398.29,0.1836,34.53,16.76,6.91,75.97,0.4854,0.1569,2.163,3.2296,25.0,0.0,0.0,DATA_EXFILTRATION
8.1795,87.0,43.0,44.0,27392.93,18927.35,8465.58,3348.95,10.64,0.3819,314.86,82.5,191.11,463.37,315.51,357.43,0.1926,48.07,11.69,9.61,105.76,0.2432,0.4257,3.4937,4.1696,58.0,1.0,0.0,DOH_DATA_TUNNEL
31.3896,63.0,25.0,38.0,55059.12,11332.78,43726.34,1754.06,2.01,-0.5883,873.95,391.4,286.85,1500.0,965.48,783.63,0.6172,498.25,849.81,99.65,1096.14,1.7056,0.0106,4.4847,2.7392,12.0,0.0,0.0,BENIGN_WEB
41.2961,978.0,776.0,202.0,1313684.48,1263872.36,49812.12,31811.37,23.68,0.9242,1343.24,215.76,1019.59,1500.0,1148.29,1436.6,0.5886,36.06,22.4,7.21,79.34,0.6212,0.1634,2.4243,2.9676,24.0,0.0,1.0,DATA_EXFILTRATION
19.2313,75.0,37.0,38.0,33721.9,23937.49,9784.41,1753.49,3.9,0.4197,449.63,65.45,351.45,567.44,441.86,451.58,0.2774,54.46,29.92,10.89,119.82,0.5493,0.4237,4.0112,4.2732,48.0,0.0,0.0,DOH_DATA_TUNNEL
14.2797,81.0,25.0,56.0,50316.18,12996.29,37319.89,3523.62,5.67,-0.4834,621.19,542.09,40.0,1500.0,707.81,630.64,0.3113,176.29,165.58,35.26,387.84,0.9392,0.0335,4.8744,2.3461,16.0,0.0,0.0,BENIGN_WEB
6.0812,169.0,84.0,85.0,58417.41,38631.62,19785.79,9606.2,27.79,0.3226,345.67,36.6,290.77,411.55,345.31,348.26,0.4345,154.45,46.5,30.89,339.79,0.3011,0.4777,3.7086,4.1556,33.0,0.0,0.0,DOH_DATA_TUNNEL
25.474,82.0,24.0,58.0,63774.88,6496.12,57278.77,2503.53,3.22,-0.7963,777.74,528.55,40.0,1500.0,807.44,824.97,0.2194,310.66,462.69,62.13,683.45,1.4894,0.0616,3.8239,2.1887,12.0,0.0,0.0,BENIGN_WEB
21.8537,21.0,6.0,15.0,20795.26,3011.15,17784.11,951.57,0.96,-0.7104,990.25,518.93,211.86,1500.0,841.77,1107.48,0.2111,1040.65,1691.09,208.13,2289.43,1.625,0.0662,3.6203,2.5051,19.0,0.0,0.0,BENIGN_WEB
3.6979,70.0,26.0,44.0,66314.26,12912.4,53401.86,17932.9,18.93,-0.6106,947.35,338.54,439.54,1500.0,881.79,918.41,0.5662,52.83,89.8,10.57,116.22,1.6999,0.1138,4.1145,2.9693,15.0,0.0,0.0,BENIGN_WEB
22.5579,923.0,720.0,203.0,1275206.43,1186801.12,88405.31,56530.48,40.92,0.8613,1381.59,278.89,963.26,1500.0,1402.89,1323.87,0.5995,18.93,10.21,3.79,41.64,0.5393,0.2775,2.1974,3.5875,17.0,1.0,0.0,DATA_EXFILTRATION
23.2141,19.0,6.0,13.0,16404.52,4207.48,12197.05,706.66,0.82,-0.487,863.4,523.88,77.57,1500.0,798.24,970.0,0.5968,1221.8,1456.66,244.36,2687.95,1.1922,0.0409,3.8938,2.2366,11.0,0.0,0.0,BENIGN_WEB
5.785,30.0,12.0,18.0,21334.34,2686.12,18648.22,3687.87,5.19,-0.7482,711.14,357.33,175.16,1354.33,630.8,808.74,0.5856,192.83,161.86,38.57,424.23,0.8394,0.0589,3.6265,2.1552,13.0,0.0,0.0,BENIGN_WEB
5.8429,22.0,7.0,15.0,18297.91,3833.49,14464.42,3131.63,3.77,-0.581,831.72,324.23,345.37,1415.35,724.55,843.42,0.2027,265.59,240.09,53.12,584.29,0.904,0.0208,4.5174,2.1287,20.0,0.0,0.0,BENIGN_WEB
33.1193,1087.0,854.0,233.0,1364904.99,1288790.54,76114.45,41211.81,32.82,0.8885,1255.66,190.94,969.25,1500.0,1204.92,1423.32,0.3518,32.43,7.84,6.49,71.34,0.2419,0.2605,2.5707,3.6777,29.0,0.0,0.0,DATA_EXFILTRATION
39.5704,117.0,58.0,59.0,53117.32,39133.45,13983.87,1342.35,2.96,0.4735,453.99,37.05,398.42,520.69,450.21,478.78,0.3041,233.8,72.55,46.76,514.36,0.3103,0.485,4.0289,4.5384,53.0,1.0,0.0,DOH_DATA_TUNNEL
28.7092,37.0,12.0,25.0,38610.84,5772.64,32838.19,1344.89,1.29,-0.701,1043.54,445.41,375.43,1500.0,1007.97,1034.51,0.3235,775.92,875.77,155.18,1707.03,1.1287,0.0529,3.7234,2.5779,9.0,0.0,0.0,BENIGN_WEB
35.2071,94.0,47.0,47.0,42538.54,28718.97,13819.57,1208.24,2.67,0.3503,452.54,70.38,346.97,579.22,414.41,419.32,0.2826,49.87,23.79,9.97,109.72,0.477,0.567,3.3886,4.1406,36.0,0.0,0.0,DOH_DATA_TUNNEL
10.0818,77.0,29.0,48.0,65869.97,11629.89,54240.08,6533.53,7.64,-0.6469,855.45,446.71,185.39,1500.0,910.31,878.2,0.234,130.93,130.48,26.19,288.05,0.9965,0.0987,4.8474,2.9238,16.0,0.0,0.0,BENIGN_WEB
33.7632,72.0,36.0,36.0,20235.23,12662.16,7573.07,599.33,2.13,0.2515,281.04,81.96,158.11,428.57,298.56,259.14,0.2869,238.07,134.69,47.61,523.76,0.5657,0.6275,3.2014,4.3647,32.0,0.0,0.0,DOH_DATA_TUNNEL
33.7962,836.0,749.0,87.0,1036555.41,994523.65,42031.76,30670.77,24.74,0.9189,1239.9,141.34,1027.89,1494.31,1337.6,1230.24,0.6066,32.27,19.26,6.45,71.0,0.5969,0.136,2.2706,3.3396,17.0,0.0,0.0,DATA_EXFILTRATION
30.2488,48.0,24.0,24.0,16926.23,12654.73,4271.51,559.57,1.59,0.4953,352.63,66.79,252.45,472.85,314.6,366.56,0.5636,228.21,109.01,45.64,502.06,0.4777,0.6913,3.6967,4.5881,53.0,1.0,0.0,DOH_DATA_TUNNEL
17.6289,47.0,15.0,32.0,38894.03,4261.53,34632.5,2206.27,2.67,-0.7809,827.53,394.03,236.49,1500.0,728.35,840.77,0.361,375.08,411.09,75.02,825.18,1.096,0.1145,4.4783,2.4118,13.0,0.0,0.0,BENIGN_WEB
22.4624,49.0,16.0,33.0,48276.58,12176.11,36100.47,2149.21,2.18,-0.4956,985.24,488.9,251.89,1500.0,1079.26,1114.5,0.24,458.42,540.68,91.68,1008.52,1.1795,0.1144,4.9575,3.0973,20.0,0.0,0.0,BENIGN_WEB
9.0398,46.0,14.0,32.0,28877.85,4240.13,24637.73,3194.52,5.09,-0.7063,627.78,465.1,40.0,1464.96,621.09,700.23,0.5929,196.52,176.79,39.3,432.34,0.8996,0.0192,4.2941,2.8294,14.0,0.0,0.0,BENIGN_WEB
30.1186,22.0,8.0,14.0,19461.03,4750.09,14710.94,646.15,0.73,-0.5118,884.59,492.21,146.28,1500.0,940.64,799.1,0.5294,1369.03,2363.4,273.81,3011.86,1.7263,0.0303,4.0599,2.4614,15.0,0.0,0.0,BENIGN_WEB
29.8355,80.0,40.0,40.0,21202.38,15541.54,5660.84,710.64,2.68,0.466,265.03,42.07,201.92,340.76,258.63,242.74,0.4454,123.96,64.1,24.79,272.71,0.5171,0.6698,3.7322,4.2195,53.0,1.0,0.0,DOH_DATA_TUNNEL
6.3399,734.0,655.0,79.0,1012367.13,951831.5,60535.63,159681.23,115.77,0.8804,1379.25,164.92,1131.87,1500.0,1357.62,1422.06,0.3053,24.25,10.56,4.85,53.35,0.4354,0.1606,1.9972,3.6548,19.0,0.0,0.0,DATA_EXFILTRATION
21.0425,1280.0,1063.0,217.0,1589215.29,1533680.73,55534.56,75524.1,60.83,0.9301,1241.57,120.01,1061.56,1457.6,1268.55,1368.58,0.4108,26.9,15.35,5.38,59.18,0.5708,0.1686,1.9668,3.4029,29.0,1.0,1.0,DATA_EXFILTRATION
28.9566,123.0,61.0,62.0,35822.85,22135.39,13687.46,1237.12,4.25,0.2358,291.24,38.78,233.08,361.04,262.15,278.88,0.4818,69.85,31.27,13.97,153.67,0.4477,0.5638,3.8596,4.2568,55.0,1.0,0.0,DOH_DATA_TUNNEL
8.2178,67.0,23.0,44.0,53541.51,11296.06,42245.44,6515.3,8.15,-0.578,799.13,433.31,149.16,1500.0,701.15,888.08,0.492,122.65,195.47,24.53,269.84,1.5937,0.1358,3.6719,2.883,9.0,0.0,0.0,BENIGN_WEB
32.3144,127.0,63.0,64.0,57638.73,41852.46,15786.27,1783.69,3.93,0.4522,453.85,82.63,329.91,602.58,393.05,427.59,0.3588,135.12,60.55,27.02,297.27,0.4481,0.433,4.0392,4.367,47.0,1.0,0.0,DOH_DATA_TUNNEL
11.0677,879.0,775.0,104.0,1196631.73,1085567.69,111064.04,108119.06,79.42,0.8144,1361.36,217.3,1035.41,1500.0,1322.32,1530.86,0.1817,24.56,13.86,4.91,54.03,0.5644,0.2431,2.8951,3.5862,15.0,1.0,0.0,DATA_EXFILTRATION
36.7976,811.0,635.0,176.0,1106080.88,1062960.1,43120.78,30058.54,22.04,0.922,1363.85,190.03,1078.81,1500.0,1231.42,1415.21,0.2614,47.39,18.56,9.48,104.25,0.3916,0.1547,2.4064,3.3882,22.0,0.0,0.0,DATA_EXFILTRATION
27.2588,39.0,19.0,20.0,15094.35,11050.37,4043.97,553.74,1.43,0.4642,387.03,67.48,285.81,508.51,415.27,415.12,0.6195,216.29,62.05,43.26,475.83,0.2869,0.6798,3.3528,4.1287,36.0,0.0,0.0,DOH_DATA_TUNNEL
16.2033,75.0,25.0,50.0,73895.19,13475.28,60419.91,4560.49,4.63,-0.6353,985.27,321.87,502.47,1500.0,948.13,1069.1,0.5027,216.04,273.85,43.21,475.3,1.2676,0.1059,4.3594,2.5351,19.0,0.0,0.0,BENIGN_WEB
14.1775,150.0,75.0,75.0,66699.96,47875.82,18824.14,4704.64,10.58,0.4356,444.67,67.71,343.1,566.54,405.41,426.97,0.2081,187.38,55.84,37.48,412.23,0.298,0.5838,3.9688,4.1041,47.0,1.0,0.0,DOH_DATA_TUNNEL
7.1223,57.0,16.0,41.0,37098.8,5053.03,32045.77,5208.86,8.0,-0.7276,650.86,516.46,40.0,1500.0,743.86,684.57,0.4275,124.95,102.26,24.99,274.89,0.8184,0.1215,5.0042,2.5591,17.0,0.0,0.0,BENIGN_WEB
8.5788,38.0,14.0,24.0,31252.44,3521.37,27731.07,3643.0,4.43,-0.7747,822.43,441.99,159.45,1500.0,767.0,754.43,0.4038,225.76,167.27,45.15,496.67,0.7409,0.0896,4.1718,2.3087,17.0,0.0,0.0,BENIGN_WEB
30.8718,24.0,9.0,15.0,25629.58,5638.89,19990.69,830.19,0.78,-0.56,1067.9,418.24,440.54,1500.0,1002.23,1004.82,0.3478,1286.32,1641.51,257.26,2829.91,1.2761,0.027,4.8633,2.4585,18.0,0.0,0.0,BENIGN_WEB
10.7644,33.0,11.0,22.0,29593.32,3329.16,26264.16,2749.19,3.07,-0.775,896.77,368.09,344.64,1500.0,988.21,1018.79,0.5605,326.19,450.63,65.24,717.63,1.3815,0.0412,4.5698,2.7899,10.0,0.0,0.0,BENIGN_WEB
23.6325,19.0,7.0,12.0,12949.62,3385.7,9563.92,547.96,0.8,-0.4771,681.56,415.96,57.63,1430.28,606.49,666.29,0.594,1243.82,1753.94,248.76,2736.39,1.4101,0.1295,4.0963,2.7712,15.0,0.0,0.0,BENIGN_WEB
24.117,91.0,45.0,46.0,33657.5,24337.15,9320.36,1395.59,3.77,0.4462,369.86,65.67,271.36,488.06,334.78,416.79,0.428,235.86,121.19,47.17,518.89,0.5138,0.5116,3.5774,4.5804,47.0,0.0,0.0,DOH_DATA_TUNNEL
10.0854,20.0,7.0,13.0,21579.48,2755.78,18823.69,2139.68,1.98,-0.7446,1078.97,444.06,412.89,1500.0,1146.67,1007.58,0.4189,504.27,787.97,100.85,1109.39,1.5626,0.0655,3.9852,2.5794,9.0,0.0,0.0,BENIGN_WEB
37.6043,83.0,41.0,42.0,20488.02,14918.07,5569.95,544.83,2.21,0.4563,246.84,83.68,121.33,397.46,274.82,266.97,0.1811,210.75,64.34,42.15,463.65,0.3053,0.6875,4.032,3.8578,42.0,0.0,0.0,DOH_DATA_TUNNEL
45.1183,1300.0,1123.0,177.0,1681861.95,1513556.67,168305.29,37276.69,28.81,0.7999,1293.74,159.3,1054.79,1500.0,1309.85,1351.07,0.519,17.3,10.15,3.46,38.07,0.5865,0.153,2.1561,3.4594,23.0,0.0,0.0,DATA_EXFILTRATION
50.6992,1373.0,1173.0,200.0,1733957.31,1636351.38,97605.92,34200.9,27.08,0.8874,1262.9,266.72,862.82,1500.0,1219.46,1353.25,0.1933,33.73,8.14,6.75,74.22,0.2412,0.1958,2.6496,3.1985,28.0,1.0,0.0,DATA_EXFILTRATION
20.8756,72.0,25.0,47.0,61076.74,15453.11,45623.63,2925.75,3.45,-0.494,848.29,446.42,178.66,1500.0,872.91,747.89,0.6005,289.94,391.08,57.99,637.87,1.3488,0.1018,4.7735,2.8322,14.0,0.0,0.0,BENIGN_WEB
35.2818,134.0,67.0,67.0,33597.84,22922.57,10675.27,952.27,3.8,0.3645,250.73,81.09,129.1,396.69,233.06,214.55,0.2175,59.95,22.62,11.99,131.89,0.3774,0.4704,4.0322,4.3836,54.0,0.0,0.0,DOH_DATA_TUNNEL
22.7351,22.0,6.0,16.0,15398.96,2554.59,12844.37,677.32,0.97,-0.6682,699.95,561.77,40.0,1500.0,703.59,787.48,0.1811,1033.41,1083.26,206.68,2273.51,1.0482,0.0388,4.7422,2.6852,16.0,0.0,0.0,BENIGN_WEB
7.5232,75.0,37.0,38.0,31777.82,18686.96,13090.86,4223.99,9.97,0.1761,423.7,67.31,322.74,544.86,439.19,378.35,0.3491,97.61,23.05,19.52,214.74,0.2361,0.469,3.7555,3.8807,30.0,1.0,0.0,DOH_DATA_TUNNEL
8.6747,165.0,82.0,83.0,67217.85,38427.6,28790.25,7748.72,19.02,0.1434,407.38,82.35,283.86,555.61,356.55,398.38,0.3257,123.94,46.8,24.79,272.66,0.3776,0.4676,3.6402,4.2612,58.0,0.0,0.0,DOH_DATA_TUNNEL
10.6826,72.0,23.0,49.0,47505.13,8383.32,39121.81,4446.94,6.74,-0.6471,659.79,412.93,40.4,1403.07,643.85,657.59,0.4438,148.37,157.94,29.67,326.41,1.0645,0.0261,4.4183,2.1912,21.0,0.0,0.0,BENIGN_WEB
25.1936,76.0,26.0,50.0,76350.46,8473.4,67877.06,3030.55,3.02,-0.778,1004.61,530.66,208.62,1500.0,988.07,1056.9,0.3976,331.5,307.78,66.3,729.29,0.9285,0.1045,4.8181,2.8576,8.0,0.0,0.0,BENIGN_WEB
16.9261,114.0,57.0,57.0,48658.51,29641.32,19017.19,2874.77,6.74,0.2183,426.83,79.9,306.97,570.65,423.75,372.79,0.2985,73.19,24.66,14.64,161.01,0.3369,0.4503,4.0892,4.2656,30.0,0.0,0.0,DOH_DATA_TUNNEL
19.4151,33.0,10.0,23.0,21575.2,4420.81,17154.39,1111.26,1.7,-0.5902,653.79,573.5,40.0,1500.0,572.34,664.13,0.6154,588.34,849.5,117.67,1294.34,1.4439,0.0206,4.3396,2.6913,18.0,0.0,0.0,BENIGN_WEB
12.1798,235.0,206.0,29.0,306545.7,281467.86,25077.84,25168.39,19.29,0.8364,1304.45,180.03,1034.41,1500.0,1407.79,1446.72,0.2151,45.59,28.68,9.12,100.29,0.629,0.2301,2.0001,3.8212,25.0,1.0,0.0,DATA_EXFILTRATION
30.823,67.0,25.0,42.0,69490.48,16592.85,52897.62,2254.5,2.17,-0.5224,1037.17,483.25,312.3,1500.0,921.5,958.93,0.4587,460.04,724.39,92.01,1012.1,1.5746,0.0631,4.2394,2.1773,13.0,0.0,0.0,BENIGN_WEB
11.9251,62.0,22.0,40.0,50130.4,4618.51,45511.89,4203.79,5.2,-0.8157,808.55,490.53,72.76,1500.0,889.58,795.12,0.3146,192.34,288.34,38.47,423.15,1.4991,0.1284,3.8362,2.1167,21.0,0.0,0.0,BENIGN_WEB
50.2552,516.0,468.0,48.0,705188.6,655768.66,49419.93,14032.16,10.27,0.8598,1366.64,155.35,1133.62,1500.0,1546.02,1351.69,0.367,40.81,17.65,8.16,89.79,0.4326,0.1468,2.7227,2.9425,18.0,0.0,1.0,DATA_EXFILTRATION
21.1046,70.0,35.0,35.0,20921.67,12635.53,8286.14,991.33,3.32,0.2079,298.88,41.78,236.21,374.08,311.33,272.01,0.2665,153.45,45.57,30.69,337.59,0.2969,0.6142,4.0329,4.5075,38.0,0.0,0.0,DOH_DATA_TUNNEL
18.0258,88.0,44.0,44.0,22513.21,13605.88,8907.34,1248.94,4.88,0.2087,255.83,39.87,196.03,327.59,289.18,269.01,0.3144,205.37,73.69,41.07,451.82,0.3588,0.6161,3.256,4.5243,51.0,1.0,0.0,DOH_DATA_TUNNEL
29.684,56.0,28.0,28.0,19883.97,14287.13,5596.84,669.85,1.89,0.437,355.07,37.25,299.2,422.11,378.45,378.28,0.384,153.68,86.67,30.74,338.1,0.564,0.5737,3.8723,4.3146,51.0,1.0,0.0,DOH_DATA_TUNNEL
1.9734,69.0,23.0,46.0,64305.19,12329.53,51975.66,32586.48,34.97,-0.6165,931.96,352.43,403.31,1500.0,972.27,832.38,0.5337,28.6,42.0,5.72,62.92,1.4687,0.1298,4.5235,2.8323,21.0,0.0,0.0,BENIGN_WEB
22.3618,124.0,62.0,62.0,31904.5,21457.2,10447.3,1426.74,5.55,0.3451,257.29,56.49,172.56,358.98,246.84,274.93,0.2585,178.37,93.97,35.67,392.41,0.5268,0.4661,4.0894,4.4905,49.0,1.0,0.0,DOH_DATA_TUNNEL
7.8047,39.0,13.0,26.0,35248.65,8285.97,26962.68,4516.31,5.0,-0.5299,903.81,356.98,368.34,1500.0,806.55,776.21,0.4943,200.12,200.78,40.02,440.27,1.0033,0.0879,3.8362,3.054,15.0,0.0,0.0,BENIGN_WEB
3.8866,41.0,11.0,30.0,39757.55,6086.55,33671.0,10229.37,10.55,-0.6938,969.7,450.78,293.53,1500.0,1049.22,912.3,0.1982,94.8,139.46,18.96,208.55,1.4712,0.1197,4.2866,2.6805,20.0,0.0,0.0,BENIGN_WEB
32.359,799.0,681.0,118.0,1066915.61,1037932.18,28983.43,32971.25,24.69,0.9457,1335.31,184.64,1058.36,1500.0,1188.64,1239.72,0.2994,35.77,20.35,7.15,78.7,0.5688,0.2475,2.5356,3.8262,15.0,1.0,1.0,DATA_EXFILTRATION
40.1557,147.0,73.0,74.0,49528.5,32953.57,16574.94,1233.41,3.66,0.3307,336.93,62.57,243.07,449.56,346.05,370.95,0.2978,55.66,21.03,11.13,122.46,0.3778,0.7098,3.9903,4.3167,56.0,0.0,0.0,DOH_DATA_TUNNEL
29.07,145.0,72.0,73.0,38941.71,23780.12,15161.59,1339.58,4.99,0.2213,268.56,39.24,209.7,339.2,302.11,270.87,0.476,119.66,26.36,23.93,263.25,0.2203,0.5644,3.5161,4.3669,61.0,1.0,0.0,DOH_DATA_TUNNEL
23.7487,166.0,83.0,83.0,51520.61,32436.64,19083.97,2169.41,6.99,0.2592,310.37,82.83,186.12,459.46,338.93,319.11,0.522,175.68,75.86,35.14,386.49,0.4318,0.4896,3.4002,3.8981,45.0,0.0,0.0,DOH_DATA_TUNNEL
36.9454,64.0,32.0,32.0,22405.4,16580.39,5825.01,606.45,1.73,0.48,350.08,36.8,294.89,416.32,311.5,386.4,0.4835,226.8,77.09,45.36,498.97,0.3399,0.5331,3.9543,4.0361,54.0,0.0,0.0,DOH_DATA_TUNNEL
38.1485,68.0,34.0,34.0,17478.59,10774.45,6704.13,458.17,1.78,0.2329,257.04,77.39,140.95,396.35,252.27,234.28,0.3093,237.06,62.96,47.41,521.54,0.2656,0.5766,3.6321,4.4216,55.0,0.0,0.0,DOH_DATA_TUNNEL
7.6159,1226.0,1059.0,167.0,1678420.1,1616734.79,61685.31,220384.86,160.98,0.9265,1369.02,186.86,1088.73,1500.0,1555.49,1214.62,0.5872,24.34,14.53,4.87,53.54,0.5971,0.229,2.6252,3.1919,14.0,0.0,0.0,DATA_EXFILTRATION
52.1942,246.0,208.0,38.0,337725.18,326792.56,10932.62,6470.54,4.71,0.9353,1372.87,176.26,1108.47,1500.0,1500.86,1278.87,0.3486,28.72,13.47,5.74,63.19,0.469,0.1607,2.218,3.7455,29.0,1.0,0.0,DATA_EXFILTRATION
21.9883,970.0,871.0,99.0,1222702.98,1139508.74,83194.24,55606.9,44.11,0.8639,1260.52,198.24,963.16,1500.0,1124.12,1404.47,0.4631,17.21,10.48,3.44,37.86,0.609,0.1901,2.8371,3.7732,14.0,1.0,0.0,DATA_EXFILTRATION
26.9029,32.0,11.0,21.0,27989.37,5133.88,22855.49,1040.38,1.19,-0.6332,874.67,552.67,45.67,1500.0,828.92,913.29,0.3028,840.72,1189.77,168.14,1849.58,1.4152,0.0288,4.8721,2.8971,12.0,0.0,0.0,BENIGN_WEB
20.1432,174.0,142.0,32.0,237753.19,231521.22,6231.97,11803.13,8.64,0.9476,1366.4,148.87,1143.1,1500.0,1310.97,1431.29,0.1836,46.59,23.85,9.32,102.51,0.5118,0.1443,2.1779,3.2077,15.0,0.0,0.0,DATA_EXFILTRATION
35.5712,159.0,79.0,80.0,65491.05,45225.82,20265.23,1841.12,4.47,0.3811,411.89,52.9,332.54,507.11,428.51,361.88,0.2456,152.93,57.58,30.59,336.44,0.3765,0.5162,3.6389,4.5947,50.0,0.0,0.0,DOH_DATA_TUNNEL
8.2243,68.0,27.0,41.0,51016.67,12815.78,38200.88,6203.15,8.27,-0.4976,750.25,347.13,229.55,1375.08,753.35,858.73,0.3059,120.95,176.86,24.19,266.08,1.4623,0.0779,3.7724,2.1856,10.0,0.0,0.0,BENIGN_WEB
21.1627,96.0,48.0,48.0,43838.68,26499.09,17339.59,2071.5,4.54,0.2089,456.65,47.74,385.05,542.58,483.98,454.32,0.5821,63.63,18.57,12.73,139.98,0.2918,0.6314,3.8781,4.5556,42.0,1.0,0.0,DOH_DATA_TUNNEL
40.1083,44.0,22.0,22.0,14133.41,8893.79,5239.62,352.38,1.1,0.2585,321.21,58.71,233.15,426.89,340.85,282.79,0.196,72.62,36.79,14.52,159.77,0.5065,0.5885,3.9958,4.2227,39.0,1.0,0.0,DOH_DATA_TUNNEL
21.6385,69.0,22.0,47.0,53523.1,8742.52,44780.59,2473.51,3.19,-0.6733,775.7,404.22,169.37,1500.0,876.75,854.22,0.4873,313.6,248.68,62.72,689.92,0.793,0.095,3.8143,2.6797,21.0,0.0,0.0,BENIGN_WEB
10.8652,71.0,23.0,48.0,47608.12,6176.48,41431.64,4381.69,6.53,-0.7405,670.54,368.15,118.31,1333.21,757.77,636.42,0.3726,153.03,120.62,30.61,336.67,0.7882,0.0771,4.8491,3.0484,9.0,0.0,0.0,BENIGN_WEB
22.8381,32.0,10.0,22.0,20057.86,3520.41,16537.45,878.26,1.4,-0.649,626.81,343.34,111.8,1244.82,656.4,579.13,0.3579,713.69,1087.12,142.74,1570.12,1.5232,0.1056,4.2733,3.0269,21.0,0.0,0.0,BENIGN_WEB
20.6616,54.0,27.0,27.0,20594.47,14055.24,6539.23,996.75,2.61,0.365,381.38,55.51,298.11,481.3,332.41,413.9,0.3047,99.02,42.13,19.8,217.84,0.4254,0.6318,4.0337,3.8642,52.0,1.0,0.0,DOH_DATA_TUNNEL
38.4075,116.0,58.0,58.0,39219.33,24863.62,14355.71,1021.14,3.02,0.2679,338.1,75.09,225.47,473.26,349.02,317.6,0.2357,180.15,85.29,36.03,396.33,0.4735,0.6095,3.7858,4.5151,36.0,0.0,0.0,DOH_DATA_TUNNEL
16.2648,113.0,56.0,57.0,35516.15,26986.51,8529.63,2183.62,6.95,0.5197,314.3,51.23,237.46,406.52,356.7,303.85,0.2605,91.51,44.97,18.3,201.31,0.4914,0.5366,3.7874,4.6435,36.0,0.0,0.0,DOH_DATA_TUNNEL
14.4401,42.0,21.0,21.0,18068.57,11400.42,6668.15,1251.28,2.91,0.2619,430.2,37.25,374.33,497.25,372.74,387.25,0.575,103.26,32.45,20.65,227.17,0.3142,0.4603,3.2418,4.6314,47.0,1.0,0.0,DOH_DATA_TUNNEL
8.0084,18.0,5.0,13.0,17002.47,4398.29,12604.18,2123.08,2.25,-0.4826,944.58,519.87,164.77,1500.0,838.38,942.38,0.6036,444.91,522.8,88.98,978.81,1.1751,0.0622,3.6082,2.5208,18.0,0.0,0.0,BENIGN_WEB
27.1739,48.0,18.0,30.0,35760.99,9700.04,26060.95,1316.0,1.77,-0.4575,745.02,574.14,40.0,1500.0,681.23,843.02,0.5712,566.12,628.0,113.22,1245.47,1.1093,0.1152,4.662,3.0463,9.0,0.0,0.0,BENIGN_WEB
16.2123,68.0,27.0,41.0,54858.29,13171.57,41686.72,3383.75,4.19,-0.5198,806.74,334.7,304.69,1409.2,912.82,767.63,0.4654,238.42,376.31,47.68,524.51,1.5784,0.0984,4.6401,3.0886,19.0,0.0,0.0,BENIGN_WEB
37.5849,40.0,20.0,20.0,17715.42,10703.04,7012.38,471.34,1.06,0.2083,442.89,84.47,316.18,594.93,426.59,409.93,0.4913,143.64,35.12,28.73,316.01,0.2445,0.6299,3.7757,4.6162,40.0,1.0,0.0,DOH_DATA_TUNNEL
19.9514,149.0,74.0,75.0,35478.0,23492.37,11985.63,1778.22,7.47,0.3243,238.11,73.91,127.24,371.15,270.99,249.73,0.5456,158.38,79.94,31.68,348.43,0.5047,0.6184,3.9848,3.8959,48.0,0.0,0.0,DOH_DATA_TUNNEL
8.2752,175.0,87.0,88.0,46311.45,27035.66,19275.79,5596.43,21.15,0.1676,264.64,74.08,153.52,397.98,257.66,271.46,0.4489,204.07,68.65,40.81,448.95,0.3364,0.6072,3.8399,4.2211,38.0,1.0,0.0,DOH_DATA_TUNNEL
13.778,17.0,6.0,11.0,14160.25,3254.35,10905.9,1027.74,1.23,-0.5404,832.96,543.91,40.0,1500.0,856.34,906.71,0.4545,810.47,802.97,162.09,1783.04,0.9907,0.1375,4.4978,2.6526,21.0,0.0,0.0,BENIGN_WEB
7.5391,34.0,11.0,23.0,24840.83,7108.58,17732.25,3294.95,4.51,-0.4277,730.61,451.83,52.87,1500.0,753.66,649.32,0.2168,221.74,264.61,44.35,487.82,1.1933,0.0494,5.0472,2.9768,15.0,0.0,0.0,BENIGN_WEB
15.0495,60.0,20.0,40.0,38684.07,5172.66,33511.41,2570.45,3.99,-0.7326,644.73,518.8,40.0,1500.0,548.86,572.94,0.2811,250.83,265.35,50.17,551.82,1.0579,0.0605,4.504,2.5811,12.0,0.0,0.0,BENIGN_WEB
6.8476,1141.0,1044.0,97.0,1442964.65,1314295.44,128669.21,210724.38,166.63,0.8217,1264.65,205.57,956.29,1500.0,1234.58,1450.95,0.4271,37.34,23.03,7.47,82.15,0.6167,0.2091,2.0266,3.6933,16.0,0.0,0.0,DATA_EXFILTRATION
7.6587,66.0,27.0,39.0,60611.14,7810.29,52800.85,7913.98,8.62,-0.7423,918.35,408.17,306.1,1500.0,1052.81,855.63,0.1918,116.04,138.33,23.21,255.29,1.1921,0.0187,5.072,2.8313,21.0,0.0,0.0,BENIGN_WEB
47.1911,421.0,381.0,40.0,600751.05,571319.13,29431.92,12730.17,8.92,0.902,1426.96,278.41,1009.35,1500.0,1496.09,1327.47,0.2237,19.58,10.09,3.92,43.07,0.5153,0.204,2.5257,3.0966,26.0,0.0,1.0,DATA_EXFILTRATION
7.8009,141.0,70.0,71.0,62297.73,45166.9,17130.83,7985.99,18.07,0.45,441.83,66.7,341.78,561.88,485.86,490.97,0.2404,219.98,49.83,44.0,483.95,0.2265,0.4284,3.3692,4.5172,48.0,0.0,0.0,DOH_DATA_TUNNEL
15.4442,45.0,15.0,30.0,37471.24,9577.25,27893.99,2426.24,2.91,-0.4888,832.69,358.9,294.34,1478.71,887.5,827.38,0.2804,343.2,332.98,68.64,755.05,0.9702,0.1206,4.7979,2.4771,13.0,0.0,0.0,BENIGN_WEB
31.714,137.0,68.0,69.0,62613.33,43521.54,19091.79,1974.31,4.32,0.3902,457.03,82.26,333.64,605.1,405.76,438.21,0.291,49.64,11.0,9.93,109.2,0.2215,0.6982,4.0158,4.5027,53.0,1.0,0.0,DOH_DATA_TUNNEL
15.031,27.0,11.0,16.0,21958.49,4719.7,17238.79,1460.88,1.8,-0.5701,813.28,460.83,122.04,1500.0,834.55,762.5,0.395,556.7,828.58,111.34,1224.75,1.4884,0.0544,4.5048,2.1783,20.0,0.0,0.0,BENIGN_WEB
13.8383,33.0,10.0,23.0,27029.68,6153.85,20875.83,1953.25,2.38,-0.5447,819.08,374.48,257.36,1493.14,740.59,705.98,0.5464,419.34,616.53,83.87,922.55,1.4702,0.032,4.2739,2.7878,8.0,0.0,0.0,BENIGN_WEB
26.6114,53.0,15.0,38.0,46394.2,6640.5,39753.7,1743.4,1.99,-0.7137,875.36,491.24,138.5,1500.0,810.62,852.63,0.5749,502.1,518.37,100.42,1104.62,1.0324,0.0266,3.7088,2.4569,16.0,0.0,0.0,BENIGN_WEB
32.9163,522.0,469.0,53.0,753974.81,721324.97,32649.84,22905.83,15.86,0.9134,1444.4,248.22,1072.07,1500.0,1486.0,1605.85,0.6039,38.65,15.95,7.73,85.03,0.4126,0.2103,2.8335,3.5787,25.0,0.0,1.0,DATA_EXFILTRATION
21.8121,25.0,10.0,15.0,15653.29,3292.76,12360.53,717.64,1.15,-0.5793,626.13,571.26,40.0,1500.0,590.6,566.17,0.4774,872.49,935.82,174.5,1919.47,1.0726,0.078,5.0874,2.4797,8.0,0.0,0.0,BENIGN_WEB
19.1144,1023.0,870.0,153.0,1250415.76,1147848.89,102566.87,65417.33,53.52,0.8359,1222.3,190.9,935.96,1500.0,1069.7,1387.21,0.3098,25.66,15.48,5.13,56.46,0.6033,0.2364,2.804,3.2663,17.0,0.0,1.0,DATA_EXFILTRATION
20.6261,741.0,636.0,105.0,988293.53,888117.79,100175.74,47914.64,35.93,0.7973,1333.73,194.4,1042.13,1500.0,1168.3,1185.7,0.6039,44.04,25.89,8.81,96.88,0.5878,0.1639,2.311,3.7621,18.0,0.0,1.0,DATA_EXFILTRATION
9.5824,40.0,14.0,26.0,26328.46,5383.48,20944.97,2747.59,4.17,-0.5911,658.21,514.27,40.0,1500.0,570.07,728.88,0.342,239.56,277.68,47.91,527.03,1.1591,0.139,4.8881,2.1379,8.0,0.0,0.0,BENIGN_WEB
39.7872,1104.0,987.0,117.0,1590026.31,1433137.35,156888.95,39963.24,27.75,0.8027,1440.24,140.35,1229.72,1500.0,1614.82,1286.58,0.5046,14.23,9.11,2.85,31.3,0.6404,0.2173,2.1695,3.1805,19.0,1.0,0.0,DATA_EXFILTRATION
47.1265,484.0,421.0,63.0,697697.57,667243.7,30453.86,14804.79,10.27,0.9127,1441.52,279.44,1022.37,1500.0,1623.06,1444.56,0.4798,10.34,2.61,2.07,22.75,0.2528,0.1902,2.6281,3.7985,27.0,0.0,0.0,DATA_EXFILTRATION
35.1968,178.0,89.0,89.0,54634.3,32322.77,22311.52,1552.25,5.06,0.1832,306.93,49.04,233.37,395.22,321.88,345.33,0.432,129.2,55.2,25.84,284.24,0.4273,0.6173,4.0655,4.2276,47.0,0.0,0.0,DOH_DATA_TUNNEL
7.0689,867.0,726.0,141.0,1173572.88,1143619.09,29953.79,166018.96,122.65,0.949,1353.6,140.52,1142.83,1500.0,1158.43,1493.62,0.4039,44.27,11.15,8.85,97.39,0.2518,0.1232,2.0942,3.3624,23.0,0.0,0.0,DATA_EXFILTRATION
32.2475,147.0,73.0,74.0,37899.99,27702.15,10197.84,1175.29,4.56,0.4619,257.82,72.96,148.39,389.14,242.9,271.15,0.2369,207.33,111.61,41.47,456.12,0.5383,0.6535,4.0786,4.4339,37.0,1.0,0.0,DOH_DATA_TUNNEL
14.7585,1145.0,945.0,200.0,1651852.95,1516726.27,135126.67,111925.25,77.58,0.8364,1442.67,133.18,1242.9,1500.0,1574.93,1285.23,0.5058,44.27,25.74,8.85,97.4,0.5815,0.1908,2.7743,3.6653,15.0,0.0,0.0,DATA_EXFILTRATION
21.0965,39.0,16.0,23.0,39663.54,10167.04,29496.5,1880.1,1.85,-0.4873,1017.01,429.64,372.55,1500.0,1165.5,998.83,0.2338,540.94,757.48,108.19,1190.06,1.4003,0.0272,4.1059,2.6734,11.0,0.0,0.0,BENIGN_WEB
30.8817,72.0,21.0,51.0,56645.86,7014.43,49631.43,1834.29,2.33,-0.7523,786.75,535.78,40.0,1500.0,762.75,740.08,0.5743,428.91,447.63,85.78,943.61,1.0436,0.1033,3.7732,3.0758,19.0,0.0,0.0,BENIGN_WEB
7.901,91.0,45.0,46.0,37816.5,24588.84,13227.66,4786.27,11.52,0.3004,415.57,54.81,333.35,514.23,394.98,450.66,0.2612,53.67,26.43,10.73,118.07,0.4925,0.5726,4.0107,3.8969,40.0,0.0,0.0,DOH_DATA_TUNNEL
6.3948,80.0,27.0,53.0,80384.85,8736.76,71648.09,12570.3,12.51,-0.7826,1004.81,371.96,446.87,1500.0,1017.06,1079.01,0.3349,79.94,77.83,15.99,175.86,0.9737,0.0493,3.8774,2.3755,20.0,0.0,0.0,BENIGN_WEB
40.4791,59.0,29.0,30.0,15455.14,10377.19,5077.95,381.81,1.46,0.3429,261.95,56.74,176.84,364.09,254.58,228.83,0.3355,233.96,92.02,46.79,514.71,0.3933,0.5978,3.1412,4.0612,37.0,0.0,0.0,DOH_DATA_TUNNEL
6.3713,154.0,77.0,77.0,54518.27,33473.91,21044.36,8556.81,24.17,0.228,354.01,81.99,231.03,501.59,353.19,332.05,0.4376,112.58,54.07,22.52,247.67,0.4803,0.5131,3.4134,4.0967,45.0,1.0,0.0,DOH_DATA_TUNNEL
28.1676,20.0,8.0,12.0,20307.45,3085.14,17222.31,720.95,0.71,-0.6962,1015.37,450.33,339.88,1500.0,985.36,1061.31,0.3686,1408.38,1079.21,281.68,3098.43,0.7663,0.0569,4.362,2.5849,18.0,0.0,0.0,BENIGN_WEB
20.8998,28.0,10.0,18.0,22765.45,5725.99,17039.46,1089.27,1.34,-0.497,813.05,523.03,40.0,1500.0,805.17,732.42,0.5913,746.42,627.46,149.28,1642.13,0.8406,0.0276,4.1445,3.044,18.0,0.0,0.0,BENIGN_WEB
40.7733,123.0,61.0,62.0,50208.22,34819.28,15388.94,1231.4,3.02,0.387,408.2,46.04,339.14,491.06,414.89,379.84,0.5533,138.28,78.83,27.66,304.23,0.5701,0.5226,3.9969,4.2383,49.0,0.0,0.0,DOH_DATA_TUNNEL
28.9518,126.0,63.0,63.0,51302.51,38773.32,12529.2,1772.0,4.35,0.5116,407.16,53.06,327.58,502.67,393.36,359.74,0.4021,233.0,111.17,46.6,512.6,0.4771,0.5531,3.4509,4.0322,45.0,0.0,0.0,DOH_DATA_TUNNEL
37.5654,130.0,65.0,65.0,58790.9,34650.01,24140.89,1565.03,3.46,0.1788,452.24,74.12,341.06,585.65,416.32,482.46,0.2365,128.9,64.33,25.78,283.59,0.4991,0.5155,4.05,4.2905,50.0,0.0,0.0,DOH_DATA_TUNNEL
30.5083,40.0,16.0,24.0,42735.18,4217.12,38518.06,1400.77,1.31,-0.8026,1068.38,537.31,262.42,1500.0,1196.34,1141.14,0.274,762.71,1231.91,152.54,1677.95,1.6152,0.0125,4.9383,3.0672,9.0,0.0,0.0,BENIGN_WEB
42.4797,1100.0,999.0,101.0,1593212.4,1527299.24,65913.16,37505.23,25.89,0.9173,1448.37,133.41,1248.26,1500.0,1447.6,1523.99,0.3544,38.81,22.97,7.76,85.39,0.5917,0.2523,2.7629,3.8233,14.0,1.0,0.0,DATA_EXFILTRATION
18.6051,80.0,32.0,48.0,62741.88,13755.84,48986.05,3372.29,4.3,-0.5615,784.27,336.61,279.37,1390.16,831.12,742.71,0.5046,232.56,268.4,46.51,511.64,1.1541,0.0187,3.9217,2.6123,16.0,0.0,0.0,BENIGN_WEB
17.828,65.0,25.0,40.0,62839.77,7994.83,54844.94,3524.78,3.65,-0.7455,966.77,510.35,201.24,1500.0,950.06,1009.2,0.5481,274.28,477.88,54.86,603.41,1.7423,0.0371,4.4337,3.0917,16.0,0.0,0.0,BENIGN_WEB
27.2838,51.0,20.0,31.0,39069.46,4560.66,34508.8,1431.96,1.87,-0.7665,766.07,498.3,40.0,1500.0,780.6,753.34,0.3138,534.98,921.97,107.0,1176.95,1.7234,0.1189,4.0641,2.6475,13.0,0.0,0.0,BENIGN_WEB
39.3336,209.0,175.0,34.0,263449.37,255092.91,8356.46,6697.82,5.31,0.9366,1260.52,130.24,1065.16,1494.96,1397.42,1175.07,0.2927,21.04,7.33,4.21,46.28,0.3484,0.2498,1.9651,3.4342,27.0,1.0,0.0,DATA_EXFILTRATION
27.805,51.0,15.0,36.0,32694.04,4394.43,28299.62,1175.84,1.83,-0.7312,641.06,373.55,80.74,1313.45,700.97,623.84,0.1914,545.2,686.19,109.04,1199.43,1.2586,0.0286,3.6204,2.1862,14.0,0.0,0.0,BENIGN_WEB
11.7251,67.0,22.0,45.0,52703.86,10846.52,41857.34,4494.96,5.71,-0.5884,786.62,471.67,79.12,1500.0,854.12,719.98,0.6019,175.0,240.82,35.0,385.0,1.3761,0.0896,3.8669,2.2935,9.0,0.0,0.0,BENIGN_WEB
30.6189,213.0,195.0,18.0,308194.24,293238.62,14955.63,10065.5,6.96,0.9029,1446.92,210.27,1131.52,1500.0,1270.24,1235.12,0.3302,12.97,5.07,2.59,28.54,0.3906,0.1822,2.6341,3.1506,28.0,1.0,0.0,DATA_EXFILTRATION
28.1951,118.0,59.0,59.0,45241.64,27719.62,17522.03,1604.59,4.19,0.2254,383.4,69.5,279.15,508.51,418.64,395.16,0.3777,114.38,50.34,22.88,251.63,0.4401,0.6356,3.3666,3.8519,55.0,1.0,0.0,DOH_DATA_TUNNEL
29.4939,69.0,21.0,48.0,70533.0,10971.47,59561.53,2391.44,2.34,-0.6889,1022.22,507.33,261.22,1500.0,876.78,1114.35,0.3301,427.45,372.51,85.49,940.38,0.8715,0.1059,4.5521,2.477,15.0,0.0,0.0,BENIGN_WEB
25.6805,37.0,12.0,25.0,31219.92,5065.11,26154.81,1215.71,1.44,-0.6755,843.78,321.52,361.5,1422.52,935.94,940.47,0.3214,694.07,883.17,138.81,1526.95,1.2725,0.0985,3.7847,2.528,13.0,0.0,0.0,BENIGN_WEB
9.2833,84.0,26.0,58.0,90087.77,17829.89,72257.88,9704.26,9.05,-0.6042,1072.47,384.53,495.67,1500.0,966.5,929.23,0.3089,110.52,147.6,22.1,243.13,1.3355,0.0755,4.5598,2.4037,8.0,0.0,0.0,BENIGN_WEB
7.9132,96.0,48.0,48.0,22471.07,15521.29,6949.77,2839.68,12.13,0.3814,234.07,40.75,172.95,307.43,219.5,252.47,0.4223,72.54,16.34,14.51,159.58,0.2253,0.5131,3.2762,4.3022,54.0,0.0,0.0,DOH_DATA_TUNNEL
16.918,34.0,11.0,23.0,26326.48,5706.39,20620.09,1556.13,2.01,-0.5665,774.31,351.44,247.15,1406.9,863.65,881.68,0.4657,497.59,684.45,99.52,1094.69,1.3755,0.0213,4.6627,2.6629,19.0,0.0,0.0,BENIGN_WEB
16.7881,58.0,20.0,38.0,44030.42,6532.74,37497.68,2622.72,3.45,-0.7033,759.15,327.98,267.17,1349.52,745.92,656.17,0.4618,289.45,419.63,57.89,636.79,1.4498,0.1048,3.7511,2.7959,19.0,0.0,0.0,BENIGN_WEB
22.3741,19.0,7.0,12.0,17484.63,3704.76,13779.88,781.47,0.85,-0.5762,920.24,485.86,191.46,1500.0,1040.35,814.16,0.5785,1177.59,1853.89,235.52,2590.69,1.5743,0.0741,4.9802,2.1002,14.0,0.0,0.0,BENIGN_WEB
17.2494,61.0,23.0,38.0,51508.57,7881.43,43627.14,2986.1,3.54,-0.694,844.4,517.31,68.44,1500.0,886.63,935.37,0.5516,282.78,455.89,56.56,622.11,1.6122,0.1076,4.3773,2.4128,10.0,0.0,0.0,BENIGN_WEB
38.5158,41.0,20.0,21.0,12338.51,7916.74,4421.77,320.35,1.06,0.2833,300.94,84.26,174.55,452.61,341.64,311.91,0.299,185.2,65.62,37.04,407.43,0.3543,0.4599,4.0668,4.0754,57.0,0.0,0.0,DOH_DATA_TUNNEL
12.3558,82.0,41.0,41.0,34536.42,22377.91,12158.51,2795.16,6.64,0.2959,421.18,58.15,333.96,525.84,472.63,385.89,0.6015,177.07,87.73,35.41,389.56,0.4955,0.6665,3.2731,4.6393,57.0,0.0,0.0,DOH_DATA_TUNNEL
2.6935,24.0,8.0,16.0,24047.25,6296.5,17750.75,8927.78,8.91,-0.4763,1001.97,553.98,171.0,1500.0,973.93,923.19,0.1988,112.23,161.97,22.45,246.91,1.4432,0.1174,4.0832,2.1954,9.0,0.0,0.0,BENIGN_WEB
31.8799,43.0,21.0,22.0,12912.78,8568.07,4344.71,405.04,1.35,0.3271,300.3,38.5,242.55,369.6,333.81,265.77,0.4942,82.79,18.4,16.56,182.15,0.2223,0.6438,4.077,4.284,53.0,0.0,0.0,DOH_DATA_TUNNEL
6.7484,953.0,788.0,165.0,1254038.8,1227867.98,26170.83,185828.61,141.22,0.9583,1315.89,133.82,1115.15,1500.0,1258.06,1420.42,0.2878,15.59,8.91,3.12,34.3,0.5716,0.1967,1.9657,3.3729,19.0,0.0,0.0,DATA_EXFILTRATION
25.9893,622.0,556.0,66.0,852170.34,830565.8,21604.54,32789.3,23.93,0.9493,1370.05,220.5,1039.3,1500.0,1201.39,1296.21,0.3802,43.44,16.44,8.69,95.57,0.3784,0.2368,2.59,3.043,27.0,0.0,1.0,DATA_EXFILTRATION
25.5726,60.0,21.0,39.0,48272.39,8821.03,39451.37,1887.66,2.35,-0.6345,804.54,428.82,161.31,1500.0,766.22,797.62,0.5336,426.21,649.52,85.24,937.66,1.524,0.1264,4.5149,2.1441,9.0,0.0,0.0,BENIGN_WEB
29.2208,555.0,489.0,66.0,790610.16,780744.77,9865.39,27056.42,18.99,0.975,1424.52,189.99,1139.53,1500.0,1334.64,1226.18,0.5411,17.06,4.6,3.41,37.53,0.2696,0.237,2.5318,3.6297,27.0,1.0,0.0,DATA_EXFILTRATION
11.94,121.0,60.0,61.0,49308.51,29182.64,20125.87,4129.68,10.13,0.1837,407.51,51.52,330.22,500.25,429.63,440.44,0.3674,159.4,81.36,31.88,350.67,0.5104,0.4237,3.7091,4.3001,45.0,0.0,0.0,DOH_DATA_TUNNEL
40.8236,45.0,22.0,23.0,17924.09,11552.41,6371.68,439.06,1.1,0.289,398.31,58.4,310.72,503.43,426.22,413.41,0.2129,52.61,16.74,10.52,115.73,0.3182,0.6862,3.7762,4.5429,47.0,1.0,0.0,DOH_DATA_TUNNEL
4.751,19.0,5.0,14.0,19591.72,4806.08,14785.65,4123.74,4.0,-0.5094,1031.14,423.96,395.2,1500.0,944.36,888.13,0.5079,250.05,356.22,50.01,550.11,1.4246,0.1248,4.5085,2.6388,14.0,0.0,0.0,BENIGN_WEB
23.3827,45.0,13.0,32.0,33236.0,9382.88,23853.12,1421.4,1.92,-0.4354,738.58,323.11,253.92,1320.17,746.83,639.51,0.2293,519.61,432.0,103.92,1143.15,0.8314,0.1047,4.0,2.3912,8.0,0.0,0.0,BENIGN_WEB
18.3364,19.0,7.0,12.0,16479.72,3731.43,12748.29,898.74,1.04,-0.5471,867.35,536.85,62.07,1500.0,777.93,781.95,0.2537,965.07,1069.49,193.01,2123.16,1.1082,0.0351,4.0509,2.2106,16.0,0.0,0.0,BENIGN_WEB
19.5102,115.0,57.0,58.0,52098.5,37096.11,15002.39,2670.31,5.89,0.4241,453.03,83.19,328.24,602.78,488.22,514.19,0.2091,49.28,21.93,9.86,108.42,0.445,0.5542,3.9458,4.0146,33.0,0.0,0.0,DOH_DATA_TUNNEL
24.2502,104.0,52.0,52.0,46648.02,27681.93,18966.09,1923.61,4.29,0.1868,448.54,69.68,344.02,573.96,424.21,484.97,0.5839,203.17,90.03,40.63,446.97,0.4431,0.4375,4.018,4.2237,54.0,0.0,0.0,DOH_DATA_TUNNEL
38.5732,935.0,744.0,191.0,1290260.02,1223777.78,66482.24,33449.65,24.24,0.8969,1379.96,158.44,1142.3,1500.0,1213.99,1401.13,0.4543,30.16,8.21,6.03,66.36,0.2723,0.2217,2.1624,3.4083,14.0,1.0,1.0,DATA_EXFILTRATION
31.4624,176.0,88.0,88.0,47903.76,28749.45,19154.32,1522.57,5.59,0.2003,272.18,71.14,165.46,400.24,294.35,312.28,0.3561,216.74,59.14,43.35,476.83,0.2728,0.6821,3.9437,3.8806,35.0,0.0,0.0,DOH_DATA_TUNNEL
22.4611,75.0,25.0,50.0,47065.13,7529.24,39535.88,2095.41,3.34,-0.6801,627.54,435.69,40.0,1411.78,606.79,672.63,0.5789,299.48,393.87,59.9,658.86,1.3152,0.0248,4.9206,2.782,10.0,0.0,0.0,BENIGN_WEB
26.7627,32.0,9.0,23.0,23927.05,3429.45,20497.6,894.05,1.2,-0.7133,747.72,474.4,40.0,1500.0,702.94,775.62,0.3897,836.33,985.93,167.27,1839.93,1.1789,0.1276,4.4244,2.6884,12.0,0.0,0.0,BENIGN_WEB
17.0557,35.0,17.0,18.0,14325.22,10159.98,4165.25,839.91,2.05,0.4185,409.29,69.56,304.96,534.5,360.72,376.25,0.2773,173.73,91.35,34.75,382.21,0.5258,0.4513,3.8779,4.4123,39.0,1.0,0.0,DOH_DATA_TUNNEL
26.8031,49.0,18.0,31.0,51715.61,13700.63,38014.98,1929.46,1.83,-0.4702,1055.42,442.92,391.04,1500.0,1136.84,1112.35,0.4928,547.0,712.61,109.4,1203.41,1.3027,0.076,4.4241,2.8053,20.0,0.0,0.0,BENIGN_WEB
21.0123,57.0,28.0,29.0,16858.96,9537.56,7321.4,802.34,2.71,0.1315,295.77,61.07,204.17,405.7,320.09,253.17,0.4341,65.85,23.79,13.17,144.87,0.3613,0.6917,3.2914,4.1122,51.0,0.0,0.0,DOH_DATA_TUNNEL
6.3843,102.0,51.0,51.0,37887.41,23739.95,14147.46,5934.5,15.98,0.2532,371.45,47.08,300.83,456.19,406.64,418.02,0.5,236.51,121.01,47.3,520.32,0.5116,0.4249,4.0315,4.1803,32.0,0.0,0.0,DOH_DATA_TUNNEL
27.5504,47.0,23.0,24.0,19349.98,12911.29,6438.69,702.35,1.71,0.3345,411.7,56.92,326.32,514.16,467.33,381.2,0.566,159.51,70.68,31.9,350.92,0.4431,0.6737,3.6475,4.1989,37.0,0.0,0.0,DOH_DATA_TUNNEL
18.7034,59.0,19.0,40.0,41870.49,11461.69,30408.8,2238.66,3.15,-0.4525,709.67,429.33,65.68,1482.46,674.84,801.56,0.3367,317.01,467.45,63.4,697.41,1.4746,0.0528,4.4582,2.7464,15.0,0.0,0.0,BENIGN_WEB
11.3411,409.0,322.0,87.0,580697.74,544854.46,35843.28,51203.11,36.06,0.8766,1419.8,193.84,1129.04,1500.0,1252.51,1358.14,0.5901,39.76,20.48,7.95,87.47,0.5151,0.1421,2.0499,3.0237,27.0,0.0,0.0,DATA_EXFILTRATION
25.1477,81.0,25.0,56.0,80821.57,19657.73,61163.84,3213.87,3.22,-0.5136,997.8,546.96,177.35,1500.0,1140.28,1068.91,0.3307,310.47,381.24,62.09,683.03,1.228,0.0888,4.1574,2.9971,17.0,0.0,0.0,BENIGN_WEB
18.2951,25.0,7.0,18.0,19619.25,2796.82,16822.43,1072.38,1.37,-0.7149,784.77,366.35,235.25,1444.2,715.6,723.08,0.3926,731.8,657.26,146.36,1609.97,0.8981,0.0795,3.8785,2.7244,21.0,0.0,0.0,BENIGN_WEB
31.2693,117.0,58.0,59.0,43250.51,30508.62,12741.89,1383.16,3.74,0.4108,369.66,64.69,272.63,486.11,351.39,324.27,0.2593,101.36,49.7,20.27,222.99,0.4903,0.6596,3.3367,4.1754,59.0,0.0,0.0,DOH_DATA_TUNNEL
29.9558,139.0,69.0,70.0,44308.21,31086.09,13222.12,1479.12,4.64,0.4032,318.76,67.84,217.0,440.88,289.66,353.45,0.1938,193.38,54.59,38.68,425.44,0.2823,0.5319,3.4675,4.2195,60.0,0.0,0.0,DOH_DATA_TUNNEL
38.744,318.0,290.0,28.0,456755.18,414217.56,42537.61,11789.06,8.21,0.8137,1436.34,157.79,1199.65,1500.0,1327.05,1543.51,0.2604,33.43,9.0,6.69,73.56,0.2691,0.2504,2.5129,3.4549,14.0,1.0,0.0,DATA_EXFILTRATION
22.3923,78.0,23.0,55.0,64418.2,14461.18,49957.02,2876.8,3.48,-0.551,825.87,419.23,197.02,1500.0,807.64,944.88,0.5151,287.08,295.25,57.42,631.58,1.0285,0.1244,4.4088,2.5561,19.0,0.0,0.0,BENIGN_WEB
11.4323,35.0,13.0,22.0,25983.7,5438.93,20544.77,2272.84,3.06,-0.5814,742.39,486.86,40.0,1500.0,712.18,737.43,0.4974,326.64,270.93,65.33,718.6,0.8295,0.0767,4.781,2.6329,20.0,0.0,0.0,BENIGN_WEB
47.0928,1323.0,1148.0,175.0,1776383.67,1586962.33,189421.34,37720.94,28.09,0.7867,1342.69,137.94,1135.78,1500.0,1452.18,1292.56,0.4097,35.22,14.77,7.04,77.48,0.4195,0.1449,2.8854,3.8407,14.0,0.0,0.0,DATA_EXFILTRATION
7.697,82.0,29.0,53.0,80659.6,21949.43,58710.17,10479.38,10.65,-0.4558,983.65,499.94,233.74,1500.0,1001.6,866.56,0.2481,93.87,101.51,18.77,206.5,1.0814,0.0944,4.814,2.1737,21.0,0.0,0.0,BENIGN_WEB
28.6608,56.0,28.0,28.0,18337.82,11874.7,6463.12,639.82,1.95,0.2951,327.46,41.93,264.56,402.94,315.07,298.99,0.4765,82.1,24.28,16.42,180.62,0.2957,0.547,3.668,4.0038,36.0,0.0,0.0,DOH_DATA_TUNNEL
12.7537,156.0,78.0,78.0,46862.14,32236.27,14625.87,3674.38,12.23,0.3758,300.4,39.47,241.19,371.45,295.96,329.24,0.4092,146.87,79.11,29.37,323.11,0.5387,0.5982,3.5787,4.2917,48.0,1.0,0.0,DOH_DATA_TUNNEL
16.4351,1326.0,1174.0,152.0,1866903.11,1814331.54,52571.57,113592.54,80.68,0.9437,1407.92,213.61,1087.51,1500.0,1467.68,1407.71,0.4928,33.77,9.53,6.75,74.3,0.2823,0.2111,2.4305,3.6982,29.0,1.0,0.0,DATA_EXFILTRATION
39.9647,142.0,71.0,71.0,60095.94,35743.36,24352.58,1503.73,3.55,0.1895,423.21,61.75,330.58,534.36,397.27,421.38,0.6071,100.35,40.92,20.07,220.78,0.4078,0.6079,3.8934,4.4843,44.0,0.0,0.0,DOH_DATA_TUNNEL
30.5774,16.0,5.0,11.0,15463.75,3350.37,12113.37,505.72,0.52,-0.5667,966.48,350.9,440.14,1500.0,882.13,857.26,0.3259,1911.09,1596.17,382.22,4204.39,0.8352,0.0622,4.7111,2.2444,21.0,0.0,0.0,BENIGN_WEB
22.4048,105.0,52.0,53.0,46808.06,34399.52,12408.53,2089.2,4.69,0.4698,445.79,81.57,323.44,592.62,479.21,492.73,0.3803,132.92,76.74,26.58,292.42,0.5774,0.4452,3.9929,4.0438,32.0,0.0,0.0,DOH_DATA_TUNNEL
3.888,83.0,27.0,56.0,71391.58,20477.62,50913.97,18361.89,21.35,-0.4263,860.14,341.68,347.62,1475.16,750.81,896.12,0.5289,46.84,37.16,9.37,103.06,0.7932,0.0928,4.4852,2.1401,9.0,0.0,0.0,BENIGN_WEB
6.4506,38.0,13.0,25.0,33918.4,8055.24,25863.16,5258.18,5.89,-0.525,892.59,492.05,154.52,1500.0,1005.38,932.25,0.3075,169.75,196.81,33.95,373.46,1.1594,0.0326,4.6336,2.145,16.0,0.0,0.0,BENIGN_WEB
28.2273,131.0,65.0,66.0,32596.63,19276.9,13319.73,1154.79,4.64,0.1828,248.83,59.28,159.91,355.53,274.67,236.86,0.4184,226.47,78.98,45.29,498.23,0.3488,0.5177,4.0474,4.58,41.0,0.0,0.0,DOH_DATA_TUNNEL
52.9162,389.0,311.0,78.0,555416.17,529643.41,25772.77,10496.16,7.35,0.9072,1427.81,160.23,1187.47,1500.0,1555.06,1442.01,0.424,40.1,18.1,8.02,88.21,0.4513,0.1226,2.1767,3.735,27.0,0.0,0.0,DATA_EXFILTRATION
8.318,140.0,70.0,70.0,61459.92,39263.1,22196.82,7388.76,16.83,0.2777,439.0,37.67,382.5,506.8,453.58,406.38,0.2773,230.08,82.35,46.02,506.17,0.3579,0.6619,3.3926,4.5142,39.0,0.0,0.0,DOH_DATA_TUNNEL
10.3667,45.0,15.0,30.0,45978.6,10429.44,35549.16,4435.23,4.34,-0.5463,1021.75,489.5,287.49,1500.0,874.98,1079.71,0.3696,230.37,250.36,46.07,506.82,1.0868,0.1385,4.6925,2.8262,13.0,0.0,0.0,BENIGN_WEB
22.084,59.0,16.0,43.0,41205.22,7250.87,33954.35,1865.84,2.67,-0.6481,698.39,391.96,110.46,1403.92,610.45,620.82,0.5984,374.31,414.74,74.86,823.47,1.108,0.1004,4.3264,2.7826,8.0,0.0,0.0,BENIGN_WEB
10.7505,474.0,373.0,101.0,591658.2,527241.64,64416.55,55035.48,44.09,0.7823,1248.22,110.38,1082.66,1446.9,1258.9,1183.15,0.2941,38.58,22.35,7.72,84.88,0.5794,0.217,2.4827,3.612,25.0,1.0,0.0,DATA_EXFILTRATION
8.4007,139.0,69.0,70.0,46720.92,30984.59,15736.33,5561.55,16.55,0.3264,336.12,54.22,254.79,433.72,297.98,289.7,0.3423,124.99,66.48,25.0,274.98,0.5319,0.6295,4.0982,3.9577,41.0,0.0,0.0,DOH_DATA_TUNNEL
6.57,46.0,18.0,28.0,44904.78,5144.36,39760.42,6834.81,7.0,-0.7709,976.19,322.98,491.72,1500.0,1002.93,1013.23,0.4711,142.83,161.21,28.57,314.22,1.1287,0.0377,3.7499,2.4827,12.0,0.0,0.0,BENIGN_WEB
47.4227,688.0,558.0,130.0,843392.0,780516.75,62875.25,17784.56,14.51,0.8509,1225.86,164.77,978.7,1500.0,1173.02,1251.07,0.4815,32.84,8.94,6.57,72.26,0.2721,0.1542,2.0568,3.28,15.0,0.0,0.0,DATA_EXFILTRATION
11.8205,81.0,40.0,41.0,33581.93,24425.82,9156.11,2841.0,6.85,0.4547,414.59,68.97,311.13,538.75,414.04,402.16,0.2168,122.36,53.32,24.47,269.18,0.4358,0.7153,3.4143,4.5041,35.0,1.0,0.0,DOH_DATA_TUNNEL
20.441,77.0,23.0,54.0,67131.81,10239.27,56892.54,3284.18,3.77,-0.695,871.84,565.5,40.0,1500.0,841.37,872.83,0.2119,265.47,264.21,53.09,584.03,0.9953,0.1151,4.8504,2.6922,20.0,0.0,0.0,BENIGN_WEB
9.3016,122.0,61.0,61.0,50430.99,35483.61,14947.38,5421.76,13.12,0.4072,413.37,48.62,340.44,500.88,358.0,402.53,0.2881,52.22,24.32,10.44,114.88,0.4658,0.7056,3.8305,4.3523,59.0,1.0,0.0,DOH_DATA_TUNNEL
7.4826,78.0,32.0,46.0,49271.41,13641.94,35629.47,6584.77,10.42,-0.4463,631.68,431.57,40.0,1408.52,583.89,687.49,0.6073,95.93,164.0,19.19,211.05,1.7096,0.0663,3.8187,3.0297,19.0,0.0,0.0,BENIGN_WEB
16.6698,54.0,19.0,35.0,54709.66,9428.89,45280.78,3281.96,3.24,-0.6553,1013.14,487.79,281.45,1500.0,1162.62,1162.57,0.4587,308.7,468.66,61.74,679.14,1.5182,0.082,4.4656,2.4867,19.0,0.0,0.0,BENIGN_WEB
26.1788,65.0,25.0,40.0,69726.17,12055.27,57670.9,2663.46,2.48,-0.6542,1072.71,569.64,218.24,1500.0,1027.2,955.95,0.4581,402.75,402.57,80.55,886.05,0.9995,0.017,4.4831,2.8424,21.0,0.0,0.0,BENIGN_WEB
5.3711,21.0,6.0,15.0,17693.3,3902.71,13790.6,3294.16,3.91,-0.5588,842.54,368.48,289.83,1500.0,805.23,801.17,0.4861,255.77,329.42,51.15,562.69,1.2879,0.065,4.13,2.5171,8.0,0.0,0.0,BENIGN_WEB
31.1562,21.0,6.0,15.0,20405.87,2033.62,18372.24,654.95,0.67,-0.8007,971.71,456.94,286.3,1500.0,870.71,915.52,0.2553,1483.63,2069.84,296.73,3263.98,1.3951,0.084,4.3307,2.4628,9.0,0.0,0.0,BENIGN_WEB
37.4536,1039.0,829.0,210.0,1356127.22,1313458.8,42668.42,36208.21,27.74,0.9371,1305.22,268.7,902.17,1500.0,1437.82,1492.8,0.5251,28.97,7.94,5.79,63.74,0.2741,0.151,1.9116,3.7514,16.0,1.0,0.0,DATA_EXFILTRATION
26.5383,991.0,909.0,82.0,1329977.65,1187536.88,142440.77,50115.42,37.34,0.7858,1342.06,214.57,1020.2,1500.0,1236.63,1528.1,0.6141,43.64,12.93,8.73,96.01,0.2964,0.223,2.8002,3.601,21.0,1.0,0.0,DATA_EXFILTRATION
12.1718,29.0,11.0,18.0,26751.6,5205.87,21545.74,2197.84,2.38,-0.6108,922.47,415.25,299.59,1500.0,833.7,884.37,0.3409,419.72,658.18,83.94,923.38,1.5682,0.084,3.709,2.1198,11.0,0.0,0.0,BENIGN_WEB
22.5302,59.0,29.0,30.0,20475.98,11580.18,8895.8,908.82,2.62,0.1311,347.05,69.89,242.21,472.86,302.24,397.12,0.2011,53.52,15.54,10.7,117.75,0.2904,0.71,3.4857,4.5116,47.0,1.0,0.0,DOH_DATA_TUNNEL
15.2987,31.0,12.0,19.0,28994.43,8010.27,20984.16,1895.22,2.03,-0.4475,935.3,506.43,175.66,1500.0,958.14,869.33,0.4914,493.51,687.97,98.7,1085.72,1.394,0.1336,3.9483,2.3581,21.0,0.0,0.0,BENIGN_WEB
28.997,151.0,75.0,76.0,42551.78,27224.99,15326.8,1467.45,5.21,0.2796,281.8,62.69,187.76,394.64,286.27,305.49,0.5578,53.39,28.88,10.68,117.46,0.5408,0.4511,3.2166,4.544,36.0,0.0,0.0,DOH_DATA_TUNNEL
24.5755,22.0,6.0,16.0,15187.49,1835.24,13352.25,617.99,0.9,-0.7583,690.34,564.88,40.0,1500.0,780.59,775.51,0.613,1117.07,974.05,223.41,2457.55,0.872,0.0564,4.6998,2.1918,21.0,0.0,0.0,BENIGN_WEB
20.2378,41.0,11.0,30.0,31009.42,6888.61,24120.8,1532.26,2.03,-0.5557,756.33,338.24,248.97,1365.15,794.25,796.38,0.2914,493.6,436.15,98.72,1085.93,0.8836,0.0575,4.8931,2.8281,15.0,0.0,0.0,BENIGN_WEB
27.6183,861.0,691.0,170.0,1139761.04,1095720.62,44040.42,41268.36,31.18,0.9227,1323.76,224.02,987.73,1500.0,1393.04,1451.92,0.2557,13.69,7.77,2.74,30.12,0.5673,0.127,2.1898,3.1688,15.0,0.0,0.0,DATA_EXFILTRATION
28.6901,54.0,17.0,37.0,51051.5,13433.95,37617.55,1779.41,1.88,-0.4737,945.4,517.84,168.64,1500.0,978.94,896.32,0.2873,531.3,611.28,106.26,1168.86,1.1505,0.011,3.6421,2.6185,10.0,0.0,0.0,BENIGN_WEB
35.4008,80.0,40.0,40.0,28209.18,20928.58,7280.6,796.85,2.26,0.4838,352.61,64.36,256.07,468.47,325.37,332.78,0.2695,192.12,72.13,38.42,422.67,0.3754,0.5405,3.5815,3.9785,55.0,1.0,0.0,DOH_DATA_TUNNEL
7.4546,489.0,438.0,51.0,610062.83,564001.55,46061.28,81837.04,65.6,0.849,1247.57,243.84,881.81,1500.0,1404.92,1405.1,0.3219,12.13,3.09,2.43,26.68,0.2547,0.2358,2.4052,3.1009,25.0,1.0,0.0,DATA_EXFILTRATION
30.5761,154.0,77.0,77.0,41491.22,23285.59,18205.63,1356.98,5.04,0.1224,269.42,37.66,212.94,337.2,261.26,256.81,0.5423,171.89,95.58,34.38,378.16,0.556,0.7064,4.0337,4.5124,44.0,0.0,0.0,DOH_DATA_TUNNEL
3.6728,44.0,14.0,30.0,43411.11,7738.23,35672.88,11819.76,11.98,-0.6435,986.62,507.03,226.06,1500.0,1058.18,901.18,0.2208,83.47,80.15,16.69,183.64,0.9602,0.0261,4.2262,2.6614,18.0,0.0,0.0,BENIGN_WEB
36.5527,179.0,89.0,90.0,54822.55,30970.33,23852.21,1499.82,4.9,0.1298,306.27,81.33,184.28,452.66,325.35,263.59,0.3131,183.74,53.8,36.75,404.22,0.2928,0.6038,3.1723,4.154,48.0,0.0,0.0,DOH_DATA_TUNNEL
28.2798,33.0,12.0,21.0,25400.73,3835.24,21565.49,898.19,1.17,-0.698,769.72,443.69,104.19,1500.0,775.07,859.48,0.3399,856.96,908.07,171.39,1885.32,1.0596,0.075,4.0105,2.568,18.0,0.0,0.0,BENIGN_WEB
38.1556,79.0,39.0,40.0,26636.91,19133.5,7503.41,698.11,2.07,0.4366,337.18,83.81,211.46,488.04,372.16,355.5,0.555,89.67,44.01,17.93,197.28,0.4908,0.6837,3.4487,4.206,44.0,0.0,0.0,DOH_DATA_TUNNEL
6.7263,17.0,6.0,11.0,17924.99,3275.83,14649.16,2664.9,2.53,-0.6345,1054.41,419.42,425.28,1500.0,1151.55,942.26,0.5098,395.67,339.68,79.13,870.46,0.8585,0.0554,4.5867,3.0173,15.0,0.0,0.0,BENIGN_WEB
12.159,35.0,14.0,21.0,24859.66,6186.68,18672.98,2044.56,2.88,-0.5023,710.28,449.2,40.0,1500.0,762.26,624.94,0.5678,347.4,316.03,69.48,764.28,0.9097,0.0635,4.7711,2.1574,14.0,0.0,0.0,BENIGN_WEB
23.6362,56.0,20.0,36.0,51486.76,5953.26,45533.5,2178.3,2.37,-0.7687,919.41,510.52,153.63,1500.0,954.67,856.62,0.4797,422.08,418.57,84.42,928.57,0.9917,0.0799,3.822,2.2634,14.0,0.0,0.0,BENIGN_WEB
22.2048,83.0,41.0,42.0,33440.52,20025.51,13415.01,1506.0,3.74,0.1977,402.9,57.4,316.8,506.22,354.24,348.49,0.4567,124.87,62.86,24.97,274.72,0.5034,0.5274,3.9431,4.2468,41.0,1.0,0.0,DOH_DATA_TUNNEL
35.4931,150.0,75.0,75.0,45091.15,33311.39,11779.76,1270.42,4.23,0.4775,300.61,81.22,178.78,446.8,262.78,322.68,0.5168,227.55,112.12,45.51,500.62,0.4927,0.5191,3.7252,4.3793,45.0,0.0,0.0,DOH_DATA_TUNNEL
54.17,258.0,232.0,26.0,368601.73,350806.81,17794.91,6804.54,4.76,0.9034,1428.69,230.86,1082.4,1500.0,1326.64,1516.52,0.4193,10.29,3.59,2.06,22.63,0.3489,0.1317,2.7325,3.6685,26.0,0.0,0.0,DATA_EXFILTRATION
7.8064,19.0,5.0,14.0,18928.66,2223.11,16705.55,2424.77,2.43,-0.7651,996.25,450.62,320.32,1500.0,1142.19,1091.83,0.6133,410.86,634.52,82.17,903.9,1.5444,0.1266,3.6867,2.7702,18.0,0.0,0.0,BENIGN_WEB
14.9459,63.0,25.0,38.0,46210.17,7425.67,38784.5,3091.83,4.22,-0.6786,733.49,511.29,40.0,1500.0,670.93,778.81,0.4126,237.24,230.48,47.45,521.92,0.9715,0.1221,3.8122,2.7469,13.0,0.0,0.0,BENIGN_WEB
40.239,284.0,242.0,42.0,382890.16,347678.66,35211.5,9515.41,7.06,0.8161,1348.2,202.77,1044.04,1500.0,1188.12,1399.69,0.2081,44.2,22.59,8.84,97.24,0.511,0.1506,2.0748,3.7018,27.0,1.0,0.0,DATA_EXFILTRATION
37.9444,686.0,596.0,90.0,853684.08,833383.97,20300.11,22498.31,18.08,0.9524,1244.44,118.94,1066.03,1458.53,1115.6,1137.8,0.3447,23.61,11.37,4.72,51.95,0.4814,0.2188,2.8632,3.2958,25.0,1.0,0.0,DATA_EXFILTRATION
7.259,74.0,24.0,50.0,68015.91,16925.33,51090.58,9369.93,10.19,-0.5023,919.13,547.05,98.56,1500.0,861.35,1031.97,0.441,98.09,126.74,19.62,215.81,1.292,0.0992,5.0854,3.0097,8.0,0.0,0.0,BENIGN_WEB
34.8089,52.0,26.0,26.0,20702.97,13702.4,7000.56,594.76,1.49,0.3237,398.13,43.41,333.02,476.27,348.16,381.72,0.4789,234.41,58.07,46.88,515.71,0.2477,0.5898,3.5492,4.2556,53.0,1.0,0.0,DOH_DATA_TUNNEL
4.9668,21.0,8.0,13.0,21635.34,5710.69,15924.65,4356.02,4.23,-0.4721,1030.25,576.3,165.81,1500.0,894.69,908.42,0.5182,236.51,174.61,47.3,520.33,0.7383,0.0221,3.8889,3.0268,8.0,0.0,0.0,BENIGN_WEB
38.9551,708.0,645.0,63.0,865129.62,833526.49,31603.13,22208.41,18.17,0.9269,1221.93,206.86,911.64,1500.0,1088.35,1167.42,0.234,47.86,11.2,9.57,105.29,0.234,0.2571,2.6141,3.6149,14.0,1.0,0.0,DATA_EXFILTRATION
21.9363,80.0,25.0,55.0,79201.67,18819.75,60381.91,3610.52,3.65,-0.5248,990.02,433.0,340.51,1500.0,945.24,1073.54,0.271,274.2,239.97,54.84,603.25,0.8751,0.1093,3.7099,2.3402,13.0,0.0,0.0,BENIGN_WEB
32.1519,604.0,474.0,130.0,800964.77,749163.78,51800.99,24911.89,18.79,0.8707,1326.1,259.67,936.6,1500.0,1144.06,1275.11,0.2173,32.77,11.85,6.55,72.1,0.3615,0.2302,1.9901,3.001,14.0,0.0,0.0,DATA_EXFILTRATION
14.0451,36.0,14.0,22.0,35110.15,5554.8,29555.35,2499.81,2.56,-0.6836,975.28,456.58,290.41,1500.0,865.99,1036.04,0.318,390.14,347.93,78.03,858.31,0.8918,0.066,4.1544,2.2106,17.0,0.0,0.0,BENIGN_WEB
24.7992,1016.0,845.0,171.0,1275041.01,1200278.93,74762.08,51414.53,40.97,0.8827,1254.96,153.29,1025.02,1500.0,1122.52,1230.01,0.4578,23.14,5.88,4.63,50.91,0.2542,0.2588,2.044,3.6153,27.0,1.0,1.0,DATA_EXFILTRATION
19.6267,63.0,20.0,43.0,54684.52,5075.93,49608.59,2786.23,3.21,-0.8144,868.01,443.75,202.39,1500.0,974.73,893.49,0.5856,311.54,246.32,62.31,685.38,0.7907,0.0556,4.8257,2.9271,16.0,0.0,0.0,BENIGN_WEB
20.051,57.0,28.0,29.0,20696.45,12773.58,7922.87,1032.19,2.84,0.2344,363.1,40.55,302.27,436.09,330.79,364.22,0.4799,196.83,43.66,39.37,433.03,0.2218,0.5587,3.5748,4.6444,59.0,1.0,0.0,DOH_DATA_TUNNEL
36.1191,83.0,41.0,42.0,37469.67,27039.88,10429.79,1037.39,2.3,0.4433,451.44,84.51,324.68,603.55,400.61,405.73,0.3926,115.35,61.8,23.07,253.77,0.5357,0.5917,3.5653,4.4192,50.0,0.0,0.0,DOH_DATA_TUNNEL
17.0811,78.0,39.0,39.0,31415.76,20511.72,10904.03,1839.21,4.57,0.3058,402.77,75.19,289.97,538.12,382.55,386.88,0.2504,219.99,124.57,44.0,483.97,0.5663,0.5099,4.0825,4.6216,39.0,0.0,0.0,DOH_DATA_TUNNEL
34.9061,113.0,56.0,57.0,42200.56,29700.69,12499.87,1208.97,3.24,0.4076,373.46,50.81,297.24,464.91,337.99,402.2,0.312,173.37,96.7,34.67,381.41,0.5578,0.4677,3.8342,4.5351,48.0,1.0,0.0,DOH_DATA_TUNNEL
26.2876,156.0,78.0,78.0,57551.86,39649.79,17902.07,2189.31,5.93,0.3779,368.92,53.6,288.52,465.41,390.09,318.2,0.5144,157.04,35.16,31.41,345.49,0.2239,0.5529,3.8712,4.3909,57.0,0.0,0.0,DOH_DATA_TUNNEL
23.9415,84.0,42.0,42.0,19737.26,13856.06,5881.2,824.39,3.51,0.4041,234.97,77.08,119.35,373.71,238.39,220.0,0.4995,153.86,50.75,30.77,338.5,0.3298,0.5719,3.8692,4.3265,56.0,0.0,0.0,DOH_DATA_TUNNEL
46.4843,1326.0,1147.0,179.0,1664559.33,1551610.37,112948.96,35809.04,28.53,0.8643,1255.32,230.7,909.28,1500.0,1191.25,1223.26,0.5211,36.67,20.5,7.33,80.67,0.5589,0.2788,1.9712,3.3772,15.0,0.0,0.0,DATA_EXFILTRATION
14.8181,52.0,16.0,36.0,51556.54,13979.69,37576.85,3479.3,3.51,-0.4577,991.47,509.96,226.53,1500.0,1069.7,993.69,0.5043,284.96,388.43,56.99,626.92,1.3631,0.121,4.8369,2.9918,18.0,0.0,0.0,BENIGN_WEB
19.9012,118.0,59.0,59.0,31825.22,19495.99,12329.23,1599.16,5.93,0.2252,269.71,56.61,184.79,371.6,302.82,230.19,0.4039,119.44,60.14,23.89,262.78,0.5035,0.5969,3.8456,4.0946,41.0,0.0,0.0,DOH_DATA_TUNNEL
2.5267,37.0,14.0,23.0,36301.19,5791.53,30509.66,14367.1,14.64,-0.6809,981.11,423.9,345.27,1500.0,1059.52,963.82,0.1909,68.29,104.09,13.66,150.24,1.5243,0.1262,4.3743,3.0478,8.0,0.0,0.0,BENIGN_WEB
39.3662,78.0,39.0,39.0,18675.11,11758.19,6916.91,474.39,1.98,0.2592,239.42,41.84,176.66,314.74,239.14,269.41,0.2562,102.23,45.86,20.45,224.91,0.4486,0.4489,3.8481,4.271,40.0,1.0,0.0,DOH_DATA_TUNNEL
26.6244,152.0,76.0,76.0,50246.41,29315.75,20930.66,1887.23,5.71,0.1669,330.57,55.66,247.08,430.76,340.07,317.2,0.4374,69.94,21.29,13.99,153.86,0.3044,0.6439,3.6786,4.3177,53.0,0.0,0.0,DOH_DATA_TUNNEL
36.5464,229.0,184.0,45.0,305012.57,284300.99,20711.58,8345.91,6.27,0.8642,1331.93,212.11,1013.76,1500.0,1313.99,1405.95,0.3349,41.91,21.62,8.38,92.21,0.5159,0.2129,1.9125,3.4056,14.0,0.0,0.0,DATA_EXFILTRATION
35.2227,82.0,41.0,41.0,33790.68,20360.15,13430.53,959.34,2.33,0.2051,412.08,46.58,342.21,495.93,436.86,382.0,0.3873,215.84,92.79,43.17,474.85,0.4299,0.4761,3.6161,4.0218,48.0,0.0,0.0,DOH_DATA_TUNNEL
1.8441,18.0,6.0,12.0,13309.73,1285.57,12024.16,7217.58,9.76,-0.8068,739.43,510.16,40.0,1500.0,637.63,841.42,0.3316,102.45,156.97,20.49,225.39,1.5322,0.1003,4.5274,2.5054,21.0,0.0,0.0,BENIGN_WEB
26.705,25.0,8.0,17.0,19338.76,3500.17,15838.59,724.16,0.94,-0.638,773.55,485.67,45.05,1500.0,833.11,735.48,0.4329,1068.2,1481.73,213.64,2350.04,1.3871,0.079,4.6561,2.9969,11.0,0.0,0.0,BENIGN_WEB
36.4423,110.0,55.0,55.0,34254.56,24773.83,9480.73,939.97,3.02,0.4465,311.41,75.1,198.76,446.58,298.56,356.3,0.2477,101.64,48.03,20.33,223.61,0.4726,0.6074,3.6519,4.5918,61.0,1.0,0.0,DOH_DATA_TUNNEL
19.483,76.0,38.0,38.0,34022.99,19714.88,14308.11,1746.29,3.9,0.1589,447.67,49.33,373.67,536.47,430.69,406.57,0.3714,120.9,41.27,24.18,265.98,0.3414,0.6359,3.5637,4.3749,30.0,1.0,0.0,DOH_DATA_TUNNEL
26.5017,63.0,17.0,46.0,51977.47,7063.94,44913.54,1961.29,2.38,-0.7282,825.04,385.75,246.41,1500.0,822.72,728.98,0.6184,420.66,565.49,84.13,925.46,1.3443,0.0261,3.9523,2.6579,11.0,0.0,0.0,BENIGN_WEB
23.5736,897.0,822.0,75.0,1145400.94,1047425.6,97975.35,48588.25,38.05,0.8289,1276.92,111.19,1110.14,1477.07,1115.98,1195.37,0.3012,20.94,9.07,4.19,46.07,0.433,0.1335,2.0139,3.6611,26.0,0.0,1.0,DATA_EXFILTRATION
11.5705,17.0,6.0,11.0,12450.71,1492.07,10958.65,1076.08,1.47,-0.7603,732.39,530.59,40.0,1500.0,807.93,638.83,0.5519,680.62,666.07,136.12,1497.35,0.9786,0.1016,4.951,2.6758,19.0,0.0,0.0,BENIGN_WEB
40.1882,80.0,40.0,40.0,30372.18,22794.41,7577.77,755.75,1.99,0.501,379.65,65.54,281.34,497.63,332.15,344.29,0.4762,155.66,88.86,31.13,342.45,0.5709,0.5835,3.4182,3.9314,38.0,0.0,0.0,DOH_DATA_TUNNEL
8.9785,248.0,218.0,30.0,352623.35,330729.28,21894.07,39274.03,27.62,0.8758,1421.87,207.7,1110.31,1500.0,1593.5,1317.19,0.5329,17.21,10.71,3.44,37.86,0.6223,0.192,2.3581,3.478,19.0,1.0,1.0,DATA_EXFILTRATION
14.0548,1467.0,1333.0,134.0,2114401.66,1983362.79,131038.87,150439.43,104.38,0.8761,1441.31,200.87,1140.0,1500.0,1301.28,1624.24,0.2627,33.37,15.58,6.67,73.42,0.467,0.2542,2.1324,3.7895,22.0,1.0,0.0,DATA_EXFILTRATION
28.5874,109.0,54.0,55.0,29701.0,16896.94,12804.06,1038.95,3.81,0.1378,272.49,61.49,180.26,383.16,296.13,248.72,0.3979,95.79,39.62,19.16,210.73,0.4136,0.5873,3.2285,4.3442,38.0,1.0,0.0,DOH_DATA_TUNNEL
23.6444,73.0,26.0,47.0,49372.56,7954.94,41417.63,2088.13,3.09,-0.6778,676.34,371.21,119.52,1344.51,741.81,736.88,0.3595,323.9,490.78,64.78,712.57,1.5152,0.0989,3.7638,2.7879,15.0,0.0,0.0,BENIGN_WEB
29.6753,22.0,8.0,14.0,14893.26,3560.89,11332.38,501.87,0.74,-0.5218,676.97,398.34,79.46,1393.97,772.61,685.51,0.3002,1348.88,1800.94,269.78,2967.53,1.3351,0.1093,3.8929,2.8298,17.0,0.0,0.0,BENIGN_WEB
25.9096,23.0,8.0,15.0,24537.91,5394.0,19143.91,947.06,0.89,-0.5604,1066.87,499.31,317.9,1500.0,961.86,980.3,0.4378,1126.5,1084.89,225.3,2478.31,0.9631,0.0467,4.4875,3.0528,21.0,0.0,0.0,BENIGN_WEB
11.1563,19.0,7.0,12.0,20330.46,2286.83,18043.63,1822.33,1.7,-0.775,1070.02,391.14,483.32,1500.0,989.18,1105.97,0.3615,587.17,852.09,117.43,1291.78,1.4512,0.0281,4.9616,2.6028,16.0,0.0,0.0,BENIGN_WEB
27.2096,71.0,35.0,36.0,22353.67,16110.82,6242.85,821.54,2.61,0.4414,314.84,60.16,224.59,423.14,293.1,289.68,0.4768,73.93,27.89,14.79,162.65,0.3772,0.4678,3.7287,4.1352,40.0,1.0,0.0,DOH_DATA_TUNNEL
30.9753,166.0,83.0,83.0,39709.2,29201.48,10507.72,1281.96,5.36,0.4708,239.21,47.24,168.35,324.25,236.15,240.48,0.3993,186.9,72.52,37.38,411.18,0.388,0.6997,3.2964,4.3594,40.0,0.0,0.0,DOH_DATA_TUNNEL
24.0542,18.0,5.0,13.0,14624.25,2343.16,12281.09,607.97,0.75,-0.6796,812.46,440.85,151.18,1500.0,705.12,809.84,0.2221,1336.34,1761.74,267.27,2939.95,1.3183,0.0414,4.1148,2.5733,20.0,0.0,0.0,BENIGN_WEB
16.2334,20.0,7.0,13.0,15245.05,4141.36,11103.69,939.11,1.23,-0.4567,762.25,340.67,251.25,1375.45,844.1,776.69,0.5524,811.67,1380.68,162.33,1785.68,1.701,0.0706,4.3245,2.1056,13.0,0.0,0.0,BENIGN_WEB
26.0862,137.0,68.0,69.0,33784.07,21476.5,12307.57,1295.09,5.25,0.2714,246.6,46.36,177.06,330.04,233.54,276.2,0.2854,238.74,117.51,47.75,525.23,0.4922,0.6127,3.7593,4.0224,57.0,0.0,0.0,DOH_DATA_TUNNEL
31.5096,24.0,6.0,18.0,19283.94,5577.69,13706.25,612.0,0.76,-0.4215,803.5,536.73,40.0,1500.0,888.17,836.37,0.3651,1312.9,2214.18,262.58,2888.38,1.6865,0.0473,3.9026,2.6007,15.0,0.0,0.0,BENIGN_WEB
7.7555,76.0,38.0,38.0,27774.28,18185.96,9588.32,3581.22,9.8,0.3096,365.45,77.06,249.87,504.15,419.08,412.39,0.3245,131.71,61.05,26.34,289.76,0.4635,0.6917,3.2998,4.1241,31.0,0.0,0.0,DOH_DATA_TUNNEL
11.9782,455.0,409.0,46.0,626033.96,581036.86,44997.1,52264.3,37.99,0.8562,1375.9,110.09,1210.76,1500.0,1473.35,1564.59,0.5593,45.1,27.81,9.02,99.22,0.6165,0.127,2.0891,3.3275,29.0,1.0,1.0,DATA_EXFILTRATION
40.094,111.0,55.0,56.0,34282.24,19655.8,14626.45,855.05,2.77,0.1467,308.85,75.05,196.27,443.94,309.72,345.42,0.1862,219.35,103.21,43.87,482.57,0.4705,0.4791,3.1477,4.17,36.0,0.0,0.0,DOH_DATA_TUNNEL
15.0297,51.0,17.0,34.0,34958.59,6252.6,28705.99,2325.96,3.39,-0.6423,685.46,462.84,40.0,1500.0,742.56,583.86,0.2833,294.7,317.53,58.94,648.34,1.0775,0.0465,4.4179,2.2977,11.0,0.0,0.0,BENIGN_WEB
22.5988,18.0,5.0,13.0,12605.12,1728.25,10876.87,557.78,0.8,-0.7258,700.28,530.97,40.0,1500.0,631.16,698.98,0.5354,1255.49,1831.29,251.1,2762.08,1.4586,0.0398,5.0042,2.1902,19.0,0.0,0.0,BENIGN_WEB
16.88,69.0,28.0,41.0,74333.05,18497.67,55835.39,4403.63,4.09,-0.5023,1077.29,472.83,368.04,1500.0,1005.93,1158.93,0.2684,244.64,281.4,48.93,538.2,1.1503,0.1043,4.0324,2.5707,19.0,0.0,0.0,BENIGN_WEB
27.1487,84.0,34.0,50.0,86304.6,14150.83,72153.76,3178.96,3.09,-0.6721,1027.44,572.8,168.23,1500.0,1138.35,901.08,0.3874,323.2,345.0,64.64,711.04,1.0674,0.1366,4.2756,2.8292,12.0,0.0,0.0,BENIGN_WEB
29.6516,149.0,74.0,75.0,51792.88,34305.74,17487.14,1746.72,5.03,0.3247,347.6,71.69,240.07,476.64,349.4,308.33,0.5393,118.89,35.13,23.78,261.56,0.2955,0.544,3.94,4.0757,49.0,0.0,0.0,DOH_DATA_TUNNEL
23.069,36.0,12.0,24.0,30082.32,7579.4,22502.92,1304.02,1.56,-0.4961,835.62,497.82,88.88,1500.0,807.83,826.65,0.2819,640.8,667.14,128.16,1409.77,1.0411,0.1002,5.0462,2.8062,18.0,0.0,0.0,BENIGN_WEB
44.7264,166.0,148.0,18.0,223982.53,211606.5,12376.03,5007.84,3.71,0.8895,1349.29,241.57,986.94,1500.0,1500.44,1529.41,0.2264,44.59,24.32,8.92,98.11,0.5453,0.1227,2.3787,3.2539,15.0,1.0,0.0,DATA_EXFILTRATION
27.2033,1334.0,1135.0,199.0,1873693.34,1789030.38,84662.96,68877.51,49.04,0.9096,1404.57,119.49,1225.34,1500.0,1607.79,1447.89,0.5568,45.29,25.2,9.06,99.63,0.5565,0.1362,2.8016,3.1712,17.0,1.0,0.0,DATA_EXFILTRATION
29.9945,36.0,12.0,24.0,25448.28,4433.47,21014.82,848.43,1.2,-0.6516,706.9,502.64,40.0,1500.0,676.44,647.08,0.5692,833.18,728.27,166.64,1833.0,0.8741,0.0487,4.8476,2.7489,21.0,0.0,0.0,BENIGN_WEB
37.2505,162.0,81.0,81.0,61659.65,44487.72,17171.93,1655.27,4.35,0.443,380.62,40.09,320.48,452.78,392.72,359.26,0.2216,111.67,49.03,22.33,245.68,0.4391,0.4888,3.3991,4.3333,46.0,0.0,0.0,DOH_DATA_TUNNEL
50.3279,371.0,299.0,72.0,498142.05,492545.75,5596.29,9897.94,7.37,0.9775,1342.7,156.14,1108.49,1500.0,1373.03,1323.66,0.4981,44.29,26.63,8.86,97.44,0.6013,0.1732,2.315,3.3508,22.0,0.0,0.0,DATA_EXFILTRATION
26.0942,40.0,20.0,20.0,15870.08,9374.12,6495.96,608.18,1.53,0.1814,396.75,42.0,333.75,472.35,363.52,437.47,0.2594,164.18,78.97,32.84,361.2,0.481,0.4889,3.2063,4.3981,59.0,0.0,0.0,DOH_DATA_TUNNEL
13.825,18.0,6.0,12.0,17694.4,4862.59,12831.81,1279.88,1.3,-0.4504,983.02,372.3,424.57,1500.0,1082.68,924.53,0.5147,768.06,811.68,153.61,1689.73,1.0568,0.0161,4.1225,2.2709,20.0,0.0,0.0,BENIGN_WEB
35.4639,417.0,335.0,82.0,601552.44,564952.98,36599.47,16962.38,11.76,0.8783,1442.57,256.44,1057.91,1500.0,1444.65,1402.41,0.5994,15.77,7.69,3.15,34.69,0.4877,0.238,2.6043,2.9913,21.0,1.0,0.0,DATA_EXFILTRATION
38.3362,154.0,77.0,77.0,53387.89,36391.8,16996.09,1392.62,4.02,0.3633,346.67,52.14,268.46,440.53,304.87,364.03,0.5817,123.73,59.04,24.75,272.21,0.4771,0.5446,3.9105,3.9813,49.0,0.0,0.0,DOH_DATA_TUNNEL
30.9538,178.0,89.0,89.0,80725.18,53971.68,26753.49,2607.93,5.75,0.3372,453.51,42.29,390.08,529.63,450.04,487.76,0.5574,239.04,88.42,47.81,525.88,0.3699,0.5695,4.0534,4.4552,61.0,1.0,0.0,DOH_DATA_TUNNEL
42.0484,1529.0,1211.0,318.0,2129398.75,2026881.6,102517.15,50641.59,36.36,0.9037,1392.67,243.92,1026.8,1500.0,1494.45,1462.78,0.4731,28.55,7.48,5.71,62.81,0.2618,0.1855,2.4368,3.7868,20.0,1.0,1.0,DATA_EXFILTRATION
33.5172,147.0,73.0,74.0,62221.67,47098.77,15122.9,1856.41,4.39,0.5139,423.28,64.24,326.92,538.91,403.73,441.87,0.4378,52.89,18.82,10.58,116.35,0.3559,0.5023,3.1576,4.0371,44.0,0.0,0.0,DOH_DATA_TUNNEL
14.2789,28.0,8.0,20.0,29328.93,6328.35,23000.59,2054.0,1.96,-0.5685,1047.46,441.29,385.53,1500.0,973.68,1084.97,0.2424,509.96,747.22,101.99,1121.92,1.4652,0.0997,4.017,2.9394,19.0,0.0,0.0,BENIGN_WEB
8.345,19.0,6.0,13.0,15303.12,3355.35,11947.77,1833.81,2.28,-0.5615,805.43,328.4,312.83,1396.55,899.78,812.01,0.2401,439.21,411.2,87.84,966.26,0.9362,0.0841,4.2347,2.9095,8.0,0.0,0.0,BENIGN_WEB
5.2897,16.0,4.0,12.0,11042.08,1232.59,9809.48,2087.46,3.02,-0.7767,690.13,464.33,40.0,1500.0,741.55,647.1,0.24,330.61,306.57,66.12,727.34,0.9273,0.0407,4.8572,2.9691,16.0,0.0,0.0,BENIGN_WEB
24.8165,60.0,20.0,40.0,46171.12,11206.83,34964.29,1860.5,2.42,-0.5146,769.52,462.27,76.12,1500.0,734.42,726.22,0.2427,413.61,693.7,82.72,909.94,1.6772,0.0291,4.9262,2.754,16.0,0.0,0.0,BENIGN_WEB
24.0583,20.0,8.0,12.0,16055.77,2599.37,13456.4,667.37,0.83,-0.6762,802.79,372.62,243.86,1473.5,720.57,707.88,0.3321,1202.91,1215.22,240.58,2646.41,1.0102,0.0691,3.61,2.2917,11.0,0.0,0.0,BENIGN_WEB
4.8806,48.0,17.0,31.0,45053.27,9431.43,35621.84,9231.09,9.83,-0.5813,938.61,555.7,105.06,1500.0,908.72,1007.15,0.4869,101.68,115.66,20.34,223.69,1.1375,0.0352,3.7152,2.8061,18.0,0.0,0.0,BENIGN_WEB
22.6156,25.0,7.0,18.0,15729.62,4189.13,11540.49,695.52,1.11,-0.4674,629.18,526.58,40.0,1500.0,598.23,629.3,0.2639,904.62,1219.86,180.92,1990.17,1.3485,0.0971,4.9148,2.4283,12.0,0.0,0.0,BENIGN_WEB
28.8933,70.0,22.0,48.0,43490.17,8464.76,35025.41,1505.2,2.42,-0.6107,621.29,465.63,40.0,1459.42,687.43,599.02,0.3724,412.76,393.22,82.55,908.08,0.9527,0.0343,5.0886,2.1257,21.0,0.0,0.0,BENIGN_WEB
16.4778,85.0,42.0,43.0,37901.98,25791.89,12110.08,2300.18,5.16,0.361,445.91,53.99,364.93,543.08,458.64,455.0,0.4987,126.99,61.25,25.4,279.39,0.4823,0.6479,3.3737,4.2978,52.0,0.0,0.0,DOH_DATA_TUNNEL
41.4242,119.0,59.0,60.0,46762.5,29657.4,17105.09,1128.87,2.87,0.2684,392.96,58.54,305.15,498.33,401.17,420.05,0.554,172.17,70.9,34.43,378.78,0.4118,0.4548,3.2152,3.9807,54.0,0.0,0.0,DOH_DATA_TUNNEL
50.0426,595.0,475.0,120.0,850871.19,795991.7,54879.49,17002.95,11.89,0.871,1430.04,215.49,1106.8,1500.0,1607.2,1240.72,0.2814,19.91,8.57,3.98,43.79,0.4307,0.1528,2.4525,3.4426,23.0,0.0,0.0,DATA_EXFILTRATION
17.0649,51.0,19.0,32.0,52079.17,14653.05,37426.11,3051.83,2.99,-0.4373,1021.16,495.35,278.14,1500.0,1076.66,1023.23,0.4293,334.61,550.04,66.92,736.13,1.6438,0.1068,4.1383,2.6124,11.0,0.0,0.0,BENIGN_WEB
41.4122,93.0,46.0,47.0,25564.7,15524.91,10039.79,617.32,2.25,0.2146,274.89,71.82,167.15,404.17,312.77,308.4,0.3276,48.35,27.57,9.67,106.37,0.5701,0.4463,3.1597,3.9513,61.0,0.0,0.0,DOH_DATA_TUNNEL
3.0758,69.0,23.0,46.0,53662.42,14525.41,39137.01,17446.68,22.43,-0.4586,777.72,440.9,116.36,1500.0,675.52,795.78,0.3814,44.58,68.8,8.92,98.07,1.5433,0.07,3.9219,2.9582,13.0,0.0,0.0,BENIGN_WEB
25.382,55.0,21.0,34.0,44028.23,8132.97,35895.26,1734.62,2.17,-0.6306,800.51,433.55,150.19,1500.0,803.69,756.73,0.6045,461.49,482.99,92.3,1015.28,1.0466,0.0357,4.9479,2.7034,11.0,0.0,0.0,BENIGN_WEB
20.44,53.0,17.0,36.0,55932.41,14357.55,41574.86,2736.42,2.59,-0.4866,1055.33,502.73,301.23,1500.0,902.08,1026.1,0.469,385.66,474.69,77.13,848.45,1.2308,0.014,3.9325,2.6748,8.0,0.0,0.0,BENIGN_WEB
39.6244,160.0,80.0,80.0,51037.05,38751.11,12285.94,1288.02,4.04,0.5185,318.98,73.83,208.24,451.87,297.93,310.83,0.4464,226.29,67.11,45.26,497.84,0.2966,0.4376,3.2432,4.5082,53.0,1.0,0.0,DOH_DATA_TUNNEL
17.0982,474.0,381.0,93.0,579153.68,543879.83,35273.85,33872.18,27.72,0.8782,1221.84,181.48,949.63,1500.0,1311.54,1181.14,0.2631,19.11,10.15,3.82,42.04,0.5314,0.2243,2.8391,3.4783,16.0,0.0,1.0,DATA_EXFILTRATION
26.0223,144.0,72.0,72.0,46506.43,29470.02,17036.41,1787.18,5.53,0.2674,322.96,60.1,232.81,431.15,360.59,337.68,0.4672,171.78,53.27,34.36,377.92,0.3101,0.4923,4.0671,4.5832,50.0,0.0,0.0,DOH_DATA_TUNNEL
5.0384,26.0,10.0,16.0,21378.23,2234.13,19144.1,4243.04,5.16,-0.791,822.24,441.64,159.79,1500.0,714.1,932.85,0.2861,193.79,196.92,38.76,426.33,1.0162,0.0319,3.7503,3.0916,9.0,0.0,0.0,BENIGN_WEB
37.1377,87.0,43.0,44.0,38611.13,26092.44,12518.69,1039.67,2.34,0.3516,443.81,79.29,324.87,586.53,379.15,446.2,0.2666,194.7,81.64,38.94,428.34,0.4193,0.5381,3.1391,4.4094,35.0,1.0,0.0,DOH_DATA_TUNNEL
14.434,112.0,56.0,56.0,39691.67,25294.34,14397.33,2749.88,7.76,0.2745,354.39,53.2,274.59,450.15,342.37,361.84,0.5728,171.43,93.91,34.29,377.15,0.5478,0.4974,3.6278,4.086,49.0,0.0,0.0,DOH_DATA_TUNNEL
18.3171,47.0,18.0,29.0,39556.88,4658.33,34898.55,2159.56,2.57,-0.7645,841.64,427.42,200.51,1500.0,749.24,757.39,0.198,389.73,604.98,77.95,857.4,1.5523,0.0335,4.2502,2.8733,17.0,0.0,0.0,BENIGN_WEB
18.2593,143.0,71.0,72.0,64699.23,47040.94,17658.28,3543.35,7.83,0.4541,452.44,62.38,358.88,564.72,396.62,487.72,0.3225,83.07,21.92,16.61,182.75,0.2639,0.7092,3.8214,4.2813,41.0,0.0,0.0,DOH_DATA_TUNNEL
6.864,227.0,181.0,46.0,293849.72,275334.61,18515.11,42810.53,33.07,0.874,1294.49,197.18,998.73,1500.0,1205.7,1141.32,0.6115,19.51,5.5,3.9,42.92,0.2819,0.2367,2.7663,3.6962,20.0,0.0,1.0,DATA_EXFILTRATION
7.8984,258.0,232.0,26.0,331255.52,301218.54,30036.98,41939.8,32.67,0.8186,1283.94,112.09,1115.8,1485.7,1372.47,1094.39,0.3693,33.06,10.07,6.61,72.72,0.3047,0.265,2.4532,3.067,24.0,1.0,0.0,DATA_EXFILTRATION
17.5019,24.0,8.0,16.0,20625.93,5463.15,15162.79,1178.5,1.37,-0.4703,859.41,526.22,70.09,1500.0,767.36,960.0,0.2258,729.24,963.42,145.85,1604.34,1.3211,0.1287,4.5781,2.5691,10.0,0.0,0.0,BENIGN_WEB
30.9879,63.0,25.0,38.0,39223.85,6444.04,32779.81,1265.78,2.03,-0.6714,622.6,326.84,132.34,1210.92,597.83,704.8,0.3442,491.87,585.88,98.37,1082.12,1.1911,0.0949,4.8816,3.0897,17.0,0.0,0.0,BENIGN_WEB
23.815,64.0,24.0,40.0,44541.9,4107.62,40434.27,1870.33,2.69,-0.8156,695.97,353.71,165.41,1332.64,660.15,655.87,0.4889,372.11,649.08,74.42,818.64,1.7443,0.1312,4.762,2.2048,8.0,0.0,0.0,BENIGN_WEB
19.4585,84.0,32.0,52.0,68726.86,18049.83,50677.03,3531.97,4.32,-0.4747,818.18,336.99,312.7,1424.75,940.26,769.13,0.3433,231.65,269.07,46.33,509.63,1.1615,0.0467,4.5219,2.7605,8.0,0.0,0.0,BENIGN_WEB
26.0669,22.0,6.0,16.0,15475.17,3935.45,11539.72,593.67,0.84,-0.4914,703.42,335.99,199.43,1308.2,784.53,658.17,0.489,1184.86,1114.85,236.97,2606.69,0.9409,0.1342,4.6981,2.6857,13.0,0.0,0.0,BENIGN_WEB
4.3174,54.0,17.0,37.0,37164.11,3354.31,33809.81,8607.9,12.51,-0.8195,688.22,537.89,40.0,1500.0,609.26,669.77,0.2487,79.95,68.52,15.99,175.9,0.857,0.0489,3.7398,2.888,15.0,0.0,0.0,BENIGN_WEB
8.5877,72.0,21.0,51.0,68283.21,12024.9,56258.31,7951.28,8.38,-0.6478,948.38,563.53,103.09,1500.0,1051.37,807.01,0.405,119.27,158.82,23.85,262.4,1.3316,0.0664,3.9035,2.7233,11.0,0.0,0.0,BENIGN_WEB
34.0758,67.0,33.0,34.0,25876.26,15827.13,10049.13,759.37,1.97,0.2233,386.21,53.13,306.52,481.84,355.1,353.42,0.5276,212.14,114.72,42.43,466.7,0.5408,0.4574,3.7972,3.9797,44.0,0.0,0.0,DOH_DATA_TUNNEL
26.4307,67.0,26.0,41.0,55842.56,10390.04,45452.53,2112.79,2.53,-0.6279,833.47,340.94,322.06,1447.16,748.02,718.05,0.6111,394.49,434.71,78.9,867.88,1.102,0.081,3.6303,2.7234,11.0,0.0,0.0,BENIGN_WEB
16.2952,167.0,83.0,84.0,61715.93,44162.37,17553.57,3787.37,10.25,0.4311,369.56,78.83,251.31,511.45,392.33,361.36,0.498,202.15,84.52,40.43,444.73,0.4181,0.5682,3.2103,4.436,46.0,0.0,0.0,DOH_DATA_TUNNEL
34.9867,57.0,28.0,29.0,19936.02,14349.54,5586.48,569.82,1.63,0.4396,349.75,56.35,265.24,451.18,344.06,379.28,0.5008,170.85,44.93,34.17,375.88,0.263,0.5597,3.7184,3.9753,54.0,0.0,0.0,DOH_DATA_TUNNEL
7.3093,72.0,28.0,44.0,61411.4,7587.2,53824.2,8401.8,9.85,-0.7529,852.94,376.2,288.63,1500.0,974.99,893.51,0.3113,101.52,93.07,20.3,223.34,0.9168,0.0691,4.1256,2.6378,10.0,0.0,0.0,BENIGN_WEB
23.7473,77.0,29.0,48.0,61424.73,12414.26,49010.46,2586.6,3.24,-0.5958,797.72,519.45,40.0,1500.0,724.41,782.04,0.5533,308.41,302.34,61.68,678.49,0.9803,0.0632,5.0789,2.7507,19.0,0.0,0.0,BENIGN_WEB
13.3027,443.0,348.0,95.0,542427.87,536142.69,6285.18,40775.9,33.3,0.9768,1224.44,239.81,864.73,1500.0,1344.75,1262.23,0.5176,28.08,11.06,5.62,61.77,0.394,0.2258,2.502,3.0562,19.0,0.0,0.0,DATA_EXFILTRATION
35.2223,70.0,35.0,35.0,28554.03,17151.25,11402.78,810.68,1.99,0.2013,407.91,48.67,334.91,495.52,437.77,377.43,0.3781,165.01,95.69,33.0,363.01,0.5799,0.6566,3.8224,4.1125,60.0,0.0,0.0,DOH_DATA_TUNNEL
11.1238,71.0,24.0,47.0,50198.43,9930.85,40267.58,4512.71,6.38,-0.6043,707.02,330.66,211.03,1302.21,642.05,805.12,0.2429,156.67,232.36,31.33,344.68,1.4831,0.11,4.5985,2.722,12.0,0.0,0.0,BENIGN_WEB
33.356,93.0,46.0,47.0,26371.06,19710.48,6660.58,790.59,2.79,0.4949,283.56,77.36,167.52,422.81,322.13,309.23,0.4528,81.62,46.28,16.32,179.56,0.567,0.7061,3.146,4.3405,35.0,1.0,0.0,DOH_DATA_TUNNEL
15.8294,29.0,8.0,21.0,21340.94,5185.01,16155.92,1348.18,1.83,-0.5141,735.89,333.33,235.9,1335.89,809.24,673.65,0.2299,545.84,599.69,109.17,1200.85,1.0986,0.016,3.8943,2.4654,8.0,0.0,0.0,BENIGN_WEB
22.3047,73.0,30.0,43.0,45893.88,10094.38,35799.49,2057.59,3.27,-0.5601,628.68,548.86,40.0,1500.0,550.62,671.55,0.3819,305.54,364.83,61.11,672.2,1.194,0.0587,4.3039,2.9086,14.0,0.0,0.0,BENIGN_WEB
13.7843,112.0,56.0,56.0,49279.99,37173.02,12106.97,3575.09,8.13,0.5086,440.0,53.78,359.32,536.81,456.85,390.04,0.3834,236.87,93.83,47.37,521.12,0.3961,0.6869,3.2456,4.2374,41.0,0.0,0.0,DOH_DATA_TUNNEL
12.1743,66.0,21.0,45.0,44290.64,10183.12,34107.52,3638.06,5.42,-0.5402,671.07,413.72,50.5,1415.76,733.4,673.05,0.3878,184.46,191.23,36.89,405.81,1.0367,0.1003,4.7496,2.4415,18.0,0.0,0.0,BENIGN_WEB
11.453,37.0,11.0,26.0,32879.53,9492.25,23387.28,2870.83,3.23,-0.4226,888.64,475.88,174.82,1500.0,857.8,862.4,0.3911,309.54,246.19,61.91,680.99,0.7954,0.0638,5.0378,2.2555,14.0,0.0,0.0,BENIGN_WEB
22.8147,77.0,31.0,46.0,74193.23,18904.11,55289.12,3251.99,3.38,-0.4904,963.55,369.91,408.68,1500.0,1035.93,917.0,0.4808,296.3,262.27,59.26,651.85,0.8852,0.1006,4.837,2.95,9.0,0.0,0.0,BENIGN_WEB
12.8658,28.0,8.0,20.0,23227.07,6261.04,16966.03,1805.34,2.18,-0.4609,829.54,464.23,133.2,1500.0,806.28,837.0,0.2968,459.49,657.44,91.9,1010.88,1.4308,0.0853,3.6327,2.3617,10.0,0.0,0.0,BENIGN_WEB
13.2106,69.0,34.0,35.0,23265.66,17585.06,5680.59,1761.13,5.22,0.5117,337.18,49.68,262.66,426.61,337.8,288.87,0.4111,238.76,120.71,47.75,525.27,0.5056,0.6688,3.6489,3.9392,57.0,1.0,0.0,DOH_DATA_TUNNEL
16.5074,40.0,20.0,20.0,16327.66,11741.49,4586.17,989.11,2.42,0.4382,408.19,50.62,332.27,499.3,369.78,368.71,0.2766,150.47,79.02,30.09,331.03,0.5251,0.4872,3.3109,4.4594,46.0,1.0,0.0,DOH_DATA_TUNNEL
24.669,46.0,13.0,33.0,45165.28,9763.04,35402.24,1830.85,1.86,-0.5677,981.85,507.07,221.25,1500.0,856.56,959.69,0.2324,536.28,604.12,107.26,1179.82,1.1265,0.0428,4.7975,2.2226,20.0,0.0,0.0,BENIGN_WEB
7.3123,18.0,6.0,12.0,12135.58,1487.28,10648.31,1659.61,2.46,-0.7549,674.2,550.66,40.0,1500.0,613.6,722.18,0.417,406.24,323.61,81.25,893.73,0.7966,0.0436,4.2632,2.3995,15.0,0.0,0.0,BENIGN_WEB
26.3646,41.0,16.0,25.0,26624.81,3572.2,23052.61,1009.87,1.56,-0.7317,649.39,475.61,40.0,1500.0,596.3,577.56,0.5001,643.04,519.91,128.61,1414.68,0.8085,0.1313,3.8588,2.4693,14.0,0.0,0.0,BENIGN_WEB
23.7163,96.0,48.0,48.0,27254.7,15622.38,11632.32,1149.2,4.05,0.1464,283.9,42.89,219.57,361.11,266.05,244.22,0.3647,120.93,28.92,24.19,266.05,0.2391,0.4964,3.5581,4.3788,40.0,0.0,0.0,DOH_DATA_TUNNEL
18.7039,144.0,72.0,72.0,41433.45,26502.79,14930.66,2215.23,7.7,0.2793,287.73,61.19,195.95,397.87,263.37,265.24,0.2725,124.19,28.3,24.84,273.22,0.2279,0.6154,3.86,4.1953,43.0,0.0,0.0,DOH_DATA_TUNNEL
50.6778,692.0,559.0,133.0,950518.06,856565.71,93952.35,18756.09,13.65,0.8023,1373.58,194.77,1081.43,1500.0,1316.97,1531.37,0.2767,10.9,4.73,2.18,23.98,0.434,0.2322,1.9595,3.5722,29.0,0.0,1.0,DATA_EXFILTRATION
9.7968,59.0,22.0,37.0,46429.69,8144.9,38284.79,4739.25,6.02,-0.6492,786.94,550.09,40.0,1500.0,734.62,676.27,0.4745,166.05,275.91,33.21,365.31,1.6616,0.0374,4.9459,2.7805,17.0,0.0,0.0,BENIGN_WEB
4.7578,26.0,7.0,19.0,18854.22,2789.3,16064.93,3962.8,5.46,-0.7041,725.16,362.07,182.06,1376.88,636.02,714.23,0.3435,182.99,149.2,36.6,402.58,0.8154,0.0843,3.8909,3.0923,13.0,0.0,0.0,BENIGN_WEB
28.6181,26.0,10.0,16.0,27886.63,6868.83,21017.8,974.44,0.91,-0.5074,1072.56,435.26,419.67,1500.0,1093.4,938.4,0.2016,1100.69,826.81,220.14,2421.53,0.7512,0.1032,4.5833,2.9774,14.0,0.0,0.0,BENIGN_WEB
29.0199,67.0,33.0,34.0,18218.52,13071.04,5147.48,627.79,2.31,0.4349,271.92,65.27,174.02,389.4,281.62,307.46,0.426,90.65,34.33,18.13,199.43,0.3788,0.5491,3.7743,3.9327,35.0,0.0,0.0,DOH_DATA_TUNNEL
8.4502,71.0,27.0,44.0,49348.1,13954.88,35393.22,5839.88,8.4,-0.4344,695.04,428.04,52.99,1465.51,594.6,618.83,0.1856,119.02,150.51,23.8,261.84,1.2646,0.0822,4.985,3.0462,18.0,0.0,0.0,BENIGN_WEB
12.0099,39.0,14.0,25.0,32165.32,5100.73,27064.59,2678.23,3.25,-0.6828,824.75,342.76,310.62,1441.71,888.96,884.81,0.4524,307.95,481.37,61.59,677.48,1.5632,0.0988,4.1807,2.752,21.0,0.0,0.0,BENIGN_WEB
37.4577,1256.0,983.0,273.0,1602880.98,1559002.26,43878.72,42791.73,33.53,0.9453,1276.18,228.79,933.0,1500.0,1464.89,1186.62,0.4145,10.74,6.03,2.15,23.62,0.5614,0.2797,2.6046,3.8347,29.0,1.0,0.0,DATA_EXFILTRATION
10.3305,51.0,25.0,26.0,14299.74,10606.44,3693.31,1384.23,4.94,0.4834,280.39,61.32,188.41,390.76,262.45,257.32,0.3681,201.51,108.75,40.3,443.32,0.5397,0.5179,3.4772,4.352,54.0,0.0,0.0,DOH_DATA_TUNNEL
17.2892,106.0,53.0,53.0,34876.32,20758.92,14117.41,2017.24,6.13,0.1904,329.02,83.45,203.84,479.24,362.47,328.66,0.2566,209.18,105.41,41.84,460.2,0.5039,0.4259,3.9973,4.244,30.0,0.0,0.0,DOH_DATA_TUNNEL
5.7379,21.0,7.0,14.0,18187.77,4434.08,13753.69,3169.75,3.66,-0.5124,866.08,333.42,365.96,1466.24,877.26,909.7,0.259,273.23,270.69,54.65,601.12,0.9907,0.1397,4.1653,2.4065,20.0,0.0,0.0,BENIGN_WEB
33.1577,1145.0,965.0,180.0,1565783.06,1416576.79,149206.27,47222.26,34.53,0.8094,1367.5,207.1,1056.85,1500.0,1336.98,1402.5,0.2367,30.21,8.86,6.04,66.47,0.2934,0.2345,2.2698,3.458,21.0,1.0,1.0,DATA_EXFILTRATION
15.5697,175.0,87.0,88.0,61216.12,43664.89,17551.23,3931.75,11.24,0.4266,349.81,48.55,276.98,437.2,305.03,393.02,0.4647,163.7,65.04,32.74,360.13,0.3973,0.4898,3.6797,3.9009,53.0,0.0,0.0,DOH_DATA_TUNNEL
35.9398,159.0,79.0,80.0,64328.24,42869.78,21458.46,1789.89,4.42,0.3328,404.58,62.02,311.55,516.21,450.07,360.15,0.6138,81.94,18.26,16.39,180.26,0.2229,0.6463,3.6747,4.5451,48.0,1.0,0.0,DOH_DATA_TUNNEL
11.2173,95.0,47.0,48.0,22378.96,14705.32,7673.64,1995.04,8.47,0.3142,235.57,53.61,155.15,332.07,210.56,237.98,0.5727,102.57,28.95,20.51,225.65,0.2822,0.532,4.0312,4.36,37.0,1.0,0.0,DOH_DATA_TUNNEL
28.1191,38.0,11.0,27.0,34114.07,6260.11,27853.96,1213.2,1.35,-0.633,897.74,377.81,331.03,1500.0,779.85,920.39,0.2313,739.98,689.12,148.0,1627.95,0.9313,0.1178,4.6431,2.1527,19.0,0.0,0.0,BENIGN_WEB
12.2693,65.0,32.0,33.0,16119.37,10514.34,5605.03,1313.79,5.3,0.3046,247.99,74.8,135.79,382.64,251.29,268.48,0.5696,168.9,91.37,33.78,371.59,0.5409,0.4918,3.197,4.6091,37.0,0.0,0.0,DOH_DATA_TUNNEL
6.82,40.0,16.0,24.0,39625.9,3936.24,35689.65,5810.24,5.87,-0.8013,990.65,387.87,408.84,1500.0,909.52,1012.38,0.4815,170.5,210.19,34.1,375.1,1.2328,0.1166,4.3064,2.1705,19.0,0.0,0.0,BENIGN_WEB
27.4449,125.0,62.0,63.0,37509.31,25319.62,12189.7,1366.71,4.55,0.35,300.07,68.51,197.32,423.39,290.76,275.21,0.2232,69.84,21.15,13.97,153.65,0.3028,0.698,3.315,4.2303,60.0,1.0,0.0,DOH_DATA_TUNNEL
13.5802,40.0,20.0,20.0,15457.24,9734.73,5722.51,1138.22,2.95,0.2596,386.43,65.44,288.26,504.23,341.83,413.96,0.5552,123.5,31.41,24.7,271.7,0.2543,0.6043,3.7376,4.4312,56.0,0.0,0.0,DOH_DATA_TUNNEL
7.8717,27.0,8.0,19.0,23829.5,2590.76,21238.74,3027.22,3.43,-0.7826,882.57,482.08,159.45,1500.0,960.9,753.75,0.4789,291.55,293.82,58.31,641.4,1.0078,0.1207,4.2636,2.8797,11.0,0.0,0.0,BENIGN_WEB
19.8496,155.0,77.0,78.0,64071.91,36392.29,27679.62,3227.87,7.81,0.136,413.37,45.19,345.59,494.7,454.03,367.33,0.2082,202.94,114.14,40.59,446.46,0.5624,0.6256,3.2053,4.3022,43.0,0.0,0.0,DOH_DATA_TUNNEL
20.7551,88.0,44.0,44.0,27696.6,18609.71,9086.89,1334.45,4.24,0.3438,314.73,57.64,228.27,418.49,299.37,308.49,0.2511,108.44,31.85,21.69,238.56,0.2938,0.4791,3.8877,4.4352,46.0,0.0,0.0,DOH_DATA_TUNNEL
29.3499,73.0,22.0,51.0,65055.11,13720.13,51334.97,2216.54,2.49,-0.5782,891.17,341.91,378.3,1500.0,854.84,1014.07,0.3106,402.05,486.75,80.41,884.52,1.2107,0.1012,4.8688,2.9341,8.0,0.0,0.0,BENIGN_WEB
40.8885,160.0,80.0,80.0,40857.3,29981.84,10875.46,999.24,3.91,0.4676,255.36,74.4,143.76,389.28,278.94,224.14,0.439,161.28,37.94,32.26,354.82,0.2353,0.4808,3.1706,4.5738,32.0,1.0,0.0,DOH_DATA_TUNNEL
16.0059,139.0,69.0,70.0,60887.63,40984.42,19903.21,3804.06,8.68,0.3462,438.04,56.48,353.32,539.71,382.79,397.52,0.3084,111.64,45.88,22.33,245.6,0.411,0.5147,3.5682,4.0596,54.0,1.0,0.0,DOH_DATA_TUNNEL
13.6619,21.0,6.0,15.0,14573.4,3902.27,10671.13,1066.72,1.54,-0.4645,693.97,376.08,129.86,1370.91,699.01,678.25,0.336,650.57,830.05,130.11,1431.25,1.2759,0.1025,3.6378,2.7084,19.0,0.0,0.0,BENIGN_WEB
42.0091,889.0,757.0,132.0,1206150.4,1131498.03,74652.38,28711.62,21.16,0.8762,1356.75,192.14,1068.53,1500.0,1466.6,1227.31,0.4554,45.66,10.65,9.13,100.46,0.2331,0.1504,1.9406,3.3419,17.0,0.0,0.0,DATA_EXFILTRATION
48.8993,187.0,150.0,37.0,242859.66,226945.35,15914.32,4966.52,3.82,0.8689,1298.71,208.76,985.57,1500.0,1202.07,1287.22,0.3399,14.13,3.67,2.83,31.09,0.26,0.2271,2.3212,3.3961,29.0,1.0,1.0,DATA_EXFILTRATION
29.1844,83.0,23.0,60.0,88499.84,17610.99,70888.85,3032.44,2.84,-0.602,1066.26,405.23,458.42,1500.0,1117.42,1144.67,0.2344,351.62,561.38,70.32,773.56,1.5966,0.0169,3.7893,2.8584,9.0,0.0,0.0,BENIGN_WEB
30.1534,727.0,642.0,85.0,974928.43,902747.19,72181.24,32332.32,24.11,0.8519,1341.03,245.62,972.6,1500.0,1467.51,1195.83,0.5015,30.42,12.52,6.08,66.93,0.4114,0.2712,2.1488,3.0644,15.0,0.0,1.0,DATA_EXFILTRATION
10.7399,111.0,55.0,56.0,46503.01,27720.81,18782.21,4329.93,10.34,0.1922,418.95,55.31,335.98,518.51,447.05,413.64,0.3836,235.17,100.76,47.03,517.37,0.4284,0.7159,3.7099,4.3506,36.0,1.0,0.0,DOH_DATA_TUNNEL
31.3321,117.0,58.0,59.0,43137.85,29788.06,13349.79,1376.8,3.73,0.3811,368.7,39.21,309.88,439.28,346.14,356.67,0.4754,141.09,60.03,28.22,310.39,0.4255,0.4551,3.7269,4.0979,36.0,0.0,0.0,DOH_DATA_TUNNEL
9.2053,59.0,29.0,30.0,17672.32,12200.49,5471.83,1919.79,6.41,0.3807,299.53,69.85,194.76,425.26,286.96,256.53,0.4694,154.04,67.23,30.81,338.89,0.4364,0.533,3.4468,4.002,49.0,1.0,0.0,DOH_DATA_TUNNEL
19.1396,59.0,22.0,37.0,40941.85,11644.91,29296.95,2139.12,3.08,-0.4311,693.93,518.39,40.0,1500.0,631.46,787.89,0.4114,324.4,359.42,64.88,713.68,1.108,0.0863,4.8421,2.1037,14.0,0.0,0.0,BENIGN_WEB
18.8077,407.0,327.0,80.0,540942.96,530095.93,10847.03,28761.85,21.64,0.9599,1329.1,277.83,912.35,1500.0,1431.81,1386.73,0.3354,13.61,7.88,2.72,29.95,0.5791,0.1816,2.7716,3.5208,24.0,0.0,1.0,DATA_EXFILTRATION
19.2843,53.0,20.0,33.0,52920.17,13507.74,39412.42,2744.21,2.75,-0.4895,998.49,484.2,272.19,1500.0,882.59,896.61,0.4454,363.86,269.44,72.77,800.48,0.7405,0.0494,4.3945,2.5067,11.0,0.0,0.0,BENIGN_WEB
10.2606,81.0,27.0,54.0,57281.78,12253.66,45028.12,5582.72,7.89,-0.5722,707.18,507.02,40.0,1500.0,641.68,708.01,0.6028,126.67,116.28,25.33,278.68,0.918,0.1091,3.7878,2.1878,19.0,0.0,0.0,BENIGN_WEB
20.2972,59.0,24.0,35.0,36997.85,6032.6,30965.25,1822.81,2.91,-0.6739,627.08,504.39,40.0,1500.0,639.34,579.06,0.2231,344.02,325.65,68.8,756.84,0.9466,0.1325,3.6619,2.2798,16.0,0.0,0.0,BENIGN_WEB
38.5222,93.0,46.0,47.0,35415.0,25147.87,10267.13,919.34,2.41,0.4202,380.81,78.87,262.5,522.77,347.9,357.15,0.3328,175.42,80.83,35.08,385.92,0.4608,0.696,3.6963,4.3831,38.0,1.0,0.0,DOH_DATA_TUNNEL
50.6032,305.0,241.0,64.0,420158.07,403946.13,16211.94,8302.99,6.03,0.9228,1377.57,178.07,1110.47,1500.0,1565.6,1491.93,0.6071,20.63,8.66,4.13,45.39,0.4195,0.2334,2.5852,3.6756,26.0,1.0,0.0,DATA_EXFILTRATION
23.5918,125.0,62.0,63.0,30134.76,20911.47,9223.29,1277.34,5.3,0.3879,241.08,80.36,120.53,385.73,257.17,242.62,0.5021,91.14,35.87,18.23,200.5,0.3936,0.6933,3.325,4.5458,53.0,0.0,0.0,DOH_DATA_TUNNEL
4.4835,24.0,8.0,16.0,24753.18,5386.27,19366.91,5520.92,5.35,-0.5648,1031.38,524.82,244.15,1500.0,904.9,1116.3,0.1872,186.81,236.75,37.36,410.99,1.2673,0.0793,3.9343,2.3204,13.0,0.0,0.0,BENIGN_WEB
6.5586,18.0,6.0,12.0,13916.08,3488.25,10427.83,2121.8,2.74,-0.4987,773.12,451.39,96.04,1500.0,797.7,712.98,0.2311,364.37,421.81,72.87,801.61,1.1577,0.1314,4.7542,2.4538,8.0,0.0,0.0,BENIGN_WEB
31.8803,45.0,14.0,31.0,48578.9,5537.22,43041.67,1523.79,1.41,-0.772,1079.53,529.01,286.02,1500.0,1089.63,1043.96,0.2161,708.45,832.84,141.69,1558.59,1.1756,0.0584,3.9808,2.5705,20.0,0.0,0.0,BENIGN_WEB
31.6406,19.0,5.0,14.0,13368.1,2823.76,10544.33,422.5,0.6,-0.5775,703.58,496.53,40.0,1500.0,731.06,604.28,0.2513,1665.3,1330.03,333.06,3663.65,0.7987,0.0828,4.2754,2.7767,16.0,0.0,0.0,BENIGN_WEB
27.3675,94.0,47.0,47.0,38393.89,25443.24,12950.65,1402.9,3.43,0.3254,408.45,77.37,292.39,547.71,365.05,453.29,0.3944,74.99,40.37,15.0,164.97,0.5384,0.6457,4.0174,3.8745,30.0,0.0,0.0,DOH_DATA_TUNNEL
5.4878,77.0,22.0,55.0,71155.82,9134.28,62021.54,12966.27,14.03,-0.7433,924.1,356.05,390.03,1500.0,1057.26,815.66,0.4549,71.27,56.99,14.25,156.79,0.7996,0.0272,4.3932,2.3146,15.0,0.0,0.0,BENIGN_WEB
14.9976,1071.0,879.0,192.0,1379335.39,1356906.22,22429.17,91970.67,71.41,0.9675,1287.89,229.51,943.64,1500.0,1317.69,1248.87,0.1803,13.18,7.77,2.64,28.99,0.5894,0.2732,2.1573,3.0267,24.0,0.0,0.0,DATA_EXFILTRATION
34.7919,145.0,72.0,73.0,41722.93,31388.71,10334.21,1199.21,4.17,0.5046,287.74,42.39,224.17,364.04,261.93,306.83,0.4192,127.86,62.75,25.57,281.29,0.4907,0.5311,4.0842,4.1012,40.0,0.0,0.0,DOH_DATA_TUNNEL
20.8437,28.0,8.0,20.0,29657.2,6558.9,23098.3,1422.84,1.34,-0.5577,1059.19,442.34,395.67,1500.0,1149.36,900.9,0.1801,744.42,1180.32,148.88,1637.72,1.5856,0.0701,3.986,3.0663,20.0,0.0,0.0,BENIGN_WEB
53.9398,707.0,620.0,87.0,927884.67,859082.33,68802.34,17202.22,13.11,0.8517,1312.43,202.09,1009.3,1500.0,1428.85,1120.8,0.5057,11.64,7.42,2.33,25.6,0.6378,0.2015,2.008,3.6783,20.0,0.0,0.0,DATA_EXFILTRATION
14.9276,499.0,440.0,59.0,619753.07,553118.0,66635.08,41517.13,33.43,0.785,1241.99,162.2,998.69,1500.0,1096.88,1231.46,0.1921,29.98,14.29,6.0,65.96,0.4767,0.1892,2.5542,3.738,25.0,0.0,1.0,DATA_EXFILTRATION
27.0188,122.0,61.0,61.0,28536.12,18119.71,10416.41,1056.16,4.52,0.2699,233.9,60.8,142.7,343.35,257.67,225.77,0.2641,230.41,65.22,46.08,506.89,0.283,0.7083,3.4882,4.4562,48.0,0.0,0.0,DOH_DATA_TUNNEL
18.627,20.0,8.0,12.0,18803.56,3393.67,15409.89,1009.48,1.07,-0.639,940.18,445.09,272.54,1500.0,853.03,823.03,0.4969,931.35,1288.96,186.27,2048.97,1.384,0.0134,3.7877,2.1027,11.0,0.0,0.0,BENIGN_WEB
49.8283,1280.0,1002.0,278.0,1831801.12,1760757.27,71043.85,36762.28,25.69,0.9224,1431.09,253.32,1051.11,1500.0,1427.45,1463.08,0.5282,31.0,10.06,6.2,68.2,0.3246,0.199,2.7723,3.7433,25.0,1.0,1.0,DATA_EXFILTRATION
21.0393,1549.0,1410.0,139.0,1896590.37,1849970.88,46619.49,90145.04,73.62,0.9508,1224.4,158.98,985.93,1500.0,1335.57,1281.55,0.3356,9.98,4.99,2.0,21.95,0.4997,0.1396,2.6606,3.1125,20.0,1.0,0.0,DATA_EXFILTRATION
11.0611,81.0,40.0,41.0,32016.7,19732.0,12284.7,2894.53,7.32,0.2326,395.27,52.56,316.44,489.87,421.53,376.71,0.4679,101.42,31.9,20.28,223.12,0.3145,0.491,3.5667,4.1691,46.0,1.0,0.0,DOH_DATA_TUNNEL
46.3225,1378.0,1164.0,214.0,1882961.15,1700705.61,182255.54,40648.92,29.75,0.8064,1366.44,194.5,1074.69,1500.0,1462.45,1200.59,0.3731,10.16,5.14,2.03,22.35,0.5062,0.1505,2.8168,2.9218,17.0,1.0,0.0,DATA_EXFILTRATION
16.655,46.0,23.0,23.0,17884.45,13454.34,4430.11,1073.82,2.76,0.5046,388.79,40.86,327.5,462.34,404.67,381.83,0.4663,153.24,36.19,30.65,337.12,0.2362,0.5113,4.064,4.251,51.0,0.0,0.0,DOH_DATA_TUNNEL
20.3336,91.0,45.0,46.0,37941.16,26882.22,11058.94,1865.94,4.48,0.417,416.94,37.72,360.35,484.84,398.99,367.08,0.6013,53.72,21.13,10.74,118.19,0.3933,0.5754,4.077,4.591,35.0,0.0,0.0,DOH_DATA_TUNNEL
27.7946,32.0,9.0,23.0,20515.38,3915.11,16600.27,738.11,1.15,-0.6183,641.11,327.17,150.36,1230.0,703.1,666.25,0.4085,868.58,653.44,173.72,1910.88,0.7523,0.055,4.1895,2.6608,15.0,0.0,0.0,BENIGN_WEB
23.3914,70.0,21.0,49.0,55694.93,6183.25,49511.68,2381.0,2.99,-0.778,795.64,462.99,101.16,1500.0,680.31,714.64,0.4603,334.16,546.95,66.83,735.16,1.6368,0.0957,3.9547,2.5519,20.0,0.0,0.0,BENIGN_WEB
10.9268,67.0,24.0,43.0,54846.64,7610.2,47236.44,5019.48,6.13,-0.7225,818.61,445.1,150.96,1500.0,805.31,896.7,0.2618,163.09,267.39,32.62,358.79,1.6396,0.1133,4.6033,2.5021,13.0,0.0,0.0,BENIGN_WEB
5.0688,46.0,14.0,32.0,43947.05,12623.81,31323.24,8670.04,9.08,-0.4255,955.37,400.26,354.99,1500.0,1096.55,866.27,0.358,110.19,134.71,22.04,242.42,1.2225,0.1298,4.0869,2.2665,20.0,0.0,0.0,BENIGN_WEB
8.062,49.0,14.0,35.0,52909.09,12928.41,39980.68,6562.77,6.08,-0.5113,1079.78,403.73,474.18,1500.0,1208.74,1138.34,0.5068,164.53,277.67,32.91,361.97,1.6876,0.0877,4.7258,2.8495,17.0,0.0,0.0,BENIGN_WEB
11.0466,17.0,4.0,13.0,14822.27,3665.4,11156.86,1341.79,1.54,-0.5054,871.9,353.7,341.35,1500.0,917.62,790.73,0.4685,649.8,1099.62,129.96,1429.56,1.6922,0.0833,4.5845,2.6056,9.0,0.0,0.0,BENIGN_WEB
22.8836,66.0,19.0,47.0,58710.0,9862.78,48847.22,2565.59,2.88,-0.664,889.55,342.21,376.23,1500.0,884.95,876.62,0.5979,346.72,363.1,69.34,762.79,1.0473,0.0442,3.6206,2.7771,16.0,0.0,0.0,BENIGN_WEB
14.5722,84.0,42.0,42.0,36147.98,27084.12,9063.87,2480.62,5.76,0.4985,430.33,79.8,310.63,573.97,461.02,402.6,0.3348,45.03,14.73,9.01,99.06,0.3271,0.6361,3.2996,4.6153,41.0,0.0,0.0,DOH_DATA_TUNNEL
13.6164,45.0,17.0,28.0,43066.66,4490.74,38575.92,3162.86,3.3,-0.7915,957.04,461.85,264.26,1500.0,848.3,837.48,0.3262,302.59,280.24,60.52,665.69,0.9261,0.0241,4.0821,2.6492,16.0,0.0,0.0,BENIGN_WEB
13.5191,20.0,5.0,15.0,14217.76,2428.53,11789.23,1051.68,1.48,-0.6584,710.89,375.4,147.79,1386.61,643.1,707.0,0.5899,675.95,1122.17,135.19,1487.1,1.6601,0.0658,4.5083,2.7398,10.0,0.0,0.0,BENIGN_WEB
5.3185,55.0,22.0,33.0,35591.77,3215.41,32376.36,6692.02,10.34,-0.8193,647.12,412.49,40.0,1389.6,605.56,626.51,0.3458,96.7,134.65,19.34,212.74,1.3925,0.0129,5.0242,2.6053,10.0,0.0,0.0,BENIGN_WEB
41.4763,150.0,75.0,75.0,63112.06,36496.14,26615.92,1521.64,3.62,0.1566,420.75,76.86,305.46,559.09,453.0,382.98,0.4601,164.95,91.58,32.99,362.89,0.5552,0.5397,3.9717,4.4616,49.0,0.0,0.0,DOH_DATA_TUNNEL
26.8667,1303.0,1073.0,230.0,1691444.73,1533738.85,157705.88,62956.9,48.5,0.8135,1298.12,157.78,1061.45,1500.0,1159.41,1452.54,0.224,20.96,9.07,4.19,46.1,0.4329,0.2244,1.967,3.7942,20.0,0.0,1.0,DATA_EXFILTRATION
20.3313,63.0,22.0,41.0,57646.08,8598.41,49047.67,2835.34,3.1,-0.7017,915.02,544.86,97.73,1500.0,797.09,1045.09,0.4664,322.72,489.55,64.54,709.98,1.517,0.0522,4.898,2.2505,12.0,0.0,0.0,BENIGN_WEB
8.6184,107.0,53.0,54.0,39194.43,24024.32,15170.11,4547.77,12.42,0.2259,366.3,63.72,270.72,481.01,400.52,317.02,0.5563,106.33,25.85,21.27,233.94,0.2431,0.4912,3.6656,4.412,46.0,0.0,0.0,DOH_DATA_TUNNEL
2.2587,44.0,17.0,27.0,33188.95,8207.96,24980.99,14694.0,19.48,-0.5054,754.29,437.42,98.16,1500.0,764.81,773.92,0.2827,51.33,59.49,10.27,112.93,1.1588,0.0733,4.1515,3.0748,17.0,0.0,0.0,BENIGN_WEB
17.3812,101.0,50.0,51.0,28186.3,19287.9,8898.4,1621.65,5.81,0.3686,279.07,37.59,222.69,346.73,255.84,295.7,0.2308,86.87,31.58,17.37,191.12,0.3635,0.6743,3.3631,4.0839,41.0,0.0,0.0,DOH_DATA_TUNNEL
11.4717,73.0,21.0,52.0,59806.27,17106.41,42699.86,5213.38,6.36,-0.4279,819.26,430.35,173.74,1500.0,781.94,754.8,0.2509,157.15,209.35,31.43,345.72,1.3322,0.0833,4.6058,2.3717,20.0,0.0,0.0,BENIGN_WEB
21.2084,104.0,52.0,52.0,41490.24,25915.07,15575.17,1956.31,4.9,0.2492,398.94,73.02,289.41,530.38,365.73,454.44,0.2456,185.12,92.62,37.02,407.27,0.5003,0.6316,3.2137,4.4917,60.0,1.0,0.0,DOH_DATA_TUNNEL
11.2142,176.0,88.0,88.0,66326.53,48165.95,18160.58,5914.51,15.69,0.4524,376.86,61.76,284.21,488.03,431.18,335.33,0.2736,219.55,55.45,43.91,483.0,0.2526,0.6383,3.2371,3.9182,54.0,0.0,0.0,DOH_DATA_TUNNEL
17.7584,43.0,16.0,27.0,41512.69,6023.78,35488.91,2337.64,2.42,-0.7098,965.41,532.35,166.88,1500.0,1105.21,989.98,0.4004,412.99,626.9,82.6,908.57,1.518,0.019,4.7581,2.7686,10.0,0.0,0.0,BENIGN_WEB
8.9259,49.0,17.0,32.0,34304.56,5420.75,28883.82,3843.25,5.49,-0.684,700.09,402.31,96.63,1424.25,602.4,687.59,0.6107,182.16,214.84,36.43,400.76,1.1794,0.0369,4.4434,2.5876,16.0,0.0,0.0,BENIGN_WEB
36.4626,87.0,43.0,44.0,30251.17,22882.18,7368.99,829.65,2.39,0.5128,347.71,64.98,250.25,464.67,365.18,377.5,0.5557,145.97,62.82,29.19,321.14,0.4304,0.6978,3.6183,3.9224,49.0,0.0,0.0,DOH_DATA_TUNNEL
12.2558,68.0,20.0,48.0,50146.65,12057.81,38088.83,4091.66,5.55,-0.5191,737.45,323.91,251.58,1320.49,692.67,684.71,0.5157,180.23,190.27,36.05,396.51,1.0557,0.0806,4.1239,2.946,14.0,0.0,0.0,BENIGN_WEB
19.0043,48.0,13.0,35.0,44540.15,6985.95,37554.21,2343.68,2.53,-0.6863,927.92,565.68,79.4,1500.0,1056.01,982.05,0.2738,395.92,414.07,79.18,871.03,1.0458,0.1381,4.1273,2.7493,15.0,0.0,0.0,BENIGN_WEB
11.7261,30.0,9.0,21.0,25856.26,3135.38,22720.88,2205.03,2.56,-0.7575,861.88,576.08,40.0,1500.0,752.08,802.85,0.2096,390.87,638.17,78.17,859.91,1.6327,0.1283,4.4166,2.3721,20.0,0.0,0.0,BENIGN_WEB
21.1333,54.0,19.0,35.0,57802.08,6982.18,50819.9,2735.12,2.56,-0.7584,1070.41,468.47,367.7,1500.0,1071.73,1012.97,0.5764,391.36,300.02,78.27,860.98,0.7666,0.0876,4.5616,2.2775,16.0,0.0,0.0,BENIGN_WEB
26.6737,77.0,25.0,52.0,77475.29,12028.56,65446.73,2904.56,2.89,-0.6895,1006.17,398.49,408.44,1500.0,929.45,975.16,0.5488,346.41,402.85,69.28,762.11,1.1629,0.0887,4.5784,2.3863,8.0,0.0,0.0,BENIGN_WEB
6.3425,1202.0,994.0,208.0,1728641.63,1606152.68,122488.95,272547.24,189.51,0.8583,1438.14,145.15,1220.41,1500.0,1637.51,1258.31,0.5188,28.05,7.16,5.61,61.71,0.2551,0.223,2.1574,2.9991,18.0,0.0,0.0,DATA_EXFILTRATION
8.2995,48.0,24.0,24.0,12912.98,7916.66,4996.33,1555.88,5.78,0.2262,269.02,75.63,155.58,405.15,263.48,234.34,0.4952,67.65,34.49,13.53,148.82,0.5099,0.4477,3.8426,4.2189,61.0,1.0,0.0,DOH_DATA_TUNNEL
12.9615,23.0,8.0,15.0,22995.68,3332.22,19663.46,1774.15,1.77,-0.7102,999.81,568.75,146.69,1500.0,1047.59,1070.92,0.5625,563.54,529.91,112.71,1239.8,0.9403,0.0658,4.7511,2.1158,12.0,0.0,0.0,BENIGN_WEB
6.2898,129.0,64.0,65.0,42842.93,31625.57,11217.35,6811.46,20.51,0.4763,332.12,49.93,257.22,421.99,292.48,289.09,0.3465,64.66,23.09,12.93,142.25,0.3571,0.6559,3.489,4.1841,30.0,0.0,0.0,DOH_DATA_TUNNEL
11.5581,108.0,54.0,54.0,29873.65,21821.25,8052.39,2584.64,9.34,0.4609,276.61,36.5,221.86,342.3,281.04,236.45,0.553,169.82,78.55,33.96,373.61,0.4626,0.5519,3.9518,4.004,30.0,0.0,0.0,DOH_DATA_TUNNEL
21.2147,38.0,12.0,26.0,32577.37,3284.04,29293.34,1535.6,1.79,-0.7984,857.3,493.67,116.79,1500.0,732.9,730.84,0.3181,558.28,953.51,111.66,1228.22,1.7079,0.1182,3.9351,2.2726,10.0,0.0,0.0,BENIGN_WEB
3.8664,44.0,17.0,27.0,38575.43,6864.73,31710.7,9977.16,11.38,-0.6441,876.71,472.09,168.59,1500.0,777.17,957.3,0.2199,87.87,114.87,17.57,193.32,1.3072,0.0746,3.7917,2.9712,21.0,0.0,0.0,BENIGN_WEB
11.1179,118.0,59.0,59.0,30208.71,20330.82,9877.89,2717.12,10.61,0.346,256.01,44.2,189.71,335.56,251.47,287.15,0.4569,134.03,55.25,26.81,294.86,0.4122,0.4399,3.5076,4.6304,30.0,0.0,0.0,DOH_DATA_TUNNEL
13.5111,69.0,28.0,41.0,62965.35,13472.08,49493.27,4660.26,5.11,-0.5721,912.54,348.08,390.42,1500.0,1045.38,880.74,0.5782,195.81,161.53,39.16,430.79,0.8249,0.0365,4.5708,2.7747,15.0,0.0,0.0,BENIGN_WEB
23.6535,40.0,20.0,20.0,9564.56,5623.79,3940.77,404.36,1.69,0.176,239.11,72.71,130.04,370.0,215.15,229.76,0.2906,155.99,72.41,31.2,343.17,0.4642,0.4389,3.3995,4.4572,30.0,1.0,0.0,DOH_DATA_TUNNEL
20.9496,107.0,53.0,54.0,41020.57,24554.8,16465.78,1958.06,5.11,0.1972,383.37,80.12,263.19,527.59,373.7,397.85,0.261,231.63,107.08,46.33,509.59,0.4623,0.5444,3.8508,4.4616,60.0,0.0,0.0,DOH_DATA_TUNNEL
34.8466,131.0,65.0,66.0,49440.06,34658.04,14782.01,1418.79,3.76,0.402,377.41,73.27,267.5,509.29,325.33,350.31,0.2614,66.74,27.66,13.35,146.83,0.4144,0.4279,3.3754,4.3072,48.0,0.0,0.0,DOH_DATA_TUNNEL
14.9161,62.0,31.0,31.0,20947.89,13003.88,7944.0,1404.38,4.16,0.2415,337.87,72.5,229.12,468.37,346.81,351.85,0.19,145.3,82.51,29.06,319.66,0.5679,0.7112,3.5613,4.5414,35.0,1.0,0.0,DOH_DATA_TUNNEL
9.4091,45.0,18.0,27.0,46646.67,5430.55,41216.11,4957.59,4.78,-0.7672,1036.59,551.84,208.84,1500.0,935.76,1189.7,0.3304,209.09,256.46,41.82,460.0,1.2265,0.1358,4.1385,2.5487,12.0,0.0,0.0,BENIGN_WEB
49.954,985.0,888.0,97.0,1319930.47,1277852.63,42077.84,26422.94,19.72,0.9362,1340.03,217.14,1014.32,1500.0,1485.67,1359.69,0.6171,15.17,3.78,3.03,33.37,0.2494,0.2233,2.0599,3.2336,23.0,1.0,0.0,DATA_EXFILTRATION
33.6201,78.0,39.0,39.0,18181.8,13746.82,4434.97,540.8,2.32,0.5122,233.1,44.62,166.17,313.42,228.71,263.65,0.2463,136.74,30.5,27.35,300.82,0.2231,0.5948,3.8519,4.3466,57.0,1.0,0.0,DOH_DATA_TUNNEL
16.0591,45.0,17.0,28.0,39071.56,10056.51,29015.05,2432.98,2.8,-0.4852,868.26,348.27,345.86,1495.13,889.27,885.73,0.5631,356.87,290.91,71.37,785.11,0.8152,0.0782,4.8869,2.3483,21.0,0.0,0.0,BENIGN_WEB
13.3051,128.0,64.0,64.0,48346.09,35567.06,12779.03,3633.64,9.62,0.4714,377.7,56.78,292.53,479.91,426.18,393.59,0.3846,79.29,17.78,15.86,174.44,0.2242,0.6355,3.4464,4.2772,39.0,1.0,0.0,DOH_DATA_TUNNEL
4.8724,43.0,12.0,31.0,41996.47,7876.07,34120.4,8619.23,8.83,-0.6249,976.66,559.16,137.92,1500.0,858.8,1111.68,0.6198,113.31,82.2,22.66,249.29,0.7254,0.0828,5.0168,2.8758,21.0,0.0,0.0,BENIGN_WEB
40.2244,160.0,80.0,80.0,72563.07,43199.65,29363.42,1803.96,3.98,0.1907,453.52,41.45,391.34,528.13,401.62,397.52,0.5162,195.64,105.25,39.13,430.41,0.538,0.7133,3.5759,4.2657,54.0,0.0,0.0,DOH_DATA_TUNNEL
6.496,57.0,18.0,39.0,43032.87,9772.06,33260.81,6624.52,8.77,-0.5458,754.96,459.69,65.43,1500.0,859.1,823.01,0.2182,113.96,158.26,22.79,250.72,1.3886,0.0398,4.2322,2.6967,9.0,0.0,0.0,BENIGN_WEB
23.0962,85.0,42.0,43.0,26957.87,18048.99,8908.88,1167.2,3.68,0.3391,317.15,62.55,223.33,429.74,343.11,354.13,0.3198,169.36,48.25,33.87,372.59,0.2849,0.7154,3.7201,4.4316,61.0,0.0,0.0,DOH_DATA_TUNNEL
30.8944,1447.0,1195.0,252.0,1873364.9,1787685.82,85679.09,60637.78,46.84,0.9085,1294.65,214.61,972.74,1500.0,1244.6,1426.07,0.251,34.51,14.06,6.9,75.92,0.4075,0.2062,2.1764,3.7318,18.0,0.0,0.0,DATA_EXFILTRATION
5.1928,49.0,18.0,31.0,39450.78,7754.87,31695.91,7597.17,9.44,-0.6069,805.12,571.91,40.0,1500.0,893.8,829.74,0.4978,105.98,135.38,21.2,233.15,1.2774,0.0774,4.9045,2.9656,21.0,0.0,0.0,BENIGN_WEB
8.3941,97.0,48.0,49.0,27349.46,19884.69,7464.77,3258.18,11.56,0.4541,281.95,54.41,200.34,379.89,257.74,242.64,0.4464,197.22,109.66,39.44,433.88,0.556,0.4793,3.1983,4.4995,31.0,0.0,0.0,DOH_DATA_TUNNEL
28.0197,43.0,16.0,27.0,37846.6,3755.81,34090.79,1350.72,1.53,-0.8015,880.15,356.21,345.84,1500.0,760.68,834.21,0.3759,651.62,592.38,130.32,1433.56,0.9091,0.0742,4.6954,2.6625,8.0,0.0,0.0,BENIGN_WEB
38.6831,188.0,160.0,28.0,264179.47,236265.17,27914.3,6829.32,4.86,0.7887,1405.21,234.13,1054.01,1500.0,1332.56,1324.66,0.1856,12.36,7.04,2.47,27.2,0.5696,0.2759,2.5642,3.2139,18.0,1.0,0.0,DATA_EXFILTRATION
13.6463,161.0,80.0,81.0,57144.18,32229.76,24914.42,4187.53,11.8,0.128,354.93,75.48,241.71,490.8,310.26,319.14,0.5996,61.15,34.2,12.23,134.53,0.5594,0.6428,3.78,4.0758,38.0,0.0,0.0,DOH_DATA_TUNNEL
36.7539,36.0,18.0,18.0,9558.34,5891.04,3667.29,260.06,0.98,0.2327,265.51,59.26,176.63,372.17,237.13,305.31,0.5909,149.34,59.73,29.87,328.54,0.4,0.5264,3.5486,4.4636,58.0,0.0,0.0,DOH_DATA_TUNNEL
53.4542,194.0,168.0,26.0,256172.13,246083.86,10088.27,4792.37,3.63,0.9212,1320.47,230.94,974.06,1500.0,1214.14,1514.67,0.2073,37.91,17.39,7.58,83.4,0.4588,0.1775,2.513,2.9606,29.0,0.0,0.0,DATA_EXFILTRATION
9.2397,148.0,74.0,74.0,57179.86,32858.9,24320.96,6188.52,16.02,0.1493,386.35,57.13,300.66,489.18,381.28,361.71,0.5469,96.7,43.56,19.34,212.74,0.4505,0.4577,3.3696,4.1369,44.0,0.0,0.0,DOH_DATA_TUNNEL
21.4748,26.0,9.0,17.0,27219.55,6832.49,20387.06,1267.51,1.21,-0.498,1046.91,447.24,376.05,1500.0,931.31,1159.96,0.3781,825.95,605.04,165.19,1817.1,0.7325,0.0318,4.3139,2.408,8.0,0.0,0.0,BENIGN_WEB
22.1692,54.0,17.0,37.0,54409.01,8302.48,46106.53,2454.26,2.44,-0.6948,1007.57,442.54,343.77,1500.0,950.59,1062.73,0.5471,410.54,577.84,82.11,903.19,1.4075,0.0759,4.3777,2.2915,11.0,0.0,0.0,BENIGN_WEB
8.7801,37.0,15.0,22.0,35952.69,8052.51,27900.18,4094.79,4.21,-0.552,971.69,468.24,269.34,1500.0,914.18,1064.34,0.5088,237.3,255.63,47.46,522.06,1.0773,0.0308,4.3913,2.4595,20.0,0.0,0.0,BENIGN_WEB
11.5982,144.0,72.0,72.0,54409.32,39288.41,15120.91,4691.18,12.42,0.4442,377.84,71.45,270.67,506.45,413.45,335.61,0.5412,85.76,29.12,17.15,188.67,0.3396,0.6145,3.2035,4.351,57.0,1.0,0.0,DOH_DATA_TUNNEL
26.8362,52.0,26.0,26.0,12177.19,7035.56,5141.62,453.76,1.94,0.1555,234.18,68.13,131.99,356.81,207.92,223.89,0.61,116.89,63.62,23.38,257.15,0.5443,0.4669,3.3535,4.5889,49.0,1.0,0.0,DOH_DATA_TUNNEL
23.7771,33.0,12.0,21.0,21271.42,2305.73,18965.69,894.62,1.39,-0.7832,644.59,329.98,149.62,1238.55,612.18,646.61,0.22,720.52,604.59,144.1,1585.14,0.8391,0.0745,3.7661,2.8912,8.0,0.0,0.0,BENIGN_WEB
19.3136,51.0,14.0,37.0,53391.31,9735.81,43655.5,2764.44,2.64,-0.6353,1046.89,362.65,502.91,1500.0,918.36,1110.49,0.4162,378.7,298.15,75.74,833.14,0.7873,0.1165,4.3851,2.6041,15.0,0.0,0.0,BENIGN_WEB
36.0102,64.0,32.0,32.0,17343.99,12519.64,4824.34,481.64,1.78,0.4437,271.0,55.13,188.31,370.23,291.52,279.09,0.4607,64.25,28.61,12.85,141.35,0.4454,0.705,3.9622,3.9153,33.0,0.0,0.0,DOH_DATA_TUNNEL
13.0362,42.0,14.0,28.0,33082.14,3777.08,29305.06,2537.71,3.22,-0.7717,787.67,400.68,186.65,1500.0,719.88,779.35,0.4486,310.39,525.32,62.08,682.85,1.6925,0.0863,3.9246,2.2247,21.0,0.0,0.0,BENIGN_WEB
7.4596,15.0,5.0,10.0,9655.8,1935.02,7720.78,1294.41,2.01,-0.5992,643.72,516.32,40.0,1500.0,682.31,567.7,0.6145,497.31,684.38,99.46,1094.08,1.3762,0.0491,4.8532,2.3475,15.0,0.0,0.0,BENIGN_WEB
2.7294,51.0,16.0,35.0,51615.75,7530.44,44085.31,18911.21,18.69,-0.7082,1012.07,400.01,412.06,1500.0,1036.32,1030.7,0.4152,53.52,82.75,10.7,117.74,1.5462,0.105,3.6251,2.8904,20.0,0.0,0.0,BENIGN_WEB
29.3476,66.0,33.0,33.0,27615.48,18658.77,8956.71,940.98,2.25,0.3513,418.42,70.78,312.24,545.82,436.79,422.3,0.2406,110.42,55.99,22.08,242.92,0.507,0.5491,3.8467,3.9663,56.0,0.0,0.0,DOH_DATA_TUNNEL
35.78,268.0,241.0,27.0,337116.93,319421.46,17695.48,9421.93,7.49,0.895,1257.9,189.67,973.39,1500.0,1265.98,1423.47,0.3009,15.22,6.68,3.04,33.48,0.4387,0.1405,2.3552,2.9577,20.0,0.0,0.0,DATA_EXFILTRATION
21.3331,84.0,29.0,55.0,72708.86,11881.34,60827.52,3408.26,3.94,-0.6732,865.58,563.37,40.0,1500.0,892.89,824.14,0.4504,253.97,319.99,50.79,558.73,1.26,0.1368,4.6927,2.1605,12.0,0.0,0.0,BENIGN_WEB
48.8437,995.0,818.0,177.0,1380487.41,1347422.47,33064.94,28263.39,20.37,0.9521,1387.42,162.32,1143.95,1500.0,1521.08,1527.19,0.509,19.38,10.42,3.88,42.65,0.5375,0.193,1.9255,3.777,23.0,0.0,0.0,DATA_EXFILTRATION
14.0428,172.0,86.0,86.0,65704.97,44045.47,21659.5,4678.91,12.25,0.3407,382.01,62.16,288.76,493.9,370.56,357.58,0.445,221.98,76.26,44.4,488.36,0.3436,0.647,3.1358,4.1691,37.0,1.0,0.0,DOH_DATA_TUNNEL
8.3561,102.0,51.0,51.0,26725.15,16451.9,10273.25,3198.26,12.21,0.2312,262.01,36.03,207.97,326.87,259.11,242.27,0.5767,237.5,66.71,47.5,522.49,0.2809,0.6271,3.7767,4.4763,55.0,0.0,0.0,DOH_DATA_TUNNEL
11.3824,30.0,12.0,18.0,21821.44,5143.92,16677.52,1917.13,2.64,-0.5285,727.38,527.54,40.0,1500.0,710.06,657.4,0.5503,379.41,656.14,75.88,834.71,1.7294,0.0207,4.6474,2.9817,10.0,0.0,0.0,BENIGN_WEB
12.6473,58.0,29.0,29.0,25155.28,15406.96,9748.32,1988.98,4.59,0.2249,433.71,74.34,322.2,567.52,417.5,432.02,0.5924,193.15,107.51,38.63,424.94,0.5566,0.6357,3.5559,4.2867,54.0,0.0,0.0,DOH_DATA_TUNNEL
49.2658,365.0,319.0,46.0,526519.76,487676.52,38843.24,10687.33,7.41,0.8525,1442.52,244.84,1075.26,1500.0,1266.29,1443.63,0.478,24.43,7.96,4.89,53.74,0.326,0.2378,2.71,3.3686,15.0,0.0,0.0,DATA_EXFILTRATION
41.8108,64.0,32.0,32.0,14849.78,9969.79,4880.0,355.17,1.53,0.3428,232.03,46.85,161.75,316.36,251.47,236.49,0.4642,101.25,51.76,20.25,222.76,0.5112,0.6645,4.0878,4.523,30.0,1.0,0.0,DOH_DATA_TUNNEL
21.0052,67.0,20.0,47.0,57376.07,13883.26,43492.82,2731.52,3.19,-0.5161,856.36,422.92,221.98,1500.0,964.33,836.05,0.5941,313.51,422.69,62.7,689.72,1.3482,0.0964,3.8161,2.889,20.0,0.0,0.0,BENIGN_WEB
34.9797,1274.0,1046.0,228.0,1588947.73,1563660.86,25286.87,45424.91,36.42,0.9682,1247.21,240.34,886.71,1500.0,1143.01,1096.75,0.2255,36.65,21.16,7.33,80.63,0.5774,0.2637,2.0098,2.9625,15.0,0.0,0.0,DATA_EXFILTRATION
7.7126,28.0,9.0,19.0,28320.82,4576.17,23744.65,3672.0,3.63,-0.6768,1011.46,361.19,469.67,1500.0,981.09,1034.12,0.5538,275.45,438.52,55.09,605.99,1.592,0.0128,4.5648,2.184,21.0,0.0,0.0,BENIGN_WEB
7.124,62.0,22.0,40.0,42134.01,6037.59,36096.41,5914.38,8.7,-0.7134,679.58,410.45,63.9,1418.4,734.33,585.44,0.5538,114.9,177.87,22.98,252.79,1.548,0.1154,3.9017,2.1739,20.0,0.0,0.0,BENIGN_WEB
20.1788,75.0,21.0,54.0,63756.77,10183.88,53572.89,3159.6,3.72,-0.6805,850.09,572.04,40.0,1500.0,969.73,868.53,0.4391,269.05,331.76,53.81,591.91,1.2331,0.0183,4.3669,2.3356,15.0,0.0,0.0,BENIGN_WEB
26.7004,51.0,20.0,31.0,35328.75,9872.05,25456.7,1323.15,1.91,-0.4411,692.72,502.07,40.0,1500.0,677.55,790.12,0.2006,523.54,540.72,104.71,1151.78,1.0328,0.1376,3.8665,2.4216,12.0,0.0,0.0,BENIGN_WEB
32.9708,1179.0,981.0,198.0,1537097.94,1379427.54,157670.4,46620.03,35.76,0.7948,1303.73,158.17,1066.47,1500.0,1402.02,1194.27,0.4389,31.96,12.02,6.39,70.32,0.3762,0.2567,2.8904,3.3312,24.0,0.0,0.0,DATA_EXFILTRATION
37.6637,71.0,35.0,36.0,30160.81,16913.97,13246.84,800.79,1.89,0.1216,424.8,39.52,365.52,495.94,375.79,364.21,0.2516,98.05,42.46,19.61,215.7,0.4331,0.5158,3.4411,3.9588,54.0,0.0,0.0,DOH_DATA_TUNNEL
53.7308,1151.0,1012.0,139.0,1608924.18,1548863.72,60060.46,29944.17,21.42,0.9253,1397.85,197.08,1102.23,1500.0,1387.41,1237.37,0.4089,23.42,7.36,4.68,51.51,0.3143,0.1922,2.7017,3.8069,19.0,1.0,0.0,DATA_EXFILTRATION
28.5419,425.0,381.0,44.0,569363.11,520038.03,49325.08,19948.33,14.89,0.8267,1339.68,227.6,998.28,1500.0,1515.85,1148.5,0.3701,11.88,7.17,2.38,26.14,0.6036,0.2388,2.0957,3.5865,22.0,1.0,0.0,DATA_EXFILTRATION
9.6059,59.0,24.0,35.0,47643.24,8373.39,39269.85,4959.81,6.14,-0.6485,807.51,578.92,40.0,1500.0,920.9,864.8,0.3504,162.81,118.29,32.56,358.18,0.7266,0.0788,4.2289,2.3676,10.0,0.0,0.0,BENIGN_WEB
50.1504,896.0,797.0,99.0,1286054.34,1213583.39,72470.95,25643.95,17.87,0.8873,1435.33,256.39,1050.74,1500.0,1617.58,1310.7,0.2749,21.38,11.53,4.28,47.03,0.5393,0.2063,2.8481,3.8354,18.0,1.0,0.0,DATA_EXFILTRATION
30.3209,18.0,7.0,11.0,13049.76,3334.37,9715.38,430.39,0.59,-0.489,724.99,421.4,92.89,1483.51,795.19,816.57,0.3959,1684.49,1397.37,336.9,3705.88,0.8295,0.0663,4.2288,2.3011,17.0,0.0,0.0,BENIGN_WEB
23.5061,32.0,13.0,19.0,30848.24,6150.82,24697.41,1312.35,1.36,-0.6012,964.01,395.41,370.89,1500.0,939.73,1082.19,0.3196,734.57,736.97,146.91,1616.04,1.0033,0.0579,3.7472,2.8524,8.0,0.0,0.0,BENIGN_WEB
21.5948,1466.0,1191.0,275.0,2122456.24,1936049.51,186406.72,98285.64,67.89,0.8243,1447.79,207.51,1136.52,1500.0,1264.42,1375.73,0.1904,35.07,17.89,7.01,77.16,0.5101,0.2754,2.2845,3.2161,23.0,1.0,1.0,DATA_EXFILTRATION
35.8988,86.0,43.0,43.0,37807.85,23886.2,13921.65,1053.18,2.4,0.2636,439.63,74.86,327.34,574.38,478.36,448.65,0.3158,157.49,70.32,31.5,346.48,0.4465,0.6967,3.6269,4.4809,36.0,1.0,0.0,DOH_DATA_TUNNEL
24.029,673.0,591.0,82.0,822416.36,768852.26,53564.1,34226.01,28.01,0.8697,1222.02,225.42,883.88,1500.0,1237.53,1148.4,0.4903,22.93,10.17,4.59,50.44,0.4435,0.2666,2.5327,3.3322,26.0,1.0,0.0,DATA_EXFILTRATION
42.9718,210.0,181.0,29.0,286087.55,283107.35,2980.21,6657.56,4.89,0.9792,1362.32,185.54,1084.02,1500.0,1242.97,1353.26,0.3729,14.19,8.98,2.84,31.21,0.6331,0.2397,2.7231,3.193,24.0,1.0,1.0,DATA_EXFILTRATION
9.4944,82.0,25.0,57.0,83804.8,8096.03,75708.77,8826.79,8.64,-0.8068,1022.01,398.49,424.27,1500.0,1018.87,888.34,0.5177,115.79,84.22,23.16,254.73,0.7273,0.0982,5.0755,2.7793,15.0,0.0,0.0,BENIGN_WEB
29.6821,75.0,29.0,46.0,52455.36,8723.92,43731.44,1767.24,2.53,-0.6674,699.4,496.25,40.0,1500.0,652.12,684.26,0.5909,395.76,528.39,79.15,870.68,1.3351,0.0755,3.9251,2.9017,10.0,0.0,0.0,BENIGN_WEB
11.4607,79.0,25.0,54.0,84056.89,10967.19,73089.71,7334.39,6.89,-0.7391,1064.01,558.59,226.12,1500.0,1097.9,1193.98,0.1869,145.07,132.33,29.01,319.16,0.9122,0.0498,5.0659,2.1239,21.0,0.0,0.0,BENIGN_WEB
21.2906,152.0,76.0,76.0,47462.71,27426.01,20036.7,2229.28,7.14,0.1557,312.25,51.63,234.82,405.18,348.99,293.14,0.4886,47.64,13.09,9.53,104.81,0.2748,0.4351,3.6148,3.8808,54.0,1.0,0.0,DOH_DATA_TUNNEL
29.6653,79.0,30.0,49.0,84211.94,15164.42,69047.51,2838.74,2.66,-0.6399,1065.97,407.86,454.19,1500.0,1115.47,1168.4,0.2138,375.51,392.1,75.1,826.12,1.0442,0.0607,4.6325,2.4807,15.0,0.0,0.0,BENIGN_WEB
21.6547,55.0,27.0,28.0,15366.88,9027.81,6339.08,709.63,2.54,0.175,279.4,72.73,170.3,410.32,303.66,267.39,0.593,49.82,22.27,9.96,109.61,0.4469,0.4595,3.9267,4.5423,50.0,0.0,0.0,DOH_DATA_TUNNEL
8.8109,23.0,9.0,14.0,17132.08,3724.75,13407.32,1944.43,2.61,-0.5652,744.87,529.76,40.0,1500.0,674.37,731.73,0.3669,383.08,415.4,76.62,842.78,1.0844,0.1205,4.9542,2.3135,12.0,0.0,0.0,BENIGN_WEB
31.5819,40.0,16.0,24.0,32006.53,4242.69,27763.85,1013.44,1.27,-0.7349,800.16,516.23,40.0,1500.0,710.11,862.71,0.2088,789.55,1198.74,157.91,1737.01,1.5183,0.0107,4.7778,2.1708,16.0,0.0,0.0,BENIGN_WEB
14.6127,91.0,45.0,46.0,34186.22,25803.33,8382.9,2339.49,6.23,0.5096,375.67,70.06,270.58,501.79,327.49,358.34,0.3067,235.35,53.02,47.07,517.78,0.2253,0.5918,3.9827,4.414,47.0,0.0,0.0,DOH_DATA_TUNNEL
16.7119,79.0,26.0,53.0,64957.22,7049.33,57907.89,3886.89,4.73,-0.783,822.24,533.78,40.0,1500.0,864.27,796.01,0.5885,211.54,234.43,42.31,465.39,1.1082,0.0538,4.3691,2.4555,9.0,0.0,0.0,BENIGN_WEB
10.3455,113.0,56.0,57.0,50106.37,37650.52,12455.86,4843.3,10.92,0.5028,443.42,37.2,387.62,510.38,462.68,433.77,0.2159,229.99,70.35,46.0,505.98,0.3059,0.7159,4.0082,4.2065,40.0,1.0,0.0,DOH_DATA_TUNNEL
20.6935,75.0,28.0,47.0,47331.14,7222.3,40108.84,2287.25,3.62,-0.6948,631.08,508.26,40.0,1500.0,552.04,651.69,0.341,275.91,332.56,55.18,607.01,1.2053,0.1247,4.3756,3.0465,16.0,0.0,0.0,BENIGN_WEB
15.5857,38.0,14.0,24.0,37944.98,9620.38,28324.59,2434.61,2.44,-0.4929,998.55,572.17,140.3,1500.0,945.21,1045.9,0.2649,410.15,418.45,82.03,902.33,1.0202,0.057,4.1876,2.6992,20.0,0.0,0.0,BENIGN_WEB
19.9858,33.0,13.0,20.0,34829.04,3598.78,31230.26,1742.69,1.65,-0.7933,1055.43,388.16,473.19,1500.0,1070.35,1052.14,0.2513,605.63,1008.48,121.13,1332.39,1.6652,0.0788,4.6089,3.0268,19.0,0.0,0.0,BENIGN_WEB
11.3186,44.0,17.0,27.0,45268.15,5036.52,40231.63,3999.43,3.89,-0.7775,1028.82,559.18,190.05,1500.0,1091.95,941.34,0.2228,257.24,254.28,51.45,565.93,0.9885,0.0818,4.054,2.6586,20.0,0.0,0.0,BENIGN_WEB
5.5657,55.0,20.0,35.0,38666.99,10938.86,27728.13,6947.33,9.88,-0.4342,703.04,372.28,144.61,1373.14,604.57,648.88,0.3363,101.2,83.65,20.24,222.63,0.8266,0.0249,3.8134,2.7497,11.0,0.0,0.0,BENIGN_WEB
6.4409,65.0,32.0,33.0,18027.28,12102.07,5925.21,2798.87,10.09,0.3426,277.34,67.7,175.79,399.21,318.49,289.16,0.4591,208.9,82.79,41.78,459.58,0.3963,0.6897,3.955,4.5395,49.0,1.0,0.0,DOH_DATA_TUNNEL
20.3532,45.0,15.0,30.0,47789.58,12404.72,35384.86,2348.01,2.21,-0.4809,1061.99,506.76,301.85,1500.0,1185.72,939.38,0.3565,452.29,343.76,90.46,995.05,0.76,0.0924,5.0064,2.9834,17.0,0.0,0.0,BENIGN_WEB
11.8728,43.0,14.0,29.0,30016.3,3983.36,26032.95,2528.15,3.62,-0.7346,698.05,481.02,40.0,1500.0,728.56,781.39,0.3961,276.11,268.47,55.22,607.45,0.9723,0.1393,4.9623,2.3338,9.0,0.0,0.0,BENIGN_WEB
4.3026,30.0,10.0,20.0,31512.15,5472.32,26039.84,7323.96,6.97,-0.6527,1050.41,393.38,460.33,1500.0,934.01,916.48,0.4158,143.42,169.9,28.68,315.52,1.1846,0.0868,3.8826,2.4209,11.0,0.0,0.0,BENIGN_WEB
29.4633,79.0,24.0,55.0,55041.61,11470.94,43570.67,1868.14,2.68,-0.5832,696.73,557.58,40.0,1500.0,621.51,686.94,0.4216,372.95,402.77,74.59,820.5,1.08,0.0984,3.6687,2.3492,12.0,0.0,0.0,BENIGN_WEB
20.4442,85.0,42.0,43.0,30029.56,20277.63,9751.93,1468.85,4.16,0.3505,353.29,74.57,241.43,487.52,389.94,397.98,0.1807,137.29,77.49,27.46,302.03,0.5644,0.6566,3.6584,4.0038,61.0,0.0,0.0,DOH_DATA_TUNNEL
22.659,69.0,22.0,47.0,69293.87,8920.87,60373.0,3058.11,3.05,-0.7425,1004.26,495.11,261.59,1500.0,923.35,878.02,0.2736,328.39,391.93,65.68,722.46,1.1935,0.1296,4.2547,3.0128,10.0,0.0,0.0,BENIGN_WEB
13.3595,70.0,22.0,48.0,44279.44,7918.36,36361.08,3314.44,5.24,-0.6423,632.56,570.64,40.0,1500.0,649.49,686.4,0.5651,190.85,142.26,38.17,419.87,0.7454,0.127,5.0168,2.2271,8.0,0.0,0.0,BENIGN_WEB
6.4979,55.0,27.0,28.0,17251.05,11810.17,5440.88,2654.88,8.46,0.3692,313.66,59.91,223.79,421.5,282.66,333.87,0.4299,53.17,15.1,10.63,116.98,0.284,0.4332,4.0156,3.9459,48.0,1.0,0.0,DOH_DATA_TUNNEL
22.3521,66.0,26.0,40.0,54228.68,13490.03,40738.65,2426.12,2.95,-0.5025,821.65,421.38,189.58,1500.0,862.7,848.58,0.6012,338.67,487.63,67.73,745.07,1.4398,0.095,4.9631,2.9576,16.0,0.0,0.0,BENIGN_WEB
31.3299,21.0,8.0,13.0,20553.94,5005.19,15548.74,656.05,0.67,-0.513,978.76,377.52,412.48,1500.0,888.18,933.65,0.4116,1491.9,1367.29,298.38,3282.18,0.9165,0.0751,4.2932,2.913,17.0,0.0,0.0,BENIGN_WEB
17.604,382.0,308.0,74.0,503046.17,489830.39,13215.78,28575.65,21.7,0.9475,1316.87,245.47,948.68,1500.0,1191.36,1463.05,0.3242,39.57,21.18,7.91,87.05,0.5352,0.2072,2.7154,3.2539,15.0,0.0,1.0,DATA_EXFILTRATION
12.4254,66.0,24.0,42.0,63866.04,18243.69,45622.35,5139.95,5.31,-0.4287,967.67,436.41,313.05,1500.0,903.53,838.37,0.1945,188.26,321.54,37.65,414.18,1.7079,0.0642,4.1536,2.5534,13.0,0.0,0.0,BENIGN_WEB
9.7849,173.0,86.0,87.0,78571.1,54734.05,23837.06,8029.85,17.68,0.3932,454.17,38.04,397.11,522.64,443.0,419.14,0.5433,103.09,26.13,20.62,226.79,0.2534,0.5442,3.506,4.1651,43.0,1.0,0.0,DOH_DATA_TUNNEL
29.2462,80.0,24.0,56.0,77542.22,14490.25,63051.97,2651.36,2.74,-0.6263,969.28,437.01,313.77,1500.0,1098.0,923.13,0.4831,365.58,274.14,73.12,804.27,0.7499,0.036,4.5922,2.4257,17.0,0.0,0.0,BENIGN_WEB
30.7469,22.0,7.0,15.0,21952.06,6128.92,15823.14,713.96,0.72,-0.4416,997.82,345.72,479.24,1500.0,950.75,955.72,0.3423,1397.59,1407.52,279.52,3074.69,1.0071,0.0352,4.8302,2.7369,16.0,0.0,0.0,BENIGN_WEB
12.6872,52.0,20.0,32.0,32954.21,6028.01,26926.19,2597.44,4.1,-0.6342,633.73,501.85,40.0,1500.0,659.41,709.21,0.2712,243.98,370.74,48.8,536.77,1.5195,0.1164,3.9277,2.3191,10.0,0.0,0.0,BENIGN_WEB
26.9844,797.0,645.0,152.0,1147695.71,1099509.82,48185.89,42531.84,29.54,0.916,1440.02,253.8,1059.31,1500.0,1345.68,1253.53,0.39,40.74,20.6,8.15,89.63,0.5057,0.1257,2.0656,3.3761,24.0,0.0,0.0,DATA_EXFILTRATION
18.0015,64.0,25.0,39.0,48378.67,9627.56,38751.11,2687.49,3.56,-0.602,755.92,535.7,40.0,1500.0,716.28,836.3,0.4276,281.27,371.76,56.25,618.8,1.3217,0.1252,3.9319,2.5389,19.0,0.0,0.0,BENIGN_WEB
48.0919,765.0,685.0,80.0,995764.27,889376.59,106387.68,20705.44,15.91,0.7863,1301.65,179.15,1032.92,1500.0,1478.56,1154.43,0.3064,23.63,5.49,4.73,51.99,0.2322,0.2071,2.0372,3.3742,22.0,0.0,0.0,DATA_EXFILTRATION
16.0391,82.0,28.0,54.0,66271.08,11627.07,54644.01,4131.83,5.11,-0.6491,808.18,574.99,40.0,1500.0,695.13,885.2,0.5106,195.6,243.19,39.12,430.32,1.2433,0.1184,4.4282,2.1234,15.0,0.0,0.0,BENIGN_WEB
11.2112,58.0,20.0,38.0,39258.88,7398.23,31860.65,3501.76,5.17,-0.6231,676.88,522.48,40.0,1500.0,713.19,729.05,0.2346,193.3,262.78,38.66,425.25,1.3594,0.1069,4.8484,2.8051,14.0,0.0,0.0,BENIGN_WEB
22.8782,45.0,16.0,29.0,38317.42,7462.71,30854.71,1674.85,1.97,-0.6105,851.5,491.53,114.2,1500.0,788.82,955.0,0.5596,508.4,637.77,101.68,1118.49,1.2545,0.1142,4.7048,2.2294,11.0,0.0,0.0,BENIGN_WEB
12.8942,22.0,8.0,14.0,17214.46,4011.35,13203.11,1335.05,1.71,-0.534,782.48,521.67,40.0,1500.0,740.75,735.66,0.2403,586.1,500.87,117.22,1289.42,0.8546,0.0242,4.4739,2.7199,8.0,0.0,0.0,BENIGN_WEB
6.3253,32.0,11.0,21.0,28929.05,2899.61,26029.44,4573.58,5.06,-0.7995,904.03,391.99,316.04,1500.0,910.67,849.78,0.5052,197.66,344.05,39.53,434.86,1.7406,0.0401,4.9137,3.0882,18.0,0.0,0.0,BENIGN_WEB
8.266,61.0,20.0,41.0,48445.41,9871.12,38574.3,5860.79,7.38,-0.5925,794.19,507.67,40.0,1500.0,763.59,874.83,0.3306,135.51,165.64,27.1,298.12,1.2224,0.0821,4.0521,2.1199,13.0,0.0,0.0,BENIGN_WEB
4.3301,20.0,6.0,14.0,17782.33,5101.25,12681.09,4106.71,4.62,-0.4263,889.12,431.69,241.58,1500.0,910.93,844.67,0.5205,216.5,362.8,43.3,476.31,1.6757,0.0278,3.6042,2.5431,20.0,0.0,0.0,BENIGN_WEB
18.2696,1546.0,1294.0,252.0,2128227.23,1907667.04,220560.19,116490.09,84.62,0.7927,1376.6,117.78,1199.92,1500.0,1302.85,1361.1,0.5316,18.73,7.07,3.75,41.22,0.3774,0.1929,2.7482,3.1463,17.0,1.0,0.0,DATA_EXFILTRATION
19.943,44.0,14.0,30.0,34840.66,9673.84,25166.82,1747.01,2.21,-0.4447,791.83,362.57,247.97,1444.46,802.46,805.32,0.2348,453.25,594.7,90.65,997.15,1.3121,0.1109,4.6515,2.7003,20.0,0.0,0.0,BENIGN_WEB
20.3687,73.0,20.0,53.0,61881.34,7935.51,53945.83,3038.06,3.58,-0.7435,847.69,381.77,275.04,1500.0,801.77,792.97,0.5256,279.02,465.19,55.8,613.85,1.6672,0.0815,3.6669,2.6343,21.0,0.0,0.0,BENIGN_WEB
16.4234,49.0,18.0,31.0,35169.79,3942.54,31227.25,2141.44,2.98,-0.7758,717.75,479.73,40.0,1500.0,628.45,775.28,0.2911,335.17,276.39,67.03,737.38,0.8246,0.1209,3.8154,2.4885,9.0,0.0,0.0,BENIGN_WEB
3.4357,68.0,20.0,48.0,60131.05,11122.02,49009.03,17501.62,19.79,-0.6301,884.28,409.09,270.64,1500.0,896.85,859.78,0.6155,50.53,79.36,10.11,111.16,1.5706,0.0182,3.9143,3.0124,21.0,0.0,0.0,BENIGN_WEB
39.13,156.0,78.0,78.0,44766.35,30231.39,14534.96,1144.04,3.99,0.3506,286.96,37.5,230.72,354.46,284.75,315.28,0.2508,178.61,89.63,35.72,392.95,0.5018,0.437,4.0516,4.0125,52.0,0.0,0.0,DOH_DATA_TUNNEL
40.0184,817.0,640.0,177.0,1021781.22,1002029.85,19751.38,25532.77,20.42,0.9613,1250.65,159.72,1011.07,1500.0,1151.35,1220.5,0.4207,35.25,10.26,7.05,77.54,0.291,0.2449,2.2563,3.4753,20.0,0.0,0.0,DATA_EXFILTRATION
29.0146,66.0,25.0,41.0,65210.49,10889.03,54321.45,2247.51,2.27,-0.666,988.04,327.66,496.54,1500.0,1013.09,979.65,0.3862,439.62,490.88,87.92,967.15,1.1166,0.0953,3.9928,2.3024,20.0,0.0,0.0,BENIGN_WEB
14.3536,47.0,14.0,33.0,30465.14,5070.04,25395.1,2122.48,3.27,-0.6672,648.19,464.12,40.0,1483.61,640.69,715.66,0.5397,305.39,524.87,61.08,671.87,1.7187,0.1142,4.8717,2.7184,12.0,0.0,0.0,BENIGN_WEB
12.5468,66.0,33.0,33.0,27327.12,18881.1,8446.02,2178.02,5.26,0.3819,414.05,60.93,322.66,523.71,374.96,370.7,0.2997,93.72,52.53,18.74,206.18,0.5605,0.4751,3.8065,4.5391,42.0,0.0,0.0,DOH_DATA_TUNNEL
37.9525,105.0,52.0,53.0,32423.61,24110.98,8312.64,854.32,2.77,0.4872,308.8,61.78,216.12,420.0,288.97,354.88,0.3979,225.57,65.91,45.11,496.26,0.2922,0.5781,3.8585,4.4705,32.0,0.0,0.0,DOH_DATA_TUNNEL
11.9791,130.0,65.0,65.0,41619.0,28281.16,13337.83,3474.3,10.85,0.3591,320.15,43.37,255.1,398.21,320.56,299.51,0.2598,159.8,67.42,31.96,351.55,0.4219,0.4649,3.9862,4.0723,40.0,0.0,0.0,DOH_DATA_TUNNEL
7.0003,49.0,24.0,25.0,12898.74,8804.6,4094.14,1842.59,7.0,0.3652,263.24,57.9,176.39,367.46,244.15,245.54,0.5165,67.5,23.35,13.5,148.49,0.3459,0.6181,3.4971,4.1298,32.0,0.0,0.0,DOH_DATA_TUNNEL
49.5196,1037.0,882.0,155.0,1414046.82,1286135.56,127911.25,28555.31,20.94,0.8191,1363.59,246.38,994.03,1500.0,1518.04,1200.28,0.5538,13.72,7.77,2.74,30.18,0.5666,0.2794,2.8512,3.1624,20.0,1.0,1.0,DATA_EXFILTRATION
25.5732,166.0,83.0,83.0,60340.91,44733.24,15607.67,2359.54,6.49,0.4827,363.5,51.38,286.42,455.99,375.96,372.52,0.1927,189.94,43.33,37.99,417.88,0.2281,0.4577,3.9565,4.4073,48.0,0.0,0.0,DOH_DATA_TUNNEL
30.5535,1493.0,1297.0,196.0,1825245.09,1690788.61,134456.48,59739.23,48.87,0.8527,1222.54,267.57,821.18,1500.0,1376.93,1391.66,0.2251,13.24,6.98,2.65,29.12,0.5277,0.1983,2.0618,3.1986,16.0,1.0,0.0,DATA_EXFILTRATION
6.6323,76.0,25.0,51.0,81908.77,23444.74,58464.03,12349.95,11.46,-0.4275,1077.75,452.25,399.37,1500.0,1032.44,941.46,0.5251,87.27,65.01,17.45,191.99,0.7449,0.1068,4.4134,2.4983,11.0,0.0,0.0,BENIGN_WEB
24.0868,65.0,25.0,40.0,48791.95,13887.73,34904.21,2025.67,2.7,-0.4307,750.65,513.14,40.0,1500.0,745.88,714.48,0.4667,370.57,507.5,74.11,815.25,1.3695,0.0838,4.4124,2.6058,16.0,0.0,0.0,BENIGN_WEB
18.3474,105.0,52.0,53.0,40460.9,30233.07,10227.83,2205.27,5.72,0.4944,385.34,78.27,267.94,526.23,420.15,372.88,0.4958,204.37,115.22,40.87,449.61,0.5638,0.7028,4.0657,3.9025,36.0,0.0,0.0,DOH_DATA_TUNNEL
15.0338,20.0,7.0,13.0,13301.62,2096.61,11205.02,884.78,1.33,-0.6848,665.08,380.32,94.6,1349.66,628.8,695.64,0.356,751.69,627.41,150.34,1653.72,0.8347,0.0183,3.7115,2.8355,14.0,0.0,0.0,BENIGN_WEB
24.5892,49.0,24.0,25.0,11668.01,6920.38,4747.63,474.52,1.99,0.1862,238.12,70.66,132.13,365.32,218.66,215.5,0.4183,172.31,97.53,34.46,379.08,0.566,0.488,3.8316,4.2708,57.0,1.0,0.0,DOH_DATA_TUNNEL
36.7276,1010.0,897.0,113.0,1390855.24,1365098.96,25756.28,37869.5,27.5,0.963,1377.08,256.0,993.09,1500.0,1367.79,1432.43,0.6056,33.63,17.06,6.73,73.98,0.5075,0.1911,2.1836,3.4851,26.0,1.0,0.0,DATA_EXFILTRATION
19.7946,45.0,13.0,32.0,48104.75,5958.97,42145.77,2430.2,2.27,-0.7523,1068.99,373.28,509.08,1500.0,1170.55,1164.86,0.2195,439.88,694.1,87.98,967.73,1.5779,0.074,4.1191,2.8505,12.0,0.0,0.0,BENIGN_WEB
28.7967,955.0,797.0,158.0,1297536.34,1156017.74,141518.6,45058.5,33.16,0.7819,1358.68,259.87,968.86,1500.0,1266.36,1284.43,0.5779,27.45,15.45,5.49,60.38,0.5631,0.1733,1.9005,3.7611,25.0,1.0,1.0,DATA_EXFILTRATION
11.4108,79.0,32.0,47.0,77300.88,10603.27,66697.61,6774.38,6.92,-0.7257,978.49,476.88,263.17,1500.0,992.06,965.4,0.4695,144.44,190.02,28.89,317.77,1.3156,0.0514,4.4134,2.2728,10.0,0.0,0.0,BENIGN_WEB
22.0099,30.0,10.0,20.0,20051.37,4194.21,15857.16,911.02,1.36,-0.5817,668.38,430.27,40.0,1442.86,702.13,622.26,0.4464,733.66,519.05,146.73,1614.06,0.7075,0.0459,4.9221,2.8396,12.0,0.0,0.0,BENIGN_WEB
29.0256,71.0,28.0,43.0,70585.73,13003.16,57582.57,2431.84,2.45,-0.6316,994.17,517.07,218.57,1500.0,1070.3,1017.79,0.3633,408.81,340.41,81.76,899.38,0.8327,0.0752,4.3452,2.532,15.0,0.0,0.0,BENIGN_WEB
15.0176,80.0,40.0,40.0,20636.12,14991.65,5644.47,1374.13,5.33,0.453,257.95,65.75,159.33,376.3,219.28,235.3,0.1864,126.96,45.76,25.39,279.32,0.3604,0.506,3.1932,4.4575,52.0,1.0,0.0,DOH_DATA_TUNNEL
19.7646,61.0,17.0,44.0,43655.29,5421.74,38233.56,2208.76,3.09,-0.7516,715.66,521.4,40.0,1500.0,699.81,777.43,0.2261,324.01,489.0,64.8,712.82,1.5092,0.0893,4.6493,2.1585,13.0,0.0,0.0,BENIGN_WEB
10.8537,84.0,27.0,57.0,58009.44,15708.73,42300.71,5344.66,7.74,-0.4584,690.59,431.86,42.8,1467.94,786.5,612.01,0.1943,129.21,115.22,25.84,284.26,0.8917,0.0508,4.8259,2.1736,20.0,0.0,0.0,BENIGN_WEB
23.0741,66.0,20.0,46.0,52692.72,14062.61,38630.11,2283.63,2.86,-0.4662,798.37,552.79,40.0,1500.0,731.03,804.83,0.5329,349.61,333.55,69.92,769.14,0.9541,0.0183,4.5738,3.0418,21.0,0.0,0.0,BENIGN_WEB
13.7794,156.0,78.0,78.0,36731.99,23326.21,13405.77,2665.72,11.32,0.2701,235.46,53.18,155.69,331.19,240.07,216.31,0.5175,53.95,15.9,10.79,118.68,0.2947,0.6913,3.4399,4.0294,59.0,1.0,0.0,DOH_DATA_TUNNEL
13.3954,24.0,8.0,16.0,15673.85,2987.84,12686.01,1170.09,1.79,-0.6187,653.08,422.41,40.0,1413.42,660.64,658.01,0.6128,558.14,413.21,111.63,1227.91,0.7403,0.0678,4.3677,2.249,9.0,0.0,0.0,BENIGN_WEB
10.8709,65.0,26.0,39.0,43569.6,8251.77,35317.84,4007.91,5.98,-0.6212,670.3,434.7,40.0,1452.76,634.16,753.51,0.4008,167.24,216.62,33.45,367.94,1.2952,0.0409,3.805,2.9526,13.0,0.0,0.0,BENIGN_WEB
26.8397,82.0,26.0,56.0,80405.92,12475.22,67930.71,2995.78,3.06,-0.6897,980.56,509.39,216.47,1500.0,1099.44,913.43,0.4604,327.31,323.21,65.46,720.09,0.9875,0.1043,4.8408,2.4459,20.0,0.0,0.0,BENIGN_WEB
33.5056,120.0,60.0,60.0,28555.25,19242.12,9313.13,852.25,3.58,0.3477,237.96,45.94,169.06,320.64,236.0,219.78,0.6147,177.8,97.62,35.56,391.16,0.549,0.5079,3.477,4.324,55.0,0.0,0.0,DOH_DATA_TUNNEL
7.121,149.0,74.0,75.0,42430.07,25731.38,16698.69,5958.44,20.92,0.2129,284.77,83.93,158.87,435.84,293.89,319.48,0.593,222.99,114.46,44.6,490.59,0.5133,0.6995,3.7857,4.0715,44.0,0.0,0.0,DOH_DATA_TUNNEL
16.6279,164.0,82.0,82.0,46844.53,32507.65,14336.88,2817.22,9.86,0.3879,285.64,84.89,158.3,438.45,256.0,252.95,0.1971,118.23,38.19,23.65,260.12,0.323,0.455,3.5035,4.6421,39.0,1.0,0.0,DOH_DATA_TUNNEL
7.3954,66.0,26.0,40.0,43824.8,5843.46,37981.34,5925.94,8.92,-0.7333,664.01,332.84,164.75,1263.12,657.79,714.95,0.2513,112.05,121.37,22.41,246.51,1.0831,0.0245,3.8752,2.1531,20.0,0.0,0.0,BENIGN_WEB
52.8651,1157.0,1010.0,147.0,1626012.45,1501473.71,124538.75,30757.74,21.89,0.8468,1405.37,164.38,1158.8,1500.0,1261.41,1256.21,0.2125,30.46,9.52,6.09,67.01,0.3124,0.1218,2.0944,3.0564,29.0,1.0,0.0,DATA_EXFILTRATION
23.4917,741.0,620.0,121.0,1061324.03,999279.76,62044.26,45178.7,31.54,0.8831,1432.29,211.09,1115.65,1500.0,1470.86,1319.48,0.4528,42.85,22.34,8.57,94.26,0.5214,0.2114,1.9455,2.9502,16.0,1.0,1.0,DATA_EXFILTRATION
14.1794,59.0,16.0,43.0,40508.01,6623.35,33884.66,2856.82,4.16,-0.673,686.58,425.94,47.66,1453.27,789.05,784.99,0.2948,240.33,414.61,48.07,528.72,1.7252,0.1056,4.8835,2.1111,17.0,0.0,0.0,BENIGN_WEB
29.3594,75.0,24.0,51.0,46935.35,4556.88,42378.47,1598.65,2.55,-0.8058,625.8,366.98,75.34,1286.36,624.54,630.03,0.6115,391.46,612.44,78.29,861.21,1.5645,0.0592,4.5319,3.0818,10.0,0.0,0.0,BENIGN_WEB
33.9692,712.0,615.0,97.0,909044.17,838611.29,70432.88,26760.84,20.96,0.845,1276.75,234.74,924.64,1500.0,1239.7,1125.34,0.4884,15.61,8.12,3.12,34.34,0.5203,0.139,2.8568,3.1565,24.0,0.0,0.0,DATA_EXFILTRATION
6.243,26.0,8.0,18.0,16258.74,3877.33,12381.41,2604.32,4.16,-0.523,625.34,408.83,40.0,1361.24,586.38,640.06,0.4289,240.12,293.57,48.02,528.25,1.2226,0.1139,4.8202,2.5012,10.0,0.0,0.0,BENIGN_WEB
11.7767,25.0,10.0,15.0,25133.93,5383.32,19750.62,2134.2,2.12,-0.5716,1005.36,474.4,293.75,1500.0,924.96,916.35,0.3637,471.07,544.22,94.21,1036.35,1.1553,0.1156,4.9363,2.2735,9.0,0.0,0.0,BENIGN_WEB
24.157,78.0,28.0,50.0,64861.62,10038.23,54823.39,2685.0,3.23,-0.6905,831.56,330.18,336.29,1425.89,739.22,859.45,0.5936,309.71,370.04,61.94,681.35,1.1948,0.0292,4.2367,2.2857,8.0,0.0,0.0,BENIGN_WEB
13.745,50.0,19.0,31.0,53579.73,7706.64,45873.09,3898.12,3.64,-0.7123,1071.59,536.45,266.92,1500.0,974.04,1080.82,0.3623,274.9,452.76,54.98,604.78,1.647,0.1319,3.7171,2.7719,15.0,0.0,0.0,BENIGN_WEB
19.4424,15.0,4.0,11.0,15949.33,3911.3,12038.03,820.34,0.77,-0.5095,1063.29,547.88,241.47,1500.0,1049.58,907.88,0.5606,1296.16,1393.62,259.23,2851.55,1.0752,0.0196,4.2521,2.1352,19.0,0.0,0.0,BENIGN_WEB
11.3254,82.0,27.0,55.0,85441.63,13348.71,72092.92,7544.22,7.24,-0.6875,1041.97,442.39,378.39,1500.0,993.17,891.61,0.3114,138.12,124.85,27.62,303.85,0.9039,0.1014,4.2832,2.7603,13.0,0.0,0.0,BENIGN_WEB
15.1168,1314.0,1063.0,251.0,1650642.23,1514401.67,136240.56,109192.91,86.92,0.8349,1256.2,149.61,1031.78,1500.0,1164.0,1263.72,0.6056,46.44,18.49,9.29,102.16,0.3981,0.1826,2.7623,3.6358,20.0,1.0,0.0,DATA_EXFILTRATION
53.8012,409.0,332.0,77.0,528288.39,506061.61,22226.79,9819.26,7.6,0.9159,1291.66,204.78,984.49,1500.0,1397.71,1238.73,0.5459,17.36,4.39,3.47,38.19,0.2531,0.2152,2.2207,3.4114,28.0,1.0,0.0,DATA_EXFILTRATION
13.8569,39.0,19.0,20.0,10620.52,6467.11,4153.41,766.44,2.81,0.2179,272.32,69.97,167.37,398.27,266.11,265.42,0.5074,106.14,25.35,21.23,233.51,0.2388,0.68,3.1951,4.5277,36.0,1.0,0.0,DOH_DATA_TUNNEL
6.6508,114.0,57.0,57.0,49575.57,33488.28,16087.29,7454.11,17.14,0.351,434.87,44.69,367.83,515.32,373.8,414.06,0.5855,146.98,67.01,29.4,323.36,0.4559,0.6754,3.2614,4.1976,40.0,0.0,0.0,DOH_DATA_TUNNEL
28.1949,84.0,42.0,42.0,20088.07,14622.73,5465.34,712.47,2.98,0.4559,239.14,37.57,182.78,306.77,228.55,243.77,0.3597,62.44,30.57,12.49,137.37,0.4896,0.4477,3.2821,4.4127,35.0,0.0,0.0,DOH_DATA_TUNNEL
10.1794,78.0,26.0,52.0,71055.07,15582.08,55472.99,6980.25,7.66,-0.5614,910.96,532.39,112.37,1500.0,800.06,998.72,0.4674,130.51,189.32,26.1,287.11,1.4507,0.0245,3.8691,2.1279,15.0,0.0,0.0,BENIGN_WEB
29.5623,52.0,26.0,26.0,23466.68,15973.52,7493.16,793.8,1.76,0.3614,451.28,51.9,373.44,544.7,417.09,494.02,0.3093,88.04,26.96,17.61,193.68,0.3062,0.4702,3.4762,4.5977,43.0,0.0,0.0,DOH_DATA_TUNNEL
20.2582,105.0,52.0,53.0,31350.6,18722.55,12628.05,1547.55,5.18,0.1944,298.58,52.56,219.74,393.18,290.22,308.21,0.4707,91.57,25.48,18.31,201.46,0.2782,0.4283,3.9884,4.14,42.0,0.0,0.0,DOH_DATA_TUNNEL
2.9539,65.0,22.0,43.0,48728.26,12904.62,35823.64,16496.12,22.0,-0.4703,749.67,538.94,40.0,1500.0,649.95,823.13,0.5383,45.44,60.77,9.09,99.98,1.3371,0.0581,4.0053,2.9399,14.0,0.0,0.0,BENIGN_WEB
38.1928,137.0,68.0,69.0,57559.46,34081.27,23478.19,1507.08,3.59,0.1842,420.14,80.93,298.75,565.81,442.44,416.1,0.6131,103.31,47.77,20.66,227.27,0.4624,0.4835,3.775,4.0047,43.0,0.0,0.0,DOH_DATA_TUNNEL
7.2098,45.0,17.0,28.0,34579.28,5005.21,29574.08,4796.15,6.24,-0.7105,768.43,368.93,215.03,1432.5,842.46,663.16,0.3926,160.22,177.6,32.04,352.48,1.1085,0.0486,3.6842,2.9514,17.0,0.0,0.0,BENIGN_WEB
25.0504,69.0,28.0,41.0,53177.29,8048.27,45129.02,2122.81,2.75,-0.6973,770.69,539.51,40.0,1500.0,851.34,719.94,0.2783,363.05,389.81,72.61,798.71,1.0737,0.0335,4.9702,2.5789,19.0,0.0,0.0,BENIGN_WEB
24.4039,59.0,18.0,41.0,42677.31,8331.12,34346.19,1748.79,2.42,-0.6096,723.34,542.96,40.0,1500.0,809.24,764.24,0.2636,413.63,441.08,82.73,909.98,1.0664,0.0116,4.1479,2.2375,21.0,0.0,0.0,BENIGN_WEB
33.0838,143.0,71.0,72.0,39575.96,22685.1,16890.86,1196.24,4.32,0.1464,276.75,75.48,163.54,412.62,303.41,281.68,0.5662,141.89,36.2,28.38,312.16,0.2551,0.549,3.6849,4.5471,35.0,1.0,0.0,DOH_DATA_TUNNEL
9.3808,438.0,343.0,95.0,551606.16,534202.53,17403.63,58801.6,46.69,0.9369,1259.37,242.03,896.32,1500.0,1276.8,1079.7,0.2558,21.32,11.22,4.26,46.91,0.5263,0.1357,2.3826,3.3881,20.0,0.0,0.0,DATA_EXFILTRATION
38.2876,78.0,39.0,39.0,25025.67,16857.78,8167.89,653.62,2.04,0.3472,320.84,42.2,257.54,396.8,360.95,351.58,0.3735,188.04,92.78,37.61,413.68,0.4934,0.4665,3.539,4.5849,59.0,0.0,0.0,DOH_DATA_TUNNEL
4.9603,44.0,14.0,30.0,29459.47,7073.72,22385.75,5939.04,8.87,-0.5198,669.53,387.25,88.66,1366.58,663.12,693.65,0.5946,112.73,135.31,22.55,248.02,1.2002,0.0599,4.8916,2.6692,12.0,0.0,0.0,BENIGN_WEB
15.9224,29.0,12.0,17.0,18599.25,3016.35,15582.89,1168.12,1.82,-0.6756,641.35,521.44,40.0,1500.0,575.88,687.67,0.4416,549.05,582.78,109.81,1207.9,1.0614,0.127,4.2994,2.1281,12.0,0.0,0.0,BENIGN_WEB
28.0264,73.0,22.0,51.0,54219.33,12776.21,41443.12,1934.58,2.6,-0.5287,742.73,359.67,203.22,1390.14,694.7,849.4,0.6056,383.92,277.5,76.78,844.63,0.7228,0.1277,4.1102,2.995,20.0,0.0,0.0,BENIGN_WEB
16.0273,125.0,62.0,63.0,45472.43,26716.11,18756.32,2837.19,7.8,0.175,363.78,51.3,286.83,456.12,380.8,392.62,0.192,52.87,24.2,10.57,116.32,0.4578,0.4895,3.1304,4.429,34.0,1.0,0.0,DOH_DATA_TUNNEL
32.9732,120.0,60.0,60.0,35837.34,22582.31,13255.03,1086.86,3.64,0.2603,298.64,62.73,204.55,411.56,264.29,301.89,0.4934,47.95,15.12,9.59,105.5,0.3154,0.6221,3.5296,4.4001,50.0,0.0,0.0,DOH_DATA_TUNNEL
15.5833,84.0,42.0,42.0,31232.52,23097.88,8134.64,2004.23,5.39,0.4791,371.82,79.36,252.78,514.66,385.91,419.85,0.3413,196.19,88.13,39.24,431.61,0.4492,0.5159,3.9636,4.3872,31.0,1.0,0.0,DOH_DATA_TUNNEL
30.3863,21.0,6.0,15.0,16388.8,1615.77,14773.02,539.35,0.69,-0.8028,780.42,401.25,178.54,1500.0,749.41,803.84,0.2514,1446.97,1411.21,289.39,3183.33,0.9753,0.0397,4.924,2.1329,8.0,0.0,0.0,BENIGN_WEB
11.444,75.0,29.0,46.0,50930.51,9514.15,41416.35,4450.4,6.55,-0.6264,679.07,481.81,40.0,1500.0,743.31,771.03,0.3807,152.59,112.0,30.52,335.69,0.734,0.0161,4.5868,2.9719,19.0,0.0,0.0,BENIGN_WEB
33.9401,393.0,328.0,65.0,528926.89,477913.9,51012.99,15584.15,11.58,0.8071,1345.87,166.74,1095.76,1500.0,1188.66,1261.15,0.5861,37.99,15.4,7.6,83.58,0.4055,0.2437,2.4353,3.2901,22.0,1.0,1.0,DATA_EXFILTRATION
23.6076,950.0,786.0,164.0,1308372.13,1196401.93,111970.21,55421.62,40.24,0.8288,1377.23,173.79,1116.54,1500.0,1508.41,1222.87,0.2349,39.97,18.53,7.99,87.94,0.4635,0.1885,2.0283,3.6336,16.0,1.0,0.0,DATA_EXFILTRATION
7.3428,568.0,446.0,122.0,773782.89,714539.4,59243.48,105379.39,77.35,0.8469,1362.29,137.94,1155.38,1500.0,1420.49,1374.86,0.2429,46.16,19.65,9.23,101.55,0.4257,0.1373,1.9181,2.9328,29.0,0.0,0.0,DATA_EXFILTRATION
23.8412,57.0,20.0,37.0,56918.34,11392.15,45526.19,2387.4,2.39,-0.5997,998.57,428.17,356.32,1500.0,1073.64,1141.27,0.5799,418.27,588.89,83.65,920.19,1.4079,0.1351,3.7342,3.0416,10.0,0.0,0.0,BENIGN_WEB
19.7636,15.0,5.0,10.0,10582.43,1396.44,9185.98,535.45,0.76,-0.7361,705.5,524.15,40.0,1500.0,768.27,736.29,0.4789,1317.57,951.55,263.51,2898.66,0.7222,0.0538,4.9777,2.4114,15.0,0.0,0.0,BENIGN_WEB
6.6878,678.0,554.0,124.0,890764.33,871415.43,19348.9,133192.26,101.38,0.9566,1313.81,269.71,909.25,1500.0,1242.56,1229.89,0.5814,44.42,16.19,8.88,97.72,0.3644,0.1624,2.2698,3.1797,26.0,0.0,0.0,DATA_EXFILTRATION
24.0791,47.0,15.0,32.0,41665.15,8577.67,33087.48,1730.35,1.95,-0.5883,886.49,514.3,115.04,1500.0,834.87,823.52,0.261,512.32,441.37,102.46,1127.1,0.8615,0.0416,5.0583,2.4197,12.0,0.0,0.0,BENIGN_WEB
8.7836,178.0,89.0,89.0,67105.43,38635.65,28469.78,7639.88,20.27,0.1515,377.0,81.33,254.99,523.4,416.92,343.21,0.2952,88.84,21.7,17.77,195.44,0.2443,0.4457,3.1565,4.4355,32.0,0.0,0.0,DOH_DATA_TUNNEL
15.5129,124.0,62.0,62.0,31040.3,20019.03,11021.27,2000.93,7.99,0.2899,250.32,83.21,125.5,400.11,252.94,255.31,0.5043,48.45,23.77,9.69,106.6,0.4906,0.6703,3.885,4.5105,42.0,0.0,0.0,DOH_DATA_TUNNEL
30.8903,30.0,8.0,22.0,23289.68,3495.1,19794.59,753.95,0.97,-0.6999,776.32,358.73,238.23,1422.04,743.42,869.81,0.5775,1029.68,1017.28,205.94,2265.29,0.988,0.1062,4.2899,2.422,11.0,0.0,0.0,BENIGN_WEB
28.8486,95.0,47.0,48.0,35368.71,19818.43,15550.28,1226.01,3.29,0.1207,372.3,65.79,273.61,490.73,331.54,322.74,0.5443,177.45,88.93,35.49,390.38,0.5012,0.7149,3.82,4.3398,51.0,1.0,0.0,DOH_DATA_TUNNEL
18.9431,21.0,8.0,13.0,20676.53,3698.21,16978.31,1091.51,1.11,-0.6423,984.6,574.43,122.96,1500.0,893.13,1038.33,0.5604,902.05,1505.29,180.41,1984.51,1.6687,0.0826,4.3461,2.3718,13.0,0.0,0.0,BENIGN_WEB
19.9706,48.0,19.0,29.0,39728.13,3784.21,35943.91,1989.33,2.4,-0.8095,827.67,482.13,104.48,1500.0,799.06,791.65,0.4097,416.05,674.93,83.21,915.32,1.6222,0.0487,4.9997,3.01,15.0,0.0,0.0,BENIGN_WEB
2.3603,81.0,29.0,52.0,64754.19,9513.0,55241.19,27434.88,34.32,-0.7062,799.43,567.06,40.0,1500.0,875.32,757.08,0.3034,29.14,43.45,5.83,64.11,1.4912,0.0686,4.3997,2.2035,11.0,0.0,0.0,BENIGN_WEB
28.8351,70.0,23.0,47.0,45789.57,10621.83,35167.75,1587.98,2.43,-0.5361,654.14,490.51,40.0,1500.0,626.12,562.14,0.1825,411.93,378.92,82.39,906.25,0.9199,0.1246,4.522,2.8111,19.0,0.0,0.0,BENIGN_WEB
17.5814,438.0,360.0,78.0,595137.07,557263.49,37873.58,33850.45,24.91,0.8727,1358.76,205.98,1049.79,1500.0,1304.95,1173.65,0.2919,10.57,3.09,2.11,23.26,0.2921,0.2537,2.3103,3.4109,24.0,0.0,0.0,DATA_EXFILTRATION
36.4495,737.0,603.0,134.0,1055324.39,1035000.13,20324.26,28953.08,20.22,0.9615,1431.92,246.57,1062.06,1500.0,1481.81,1505.11,0.3609,41.69,26.4,8.34,91.72,0.6331,0.173,2.2558,3.3345,27.0,0.0,0.0,DATA_EXFILTRATION
20.8093,541.0,494.0,47.0,755405.19,679246.46,76158.73,36301.24,26.0,0.7984,1396.31,256.28,1011.9,1500.0,1456.43,1400.72,0.5071,26.68,15.49,5.34,58.69,0.5805,0.1227,2.3616,3.8403,20.0,0.0,0.0,DATA_EXFILTRATION
8.057,59.0,23.0,36.0,58299.0,6656.09,51642.91,7235.81,7.32,-0.7717,988.12,359.71,448.55,1500.0,1074.71,1105.73,0.5389,136.56,190.18,27.31,300.43,1.3927,0.0618,3.7382,2.2409,16.0,0.0,0.0,BENIGN_WEB
29.7945,53.0,16.0,37.0,48938.83,9520.41,39418.42,1642.55,1.78,-0.6109,923.37,493.38,183.31,1500.0,1032.06,1058.78,0.55,562.16,489.05,112.43,1236.75,0.8699,0.0259,4.6511,2.5181,14.0,0.0,0.0,BENIGN_WEB
5.1517,32.0,12.0,20.0,20514.08,3879.72,16634.36,3982.01,6.21,-0.6218,641.06,469.22,40.0,1485.65,729.9,727.18,0.3274,160.99,186.11,32.2,354.18,1.156,0.0667,4.6036,2.2353,17.0,0.0,0.0,BENIGN_WEB
36.7155,87.0,43.0,44.0,29514.69,18818.45,10696.23,803.87,2.37,0.2752,339.25,63.49,244.01,453.54,379.54,311.28,0.4169,94.54,23.43,18.91,207.98,0.2478,0.6928,3.4158,4.1251,61.0,0.0,0.0,DOH_DATA_TUNNEL
23.3798,174.0,87.0,87.0,64743.43,36559.57,28183.86,2769.2,7.44,0.1294,372.09,48.02,300.05,458.53,397.19,364.14,0.186,218.43,85.29,43.69,480.54,0.3905,0.503,3.8268,4.0672,44.0,0.0,0.0,DOH_DATA_TUNNEL
8.2396,61.0,24.0,37.0,39088.76,10361.75,28727.0,4744.02,7.4,-0.4698,640.8,397.56,44.45,1356.41,610.88,619.8,0.5373,135.08,152.84,27.02,297.17,1.1315,0.1329,4.1008,2.8741,19.0,0.0,0.0,BENIGN_WEB
8.8185,29.0,11.0,18.0,22408.8,3805.34,18603.46,2541.11,3.29,-0.6604,772.72,338.81,264.5,1382.58,866.83,827.35,0.3908,304.09,274.25,60.82,668.99,0.9019,0.1179,4.8737,2.8202,14.0,0.0,0.0,BENIGN_WEB
46.013,1435.0,1292.0,143.0,1798285.66,1765188.15,33097.51,39082.15,31.19,0.9632,1253.16,217.38,927.09,1500.0,1289.62,1081.14,0.2275,17.62,6.33,3.52,38.76,0.3592,0.2443,1.9782,3.4156,22.0,1.0,0.0,DATA_EXFILTRATION
26.04,26.0,7.0,19.0,21165.7,4850.93,16314.77,812.82,1.0,-0.5416,814.07,491.44,76.9,1500.0,902.35,860.28,0.1858,1001.54,1081.11,200.31,2203.38,1.0795,0.1159,4.0687,2.1615,19.0,0.0,0.0,BENIGN_WEB
15.3252,61.0,20.0,41.0,53914.83,12436.36,41478.47,3518.06,3.98,-0.5387,883.85,560.71,42.79,1500.0,1001.96,841.24,0.5869,251.23,262.18,50.25,552.71,1.0436,0.0266,4.3645,2.3628,18.0,0.0,0.0,BENIGN_WEB
28.1039,39.0,19.0,20.0,12523.3,8593.42,3929.89,445.61,1.39,0.3724,321.11,57.76,234.47,425.08,321.99,322.97,0.5502,187.45,103.07,37.49,412.39,0.5499,0.6285,3.2477,3.8674,35.0,1.0,0.0,DOH_DATA_TUNNEL
17.318,22.0,8.0,14.0,16225.12,3923.75,12301.38,936.89,1.27,-0.5163,737.51,400.32,137.02,1458.09,695.39,773.72,0.4664,787.18,824.48,157.44,1731.8,1.0474,0.0811,4.8204,2.7011,11.0,0.0,0.0,BENIGN_WEB
33.7633,906.0,824.0,82.0,1168610.13,1104186.61,64423.52,34611.81,26.83,0.8897,1289.86,238.59,931.97,1500.0,1480.76,1347.61,0.5122,23.14,12.73,4.63,50.91,0.5501,0.2743,1.9973,3.3699,17.0,1.0,0.0,DATA_EXFILTRATION
37.8464,159.0,79.0,80.0,42907.1,27574.71,15332.4,1133.72,4.2,0.2853,269.86,54.43,188.22,367.82,284.51,262.66,0.3902,133.93,34.03,26.79,294.64,0.2541,0.5613,3.5452,3.9053,58.0,1.0,0.0,DOH_DATA_TUNNEL
16.6003,168.0,84.0,84.0,49635.35,37322.61,12312.74,2990.03,10.12,0.5039,295.45,70.65,189.48,422.61,276.48,270.83,0.4017,208.85,56.19,41.77,459.47,0.269,0.5679,4.0217,4.2842,61.0,0.0,0.0,DOH_DATA_TUNNEL
25.8504,62.0,31.0,31.0,18739.68,12994.16,5745.53,724.93,2.4,0.3868,302.25,69.99,197.27,428.23,263.76,297.55,0.2365,178.71,69.53,35.74,393.16,0.3891,0.4918,3.1836,4.1773,45.0,0.0,0.0,DOH_DATA_TUNNEL
28.6156,75.0,26.0,49.0,65866.25,17370.61,48495.63,2301.76,2.62,-0.4725,878.22,445.68,209.7,1500.0,993.1,969.67,0.4089,381.54,317.01,76.31,839.39,0.8309,0.0548,4.4605,2.3553,19.0,0.0,0.0,BENIGN_WEB
24.2845,94.0,47.0,47.0,37495.07,28137.96,9357.12,1543.99,3.87,0.5009,398.88,82.97,274.43,548.23,359.98,381.41,0.4855,177.83,98.09,35.57,391.23,0.5516,0.5436,3.6223,4.4978,34.0,0.0,0.0,DOH_DATA_TUNNEL
14.2858,84.0,33.0,51.0,84516.18,12205.96,72310.22,5916.09,5.88,-0.7112,1006.14,560.56,165.3,1500.0,957.78,1075.43,0.2261,170.07,131.66,34.01,374.15,0.7741,0.0433,4.8869,2.903,13.0,0.0,0.0,BENIGN_WEB
4.9144,55.0,21.0,34.0,53033.52,6224.7,46808.82,10791.37,11.19,-0.7653,964.25,411.71,346.68,1500.0,977.81,1017.5,0.604,89.35,134.27,17.87,196.58,1.5027,0.0888,3.7282,2.8578,21.0,0.0,0.0,BENIGN_WEB
34.9571,174.0,87.0,87.0,65164.46,45149.34,20015.13,1864.13,4.98,0.3857,374.51,60.68,283.49,483.73,383.32,383.45,0.4893,237.3,112.81,47.46,522.05,0.4754,0.5862,3.7115,3.9879,30.0,1.0,0.0,DOH_DATA_TUNNEL
27.2785,79.0,32.0,47.0,74510.68,17241.74,57268.94,2731.48,2.9,-0.5372,943.17,556.66,108.18,1500.0,996.68,1080.44,0.2605,345.3,413.25,69.06,759.65,1.1968,0.0662,3.994,2.8028,18.0,0.0,0.0,BENIGN_WEB
15.4516,120.0,60.0,60.0,30354.76,22227.45,8127.31,1964.51,7.77,0.4645,252.96,36.56,198.12,318.76,279.57,232.22,0.4543,112.18,50.02,22.44,246.8,0.4459,0.5986,3.5546,4.1465,50.0,0.0,0.0,DOH_DATA_TUNNEL
29.4962,32.0,8.0,24.0,31553.64,4926.69,26626.95,1069.75,1.08,-0.6877,986.05,346.23,466.71,1500.0,1087.18,845.25,0.2595,921.76,1586.2,184.35,2027.86,1.7208,0.0103,4.0489,2.5261,21.0,0.0,0.0,BENIGN_WEB
24.2146,105.0,52.0,53.0,28471.54,20682.44,7789.1,1175.8,4.34,0.4528,271.16,37.3,215.2,338.3,275.73,294.29,0.5502,51.74,14.0,10.35,113.83,0.2706,0.5921,3.7987,4.031,36.0,1.0,0.0,DOH_DATA_TUNNEL
29.7653,74.0,37.0,37.0,26725.36,17984.41,8740.95,897.87,2.49,0.3459,361.15,42.42,297.52,437.51,355.91,345.08,0.5172,101.17,41.72,20.23,222.58,0.4124,0.5438,3.4836,4.481,40.0,0.0,0.0,DOH_DATA_TUNNEL
20.1174,43.0,16.0,27.0,42486.02,5085.9,37400.11,2111.91,2.14,-0.7606,988.05,536.39,183.46,1500.0,1100.99,1062.86,0.4672,467.85,806.99,93.57,1029.26,1.7249,0.0753,4.8925,3.0333,9.0,0.0,0.0,BENIGN_WEB
32.4419,175.0,87.0,88.0,74557.92,51216.5,23341.41,2298.2,5.39,0.3739,426.05,56.96,340.6,528.58,489.6,469.54,0.4725,145.84,35.14,29.17,320.85,0.2409,0.617,3.91,4.0933,59.0,0.0,0.0,DOH_DATA_TUNNEL
15.7455,62.0,21.0,41.0,59722.59,12860.04,46862.55,3793.0,3.94,-0.5693,963.27,527.18,172.5,1500.0,907.89,878.46,0.4671,253.96,295.8,50.79,558.71,1.1647,0.0842,4.9908,2.3099,11.0,0.0,0.0,BENIGN_WEB
31.9084,775.0,616.0,159.0,1028285.28,1015428.63,12856.65,32226.15,24.29,0.975,1326.82,185.92,1047.94,1500.0,1226.75,1312.83,0.3302,29.39,10.95,5.88,64.66,0.3724,0.1823,2.0829,3.5476,25.0,0.0,0.0,DATA_EXFILTRATION
23.5076,59.0,20.0,39.0,39125.67,3803.86,35321.81,1664.38,2.51,-0.8056,663.15,457.75,40.0,1487.09,702.44,588.71,0.5201,398.43,412.86,79.69,876.56,1.0362,0.0737,4.2166,3.0269,12.0,0.0,0.0,BENIGN_WEB
8.3981,22.0,6.0,16.0,20062.26,3330.6,16731.66,2388.9,2.62,-0.668,911.92,444.0,245.93,1500.0,878.44,1029.88,0.3127,381.73,437.9,76.35,839.81,1.1471,0.1169,5.0795,2.1796,10.0,0.0,0.0,BENIGN_WEB
18.0551,55.0,22.0,33.0,53395.32,11077.27,42318.05,2957.35,3.05,-0.5851,970.82,516.24,196.46,1500.0,968.08,912.67,0.1859,328.28,250.73,65.66,722.21,0.7638,0.0631,4.5815,3.027,15.0,0.0,0.0,BENIGN_WEB
13.8053,1063.0,977.0,86.0,1392001.57,1324830.43,67171.15,100830.75,77.0,0.9035,1309.5,141.66,1097.01,1500.0,1456.9,1438.48,0.201,29.46,13.03,5.89,64.82,0.4422,0.2586,2.3706,3.3206,25.0,0.0,1.0,DATA_EXFILTRATION
47.3938,365.0,316.0,49.0,484078.68,439429.36,44649.32,10213.97,7.7,0.8155,1326.24,231.68,978.72,1500.0,1432.64,1210.59,0.6085,42.96,10.98,8.59,94.52,0.2556,0.2349,2.6669,3.8139,22.0,0.0,0.0,DATA_EXFILTRATION
16.0718,37.0,15.0,22.0,33883.02,9749.58,24133.44,2108.23,2.3,-0.4245,915.76,349.24,391.9,1500.0,796.11,823.97,0.35,434.37,722.24,86.87,955.62,1.6627,0.0199,4.1353,2.6183,8.0,0.0,0.0,BENIGN_WEB
22.3974,67.0,20.0,47.0,68305.28,12538.98,55766.3,3049.7,2.99,-0.6329,1019.48,516.32,245.01,1500.0,1076.84,1103.49,0.2998,334.29,236.6,66.86,735.44,0.7078,0.0751,3.7195,2.6739,20.0,0.0,0.0,BENIGN_WEB
8.5921,55.0,18.0,37.0,41373.94,5740.01,35633.93,4815.33,6.4,-0.7225,752.25,369.45,198.08,1417.26,680.21,652.3,0.3036,156.22,233.18,31.24,343.69,1.4926,0.0429,4.9451,2.1591,18.0,0.0,0.0,BENIGN_WEB
31.8737,35.0,14.0,21.0,31490.87,3813.21,27677.66,987.99,1.1,-0.7578,899.74,492.99,160.25,1500.0,875.53,985.29,0.3441,910.68,1036.54,182.14,2003.49,1.1382,0.033,4.18,2.3142,9.0,0.0,0.0,BENIGN_WEB
14.5343,38.0,11.0,27.0,27315.02,6576.84,20738.18,1879.34,2.61,-0.5184,718.82,343.52,203.54,1337.15,653.94,695.23,0.3581,382.48,422.83,76.5,841.46,1.1055,0.016,3.9545,2.1798,21.0,0.0,0.0,BENIGN_WEB
24.5091,59.0,19.0,40.0,37203.07,7310.3,29892.78,1517.93,2.41,-0.607,630.56,542.83,40.0,1500.0,563.82,594.48,0.4814,415.41,423.65,83.08,913.9,1.0198,0.0382,3.783,2.4212,12.0,0.0,0.0,BENIGN_WEB
21.4374,38.0,11.0,27.0,33258.05,4845.1,28412.96,1551.4,1.77,-0.7086,875.21,472.02,167.18,1500.0,985.25,822.07,0.5975,564.14,419.18,112.83,1241.12,0.743,0.1101,4.305,2.7915,17.0,0.0,0.0,BENIGN_WEB
28.9393,50.0,16.0,34.0,45748.18,11376.72,34371.47,1580.83,1.73,-0.5026,914.96,446.93,244.56,1500.0,856.92,893.25,0.6011,578.79,604.62,115.76,1273.33,1.0446,0.045,4.3769,2.364,14.0,0.0,0.0,BENIGN_WEB
7.5485,1462.0,1288.0,174.0,1934782.32,1728294.04,206488.28,256311.82,193.68,0.7866,1323.38,114.46,1151.69,1500.0,1284.42,1264.51,0.439,13.66,8.22,2.73,30.05,0.602,0.122,2.2218,3.6137,27.0,1.0,1.0,DATA_EXFILTRATION
32.1705,78.0,39.0,39.0,23949.37,14211.28,9738.09,744.45,2.42,0.1868,307.04,64.16,210.8,422.54,327.95,279.72,0.2586,145.43,34.84,29.09,319.94,0.2396,0.5769,3.9163,4.1814,56.0,0.0,0.0,DOH_DATA_TUNNEL
20.4044,123.0,61.0,62.0,51408.2,33800.87,17607.33,2519.47,6.03,0.315,417.95,53.13,338.26,513.58,369.46,368.76,0.6124,52.9,12.59,10.58,116.38,0.2379,0.4857,3.9888,4.0708,35.0,0.0,0.0,DOH_DATA_TUNNEL
31.528,58.0,29.0,29.0,22235.65,13055.86,9179.79,705.27,1.84,0.1743,383.37,44.54,316.56,463.55,400.19,377.77,0.4807,178.54,51.06,35.71,392.8,0.286,0.6228,3.3234,4.4342,38.0,1.0,0.0,DOH_DATA_TUNNEL
38.9706,140.0,70.0,70.0,55054.09,38223.44,16830.65,1412.71,3.59,0.3886,393.24,78.17,275.99,533.95,371.04,365.72,0.5665,187.71,81.87,37.54,412.95,0.4362,0.7195,3.9196,4.627,45.0,0.0,0.0,DOH_DATA_TUNNEL
14.7824,52.0,26.0,26.0,23128.12,13374.68,9753.43,1564.57,3.52,0.1566,444.77,67.46,343.57,566.21,380.46,402.36,0.3945,159.48,59.11,31.9,350.86,0.3706,0.6124,3.8605,4.1054,35.0,0.0,0.0,DOH_DATA_TUNNEL
33.1375,1231.0,988.0,243.0,1776790.18,1594433.98,182356.2,53618.76,37.15,0.7947,1443.37,181.17,1171.61,1500.0,1234.81,1608.82,0.211,40.0,11.1,8.0,87.99,0.2776,0.2589,2.404,3.3528,28.0,1.0,0.0,DATA_EXFILTRATION
2.9295,30.0,8.0,22.0,23355.11,3751.31,19603.8,7972.25,10.24,-0.6788,778.5,357.5,242.26,1421.99,829.8,801.48,0.5721,97.65,137.13,19.53,214.83,1.4043,0.1285,4.3755,2.6971,17.0,0.0,0.0,BENIGN_WEB
25.4479,57.0,18.0,39.0,41323.47,10452.37,30871.09,1623.84,2.24,-0.4941,724.97,428.54,82.16,1496.34,693.86,625.27,0.3218,446.45,613.63,89.29,982.2,1.3744,0.1329,3.9179,2.7163,8.0,0.0,0.0,BENIGN_WEB
39.385,169.0,84.0,85.0,56310.82,33108.13,23202.69,1429.75,4.29,0.1759,333.2,82.75,209.08,482.15,368.71,373.1,0.4907,192.56,46.6,38.51,423.63,0.242,0.5391,3.3065,3.8729,31.0,1.0,0.0,DOH_DATA_TUNNEL
14.1004,99.0,49.0,50.0,37712.91,25776.52,11936.39,2674.6,7.02,0.367,380.94,53.62,300.51,477.45,331.26,411.37,0.2889,164.77,49.82,32.95,362.5,0.3024,0.4796,3.2262,4.227,30.0,0.0,0.0,DOH_DATA_TUNNEL
20.1668,124.0,62.0,62.0,35409.6,21148.99,14260.61,1755.83,6.15,0.1945,285.56,69.06,181.97,409.87,254.97,282.07,0.608,163.21,51.68,32.64,359.07,0.3166,0.6431,3.9364,3.9673,35.0,1.0,0.0,DOH_DATA_TUNNEL
8.5073,156.0,78.0,78.0,52247.87,37310.33,14937.54,6141.51,18.34,0.4282,334.92,49.39,260.84,423.82,356.84,378.65,0.523,134.53,75.14,26.91,295.97,0.5585,0.6368,3.4269,4.4692,34.0,0.0,0.0,DOH_DATA_TUNNEL
35.3945,97.0,48.0,49.0,42313.46,30042.18,12271.28,1195.48,2.74,0.42,436.22,70.56,330.38,563.23,495.1,496.82,0.5497,177.85,78.81,35.57,391.27,0.4431,0.7108,3.114,4.1335,33.0,1.0,0.0,DOH_DATA_TUNNEL
27.9585,63.0,24.0,39.0,60090.25,17069.02,43021.22,2149.27,2.25,-0.4319,953.81,452.79,274.64,1500.0,832.92,894.79,0.3286,443.78,518.32,88.76,976.33,1.1679,0.0333,4.8083,3.0433,18.0,0.0,0.0,BENIGN_WEB
51.7713,1077.0,843.0,234.0,1375476.81,1332509.66,42967.15,26568.35,20.8,0.9375,1277.14,213.68,956.61,1500.0,1282.1,1127.3,0.2574,19.99,9.25,4.0,43.98,0.4629,0.22,2.2121,3.7688,15.0,1.0,0.0,DATA_EXFILTRATION
30.3685,17.0,6.0,11.0,16553.74,4781.9,11771.84,545.1,0.56,-0.4223,973.75,391.32,386.78,1500.0,1038.89,964.92,0.5292,1786.38,1265.78,357.28,3930.04,0.7086,0.0912,3.7521,3.093,18.0,0.0,0.0,BENIGN_WEB
14.4459,168.0,84.0,84.0,43224.01,31579.36,11644.65,2992.12,11.63,0.4612,257.29,61.69,164.75,368.33,227.16,255.23,0.3569,163.25,84.65,32.65,359.14,0.5186,0.4592,3.2399,3.9348,54.0,0.0,0.0,DOH_DATA_TUNNEL
29.1209,24.0,8.0,16.0,16588.05,4236.67,12351.37,569.63,0.82,-0.4892,691.17,380.17,120.92,1375.47,682.98,720.28,0.5709,1213.37,1696.58,242.67,2669.42,1.3982,0.1114,4.3658,3.0405,14.0,0.0,0.0,BENIGN_WEB
25.5885,35.0,17.0,18.0,9344.5,5905.21,3439.29,365.18,1.37,0.2639,266.99,41.27,205.09,341.26,280.96,233.6,0.4587,201.69,61.58,40.34,443.72,0.3053,0.6947,3.317,4.6242,60.0,0.0,0.0,DOH_DATA_TUNNEL
27.7642,579.0,505.0,74.0,779943.81,736399.81,43544.0,28091.67,20.85,0.8883,1347.05,180.69,1076.01,1500.0,1538.75,1509.91,0.6023,22.04,12.95,4.41,48.49,0.5876,0.2585,2.6916,3.248,25.0,1.0,0.0,DATA_EXFILTRATION
13.2391,75.0,21.0,54.0,48685.94,8190.7,40495.24,3677.43,5.67,-0.6635,649.15,478.81,40.0,1500.0,588.27,673.95,0.2392,176.52,125.37,35.3,388.35,0.7102,0.0967,4.7811,2.7029,17.0,0.0,0.0,BENIGN_WEB
1.9667,63.0,18.0,45.0,49976.45,5185.42,44791.03,25410.7,32.03,-0.7925,793.28,504.26,40.0,1500.0,843.07,900.58,0.382,31.22,28.87,6.24,68.68,0.9247,0.05,4.0182,2.2873,11.0,0.0,0.0,BENIGN_WEB
11.925,24.0,8.0,16.0,22598.8,3101.23,19497.57,1895.08,2.01,-0.7255,941.62,519.54,162.31,1500.0,921.15,1067.98,0.2388,496.88,364.09,99.38,1093.13,0.7328,0.0268,4.095,2.7269,20.0,0.0,0.0,BENIGN_WEB
27.407,44.0,22.0,22.0,16470.07,11400.63,5069.44,600.94,1.61,0.3844,374.32,73.42,264.19,506.48,366.38,351.6,0.4481,181.25,47.84,36.25,398.75,0.2639,0.5996,3.8951,3.9281,52.0,1.0,0.0,DOH_DATA_TUNNEL
25.5877,41.0,15.0,26.0,31506.44,7178.42,24328.02,1231.31,1.6,-0.5443,768.45,571.67,40.0,1500.0,750.28,717.7,0.2392,624.09,588.06,124.82,1373.0,0.9423,0.0443,4.0887,2.8666,15.0,0.0,0.0,BENIGN_WEB
54.3888,333.0,261.0,72.0,435903.52,388627.48,47276.03,8014.58,6.12,0.7831,1309.02,172.02,1050.98,1500.0,1368.24,1188.5,0.2101,47.44,23.81,9.49,104.36,0.502,0.2231,1.957,3.733,25.0,0.0,0.0,DATA_EXFILTRATION
39.8066,90.0,45.0,45.0,26488.27,16347.76,10140.51,665.42,2.26,0.2343,294.31,38.61,236.39,363.82,275.42,277.56,0.4104,89.77,37.2,17.95,197.48,0.4144,0.4475,3.6824,4.1359,46.0,1.0,0.0,DOH_DATA_TUNNEL
21.1155,25.0,8.0,17.0,20515.01,5837.62,14677.39,971.56,1.18,-0.4309,820.6,479.43,101.45,1500.0,842.72,738.16,0.21,844.62,1383.65,168.92,1858.17,1.6382,0.0563,3.8178,2.5026,12.0,0.0,0.0,BENIGN_WEB
12.6835,92.0,46.0,46.0,39832.37,28230.49,11601.89,3140.48,7.25,0.4175,432.96,59.19,344.18,539.49,414.16,419.89,0.2424,59.55,15.5,11.91,131.0,0.2604,0.6663,3.7596,4.1133,57.0,0.0,0.0,DOH_DATA_TUNNEL
33.1546,56.0,28.0,28.0,17007.88,11277.47,5730.41,512.99,1.69,0.3261,303.71,46.9,233.36,388.14,315.08,303.22,0.3361,167.09,62.92,33.42,367.59,0.3766,0.6802,3.1819,4.2677,38.0,0.0,0.0,DOH_DATA_TUNNEL
6.1809,24.0,7.0,17.0,21730.96,5254.78,16476.18,3515.82,3.88,-0.5164,905.46,549.3,81.51,1500.0,815.41,950.08,0.3637,257.54,425.41,51.51,566.58,1.6518,0.0635,4.54,2.6479,16.0,0.0,0.0,BENIGN_WEB
18.2241,50.0,15.0,35.0,49469.71,9039.21,40430.5,2714.52,2.74,-0.6346,989.39,484.43,262.75,1500.0,1097.04,1081.76,0.2357,364.48,312.41,72.9,801.86,0.8571,0.0188,4.1364,2.2752,11.0,0.0,0.0,BENIGN_WEB
19.9286,83.0,41.0,42.0,25704.87,14526.35,11178.52,1289.85,4.16,0.1302,309.7,67.41,208.59,431.03,287.99,286.28,0.5692,197.79,104.87,39.56,435.14,0.5302,0.715,3.7818,4.1875,31.0,0.0,0.0,DOH_DATA_TUNNEL
12.4564,63.0,17.0,46.0,57945.5,12625.39,45320.12,4651.87,5.06,-0.5642,919.77,545.03,102.22,1500.0,930.15,859.67,0.5411,197.72,322.55,39.54,434.98,1.6313,0.1055,4.0781,3.0732,10.0,0.0,0.0,BENIGN_WEB
43.4171,295.0,266.0,29.0,416065.48,409096.88,6968.6,9582.98,6.79,0.9665,1410.39,120.74,1229.28,1500.0,1364.86,1555.87,0.6092,11.72,3.07,2.34,25.78,0.262,0.1784,2.2756,3.2357,18.0,1.0,0.0,DATA_EXFILTRATION
36.1318,53.0,26.0,27.0,15931.04,11339.27,4591.77,440.91,1.47,0.4235,300.59,84.39,174.01,452.48,280.43,338.44,0.6169,176.13,70.72,35.23,387.48,0.4015,0.475,3.1681,3.8533,51.0,0.0,0.0,DOH_DATA_TUNNEL
7.6966,53.0,15.0,38.0,55563.97,11325.73,44238.24,7219.27,6.89,-0.5923,1048.38,494.34,306.86,1500.0,899.73,892.08,0.2345,145.22,165.35,29.04,319.48,1.1386,0.1224,4.7959,2.6394,12.0,0.0,0.0,BENIGN_WEB
17.7531,69.0,28.0,41.0,62506.63,17951.8,44554.83,3520.89,3.89,-0.4256,905.89,554.16,74.66,1500.0,985.73,885.9,0.3427,257.29,271.16,51.46,566.04,1.0539,0.0504,3.8025,2.6501,8.0,0.0,0.0,BENIGN_WEB
25.4209,27.0,10.0,17.0,25806.07,6085.59,19720.48,1015.15,1.06,-0.5284,955.78,371.93,397.89,1500.0,995.59,1014.0,0.3464,941.51,1393.83,188.3,2071.33,1.4804,0.1051,3.9233,2.3516,18.0,0.0,0.0,BENIGN_WEB
31.4789,46.0,15.0,31.0,30745.54,3888.07,26857.46,976.7,1.46,-0.7471,668.38,329.21,174.56,1260.97,764.56,668.71,0.397,684.32,1053.77,136.86,1505.51,1.5399,0.0709,4.3767,3.0796,12.0,0.0,0.0,BENIGN_WEB
29.233,111.0,55.0,56.0,47050.35,35378.13,11672.22,1609.49,3.8,0.5038,423.88,35.14,371.17,487.13,439.86,444.64,0.197,111.85,64.86,22.37,246.07,0.5799,0.4346,3.3763,4.3854,33.0,1.0,0.0,DOH_DATA_TUNNEL
30.0006,102.0,51.0,51.0,25297.07,18725.01,6572.05,843.22,3.4,0.4804,248.01,54.09,166.87,345.38,247.19,282.18,0.2863,64.34,18.57,12.87,141.55,0.2886,0.4564,4.0555,4.4152,38.0,0.0,0.0,DOH_DATA_TUNNEL
25.8682,76.0,30.0,46.0,48500.67,9929.26,38571.41,1874.92,2.94,-0.5906,638.17,528.78,40.0,1500.0,593.31,553.23,0.3166,340.37,246.12,68.07,748.82,0.7231,0.056,3.7002,2.1573,15.0,0.0,0.0,BENIGN_WEB
7.494,71.0,28.0,43.0,66651.16,12828.46,53822.7,8893.89,9.47,-0.6151,938.75,547.89,116.91,1500.0,1010.91,1012.26,0.5891,105.55,135.27,21.11,232.21,1.2815,0.0827,4.6258,3.0851,11.0,0.0,0.0,BENIGN_WEB
15.2999,28.0,8.0,20.0,27851.64,8020.76,19830.87,1820.38,1.83,-0.424,994.7,572.37,136.14,1500.0,1008.33,1059.74,0.2881,546.42,908.21,109.28,1202.13,1.6621,0.1358,4.9375,2.2871,14.0,0.0,0.0,BENIGN_WEB
36.5625,1431.0,1159.0,272.0,1954380.92,1806295.96,148084.96,53453.22,39.14,0.8485,1365.74,148.68,1142.72,1500.0,1333.93,1294.9,0.3191,13.55,6.94,2.71,29.8,0.5123,0.1305,2.5031,3.1763,21.0,0.0,0.0,DATA_EXFILTRATION
30.4745,67.0,27.0,40.0,50093.79,12713.25,37380.54,1643.79,2.2,-0.4924,747.67,419.68,118.15,1500.0,703.86,831.83,0.2401,454.84,613.89,90.97,1000.66,1.3497,0.0353,3.6263,2.5713,15.0,0.0,0.0,BENIGN_WEB
31.2022,49.0,14.0,35.0,42941.91,5810.18,37131.73,1376.25,1.57,-0.7294,876.37,473.31,166.4,1500.0,800.81,747.7,0.4358,636.78,1054.74,127.36,1400.91,1.6564,0.0991,4.3829,2.7709,19.0,0.0,0.0,BENIGN_WEB
18.9833,789.0,680.0,109.0,970399.62,939663.85,30735.77,51118.52,41.56,0.9367,1229.91,241.08,868.28,1500.0,1164.24,1199.6,0.4712,46.48,24.37,9.3,102.25,0.5243,0.2618,2.5847,3.6301,22.0,0.0,0.0,DATA_EXFILTRATION
10.6978,69.0,20.0,49.0,62656.37,17913.38,44742.99,5856.92,6.45,-0.4282,908.06,562.52,64.28,1500.0,839.09,952.46,0.3309,155.04,251.9,31.01,341.09,1.6247,0.1242,4.4285,2.8917,14.0,0.0,0.0,BENIGN_WEB
23.7023,157.0,78.0,79.0,51309.42,38171.24,13138.18,2164.74,6.62,0.4879,326.81,80.52,206.03,471.75,311.13,325.53,0.4171,237.96,54.98,47.59,523.51,0.2311,0.5849,3.2345,4.0339,43.0,0.0,0.0,DOH_DATA_TUNNEL
13.6282,71.0,35.0,36.0,17078.63,12321.37,4757.26,1253.18,5.21,0.4429,240.54,63.31,145.57,354.51,211.92,215.47,0.6192,82.69,35.5,16.54,181.93,0.4293,0.4845,3.4233,4.4854,59.0,0.0,0.0,DOH_DATA_TUNNEL
7.6887,103.0,51.0,52.0,29653.24,21637.98,8015.26,3856.75,13.4,0.4594,287.9,77.3,171.95,427.03,295.13,297.07,0.248,235.23,130.45,47.05,517.51,0.5546,0.6847,3.2582,3.8625,47.0,0.0,0.0,DOH_DATA_TUNNEL
10.4883,80.0,31.0,49.0,58742.82,8334.48,50408.34,5600.81,7.63,-0.7162,734.29,575.32,40.0,1500.0,781.58,750.12,0.5663,131.1,98.24,26.22,288.43,0.7493,0.078,3.9558,2.8435,20.0,0.0,0.0,BENIGN_WEB
39.3469,1436.0,1314.0,122.0,1822302.64,1772172.15,50130.49,46313.79,36.5,0.945,1269.01,150.84,1042.75,1500.0,1343.4,1294.86,0.46,12.33,7.54,2.47,27.12,0.6115,0.2082,2.0465,3.0741,21.0,1.0,0.0,DATA_EXFILTRATION
51.4325,1195.0,1019.0,176.0,1664764.8,1552976.88,111787.93,32367.95,23.23,0.8657,1393.11,230.51,1047.35,1500.0,1366.35,1567.84,0.5397,34.25,13.21,6.85,75.34,0.3857,0.1789,2.2626,3.2849,18.0,1.0,0.0,DATA_EXFILTRATION
6.9137,33.0,11.0,22.0,33553.27,4169.79,29383.47,4853.13,4.77,-0.7515,1016.77,458.67,328.76,1500.0,1147.89,998.36,0.5197,209.51,181.15,41.9,460.92,0.8647,0.0709,4.1478,2.8564,18.0,0.0,0.0,BENIGN_WEB
15.1891,138.0,69.0,69.0,39124.13,29204.4,9919.73,2575.8,9.09,0.4929,283.51,80.07,163.41,427.63,269.45,241.29,0.4767,139.08,70.99,27.82,305.98,0.5104,0.4919,3.9733,3.8564,35.0,1.0,0.0,DOH_DATA_TUNNEL
17.8022,59.0,21.0,38.0,45449.34,12257.05,33192.28,2553.02,3.31,-0.4606,770.33,549.25,40.0,1500.0,817.81,800.38,0.5154,301.73,348.05,60.35,663.81,1.1535,0.0695,3.9477,2.567,9.0,0.0,0.0,BENIGN_WEB
15.8005,411.0,334.0,77.0,536370.68,512204.56,24166.12,33946.49,26.01,0.9099,1305.04,230.42,959.41,1500.0,1480.31,1131.78,0.3014,45.13,29.04,9.03,99.29,0.6435,0.1492,2.2909,3.7479,16.0,1.0,0.0,DATA_EXFILTRATION
24.8057,137.0,68.0,69.0,60265.46,39462.76,20802.69,2429.5,5.52,0.3096,439.89,56.47,355.19,541.54,478.97,485.62,0.4052,203.54,56.71,40.71,447.8,0.2786,0.6978,3.8781,3.8675,30.0,0.0,0.0,DOH_DATA_TUNNEL
4.1359,81.0,31.0,50.0,57952.06,7788.31,50163.75,14012.03,19.58,-0.7312,715.46,417.06,89.86,1466.17,626.03,761.19,0.2769,51.06,70.93,10.21,112.33,1.3891,0.0565,4.9484,2.2746,8.0,0.0,0.0,BENIGN_WEB
24.3674,16.0,5.0,11.0,13233.29,2094.98,11138.31,543.07,0.66,-0.6834,827.08,431.78,179.41,1500.0,764.35,794.38,0.5241,1522.96,1211.32,304.59,3350.52,0.7954,0.0737,3.9974,2.3876,18.0,0.0,0.0,BENIGN_WEB
26.5288,46.0,13.0,33.0,29070.88,5556.82,23514.06,1095.82,1.73,-0.6177,631.98,522.16,40.0,1500.0,717.51,645.06,0.525,576.71,814.43,115.34,1268.77,1.4122,0.0682,4.0581,2.8419,10.0,0.0,0.0,BENIGN_WEB
20.3033,29.0,8.0,21.0,26137.21,5960.11,20177.1,1287.34,1.43,-0.5439,901.28,455.5,218.03,1500.0,1011.39,949.3,0.4381,700.11,1118.07,140.02,1540.25,1.597,0.0244,3.7722,2.4578,20.0,0.0,0.0,BENIGN_WEB
15.2597,62.0,22.0,40.0,39479.98,4535.3,34944.67,2587.21,4.06,-0.7702,636.77,578.4,40.0,1500.0,698.65,732.07,0.4752,246.12,327.21,49.22,541.47,1.3295,0.0643,4.0179,2.1919,21.0,0.0,0.0,BENIGN_WEB
42.3686,351.0,314.0,37.0,499741.3,458555.26,41186.04,11795.08,8.28,0.8352,1423.76,135.06,1221.18,1500.0,1417.94,1518.97,0.3795,14.55,8.82,2.91,32.01,0.6065,0.1676,2.8358,2.9263,14.0,1.0,0.0,DATA_EXFILTRATION
35.9753,72.0,36.0,36.0,23709.29,13505.72,10203.57,659.04,2.0,0.1393,329.3,39.95,269.37,401.21,342.84,339.48,0.1897,92.97,44.0,18.59,204.54,0.4733,0.422,3.2145,3.9134,50.0,1.0,0.0,DOH_DATA_TUNNEL
22.0662,73.0,27.0,46.0,45920.22,12195.65,33724.57,2081.02,3.31,-0.4688,629.04,396.55,40.0,1342.84,622.59,674.04,0.4385,302.28,483.16,60.46,665.01,1.5984,0.0845,4.7307,3.0465,12.0,0.0,0.0,BENIGN_WEB
4.0133,48.0,17.0,31.0,44491.78,6309.12,38182.65,11085.95,11.96,-0.7164,926.91,578.9,58.57,1500.0,1011.6,1001.31,0.3261,83.61,131.75,16.72,183.95,1.5758,0.0697,4.2922,2.6616,19.0,0.0,0.0,BENIGN_WEB
6.2464,18.0,6.0,12.0,12864.33,2671.51,10192.82,2059.49,2.88,-0.5847,714.69,437.15,58.96,1500.0,785.99,759.54,0.2105,347.02,277.51,69.4,763.45,0.7997,0.1097,3.9002,2.3229,18.0,0.0,0.0,BENIGN_WEB
21.8175,80.0,23.0,57.0,67321.26,16788.73,50532.52,3085.65,3.67,-0.5012,841.52,365.65,293.04,1499.69,959.88,731.51,0.3313,272.72,251.34,54.54,599.98,0.9216,0.067,4.4114,2.6599,13.0,0.0,0.0,BENIGN_WEB
29.3137,66.0,25.0,41.0,64556.53,13411.58,51144.95,2202.26,2.25,-0.5845,978.13,354.84,445.86,1500.0,874.09,968.26,0.4799,444.15,563.09,88.83,977.12,1.2678,0.0157,4.5012,2.5832,19.0,0.0,0.0,BENIGN_WEB
14.1837,1069.0,959.0,110.0,1410014.64,1386696.79,23317.85,99410.94,75.37,0.9669,1319.0,222.36,985.47,1500.0,1449.73,1379.87,0.5858,35.18,16.37,7.04,77.4,0.4652,0.2237,2.6345,3.3944,25.0,0.0,0.0,DATA_EXFILTRATION
6.0975,79.0,39.0,40.0,30003.27,18214.09,11789.19,4920.62,12.96,0.2141,379.79,53.37,299.73,475.86,354.38,420.2,0.3384,128.39,54.75,25.68,282.45,0.4264,0.5307,3.9521,4.4704,41.0,0.0,0.0,DOH_DATA_TUNNEL
25.1142,49.0,24.0,25.0,20793.26,14547.62,6245.64,827.95,1.95,0.3993,424.35,69.22,320.51,548.96,415.13,455.94,0.2082,71.84,31.6,14.37,158.04,0.4399,0.5878,4.0574,4.2094,36.0,0.0,0.0,DOH_DATA_TUNNEL
15.0547,26.0,8.0,18.0,21059.27,5670.05,15389.22,1398.85,1.73,-0.4615,809.97,460.16,119.73,1500.0,693.43,849.34,0.3532,579.03,709.07,115.81,1273.86,1.2246,0.1196,4.2606,2.7967,15.0,0.0,0.0,BENIGN_WEB
29.8066,55.0,21.0,34.0,53316.17,8309.36,45006.81,1788.73,1.85,-0.6883,969.38,484.93,241.99,1500.0,852.82,865.8,0.6054,541.94,779.31,108.39,1192.27,1.438,0.0657,3.9899,2.1306,14.0,0.0,0.0,BENIGN_WEB
32.5088,56.0,28.0,28.0,23178.53,15221.0,7957.52,712.99,1.72,0.3134,413.9,62.32,320.43,526.07,387.36,436.7,0.5235,58.13,13.21,11.63,127.88,0.2273,0.5459,3.1215,4.2968,49.0,0.0,0.0,DOH_DATA_TUNNEL
37.0832,51.0,25.0,26.0,21045.77,12073.12,8972.65,567.53,1.38,0.1473,412.66,54.22,331.33,510.26,376.33,400.97,0.3992,65.52,33.98,13.1,144.15,0.5186,0.5189,3.5053,4.248,34.0,1.0,0.0,DOH_DATA_TUNNEL
19.9456,83.0,27.0,56.0,89323.68,15858.23,73465.45,4478.37,4.16,-0.6449,1076.19,471.21,369.38,1500.0,1183.83,918.4,0.5626,240.31,343.83,48.06,528.68,1.4308,0.1045,4.0098,2.375,14.0,0.0,0.0,BENIGN_WEB
26.207,33.0,10.0,23.0,22694.99,3213.41,19481.58,865.99,1.26,-0.7168,687.73,401.76,85.09,1410.9,783.29,608.84,0.2479,794.15,1072.13,158.83,1747.13,1.35,0.1218,4.8628,2.7167,18.0,0.0,0.0,BENIGN_WEB
12.2142,33.0,12.0,21.0,27784.47,2527.87,25256.6,2274.76,2.7,-0.818,841.95,516.57,67.1,1500.0,918.47,941.47,0.379,370.13,416.26,74.03,814.28,1.1246,0.0906,4.709,2.9307,18.0,0.0,0.0,BENIGN_WEB
19.6133,20.0,5.0,15.0,18947.17,2700.6,16246.56,966.04,1.02,-0.7149,947.36,503.93,191.47,1500.0,1054.21,958.62,0.4589,980.66,1714.68,196.13,2157.46,1.7485,0.0169,4.5683,3.0695,19.0,0.0,0.0,BENIGN_WEB
22.504,68.0,27.0,41.0,70371.98,19847.66,50524.32,3127.09,3.02,-0.4359,1034.88,533.73,234.29,1500.0,1056.91,1185.27,0.287,330.94,344.38,66.19,728.07,1.0406,0.0478,4.8971,2.8495,12.0,0.0,0.0,BENIGN_WEB
24.1309,40.0,13.0,27.0,33286.28,8666.01,24620.27,1379.4,1.66,-0.4793,832.16,333.04,332.59,1431.63,866.73,904.61,0.549,603.27,769.85,120.65,1327.2,1.2761,0.0818,4.1863,3.0728,15.0,0.0,0.0,BENIGN_WEB
28.1972,16.0,4.0,12.0,13317.04,2871.16,10445.88,472.28,0.57,-0.5688,832.31,335.4,329.21,1436.04,784.79,747.43,0.4823,1762.32,1477.46,352.46,3877.11,0.8384,0.1181,4.001,2.3634,17.0,0.0,0.0,BENIGN_WEB
4.6642,15.0,4.0,11.0,9711.31,2191.06,7520.24,2082.1,3.22,-0.5488,647.42,543.07,40.0,1500.0,740.11,701.72,0.1998,310.95,332.95,62.19,684.08,1.0708,0.1124,4.0068,2.5598,11.0,0.0,0.0,BENIGN_WEB
18.1275,245.0,193.0,52.0,332660.46,313972.5,18687.96,18351.1,13.52,0.8876,1357.8,186.55,1077.97,1500.0,1469.11,1291.61,0.1984,26.17,14.15,5.23,57.57,0.5409,0.1787,2.687,3.2331,29.0,0.0,0.0,DATA_EXFILTRATION
9.7118,42.0,21.0,21.0,15012.17,8845.51,6166.65,1545.77,4.32,0.1784,357.43,66.59,257.54,477.3,379.69,408.48,0.5878,65.49,33.89,13.1,144.07,0.5175,0.4994,3.7884,4.4846,40.0,0.0,0.0,DOH_DATA_TUNNEL
40.9515,135.0,67.0,68.0,60892.28,42767.34,18124.94,1486.94,3.3,0.4047,451.05,67.74,349.45,572.98,410.89,463.51,0.5626,140.66,35.7,28.13,309.45,0.2538,0.5727,4.0625,4.1278,60.0,0.0,0.0,DOH_DATA_TUNNEL
28.2319,105.0,52.0,53.0,25432.4,16513.54,8918.86,900.84,3.72,0.2986,242.21,67.09,141.57,362.98,229.01,209.48,0.2285,66.23,28.89,13.25,145.7,0.4362,0.4467,3.9324,3.9019,34.0,0.0,0.0,DOH_DATA_TUNNEL
13.0549,19.0,7.0,12.0,17838.37,4546.79,13291.59,1366.42,1.46,-0.4902,938.86,376.65,373.88,1500.0,841.16,1053.92,0.3026,687.1,535.75,137.42,1511.62,0.7797,0.1043,4.2766,2.9404,14.0,0.0,0.0,BENIGN_WEB
23.725,123.0,61.0,62.0,53359.41,29988.23,23371.17,2249.08,5.18,0.124,433.82,55.17,351.06,533.13,401.33,483.27,0.4411,93.76,46.94,18.75,206.27,0.5007,0.5822,3.2179,4.4056,54.0,1.0,0.0,DOH_DATA_TUNNEL
8.2736,133.0,66.0,67.0,58806.83,39682.06,19124.77,7107.75,16.08,0.3496,442.16,57.76,355.51,546.13,418.9,485.67,0.4833,69.98,36.52,14.0,153.95,0.5218,0.4678,3.1518,4.5928,52.0,0.0,0.0,DOH_DATA_TUNNEL
48.7525,1281.0,1046.0,235.0,1657627.92,1559286.4,98341.52,34000.89,26.28,0.8813,1294.01,156.37,1059.46,1500.0,1261.16,1481.35,0.4856,47.49,15.46,9.5,104.48,0.3255,0.2116,2.1868,2.9834,14.0,1.0,0.0,DATA_EXFILTRATION
26.3913,126.0,63.0,63.0,34055.95,20523.5,13532.45,1290.42,4.77,0.2053,270.29,72.25,161.9,400.34,254.79,286.62,0.4936,94.83,22.95,18.97,208.63,0.242,0.4929,3.1496,4.5216,50.0,0.0,0.0,DOH_DATA_TUNNEL
28.8321,17.0,5.0,12.0,13362.67,2292.13,11070.54,463.46,0.59,-0.6569,786.04,403.81,180.32,1500.0,888.02,731.38,0.437,1696.01,2259.93,339.2,3731.22,1.3325,0.0363,3.673,2.8033,9.0,0.0,0.0,BENIGN_WEB
51.568,236.0,191.0,45.0,333331.38,311888.68,21442.7,6463.91,4.58,0.8713,1412.42,181.17,1140.67,1500.0,1203.31,1304.12,0.2365,37.79,21.39,7.56,83.15,0.5659,0.2327,1.9387,3.4544,15.0,1.0,1.0,DATA_EXFILTRATION
22.6074,28.0,11.0,17.0,29763.45,4362.68,25400.77,1316.53,1.24,-0.7068,1062.98,568.09,210.84,1500.0,942.47,948.78,0.4671,807.41,1397.76,161.48,1776.3,1.7312,0.0565,4.0977,2.7473,21.0,0.0,0.0,BENIGN_WEB
32.1947,81.0,40.0,41.0,33239.78,19093.05,14146.73,1032.46,2.52,0.1488,410.37,67.32,309.39,531.54,380.35,415.87,0.5408,102.05,26.01,20.41,224.5,0.2549,0.4907,3.9466,4.5472,53.0,0.0,0.0,DOH_DATA_TUNNEL
22.0136,174.0,87.0,87.0,40616.97,25489.09,15127.88,1845.09,7.9,0.2551,233.43,41.72,170.86,308.52,260.23,246.5,0.349,163.99,39.13,32.8,360.78,0.2386,0.4914,3.1687,4.1315,31.0,1.0,0.0,DOH_DATA_TUNNEL
11.5403,53.0,26.0,27.0,22129.08,13088.71,9040.37,1917.54,4.59,0.1829,417.53,38.58,359.66,486.97,375.67,401.74,0.3083,164.24,37.2,32.85,361.32,0.2265,0.4615,3.7888,3.9822,34.0,0.0,0.0,DOH_DATA_TUNNEL
34.0267,102.0,51.0,51.0,23842.62,17543.04,6299.58,700.7,3.0,0.4716,233.75,47.64,162.3,319.5,246.45,250.02,0.2269,201.28,99.22,40.26,442.81,0.493,0.72,3.1847,4.5373,45.0,0.0,0.0,DOH_DATA_TUNNEL
13.2765,151.0,75.0,76.0,46409.84,34706.46,11703.38,3495.63,11.37,0.4957,307.35,66.73,207.25,427.47,264.68,317.07,0.4898,112.3,39.44,22.46,247.06,0.3512,0.5702,3.6876,4.135,31.0,1.0,0.0,DOH_DATA_TUNNEL
35.7946,413.0,324.0,89.0,572313.66,528252.91,44060.75,15988.83,11.54,0.846,1385.75,156.86,1150.46,1500.0,1394.75,1284.24,0.5011,38.03,21.87,7.61,83.67,0.575,0.2087,2.5381,3.413,17.0,0.0,0.0,DATA_EXFILTRATION
16.9562,83.0,25.0,58.0,62354.13,12043.09,50311.04,3677.37,4.89,-0.6137,751.25,437.83,94.5,1500.0,785.8,648.8,0.4903,204.29,315.84,40.86,449.44,1.546,0.131,3.8522,3.0903,12.0,0.0,0.0,BENIGN_WEB
14.3358,35.0,10.0,25.0,29086.3,5948.82,23137.48,2028.93,2.44,-0.591,831.04,379.63,261.59,1500.0,921.55,797.76,0.4204,409.59,635.14,81.92,901.11,1.5507,0.0302,4.6426,2.6945,17.0,0.0,0.0,BENIGN_WEB
23.4969,83.0,24.0,59.0,88381.61,10448.62,77932.99,3761.42,3.53,-0.7636,1064.84,425.8,426.13,1500.0,1148.82,1035.2,0.466,283.1,275.0,56.62,622.81,0.9714,0.0189,4.7931,2.131,19.0,0.0,0.0,BENIGN_WEB
31.9747,70.0,35.0,35.0,23773.18,14099.24,9673.95,743.5,2.19,0.1861,339.62,55.36,256.58,439.27,306.3,354.92,0.5899,148.48,56.15,29.7,326.65,0.3782,0.4425,3.6527,4.0269,43.0,0.0,0.0,DOH_DATA_TUNNEL
17.0661,174.0,87.0,87.0,68089.07,49914.74,18174.33,3989.72,10.2,0.4662,391.32,43.94,325.41,470.41,418.15,384.85,0.5531,77.01,44.26,15.4,169.43,0.5747,0.5311,4.0552,4.5135,51.0,0.0,0.0,DOH_DATA_TUNNEL
33.9144,86.0,43.0,43.0,31315.74,17554.1,13761.64,923.38,2.54,0.1211,364.14,64.66,267.14,480.53,406.5,377.58,0.4156,200.61,58.26,40.12,441.34,0.2904,0.5242,3.3199,4.4014,57.0,0.0,0.0,DOH_DATA_TUNNEL
14.894,134.0,67.0,67.0,60593.33,41477.42,19115.91,4068.3,9.0,0.369,452.19,54.96,369.75,551.11,448.5,463.9,0.5123,95.89,42.36,19.18,210.95,0.4418,0.6595,3.8873,4.0538,58.0,0.0,0.0,DOH_DATA_TUNNEL
11.4737,52.0,26.0,26.0,16661.49,10539.29,6122.2,1452.14,4.53,0.2651,320.41,81.99,197.42,468.0,298.1,322.37,0.5644,236.13,60.09,47.23,519.49,0.2545,0.6626,3.55,3.967,34.0,1.0,0.0,DOH_DATA_TUNNEL
31.2502,28.0,8.0,20.0,19604.08,2973.99,16630.09,627.33,0.9,-0.6966,700.15,464.08,40.0,1500.0,599.32,650.61,0.5245,1116.08,1595.45,223.22,2455.37,1.4295,0.0231,4.3178,3.0926,9.0,0.0,0.0,BENIGN_WEB
14.2201,56.0,19.0,37.0,59128.84,6949.65,52179.19,4158.11,3.94,-0.7649,1055.87,427.47,414.67,1500.0,955.49,1013.11,0.2364,253.93,326.04,50.79,558.65,1.284,0.0858,5.0851,2.568,12.0,0.0,0.0,BENIGN_WEB
5.0548,76.0,21.0,55.0,79570.59,14218.54,65352.04,15741.73,15.04,-0.6426,1046.98,445.9,378.14,1500.0,1076.72,1161.03,0.5135,66.51,106.65,13.3,146.32,1.6035,0.0816,4.837,2.1488,9.0,0.0,0.0,BENIGN_WEB
11.0761,914.0,821.0,93.0,1142374.64,1093956.59,48418.05,103138.41,82.52,0.9152,1249.86,251.49,872.63,1500.0,1433.85,1154.63,0.4841,45.11,24.22,9.02,99.24,0.5369,0.1726,2.1751,3.7512,20.0,1.0,0.0,DATA_EXFILTRATION
27.9722,72.0,26.0,46.0,56921.27,5700.5,51220.77,2034.92,2.57,-0.7997,790.57,383.34,215.57,1480.58,785.85,865.16,0.2217,388.5,581.71,77.7,854.71,1.4973,0.1254,4.8894,2.6197,20.0,0.0,0.0,BENIGN_WEB
17.3637,35.0,13.0,22.0,22800.28,2328.69,20471.59,1313.1,2.02,-0.7957,651.44,326.2,162.14,1238.6,692.67,636.57,0.4831,496.1,454.14,99.22,1091.43,0.9154,0.0261,4.5427,2.3329,21.0,0.0,0.0,BENIGN_WEB
11.2064,97.0,48.0,49.0,35825.44,23751.18,12074.27,3196.88,8.66,0.3259,369.33,78.98,250.86,511.5,335.56,362.96,0.3634,58.35,21.52,11.67,128.38,0.3688,0.552,3.6232,4.3231,44.0,0.0,0.0,DOH_DATA_TUNNEL
19.9181,152.0,76.0,76.0,53499.47,31464.0,22035.47,2685.98,7.63,0.1762,351.97,64.41,255.35,467.91,305.26,392.18,0.3231,103.35,40.94,20.67,227.38,0.3962,0.4777,3.861,4.4177,35.0,1.0,0.0,DOH_DATA_TUNNEL
37.8512,139.0,69.0,70.0,39719.34,23811.67,15907.67,1049.35,3.67,0.199,285.75,39.54,226.43,356.93,284.5,265.18,0.3814,74.47,34.38,14.89,163.83,0.4616,0.6765,3.1425,4.5908,38.0,1.0,0.0,DOH_DATA_TUNNEL
24.7496,48.0,24.0,24.0,20171.87,13013.6,7158.27,815.04,1.94,0.2903,420.25,49.54,345.94,509.42,386.21,442.37,0.4604,184.39,41.57,36.88,405.65,0.2254,0.5414,3.6366,3.9812,49.0,0.0,0.0,DOH_DATA_TUNNEL
26.1363,40.0,15.0,25.0,38457.77,6127.1,32330.67,1471.43,1.53,-0.6814,961.44,429.22,317.61,1500.0,1085.53,820.09,0.2502,653.41,922.91,130.68,1437.5,1.4125,0.042,4.8151,3.0186,17.0,0.0,0.0,BENIGN_WEB
19.9513,75.0,25.0,50.0,70036.93,11886.98,58149.95,3510.4,3.76,-0.6606,933.83,348.79,410.65,1500.0,966.59,1000.28,0.3699,266.02,225.65,53.2,585.24,0.8482,0.1089,5.0869,2.5729,21.0,0.0,0.0,BENIGN_WEB
18.2133,155.0,77.0,78.0,50393.56,36163.35,14230.21,2766.85,8.51,0.4352,325.12,51.26,248.23,417.38,288.63,303.3,0.3449,195.68,58.55,39.14,430.5,0.2992,0.5896,3.8877,4.286,58.0,0.0,0.0,DOH_DATA_TUNNEL
12.0607,46.0,23.0,23.0,20635.09,14747.03,5888.06,1710.93,3.81,0.4293,448.59,35.07,395.99,511.71,406.47,402.7,0.4424,212.34,77.49,42.47,467.15,0.3649,0.5049,3.3451,4.47,35.0,0.0,0.0,DOH_DATA_TUNNEL
14.1538,413.0,361.0,52.0,505138.67,499057.76,6080.91,35689.37,29.18,0.9759,1223.1,172.44,964.44,1500.0,1236.59,1093.75,0.2747,45.3,15.79,9.06,99.65,0.3486,0.2207,2.7876,3.2924,26.0,1.0,0.0,DATA_EXFILTRATION
7.6781,159.0,79.0,80.0,42185.89,23818.57,18367.32,5494.3,20.71,0.1292,265.32,40.96,203.88,339.05,252.65,231.38,0.3916,64.15,15.18,12.83,141.14,0.2366,0.6953,3.79,4.0093,38.0,1.0,0.0,DOH_DATA_TUNNEL
36.0604,153.0,76.0,77.0,45449.26,32688.83,12760.44,1260.36,4.24,0.4385,297.05,38.02,240.02,365.49,304.47,333.78,0.2951,180.26,49.12,36.05,396.57,0.2725,0.5997,3.1229,4.0958,42.0,0.0,0.0,DOH_DATA_TUNNEL
30.4384,17.0,6.0,11.0,16696.26,2728.74,13967.52,548.53,0.56,-0.6731,982.13,520.94,200.72,1500.0,1036.51,954.97,0.296,1790.49,2994.99,358.1,3939.09,1.6727,0.0819,4.5534,2.1573,8.0,0.0,0.0,BENIGN_WEB
11.1443,79.0,30.0,49.0,58031.62,15474.99,42556.63,5207.29,7.09,-0.4667,734.58,370.21,179.27,1400.95,785.26,813.07,0.2556,141.07,163.17,28.21,310.35,1.1567,0.0261,4.4416,3.0726,9.0,0.0,0.0,BENIGN_WEB
12.7577,33.0,11.0,22.0,30486.31,3123.14,27363.17,2389.65,2.59,-0.7951,923.83,392.49,335.09,1500.0,1020.53,938.22,0.2214,386.6,559.75,77.32,850.51,1.4479,0.0214,4.0312,2.262,8.0,0.0,0.0,BENIGN_WEB
9.0843,22.0,8.0,14.0,18725.13,4138.65,14586.48,2061.27,2.42,-0.558,851.14,405.47,242.93,1500.0,847.92,750.5,0.3491,412.92,584.38,82.58,908.43,1.4152,0.1353,4.2313,2.9773,13.0,0.0,0.0,BENIGN_WEB
21.8445,63.0,21.0,42.0,39122.67,8484.53,30638.14,1790.96,2.88,-0.5663,620.99,532.04,40.0,1500.0,536.24,588.11,0.5957,346.74,431.3,69.35,762.82,1.2439,0.0399,3.6906,2.5675,19.0,0.0,0.0,BENIGN_WEB
27.7281,82.0,30.0,52.0,79849.54,11026.32,68823.21,2879.73,2.96,-0.7238,973.77,568.25,121.4,1500.0,865.74,996.94,0.3149,338.15,586.99,67.63,743.93,1.7359,0.1311,4.7593,2.3994,10.0,0.0,0.0,BENIGN_WEB
10.4116,165.0,82.0,83.0,60373.4,35408.35,24965.05,5798.68,15.85,0.173,365.9,70.22,260.57,492.3,394.17,343.56,0.3125,207.86,108.51,41.57,457.29,0.522,0.4406,3.2027,4.2672,49.0,0.0,0.0,DOH_DATA_TUNNEL
13.4794,71.0,29.0,42.0,59097.76,9442.39,49655.37,4384.3,5.27,-0.6804,832.36,431.2,185.57,1500.0,767.32,740.27,0.4108,189.85,284.14,37.97,417.67,1.4967,0.1217,4.4917,2.5852,21.0,0.0,0.0,BENIGN_WEB
3.3982,78.0,31.0,47.0,72665.3,8431.82,64233.47,21383.43,22.95,-0.7679,931.61,417.34,305.6,1500.0,870.83,1023.14,0.2244,43.57,38.43,8.71,95.85,0.8821,0.034,4.2568,2.5564,11.0,0.0,0.0,BENIGN_WEB
15.5616,45.0,12.0,33.0,45605.48,7320.46,38285.02,2930.64,2.89,-0.679,1013.46,356.56,478.61,1500.0,1054.46,1033.6,0.2715,345.81,340.49,69.16,760.79,0.9846,0.0562,4.9301,2.6948,18.0,0.0,0.0,BENIGN_WEB
52.1636,861.0,742.0,119.0,1082290.13,985715.24,96574.89,20748.0,16.51,0.8215,1257.02,127.09,1066.38,1485.78,1257.66,1376.82,0.2899,28.95,10.01,5.79,63.69,0.3456,0.2599,2.0632,3.1168,20.0,1.0,0.0,DATA_EXFILTRATION
21.9492,53.0,15.0,38.0,45669.03,9916.86,35752.17,2080.67,2.41,-0.5657,861.68,543.44,46.52,1500.0,922.32,867.3,0.3813,414.14,501.37,82.83,911.1,1.2106,0.0628,4.3441,3.0867,11.0,0.0,0.0,BENIGN_WEB
5.9895,51.0,18.0,33.0,51428.72,5757.46,45671.27,8586.45,8.51,-0.7761,1008.41,568.47,155.7,1500.0,961.67,969.47,0.5834,117.44,106.81,23.49,258.37,0.9095,0.0716,4.2178,3.0681,11.0,0.0,0.0,BENIGN_WEB
29.1331,101.0,50.0,51.0,45772.69,27015.79,18756.9,1571.16,3.47,0.1804,453.19,48.87,379.9,541.15,415.12,467.68,0.3923,187.98,63.5,37.6,413.56,0.3378,0.6806,3.617,4.2009,50.0,0.0,0.0,DOH_DATA_TUNNEL
25.1023,67.0,33.0,34.0,29737.51,20920.72,8816.79,1184.65,2.67,0.407,443.84,56.59,358.96,545.71,484.34,380.81,0.3464,219.81,76.0,43.96,483.58,0.3457,0.6323,3.897,4.5258,38.0,1.0,0.0,DOH_DATA_TUNNEL
5.5836,18.0,6.0,12.0,15862.3,1654.81,14207.48,2840.85,3.22,-0.7914,881.24,446.32,211.76,1500.0,886.86,856.8,0.2724,310.2,500.96,62.04,682.45,1.6149,0.1243,4.8447,2.8134,12.0,0.0,0.0,BENIGN_WEB
29.7559,151.0,138.0,13.0,218584.83,202463.74,16121.09,7345.93,5.07,0.8525,1447.58,128.85,1254.31,1500.0,1372.38,1426.89,0.3669,10.94,2.66,2.19,24.07,0.2427,0.1236,2.5642,3.0733,29.0,0.0,0.0,DATA_EXFILTRATION
10.2843,80.0,28.0,52.0,72528.65,11255.82,61272.83,7052.38,7.78,-0.6896,906.61,443.56,241.27,1500.0,991.46,924.99,0.2804,128.55,93.8,25.71,282.82,0.7297,0.114,4.1332,2.644,11.0,0.0,0.0,BENIGN_WEB
34.6611,81.0,40.0,41.0,30048.66,21679.68,8368.98,866.93,2.34,0.443,370.97,80.3,250.52,515.51,422.49,356.85,0.5355,129.24,67.89,25.85,284.32,0.5253,0.5569,3.1931,4.2812,33.0,0.0,0.0,DOH_DATA_TUNNEL
18.2517,82.0,41.0,41.0,29844.14,20430.39,9413.75,1635.14,4.49,0.3691,363.95,57.21,278.14,466.93,381.91,349.97,0.2684,125.32,31.71,25.06,275.69,0.253,0.7149,3.2441,4.2455,61.0,0.0,0.0,DOH_DATA_TUNNEL
8.2116,23.0,6.0,17.0,17824.14,2121.45,15702.68,2170.61,2.8,-0.762,774.96,393.85,184.19,1483.88,768.96,670.3,0.5753,357.03,352.3,71.41,785.46,0.9868,0.0315,5.0324,2.2093,11.0,0.0,0.0,BENIGN_WEB
34.2788,157.0,78.0,79.0,70686.16,42598.97,28087.19,2062.09,4.58,0.2053,450.23,45.67,381.73,532.43,484.73,499.57,0.5923,225.42,121.48,45.08,495.93,0.5389,0.6704,3.1021,4.4757,51.0,1.0,0.0,DOH_DATA_TUNNEL
9.0712,74.0,37.0,37.0,32831.75,19046.22,13785.53,3619.35,8.16,0.1602,443.67,50.44,368.01,534.46,487.64,483.26,0.4825,139.9,41.99,27.98,307.78,0.3001,0.5278,4.0547,4.4965,42.0,1.0,0.0,DOH_DATA_TUNNEL
15.3513,51.0,18.0,33.0,54746.26,11084.6,43661.66,3566.23,3.32,-0.5951,1073.46,334.8,571.26,1500.0,958.82,1109.28,0.3279,301.01,523.65,60.2,662.21,1.7397,0.0767,4.1622,2.5576,15.0,0.0,0.0,BENIGN_WEB
24.5917,22.0,8.0,14.0,19875.73,4878.1,14997.63,808.23,0.89,-0.5091,903.44,476.28,189.02,1500.0,806.88,938.83,0.5336,1117.8,1195.8,223.56,2459.17,1.0698,0.1329,4.733,2.7944,11.0,0.0,0.0,BENIGN_WEB
9.4983,67.0,18.0,49.0,45964.01,12167.18,33796.83,4839.2,7.05,-0.4706,686.03,494.96,40.0,1500.0,678.68,688.52,0.4427,141.77,146.82,28.35,311.88,1.0357,0.117,3.901,2.4226,12.0,0.0,0.0,BENIGN_WEB
13.7548,72.0,27.0,45.0,74495.27,16413.58,58081.69,5415.95,5.23,-0.5593,1034.66,569.74,180.04,1500.0,1138.36,1014.82,0.2309,191.04,280.01,38.21,420.29,1.4657,0.0251,3.7807,3.0659,9.0,0.0,0.0,BENIGN_WEB
26.8492,19.0,7.0,12.0,18031.81,3659.14,14372.67,671.6,0.71,-0.5941,949.04,376.15,384.81,1500.0,872.37,1086.0,0.2282,1413.11,1339.69,282.62,3108.85,0.948,0.1212,4.9773,2.1191,20.0,0.0,0.0,BENIGN_WEB
4.3405,82.0,25.0,57.0,52713.3,10208.99,42504.31,12144.64,18.89,-0.6127,642.85,534.25,40.0,1500.0,546.77,559.93,0.4917,52.93,82.7,10.59,116.45,1.5624,0.0601,4.3136,2.1083,20.0,0.0,0.0,BENIGN_WEB
18.6491,41.0,13.0,28.0,43953.31,8462.58,35490.72,2356.85,2.2,-0.6149,1072.03,338.09,564.89,1500.0,1053.65,1157.64,0.6026,454.86,436.37,90.97,1000.69,0.9594,0.0317,4.2258,2.2147,20.0,0.0,0.0,BENIGN_WEB
20.0068,59.0,18.0,41.0,43733.55,4236.13,39497.43,2185.93,2.95,-0.8063,741.25,357.06,205.66,1383.95,772.33,653.46,0.5934,339.1,565.56,67.82,746.02,1.6678,0.1225,3.7808,2.9424,16.0,0.0,0.0,BENIGN_WEB
28.2288,1046.0,877.0,169.0,1311096.36,1258353.71,52742.65,46445.31,37.05,0.9195,1253.44,115.87,1079.63,1462.0,1253.16,1316.74,0.2759,46.35,24.38,9.27,101.98,0.526,0.2267,2.4486,3.0514,23.0,1.0,1.0,DATA_EXFILTRATION
11.4692,15.0,5.0,10.0,13549.42,1686.56,11862.86,1181.38,1.31,-0.7511,903.29,434.32,251.81,1500.0,965.58,810.57,0.2969,764.61,1163.88,152.92,1682.15,1.5222,0.102,3.745,2.34,9.0,0.0,0.0,BENIGN_WEB
39.0139,109.0,54.0,55.0,37007.57,22324.12,14683.46,948.57,2.79,0.2065,339.52,79.53,220.22,482.68,292.18,315.2,0.3533,72.7,29.75,14.54,159.94,0.4092,0.5462,3.3338,4.0092,45.0,0.0,0.0,DOH_DATA_TUNNEL
28.0407,67.0,23.0,44.0,57344.87,5208.7,52136.17,2045.06,2.39,-0.8183,855.89,367.72,304.32,1500.0,881.99,784.49,0.5685,418.52,630.72,83.7,920.74,1.507,0.0466,4.9317,2.5448,10.0,0.0,0.0,BENIGN_WEB
31.194,76.0,38.0,38.0,20226.48,13613.05,6613.43,648.41,2.44,0.3461,266.14,62.81,171.92,379.2,227.14,250.77,0.4403,134.24,62.46,26.85,295.32,0.4653,0.671,3.1096,4.4177,61.0,1.0,0.0,DOH_DATA_TUNNEL
8.6218,76.0,31.0,45.0,63033.25,16967.31,46065.94,7310.94,8.81,-0.4616,829.38,463.38,134.31,1500.0,806.68,806.93,0.3093,113.44,166.93,22.69,249.58,1.4715,0.1147,4.0495,2.7233,15.0,0.0,0.0,BENIGN_WEB
28.16,146.0,73.0,73.0,61864.35,38219.92,23644.42,2196.88,5.18,0.2356,423.73,39.71,364.16,495.21,414.95,443.35,0.2567,112.8,26.77,22.56,248.15,0.2373,0.5843,3.5093,4.1808,33.0,0.0,0.0,DOH_DATA_TUNNEL
20.1091,35.0,17.0,18.0,13800.52,9667.94,4132.58,686.28,1.74,0.4011,394.3,50.83,318.05,485.8,436.92,451.94,0.6114,179.16,76.72,35.83,394.15,0.4282,0.5226,3.5765,4.0151,61.0,0.0,0.0,DOH_DATA_TUNNEL
7.9679,41.0,11.0,30.0,41851.93,10831.07,31020.86,5252.54,5.15,-0.4824,1020.78,477.96,303.83,1500.0,951.02,909.28,0.396,194.34,246.97,38.87,427.55,1.2708,0.0508,4.7902,2.2316,9.0,0.0,0.0,BENIGN_WEB
18.4949,723.0,619.0,104.0,1022735.0,954035.32,68699.67,55298.23,39.09,0.8657,1414.57,275.7,1001.02,1500.0,1488.92,1299.4,0.3578,42.87,19.75,8.57,94.31,0.4608,0.2028,2.6291,3.2127,29.0,1.0,0.0,DATA_EXFILTRATION
7.5021,80.0,29.0,51.0,83884.36,21691.14,62193.22,11181.49,10.66,-0.4828,1048.55,357.91,511.68,1500.0,1184.9,1069.49,0.4901,93.78,101.5,18.76,206.31,1.0823,0.0158,4.1046,2.8911,9.0,0.0,0.0,BENIGN_WEB
17.2229,58.0,22.0,36.0,60985.3,8324.79,52660.51,3540.95,3.37,-0.727,1051.47,365.96,502.53,1500.0,992.59,1051.93,0.4195,296.95,416.64,59.39,653.28,1.4031,0.0589,4.3968,2.4145,21.0,0.0,0.0,BENIGN_WEB
15.168,79.0,31.0,48.0,63553.91,12042.4,51511.51,4189.99,5.21,-0.621,804.48,479.98,84.51,1500.0,696.9,867.91,0.4185,192.0,222.55,38.4,422.4,1.1591,0.0506,4.0956,2.2703,21.0,0.0,0.0,BENIGN_WEB
47.7045,1536.0,1270.0,266.0,1995540.96,1792349.87,203191.09,41831.27,32.2,0.7964,1299.18,115.76,1125.54,1500.0,1221.3,1379.15,0.4946,17.05,5.59,3.41,37.52,0.3276,0.1377,2.3976,3.5884,20.0,1.0,0.0,DATA_EXFILTRATION
26.6692,46.0,23.0,23.0,14919.65,10809.88,4109.77,559.43,1.72,0.4491,324.34,54.7,242.29,422.8,344.12,371.17,0.3174,68.01,32.79,13.6,149.61,0.4822,0.5195,3.7579,4.4871,40.0,0.0,0.0,DOH_DATA_TUNNEL
28.5396,1512.0,1389.0,123.0,2186253.77,2121620.71,64633.06,76604.23,52.98,0.9409,1445.94,204.95,1138.52,1500.0,1428.02,1387.15,0.2887,20.62,5.81,4.12,45.36,0.2817,0.1217,2.1281,3.0525,26.0,0.0,1.0,DATA_EXFILTRATION
29.3611,72.0,24.0,48.0,47623.63,6835.9,40787.73,1622.0,2.45,-0.7129,661.44,329.18,167.67,1253.96,735.68,663.76,0.3601,407.79,356.53,81.56,897.14,0.8743,0.1055,4.2749,2.2222,21.0,0.0,0.0,BENIGN_WEB
26.1626,68.0,22.0,46.0,67036.67,10164.63,56872.04,2562.3,2.6,-0.6967,985.83,462.95,291.4,1500.0,1030.96,999.61,0.4212,384.74,506.8,76.95,846.44,1.3172,0.0578,4.4211,2.2516,12.0,0.0,0.0,BENIGN_WEB
14.3451,64.0,19.0,45.0,57388.45,7925.24,49463.21,4000.55,4.46,-0.7238,896.69,508.25,134.32,1500.0,922.35,1027.66,0.4129,224.14,349.39,44.83,493.11,1.5588,0.0166,3.8128,2.2362,15.0,0.0,0.0,BENIGN_WEB
26.7109,50.0,17.0,33.0,53706.33,9273.04,44433.29,2010.66,1.87,-0.6547,1074.13,472.04,366.07,1500.0,1114.73,1229.05,0.2069,534.22,379.23,106.84,1175.28,0.7099,0.1063,4.0744,2.3261,10.0,0.0,0.0,BENIGN_WEB
19.3383,82.0,27.0,55.0,73306.09,7430.97,65875.12,3790.72,4.24,-0.7973,893.98,391.08,307.35,1500.0,967.51,831.81,0.2899,235.83,240.35,47.17,518.83,1.0192,0.0425,3.6375,2.4911,16.0,0.0,0.0,BENIGN_WEB
17.1509,75.0,37.0,38.0,31998.21,18419.21,13578.99,1865.69,4.37,0.1513,426.64,75.56,313.3,562.65,424.21,419.56,0.3875,71.94,35.62,14.39,158.27,0.4951,0.4348,3.6301,3.8796,38.0,0.0,0.0,DOH_DATA_TUNNEL
24.0837,1110.0,968.0,142.0,1386560.83,1349399.75,37161.08,57572.47,46.09,0.9464,1249.15,219.68,919.64,1500.0,1369.54,1356.55,0.2098,45.84,27.69,9.17,100.85,0.6041,0.1341,2.5457,3.8249,19.0,1.0,1.0,DATA_EXFILTRATION
19.6177,1488.0,1163.0,325.0,1986530.56,1840553.98,145976.58,101262.36,75.85,0.853,1335.03,223.88,999.22,1500.0,1532.74,1213.15,0.2591,28.63,16.46,5.73,63.0,0.5748,0.1534,2.1825,2.9255,25.0,1.0,0.0,DATA_EXFILTRATION
14.6946,44.0,18.0,26.0,46644.19,6151.7,40492.49,3174.25,2.99,-0.7362,1060.1,472.15,351.88,1500.0,907.9,1174.95,0.2186,333.97,519.67,66.79,734.73,1.5561,0.0202,4.4516,2.5423,16.0,0.0,0.0,BENIGN_WEB
6.3492,18.0,5.0,13.0,18266.79,4692.08,13574.7,2877.02,2.83,-0.4863,1014.82,348.05,492.75,1500.0,1085.09,1112.73,0.5028,352.73,380.97,70.55,776.01,1.08,0.028,4.4079,2.4657,21.0,0.0,0.0,BENIGN_WEB
15.2833,59.0,17.0,42.0,37163.09,10672.6,26490.49,2431.61,3.86,-0.4256,629.88,518.62,40.0,1500.0,693.46,582.59,0.5193,259.04,208.67,51.81,569.89,0.8056,0.1398,4.0646,2.3381,11.0,0.0,0.0,BENIGN_WEB
49.0981,801.0,680.0,121.0,1074766.07,1057473.89,17292.18,21890.17,16.31,0.9678,1341.78,246.73,971.68,1500.0,1506.36,1361.07,0.509,25.21,9.91,5.04,55.45,0.3933,0.2763,2.8314,3.2655,26.0,0.0,1.0,DATA_EXFILTRATION
10.9189,46.0,16.0,30.0,42758.37,7846.22,34912.15,3915.98,4.21,-0.633,929.53,320.69,448.5,1500.0,916.69,963.98,0.5096,237.37,233.68,47.47,522.21,0.9845,0.0104,4.9533,2.9274,16.0,0.0,0.0,BENIGN_WEB
25.6618,105.0,52.0,53.0,25805.78,16609.83,9195.95,1005.61,4.09,0.2873,245.77,80.1,125.62,389.95,231.94,227.51,0.2262,214.17,107.73,42.83,471.18,0.503,0.6698,3.7764,4.3994,36.0,0.0,0.0,DOH_DATA_TUNNEL
8.4412,47.0,23.0,24.0,11844.04,6886.1,4957.94,1403.12,5.57,0.1628,252.0,43.12,187.33,329.61,253.35,252.9,0.2971,180.84,69.13,36.17,397.86,0.3823,0.6322,3.963,4.0585,45.0,0.0,0.0,DOH_DATA_TUNNEL
22.8682,44.0,12.0,32.0,37057.65,9770.03,27287.62,1620.49,1.92,-0.4727,842.22,398.34,244.7,1500.0,863.0,776.36,0.315,519.73,773.4,103.95,1143.41,1.4881,0.0287,4.1692,2.9147,21.0,0.0,0.0,BENIGN_WEB
8.069,1591.0,1257.0,334.0,2232783.89,1998622.89,234161.0,276711.2,197.17,0.7903,1403.38,122.18,1220.11,1500.0,1307.24,1318.87,0.5078,18.34,5.37,3.67,40.34,0.2927,0.1749,2.8063,3.6766,26.0,1.0,0.0,DATA_EXFILTRATION
24.0723,15.0,4.0,11.0,10262.23,1142.29,9119.94,426.31,0.62,-0.7774,684.15,342.28,170.73,1300.26,718.5,649.13,0.599,1604.82,2001.33,320.96,3530.6,1.2471,0.0564,3.6126,2.849,9.0,0.0,0.0,BENIGN_WEB
38.8484,175.0,87.0,88.0,73298.26,50996.69,22301.57,1886.78,4.5,0.3915,418.85,41.62,356.42,493.76,382.98,388.42,0.5282,237.68,74.99,47.54,522.9,0.3155,0.5206,3.9341,3.8653,33.0,0.0,0.0,DOH_DATA_TUNNEL
8.1545,71.0,35.0,36.0,32289.22,24158.25,8130.97,3959.66,8.71,0.4964,454.78,81.15,333.05,600.85,471.13,427.43,0.4172,84.38,19.02,16.88,185.64,0.2254,0.6576,3.7168,3.9043,47.0,0.0,0.0,DOH_DATA_TUNNEL
14.2713,20.0,8.0,12.0,19644.81,4645.23,14999.58,1376.53,1.4,-0.5271,982.24,368.23,429.9,1500.0,986.98,1020.35,0.5053,713.57,893.71,142.71,1569.84,1.2525,0.1089,3.999,2.9796,19.0,0.0,0.0,BENIGN_WEB
7.6822,30.0,12.0,18.0,23456.04,3100.34,20355.7,3053.29,3.91,-0.7356,781.87,408.76,168.72,1500.0,785.93,723.87,0.4433,256.07,374.68,51.21,563.36,1.4632,0.0166,4.2612,2.1324,16.0,0.0,0.0,BENIGN_WEB
27.7265,165.0,82.0,83.0,70188.58,49923.17,20265.41,2531.47,5.95,0.4225,425.39,57.22,339.55,528.38,455.49,420.99,0.5947,48.54,27.29,9.71,106.79,0.5623,0.6047,3.3625,4.2679,52.0,0.0,0.0,DOH_DATA_TUNNEL
8.7198,48.0,24.0,24.0,20551.72,12104.7,8447.02,2356.89,5.5,0.178,428.16,81.5,305.91,574.86,388.27,460.16,0.3327,124.99,36.27,25.0,274.99,0.2902,0.6336,3.4501,4.4602,55.0,1.0,0.0,DOH_DATA_TUNNEL
28.7786,171.0,85.0,86.0,75937.53,45323.49,30614.04,2638.68,5.94,0.1937,444.08,41.84,381.32,519.39,490.83,426.45,0.1978,198.35,54.01,39.67,436.37,0.2723,0.5895,3.5861,4.0278,48.0,0.0,0.0,DOH_DATA_TUNNEL
48.3346,1379.0,1185.0,194.0,1940001.32,1857856.66,82144.66,40136.92,28.53,0.9153,1406.82,228.75,1063.7,1500.0,1377.03,1447.24,0.4363,40.5,21.46,8.1,89.11,0.5299,0.2226,2.2343,3.0775,23.0,0.0,0.0,DATA_EXFILTRATION
17.9271,91.0,45.0,46.0,36745.04,23498.22,13246.82,2049.69,5.08,0.279,403.79,68.31,301.32,526.76,368.16,409.83,0.5713,230.11,96.06,46.02,506.23,0.4175,0.6761,4.0276,4.5611,51.0,1.0,0.0,DOH_DATA_TUNNEL
23.0999,16.0,5.0,11.0,15725.8,4398.25,11327.54,680.77,0.69,-0.4406,982.86,470.99,276.37,1500.0,886.2,944.78,0.5234,1443.74,1376.54,288.75,3176.24,0.9535,0.0876,3.8803,2.9071,17.0,0.0,0.0,BENIGN_WEB
3.223,57.0,21.0,36.0,46668.34,12492.09,34176.25,14479.93,17.69,-0.4646,818.74,412.5,200.0,1500.0,939.08,867.31,0.3931,56.54,61.82,11.31,124.4,1.0932,0.079,3.6336,2.6047,19.0,0.0,0.0,BENIGN_WEB
28.2757,72.0,36.0,36.0,28800.71,19152.0,9648.71,1018.57,2.55,0.33,400.01,43.84,334.24,478.93,433.42,400.86,0.4086,76.43,25.15,15.29,168.14,0.3291,0.5439,3.5433,4.2561,59.0,1.0,0.0,DOH_DATA_TUNNEL
15.9402,71.0,35.0,36.0,19500.65,14263.16,5237.49,1223.36,4.45,0.4628,274.66,76.39,160.08,412.15,294.0,304.37,0.1965,147.56,66.02,29.51,324.64,0.4474,0.5663,4.0502,4.4732,54.0,0.0,0.0,DOH_DATA_TUNNEL
19.9919,52.0,16.0,36.0,34224.71,5329.12,28895.59,1711.93,2.6,-0.6886,658.17,438.47,40.0,1447.42,609.93,605.86,0.5196,384.46,648.68,76.89,845.81,1.6873,0.1327,4.0293,2.6561,20.0,0.0,0.0,BENIGN_WEB
38.6536,472.0,380.0,92.0,641438.26,592157.54,49280.73,16594.51,12.21,0.8463,1358.98,159.7,1119.44,1500.0,1331.15,1236.09,0.5197,28.93,14.71,5.79,63.65,0.5083,0.1866,2.5035,3.397,24.0,1.0,0.0,DATA_EXFILTRATION
23.5148,52.0,18.0,34.0,53448.52,13697.53,39750.99,2272.97,2.21,-0.4874,1027.86,446.11,358.7,1500.0,1085.32,904.33,0.6174,452.21,774.86,90.44,994.86,1.7135,0.0867,5.0377,2.7067,9.0,0.0,0.0,BENIGN_WEB
40.9013,130.0,65.0,65.0,36658.89,24861.71,11797.18,896.28,3.18,0.3564,281.99,74.69,169.96,416.43,274.38,321.17,0.5787,197.17,63.01,39.43,433.77,0.3196,0.7156,3.3591,4.4182,37.0,1.0,0.0,DOH_DATA_TUNNEL
4.1393,57.0,23.0,34.0,61485.83,12844.25,48641.57,14854.27,13.77,-0.5822,1078.7,422.83,444.46,1500.0,1144.02,1076.27,0.3825,72.62,96.3,14.52,159.76,1.3261,0.1244,3.7807,2.6909,14.0,0.0,0.0,BENIGN_WEB
13.9691,166.0,83.0,83.0,62572.35,41169.74,21402.61,4479.35,11.88,0.3159,376.94,76.42,262.31,514.5,409.6,403.59,0.3229,84.96,41.71,16.99,186.91,0.4909,0.5251,3.9823,4.4015,45.0,1.0,0.0,DOH_DATA_TUNNEL
8.4753,67.0,33.0,34.0,25654.29,17135.59,8518.7,3026.94,7.91,0.3359,382.9,35.47,329.69,446.75,409.24,404.27,0.6188,134.05,46.72,26.81,294.9,0.3486,0.5887,3.7156,4.454,45.0,1.0,0.0,DOH_DATA_TUNNEL
13.8888,27.0,8.0,19.0,24149.77,5303.65,18846.12,1738.79,1.94,-0.5608,894.44,464.75,197.31,1500.0,1028.1,948.79,0.3308,514.4,682.99,102.88,1131.68,1.3277,0.0226,4.8461,2.9429,21.0,0.0,0.0,BENIGN_WEB
36.3374,177.0,88.0,89.0,79777.21,59780.6,19996.61,2195.46,4.87,0.4987,450.72,50.54,374.91,541.69,420.92,429.33,0.1884,231.48,71.44,46.3,509.26,0.3086,0.5897,3.6588,4.5015,45.0,1.0,0.0,DOH_DATA_TUNNEL
31.874,58.0,29.0,29.0,17683.25,12477.82,5205.43,554.79,1.82,0.4113,304.88,66.68,204.87,424.9,327.9,316.75,0.2091,215.6,110.71,43.12,474.31,0.5135,0.4264,3.2871,4.5636,37.0,0.0,0.0,DOH_DATA_TUNNEL
23.6275,787.0,618.0,169.0,1109665.4,988548.88,121116.52,46964.92,33.31,0.7817,1409.99,228.12,1067.82,1500.0,1471.3,1612.0,0.5233,36.31,21.87,7.26,79.89,0.6024,0.1686,2.6141,3.2482,25.0,1.0,0.0,DATA_EXFILTRATION
27.3456,84.0,23.0,61.0,56740.17,10717.38,46022.8,2074.93,3.07,-0.6222,675.48,436.99,40.0,1462.06,733.21,591.94,0.4412,325.54,459.41,65.11,716.2,1.4112,0.0827,4.8164,2.567,16.0,0.0,0.0,BENIGN_WEB
17.0208,68.0,34.0,34.0,24236.84,15142.28,9094.56,1423.95,4.0,0.2495,356.42,37.08,300.8,423.17,373.19,321.51,0.278,46.92,23.63,9.38,103.22,0.5037,0.6903,3.2495,4.2748,32.0,1.0,0.0,DOH_DATA_TUNNEL
20.8172,78.0,22.0,56.0,55795.72,14141.58,41654.14,2680.27,3.75,-0.4931,715.33,552.89,40.0,1500.0,616.94,789.71,0.2427,266.89,326.28,53.38,587.15,1.2225,0.0843,4.0631,3.0268,16.0,0.0,0.0,BENIGN_WEB
31.0508,63.0,19.0,44.0,55229.83,5473.17,49756.66,1778.69,2.03,-0.8018,876.66,365.8,327.96,1500.0,920.12,747.02,0.3748,492.87,771.85,98.57,1084.31,1.566,0.0802,5.0659,2.1382,9.0,0.0,0.0,BENIGN_WEB
24.5576,65.0,20.0,45.0,68001.27,14664.18,53337.1,2769.05,2.65,-0.5687,1046.17,379.88,476.36,1500.0,1011.24,945.17,0.4517,377.81,592.5,75.56,831.18,1.5682,0.0758,5.0992,2.5551,14.0,0.0,0.0,BENIGN_WEB
30.6513,23.0,6.0,17.0,15655.67,1762.02,13893.64,510.77,0.75,-0.7749,680.68,446.11,40.0,1483.67,674.4,607.1,0.5781,1332.67,1256.39,266.53,2931.87,0.9428,0.1197,4.056,2.5854,19.0,0.0,0.0,BENIGN_WEB
24.1822,65.0,21.0,44.0,64551.41,16392.75,48158.66,2669.38,2.69,-0.4921,993.1,376.25,428.72,1500.0,1036.1,930.85,0.2204,372.03,600.5,74.41,818.47,1.6141,0.1251,4.1004,2.4579,8.0,0.0,0.0,BENIGN_WEB
26.4362,80.0,40.0,40.0,31513.46,19943.99,11569.47,1192.06,3.03,0.2657,393.92,60.04,303.86,501.99,358.06,423.98,0.3535,216.09,123.27,43.22,475.4,0.5705,0.4752,3.7312,4.28,39.0,0.0,0.0,DOH_DATA_TUNNEL
9.1569,85.0,42.0,43.0,20932.21,12053.5,8878.7,2285.94,9.28,0.1517,246.26,54.39,164.68,344.16,216.44,248.45,0.5595,73.94,23.27,14.79,162.66,0.3148,0.4993,3.4103,4.4756,61.0,0.0,0.0,DOH_DATA_TUNNEL
25.9203,146.0,73.0,73.0,34415.7,22748.91,11666.8,1327.75,5.63,0.322,235.72,81.74,113.11,382.86,244.81,221.59,0.4679,230.03,115.95,46.01,506.06,0.5041,0.4793,3.1439,4.0114,31.0,0.0,0.0,DOH_DATA_TUNNEL
14.1826,73.0,23.0,50.0,53464.57,12679.73,40784.84,3769.73,5.15,-0.5257,732.39,422.45,98.72,1492.8,772.66,668.32,0.3246,194.28,314.94,38.86,427.42,1.621,0.0198,4.1878,2.2081,17.0,0.0,0.0,BENIGN_WEB
36.3305,1380.0,1233.0,147.0,1926060.49,1788844.68,137215.8,53014.95,37.98,0.8575,1395.7,152.74,1166.59,1500.0,1301.9,1186.76,0.3371,20.05,12.29,4.01,44.1,0.613,0.2422,2.6081,3.1686,14.0,0.0,0.0,DATA_EXFILTRATION
18.6818,41.0,13.0,28.0,42710.15,7134.74,35575.41,2286.19,2.19,-0.6659,1041.71,552.03,213.67,1500.0,1130.99,1157.77,0.3482,455.65,319.39,91.13,1002.44,0.701,0.0617,4.5666,2.8779,18.0,0.0,0.0,BENIGN_WEB
8.5383,39.0,15.0,24.0,28810.11,4607.09,24203.01,3374.21,4.57,-0.6802,738.72,546.62,40.0,1500.0,727.15,635.55,0.3556,218.93,226.17,43.79,481.65,1.033,0.0918,3.9532,2.1808,17.0,0.0,0.0,BENIGN_WEB
6.3593,121.0,60.0,61.0,40258.46,24522.38,15736.08,6330.62,19.03,0.2182,332.71,54.61,250.8,431.01,297.41,322.19,0.3716,204.67,85.26,40.93,450.27,0.4166,0.6047,3.8999,4.6098,41.0,0.0,0.0,DOH_DATA_TUNNEL
41.9472,173.0,86.0,87.0,79156.13,50888.34,28267.79,1887.04,4.12,0.2858,457.55,58.39,369.96,562.65,396.35,421.62,0.3492,55.71,31.37,11.14,122.56,0.5631,0.6975,3.598,3.9159,52.0,1.0,0.0,DOH_DATA_TUNNEL
3.4332,52.0,21.0,31.0,43692.61,12229.11,31463.5,12726.44,15.15,-0.4402,840.24,488.74,107.14,1500.0,767.0,723.06,0.2517,66.02,75.18,13.2,145.25,1.1387,0.134,4.8235,2.1799,20.0,0.0,0.0,BENIGN_WEB
15.0835,99.0,49.0,50.0,43437.94,25146.13,18291.81,2879.83,6.56,0.1578,438.77,69.89,333.93,564.57,453.31,457.79,0.239,152.35,68.25,30.47,335.18,0.448,0.5,3.6136,4.4969,47.0,0.0,0.0,DOH_DATA_TUNNEL
23.403,27.0,10.0,17.0,26348.51,7287.31,19061.2,1125.86,1.15,-0.4469,975.87,420.71,344.81,1500.0,1009.77,884.81,0.4524,866.78,1475.13,173.36,1906.91,1.7019,0.1051,4.4229,2.171,17.0,0.0,0.0,BENIGN_WEB
25.1583,62.0,23.0,39.0,59501.13,10951.46,48549.67,2365.07,2.46,-0.6319,959.7,533.56,159.35,1500.0,938.57,949.34,0.4202,405.78,630.03,81.16,892.71,1.5527,0.0277,4.3964,3.0532,8.0,0.0,0.0,BENIGN_WEB
25.2219,64.0,32.0,32.0,25821.33,15173.49,10647.84,1023.77,2.54,0.1753,403.46,43.21,338.64,481.24,420.91,437.32,0.5471,192.37,56.22,38.47,423.22,0.2922,0.5513,3.7468,4.2876,49.0,1.0,0.0,DOH_DATA_TUNNEL
27.4467,154.0,77.0,77.0,38424.61,26323.92,12100.69,1399.97,5.61,0.3702,249.51,60.19,159.23,357.85,277.0,275.63,0.5831,221.53,91.14,44.31,487.38,0.4114,0.5046,3.4699,4.134,56.0,0.0,0.0,DOH_DATA_TUNNEL
30.5491,71.0,28.0,43.0,75078.39,20580.22,54498.17,2457.63,2.32,-0.4518,1057.44,398.28,460.02,1500.0,1075.39,911.83,0.335,430.27,556.88,86.05,946.59,1.2943,0.0529,4.6685,2.8404,10.0,0.0,0.0,BENIGN_WEB
35.3998,54.0,27.0,27.0,17877.61,12553.11,5324.5,505.02,1.53,0.4043,331.07,42.82,266.84,408.14,361.87,333.89,0.4865,132.46,75.21,26.49,291.42,0.5678,0.5276,3.8797,4.6466,41.0,0.0,0.0,DOH_DATA_TUNNEL
14.0599,71.0,26.0,45.0,56197.53,5825.47,50372.06,3997.0,5.05,-0.7927,791.51,343.78,275.84,1410.32,765.49,854.29,0.2555,198.03,323.67,39.61,435.66,1.6345,0.1,4.6915,2.6499,11.0,0.0,0.0,BENIGN_WEB
17.0861,38.0,14.0,24.0,39257.53,3709.96,35547.57,2297.62,2.22,-0.811,1033.09,406.61,423.18,1500.0,918.37,1123.25,0.5081,449.64,432.44,89.93,989.2,0.9617,0.0637,4.7332,2.6927,18.0,0.0,0.0,BENIGN_WEB
12.7664,80.0,24.0,56.0,75837.14,19826.25,56010.89,5940.36,6.27,-0.4771,947.96,387.4,366.86,1500.0,932.27,921.83,0.5089,159.58,236.08,31.92,351.08,1.4794,0.0325,3.9655,2.7957,16.0,0.0,0.0,BENIGN_WEB
7.758,76.0,26.0,50.0,67247.32,15038.29,52209.02,8668.15,9.8,-0.5527,884.83,369.54,330.52,1500.0,800.83,946.89,0.4962,102.08,114.46,20.42,224.57,1.1213,0.0663,5.0432,2.5307,12.0,0.0,0.0,BENIGN_WEB
1.8878,21.0,7.0,14.0,17981.38,4022.33,13959.06,9525.01,11.12,-0.5526,856.26,537.26,50.37,1500.0,961.86,813.48,0.2702,89.9,99.68,17.98,197.77,1.1088,0.0944,4.1529,2.8493,19.0,0.0,0.0,BENIGN_WEB
13.8299,24.0,9.0,15.0,17547.64,3986.27,13561.38,1268.82,1.74,-0.5457,731.15,448.95,57.73,1500.0,768.5,833.43,0.275,576.25,707.72,115.25,1267.74,1.2282,0.071,4.6897,2.3547,19.0,0.0,0.0,BENIGN_WEB
17.6054,56.0,28.0,28.0,25544.59,18460.49,7084.1,1450.95,3.18,0.4454,456.15,50.68,380.13,547.38,510.07,413.93,0.3178,163.84,38.91,32.77,360.44,0.2375,0.5488,3.1938,3.9822,53.0,1.0,0.0,DOH_DATA_TUNNEL
26.5445,46.0,23.0,23.0,16546.97,9608.37,6938.61,623.37,1.73,0.1613,359.72,40.61,298.8,432.82,332.55,345.52,0.4514,151.6,62.23,30.32,333.53,0.4105,0.6912,3.706,4.2299,42.0,0.0,0.0,DOH_DATA_TUNNEL
14.733,39.0,15.0,24.0,33875.06,9378.09,24496.97,2299.26,2.65,-0.4463,868.59,453.56,188.25,1500.0,763.94,901.83,0.1922,377.77,657.74,75.55,831.09,1.7411,0.122,4.3694,2.6851,16.0,0.0,0.0,BENIGN_WEB
8.9532,74.0,26.0,48.0,61689.19,17680.57,44008.62,6890.21,8.27,-0.4268,833.64,519.96,53.7,1500.0,843.33,827.77,0.2544,120.99,88.55,24.2,266.18,0.7319,0.1123,4.8459,2.3068,14.0,0.0,0.0,BENIGN_WEB
11.1837,102.0,51.0,51.0,27859.23,19855.92,8003.31,2491.06,9.12,0.4254,273.13,64.68,176.11,389.55,246.44,270.94,0.5638,94.78,37.46,18.96,208.52,0.3953,0.512,4.0195,3.9233,46.0,0.0,0.0,DOH_DATA_TUNNEL
27.1901,40.0,20.0,20.0,16741.84,11513.57,5228.27,615.73,1.47,0.3754,418.55,75.23,305.71,553.95,444.11,391.72,0.1931,160.05,82.91,32.01,352.12,0.518,0.7176,4.0009,4.183,61.0,0.0,0.0,DOH_DATA_TUNNEL
11.7762,64.0,32.0,32.0,27116.27,15547.12,11569.15,2302.64,5.43,0.1467,423.69,70.69,317.66,550.92,467.36,401.21,0.5155,138.01,64.5,27.6,303.63,0.4673,0.5454,3.833,3.8937,50.0,1.0,0.0,DOH_DATA_TUNNEL
4.1178,30.0,12.0,18.0,26040.07,6656.76,19383.31,6323.75,7.29,-0.4887,868.0,379.91,298.13,1500.0,992.97,858.71,0.2496,137.26,124.43,27.45,301.97,0.9066,0.0804,4.0394,2.7677,18.0,0.0,0.0,BENIGN_WEB
54.3623,968.0,821.0,147.0,1398669.26,1342827.32,55841.94,25728.65,17.81,0.9201,1444.91,162.74,1200.79,1500.0,1347.65,1633.07,0.3984,40.71,13.3,8.14,89.56,0.3266,0.1802,2.0818,3.299,21.0,1.0,1.0,DATA_EXFILTRATION
25.3293,41.0,20.0,21.0,9703.31,7219.28,2484.03,383.09,1.62,0.488,236.67,38.7,178.61,306.33,228.65,217.24,0.3366,181.03,48.39,36.21,398.27,0.2673,0.6017,3.1646,4.0909,35.0,1.0,0.0,DOH_DATA_TUNNEL
33.9017,59.0,29.0,30.0,14403.04,9168.51,5234.53,424.85,1.74,0.2731,244.12,38.05,187.04,312.61,262.67,258.63,0.6092,212.4,113.74,42.48,467.28,0.5355,0.5733,3.3506,4.1907,32.0,0.0,0.0,DOH_DATA_TUNNEL
25.0805,39.0,12.0,27.0,40484.66,6601.35,33883.31,1614.19,1.55,-0.6739,1038.07,412.31,419.6,1500.0,1182.96,906.28,0.2586,643.09,1062.91,128.62,1414.8,1.6528,0.0989,4.7505,2.6662,17.0,0.0,0.0,BENIGN_WEB
36.9415,155.0,77.0,78.0,64560.53,36189.09,28371.43,1747.64,4.2,0.1211,416.52,37.02,360.99,483.15,445.84,372.43,0.4131,202.61,105.28,40.52,445.74,0.5196,0.5908,3.9423,4.1659,60.0,0.0,0.0,DOH_DATA_TUNNEL
3.8065,40.0,12.0,28.0,26030.8,4047.48,21983.32,6838.57,10.51,-0.689,650.77,384.1,74.62,1342.15,743.04,730.21,0.4515,95.16,94.99,19.03,209.36,0.9982,0.076,4.1272,2.405,12.0,0.0,0.0,BENIGN_WEB
26.9989,50.0,25.0,25.0,16080.93,10730.13,5350.8,595.61,1.85,0.3345,321.62,44.7,254.57,402.08,354.64,345.23,0.4658,136.12,62.69,27.22,299.45,0.4605,0.6738,3.2875,4.5195,41.0,1.0,0.0,DOH_DATA_TUNNEL
9.7743,62.0,18.0,44.0,65107.49,11419.23,53688.26,6661.12,6.34,-0.6492,1050.12,562.02,207.09,1500.0,1106.1,1060.7,0.2276,157.65,156.58,31.53,346.83,0.9932,0.0471,4.6696,2.7174,17.0,0.0,0.0,BENIGN_WEB
17.2289,36.0,18.0,18.0,14859.91,10968.42,3891.5,862.5,2.09,0.4762,412.78,49.8,338.07,502.42,402.25,397.23,0.5719,186.56,63.1,37.31,410.43,0.3382,0.5301,3.6595,4.3931,60.0,1.0,0.0,DOH_DATA_TUNNEL
5.5631,65.0,19.0,46.0,57442.43,11215.73,46226.7,10325.55,11.68,-0.6095,883.73,558.8,45.53,1500.0,1003.47,775.45,0.5304,85.59,148.74,17.12,188.29,1.7379,0.1302,3.948,2.1307,17.0,0.0,0.0,BENIGN_WEB
11.3747,63.0,24.0,39.0,43181.17,11453.81,31727.36,3796.24,5.54,-0.4695,685.42,418.8,57.22,1439.25,658.2,680.95,0.5504,180.55,221.52,36.11,397.21,1.2269,0.0395,4.526,2.2667,21.0,0.0,0.0,BENIGN_WEB
17.2225,57.0,21.0,36.0,48341.45,11965.12,36376.33,2806.87,3.31,-0.505,848.1,477.53,131.8,1500.0,797.63,831.21,0.3959,302.15,291.9,60.43,664.73,0.9661,0.0945,4.3367,2.1097,8.0,0.0,0.0,BENIGN_WEB
4.9679,50.0,18.0,32.0,37975.44,4876.56,33098.88,7644.14,10.06,-0.7432,759.51,497.91,40.0,1500.0,800.82,731.91,0.3226,99.36,80.72,19.87,218.59,0.8124,0.0712,4.9148,2.1378,20.0,0.0,0.0,BENIGN_WEB
15.7858,156.0,78.0,78.0,69215.41,40421.07,28794.34,4384.67,9.88,0.168,443.69,46.62,373.76,527.61,391.63,423.58,0.3335,144.95,42.17,28.99,318.9,0.2909,0.4582,3.7658,4.4169,44.0,1.0,0.0,DOH_DATA_TUNNEL
29.5108,151.0,75.0,76.0,46606.62,33825.67,12780.95,1579.31,5.12,0.4515,308.65,75.84,194.89,445.17,337.47,349.83,0.3718,225.21,83.49,45.04,495.46,0.3707,0.4862,3.4549,3.9911,42.0,0.0,0.0,DOH_DATA_TUNNEL
26.4562,810.0,671.0,139.0,1044041.99,1012862.69,31179.3,39463.09,30.62,0.9403,1288.94,158.5,1051.2,1500.0,1420.48,1338.92,0.4832,44.4,12.49,8.88,97.68,0.2813,0.2797,2.7252,3.5004,23.0,1.0,1.0,DATA_EXFILTRATION
6.3753,150.0,75.0,75.0,39086.7,26229.69,12857.01,6130.95,23.53,0.3421,260.58,56.08,176.45,361.53,268.72,227.89,0.5552,53.09,24.56,10.62,116.81,0.4626,0.5629,4.0831,4.0105,30.0,0.0,0.0,DOH_DATA_TUNNEL
5.1127,56.0,19.0,37.0,40009.4,5103.84,34905.56,7825.42,10.95,-0.7449,714.45,418.03,87.41,1466.91,624.45,612.76,0.576,91.3,103.4,18.26,200.86,1.1325,0.022,4.2099,2.5612,18.0,0.0,0.0,BENIGN_WEB
47.5547,621.0,538.0,83.0,894619.56,805821.53,88798.03,18812.42,13.06,0.8015,1440.61,149.35,1216.58,1500.0,1322.94,1617.11,0.3704,24.0,13.89,4.8,52.8,0.5788,0.1418,2.2453,3.8029,15.0,0.0,0.0,DATA_EXFILTRATION
43.3577,801.0,717.0,84.0,1121857.81,1106508.95,15348.86,25874.47,18.47,0.9726,1400.57,110.63,1234.63,1500.0,1549.91,1480.96,0.3911,15.17,7.94,3.03,33.38,0.5234,0.1524,2.4989,3.3152,14.0,0.0,0.0,DATA_EXFILTRATION
23.1223,153.0,76.0,77.0,52031.84,38638.03,13393.81,2250.29,6.62,0.4852,340.08,79.15,221.35,482.56,349.95,324.88,0.5046,215.52,98.22,43.1,474.15,0.4557,0.6628,3.3643,3.9543,34.0,0.0,0.0,DOH_DATA_TUNNEL
23.5758,43.0,14.0,29.0,34325.09,6906.67,27418.41,1455.95,1.82,-0.5976,798.26,409.34,184.25,1500.0,840.64,865.96,0.3634,548.27,954.83,109.65,1206.2,1.7415,0.0789,4.7685,2.8362,15.0,0.0,0.0,BENIGN_WEB
29.7952,68.0,34.0,34.0,30339.94,19024.73,11315.21,1018.28,2.28,0.2541,446.18,54.95,363.74,545.09,416.13,393.56,0.5832,204.05,52.55,40.81,448.9,0.2576,0.7052,3.1172,4.3312,57.0,1.0,0.0,DOH_DATA_TUNNEL
40.9071,41.0,20.0,21.0,18477.73,11878.04,6599.69,451.7,1.0,0.2857,450.68,37.07,395.07,517.41,421.88,442.03,0.2918,210.95,50.76,42.19,464.1,0.2406,0.6608,3.6054,4.3799,51.0,0.0,0.0,DOH_DATA_TUNNEL
14.7802,168.0,84.0,84.0,58297.51,41178.94,17118.58,3944.3,11.37,0.4127,347.01,66.0,248.01,465.81,392.73,359.35,0.4152,226.44,90.25,45.29,498.16,0.3986,0.6064,4.0611,4.2196,37.0,0.0,0.0,DOH_DATA_TUNNEL
41.9805,1060.0,890.0,170.0,1337810.83,1306080.7,31730.14,31867.4,25.25,0.9526,1262.09,205.06,954.5,1500.0,1230.03,1103.7,0.3394,11.1,5.88,2.22,24.42,0.5296,0.2041,2.4142,3.1946,14.0,1.0,0.0,DATA_EXFILTRATION
16.46,46.0,16.0,30.0,43745.41,5039.67,38705.75,2657.67,2.79,-0.7696,950.99,428.45,308.31,1500.0,900.91,1021.81,0.5856,357.83,341.61,71.57,787.22,0.9547,0.0434,4.1961,2.7776,15.0,0.0,0.0,BENIGN_WEB
39.6196,147.0,73.0,74.0,42875.82,28286.15,14589.67,1082.19,3.71,0.3194,291.67,70.53,185.87,418.63,313.1,252.76,0.5048,107.84,45.79,21.57,237.25,0.4246,0.5006,3.5561,3.9648,61.0,0.0,0.0,DOH_DATA_TUNNEL
21.7935,112.0,56.0,56.0,50371.45,36567.71,13803.73,2311.31,5.14,0.4519,449.75,38.28,392.33,518.65,464.3,456.22,0.5778,226.31,94.48,45.26,497.89,0.4175,0.6688,3.5634,4.374,48.0,1.0,0.0,DOH_DATA_TUNNEL
31.279,22.0,8.0,14.0,21494.25,6225.94,15268.31,687.18,0.7,-0.4207,977.01,561.26,135.12,1500.0,842.6,1110.68,0.3941,1421.77,2009.38,284.35,3127.9,1.4133,0.1315,3.8019,2.2303,10.0,0.0,0.0,BENIGN_WEB
30.9211,77.0,29.0,48.0,81096.06,16204.62,64891.44,2622.68,2.49,-0.6004,1053.2,360.99,511.7,1500.0,977.9,989.84,0.2262,401.57,621.45,80.31,883.46,1.5475,0.1216,3.6875,2.7522,19.0,0.0,0.0,BENIGN_WEB
16.3253,63.0,21.0,42.0,66887.87,9448.9,57438.96,4097.19,3.86,-0.7175,1061.71,460.56,370.88,1500.0,1218.18,1051.8,0.3865,259.13,407.68,51.83,570.09,1.5733,0.029,4.6598,2.339,10.0,0.0,0.0,BENIGN_WEB
18.5463,156.0,78.0,78.0,46354.62,34451.64,11902.98,2499.4,8.41,0.4864,297.14,66.07,198.04,416.08,290.64,269.7,0.4097,109.22,27.84,21.84,240.29,0.2548,0.5966,3.5657,4.0849,31.0,0.0,0.0,DOH_DATA_TUNNEL
10.1546,19.0,5.0,14.0,16159.71,3115.27,13044.44,1591.37,1.87,-0.6144,850.51,471.74,142.9,1500.0,796.03,803.33,0.3941,534.45,462.67,106.89,1175.79,0.8657,0.1074,4.8359,2.185,21.0,0.0,0.0,BENIGN_WEB
21.5083,50.0,17.0,33.0,51643.95,7489.88,44154.07,2401.11,2.32,-0.7099,1032.88,408.84,419.61,1500.0,1136.43,933.46,0.5383,430.17,540.9,86.03,946.37,1.2574,0.048,4.3234,2.8852,21.0,0.0,0.0,BENIGN_WEB
20.3681,149.0,74.0,75.0,47548.69,36078.88,11469.81,2334.47,7.32,0.5176,319.12,53.6,238.72,415.59,337.4,279.74,0.4732,58.79,15.11,11.76,129.34,0.2571,0.4701,3.2238,4.1559,58.0,0.0,0.0,DOH_DATA_TUNNEL
35.2453,83.0,41.0,42.0,35696.51,23342.32,12354.19,1012.8,2.35,0.3078,430.08,65.57,331.73,548.1,427.38,458.38,0.3261,173.34,92.74,34.67,381.36,0.535,0.7144,4.0074,4.2952,47.0,0.0,0.0,DOH_DATA_TUNNEL
4.9138,31.0,10.0,21.0,26449.27,2589.52,23859.75,5382.65,6.31,-0.8042,853.2,386.4,273.61,1500.0,953.79,947.75,0.224,158.51,242.05,31.7,348.72,1.527,0.0358,5.0415,2.9754,15.0,0.0,0.0,BENIGN_WEB
10.0567,813.0,704.0,109.0,1051713.73,997465.5,54248.23,104578.69,80.84,0.8968,1293.62,116.86,1118.34,1500.0,1403.89,1275.11,0.51,29.99,7.8,6.0,65.97,0.2601,0.1934,2.2629,2.9951,27.0,0.0,0.0,DATA_EXFILTRATION
33.2642,305.0,275.0,30.0,425880.08,413972.67,11907.41,12802.94,9.17,0.9441,1396.33,179.69,1126.79,1500.0,1576.0,1453.86,0.5039,9.62,6.25,1.92,21.16,0.6499,0.2291,2.7611,3.5888,22.0,0.0,0.0,DATA_EXFILTRATION
39.9452,55.0,27.0,28.0,21900.5,14978.17,6922.34,548.26,1.38,0.3678,398.19,49.54,323.88,487.36,408.16,352.46,0.3188,215.31,76.31,43.06,473.69,0.3544,0.6033,3.891,4.4975,48.0,1.0,0.0,DOH_DATA_TUNNEL
19.8648,133.0,66.0,67.0,39397.83,27659.47,11738.36,1983.3,6.7,0.4041,296.22,66.24,196.87,415.45,326.77,317.64,0.2213,142.29,40.41,28.46,313.04,0.284,0.4406,3.2323,3.8548,51.0,0.0,0.0,DOH_DATA_TUNNEL
34.4099,426.0,390.0,36.0,574091.75,539428.64,34663.11,16683.92,12.38,0.8792,1347.63,195.6,1054.23,1500.0,1530.23,1304.71,0.2399,12.19,4.95,2.44,26.82,0.4058,0.2619,2.6965,3.5735,23.0,1.0,0.0,DATA_EXFILTRATION
30.6896,45.0,13.0,32.0,34460.17,8533.81,25926.36,1122.86,1.47,-0.5047,765.78,476.85,50.51,1500.0,696.68,814.83,0.4473,681.99,829.63,136.4,1500.38,1.2165,0.1388,4.456,2.6594,14.0,0.0,0.0,BENIGN_WEB
29.5795,38.0,15.0,23.0,32082.82,3353.41,28729.41,1084.63,1.28,-0.791,844.28,534.56,42.45,1500.0,903.28,810.83,0.4458,778.41,969.26,155.68,1712.5,1.2452,0.0838,4.8151,2.6126,17.0,0.0,0.0,BENIGN_WEB
3.6658,28.0,8.0,20.0,29081.46,3802.19,25279.27,7933.25,7.64,-0.7385,1038.62,526.91,248.26,1500.0,978.86,1023.2,0.1909,130.92,125.69,26.18,288.02,0.96,0.0317,3.7297,2.1333,18.0,0.0,0.0,BENIGN_WEB
13.0705,383.0,322.0,61.0,519804.82,472313.23,47491.59,39769.31,29.3,0.8173,1357.19,111.63,1189.75,1500.0,1259.06,1388.95,0.6005,41.09,22.93,8.22,90.4,0.5581,0.1625,2.8918,3.6667,26.0,0.0,0.0,DATA_EXFILTRATION
34.7685,1083.0,961.0,122.0,1388922.2,1278470.8,110451.4,39947.74,31.15,0.841,1282.48,226.35,942.96,1500.0,1425.43,1227.38,0.4294,22.06,5.15,4.41,48.53,0.2333,0.2792,2.4933,3.7411,25.0,1.0,0.0,DATA_EXFILTRATION
39.5966,129.0,64.0,65.0,52042.59,30017.31,22025.28,1314.32,3.26,0.1536,403.43,69.65,298.95,528.8,361.48,381.36,0.3198,109.72,30.82,21.94,241.39,0.2809,0.6455,3.553,4.0534,60.0,0.0,0.0,DOH_DATA_TUNNEL
36.1217,999.0,862.0,137.0,1425298.57,1388278.9,37019.67,39458.2,27.66,0.9481,1426.73,217.2,1100.93,1500.0,1503.3,1487.17,0.2117,29.47,13.42,5.89,64.83,0.4555,0.1717,2.8015,3.8067,24.0,1.0,1.0,DATA_EXFILTRATION
32.6653,288.0,259.0,29.0,377299.51,358711.75,18587.76,11550.45,8.82,0.9015,1310.07,186.73,1029.98,1500.0,1318.11,1254.84,0.2032,21.02,4.72,4.2,46.24,0.2245,0.2035,2.1557,3.2055,21.0,1.0,1.0,DATA_EXFILTRATION
31.3353,18.0,7.0,11.0,11493.93,2768.12,8725.81,366.8,0.57,-0.5183,638.55,479.5,40.0,1500.0,682.48,624.96,0.2163,1740.85,2069.2,348.17,3829.87,1.1886,0.0563,4.5046,2.2338,16.0,0.0,0.0,BENIGN_WEB
17.2225,61.0,30.0,31.0,27642.33,17107.9,10534.43,1605.01,3.54,0.2378,453.15,82.09,330.02,600.91,507.06,490.68,0.4212,148.86,80.2,29.77,327.48,0.5388,0.6123,3.9686,4.0309,51.0,0.0,0.0,DOH_DATA_TUNNEL
14.9167,99.0,49.0,50.0,23538.54,14639.9,8898.64,1578.0,6.64,0.2439,237.76,60.69,146.73,347.01,250.42,207.95,0.3845,167.52,54.53,33.5,368.54,0.3255,0.7148,3.3977,4.2686,33.0,1.0,0.0,DOH_DATA_TUNNEL
20.1104,24.0,9.0,15.0,18573.25,4100.86,14472.39,923.57,1.19,-0.5584,773.89,403.91,168.02,1500.0,691.29,767.25,0.1804,837.93,960.79,167.59,1843.45,1.1466,0.039,4.0346,2.4835,12.0,0.0,0.0,BENIGN_WEB
22.5015,161.0,80.0,81.0,50216.37,37034.33,13182.04,2231.69,7.16,0.475,311.9,35.8,258.2,376.35,266.8,270.82,0.2543,128.17,40.35,25.63,281.98,0.3148,0.5771,3.5917,4.5027,41.0,0.0,0.0,DOH_DATA_TUNNEL
11.9952,35.0,10.0,25.0,22632.46,5616.0,17016.46,1886.8,2.92,-0.5037,646.64,561.57,40.0,1500.0,722.41,629.93,0.3687,342.72,446.02,68.54,753.98,1.3014,0.0622,4.8154,2.7264,19.0,0.0,0.0,BENIGN_WEB
9.1701,41.0,14.0,27.0,36194.17,4040.0,32154.16,3946.99,4.47,-0.7768,882.78,320.44,402.12,1459.58,898.43,920.93,0.3297,223.66,173.57,44.73,492.05,0.776,0.1168,4.8356,2.2648,9.0,0.0,0.0,BENIGN_WEB
23.3103,82.0,33.0,49.0,85760.17,18624.24,67135.93,3679.07,3.52,-0.5657,1045.86,338.2,538.56,1500.0,1133.86,1125.29,0.486,284.27,455.49,56.85,625.4,1.6023,0.0362,4.8016,2.7595,10.0,0.0,0.0,BENIGN_WEB
31.3636,102.0,51.0,51.0,29742.75,18946.65,10796.11,948.32,3.25,0.274,291.6,75.59,178.22,427.65,326.01,310.59,0.3921,239.6,85.37,47.92,527.12,0.3563,0.4517,3.801,4.5093,60.0,0.0,0.0,DOH_DATA_TUNNEL
4.9298,48.0,17.0,31.0,40021.05,10884.91,29136.14,8118.17,9.74,-0.456,833.77,380.5,263.02,1500.0,787.11,733.25,0.4603,102.7,167.12,20.54,225.95,1.6272,0.0965,3.7246,2.9583,21.0,0.0,0.0,BENIGN_WEB
13.4089,81.0,22.0,59.0,87384.88,16881.79,70503.08,6516.95,6.04,-0.6136,1078.83,481.61,356.41,1500.0,1130.1,1124.56,0.2766,165.54,119.41,33.11,364.19,0.7214,0.0824,4.2308,2.2029,19.0,0.0,0.0,BENIGN_WEB
5.0233,81.0,31.0,50.0,69263.32,17429.82,51833.5,13788.33,16.12,-0.4967,855.1,544.94,40.0,1500.0,793.83,974.46,0.3341,62.02,102.27,12.4,136.44,1.6491,0.0736,4.4961,2.8996,20.0,0.0,0.0,BENIGN_WEB
37.0537,105.0,52.0,53.0,25060.38,18531.6,6528.78,676.33,2.83,0.479,238.67,51.87,160.86,332.04,249.97,273.03,0.3454,168.28,70.95,33.66,370.21,0.4216,0.6694,3.1313,3.8722,32.0,1.0,0.0,DOH_DATA_TUNNEL
15.6566,328.0,283.0,45.0,450440.24,441942.23,8498.02,28769.9,20.95,0.9623,1373.29,159.28,1134.37,1500.0,1371.44,1329.15,0.1912,33.1,10.08,6.62,72.82,0.3044,0.1276,2.7775,3.4882,23.0,0.0,0.0,DATA_EXFILTRATION
26.2027,169.0,84.0,85.0,42328.58,29328.74,12999.83,1615.43,6.45,0.3858,250.46,35.74,196.86,314.79,279.3,237.04,0.5818,64.68,37.31,12.94,142.3,0.5768,0.4375,3.1005,4.1659,42.0,1.0,0.0,DOH_DATA_TUNNEL
30.1364,33.0,12.0,21.0,33531.14,7149.41,26381.73,1112.65,1.1,-0.5736,1016.1,364.83,468.85,1500.0,1133.53,1139.39,0.5874,913.22,1002.46,182.64,2009.09,1.0977,0.0883,3.6327,2.7952,15.0,0.0,0.0,BENIGN_WEB
13.3253,134.0,67.0,67.0,48570.29,28443.92,20126.37,3644.96,10.06,0.1712,362.46,37.95,305.54,430.77,367.19,325.91,0.234,147.16,83.16,29.43,323.74,0.5651,0.5376,3.2783,3.8952,40.0,0.0,0.0,DOH_DATA_TUNNEL
13.8372,36.0,18.0,18.0,10186.85,6608.97,3577.88,736.19,2.6,0.2975,282.97,54.46,201.28,380.99,261.3,273.75,0.2285,219.65,91.25,43.93,483.22,0.4154,0.6836,3.3196,4.0336,44.0,0.0,0.0,DOH_DATA_TUNNEL
21.4092,72.0,24.0,48.0,70517.76,9570.09,60947.68,3293.8,3.36,-0.7286,979.41,382.76,405.28,1500.0,956.0,1002.49,0.4961,297.35,304.92,59.47,654.17,1.0255,0.1032,4.0064,2.1186,19.0,0.0,0.0,BENIGN_WEB
2.6416,53.0,18.0,35.0,47038.53,9737.84,37300.69,17806.57,20.06,-0.586,887.52,526.93,97.12,1500.0,956.72,831.71,0.5078,49.84,52.81,9.97,109.65,1.0596,0.0526,4.0863,2.6001,13.0,0.0,0.0,BENIGN_WEB
9.4987,89.0,44.0,45.0,26138.35,18711.1,7427.26,2751.79,9.37,0.4317,293.69,47.99,221.71,380.06,318.46,327.34,0.4939,185.17,69.13,37.03,407.38,0.3733,0.7131,3.5652,4.1228,50.0,0.0,0.0,DOH_DATA_TUNNEL
5.2144,80.0,29.0,51.0,65212.79,9913.95,55298.84,12506.24,15.34,-0.696,815.16,472.41,106.55,1500.0,800.84,850.4,0.5399,65.18,52.49,13.04,143.4,0.8053,0.1204,3.7335,2.1681,15.0,0.0,0.0,BENIGN_WEB
14.8169,78.0,27.0,51.0,65578.73,18158.31,47420.42,4425.93,5.26,-0.4462,840.75,336.62,335.82,1446.67,946.49,736.85,0.4756,189.96,298.32,37.99,417.91,1.5704,0.1347,4.0505,2.2078,15.0,0.0,0.0,BENIGN_WEB
7.6642,119.0,59.0,60.0,49285.43,37260.5,12024.93,6430.6,15.53,0.512,414.16,37.53,357.87,481.71,473.81,368.45,0.3562,167.76,40.46,33.55,369.06,0.2412,0.5263,3.5417,3.856,53.0,0.0,0.0,DOH_DATA_TUNNEL
30.7073,59.0,19.0,40.0,39475.42,8397.29,31078.13,1285.54,1.92,-0.5746,669.07,384.97,91.63,1362.01,744.05,578.21,0.3516,520.46,705.46,104.09,1145.02,1.3555,0.0447,5.0641,2.1954,13.0,0.0,0.0,BENIGN_WEB
27.7444,77.0,38.0,39.0,23810.53,18008.27,5802.26,858.21,2.78,0.5126,309.23,58.57,221.37,414.65,288.13,355.32,0.4073,214.58,122.51,42.92,472.07,0.5709,0.4971,3.7858,4.2282,48.0,0.0,0.0,DOH_DATA_TUNNEL
8.3403,1015.0,887.0,128.0,1345730.42,1307712.69,38017.72,161352.15,121.7,0.9435,1325.84,253.65,945.36,1500.0,1200.6,1403.73,0.5837,33.76,21.7,6.75,74.27,0.6426,0.1325,2.0405,2.9031,16.0,0.0,0.0,DATA_EXFILTRATION
51.1923,215.0,180.0,35.0,283345.23,260880.79,22464.45,5534.92,4.2,0.8414,1317.88,163.71,1072.32,1500.0,1234.64,1438.63,0.4344,10.78,4.99,2.16,23.71,0.4628,0.1983,2.0623,2.9958,15.0,1.0,0.0,DATA_EXFILTRATION
13.3824,74.0,37.0,37.0,31123.4,23462.26,7661.13,2325.7,5.53,0.5077,420.59,46.86,350.3,504.93,370.26,366.15,0.2607,152.08,47.88,30.42,334.57,0.3149,0.5162,3.334,4.605,43.0,0.0,0.0,DOH_DATA_TUNNEL
28.8043,68.0,25.0,43.0,48785.94,4828.35,43957.59,1693.7,2.36,-0.8021,717.44,374.74,155.33,1391.98,742.88,794.2,0.2704,423.59,679.35,84.72,931.91,1.6038,0.0651,4.5049,2.3907,17.0,0.0,0.0,BENIGN_WEB
3.2779,50.0,17.0,33.0,52248.09,12707.63,39540.46,15939.6,15.25,-0.5136,1044.96,360.11,504.8,1500.0,1135.94,1098.75,0.274,65.56,100.48,13.11,144.23,1.5327,0.0473,4.4027,2.2155,18.0,0.0,0.0,BENIGN_WEB
32.651,113.0,56.0,57.0,48266.63,36270.83,11995.8,1478.26,3.46,0.5029,427.14,49.04,353.57,515.42,455.09,412.79,0.2675,176.25,68.35,35.25,387.76,0.3878,0.4681,3.651,4.6499,61.0,1.0,0.0,DOH_DATA_TUNNEL
16.555,46.0,23.0,23.0,13818.25,9064.56,4753.7,834.69,2.78,0.312,300.4,40.01,240.38,372.42,293.41,264.4,0.1924,119.85,45.02,23.97,263.68,0.3756,0.5313,3.2086,3.9286,31.0,1.0,0.0,DOH_DATA_TUNNEL
38.9771,166.0,83.0,83.0,59785.65,41497.87,18287.79,1533.87,4.26,0.3882,360.15,58.48,272.44,465.42,329.02,331.81,0.3471,83.13,48.0,16.63,182.88,0.5775,0.6167,3.3522,4.3856,60.0,0.0,0.0,DOH_DATA_TUNNEL
17.8565,15.0,5.0,10.0,12906.04,1893.18,11012.87,722.76,0.84,-0.7066,860.4,331.56,363.06,1457.21,950.36,936.14,0.384,1190.43,1779.3,238.09,2618.95,1.4947,0.1161,4.0762,2.8838,15.0,0.0,0.0,BENIGN_WEB
10.1175,22.0,7.0,15.0,17557.81,1844.49,15713.32,1735.39,2.17,-0.7899,798.08,323.94,312.17,1381.17,741.35,740.4,0.4512,459.89,750.65,91.98,1011.75,1.6322,0.1166,3.7186,2.9261,15.0,0.0,0.0,BENIGN_WEB
38.7644,53.0,26.0,27.0,15614.59,10792.72,4821.87,402.81,1.37,0.3824,294.61,53.16,214.88,390.3,312.77,333.49,0.4834,233.67,52.06,46.73,514.07,0.2228,0.6188,3.3151,4.0296,48.0,0.0,0.0,DOH_DATA_TUNNEL
21.9212,540.0,491.0,49.0,721557.55,663974.45,57583.1,32915.93,24.63,0.8404,1336.22,186.58,1056.34,1500.0,1404.0,1146.37,0.4133,34.06,21.0,6.81,74.92,0.6166,0.1648,2.1904,3.5069,17.0,1.0,1.0,DATA_EXFILTRATION
21.8121,128.0,64.0,64.0,52658.7,34220.08,18438.62,2414.2,5.87,0.2997,411.4,43.4,346.3,489.51,429.16,451.06,0.3106,124.01,70.38,24.8,272.82,0.5675,0.5029,3.9825,4.369,34.0,0.0,0.0,DOH_DATA_TUNNEL
14.6532,38.0,12.0,26.0,34514.77,8532.96,25981.81,2355.44,2.59,-0.5055,908.28,420.47,277.58,1500.0,988.65,863.06,0.356,385.61,460.84,77.12,848.34,1.1951,0.0689,4.0104,2.2205,14.0,0.0,0.0,BENIGN_WEB
6.3852,49.0,15.0,34.0,49583.45,12156.24,37427.21,7765.39,7.67,-0.5097,1011.91,347.52,490.63,1500.0,1009.91,1101.67,0.4006,130.31,95.91,26.06,286.68,0.736,0.1332,4.2084,2.4393,13.0,0.0,0.0,BENIGN_WEB
31.5276,1078.0,875.0,203.0,1394666.58,1297646.62,97019.97,44236.33,34.19,0.8609,1293.75,252.68,914.73,1500.0,1123.44,1485.44,0.3232,43.06,22.28,8.61,94.73,0.5175,0.2067,2.7352,3.1532,16.0,1.0,0.0,DATA_EXFILTRATION
7.3551,18.0,5.0,13.0,13294.77,1292.64,12002.12,1807.55,2.45,-0.8055,738.6,330.18,243.33,1332.92,838.83,789.2,0.6102,408.62,665.04,81.72,898.96,1.6275,0.0627,4.9599,2.98,19.0,0.0,0.0,BENIGN_WEB
18.1553,23.0,6.0,17.0,15215.27,1402.0,13813.28,838.06,1.27,-0.8157,661.53,357.22,125.71,1304.53,716.62,688.69,0.2337,789.36,864.62,157.87,1736.59,1.0953,0.1229,5.088,2.9302,19.0,0.0,0.0,BENIGN_WEB
31.276,152.0,76.0,76.0,50254.08,33918.42,16335.66,1606.8,4.86,0.3499,330.62,47.56,259.28,416.22,324.07,293.5,0.4174,146.31,35.15,29.26,321.89,0.2402,0.6417,3.2195,4.1244,35.0,1.0,0.0,DOH_DATA_TUNNEL
15.3582,45.0,13.0,32.0,45580.82,6056.06,39524.76,2967.84,2.93,-0.7343,1012.91,330.05,517.83,1500.0,1005.46,939.6,0.3965,341.29,417.72,68.26,750.85,1.2239,0.0222,4.4074,2.4449,8.0,0.0,0.0,BENIGN_WEB
19.0358,171.0,85.0,86.0,57522.53,40325.19,17197.34,3021.8,8.98,0.4021,336.39,84.76,209.24,488.97,299.48,292.6,0.5495,227.45,77.23,45.49,500.39,0.3395,0.6665,3.522,4.5067,56.0,0.0,0.0,DOH_DATA_TUNNEL
22.1083,38.0,15.0,23.0,27573.58,5847.08,21726.51,1247.2,1.72,-0.5759,725.62,573.55,40.0,1500.0,696.36,752.52,0.2106,581.8,584.46,116.36,1279.96,1.0046,0.0504,4.6572,2.2665,14.0,0.0,0.0,BENIGN_WEB
30.0855,96.0,48.0,48.0,22698.66,16330.36,6368.31,754.47,3.19,0.4389,236.44,60.59,145.56,345.51,242.99,248.43,0.3081,57.83,27.72,11.57,127.22,0.4794,0.4219,3.9539,4.639,35.0,0.0,0.0,DOH_DATA_TUNNEL
41.4875,161.0,80.0,81.0,43073.12,29615.17,13457.95,1038.22,3.88,0.3751,267.53,44.44,200.88,347.52,234.56,259.35,0.3597,211.58,94.07,42.32,465.47,0.4446,0.6332,3.3859,3.9721,59.0,0.0,0.0,DOH_DATA_TUNNEL
35.6411,63.0,31.0,32.0,27742.93,18488.87,9254.07,778.4,1.77,0.3329,440.36,39.16,381.63,510.85,456.0,425.16,0.3646,209.88,66.76,41.98,461.74,0.3181,0.5596,3.5735,4.1127,32.0,1.0,0.0,DOH_DATA_TUNNEL
23.2676,53.0,17.0,36.0,51260.16,11811.06,39449.1,2203.07,2.28,-0.5392,967.17,578.02,100.15,1500.0,963.69,854.67,0.4253,439.01,583.42,87.8,965.82,1.3289,0.0722,4.415,2.5351,14.0,0.0,0.0,BENIGN_WEB
26.463,65.0,26.0,39.0,45226.5,7879.66,37346.84,1709.05,2.46,-0.6515,695.79,464.17,40.0,1500.0,715.76,688.82,0.554,407.12,299.19,81.42,895.67,0.7349,0.096,4.3345,2.4392,21.0,0.0,0.0,BENIGN_WEB
39.0234,65.0,32.0,33.0,25809.69,16014.14,9795.55,661.39,1.67,0.2409,397.07,43.33,332.08,475.06,403.55,376.31,0.5354,189.91,67.75,37.98,417.8,0.3568,0.6549,3.8919,3.9883,48.0,0.0,0.0,DOH_DATA_TUNNEL
17.1163,22.0,6.0,16.0,19341.72,4584.24,14757.48,1130.02,1.29,-0.526,879.17,378.92,310.79,1500.0,946.11,912.78,0.2742,778.01,836.51,155.6,1711.63,1.0752,0.0417,4.7967,2.6131,10.0,0.0,0.0,BENIGN_WEB
29.6554,126.0,63.0,63.0,50397.34,36873.69,13523.65,1699.43,4.25,0.4633,399.98,76.52,285.2,537.71,420.1,415.15,0.5206,139.58,45.51,27.92,307.08,0.3261,0.6169,3.9843,3.9219,61.0,1.0,0.0,DOH_DATA_TUNNEL
30.1028,38.0,15.0,23.0,39907.06,5239.25,34667.81,1325.69,1.26,-0.7374,1050.19,363.38,505.12,1500.0,1114.65,1191.63,0.2834,792.18,837.5,158.44,1742.79,1.0572,0.0652,4.9893,3.0533,20.0,0.0,0.0,BENIGN_WEB
12.1594,65.0,22.0,43.0,55209.74,14624.72,40585.02,4540.48,5.35,-0.4702,849.38,357.1,313.73,1492.16,976.73,911.85,0.5892,187.07,171.93,37.41,411.55,0.9191,0.0943,4.8204,2.252,21.0,0.0,0.0,BENIGN_WEB
31.8042,60.0,30.0,30.0,27176.04,20592.82,6583.22,854.48,1.89,0.5155,452.93,81.17,331.18,599.04,439.4,500.5,0.2164,225.9,87.66,45.18,496.98,0.388,0.5238,3.9292,4.4357,53.0,0.0,0.0,DOH_DATA_TUNNEL
16.0105,33.0,13.0,20.0,31207.53,3872.0,27335.53,1949.19,2.06,-0.7519,945.68,481.27,223.77,1500.0,896.52,872.83,0.2943,485.17,805.24,97.03,1067.37,1.6597,0.0544,4.7666,2.4004,14.0,0.0,0.0,BENIGN_WEB
17.8855,46.0,23.0,23.0,18220.58,12843.88,5376.7,1018.73,2.57,0.4098,396.1,61.99,303.12,507.67,406.72,368.29,0.2756,99.9,25.55,19.98,219.78,0.2558,0.4395,3.3268,4.3037,57.0,1.0,0.0,DOH_DATA_TUNNEL
25.7149,23.0,9.0,14.0,18323.66,2655.61,15668.06,712.57,0.89,-0.7101,796.68,499.31,47.71,1500.0,818.16,880.14,0.4025,1118.04,1449.87,223.61,2459.68,1.2968,0.1331,4.7427,2.9835,12.0,0.0,0.0,BENIGN_WEB
17.7246,1204.0,1094.0,110.0,1558375.91,1410446.69,147929.22,87921.7,67.93,0.8101,1294.33,276.66,879.35,1500.0,1135.02,1371.26,0.2192,10.3,3.39,2.06,22.66,0.3293,0.2617,2.335,3.6513,16.0,0.0,1.0,DATA_EXFILTRATION
15.4142,46.0,17.0,29.0,42726.36,11487.59,31238.77,2771.88,2.98,-0.4623,928.83,378.45,361.17,1500.0,1028.27,975.58,0.3818,335.09,301.18,67.02,737.2,0.8988,0.0443,3.9848,2.5187,16.0,0.0,0.0,BENIGN_WEB
29.0762,20.0,5.0,15.0,16710.7,4165.91,12544.79,574.72,0.69,-0.5014,835.53,354.46,303.84,1473.56,726.5,861.44,0.5042,1453.81,1798.23,290.76,3198.38,1.2369,0.1244,4.1203,2.5067,9.0,0.0,0.0,BENIGN_WEB
21.233,99.0,49.0,50.0,24247.89,14542.61,9705.28,1141.99,4.66,0.1995,244.93,53.65,164.45,341.5,265.33,211.54,0.5368,237.45,107.53,47.49,522.38,0.4528,0.5251,4.0477,3.9247,43.0,0.0,0.0,DOH_DATA_TUNNEL
20.9483,47.0,14.0,33.0,36386.64,5016.29,31370.35,1736.97,2.24,-0.7243,774.18,564.96,40.0,1500.0,873.09,730.27,0.2111,445.71,674.21,89.14,980.56,1.5127,0.0959,4.2717,2.7134,19.0,0.0,0.0,BENIGN_WEB
7.8876,44.0,13.0,31.0,36934.47,3823.6,33110.87,4682.6,5.58,-0.793,839.42,509.24,75.56,1500.0,868.56,782.19,0.4061,179.26,136.44,35.85,394.38,0.7611,0.0648,4.7653,2.4865,15.0,0.0,0.0,BENIGN_WEB
23.0501,31.0,9.0,22.0,23185.48,4030.47,19155.02,1005.87,1.34,-0.6523,747.92,447.55,76.59,1500.0,810.0,788.09,0.2492,743.55,736.37,148.71,1635.82,0.9903,0.1064,4.9285,2.2553,21.0,0.0,0.0,BENIGN_WEB
6.3973,1186.0,1062.0,124.0,1540619.64,1413755.57,126864.07,240825.16,185.39,0.8353,1299.0,141.8,1086.3,1500.0,1154.98,1236.84,0.5273,43.88,15.12,8.78,96.54,0.3445,0.2472,2.8109,3.2592,29.0,0.0,0.0,DATA_EXFILTRATION
11.5299,32.0,10.0,22.0,27959.11,7734.3,20224.81,2424.91,2.78,-0.4467,873.72,442.46,210.03,1500.0,993.83,752.9,0.2719,360.31,527.79,72.06,792.68,1.4648,0.0346,4.4245,2.1869,12.0,0.0,0.0,BENIGN_WEB
40.9424,163.0,81.0,82.0,68403.28,42949.58,25453.7,1670.72,3.98,0.2558,419.65,78.13,302.45,560.29,369.54,383.08,0.4065,201.46,87.02,40.29,443.21,0.432,0.6396,3.6429,4.3061,53.0,0.0,0.0,DOH_DATA_TUNNEL
41.7751,50.0,25.0,25.0,15420.23,11494.34,3925.89,369.13,1.2,0.4908,308.4,55.03,225.86,407.46,336.97,350.94,0.3953,99.41,54.52,19.88,218.7,0.5484,0.4747,3.3222,4.0805,61.0,1.0,0.0,DOH_DATA_TUNNEL
34.4206,120.0,60.0,60.0,43000.96,28411.57,14589.39,1249.28,3.49,0.3214,358.34,59.49,269.11,465.42,367.67,311.87,0.2735,161.34,41.6,32.27,354.95,0.2579,0.6774,3.8038,4.5604,60.0,0.0,0.0,DOH_DATA_TUNNEL
12.8792,63.0,21.0,42.0,57599.57,16224.89,41374.68,4472.3,4.89,-0.4366,914.28,471.06,207.68,1500.0,790.78,953.36,0.2949,204.43,194.74,40.89,449.75,0.9526,0.1244,4.3235,2.9772,9.0,0.0,0.0,BENIGN_WEB
32.2906,86.0,43.0,43.0,29333.2,16960.03,12373.17,908.41,2.66,0.1564,341.08,70.99,234.59,468.87,338.04,330.3,0.4443,225.77,120.0,45.15,496.7,0.5315,0.4577,3.8112,4.0781,42.0,0.0,0.0,DOH_DATA_TUNNEL
2.7804,23.0,7.0,16.0,20198.99,2691.22,17507.77,7264.81,8.27,-0.7335,878.22,555.66,44.73,1500.0,974.32,988.4,0.3259,120.89,85.61,24.18,265.95,0.7082,0.1246,3.7685,2.9787,13.0,0.0,0.0,BENIGN_WEB
24.2111,110.0,55.0,55.0,48108.3,35220.49,12887.81,1987.03,4.54,0.4642,437.35,53.22,357.52,533.14,429.7,480.74,0.421,162.79,93.04,32.56,358.14,0.5715,0.4409,3.2643,4.2719,51.0,1.0,0.0,DOH_DATA_TUNNEL
13.0285,69.0,23.0,46.0,67899.32,18329.09,49570.23,5211.62,5.3,-0.4601,984.05,396.37,389.5,1500.0,1095.5,1086.32,0.2859,188.82,330.26,37.76,415.4,1.7491,0.0934,4.9994,2.4287,10.0,0.0,0.0,BENIGN_WEB
27.5703,57.0,18.0,39.0,41034.05,11552.48,29481.58,1488.34,2.07,-0.4369,719.9,515.09,40.0,1500.0,827.38,616.88,0.2673,483.69,703.67,96.74,1064.12,1.4548,0.0675,3.7867,2.1852,15.0,0.0,0.0,BENIGN_WEB
20.2093,36.0,13.0,23.0,25948.59,2696.25,23252.35,1283.99,1.78,-0.7922,720.79,450.49,45.05,1500.0,786.11,736.51,0.3462,561.37,571.12,112.27,1235.02,1.0174,0.031,3.9486,2.1547,14.0,0.0,0.0,BENIGN_WEB
31.6623,94.0,47.0,47.0,41362.05,26639.64,14722.42,1306.35,2.97,0.2881,440.02,45.09,372.39,521.18,401.93,477.91,0.2685,136.06,43.24,27.21,299.34,0.3178,0.6835,3.3184,4.6054,45.0,1.0,0.0,DOH_DATA_TUNNEL
18.5709,23.0,7.0,16.0,22272.62,2821.2,19451.43,1199.33,1.24,-0.7467,968.37,446.68,298.35,1500.0,959.8,1003.46,0.3995,807.43,977.99,161.49,1776.35,1.2112,0.0688,4.7487,2.2812,17.0,0.0,0.0,BENIGN_WEB
31.935,1002.0,908.0,94.0,1396738.4,1281148.04,115590.36,43736.93,31.38,0.8345,1393.95,194.29,1102.51,1500.0,1518.98,1210.34,0.429,25.06,13.9,5.01,55.12,0.5549,0.2208,2.8445,3.8146,18.0,0.0,0.0,DATA_EXFILTRATION
30.5089,51.0,25.0,26.0,22041.62,16222.57,5819.05,722.47,1.67,0.472,432.19,52.42,353.56,526.55,428.52,380.85,0.2342,68.95,15.36,13.79,151.69,0.2227,0.4616,3.188,4.3691,46.0,0.0,0.0,DOH_DATA_TUNNEL
50.7344,651.0,517.0,134.0,872809.66,854014.02,18795.64,17203.49,12.83,0.9569,1340.72,167.03,1090.17,1500.0,1302.74,1421.63,0.3447,34.14,17.39,6.83,75.11,0.5093,0.28,2.0968,3.3883,20.0,1.0,0.0,DATA_EXFILTRATION
18.1266,63.0,22.0,41.0,56258.88,15275.68,40983.19,3103.66,3.48,-0.457,893.0,411.48,275.78,1500.0,785.45,1024.06,0.5541,287.72,477.91,57.54,632.99,1.661,0.0475,4.6958,2.4112,14.0,0.0,0.0,BENIGN_WEB
20.9836,47.0,16.0,31.0,34484.77,5556.07,28928.7,1643.41,2.24,-0.6778,733.72,485.98,40.0,1500.0,779.52,726.82,0.2851,446.46,485.33,89.29,982.21,1.0871,0.1115,5.0184,2.8831,21.0,0.0,0.0,BENIGN_WEB
31.5885,216.0,195.0,21.0,299108.08,272830.02,26278.06,9468.89,6.84,0.8243,1384.76,253.58,1004.4,1500.0,1579.62,1335.42,0.6151,38.95,23.72,7.79,85.68,0.6091,0.182,2.4159,2.9579,26.0,0.0,0.0,DATA_EXFILTRATION
54.4119,540.0,492.0,48.0,776065.24,727074.74,48990.5,14262.78,9.92,0.8737,1437.16,128.02,1245.13,1500.0,1298.67,1505.77,0.5301,40.45,21.74,8.09,88.98,0.5375,0.2626,2.445,3.7125,21.0,0.0,0.0,DATA_EXFILTRATION
23.8642,175.0,87.0,88.0,71520.2,53623.63,17896.57,2996.96,7.33,0.4995,408.69,54.55,326.86,506.88,436.89,433.51,0.4968,169.07,84.21,33.81,371.95,0.4981,0.4341,3.9959,4.5315,52.0,0.0,0.0,DOH_DATA_TUNNEL
22.3352,33.0,12.0,21.0,34265.05,7505.41,26759.64,1534.13,1.48,-0.5619,1038.33,334.48,536.61,1500.0,1135.37,900.73,0.6132,676.83,496.3,135.37,1489.02,0.7333,0.1366,4.6505,2.4448,14.0,0.0,0.0,BENIGN_WEB
27.1409,72.0,24.0,48.0,54563.71,5552.47,49011.24,2010.39,2.65,-0.7965,757.83,377.11,192.16,1436.63,811.49,787.29,0.6023,376.96,469.02,75.39,829.3,1.2442,0.0198,3.6722,2.8696,14.0,0.0,0.0,BENIGN_WEB
25.1528,130.0,65.0,65.0,41380.85,23369.03,18011.82,1645.18,5.17,0.1295,318.31,69.39,214.23,443.22,289.07,279.72,0.2515,135.65,54.04,27.13,298.42,0.3984,0.429,3.3982,4.0525,39.0,0.0,0.0,DOH_DATA_TUNNEL
12.6279,30.0,10.0,20.0,30217.12,8165.97,22051.15,2392.9,2.38,-0.4595,1007.24,510.89,240.9,1500.0,1003.47,969.35,0.3184,420.93,385.65,84.19,926.04,0.9162,0.1318,3.7819,2.9026,12.0,0.0,0.0,BENIGN_WEB
11.3842,61.0,22.0,39.0,49686.07,6038.01,43648.06,4364.46,5.36,-0.757,814.53,548.94,40.0,1500.0,924.35,875.3,0.4343,186.63,282.01,37.33,410.58,1.5111,0.0399,4.5952,2.1957,20.0,0.0,0.0,BENIGN_WEB
39.8065,154.0,77.0,77.0,54346.85,37047.36,17299.49,1365.27,3.87,0.3634,352.9,84.08,226.78,504.25,383.47,352.44,0.2836,70.48,23.88,14.1,155.05,0.3388,0.4321,3.591,4.6453,40.0,0.0,0.0,DOH_DATA_TUNNEL
11.6743,62.0,18.0,44.0,66115.54,14462.17,51653.37,5663.35,5.31,-0.5625,1066.38,408.9,453.03,1500.0,1093.83,1088.17,0.2402,188.29,194.45,37.66,414.25,1.0327,0.1022,4.0986,2.8153,11.0,0.0,0.0,BENIGN_WEB
10.9447,81.0,31.0,50.0,58452.77,7929.15,50523.62,5340.75,7.4,-0.7287,721.64,453.55,41.32,1500.0,659.07,743.16,0.1956,135.12,232.54,27.02,297.26,1.721,0.1148,4.9069,2.4049,15.0,0.0,0.0,BENIGN_WEB
20.0832,820.0,730.0,90.0,1047137.07,959086.66,88050.41,52140.02,40.83,0.8318,1277.0,235.23,924.16,1500.0,1429.54,1276.89,0.3795,30.89,9.68,6.18,67.95,0.3133,0.2233,2.8929,3.6688,26.0,0.0,0.0,DATA_EXFILTRATION
29.0248,67.0,24.0,43.0,70066.07,15956.19,54109.89,2414.01,2.31,-0.5445,1045.76,471.72,338.18,1500.0,1142.4,990.78,0.2354,433.21,417.47,86.64,953.05,0.9637,0.0575,4.3037,2.8326,12.0,0.0,0.0,BENIGN_WEB
14.1655,72.0,30.0,42.0,62440.44,7475.42,54965.02,4407.91,5.08,-0.7606,867.23,538.26,59.84,1500.0,788.69,903.87,0.2251,196.74,171.62,39.35,432.84,0.8723,0.0241,4.7717,2.531,14.0,0.0,0.0,BENIGN_WEB
38.1237,39.0,19.0,20.0,13868.72,9024.85,4843.88,363.78,1.02,0.3015,355.61,65.61,257.2,473.7,394.31,374.7,0.2302,81.14,18.22,16.23,178.51,0.2245,0.5477,3.7596,4.1822,52.0,1.0,0.0,DOH_DATA_TUNNEL
34.4785,157.0,78.0,79.0,45083.6,29900.99,15182.61,1307.59,4.55,0.3265,287.16,50.78,210.98,378.57,254.19,303.36,0.4375,230.68,110.14,46.14,507.49,0.4775,0.654,3.6399,4.1033,36.0,0.0,0.0,DOH_DATA_TUNNEL
39.7084,85.0,42.0,43.0,28016.03,19376.5,8639.53,705.54,2.14,0.3832,329.6,70.26,224.21,456.07,366.76,353.54,0.2928,187.68,64.53,37.54,412.9,0.3438,0.5816,3.8686,4.5166,37.0,1.0,0.0,DOH_DATA_TUNNEL
43.712,489.0,435.0,54.0,698737.72,687451.63,11286.1,15985.02,11.19,0.9677,1428.91,259.69,1039.38,1500.0,1283.01,1225.47,0.3058,37.47,19.58,7.49,82.43,0.5226,0.267,2.6014,3.6341,27.0,1.0,1.0,DATA_EXFILTRATION
30.1037,138.0,69.0,69.0,38025.74,26021.83,12003.91,1263.16,4.58,0.3686,275.55,50.17,200.3,365.85,274.92,274.27,0.5886,59.36,28.04,11.87,130.59,0.4724,0.4438,3.1623,4.0778,58.0,0.0,0.0,DOH_DATA_TUNNEL
32.3117,114.0,57.0,57.0,46203.98,32362.99,13840.99,1429.95,3.53,0.4009,405.3,75.79,291.61,541.73,393.52,390.54,0.3052,213.33,95.35,42.67,469.32,0.4469,0.4897,3.1249,4.3559,38.0,1.0,0.0,DOH_DATA_TUNNEL
31.8985,161.0,80.0,81.0,69511.32,46332.12,23179.2,2179.14,5.05,0.3331,431.75,63.06,337.16,545.25,416.85,442.55,0.5721,67.32,16.57,13.46,148.11,0.2461,0.6349,3.678,4.5895,45.0,1.0,0.0,DOH_DATA_TUNNEL
3.8574,56.0,20.0,36.0,50291.44,8457.45,41833.98,13037.51,14.52,-0.6637,898.06,563.94,52.15,1500.0,850.73,860.58,0.4918,68.88,99.15,13.78,151.54,1.4394,0.1097,3.9068,2.5356,11.0,0.0,0.0,BENIGN_WEB
26.9198,51.0,18.0,33.0,35752.29,6841.33,28910.96,1328.1,1.89,-0.6173,701.03,347.65,179.55,1326.79,625.3,636.18,0.301,527.84,788.61,105.57,1161.25,1.494,0.1179,4.9139,2.1565,19.0,0.0,0.0,BENIGN_WEB
9.8532,58.0,19.0,39.0,62306.28,12304.93,50001.35,6323.45,5.89,-0.605,1074.25,346.46,554.56,1500.0,1157.84,950.27,0.2445,169.88,145.0,33.98,373.74,0.8535,0.091,4.3646,2.7615,19.0,0.0,0.0,BENIGN_WEB
9.498,90.0,45.0,45.0,35459.6,23839.5,11620.1,3733.39,9.48,0.3446,394.0,82.27,270.59,542.08,372.09,449.77,0.4756,108.53,42.15,21.71,238.76,0.3884,0.5735,4.011,3.954,32.0,1.0,0.0,DOH_DATA_TUNNEL
20.4628,165.0,82.0,83.0,67437.21,48065.62,19371.58,3295.6,8.06,0.4255,408.71,61.3,316.76,519.05,447.6,403.83,0.4036,58.38,25.85,11.68,128.44,0.4428,0.5692,3.3797,4.1633,41.0,1.0,0.0,DOH_DATA_TUNNEL
11.4003,32.0,9.0,23.0,32072.33,6505.77,25566.56,2813.29,2.81,-0.5943,1002.26,541.56,189.92,1500.0,911.94,913.9,0.2686,356.26,481.56,71.25,783.77,1.3517,0.1387,4.0238,2.7428,8.0,0.0,0.0,BENIGN_WEB
27.5194,130.0,65.0,65.0,32273.44,19292.3,12981.14,1172.75,4.72,0.1956,248.26,74.68,136.23,382.69,265.3,272.89,0.2156,230.15,110.45,46.03,506.32,0.4799,0.571,3.988,4.1293,47.0,0.0,0.0,DOH_DATA_TUNNEL
10.8364,59.0,19.0,40.0,54600.68,8131.74,46468.94,5038.63,5.44,-0.7021,925.44,564.46,78.74,1500.0,812.95,796.9,0.3277,183.67,289.19,36.73,404.07,1.5745,0.0442,4.6496,2.4635,11.0,0.0,0.0,BENIGN_WEB
31.8827,42.0,21.0,21.0,15809.98,9194.97,6615.01,495.88,1.32,0.1632,376.43,49.9,301.58,466.24,346.45,328.0,0.5513,51.74,19.93,10.35,113.84,0.3852,0.4471,3.2696,3.9666,61.0,1.0,0.0,DOH_DATA_TUNNEL
26.0278,25.0,9.0,16.0,21952.82,3486.61,18466.21,843.44,0.96,-0.6824,878.11,347.38,357.05,1500.0,757.25,747.36,0.4986,1041.11,1726.54,208.22,2290.44,1.6584,0.1015,4.3453,2.7002,18.0,0.0,0.0,BENIGN_WEB
29.6948,134.0,67.0,67.0,57238.94,36019.52,21219.41,1927.57,4.51,0.2586,427.16,81.86,304.37,574.5,395.06,422.28,0.2271,197.2,87.19,39.44,433.84,0.4421,0.6526,3.5032,3.9631,31.0,1.0,0.0,DOH_DATA_TUNNEL
8.3647,70.0,22.0,48.0,52143.61,14370.2,37773.41,6233.78,8.37,-0.4488,744.91,455.3,61.96,1500.0,704.71,749.54,0.3097,119.5,87.6,23.9,262.89,0.7331,0.0169,4.6145,2.2737,21.0,0.0,0.0,BENIGN_WEB
24.4238,69.0,22.0,47.0,43124.55,12365.55,30759.0,1765.68,2.83,-0.4265,624.99,324.18,138.73,1208.51,696.15,626.7,0.2641,353.97,313.67,70.79,778.73,0.8862,0.0956,4.0645,2.6416,12.0,0.0,0.0,BENIGN_WEB
22.8381,130.0,65.0,65.0,57965.82,35554.66,22411.16,2538.12,5.69,0.2267,445.89,77.45,329.71,585.31,417.34,450.39,0.2141,107.15,29.73,21.43,235.73,0.2774,0.7046,3.6618,4.0815,34.0,0.0,0.0,DOH_DATA_TUNNEL
2.5952,28.0,8.0,20.0,20700.85,1905.09,18795.77,7976.59,10.79,-0.8159,739.32,464.64,42.36,1500.0,686.37,783.66,0.3645,92.69,90.26,18.54,203.91,0.9738,0.058,4.1718,2.9117,18.0,0.0,0.0,BENIGN_WEB
6.9695,18.0,6.0,12.0,15283.0,3391.68,11891.31,2192.84,2.58,-0.5561,849.06,570.24,40.0,1500.0,824.48,861.2,0.4771,387.19,615.83,77.44,851.83,1.5905,0.1342,5.0847,2.8447,15.0,0.0,0.0,BENIGN_WEB
28.3367,78.0,28.0,50.0,69478.13,17134.82,52343.31,2451.87,2.75,-0.5068,890.75,532.9,91.39,1500.0,855.35,776.14,0.4791,363.29,396.33,72.66,799.24,1.0909,0.0641,4.3,3.0735,14.0,0.0,0.0,BENIGN_WEB
1.8471,54.0,15.0,39.0,35546.42,4037.22,31509.2,19244.12,29.23,-0.7728,658.27,410.56,42.43,1397.27,606.95,714.83,0.3441,34.21,34.07,6.84,75.25,0.996,0.1266,4.9818,3.0562,13.0,0.0,0.0,BENIGN_WEB
19.5315,31.0,10.0,21.0,29114.17,5780.07,23334.11,1490.63,1.59,-0.6029,939.17,544.22,122.83,1500.0,914.33,902.23,0.3833,630.05,627.75,126.01,1386.1,0.9964,0.1085,5.0728,2.4113,8.0,0.0,0.0,BENIGN_WEB
21.3475,81.0,24.0,57.0,64239.97,16894.94,47345.03,3009.25,3.79,-0.474,793.09,455.88,109.27,1500.0,865.97,896.9,0.2816,263.55,325.0,52.71,579.81,1.2332,0.0634,3.7145,2.4658,16.0,0.0,0.0,BENIGN_WEB
25.6441,62.0,24.0,38.0,56682.08,12962.19,43719.89,2210.34,2.42,-0.5426,914.23,415.48,291.01,1500.0,900.05,853.84,0.3371,413.61,431.72,82.72,909.95,1.0438,0.0577,4.7948,2.4803,15.0,0.0,0.0,BENIGN_WEB
18.6938,73.0,23.0,50.0,58087.03,10484.81,47602.22,3107.29,3.91,-0.639,795.71,573.96,40.0,1500.0,772.13,826.38,0.256,256.08,415.97,51.22,563.37,1.6244,0.0692,3.7615,2.235,16.0,0.0,0.0,BENIGN_WEB
18.3377,46.0,16.0,30.0,44982.43,4124.2,40858.24,2453.0,2.51,-0.8166,977.88,571.88,120.05,1500.0,884.32,1115.24,0.5839,398.65,670.72,79.73,877.02,1.6825,0.0436,5.094,2.4929,19.0,0.0,0.0,BENIGN_WEB
10.7366,1353.0,1185.0,168.0,1874045.17,1691235.68,182809.49,174547.81,126.02,0.8049,1385.1,250.52,1009.33,1500.0,1448.06,1428.24,0.5018,34.79,17.31,6.96,76.55,0.4974,0.1818,2.5906,3.0577,28.0,1.0,0.0,DATA_EXFILTRATION
9.2873,41.0,16.0,25.0,25719.33,7336.51,18382.82,2769.3,4.41,-0.4295,627.3,532.02,40.0,1500.0,536.17,644.49,0.5303,226.52,187.74,45.3,498.34,0.8288,0.1099,4.4696,2.8346,21.0,0.0,0.0,BENIGN_WEB
13.7443,61.0,19.0,42.0,39434.75,6618.49,32816.26,2869.18,4.44,-0.6643,646.47,485.43,40.0,1500.0,731.78,621.38,0.5693,225.32,324.29,45.06,495.7,1.4393,0.0398,4.5511,3.0605,12.0,0.0,0.0,BENIGN_WEB
19.0665,153.0,76.0,77.0,61440.19,38053.15,23387.04,3222.41,8.02,0.2387,401.57,83.24,276.71,551.4,456.29,383.18,0.1921,236.58,76.94,47.32,520.47,0.3252,0.4536,3.1335,4.2694,51.0,1.0,0.0,DOH_DATA_TUNNEL
33.998,1471.0,1246.0,225.0,1804258.56,1741936.72,62321.84,53069.56,43.27,0.9309,1226.55,203.29,921.62,1500.0,1354.24,1123.89,0.5112,38.01,9.44,7.6,83.61,0.2484,0.1398,2.7362,2.9141,29.0,0.0,0.0,DATA_EXFILTRATION
11.3337,21.0,7.0,14.0,13754.46,2691.54,11062.93,1213.59,1.85,-0.6086,654.97,532.51,40.0,1500.0,715.43,570.1,0.4541,539.7,604.42,107.94,1187.34,1.1199,0.0753,4.3308,2.9982,9.0,0.0,0.0,BENIGN_WEB
27.5462,92.0,46.0,46.0,29812.91,19475.6,10337.31,1082.29,3.34,0.3065,324.05,61.58,231.68,434.9,364.76,285.74,0.2444,80.64,38.01,16.13,177.4,0.4714,0.7006,3.3132,4.5455,35.0,1.0,0.0,DOH_DATA_TUNNEL
3.2532,49.0,14.0,35.0,44541.31,11268.96,33272.35,13691.38,15.06,-0.494,909.01,509.78,144.34,1500.0,913.19,814.78,0.2893,66.39,82.35,13.28,146.06,1.2403,0.0246,4.536,2.2353,8.0,0.0,0.0,BENIGN_WEB
16.7392,67.0,27.0,40.0,64824.3,17185.61,47638.69,3872.6,4.0,-0.4698,967.53,414.37,345.98,1500.0,955.22,858.9,0.4412,249.84,201.64,49.97,549.65,0.8071,0.0346,4.8977,2.7155,15.0,0.0,0.0,BENIGN_WEB
22.0202,76.0,27.0,49.0,49964.02,6867.83,43096.19,2269.01,3.45,-0.7251,657.42,482.08,40.0,1500.0,723.84,753.43,0.4513,289.74,364.7,57.95,637.43,1.2587,0.0814,4.147,2.3192,12.0,0.0,0.0,BENIGN_WEB
18.6708,101.0,50.0,51.0,40311.97,24285.77,16026.2,2159.09,5.41,0.2049,399.13,43.76,333.49,477.9,414.85,402.63,0.1887,225.77,125.63,45.15,496.69,0.5565,0.6391,3.2944,4.5315,49.0,0.0,0.0,DOH_DATA_TUNNEL
