flow_duration,total_packets,fwd_packets,bwd_packets,total_bytes,fwd_bytes,bwd_bytes,bytes_per_sec,packets_per_sec,pcr,pkt_len_mean,pkt_len_std,pkt_len_min,pkt_len_max,fwd_pkt_len_mean,bwd_pkt_len_mean,bimodal_ratio,iat_mean_ms,iat_std_ms,iat_min_ms,iat_max_ms,iat_jitter_coeff,beaconing_score,pkt_size_entropy,sni_entropy,sni_length,ja3_threat_flag,is_suspicious_port,label
12.5571,83.0,23.0,60.0,63300.85,16852.9,46447.95,5041.03,6.61,-0.4675,762.66,387.32,181.69,1459.83,653.56,739.6,0.2677,151.29,172.49,30.26,332.84,1.1401,0.0763,3.9516,2.2151,19.0,0.0,0.0,BENIGN_WEB
21.3751,1467.0,1305.0,162.0,1981897.39,1843277.48,138619.9,92719.87,68.63,0.8601,1350.99,193.89,1060.16,1500.0,1159.87,1404.84,0.305,22.06,10.33,4.41,48.53,0.4684,0.1496,1.9159,3.6087,23.0,1.0,0.0,DATA_EXFILTRATION
49.7757,9.0,4.0,5.0,2368.33,1114.77,1253.55,47.58,0.18,-0.0586,263.15,83.21,138.33,412.93,239.27,279.17,0.5879,6979.2,310.88,1395.84,15354.25,0.0445,0.9454,2.6758,3.5381,23.0,1.0,0.0,C2_BEACONING
99.9322,21.0,10.0,11.0,6201.61,4015.03,2186.58,62.06,0.21,0.2948,295.31,66.64,195.35,415.27,281.12,319.4,0.385,14265.89,790.2,2853.18,31384.96,0.0554,0.9513,2.7443,3.8742,31.0,0.0,1.0,C2_BEACONING
65.4455,24.0,12.0,12.0,5866.74,3200.56,2666.19,89.64,0.37,0.0911,244.45,46.09,175.31,327.41,224.24,225.95,0.2138,18572.22,1600.69,3714.44,40858.89,0.0862,0.9569,2.9132,3.6464,16.0,1.0,0.0,C2_BEACONING
34.0363,25.0,12.0,13.0,7795.04,4277.42,3517.62,229.02,0.73,0.0975,311.8,139.02,103.28,562.03,322.16,342.74,0.4048,18823.21,372.16,3764.64,41411.06,0.0198,0.8958,2.74,3.9058,30.0,1.0,0.0,C2_BEACONING
67.906,16.0,8.0,8.0,6054.73,3044.71,3010.02,89.16,0.24,0.0057,378.42,121.05,196.85,596.31,345.47,342.19,0.3937,24539.85,2442.0,4907.97,53987.67,0.0995,0.9616,2.9787,3.7543,33.0,1.0,0.0,C2_BEACONING
34.4486,1065.0,921.0,144.0,1351699.63,1251473.47,100226.16,39238.16,30.92,0.8517,1269.2,143.25,1054.32,1500.0,1362.16,1097.4,0.3794,23.58,8.6,4.72,51.88,0.3646,0.1296,2.4308,3.1376,26.0,0.0,0.0,DATA_EXFILTRATION
10.7301,41.0,11.0,30.0,39285.24,11103.95,28181.29,3661.22,3.82,-0.4347,958.18,469.31,254.22,1500.0,899.69,1018.57,0.3125,261.71,221.71,52.34,575.76,0.8472,0.1353,3.7414,2.7887,11.0,0.0,0.0,BENIGN_WEB
28.521,30.0,10.0,20.0,24002.55,5846.35,18156.19,841.57,1.05,-0.5129,800.08,358.22,262.76,1444.88,824.61,688.72,0.5517,950.7,713.15,190.14,2091.54,0.7501,0.099,4.756,2.4846,9.0,0.0,0.0,BENIGN_WEB
21.3197,27.0,9.0,18.0,16930.81,1932.8,14998.01,794.14,1.27,-0.7717,627.07,528.12,40.0,1500.0,647.08,675.79,0.447,789.62,1216.36,157.92,1737.16,1.5404,0.0301,4.7758,2.5044,8.0,0.0,0.0,BENIGN_WEB
23.8376,1057.0,875.0,182.0,1352027.85,1308263.3,43764.56,56718.27,44.34,0.9353,1279.12,171.86,1021.33,1500.0,1325.36,1166.38,0.3367,11.02,6.25,2.2,24.24,0.5667,0.2313,2.3168,2.9729,26.0,0.0,0.0,DATA_EXFILTRATION
6.9527,46.0,14.0,32.0,31846.98,5202.51,26644.47,4580.54,6.62,-0.6733,692.33,443.73,40.0,1491.03,709.66,627.27,0.4804,151.14,139.99,30.23,332.52,0.9262,0.1199,3.9643,2.5149,17.0,0.0,0.0,BENIGN_WEB
13.267,46.0,14.0,32.0,41008.36,10251.1,30757.26,3091.02,3.47,-0.5,891.49,516.76,116.35,1500.0,797.92,898.96,0.2442,288.41,447.8,57.68,634.51,1.5526,0.1243,3.9436,2.5656,14.0,0.0,0.0,BENIGN_WEB
31.3857,1479.0,1299.0,180.0,2050146.35,1960086.5,90059.85,65320.96,47.12,0.9121,1386.17,162.03,1143.13,1500.0,1350.94,1479.64,0.4408,43.54,21.32,8.71,95.8,0.4897,0.1707,2.8138,3.732,24.0,0.0,0.0,DATA_EXFILTRATION
19.9505,51.0,15.0,36.0,37589.62,10135.25,27454.38,1884.14,2.56,-0.4607,737.05,448.0,65.05,1500.0,761.96,720.99,0.2491,391.19,475.56,78.24,860.61,1.2157,0.0322,4.6334,2.1347,13.0,0.0,0.0,BENIGN_WEB
14.9836,68.0,22.0,46.0,68970.32,14073.07,54897.26,4603.05,4.54,-0.5919,1014.27,458.64,326.3,1500.0,1072.97,1001.98,0.2089,220.35,158.47,44.07,484.76,0.7192,0.1067,3.7139,2.8178,19.0,0.0,0.0,BENIGN_WEB
16.652,80.0,33.0,47.0,54384.49,8963.12,45421.37,3265.94,4.8,-0.6704,679.81,579.99,40.0,1500.0,622.89,635.24,0.4607,208.15,173.45,41.63,457.93,0.8333,0.0177,4.6245,2.2744,17.0,0.0,0.0,BENIGN_WEB
25.2921,23.0,7.0,16.0,21045.59,5726.42,15319.17,832.1,0.91,-0.4558,915.03,558.24,77.67,1500.0,901.68,1023.63,0.3992,1099.66,1540.14,219.93,2419.24,1.4006,0.107,5.0804,2.1269,13.0,0.0,0.0,BENIGN_WEB
27.5816,44.0,15.0,29.0,30815.16,6859.93,23955.23,1117.24,1.6,-0.5548,700.34,397.51,104.07,1415.87,703.65,680.92,0.2043,626.85,706.53,125.37,1379.08,1.1271,0.0624,4.3101,2.3918,14.0,0.0,0.0,BENIGN_WEB
19.7426,17.0,6.0,11.0,12881.27,2024.51,10856.76,652.46,0.86,-0.6857,757.72,343.95,241.79,1376.84,810.87,705.81,0.2659,1161.33,1966.24,232.27,2554.93,1.6931,0.0901,4.4855,2.6914,13.0,0.0,0.0,BENIGN_WEB
43.2194,13.0,6.0,7.0,2947.16,1938.08,1009.08,68.19,0.3,0.3152,226.7,50.96,150.27,318.43,232.93,230.57,0.185,12618.09,589.31,2523.62,27759.79,0.0467,0.8941,2.1223,3.9997,15.0,0.0,0.0,C2_BEACONING
24.721,875.0,775.0,100.0,1138369.74,1046872.42,91497.33,46048.62,35.39,0.8392,1300.99,203.94,995.08,1500.0,1475.94,1237.94,0.2959,44.69,27.35,8.94,98.32,0.6119,0.1583,2.3356,3.7372,22.0,1.0,0.0,DATA_EXFILTRATION
24.803,24.0,12.0,12.0,9636.14,4711.12,4925.02,388.51,0.97,-0.0222,401.51,109.72,236.93,599.0,415.88,383.25,0.4157,4628.03,480.93,925.61,10181.67,0.1039,0.9409,2.827,3.6823,19.0,1.0,0.0,C2_BEACONING
42.9982,8.0,4.0,4.0,2236.0,1307.53,928.47,52.0,0.19,0.1695,279.5,110.9,113.15,479.12,287.41,245.93,0.3988,8747.2,747.4,1749.44,19243.83,0.0854,0.9559,2.9584,3.846,29.0,1.0,0.0,C2_BEACONING
47.8689,1587.0,1420.0,167.0,2191270.39,2013818.01,177452.38,45776.49,33.15,0.838,1380.76,147.66,1159.28,1500.0,1316.91,1329.01,0.6083,36.27,13.54,7.25,79.8,0.3732,0.203,2.8033,3.8181,25.0,1.0,0.0,DATA_EXFILTRATION
52.9738,367.0,329.0,38.0,502062.22,454302.45,47759.78,9477.55,6.93,0.8097,1368.02,171.48,1110.8,1500.0,1215.68,1545.27,0.4118,20.77,11.34,4.15,45.69,0.5463,0.2057,2.7763,3.2481,24.0,1.0,0.0,DATA_EXFILTRATION
22.9255,1491.0,1341.0,150.0,1839739.99,1701857.26,137882.72,80248.61,65.04,0.8501,1233.9,198.72,935.82,1500.0,1331.84,1266.12,0.4479,34.83,17.98,6.97,76.62,0.5164,0.1469,2.11,3.7373,14.0,0.0,0.0,DATA_EXFILTRATION
53.7675,1279.0,1001.0,278.0,1782863.88,1620980.63,161883.25,33158.75,23.79,0.8184,1393.95,208.31,1081.48,1500.0,1249.28,1489.55,0.4229,18.74,4.31,3.75,41.23,0.2301,0.1475,1.9962,3.0874,21.0,1.0,0.0,DATA_EXFILTRATION
87.2877,19.0,9.0,10.0,5771.46,3306.65,2464.81,66.12,0.22,0.1459,303.76,91.01,167.25,467.58,328.91,275.8,0.4665,17928.81,682.1,3585.76,39443.38,0.038,0.9592,2.8758,4.1762,20.0,1.0,0.0,C2_BEACONING
6.7228,84.0,25.0,59.0,86989.75,11059.59,75930.16,12939.6,12.49,-0.7457,1035.59,524.52,248.81,1500.0,1012.04,1078.24,0.3465,80.03,137.31,16.01,176.07,1.7156,0.0529,4.2689,2.6636,21.0,0.0,0.0,BENIGN_WEB
30.688,64.0,23.0,41.0,64538.6,6932.41,57606.18,2103.05,2.09,-0.7852,1008.42,365.93,459.52,1500.0,1117.64,1083.24,0.4892,479.5,400.1,95.9,1054.9,0.8344,0.0325,3.9114,2.318,18.0,0.0,0.0,BENIGN_WEB
21.2752,57.0,18.0,39.0,52262.26,5832.66,46429.6,2456.49,2.68,-0.7768,916.88,335.8,413.17,1500.0,953.3,792.8,0.4303,373.25,649.49,74.65,821.15,1.7401,0.0129,4.4834,2.228,15.0,0.0,0.0,BENIGN_WEB
82.4714,20.0,10.0,10.0,8177.67,4339.65,3838.02,99.16,0.24,0.0613,408.88,78.09,291.75,549.44,463.28,436.67,0.2728,10508.65,1023.79,2101.73,23119.04,0.0974,0.898,2.3942,3.7895,33.0,0.0,0.0,C2_BEACONING
16.88,59.0,22.0,37.0,55525.19,11676.46,43848.73,3289.4,3.5,-0.5794,941.1,370.82,384.87,1500.0,804.5,1052.75,0.4282,286.1,249.59,57.22,629.42,0.8724,0.1264,3.8797,2.8376,20.0,0.0,0.0,BENIGN_WEB
19.1645,38.0,15.0,23.0,30794.54,3814.16,26980.38,1606.86,1.98,-0.7523,810.38,446.23,141.03,1500.0,716.24,691.82,0.2535,504.33,814.71,100.87,1109.52,1.6154,0.1249,3.6735,2.4714,13.0,0.0,0.0,BENIGN_WEB
10.7773,36.0,10.0,26.0,31554.95,8695.8,22859.15,2927.9,3.34,-0.4488,876.53,397.86,279.74,1500.0,907.58,927.96,0.2099,299.37,508.89,59.87,658.62,1.6999,0.0392,4.1902,2.4756,19.0,0.0,0.0,BENIGN_WEB
24.5503,20.0,10.0,10.0,7803.75,4512.75,3291.0,317.87,0.81,0.1566,390.19,76.86,274.9,528.53,368.94,447.66,0.4029,6202.19,367.86,1240.44,13644.83,0.0593,0.9721,2.7316,3.822,26.0,0.0,1.0,C2_BEACONING
10.8787,44.0,18.0,26.0,42480.61,10987.43,31493.18,3904.94,4.04,-0.4827,965.47,336.13,461.28,1500.0,1043.97,928.15,0.4417,247.24,231.04,49.45,543.93,0.9345,0.0467,4.8277,2.8246,18.0,0.0,0.0,BENIGN_WEB
52.4259,1372.0,1235.0,137.0,1775193.85,1697374.82,77819.03,33861.02,26.17,0.9123,1293.87,165.2,1046.07,1500.0,1244.97,1464.25,0.4265,14.47,8.35,2.89,31.83,0.5768,0.131,2.5983,3.3215,24.0,1.0,0.0,DATA_EXFILTRATION
81.8688,17.0,8.0,9.0,3267.7,2131.27,1136.42,39.91,0.21,0.3045,192.22,62.77,98.07,305.2,194.53,188.32,0.2562,6441.33,542.74,1288.27,14170.92,0.0843,0.9241,2.8392,4.0491,28.0,1.0,0.0,C2_BEACONING
14.9823,24.0,7.0,17.0,20055.34,4778.0,15277.33,1338.6,1.6,-0.5235,835.64,413.27,215.73,1500.0,902.91,811.4,0.5425,624.26,632.38,124.85,1373.38,1.013,0.0809,4.4094,2.8863,15.0,0.0,0.0,BENIGN_WEB
66.1779,21.0,10.0,11.0,7121.15,3449.51,3671.64,107.61,0.32,-0.0312,339.1,60.2,248.8,447.46,331.79,371.57,0.3124,25828.01,1788.81,5165.6,56821.62,0.0693,0.9109,2.1848,3.6197,28.0,1.0,0.0,C2_BEACONING
98.4238,8.0,4.0,4.0,1553.1,896.02,657.08,15.78,0.08,0.1539,194.14,133.98,40.0,435.29,188.73,213.54,0.2578,21734.56,266.62,4346.91,47816.04,0.0123,0.9874,3.0522,3.4892,31.0,0.0,0.0,C2_BEACONING
77.576,16.0,8.0,8.0,3365.71,1685.52,1680.19,43.39,0.21,0.0016,210.36,47.35,139.33,295.59,190.02,206.65,0.3966,14592.86,243.19,2918.57,32104.3,0.0167,0.9575,2.1784,3.7356,25.0,1.0,0.0,C2_BEACONING
26.4325,60.0,22.0,38.0,52873.05,5662.91,47210.14,2000.31,2.27,-0.7858,881.22,329.77,386.56,1474.81,957.05,912.15,0.318,440.54,385.47,88.11,969.19,0.875,0.0691,4.1712,2.6581,20.0,0.0,0.0,BENIGN_WEB
25.5064,62.0,25.0,37.0,65220.53,12609.68,52610.84,2557.02,2.43,-0.6133,1051.94,378.4,484.34,1500.0,1044.07,1151.22,0.4909,411.39,654.16,82.28,905.07,1.5901,0.1367,4.2049,2.1395,14.0,0.0,0.0,BENIGN_WEB
2.5537,77.0,27.0,50.0,54737.2,13837.34,40899.86,21434.13,30.15,-0.4944,710.87,500.02,40.0,1500.0,744.94,622.06,0.303,33.17,44.46,6.63,72.96,1.3404,0.0987,4.6467,2.6024,8.0,0.0,0.0,BENIGN_WEB
6.889,50.0,19.0,31.0,51193.92,12661.51,38532.41,7431.27,7.26,-0.5054,1023.88,446.59,354.0,1500.0,1129.44,1020.48,0.5175,137.78,199.09,27.56,303.12,1.445,0.1085,4.8215,2.9079,21.0,0.0,0.0,BENIGN_WEB
21.494,52.0,21.0,31.0,33929.27,5498.89,28430.38,1578.54,2.42,-0.6759,652.49,391.6,65.09,1357.37,706.66,590.93,0.4857,413.35,327.18,82.67,909.36,0.7915,0.1105,4.0356,2.5227,15.0,0.0,0.0,BENIGN_WEB
86.7381,9.0,4.0,5.0,2791.5,1653.98,1137.52,32.18,0.1,0.185,310.17,93.9,169.32,479.19,271.01,315.16,0.5477,22396.31,1400.67,4479.26,49271.89,0.0625,0.9743,2.3569,3.8079,33.0,1.0,0.0,C2_BEACONING
45.8125,14.0,7.0,7.0,3330.92,1620.5,1710.42,72.71,0.31,-0.027,237.92,116.9,62.57,448.35,261.56,257.93,0.3498,8780.82,950.37,1756.16,19317.79,0.1082,0.8836,2.3381,3.907,21.0,1.0,0.0,C2_BEACONING
21.9163,29.0,9.0,20.0,18195.34,3514.08,14681.25,830.22,1.32,-0.6137,627.43,574.03,40.0,1500.0,716.64,543.51,0.554,755.74,1035.76,151.15,1662.62,1.3705,0.017,3.8937,2.4195,17.0,0.0,0.0,BENIGN_WEB
50.9874,1438.0,1275.0,163.0,2023085.65,1971749.09,51336.55,39678.15,28.2,0.9492,1406.87,269.11,1003.21,1500.0,1497.6,1582.24,0.2078,35.69,22.78,7.14,78.52,0.6382,0.2171,1.9469,3.4981,24.0,0.0,0.0,DATA_EXFILTRATION
49.0663,20.0,10.0,10.0,7873.62,4343.1,3530.51,160.47,0.41,0.1032,393.68,61.56,301.34,504.5,401.03,353.32,0.3536,21986.2,2252.94,4397.24,48369.63,0.1025,0.9713,3.0338,3.5774,25.0,1.0,0.0,C2_BEACONING
47.4384,11.0,5.0,6.0,2410.21,1525.1,885.1,50.81,0.23,0.2655,219.11,82.3,95.67,367.24,202.2,210.66,0.4868,16026.82,1494.8,3205.36,35259.01,0.0933,0.8926,2.9299,3.5414,24.0,1.0,0.0,C2_BEACONING
15.3699,48.0,18.0,30.0,37022.09,9883.09,27139.0,2408.74,3.12,-0.4661,771.29,398.99,172.81,1489.48,761.04,768.48,0.4564,320.21,519.69,64.04,704.45,1.623,0.0141,5.0715,2.6879,18.0,0.0,0.0,BENIGN_WEB
49.3556,15.0,7.0,8.0,5912.93,3435.46,2477.46,119.8,0.3,0.162,394.2,132.11,196.02,632.0,419.42,439.31,0.3654,19514.25,294.14,3902.85,42931.34,0.0151,0.9167,2.4126,3.7383,27.0,1.0,0.0,C2_BEACONING
31.6552,24.0,12.0,12.0,7187.85,4505.05,2682.8,227.07,0.76,0.2535,299.49,124.8,112.3,524.12,269.28,325.89,0.4961,26180.24,585.28,5236.05,57596.53,0.0224,0.952,2.9792,3.4825,31.0,0.0,0.0,C2_BEACONING
17.7639,15.0,4.0,11.0,10805.05,2433.14,8371.91,608.26,0.84,-0.5496,720.34,572.42,40.0,1500.0,754.69,626.39,0.5514,1184.26,1082.04,236.85,2605.38,0.9137,0.1148,5.0075,2.1057,8.0,0.0,0.0,BENIGN_WEB
35.4922,24.0,12.0,12.0,7937.32,4404.95,3532.36,223.64,0.68,0.1099,330.72,129.95,135.79,564.64,330.04,366.98,0.2077,16601.47,569.74,3320.29,36523.24,0.0343,0.9174,2.7698,4.1359,19.0,1.0,1.0,C2_BEACONING
18.8106,832.0,686.0,146.0,1093671.76,1073768.51,19903.25,58141.4,44.23,0.9636,1314.51,189.2,1030.71,1500.0,1164.94,1252.7,0.1966,37.89,22.89,7.58,83.36,0.6042,0.1862,2.3968,3.7173,26.0,1.0,0.0,DATA_EXFILTRATION
27.0978,34.0,12.0,22.0,27236.27,5272.65,21963.61,1005.11,1.25,-0.6128,801.07,380.3,230.62,1485.6,875.53,756.18,0.3108,796.99,739.07,159.4,1753.39,0.9273,0.0621,3.8077,2.4925,16.0,0.0,0.0,BENIGN_WEB
30.0188,19.0,9.0,10.0,7687.32,4628.71,3058.61,256.08,0.63,0.2042,404.6,71.18,297.82,532.73,407.75,433.71,0.2099,14793.03,647.01,2958.61,32544.67,0.0437,0.9823,2.5397,3.6042,32.0,1.0,1.0,C2_BEACONING
32.6233,635.0,583.0,52.0,815686.43,789996.77,25689.66,25003.17,19.46,0.937,1284.55,124.64,1097.58,1500.0,1309.86,1333.39,0.6109,15.65,7.39,3.13,34.43,0.4721,0.1325,2.6695,3.0084,29.0,0.0,1.0,DATA_EXFILTRATION
31.7607,63.0,18.0,45.0,49094.24,10783.24,38311.01,1545.75,1.98,-0.5607,779.27,542.45,40.0,1500.0,745.38,695.43,0.4032,504.14,504.69,100.83,1109.11,1.0011,0.0474,4.5861,2.9819,8.0,0.0,0.0,BENIGN_WEB
29.9615,1528.0,1200.0,328.0,2146636.74,1954885.38,191751.36,71646.51,51.0,0.8213,1404.87,234.28,1053.45,1500.0,1288.26,1581.28,0.3996,25.2,14.03,5.04,55.44,0.5568,0.1888,2.5467,3.3296,27.0,1.0,1.0,DATA_EXFILTRATION
24.6891,79.0,29.0,50.0,62878.88,6603.5,56275.38,2546.83,3.2,-0.79,795.94,571.99,40.0,1500.0,846.32,798.18,0.4229,312.52,501.26,62.5,687.54,1.6039,0.0785,4.6849,2.407,16.0,0.0,0.0,BENIGN_WEB
43.4623,11.0,5.0,6.0,4233.36,2538.06,1695.29,97.4,0.25,0.1991,384.85,46.01,315.84,467.67,368.65,427.37,0.2127,24813.82,2024.12,4962.76,54590.4,0.0816,0.963,2.6789,3.5158,22.0,1.0,0.0,C2_BEACONING
9.5803,76.0,23.0,53.0,51924.7,14464.47,37460.22,5419.95,7.93,-0.4429,683.22,502.43,40.0,1500.0,776.1,689.92,0.4525,126.06,167.1,25.21,277.32,1.3256,0.0507,4.6083,2.3428,12.0,0.0,0.0,BENIGN_WEB
9.8148,22.0,7.0,15.0,20758.17,5997.16,14761.01,2114.99,2.24,-0.4222,943.55,533.63,143.11,1500.0,964.46,938.88,0.2576,446.13,769.41,89.23,981.48,1.7247,0.1389,4.9592,2.7544,8.0,0.0,0.0,BENIGN_WEB
22.5826,60.0,20.0,40.0,55295.58,14068.14,41227.44,2448.6,2.66,-0.4912,921.59,322.79,437.42,1500.0,894.88,905.68,0.485,376.38,391.83,75.28,828.03,1.0411,0.1265,4.9889,2.5203,18.0,0.0,0.0,BENIGN_WEB
25.4443,68.0,19.0,49.0,51856.28,9606.66,42249.61,2038.03,2.67,-0.6295,762.59,349.7,238.05,1392.04,807.51,759.28,0.5198,374.18,296.97,74.84,823.2,0.7937,0.0828,4.9469,2.9281,17.0,0.0,0.0,BENIGN_WEB
8.9925,171.0,156.0,15.0,212756.87,206720.65,6036.22,23659.4,19.02,0.9433,1244.19,173.74,983.58,1500.0,1296.82,1160.16,0.2309,47.75,26.15,9.55,105.05,0.5476,0.2697,2.0022,3.2795,27.0,1.0,0.0,DATA_EXFILTRATION
64.2783,25.0,12.0,13.0,10149.68,6656.54,3493.14,157.9,0.39,0.3117,405.99,106.16,246.74,597.08,462.78,448.89,0.2115,6989.8,552.1,1397.96,15377.55,0.079,0.9653,2.3838,3.4591,27.0,0.0,0.0,C2_BEACONING
75.307,11.0,5.0,6.0,3264.78,2046.77,1218.0,43.35,0.15,0.2539,296.8,121.76,114.15,515.97,295.08,256.83,0.3595,8119.58,524.05,1623.92,17863.08,0.0645,0.9545,2.5245,3.9375,30.0,1.0,0.0,C2_BEACONING
29.9544,63.0,23.0,40.0,56503.59,6335.8,50167.79,1886.32,2.1,-0.7757,896.88,374.42,335.25,1500.0,946.7,873.03,0.2228,475.47,778.18,95.09,1046.03,1.6367,0.0676,4.11,2.4622,17.0,0.0,0.0,BENIGN_WEB
28.2207,1534.0,1220.0,314.0,1913063.71,1815898.04,97165.68,67789.31,54.36,0.8984,1247.11,192.4,958.5,1500.0,1317.44,1376.21,0.3015,42.48,22.98,8.5,93.46,0.541,0.1991,2.7353,3.4915,29.0,1.0,0.0,DATA_EXFILTRATION
21.8289,51.0,15.0,36.0,54418.55,13643.13,40775.42,2492.96,2.34,-0.4986,1067.03,533.2,267.22,1500.0,1048.66,1206.66,0.2626,428.02,446.29,85.6,941.64,1.0427,0.1378,4.3969,2.2459,18.0,0.0,0.0,BENIGN_WEB
29.593,75.0,30.0,45.0,58280.47,5873.14,52407.33,1969.4,2.53,-0.7985,777.07,565.83,40.0,1500.0,685.25,746.18,0.2717,394.57,354.37,78.91,868.06,0.8981,0.0594,4.9494,2.4791,11.0,0.0,0.0,BENIGN_WEB
46.0651,1075.0,988.0,87.0,1483033.19,1396223.75,86809.43,32194.3,23.34,0.8829,1379.57,223.95,1043.64,1500.0,1175.14,1578.24,0.3529,45.11,25.64,9.02,99.24,0.5685,0.1615,2.7291,3.6878,26.0,1.0,0.0,DATA_EXFILTRATION
54.9021,22.0,11.0,11.0,4450.46,2453.66,1996.8,81.06,0.4,0.1027,202.29,95.71,58.73,374.57,203.0,215.35,0.5132,13857.57,625.93,2771.51,30486.66,0.0452,0.9429,3.0554,3.5239,22.0,1.0,0.0,C2_BEACONING
40.1934,18.0,9.0,9.0,5846.69,3383.14,2463.55,145.46,0.45,0.1573,324.82,113.41,154.69,528.96,306.1,369.52,0.3893,10239.93,513.21,2047.99,22527.85,0.0501,0.9136,2.6964,4.0691,33.0,0.0,0.0,C2_BEACONING
8.3833,81.0,27.0,54.0,54303.43,9023.97,45279.46,6477.55,9.66,-0.6676,670.41,352.65,141.43,1305.19,704.43,615.1,0.3613,103.5,162.01,20.7,227.7,1.5653,0.0762,3.8403,2.6457,14.0,0.0,0.0,BENIGN_WEB
12.0762,78.0,29.0,49.0,72933.05,15610.88,57322.17,6039.41,6.46,-0.5719,935.04,361.26,393.15,1500.0,1044.38,974.56,0.1926,154.82,149.25,30.96,340.61,0.964,0.0466,3.6434,3.0927,8.0,0.0,0.0,BENIGN_WEB
101.0029,20.0,10.0,10.0,4568.97,2777.72,1791.25,45.24,0.2,0.2159,228.45,58.98,139.98,334.62,197.41,256.03,0.3643,25155.91,2743.75,5031.18,55343.0,0.1091,0.9841,2.7789,3.6374,33.0,1.0,0.0,C2_BEACONING
14.9608,22.0,8.0,14.0,16650.8,4257.97,12392.83,1112.96,1.47,-0.4886,756.85,514.81,40.0,1500.0,722.44,819.04,0.363,680.04,542.63,136.01,1496.08,0.7979,0.0821,4.5641,2.6852,10.0,0.0,0.0,BENIGN_WEB
15.6758,48.0,16.0,32.0,41730.56,7835.57,33894.99,2662.11,3.06,-0.6245,869.39,542.63,55.45,1500.0,795.78,945.04,0.5761,326.58,520.3,65.32,718.47,1.5932,0.0547,4.7594,2.228,12.0,0.0,0.0,BENIGN_WEB
23.6415,11.0,5.0,6.0,2530.28,1135.37,1394.91,107.03,0.47,-0.1026,230.03,139.73,40.0,481.54,203.94,196.2,0.314,22892.12,2425.76,4578.42,50362.67,0.106,0.9151,2.9802,4.1157,33.0,1.0,1.0,C2_BEACONING
74.6722,10.0,5.0,5.0,2721.65,1340.14,1381.51,36.45,0.13,-0.0152,272.17,124.89,84.83,496.97,277.32,311.71,0.3989,19154.91,411.61,3830.98,42140.8,0.0215,0.9044,2.3923,3.7471,20.0,1.0,1.0,C2_BEACONING
18.9176,72.0,20.0,52.0,72974.18,16525.61,56448.57,3857.48,3.81,-0.5471,1013.53,338.51,505.77,1500.0,1086.61,1102.9,0.4235,262.74,306.67,52.55,578.04,1.1672,0.0173,4.8184,2.7795,13.0,0.0,0.0,BENIGN_WEB
9.6361,57.0,18.0,39.0,54353.93,8141.33,46212.6,5640.68,5.92,-0.7004,953.58,490.75,217.46,1500.0,952.21,1078.7,0.3821,169.05,212.44,33.81,371.92,1.2566,0.113,4.1069,3.0541,16.0,0.0,0.0,BENIGN_WEB
14.4211,53.0,19.0,34.0,38146.9,4993.86,33153.04,2645.21,3.68,-0.7382,719.75,538.98,40.0,1500.0,630.01,657.95,0.6112,272.1,308.53,54.42,598.61,1.1339,0.047,3.6923,2.9634,11.0,0.0,0.0,BENIGN_WEB
26.143,67.0,22.0,45.0,65261.65,14436.42,50825.23,2496.33,2.56,-0.5576,974.05,530.13,178.85,1500.0,1117.24,849.89,0.5913,390.19,591.76,78.04,858.43,1.5166,0.0391,4.8819,2.9055,16.0,0.0,0.0,BENIGN_WEB
9.8099,1454.0,1271.0,183.0,2091999.26,1975694.33,116304.93,213253.6,148.22,0.8888,1438.79,153.72,1208.2,1500.0,1266.81,1506.96,0.3617,9.62,4.0,1.92,21.16,0.416,0.2086,1.9631,3.4245,20.0,0.0,0.0,DATA_EXFILTRATION
9.3503,57.0,18.0,39.0,45382.23,12981.58,32400.65,4853.55,6.1,-0.4279,796.18,554.07,40.0,1500.0,890.0,844.66,0.5244,164.04,126.05,32.81,360.89,0.7684,0.045,4.1205,2.3502,12.0,0.0,0.0,BENIGN_WEB
15.6028,24.0,8.0,16.0,22114.05,4080.5,18033.55,1417.32,1.54,-0.631,921.42,555.98,87.45,1500.0,926.7,951.22,0.2717,650.11,509.88,130.02,1430.25,0.7843,0.0851,4.8709,2.7346,19.0,0.0,0.0,BENIGN_WEB
30.1543,74.0,23.0,51.0,66213.18,6489.75,59723.43,2195.81,2.45,-0.804,894.77,455.46,211.58,1500.0,942.03,936.46,0.5393,407.49,376.08,81.5,896.48,0.9229,0.1344,4.4747,2.8511,13.0,0.0,0.0,BENIGN_WEB
40.4494,22.0,11.0,11.0,5081.24,2530.43,2550.82,125.62,0.54,-0.004,230.97,82.01,107.95,378.59,244.33,224.02,0.2343,9393.9,1003.47,1878.78,20666.57,0.1068,0.9788,2.4941,3.7097,23.0,0.0,1.0,C2_BEACONING
17.9691,476.0,373.0,103.0,636017.53,624065.58,11951.96,35395.12,26.49,0.9624,1336.17,220.48,1005.45,1500.0,1420.88,1193.01,0.4912,23.39,12.6,4.68,51.47,0.5385,0.2532,2.1728,3.6379,26.0,0.0,0.0,DATA_EXFILTRATION
16.242,54.0,17.0,37.0,35712.14,4084.36,31627.78,2198.75,3.32,-0.7713,661.34,564.42,40.0,1500.0,743.44,738.69,0.5317,300.78,459.23,60.16,661.71,1.5268,0.0148,4.5705,2.5505,14.0,0.0,0.0,BENIGN_WEB
24.1719,1400.0,1110.0,290.0,1788808.47,1605880.46,182928.01,74003.61,57.92,0.7955,1277.72,185.16,999.98,1500.0,1410.0,1092.69,0.5979,25.55,9.01,5.11,56.21,0.3525,0.2272,2.7055,3.3845,25.0,1.0,0.0,DATA_EXFILTRATION
45.9233,536.0,427.0,109.0,745131.2,700568.76,44562.44,16225.55,11.67,0.8804,1390.17,163.69,1144.64,1500.0,1345.66,1320.49,0.4447,13.4,7.11,2.68,29.47,0.5306,0.1539,2.0563,3.6732,15.0,0.0,0.0,DATA_EXFILTRATION
108.2657,25.0,12.0,13.0,9353.28,5713.36,3639.92,86.39,0.23,0.2217,374.13,70.39,268.54,500.84,345.63,320.5,0.3785,23049.05,1074.36,4609.81,50707.92,0.0466,0.8809,2.6817,3.6759,24.0,0.0,1.0,C2_BEACONING
65.221,11.0,5.0,6.0,3720.01,1670.18,2049.83,57.04,0.17,-0.1021,338.18,64.1,242.03,453.56,341.93,341.54,0.3789,4984.96,164.26,996.99,10966.92,0.033,0.8963,2.335,3.9976,24.0,1.0,0.0,C2_BEACONING
40.79,17.0,8.0,9.0,6296.12,3425.36,2870.77,154.35,0.42,0.0881,370.36,115.15,197.64,577.62,316.68,323.54,0.3041,5112.54,267.62,1022.51,11247.59,0.0523,0.8861,2.8899,4.1558,16.0,1.0,1.0,C2_BEACONING
38.7062,389.0,345.0,44.0,476358.45,444787.17,31571.27,12307.03,10.05,0.8674,1224.57,134.32,1023.09,1466.35,1093.52,1186.48,0.5594,25.58,12.97,5.12,56.27,0.5072,0.2416,2.1829,3.0603,25.0,0.0,0.0,DATA_EXFILTRATION
18.2111,183.0,156.0,27.0,240053.61,216688.02,23365.6,13181.68,10.05,0.8053,1311.77,153.38,1081.69,1500.0,1470.38,1204.9,0.4535,18.12,4.79,3.62,39.86,0.2646,0.2225,2.3061,3.1386,21.0,1.0,0.0,DATA_EXFILTRATION
29.1168,38.0,11.0,27.0,29228.99,6066.87,23162.12,1003.85,1.31,-0.5849,769.18,431.47,121.98,1500.0,804.91,805.17,0.4233,766.23,1261.08,153.25,1685.71,1.6458,0.0967,4.1043,2.4408,18.0,0.0,0.0,BENIGN_WEB
106.7698,11.0,5.0,6.0,2355.11,1187.59,1167.53,22.06,0.1,0.0085,214.1,103.88,58.29,401.08,200.55,200.67,0.3631,13276.46,855.28,2655.29,29208.21,0.0644,0.942,2.8949,3.9582,18.0,1.0,1.0,C2_BEACONING
28.4939,10.0,5.0,5.0,4098.15,2272.3,1825.85,143.83,0.35,0.1089,409.82,124.39,223.24,633.71,378.57,357.69,0.2651,23537.46,2052.14,4707.49,51782.41,0.0872,0.8969,2.7525,3.6605,15.0,1.0,0.0,C2_BEACONING
78.2954,10.0,5.0,5.0,3943.18,2018.99,1924.19,50.36,0.13,0.024,394.32,135.91,190.46,638.95,340.47,450.07,0.4695,13463.4,203.58,2692.68,29619.47,0.0151,0.8984,2.7901,3.739,32.0,1.0,0.0,C2_BEACONING
23.808,34.0,10.0,24.0,23209.09,2162.02,21047.07,974.84,1.43,-0.8137,682.62,562.39,40.0,1500.0,690.3,729.31,0.4951,700.24,1122.07,140.05,1540.52,1.6024,0.1312,3.8244,2.4528,13.0,0.0,0.0,BENIGN_WEB
6.0882,53.0,21.0,32.0,41279.33,8645.5,32633.83,6780.25,8.71,-0.5811,778.86,372.41,220.24,1449.19,785.39,679.63,0.374,114.87,86.7,22.97,252.72,0.7548,0.0521,4.61,2.9496,21.0,0.0,0.0,BENIGN_WEB
40.3708,876.0,703.0,173.0,1158540.05,1048814.12,109725.93,28697.46,21.7,0.8106,1322.53,184.36,1046.0,1500.0,1414.18,1430.94,0.4279,37.42,12.19,7.48,82.32,0.3257,0.2788,2.7655,3.1026,19.0,0.0,0.0,DATA_EXFILTRATION
30.4717,20.0,10.0,10.0,5764.46,3351.27,2413.19,189.17,0.66,0.1627,288.22,58.97,199.76,394.38,329.68,262.63,0.3094,22208.66,1436.92,4441.73,48859.06,0.0647,0.9084,2.8459,3.972,31.0,1.0,0.0,C2_BEACONING
50.4229,270.0,221.0,49.0,353538.7,338584.1,14954.6,7011.47,5.35,0.9154,1309.4,158.92,1071.03,1500.0,1226.8,1479.24,0.204,46.43,13.28,9.29,102.14,0.286,0.189,2.4978,3.3366,16.0,0.0,1.0,DATA_EXFILTRATION
14.019,43.0,16.0,27.0,39639.41,6966.2,32673.21,2827.55,3.07,-0.6485,921.85,478.99,203.36,1500.0,910.71,971.43,0.4629,326.02,380.04,65.2,717.25,1.1657,0.0369,4.1846,2.2162,17.0,0.0,0.0,BENIGN_WEB
28.3316,58.0,22.0,36.0,40097.93,10292.09,29805.85,1415.31,2.05,-0.4867,691.34,535.23,40.0,1500.0,620.63,767.24,0.3909,488.48,686.26,97.7,1074.65,1.4049,0.0216,4.9151,3.0611,11.0,0.0,0.0,BENIGN_WEB
11.4465,35.0,13.0,22.0,26932.47,7340.78,19591.69,2352.89,3.06,-0.4549,769.5,403.38,164.44,1495.57,738.33,731.57,0.2212,327.04,560.45,65.41,719.5,1.7137,0.0474,4.4236,2.3875,20.0,0.0,0.0,BENIGN_WEB
25.3596,66.0,27.0,39.0,44811.92,12617.9,32194.03,1767.06,2.6,-0.4369,678.97,362.06,135.88,1330.67,726.13,634.08,0.2884,384.24,520.26,76.85,845.32,1.354,0.1279,4.4315,2.4038,10.0,0.0,0.0,BENIGN_WEB
49.2936,173.0,146.0,27.0,241643.17,238758.95,2884.21,4902.12,3.51,0.9761,1396.78,240.69,1035.75,1500.0,1383.92,1588.85,0.231,40.55,18.37,8.11,89.22,0.4529,0.1665,2.8944,3.2275,25.0,0.0,0.0,DATA_EXFILTRATION
2.3796,41.0,14.0,27.0,37465.7,8306.48,29159.22,15744.33,17.23,-0.5566,913.8,409.74,299.19,1500.0,871.02,1008.49,0.4881,58.04,71.49,11.61,127.69,1.2317,0.0929,4.0595,2.3051,8.0,0.0,0.0,BENIGN_WEB
23.2009,33.0,12.0,21.0,33528.61,6921.81,26606.81,1445.14,1.42,-0.5871,1016.02,473.15,306.29,1500.0,931.77,1064.75,0.5043,703.06,1073.38,140.61,1546.73,1.5267,0.1009,4.6042,2.3454,13.0,0.0,0.0,BENIGN_WEB
28.8618,16.0,4.0,12.0,14167.75,3013.28,11154.47,490.88,0.55,-0.5746,885.48,535.27,82.58,1500.0,926.31,784.49,0.2489,1803.86,2049.88,360.77,3968.5,1.1364,0.1209,3.9154,2.6821,18.0,0.0,0.0,BENIGN_WEB
18.6829,1375.0,1200.0,175.0,1831198.78,1691122.44,140076.34,98014.74,73.6,0.847,1331.78,215.2,1008.98,1500.0,1444.97,1490.27,0.3144,27.18,9.87,5.44,59.8,0.363,0.1273,2.2543,2.9894,22.0,1.0,1.0,DATA_EXFILTRATION
2.613,37.0,12.0,25.0,29306.68,3607.72,25698.96,11215.66,14.16,-0.7538,792.07,362.63,248.12,1444.81,773.35,890.38,0.5911,70.62,113.66,14.12,155.37,1.6094,0.136,4.808,2.6405,17.0,0.0,0.0,BENIGN_WEB
54.6592,1543.0,1309.0,234.0,2003264.72,1838361.18,164903.54,36650.08,28.23,0.8354,1298.29,118.19,1121.01,1500.0,1357.4,1347.23,0.3971,40.57,11.55,8.11,89.26,0.2847,0.2114,2.214,3.3836,25.0,1.0,0.0,DATA_EXFILTRATION
59.0409,9.0,4.0,5.0,3181.26,2086.69,1094.57,53.88,0.15,0.3119,353.47,133.18,153.71,593.19,351.56,302.56,0.2204,11532.26,821.1,2306.45,25370.98,0.0712,0.8933,2.6526,4.1032,33.0,0.0,0.0,C2_BEACONING
22.8771,84.0,26.0,58.0,65322.4,7025.49,58296.91,2855.36,3.67,-0.7849,777.65,507.29,40.0,1500.0,746.21,690.02,0.2468,272.35,273.73,54.47,599.16,1.0051,0.0325,3.6891,2.6918,9.0,0.0,0.0,BENIGN_WEB
16.9837,64.0,19.0,45.0,49375.4,6807.97,42567.43,2907.21,3.77,-0.7242,771.49,566.08,40.0,1500.0,715.27,773.22,0.3597,265.37,216.58,53.07,583.82,0.8161,0.0911,3.6994,2.7309,20.0,0.0,0.0,BENIGN_WEB
30.2791,72.0,24.0,48.0,45317.72,8749.63,36568.09,1496.67,2.38,-0.6139,629.41,542.29,40.0,1500.0,619.51,539.24,0.234,420.54,509.44,84.11,925.2,1.2114,0.1293,3.6897,2.9451,16.0,0.0,0.0,BENIGN_WEB
77.0522,22.0,11.0,11.0,7135.59,4301.89,2833.7,92.61,0.29,0.2058,324.35,130.72,128.27,559.63,338.07,286.61,0.5081,24041.34,501.78,4808.27,52890.94,0.0209,0.9604,2.8749,4.1979,20.0,1.0,1.0,C2_BEACONING
31.2744,25.0,8.0,17.0,16847.06,3062.69,13784.37,538.69,0.8,-0.6364,673.88,524.58,40.0,1500.0,618.37,626.7,0.196,1250.98,1515.74,250.2,2752.15,1.2116,0.1177,4.7951,2.4224,12.0,0.0,0.0,BENIGN_WEB
25.6839,81.0,24.0,57.0,75876.66,13580.3,62296.36,2954.25,3.15,-0.642,936.75,408.35,324.23,1500.0,960.15,937.26,0.3047,317.08,348.17,63.42,697.59,1.098,0.0291,4.6974,2.9425,16.0,0.0,0.0,BENIGN_WEB
84.4954,15.0,7.0,8.0,5957.5,3385.07,2572.44,70.51,0.18,0.1364,397.17,58.42,309.54,502.32,389.37,356.1,0.4761,23481.93,1477.25,4696.39,51660.24,0.0629,0.8819,2.7305,4.1917,20.0,1.0,0.0,C2_BEACONING
29.8586,885.0,728.0,157.0,1100833.5,1002575.42,98258.08,36868.2,29.64,0.8215,1243.88,111.01,1077.36,1443.7,1189.22,1368.22,0.557,14.91,8.45,2.98,32.79,0.5671,0.2661,2.8517,3.2468,14.0,1.0,0.0,DATA_EXFILTRATION
54.4695,1482.0,1334.0,148.0,1815241.46,1752595.76,62645.7,33325.84,27.21,0.931,1224.86,251.64,847.39,1500.0,1318.63,1179.72,0.5862,26.73,15.47,5.35,58.8,0.5788,0.1409,2.8947,3.3623,17.0,1.0,0.0,DATA_EXFILTRATION
38.4233,376.0,323.0,53.0,496548.61,445701.2,50847.41,12923.1,9.79,0.7952,1320.61,159.25,1081.73,1500.0,1449.43,1351.42,0.483,27.78,11.01,5.56,61.12,0.3962,0.2383,2.2283,3.4728,18.0,1.0,1.0,DATA_EXFILTRATION
60.0248,14.0,7.0,7.0,5628.37,2541.8,3086.57,93.77,0.23,-0.0968,402.03,113.87,231.22,607.0,443.16,431.9,0.4091,13645.38,695.98,2729.08,30019.84,0.051,0.9466,2.5453,4.0234,25.0,1.0,1.0,C2_BEACONING
34.4233,942.0,742.0,200.0,1352094.82,1273337.12,78757.7,39278.45,27.37,0.8835,1435.34,184.95,1157.91,1500.0,1408.87,1393.72,0.5257,13.46,3.09,2.69,29.61,0.2297,0.2437,2.1139,3.7453,14.0,1.0,0.0,DATA_EXFILTRATION
16.8195,741.0,621.0,120.0,906132.77,879882.61,26250.16,53873.89,44.06,0.9421,1222.85,144.55,1006.02,1483.05,1398.91,1288.33,0.4848,24.18,6.01,4.84,53.2,0.2487,0.2797,2.5525,3.7452,29.0,0.0,0.0,DATA_EXFILTRATION
78.4059,20.0,10.0,10.0,7574.28,3446.13,4128.15,96.6,0.26,-0.09,378.71,55.12,296.04,477.92,406.83,413.06,0.402,18892.89,1745.79,3778.58,41564.37,0.0924,0.9563,3.0557,3.5863,31.0,1.0,0.0,C2_BEACONING
79.8514,21.0,10.0,11.0,5099.59,2839.22,2260.36,63.86,0.26,0.1135,242.84,88.35,110.31,401.87,218.25,246.41,0.5589,9317.52,694.99,1863.5,20498.54,0.0746,0.9626,3.0518,3.7018,30.0,1.0,0.0,C2_BEACONING
86.1417,14.0,7.0,7.0,5148.82,2580.02,2568.8,59.77,0.16,0.0022,367.77,53.95,286.85,464.88,362.33,419.59,0.3765,22609.18,1651.31,4521.84,49740.19,0.073,0.8851,2.1494,3.5133,20.0,1.0,1.0,C2_BEACONING
50.4826,22.0,11.0,11.0,5745.91,3235.63,2510.29,113.82,0.44,0.1262,261.18,71.45,154.0,389.79,274.28,226.16,0.3227,25058.71,590.03,5011.74,55129.17,0.0235,0.9363,2.6845,3.5141,33.0,1.0,0.0,C2_BEACONING
34.7152,25.0,12.0,13.0,6747.92,4314.62,2433.3,194.38,0.72,0.2788,269.92,138.76,61.77,519.69,301.1,270.97,0.3253,19098.7,2046.03,3819.74,42017.14,0.1071,0.9819,2.1583,3.5927,27.0,1.0,0.0,C2_BEACONING
24.8477,1064.0,909.0,155.0,1322157.66,1252110.73,70046.93,53210.48,42.82,0.894,1242.63,227.13,901.94,1500.0,1318.02,1201.37,0.2817,34.07,19.87,6.81,74.95,0.5831,0.2298,2.2832,3.5003,16.0,1.0,0.0,DATA_EXFILTRATION
28.7764,21.0,7.0,14.0,21755.8,5061.27,16694.54,756.03,0.73,-0.5347,1035.99,343.32,521.01,1500.0,1114.35,931.05,0.314,1370.3,1346.28,274.06,3014.67,0.9825,0.0339,3.9739,2.6353,14.0,0.0,0.0,BENIGN_WEB
46.656,1410.0,1127.0,283.0,1910497.96,1887227.82,23270.14,40948.58,30.22,0.9756,1354.96,211.69,1037.43,1500.0,1485.54,1492.06,0.4429,46.63,22.62,9.33,102.58,0.485,0.1954,2.1759,3.2448,23.0,1.0,0.0,DATA_EXFILTRATION
26.001,40.0,15.0,25.0,27961.32,6274.0,21687.32,1075.39,1.54,-0.5512,699.03,408.35,86.5,1434.07,643.47,761.14,0.5864,650.03,598.26,130.01,1430.06,0.9204,0.1312,4.5105,2.442,21.0,0.0,0.0,BENIGN_WEB
100.7263,20.0,10.0,10.0,5832.59,2797.04,3035.55,57.91,0.2,-0.0409,291.63,91.66,154.13,456.62,332.12,290.88,0.2018,19107.18,1619.98,3821.44,42035.79,0.0848,0.91,2.4891,3.5656,28.0,0.0,0.0,C2_BEACONING
86.0038,10.0,5.0,5.0,3161.96,1884.02,1277.94,36.77,0.12,0.1917,316.2,58.77,228.04,421.99,349.28,301.15,0.5187,20090.89,2142.23,4018.18,44199.97,0.1066,0.9655,2.526,4.1829,22.0,1.0,1.0,C2_BEACONING
13.4125,56.0,18.0,38.0,54047.56,11810.6,42236.96,4029.63,4.18,-0.563,965.14,441.85,302.36,1500.0,838.21,856.12,0.5265,239.51,222.26,47.9,526.92,0.928,0.1205,4.7979,3.0134,21.0,0.0,0.0,BENIGN_WEB
60.4504,9.0,4.0,5.0,3256.78,2084.66,1172.12,53.88,0.15,0.2802,361.86,69.74,257.25,487.4,370.19,329.09,0.2879,12038.18,921.87,2407.64,26484.01,0.0766,0.886,2.8088,4.1206,28.0,0.0,1.0,C2_BEACONING
19.8545,77.0,30.0,47.0,49512.81,11022.19,38490.62,2493.78,3.88,-0.5548,643.02,448.39,40.0,1450.13,654.87,567.36,0.2261,257.85,439.82,51.57,567.27,1.7057,0.0489,4.2642,2.7587,8.0,0.0,0.0,BENIGN_WEB
3.4381,24.0,9.0,15.0,21745.66,4243.65,17502.0,6324.83,6.98,-0.6097,906.07,327.04,415.5,1494.75,965.83,1024.66,0.2295,143.26,224.42,28.65,315.16,1.5666,0.092,4.8533,2.2993,15.0,0.0,0.0,BENIGN_WEB
3.5028,83.0,33.0,50.0,58872.17,11024.89,47847.28,16807.32,23.7,-0.6255,709.3,452.17,40.0,1500.0,750.05,725.0,0.6176,42.2,49.14,8.44,92.84,1.1645,0.1329,3.732,2.8646,10.0,0.0,0.0,BENIGN_WEB
89.548,22.0,11.0,11.0,7320.58,4006.44,3314.14,81.75,0.25,0.0946,332.75,122.07,149.65,552.48,290.32,336.47,0.5734,6735.83,321.41,1347.17,14818.82,0.0477,0.9183,2.4144,4.1979,29.0,1.0,0.0,C2_BEACONING
97.6145,12.0,6.0,6.0,2913.56,1530.12,1383.45,29.85,0.12,0.0503,242.8,70.93,136.41,370.47,260.67,228.92,0.5347,10150.91,386.9,2030.18,22331.99,0.0381,0.9493,2.513,3.8444,32.0,1.0,0.0,C2_BEACONING
17.1045,23.0,7.0,16.0,17839.4,2271.83,15567.57,1042.97,1.34,-0.7453,775.63,387.84,193.86,1473.74,728.82,669.44,0.4125,743.67,1013.35,148.73,1636.08,1.3626,0.135,4.8652,2.1952,19.0,0.0,0.0,BENIGN_WEB
29.3924,24.0,7.0,17.0,16172.21,4027.9,12144.3,550.22,0.82,-0.5019,673.84,340.66,162.86,1287.03,651.09,597.04,0.293,1224.68,1064.58,244.94,2694.3,0.8693,0.0773,4.2837,2.3089,19.0,0.0,0.0,BENIGN_WEB
10.3259,31.0,12.0,19.0,33457.88,6793.2,26664.69,3240.2,3.0,-0.5939,1079.29,383.08,504.67,1500.0,961.29,953.22,0.5646,333.09,347.47,66.62,732.8,1.0432,0.0819,4.5207,2.4611,19.0,0.0,0.0,BENIGN_WEB
66.469,18.0,9.0,9.0,6997.4,4490.28,2507.12,105.27,0.27,0.2834,388.74,84.78,261.58,541.34,428.2,422.38,0.192,16161.49,351.87,3232.3,35555.29,0.0218,0.8994,2.68,3.5161,17.0,1.0,1.0,C2_BEACONING
9.9729,51.0,20.0,31.0,49108.67,13833.02,35275.65,4924.19,5.11,-0.4366,962.92,514.65,190.94,1500.0,1038.83,825.72,0.6153,195.55,203.68,39.11,430.21,1.0416,0.0382,3.9545,2.6344,19.0,0.0,0.0,BENIGN_WEB
26.417,17.0,6.0,11.0,11752.37,2256.55,9495.83,444.88,0.64,-0.616,691.32,548.48,40.0,1500.0,751.84,790.68,0.4302,1553.94,1759.93,310.79,3418.67,1.1326,0.1069,3.9894,2.6441,14.0,0.0,0.0,BENIGN_WEB
10.237,901.0,806.0,95.0,1169141.47,1092843.52,76297.95,114207.47,88.01,0.8695,1297.6,238.35,940.08,1500.0,1141.77,1439.99,0.2242,25.88,10.12,5.18,56.93,0.3912,0.1346,2.1072,2.9243,20.0,1.0,1.0,DATA_EXFILTRATION
6.6042,70.0,19.0,51.0,43966.86,5332.0,38634.86,6657.43,10.6,-0.7575,628.1,390.41,42.48,1330.83,535.79,541.12,0.6181,94.35,147.56,18.87,207.56,1.564,0.0797,3.7541,2.2084,10.0,0.0,0.0,BENIGN_WEB
68.7381,8.0,4.0,4.0,2980.62,1913.56,1067.06,43.36,0.12,0.284,372.58,72.27,264.17,502.67,389.35,378.04,0.4257,18135.89,889.55,3627.18,39898.95,0.049,0.8979,3.0308,3.5423,15.0,1.0,0.0,C2_BEACONING
30.9269,886.0,723.0,163.0,1193459.1,1108311.98,85147.12,38589.63,28.65,0.8573,1347.02,129.96,1152.08,1500.0,1234.3,1499.79,0.2781,27.67,7.06,5.53,60.88,0.255,0.2682,2.8299,3.4013,18.0,1.0,0.0,DATA_EXFILTRATION
30.4864,43.0,13.0,30.0,37890.49,10955.18,26935.31,1242.86,1.41,-0.4217,881.17,478.5,163.42,1500.0,786.41,936.27,0.3104,708.99,582.93,141.8,1559.77,0.8222,0.0722,4.8555,2.6213,20.0,0.0,0.0,BENIGN_WEB
12.2966,72.0,21.0,51.0,73857.9,7753.44,66104.46,6006.38,5.86,-0.79,1025.8,575.58,162.44,1500.0,876.16,1179.43,0.3614,170.79,181.4,34.16,375.73,1.0622,0.035,4.0957,2.8129,15.0,0.0,0.0,BENIGN_WEB
109.5919,16.0,8.0,8.0,3249.13,2044.01,1205.12,29.65,0.15,0.2582,203.07,73.11,93.41,334.67,189.39,210.36,0.4398,19791.93,223.09,3958.39,43542.24,0.0113,0.9323,2.5803,3.8518,31.0,1.0,1.0,C2_BEACONING
10.5324,45.0,15.0,30.0,38466.16,5861.32,32604.84,3652.16,4.27,-0.6952,854.8,495.13,112.11,1500.0,965.76,741.7,0.3954,234.05,405.15,46.81,514.92,1.731,0.0594,4.7031,2.301,16.0,0.0,0.0,BENIGN_WEB
5.2094,80.0,23.0,57.0,70776.23,19266.99,51509.24,13586.26,15.36,-0.4556,884.7,365.04,337.14,1500.0,936.68,870.21,0.3508,65.12,90.15,13.02,143.26,1.3844,0.0742,3.8186,3.0759,17.0,0.0,0.0,BENIGN_WEB
95.5262,16.0,8.0,8.0,3548.01,2177.05,1370.96,37.14,0.17,0.2272,221.75,123.9,40.0,444.77,206.64,208.74,0.3008,15275.04,493.0,3055.01,33605.08,0.0323,0.9458,2.3538,3.958,19.0,0.0,1.0,C2_BEACONING
24.241,78.0,31.0,47.0,74972.23,7807.24,67164.99,3092.79,3.22,-0.7917,961.18,488.46,228.49,1500.0,896.43,1102.37,0.3539,310.78,417.34,62.16,683.72,1.3429,0.1283,4.1895,2.4516,11.0,0.0,0.0,BENIGN_WEB
24.4337,29.0,11.0,18.0,19428.12,5085.17,14342.95,795.14,1.19,-0.4765,669.94,323.2,185.14,1251.69,621.97,715.21,0.2301,842.54,592.06,168.51,1853.59,0.7027,0.1271,4.8719,2.7687,12.0,0.0,0.0,BENIGN_WEB
11.5791,56.0,17.0,39.0,43131.61,4745.55,38386.06,3724.95,4.84,-0.78,770.21,327.75,278.59,1360.15,755.76,691.51,0.327,206.77,208.97,41.35,454.89,1.0106,0.0723,3.9321,2.8236,10.0,0.0,0.0,BENIGN_WEB
30.1641,15.0,7.0,8.0,4667.04,2672.8,1994.24,154.72,0.5,0.1454,311.14,133.9,110.28,552.16,351.31,288.01,0.4484,20987.7,345.98,4197.54,46172.93,0.0165,0.8824,2.118,4.0738,26.0,1.0,0.0,C2_BEACONING
17.3181,57.0,16.0,41.0,43107.32,3989.49,39117.83,2489.15,3.29,-0.8149,756.27,447.45,85.09,1500.0,835.6,761.69,0.5095,303.83,433.18,60.77,668.42,1.4258,0.0829,3.8985,2.1222,12.0,0.0,0.0,BENIGN_WEB
78.5498,9.0,4.0,5.0,2368.62,1523.91,844.71,30.15,0.11,0.2868,263.18,120.27,82.78,479.66,235.87,275.33,0.2857,20897.97,1492.41,4179.59,45975.53,0.0714,0.8814,2.5362,3.5199,28.0,1.0,1.0,C2_BEACONING
15.4309,46.0,13.0,33.0,35311.63,3528.62,31783.01,2288.37,2.98,-0.8001,767.64,548.15,40.0,1500.0,837.98,770.18,0.543,335.45,559.75,67.09,738.0,1.6686,0.1233,4.7948,2.4713,9.0,0.0,0.0,BENIGN_WEB
57.8626,8.0,4.0,4.0,2666.7,1526.93,1139.77,46.09,0.14,0.1452,333.34,71.47,226.13,461.99,378.57,352.02,0.3943,8771.56,481.44,1754.31,19297.44,0.0549,0.9205,2.2051,3.4576,27.0,1.0,1.0,C2_BEACONING
25.9243,81.0,25.0,56.0,72455.06,17613.54,54841.52,2794.87,3.12,-0.5138,894.51,522.68,110.48,1500.0,989.47,816.27,0.2212,320.05,460.72,64.01,704.12,1.4395,0.1025,4.0755,2.5322,8.0,0.0,0.0,BENIGN_WEB
8.625,41.0,13.0,28.0,35881.67,5460.13,30421.55,4160.17,4.75,-0.6957,875.16,375.0,312.66,1500.0,790.91,748.03,0.5296,210.37,289.29,42.07,462.81,1.3752,0.0861,3.9006,2.8561,8.0,0.0,0.0,BENIGN_WEB
10.5455,50.0,16.0,34.0,37075.68,6210.8,30864.88,3515.78,4.74,-0.665,741.51,465.59,43.12,1500.0,696.35,841.12,0.4131,210.91,219.87,42.18,464.0,1.0425,0.0185,4.0435,2.3292,9.0,0.0,0.0,BENIGN_WEB
39.1485,23.0,11.0,12.0,6073.24,3477.73,2595.51,155.13,0.59,0.1453,264.05,123.18,79.28,485.78,269.24,284.94,0.4089,10834.07,140.17,2166.81,23834.95,0.0129,0.9893,2.6094,3.8823,15.0,1.0,0.0,C2_BEACONING
8.2,55.0,17.0,38.0,34663.16,6721.98,27941.18,4227.21,6.71,-0.6122,630.24,381.22,58.4,1316.44,591.33,629.36,0.4979,149.09,255.75,29.82,328.0,1.7154,0.0334,4.8314,2.2012,15.0,0.0,0.0,BENIGN_WEB
20.9567,80.0,30.0,50.0,73790.86,19845.46,53945.4,3521.1,3.82,-0.4621,922.39,328.12,430.21,1500.0,1041.15,900.12,0.5804,261.96,277.93,52.39,576.31,1.061,0.0843,4.5735,2.566,21.0,0.0,0.0,BENIGN_WEB
15.6225,42.0,15.0,27.0,44502.07,8578.73,35923.35,2848.59,2.69,-0.6145,1059.57,465.28,361.65,1500.0,1081.36,909.41,0.5843,371.96,441.0,74.39,818.32,1.1856,0.1282,4.2929,2.1058,12.0,0.0,0.0,BENIGN_WEB
16.2922,79.0,24.0,55.0,83527.76,21223.89,62303.87,5126.87,4.85,-0.4918,1057.31,359.65,517.83,1500.0,1186.93,912.3,0.5724,206.23,161.67,41.25,453.71,0.7839,0.0405,4.4693,2.3726,14.0,0.0,0.0,BENIGN_WEB
88.0881,11.0,5.0,6.0,4225.37,2704.46,1520.91,47.97,0.12,0.2801,384.12,56.89,298.79,486.53,371.78,388.73,0.2974,21800.94,534.47,4360.19,47962.07,0.0245,0.9821,2.3962,3.6056,19.0,1.0,1.0,C2_BEACONING
10.0305,735.0,579.0,156.0,943547.44,906630.12,36917.32,94067.9,73.28,0.9217,1283.74,115.91,1109.87,1492.38,1197.76,1302.27,0.2543,14.97,9.32,2.99,32.94,0.6222,0.1837,2.3141,3.4848,16.0,1.0,1.0,DATA_EXFILTRATION
96.4603,19.0,9.0,10.0,7667.04,3878.55,3788.49,79.48,0.2,0.0117,403.53,135.93,199.64,648.2,343.37,383.86,0.2377,11850.91,1144.03,2370.18,26071.99,0.0965,0.9079,2.5212,4.0715,15.0,0.0,0.0,C2_BEACONING
10.1172,41.0,11.0,30.0,36283.16,7583.67,28699.49,3586.27,4.05,-0.582,884.96,525.95,96.03,1500.0,978.7,1009.02,0.1936,246.76,408.05,49.35,542.88,1.6536,0.0532,5.0336,2.3268,18.0,0.0,0.0,BENIGN_WEB
26.5399,9.0,4.0,5.0,3125.9,1523.64,1602.27,117.78,0.34,-0.0252,347.32,63.18,252.55,461.05,390.01,387.27,0.5666,15668.42,413.23,3133.68,34470.52,0.0264,0.9466,2.1138,4.1742,28.0,1.0,0.0,C2_BEACONING
105.4943,16.0,8.0,8.0,4573.02,2729.42,1843.6,43.35,0.15,0.1937,285.81,123.45,100.64,508.02,291.06,314.16,0.3875,17183.38,1555.1,3436.68,37803.43,0.0905,0.9172,2.3733,3.8224,27.0,0.0,1.0,C2_BEACONING
18.3389,75.0,22.0,53.0,61259.2,10047.96,51211.25,3340.4,4.09,-0.672,816.79,387.59,235.41,1500.0,829.83,867.13,0.4435,244.52,418.25,48.9,537.94,1.7105,0.1366,3.6529,2.7513,14.0,0.0,0.0,BENIGN_WEB
23.3732,82.0,32.0,50.0,84001.66,11291.51,72710.15,3593.93,3.51,-0.7312,1024.41,327.39,533.33,1500.0,943.02,929.68,0.5391,285.04,323.75,57.01,627.09,1.1358,0.0528,4.1378,2.677,14.0,0.0,0.0,BENIGN_WEB
28.6926,9.0,4.0,5.0,3364.57,1805.73,1558.84,117.26,0.31,0.0734,373.84,64.79,276.66,490.46,394.43,426.46,0.3779,23216.87,819.28,4643.37,51077.12,0.0353,0.9689,2.4954,3.9155,28.0,1.0,0.0,C2_BEACONING
46.2668,21.0,10.0,11.0,5435.55,2590.27,2845.29,117.48,0.45,-0.0469,258.84,75.42,145.71,394.59,289.39,278.91,0.3254,26093.27,742.17,5218.65,57405.2,0.0284,0.9899,2.7678,4.0881,33.0,1.0,0.0,C2_BEACONING
55.9001,14.0,7.0,7.0,3027.11,1594.13,1432.98,54.15,0.25,0.0532,216.22,132.7,40.0,455.07,194.14,206.83,0.5092,7247.14,742.14,1449.43,15943.71,0.1024,0.914,2.806,4.1428,17.0,1.0,1.0,C2_BEACONING
20.1855,835.0,758.0,77.0,1028429.01,942504.48,85924.54,50948.86,41.37,0.8329,1231.65,244.0,865.66,1500.0,1350.63,1312.89,0.5875,15.45,5.94,3.09,33.98,0.3847,0.2692,2.2133,3.5188,16.0,1.0,1.0,DATA_EXFILTRATION
43.1809,276.0,253.0,23.0,353198.02,330201.14,22996.88,8179.5,6.39,0.8698,1279.7,265.4,881.6,1500.0,1304.39,1226.23,0.4238,46.29,19.19,9.26,101.84,0.4147,0.2681,2.7781,3.304,24.0,1.0,0.0,DATA_EXFILTRATION
2.7742,80.0,28.0,52.0,63403.84,7198.58,56205.26,22854.44,28.84,-0.7729,792.55,381.72,219.97,1479.64,764.63,799.94,0.5509,34.68,44.65,6.94,76.29,1.2875,0.0688,3.7005,2.8778,16.0,0.0,0.0,BENIGN_WEB
74.0697,20.0,10.0,10.0,5549.17,2472.58,3076.59,74.92,0.27,-0.1088,277.46,115.57,104.11,485.48,285.94,305.51,0.5624,27937.03,2926.79,5587.41,61461.48,0.1048,0.8806,2.5051,3.9899,23.0,0.0,1.0,C2_BEACONING
18.6645,79.0,23.0,56.0,56718.91,13221.34,43497.57,3038.86,4.23,-0.5338,717.96,399.21,119.14,1436.54,640.88,625.76,0.3612,236.26,223.39,47.25,519.77,0.9455,0.0497,3.8862,2.4668,13.0,0.0,0.0,BENIGN_WEB
66.7126,20.0,10.0,10.0,6105.34,3485.17,2620.17,91.52,0.3,0.1417,305.27,104.49,148.54,493.34,350.26,342.19,0.4097,12451.18,1171.51,2490.24,27392.6,0.0941,0.8983,2.7209,3.8278,23.0,1.0,1.0,C2_BEACONING
11.0747,41.0,16.0,25.0,35989.4,8730.05,27259.34,3249.69,3.7,-0.5149,877.79,380.7,306.74,1500.0,758.43,772.15,0.4374,270.11,296.04,54.02,594.25,1.096,0.0586,4.9515,2.2749,8.0,0.0,0.0,BENIGN_WEB
94.7671,11.0,5.0,6.0,2101.17,1209.49,891.68,22.17,0.12,0.1513,191.02,68.03,88.97,313.47,209.41,170.1,0.5254,11781.14,1199.34,2356.23,25918.5,0.1018,0.9173,2.3153,4.0159,22.0,1.0,0.0,C2_BEACONING
13.8045,42.0,17.0,25.0,33779.78,5065.61,28714.16,2447.02,3.04,-0.7001,804.28,464.91,106.92,1500.0,830.95,844.77,0.3027,328.68,521.33,65.74,723.09,1.5862,0.1367,3.6338,2.4509,21.0,0.0,0.0,BENIGN_WEB
24.6358,63.0,23.0,40.0,64351.82,17408.62,46943.2,2612.13,2.56,-0.459,1021.46,380.42,450.83,1500.0,872.33,1062.11,0.2156,391.04,528.79,78.21,860.3,1.3523,0.0927,4.1971,2.5758,16.0,0.0,0.0,BENIGN_WEB
26.9956,23.0,7.0,16.0,22547.11,6119.38,16427.73,835.21,0.85,-0.4572,980.31,514.81,208.09,1500.0,1103.44,850.13,0.2804,1173.72,1710.87,234.74,2582.19,1.4576,0.1378,4.1003,2.6234,8.0,0.0,0.0,BENIGN_WEB
26.6212,12.0,6.0,6.0,3978.56,2166.76,1811.8,149.45,0.45,0.0892,331.55,109.41,167.42,528.49,352.96,296.63,0.3889,20372.08,762.23,4074.42,44818.57,0.0374,0.9536,2.5442,3.6342,28.0,1.0,1.0,C2_BEACONING
10.3808,39.0,11.0,28.0,32236.86,6131.65,26105.21,3105.43,3.76,-0.6196,826.59,481.7,104.04,1500.0,751.63,737.43,0.4067,266.17,339.33,53.23,585.58,1.2749,0.0175,4.2412,2.8301,20.0,0.0,0.0,BENIGN_WEB
74.9098,16.0,8.0,8.0,6163.38,3695.37,2468.01,82.28,0.21,0.1991,385.21,49.46,311.03,474.23,345.03,344.0,0.5525,24366.66,635.32,4873.33,53606.65,0.0261,0.9561,2.3778,4.1578,31.0,0.0,0.0,C2_BEACONING
103.8492,10.0,5.0,5.0,3539.0,1873.42,1665.59,34.08,0.1,0.0587,353.9,91.2,217.09,518.07,334.64,321.51,0.3211,21869.87,1303.73,4373.97,48113.71,0.0596,0.9597,2.8457,3.9225,24.0,1.0,1.0,C2_BEACONING
4.6221,74.0,30.0,44.0,50443.0,11450.85,38992.15,10913.36,16.01,-0.546,681.66,376.08,117.54,1358.6,726.13,603.72,0.2332,62.46,105.13,12.49,137.41,1.6831,0.1368,4.7488,2.1509,9.0,0.0,0.0,BENIGN_WEB
7.0439,1330.0,1120.0,210.0,1886496.68,1700607.0,185889.69,267818.88,188.82,0.8029,1418.42,265.23,1020.58,1500.0,1236.54,1412.98,0.4672,29.46,16.29,5.89,64.82,0.553,0.2766,1.913,3.2,26.0,1.0,0.0,DATA_EXFILTRATION
20.781,44.0,16.0,28.0,39969.59,5784.06,34185.53,1923.37,2.12,-0.7106,908.4,517.62,131.97,1500.0,987.82,919.52,0.2208,472.3,602.19,94.46,1039.05,1.275,0.1069,4.1353,2.6149,19.0,0.0,0.0,BENIGN_WEB
95.9173,13.0,6.0,7.0,2698.8,1263.21,1435.59,28.14,0.14,-0.0639,207.6,59.87,117.79,315.37,205.4,182.92,0.2637,26016.36,2656.08,5203.27,57235.99,0.1021,0.9769,2.6568,3.8817,30.0,1.0,0.0,C2_BEACONING
37.7667,11.0,5.0,6.0,4315.75,2683.47,1632.28,114.27,0.29,0.2436,392.34,56.58,307.47,494.19,386.55,406.62,0.3334,20814.52,1152.94,4162.9,45791.94,0.0554,0.9811,2.8278,4.189,33.0,1.0,0.0,C2_BEACONING
18.4971,1459.0,1310.0,149.0,1805293.71,1607506.12,197787.59,97598.56,78.88,0.7809,1237.35,127.22,1046.52,1466.35,1132.89,1293.42,0.1868,22.65,14.13,4.53,49.82,0.6238,0.1652,2.7688,3.7427,16.0,0.0,1.0,DATA_EXFILTRATION
18.3617,74.0,29.0,45.0,56344.73,15009.2,41335.53,3068.59,4.03,-0.4672,761.42,335.1,258.77,1364.59,795.32,776.97,0.5183,248.13,240.73,49.63,545.89,0.9702,0.0418,4.907,2.8395,8.0,0.0,0.0,BENIGN_WEB
10.1459,1477.0,1321.0,156.0,1964676.02,1878894.76,85781.26,193641.52,145.58,0.9127,1330.18,247.08,959.55,1500.0,1282.88,1458.35,0.2619,32.71,21.06,6.54,71.97,0.6439,0.2763,2.5372,3.831,23.0,1.0,1.0,DATA_EXFILTRATION
9.5528,47.0,14.0,33.0,39934.52,8203.74,31730.78,4180.39,4.92,-0.5891,849.67,529.48,55.45,1500.0,893.65,793.64,0.5673,203.25,274.17,40.65,447.15,1.3489,0.0882,3.7798,2.8471,9.0,0.0,0.0,BENIGN_WEB
45.4056,24.0,12.0,12.0,4973.4,3187.23,1786.17,109.53,0.53,0.2817,207.22,119.51,40.0,422.34,226.25,195.54,0.4632,16513.45,1794.24,3302.69,36329.59,0.1087,0.9067,2.965,3.5645,29.0,0.0,1.0,C2_BEACONING
2.3734,45.0,17.0,28.0,38991.37,10950.31,28041.06,16428.4,18.96,-0.4383,866.47,479.28,147.55,1500.0,840.27,768.3,0.5326,52.74,55.55,10.55,116.03,1.0533,0.0874,4.7345,2.3442,11.0,0.0,0.0,BENIGN_WEB
51.0435,22.0,11.0,11.0,8832.27,4860.22,3972.06,173.03,0.43,0.1006,401.47,135.09,198.83,644.63,417.77,446.17,0.2018,19433.91,1121.64,3886.78,42754.59,0.0577,0.9749,2.3317,3.7548,27.0,0.0,0.0,C2_BEACONING
46.8764,22.0,11.0,11.0,4874.59,2754.21,2120.37,103.99,0.47,0.13,221.57,137.68,40.0,469.4,239.52,249.29,0.1962,22919.63,1957.1,4583.93,50423.18,0.0854,0.9582,2.3414,4.2422,23.0,1.0,1.0,C2_BEACONING
16.3157,77.0,25.0,52.0,73902.58,20233.56,53669.02,4529.54,4.72,-0.4524,959.77,394.52,368.0,1500.0,833.72,960.56,0.2939,211.89,269.22,42.38,466.16,1.2706,0.0138,4.5935,2.1405,13.0,0.0,0.0,BENIGN_WEB
89.2057,19.0,9.0,10.0,7723.62,5049.88,2673.74,86.58,0.21,0.3076,406.51,125.35,218.48,632.14,426.81,449.74,0.3999,16349.49,166.43,3269.9,35968.87,0.0102,0.8834,2.6256,4.0407,18.0,0.0,0.0,C2_BEACONING
28.1284,21.0,6.0,15.0,21948.4,5099.05,16849.36,780.29,0.75,-0.5354,1045.16,432.8,395.96,1500.0,1029.15,1144.92,0.5403,1339.45,1070.45,267.89,2946.79,0.7992,0.033,4.5834,2.9127,11.0,0.0,0.0,BENIGN_WEB
27.9715,41.0,14.0,27.0,28702.35,4463.3,24239.04,1026.13,1.47,-0.689,700.06,469.66,40.0,1500.0,622.91,627.75,0.3865,682.23,814.18,136.45,1500.91,1.1934,0.0364,4.9219,2.1342,20.0,0.0,0.0,BENIGN_WEB
27.1842,1494.0,1317.0,177.0,1981479.75,1918271.62,63208.12,72890.9,54.96,0.9362,1326.29,182.38,1052.72,1500.0,1476.6,1233.38,0.3561,13.06,8.23,2.61,28.74,0.6299,0.2061,2.6313,3.6792,22.0,1.0,0.0,DATA_EXFILTRATION
88.7184,16.0,8.0,8.0,6368.34,3959.82,2408.52,71.78,0.18,0.2436,398.02,73.11,288.36,529.61,409.04,373.34,0.2462,24930.52,778.98,4986.1,54847.13,0.0312,0.9375,3.0571,3.706,18.0,1.0,1.0,C2_BEACONING
19.1862,60.0,17.0,43.0,39086.8,9206.69,29880.11,2037.23,3.13,-0.5289,651.45,379.03,82.9,1333.7,584.81,594.97,0.5699,319.77,322.97,63.95,703.49,1.01,0.0627,4.89,2.4823,12.0,0.0,0.0,BENIGN_WEB
93.117,23.0,11.0,12.0,8504.45,4055.22,4449.23,91.33,0.25,-0.0463,369.76,87.82,238.03,527.83,333.48,381.71,0.5791,26181.64,836.57,5236.33,57599.61,0.032,0.931,3.091,4.1089,26.0,0.0,0.0,C2_BEACONING
68.7055,25.0,12.0,13.0,8407.52,4451.73,3955.79,122.37,0.36,0.059,336.3,73.42,226.17,468.45,288.19,297.58,0.1914,13602.72,462.01,2720.54,29925.97,0.034,0.9553,2.6974,3.8639,20.0,1.0,0.0,C2_BEACONING
26.1503,9.0,4.0,5.0,2270.98,1213.4,1057.59,86.84,0.34,0.0686,252.33,61.47,160.13,362.97,251.03,280.71,0.4183,10315.28,247.43,2063.06,22693.63,0.024,0.989,2.4789,3.7396,21.0,0.0,1.0,C2_BEACONING
75.8377,10.0,5.0,5.0,3230.11,1860.46,1369.65,42.59,0.13,0.1519,323.01,90.82,186.78,486.49,305.92,362.58,0.4651,27972.3,2023.72,5594.46,61539.06,0.0723,0.9365,2.8918,3.9868,30.0,1.0,0.0,C2_BEACONING
18.7841,71.0,22.0,49.0,53886.18,9421.94,44464.24,2868.71,3.78,-0.6503,758.96,523.34,40.0,1500.0,719.53,778.59,0.3067,264.56,272.94,52.91,582.04,1.0317,0.0944,4.0387,2.7194,10.0,0.0,0.0,BENIGN_WEB
13.8387,28.0,8.0,20.0,27820.05,4148.11,23671.95,2010.3,2.02,-0.7018,993.57,551.1,166.92,1500.0,877.57,978.11,0.5496,494.24,463.14,98.85,1087.33,0.9371,0.1131,4.4136,3.0647,14.0,0.0,0.0,BENIGN_WEB
19.9032,953.0,849.0,104.0,1167605.12,1150905.3,16699.82,58664.21,47.88,0.9714,1225.19,206.96,914.74,1500.0,1060.87,1121.63,0.5382,33.18,17.48,6.64,73.0,0.5267,0.2192,2.011,3.0146,17.0,1.0,0.0,DATA_EXFILTRATION
30.9548,72.0,26.0,46.0,59880.33,13547.85,46332.47,1934.44,2.33,-0.5475,831.67,504.53,74.87,1500.0,792.68,907.71,0.347,429.93,508.21,85.99,945.84,1.1821,0.0815,4.1678,2.9607,11.0,0.0,0.0,BENIGN_WEB
18.1317,51.0,16.0,35.0,46871.79,4792.34,42079.45,2585.08,2.81,-0.7955,919.05,342.43,405.41,1500.0,872.16,789.82,0.3368,355.52,529.3,71.1,782.15,1.4888,0.0701,4.632,2.2053,13.0,0.0,0.0,BENIGN_WEB
49.2518,20.0,10.0,10.0,7605.67,4407.49,3198.18,154.42,0.41,0.159,380.28,137.72,173.7,628.18,325.03,346.3,0.4961,4900.88,392.61,980.18,10781.93,0.0801,0.9518,2.5707,4.1368,16.0,1.0,1.0,C2_BEACONING
36.1874,8.0,4.0,4.0,2549.84,1184.91,1364.93,70.46,0.22,-0.0706,318.73,119.46,139.53,533.76,314.17,316.36,0.3944,14899.8,1225.85,2979.96,32779.55,0.0823,0.9688,2.2858,3.5332,27.0,1.0,0.0,C2_BEACONING
44.9564,14.0,7.0,7.0,3782.84,2062.03,1720.81,84.14,0.31,0.0902,270.2,107.49,108.96,463.69,241.96,254.11,0.5061,27274.8,1472.37,5454.96,60004.55,0.054,0.9371,2.6463,3.6219,26.0,1.0,0.0,C2_BEACONING
13.8084,79.0,22.0,57.0,64796.5,18228.42,46568.08,4692.53,5.72,-0.4374,820.21,436.21,165.89,1500.0,766.78,840.88,0.3065,174.79,152.48,34.96,384.54,0.8724,0.0648,4.3881,2.3567,19.0,0.0,0.0,BENIGN_WEB
24.7247,58.0,18.0,40.0,37919.95,7993.41,29926.54,1533.69,2.35,-0.5784,653.79,469.63,40.0,1499.12,638.16,726.34,0.5429,426.29,481.46,85.26,937.83,1.1294,0.0335,5.0841,2.9609,10.0,0.0,0.0,BENIGN_WEB
29.3729,32.0,9.0,23.0,33954.27,6731.78,27222.49,1155.97,1.09,-0.6035,1061.07,540.29,250.64,1500.0,1106.15,1054.52,0.3104,917.9,1121.96,183.58,2019.38,1.2223,0.063,4.2149,2.6967,18.0,0.0,0.0,BENIGN_WEB
63.681,25.0,12.0,13.0,6221.34,3688.98,2532.36,97.7,0.39,0.1859,248.85,82.24,125.5,396.88,270.5,246.01,0.4969,24888.14,1223.53,4977.63,54753.91,0.0492,0.9849,2.4707,3.5072,27.0,1.0,0.0,C2_BEACONING
19.8729,77.0,25.0,52.0,56114.39,14402.21,41712.19,2823.67,3.87,-0.4867,728.76,534.18,40.0,1500.0,647.6,657.92,0.6148,258.09,366.62,51.62,567.8,1.4205,0.0273,4.3952,2.2411,9.0,0.0,0.0,BENIGN_WEB
45.5164,577.0,460.0,117.0,820771.1,747790.24,72980.86,18032.44,12.68,0.8222,1422.48,155.73,1188.88,1500.0,1462.33,1534.93,0.5122,25.97,15.38,5.19,57.14,0.5921,0.1302,2.1648,3.3164,26.0,1.0,0.0,DATA_EXFILTRATION
42.471,830.0,759.0,71.0,1159118.18,1053330.81,105787.36,27291.99,19.54,0.8175,1396.53,266.45,996.85,1500.0,1548.78,1286.19,0.25,27.02,13.17,5.4,59.45,0.4875,0.199,2.3688,3.2752,16.0,1.0,0.0,DATA_EXFILTRATION
67.6065,24.0,12.0,12.0,9655.56,6281.74,3373.83,142.82,0.35,0.3012,402.32,96.35,257.79,575.74,381.16,447.8,0.2841,16565.1,1092.26,3313.02,36443.22,0.0659,0.8973,2.9642,3.681,22.0,1.0,1.0,C2_BEACONING
31.5969,400.0,364.0,36.0,494898.57,470680.19,24218.39,15662.89,12.66,0.9021,1237.25,262.97,842.8,1500.0,1179.71,1202.36,0.319,27.92,10.2,5.58,61.42,0.3655,0.2386,2.5593,3.6596,17.0,1.0,0.0,DATA_EXFILTRATION
15.1595,35.0,13.0,22.0,24773.21,4158.68,20614.53,1634.17,2.31,-0.6643,707.81,376.88,142.48,1386.19,705.41,670.35,0.284,433.13,477.27,86.63,952.88,1.1019,0.1286,3.6965,3.0621,17.0,0.0,0.0,BENIGN_WEB
28.4046,1466.0,1347.0,119.0,2115589.48,1883031.7,232557.78,74480.62,51.61,0.7801,1443.1,233.62,1092.67,1500.0,1646.68,1527.91,0.2332,9.22,5.66,1.84,20.29,0.6141,0.2411,2.1935,3.3697,18.0,1.0,0.0,DATA_EXFILTRATION
14.1165,24.0,9.0,15.0,15264.88,3293.0,11971.88,1081.35,1.7,-0.5686,636.04,376.95,70.61,1314.55,669.03,548.13,0.5086,588.19,930.58,117.64,1294.02,1.5821,0.054,3.871,2.5678,20.0,0.0,0.0,BENIGN_WEB
12.2656,27.0,10.0,17.0,18500.33,2503.05,15997.28,1508.31,2.2,-0.7294,685.2,413.07,65.59,1428.72,649.7,624.44,0.3431,454.28,719.51,90.86,999.42,1.5838,0.0229,3.7511,2.6591,13.0,0.0,0.0,BENIGN_WEB
12.6176,59.0,20.0,39.0,45254.76,8235.34,37019.42,3586.62,4.68,-0.636,767.03,562.98,40.0,1500.0,773.86,691.07,0.1842,213.86,188.96,42.77,470.49,0.8836,0.1323,4.8516,2.9304,12.0,0.0,0.0,BENIGN_WEB
39.1596,332.0,273.0,59.0,448295.66,426070.92,22224.73,11447.91,8.48,0.9008,1350.29,225.57,1011.94,1500.0,1163.86,1533.77,0.5085,37.64,22.76,7.53,82.8,0.6047,0.1269,2.5345,3.1364,16.0,0.0,1.0,DATA_EXFILTRATION
26.7274,14.0,7.0,7.0,4806.82,2864.1,1942.73,179.85,0.52,0.1917,343.34,108.93,179.95,539.41,291.96,330.89,0.2804,10123.3,339.43,2024.66,22271.25,0.0335,0.9887,2.2828,3.8867,31.0,1.0,0.0,C2_BEACONING
46.9167,476.0,388.0,88.0,664821.42,592316.81,72504.61,14170.24,10.15,0.7819,1396.68,138.34,1189.17,1500.0,1262.7,1330.62,0.2413,38.26,20.36,7.65,84.17,0.5321,0.2628,2.1398,3.3839,19.0,0.0,0.0,DATA_EXFILTRATION
54.7396,249.0,212.0,37.0,330390.03,313378.74,17011.29,6035.67,4.55,0.897,1326.87,157.29,1090.93,1500.0,1385.57,1485.22,0.5738,17.39,5.61,3.48,38.26,0.3224,0.1734,2.6293,3.0262,22.0,0.0,1.0,DATA_EXFILTRATION
54.8946,12.0,6.0,6.0,2382.11,1569.32,812.79,43.39,0.22,0.3176,198.51,109.66,40.0,395.89,194.95,203.47,0.5009,12574.58,396.43,2514.92,27664.08,0.0315,0.8949,2.53,3.897,18.0,0.0,1.0,C2_BEACONING
27.7495,41.0,12.0,29.0,28580.17,6077.0,22503.18,1029.93,1.48,-0.5747,697.08,540.37,40.0,1500.0,743.97,685.32,0.2777,676.82,810.67,135.36,1489.0,1.1978,0.074,3.8258,2.7366,18.0,0.0,0.0,BENIGN_WEB
4.0179,47.0,16.0,31.0,43665.95,7645.61,36020.34,10867.79,11.7,-0.6498,929.06,335.88,425.25,1500.0,974.21,999.97,0.542,85.49,70.96,17.1,188.07,0.8301,0.0457,4.6159,2.6198,21.0,0.0,0.0,BENIGN_WEB
22.9072,21.0,7.0,14.0,16599.38,3768.86,12830.52,724.64,0.92,-0.5459,790.45,497.75,43.83,1500.0,814.75,872.22,0.5803,1090.82,1882.11,218.16,2399.8,1.7254,0.0733,4.3115,2.7371,18.0,0.0,0.0,BENIGN_WEB
72.0993,25.0,12.0,13.0,8977.08,5108.71,3868.36,124.51,0.35,0.1382,359.08,50.62,283.16,450.19,311.11,386.39,0.6132,17358.41,1523.08,3471.68,38188.51,0.0877,0.9851,2.4411,3.5705,29.0,1.0,1.0,C2_BEACONING
27.7828,597.0,518.0,79.0,757750.08,746794.3,10955.78,27274.1,21.49,0.9711,1269.26,209.39,955.18,1500.0,1232.26,1186.94,0.5471,42.18,13.02,8.44,92.79,0.3087,0.2232,1.9668,3.6219,17.0,1.0,0.0,DATA_EXFILTRATION
13.3399,59.0,22.0,37.0,43197.45,6929.06,36268.39,3238.22,4.42,-0.6792,732.16,344.37,215.6,1352.03,798.03,672.36,0.2101,226.1,381.62,45.22,497.42,1.6878,0.0787,4.7635,2.5331,8.0,0.0,0.0,BENIGN_WEB
41.8315,25.0,12.0,13.0,9617.72,4670.3,4947.42,229.92,0.6,-0.0288,384.71,51.55,307.38,477.51,439.19,415.38,0.5758,15372.61,1547.91,3074.52,33819.74,0.1007,0.9643,2.4874,3.548,16.0,1.0,1.0,C2_BEACONING
10.1328,80.0,32.0,48.0,65590.07,9902.79,55687.28,6473.01,7.9,-0.698,819.88,505.23,62.04,1500.0,875.93,894.33,0.4751,126.66,169.09,25.33,278.65,1.335,0.0253,4.1455,2.6714,17.0,0.0,0.0,BENIGN_WEB
24.6307,27.0,8.0,19.0,22993.78,5459.01,17534.77,933.54,1.1,-0.5252,851.62,439.7,192.07,1500.0,959.74,884.41,0.4905,912.25,647.36,182.45,2006.95,0.7096,0.0465,4.1389,3.0112,18.0,0.0,0.0,BENIGN_WEB
30.6945,55.0,22.0,33.0,38869.22,3874.95,34994.27,1266.32,1.79,-0.8006,706.71,489.27,40.0,1500.0,801.81,653.34,0.388,558.08,529.58,111.62,1227.78,0.9489,0.125,5.0174,2.2317,16.0,0.0,0.0,BENIGN_WEB
55.8106,21.0,10.0,11.0,4561.87,2408.37,2153.5,81.74,0.38,0.0559,217.23,114.33,45.73,423.03,206.54,248.28,0.53,12964.3,543.78,2592.86,28521.46,0.0419,0.969,3.039,3.5859,32.0,1.0,0.0,C2_BEACONING
20.8896,79.0,27.0,52.0,55433.51,9849.63,45583.88,2653.64,3.78,-0.6446,701.69,569.92,40.0,1500.0,630.25,610.26,0.5239,264.43,303.23,52.89,581.74,1.1467,0.0567,3.8136,2.6473,19.0,0.0,0.0,BENIGN_WEB
12.1216,47.0,18.0,29.0,34124.71,4883.66,29241.05,2815.21,3.88,-0.7138,726.06,401.05,124.48,1447.95,818.51,764.15,0.4408,257.91,450.77,51.58,567.39,1.7478,0.1333,4.282,2.824,14.0,0.0,0.0,BENIGN_WEB
16.9498,71.0,22.0,49.0,63959.73,6801.02,57158.71,3773.47,4.19,-0.7873,900.84,549.31,76.88,1500.0,817.62,838.05,0.3598,238.73,308.65,47.75,525.21,1.2929,0.1107,3.6657,2.672,12.0,0.0,0.0,BENIGN_WEB
4.2089,43.0,14.0,29.0,45052.15,8411.94,36640.21,10703.9,10.22,-0.6266,1047.72,338.05,540.65,1500.0,1163.48,922.6,0.4576,97.88,112.12,19.58,215.34,1.1455,0.0494,3.8298,2.3846,12.0,0.0,0.0,BENIGN_WEB
15.7149,37.0,11.0,26.0,37868.2,5282.13,32586.06,2409.69,2.35,-0.721,1023.46,362.86,479.17,1500.0,1149.4,888.4,0.5793,424.73,432.94,84.95,934.4,1.0193,0.131,4.4471,2.7406,19.0,0.0,0.0,BENIGN_WEB
7.7338,16.0,5.0,11.0,17232.17,2057.1,15175.07,2228.16,2.07,-0.7612,1077.01,374.68,514.99,1500.0,1134.36,971.21,0.5985,483.36,834.73,96.67,1063.4,1.7269,0.0829,5.0121,2.2057,9.0,0.0,0.0,BENIGN_WEB
16.9325,47.0,17.0,30.0,31957.24,9092.97,22864.27,1887.33,2.78,-0.4309,679.94,390.43,94.3,1382.72,585.78,743.87,0.415,360.27,273.42,72.05,792.58,0.7589,0.0715,3.75,2.404,9.0,0.0,0.0,BENIGN_WEB
30.6162,68.0,22.0,46.0,47763.5,10904.32,36859.19,1560.07,2.22,-0.5434,702.4,322.04,219.35,1282.07,786.5,732.2,0.221,450.24,373.09,90.05,990.53,0.8287,0.0999,4.7269,2.734,17.0,0.0,0.0,BENIGN_WEB
13.0851,1453.0,1150.0,303.0,1806894.39,1673338.31,133556.08,138087.95,111.04,0.8522,1243.56,246.06,874.48,1500.0,1382.43,1212.19,0.2597,18.86,12.16,3.77,41.5,0.6448,0.2622,1.989,3.5723,28.0,1.0,0.0,DATA_EXFILTRATION
22.2803,78.0,28.0,50.0,52789.73,8287.49,44502.24,2369.35,3.5,-0.686,676.79,472.85,40.0,1500.0,775.55,763.39,0.2301,285.64,405.45,57.13,628.42,1.4194,0.0429,4.1737,2.7443,20.0,0.0,0.0,BENIGN_WEB
51.045,1016.0,892.0,124.0,1345534.22,1232991.76,112542.46,26359.77,19.9,0.8327,1324.34,235.96,970.4,1500.0,1288.76,1125.91,0.2898,45.77,12.51,9.15,100.7,0.2732,0.1872,1.9756,3.3855,22.0,0.0,0.0,DATA_EXFILTRATION
70.2706,25.0,12.0,13.0,8109.05,4671.25,3437.79,115.4,0.36,0.1521,324.36,85.4,196.26,478.08,278.33,286.27,0.4096,5300.21,106.25,1060.04,11660.45,0.02,0.923,2.5985,4.0037,33.0,0.0,0.0,C2_BEACONING
6.4115,22.0,8.0,14.0,15715.29,3631.78,12083.51,2451.09,3.43,-0.5378,714.33,451.77,40.0,1500.0,788.37,622.02,0.2064,291.43,297.42,58.29,641.15,1.0205,0.1287,4.5622,2.5221,17.0,0.0,0.0,BENIGN_WEB
4.8757,77.0,28.0,49.0,72117.38,18711.69,53405.69,14791.09,15.79,-0.4811,936.59,561.87,93.78,1500.0,851.89,903.72,0.5536,63.32,83.74,12.66,139.31,1.3225,0.0541,4.6874,2.3789,11.0,0.0,0.0,BENIGN_WEB
27.7891,13.0,6.0,7.0,5187.96,3420.56,1767.4,186.69,0.47,0.3187,399.07,128.48,206.35,630.34,437.84,371.35,0.5104,27382.33,1856.01,5476.47,60241.14,0.0678,0.9494,2.7385,3.5478,33.0,0.0,1.0,C2_BEACONING
93.6447,15.0,7.0,8.0,3330.36,1973.93,1356.43,35.56,0.16,0.1854,222.02,66.98,121.55,342.59,193.92,211.33,0.2972,18172.68,580.76,3634.54,39979.9,0.032,0.9514,3.0732,3.7709,31.0,0.0,0.0,C2_BEACONING
51.2996,1471.0,1257.0,214.0,1892777.83,1814538.0,78239.83,36896.57,28.67,0.9173,1286.73,180.47,1016.03,1500.0,1293.76,1273.47,0.4829,37.01,12.54,7.4,81.42,0.339,0.2049,2.7077,3.7469,15.0,1.0,0.0,DATA_EXFILTRATION
21.0724,77.0,21.0,56.0,53581.31,6710.05,46871.25,2542.73,3.65,-0.7495,695.86,481.88,40.0,1500.0,723.01,592.62,0.217,273.67,216.31,54.73,602.07,0.7904,0.0775,4.9216,2.6302,14.0,0.0,0.0,BENIGN_WEB
27.6917,82.0,30.0,52.0,63224.24,15704.36,47519.88,2283.15,2.96,-0.5032,771.03,392.66,182.04,1477.82,814.44,873.74,0.3908,337.7,336.13,67.54,742.95,0.9953,0.0985,3.9589,2.7939,15.0,0.0,0.0,BENIGN_WEB
27.0663,58.0,17.0,41.0,60888.24,15674.82,45213.42,2249.6,2.14,-0.4851,1049.8,463.72,354.22,1500.0,901.02,972.69,0.5868,466.66,327.1,93.33,1026.65,0.7009,0.0189,4.1132,2.7345,9.0,0.0,0.0,BENIGN_WEB
4.8405,30.0,10.0,20.0,22420.92,2716.8,19704.12,4631.99,6.2,-0.7577,747.36,574.36,40.0,1500.0,761.11,722.98,0.4997,161.35,233.48,32.27,354.97,1.447,0.1034,4.4839,2.7643,15.0,0.0,0.0,BENIGN_WEB
45.3193,25.0,12.0,13.0,8647.39,5172.74,3474.65,190.81,0.55,0.1964,345.9,112.27,177.49,547.98,298.67,351.69,0.5697,8673.51,203.32,1734.7,19081.73,0.0234,0.9223,2.6185,3.8415,33.0,1.0,1.0,C2_BEACONING
12.6251,80.0,31.0,49.0,83517.98,16800.33,66717.65,6615.21,6.34,-0.5977,1043.97,371.12,487.3,1500.0,1030.6,1145.12,0.1912,157.81,235.86,31.56,347.19,1.4945,0.0455,4.2461,2.1274,20.0,0.0,0.0,BENIGN_WEB
80.4275,25.0,12.0,13.0,7132.14,4443.28,2688.86,88.68,0.31,0.246,285.29,136.33,80.79,530.68,317.72,245.98,0.2558,24758.07,583.38,4951.61,54467.75,0.0236,0.9211,2.7382,4.1232,23.0,1.0,0.0,C2_BEACONING
27.1131,15.0,7.0,8.0,4393.98,2641.56,1752.42,162.06,0.55,0.2024,292.93,79.51,173.66,436.06,278.27,310.25,0.5501,23292.87,752.39,4658.57,51244.31,0.0323,0.92,2.2765,3.4803,16.0,1.0,0.0,C2_BEACONING
30.3157,66.0,27.0,39.0,49743.31,8669.93,41073.38,1640.84,2.18,-0.6514,753.69,503.32,40.0,1500.0,812.7,802.68,0.4721,459.33,618.58,91.87,1010.52,1.3467,0.1162,4.5019,2.2176,10.0,0.0,0.0,BENIGN_WEB
53.2871,1310.0,1056.0,254.0,1735972.71,1655080.55,80892.16,32577.75,24.58,0.9068,1325.17,197.84,1028.41,1500.0,1286.83,1176.95,0.245,17.19,10.53,3.44,37.83,0.6122,0.1976,2.8796,2.9357,22.0,0.0,0.0,DATA_EXFILTRATION
78.6262,15.0,7.0,8.0,3058.09,1879.68,1178.42,38.89,0.19,0.2293,203.87,56.93,118.48,306.34,210.17,224.8,0.1842,17506.53,1142.17,3501.31,38514.37,0.0652,0.9416,2.4371,4.2247,30.0,1.0,1.0,C2_BEACONING
11.8856,65.0,21.0,44.0,55966.79,11822.92,44143.87,4708.79,5.47,-0.5775,861.03,508.61,98.12,1500.0,778.03,848.28,0.3725,182.86,260.37,36.57,402.28,1.4239,0.0479,4.5295,2.1014,10.0,0.0,0.0,BENIGN_WEB
10.2015,48.0,15.0,33.0,51219.0,11683.23,39535.77,5020.71,4.71,-0.5438,1067.06,401.27,465.16,1500.0,1037.57,1048.9,0.2067,212.53,173.22,42.51,467.57,0.815,0.0381,4.8043,2.2794,8.0,0.0,0.0,BENIGN_WEB
11.0794,47.0,18.0,29.0,32417.58,4445.4,27972.18,2925.94,4.24,-0.7257,689.74,484.32,40.0,1500.0,634.0,615.89,0.2017,235.73,302.04,47.15,518.61,1.2813,0.0637,3.9881,2.8055,18.0,0.0,0.0,BENIGN_WEB
15.5724,18.0,7.0,11.0,18644.62,2657.7,15986.92,1197.29,1.16,-0.7149,1035.81,459.26,346.93,1500.0,941.08,1122.87,0.3214,865.13,1228.65,173.03,1903.29,1.4202,0.0422,3.8805,2.2999,17.0,0.0,0.0,BENIGN_WEB
13.1026,62.0,20.0,42.0,62862.8,17991.99,44870.81,4797.73,4.73,-0.4276,1013.92,570.21,158.61,1500.0,1079.25,864.26,0.4036,211.33,334.71,42.27,464.93,1.5838,0.0779,4.8567,2.332,11.0,0.0,0.0,BENIGN_WEB
5.6204,18.0,7.0,11.0,14275.68,3137.1,11138.58,2540.0,3.2,-0.5605,793.09,535.06,40.0,1500.0,711.24,775.12,0.536,312.24,418.3,62.45,686.93,1.3397,0.1309,4.929,2.9554,16.0,0.0,0.0,BENIGN_WEB
29.2569,27.0,10.0,17.0,18720.08,3545.53,15174.55,639.85,0.92,-0.6212,693.34,471.77,40.0,1500.0,730.1,668.49,0.4091,1083.59,1263.47,216.72,2383.9,1.166,0.0997,3.9843,2.4382,16.0,0.0,0.0,BENIGN_WEB
5.5573,18.0,7.0,11.0,18452.47,5280.71,13171.75,3320.4,3.24,-0.4276,1025.14,356.51,490.38,1500.0,1045.04,957.3,0.4452,308.74,221.89,61.75,679.22,0.7187,0.0964,5.049,2.7051,13.0,0.0,0.0,BENIGN_WEB
6.6168,83.0,33.0,50.0,61447.46,11353.96,50093.5,9286.56,12.54,-0.6304,740.33,356.55,205.51,1382.11,687.77,675.96,0.2534,79.72,104.19,15.94,175.39,1.3069,0.0293,4.7776,2.267,15.0,0.0,0.0,BENIGN_WEB
61.0073,16.0,8.0,8.0,3172.18,2087.15,1085.03,52.0,0.26,0.3159,198.26,78.37,80.71,339.33,211.32,191.44,0.4813,7810.65,717.23,1562.13,17183.43,0.0918,0.8927,2.4908,3.8422,27.0,1.0,1.0,C2_BEACONING
28.2093,688.0,540.0,148.0,875075.36,835349.76,39725.6,31020.82,24.39,0.9092,1271.91,252.01,893.9,1500.0,1089.48,1413.2,0.2417,28.29,12.39,5.66,62.23,0.438,0.1784,2.0835,3.1351,21.0,1.0,0.0,DATA_EXFILTRATION
5.2539,68.0,24.0,44.0,55015.82,11012.67,44003.14,10471.34,12.94,-0.5997,809.06,364.33,262.56,1464.86,861.15,833.87,0.3502,77.26,112.11,15.45,169.98,1.451,0.0286,3.8243,3.0408,16.0,0.0,0.0,BENIGN_WEB
23.2112,66.0,22.0,44.0,55193.37,5715.48,49477.89,2377.87,2.84,-0.7929,836.26,457.33,150.27,1500.0,907.36,846.99,0.2697,351.69,587.57,70.34,773.71,1.6707,0.1259,4.4409,2.6221,10.0,0.0,0.0,BENIGN_WEB
29.2474,21.0,7.0,14.0,16871.88,3055.27,13816.6,576.87,0.72,-0.6378,803.42,523.3,40.0,1500.0,688.24,870.66,0.5883,1392.73,2129.32,278.55,3064.01,1.5289,0.1384,4.3617,2.7429,17.0,0.0,0.0,BENIGN_WEB
56.215,8.0,4.0,4.0,2898.31,1570.07,1328.23,51.56,0.14,0.0834,362.29,127.72,170.7,592.19,314.85,383.07,0.3085,18898.21,1169.28,3779.64,41576.06,0.0619,0.9124,2.5886,4.0658,18.0,1.0,1.0,C2_BEACONING
25.4567,39.0,13.0,26.0,32995.48,7575.85,25419.63,1296.14,1.53,-0.5408,846.04,394.02,255.0,1500.0,897.73,902.41,0.3785,652.73,665.83,130.55,1436.02,1.0201,0.0959,4.8779,2.8076,17.0,0.0,0.0,BENIGN_WEB
29.7078,823.0,654.0,169.0,1109169.1,1012190.14,96978.96,37336.01,27.7,0.8251,1347.71,165.06,1100.13,1500.0,1176.29,1437.08,0.3546,20.22,7.21,4.04,44.48,0.3565,0.1703,2.701,3.195,22.0,1.0,0.0,DATA_EXFILTRATION
8.1889,37.0,10.0,27.0,33764.23,8273.48,25490.75,4123.19,4.52,-0.5099,912.55,376.65,347.57,1500.0,1007.33,838.12,0.5241,221.32,178.96,44.26,486.91,0.8086,0.0309,4.0859,2.6689,21.0,0.0,0.0,BENIGN_WEB
81.6856,11.0,5.0,6.0,4270.55,1920.77,2349.78,52.28,0.13,-0.1005,388.23,124.24,201.87,611.86,368.65,436.82,0.5283,11394.99,278.63,2279.0,25068.98,0.0245,0.9715,2.5155,3.6579,33.0,0.0,0.0,C2_BEACONING
79.1456,16.0,8.0,8.0,5417.04,3338.69,2078.35,68.44,0.2,0.2327,338.56,53.98,257.6,435.72,386.38,333.31,0.4118,8027.48,534.12,1605.5,17660.47,0.0665,0.9584,3.0575,3.5196,25.0,1.0,0.0,C2_BEACONING
19.8517,81.0,24.0,57.0,84972.64,13713.04,71259.6,4280.37,4.08,-0.6772,1049.04,466.41,349.43,1500.0,958.15,1179.29,0.4991,245.08,377.22,49.02,539.18,1.5391,0.0753,5.0419,2.3309,19.0,0.0,0.0,BENIGN_WEB
12.8817,25.0,7.0,18.0,25860.44,5067.85,20792.6,2007.53,1.94,-0.6081,1034.42,406.87,424.11,1500.0,1148.5,1109.18,0.2094,515.27,450.64,103.05,1133.59,0.8746,0.0437,4.08,2.4487,8.0,0.0,0.0,BENIGN_WEB
4.9348,58.0,23.0,35.0,48292.23,10450.62,37841.61,9786.01,11.75,-0.5672,832.62,507.23,71.78,1500.0,927.5,762.26,0.5175,85.08,79.42,17.02,187.18,0.9335,0.0687,5.0241,3.05,15.0,0.0,0.0,BENIGN_WEB
5.7591,34.0,11.0,23.0,31563.59,6813.06,24750.52,5480.62,5.9,-0.5683,928.34,337.52,422.06,1500.0,1035.81,1034.22,0.3448,169.39,142.4,33.88,372.65,0.8407,0.023,4.0382,2.6866,20.0,0.0,0.0,BENIGN_WEB
27.9351,34.0,10.0,24.0,33666.19,6510.87,27155.32,1205.16,1.22,-0.6132,990.18,362.98,445.71,1500.0,1013.53,958.98,0.2099,821.62,1179.93,164.32,1807.56,1.4361,0.08,5.0219,2.9658,20.0,0.0,0.0,BENIGN_WEB
5.5741,64.0,20.0,44.0,44270.74,9741.3,34529.44,7942.2,11.48,-0.5599,691.73,510.4,40.0,1500.0,779.64,714.84,0.6041,87.1,134.98,17.42,191.61,1.5498,0.1363,3.8026,3.0916,17.0,0.0,0.0,BENIGN_WEB
105.6331,21.0,10.0,11.0,4854.0,3005.63,1848.37,45.95,0.2,0.2384,231.14,59.69,141.6,338.59,202.38,218.69,0.3893,25885.74,2685.58,5177.15,56948.62,0.1037,0.8982,2.6754,3.8594,19.0,0.0,1.0,C2_BEACONING
6.987,601.0,490.0,111.0,762592.41,679638.5,82953.91,109143.91,86.02,0.7824,1268.87,143.6,1053.47,1500.0,1146.2,1386.83,0.5595,27.71,12.91,5.54,60.97,0.4657,0.2313,2.7262,2.9908,29.0,0.0,0.0,DATA_EXFILTRATION
16.1157,60.0,19.0,41.0,45064.22,8790.74,36273.48,2796.29,3.72,-0.6099,751.07,553.14,40.0,1500.0,854.36,774.43,0.5476,268.6,359.37,53.72,590.91,1.338,0.1266,3.749,2.616,18.0,0.0,0.0,BENIGN_WEB
10.5217,76.0,27.0,49.0,79918.99,8093.44,71825.56,7595.65,7.22,-0.7975,1051.57,520.8,270.36,1500.0,1008.77,946.31,0.4322,138.44,155.32,27.69,304.58,1.1219,0.02,4.6769,2.3329,18.0,0.0,0.0,BENIGN_WEB
4.8632,76.0,25.0,51.0,50849.66,13658.15,37191.51,10455.97,15.63,-0.4628,669.07,552.17,40.0,1500.0,724.73,745.38,0.3844,63.99,90.04,12.8,140.78,1.407,0.0674,3.6143,2.2041,19.0,0.0,0.0,BENIGN_WEB
7.0207,72.0,23.0,49.0,66544.41,13571.98,52972.43,9478.26,10.26,-0.5921,924.23,386.93,343.83,1500.0,931.57,1002.44,0.3446,97.51,120.62,19.5,214.52,1.237,0.1326,4.7141,2.2243,10.0,0.0,0.0,BENIGN_WEB
29.8179,28.0,9.0,19.0,21282.55,2282.56,18999.99,713.75,0.94,-0.7855,760.09,406.22,150.77,1491.28,676.72,817.59,0.3318,1064.93,1327.85,212.99,2342.84,1.2469,0.1236,4.9341,2.5936,16.0,0.0,0.0,BENIGN_WEB
53.8815,1197.0,1011.0,186.0,1687033.34,1632702.41,54330.94,31310.06,22.22,0.9356,1409.38,246.17,1040.13,1500.0,1438.57,1409.05,0.4823,16.68,6.06,3.34,36.69,0.3634,0.1647,2.3548,3.212,16.0,0.0,0.0,DATA_EXFILTRATION
40.9764,1518.0,1370.0,148.0,1950863.46,1889796.65,61066.81,47609.49,37.05,0.9374,1285.15,241.72,922.57,1500.0,1371.88,1270.88,0.1837,40.73,9.42,8.15,89.6,0.2312,0.2342,1.9201,2.9206,22.0,1.0,0.0,DATA_EXFILTRATION
71.7489,10.0,5.0,5.0,3737.91,2002.2,1735.71,52.1,0.14,0.0713,373.79,94.27,232.39,543.47,425.04,424.33,0.2404,27499.24,990.04,5499.85,60498.32,0.036,0.96,2.4217,3.932,33.0,1.0,0.0,C2_BEACONING
26.8152,72.0,23.0,49.0,53205.36,7836.54,45368.82,1984.15,2.69,-0.7054,738.96,410.51,123.2,1477.88,755.09,645.65,0.4572,372.43,523.34,74.49,819.35,1.4052,0.0237,4.3851,2.3554,15.0,0.0,0.0,BENIGN_WEB
29.8202,45.0,12.0,33.0,46241.43,8146.59,38094.84,1550.67,1.51,-0.6476,1027.59,446.49,357.85,1500.0,1109.23,878.95,0.4801,662.67,765.07,132.53,1457.88,1.1545,0.1091,4.3649,2.7763,18.0,0.0,0.0,BENIGN_WEB
76.4403,17.0,8.0,9.0,6612.23,3865.79,2746.44,86.5,0.22,0.1693,388.95,96.29,244.52,562.28,417.85,355.8,0.294,8087.1,538.01,1617.42,17791.63,0.0665,0.9705,2.6227,3.9773,23.0,1.0,0.0,C2_BEACONING
50.8968,1270.0,1008.0,262.0,1804607.89,1636275.6,168332.28,35456.25,24.95,0.8134,1420.95,261.19,1029.17,1500.0,1374.46,1369.18,0.5598,42.82,24.67,8.56,94.2,0.5762,0.2317,1.97,3.0896,21.0,0.0,0.0,DATA_EXFILTRATION
4.1198,22.0,8.0,14.0,16397.38,1619.79,14777.59,3980.15,5.34,-0.8024,745.34,387.46,164.15,1442.76,652.9,783.23,0.2628,187.26,241.69,37.45,411.98,1.2906,0.1017,3.6589,2.8167,21.0,0.0,0.0,BENIGN_WEB
62.3836,25.0,12.0,13.0,6686.31,4176.75,2509.56,107.18,0.4,0.2493,267.45,80.18,147.19,411.77,268.86,238.63,0.2023,9586.77,597.81,1917.35,21090.89,0.0624,0.8819,2.2232,3.6775,16.0,1.0,1.0,C2_BEACONING
32.4784,1378.0,1136.0,242.0,1807606.54,1746369.1,61237.43,55655.66,42.43,0.9322,1311.76,236.7,956.72,1500.0,1316.46,1208.81,0.3727,41.32,26.39,8.26,90.9,0.6387,0.2761,2.0356,3.6209,23.0,0.0,0.0,DATA_EXFILTRATION
22.1406,78.0,23.0,55.0,72584.85,10532.28,62052.57,3278.35,3.52,-0.7098,930.58,343.53,415.28,1500.0,860.73,899.97,0.4538,283.85,232.82,56.77,624.48,0.8202,0.0222,3.7761,3.001,13.0,0.0,0.0,BENIGN_WEB
34.6199,23.0,11.0,12.0,7185.12,3281.02,3904.1,207.54,0.66,-0.0867,312.4,121.57,130.04,531.23,337.59,333.26,0.611,18539.29,406.39,3707.86,40786.43,0.0219,0.9099,2.5005,3.4592,30.0,1.0,1.0,C2_BEACONING
6.1719,81.0,25.0,56.0,87088.68,9848.3,77240.38,14110.45,13.12,-0.7738,1075.17,492.19,336.89,1500.0,1047.99,1231.62,0.3028,76.2,126.19,15.24,167.63,1.6562,0.1117,4.6192,2.7549,17.0,0.0,0.0,BENIGN_WEB
1.9948,36.0,11.0,25.0,27021.52,5475.96,21545.56,13545.85,18.05,-0.5947,750.6,512.44,40.0,1500.0,638.72,685.58,0.5151,55.41,59.65,11.08,121.91,1.0766,0.0977,3.6031,2.2311,10.0,0.0,0.0,BENIGN_WEB
30.9011,43.0,16.0,27.0,46026.9,11547.64,34479.26,1489.49,1.39,-0.4982,1070.39,340.16,560.15,1500.0,1221.22,1084.39,0.3678,718.63,1113.81,143.73,1580.99,1.5499,0.1099,4.7011,2.119,15.0,0.0,0.0,BENIGN_WEB
42.0895,22.0,11.0,11.0,4685.3,2560.06,2125.24,111.32,0.52,0.0928,212.97,72.43,104.32,343.35,221.77,181.22,0.1882,9005.21,934.83,1801.04,19811.47,0.1038,0.9428,2.298,3.5956,20.0,1.0,0.0,C2_BEACONING
5.8484,19.0,5.0,14.0,19100.56,5307.69,13792.86,3265.96,3.25,-0.4442,1005.29,432.94,355.88,1500.0,880.81,1100.29,0.4933,307.81,327.09,61.56,677.18,1.0626,0.0333,3.6482,3.0168,9.0,0.0,0.0,BENIGN_WEB
14.2531,81.0,25.0,56.0,51655.79,7729.71,43926.08,3624.18,5.68,-0.7007,637.73,374.96,75.28,1312.66,613.01,665.06,0.3146,175.96,245.95,35.19,387.12,1.3977,0.0862,3.6178,2.1065,12.0,0.0,0.0,BENIGN_WEB
18.2047,78.0,31.0,47.0,72563.36,20966.69,51596.67,3985.98,4.28,-0.4221,930.3,322.56,446.46,1500.0,1011.09,945.81,0.3669,233.39,374.76,46.68,513.47,1.6057,0.0242,4.2126,2.8302,15.0,0.0,0.0,BENIGN_WEB
44.7924,10.0,5.0,5.0,1966.44,996.92,969.52,43.9,0.22,0.0139,196.64,51.61,119.23,289.54,212.83,188.98,0.2736,24949.12,705.03,4989.82,54888.07,0.0283,0.971,2.6641,3.6038,22.0,1.0,1.0,C2_BEACONING
8.4713,82.0,31.0,51.0,74841.05,7995.19,66845.86,8834.64,9.68,-0.7863,912.7,487.66,181.2,1500.0,820.18,794.63,0.4466,103.31,142.81,20.66,227.28,1.3823,0.1342,4.967,2.1853,16.0,0.0,0.0,BENIGN_WEB
6.9927,82.0,24.0,58.0,57160.18,9713.61,47446.57,8174.21,11.73,-0.6601,697.08,353.79,166.39,1333.9,626.8,601.38,0.3694,85.28,135.65,17.06,187.61,1.5907,0.0399,4.113,2.4735,13.0,0.0,0.0,BENIGN_WEB
88.1116,13.0,6.0,7.0,3999.8,2021.14,1978.66,45.39,0.15,0.0106,307.68,66.59,207.8,427.53,346.83,337.14,0.2122,26105.02,358.66,5221.0,57431.05,0.0137,0.9827,2.138,3.4947,29.0,1.0,0.0,C2_BEACONING
24.7637,18.0,9.0,9.0,6653.11,3133.16,3519.96,268.66,0.73,-0.0581,369.62,110.63,203.68,568.75,355.27,368.7,0.4904,16048.2,1116.7,3209.64,35306.04,0.0696,0.9363,2.4865,3.7452,19.0,1.0,0.0,C2_BEACONING
63.4744,18.0,9.0,9.0,7016.81,3154.09,3862.72,110.55,0.28,-0.101,389.82,113.73,219.23,594.53,394.49,406.29,0.332,15065.52,877.28,3013.1,33144.15,0.0582,0.9382,2.3256,4.094,24.0,1.0,0.0,C2_BEACONING
7.7006,1137.0,1010.0,127.0,1388509.6,1355559.1,32950.49,180311.57,147.65,0.9525,1221.2,272.17,812.96,1500.0,1040.33,1149.29,0.2264,23.81,6.95,4.76,52.37,0.292,0.2755,2.5802,3.7313,16.0,1.0,0.0,DATA_EXFILTRATION
62.5215,13.0,6.0,7.0,4347.23,2385.33,1961.9,69.53,0.21,0.0974,334.4,62.68,240.38,447.23,333.67,324.64,0.3888,18563.93,716.85,3712.79,40840.64,0.0386,0.9888,2.1505,4.244,16.0,1.0,1.0,C2_BEACONING
16.3419,32.0,12.0,20.0,21682.67,5700.38,15982.29,1326.82,1.96,-0.4742,677.58,561.53,40.0,1500.0,764.53,743.9,0.2314,510.68,893.48,102.14,1123.5,1.7496,0.0962,3.7982,2.2598,19.0,0.0,0.0,BENIGN_WEB
48.5649,1099.0,860.0,239.0,1429614.18,1391882.1,37732.09,29437.19,22.63,0.9472,1300.83,263.0,906.33,1500.0,1278.94,1251.76,0.4331,32.79,7.84,6.56,72.13,0.2391,0.1767,2.6924,3.5368,27.0,0.0,0.0,DATA_EXFILTRATION
4.1365,83.0,30.0,53.0,88558.91,21138.89,67420.03,21409.25,20.07,-0.5226,1066.97,408.07,454.86,1500.0,965.29,1015.62,0.5432,49.84,57.18,9.97,109.64,1.1474,0.0834,4.586,2.321,20.0,0.0,0.0,BENIGN_WEB
2.1354,66.0,21.0,45.0,67707.06,10843.38,56863.68,31707.23,30.91,-0.6797,1025.86,375.01,463.36,1500.0,987.27,1095.37,0.2362,32.35,26.07,6.47,71.18,0.8058,0.0886,4.2534,2.6349,21.0,0.0,0.0,BENIGN_WEB
10.261,307.0,271.0,36.0,380678.91,346236.43,34442.48,37099.49,29.92,0.819,1240.0,250.94,863.59,1500.0,1221.88,1166.07,0.5816,19.69,10.77,3.94,43.31,0.5473,0.2611,2.5032,3.0719,19.0,1.0,0.0,DATA_EXFILTRATION
31.773,20.0,10.0,10.0,3951.36,1979.65,1971.72,124.36,0.63,0.002,197.57,76.04,83.51,334.44,176.91,196.02,0.295,6182.78,317.51,1236.56,13602.12,0.0514,0.9439,2.9342,3.8916,22.0,1.0,1.0,C2_BEACONING
5.8867,57.0,20.0,37.0,40620.03,11679.07,28940.96,6900.36,9.68,-0.425,712.63,528.9,40.0,1500.0,746.68,694.83,0.2666,103.27,128.24,20.65,227.2,1.2417,0.039,4.9313,2.5081,21.0,0.0,0.0,BENIGN_WEB
91.9162,18.0,9.0,9.0,3433.02,2053.76,1379.27,37.35,0.2,0.1965,190.72,131.84,40.0,428.04,210.17,179.77,0.2198,27627.83,856.56,5525.57,60781.22,0.031,0.9752,2.3249,3.7216,31.0,0.0,0.0,C2_BEACONING
29.012,637.0,562.0,75.0,845119.17,808065.26,37053.91,29130.03,21.96,0.9123,1326.72,129.39,1132.63,1500.0,1211.85,1407.29,0.536,14.81,7.12,2.96,32.58,0.4806,0.1601,2.4055,3.4271,14.0,1.0,0.0,DATA_EXFILTRATION
4.1267,62.0,23.0,39.0,50896.54,5069.18,45827.36,12333.46,15.02,-0.8008,820.91,539.09,40.0,1500.0,763.51,795.31,0.1837,66.56,100.77,13.31,146.43,1.514,0.0994,4.5129,2.283,10.0,0.0,0.0,BENIGN_WEB
25.7457,1307.0,1060.0,247.0,1746940.38,1574937.86,172002.52,67853.7,50.77,0.8031,1336.6,205.07,1029.0,1500.0,1197.65,1527.11,0.2627,39.38,22.27,7.88,86.64,0.5655,0.1698,2.8389,3.4987,16.0,0.0,1.0,DATA_EXFILTRATION
71.8879,24.0,12.0,12.0,8133.97,4435.85,3698.13,113.15,0.33,0.0907,338.92,57.16,253.17,441.81,341.51,326.04,0.5883,13660.73,871.24,2732.15,30053.6,0.0638,0.8804,2.5172,4.2453,29.0,1.0,1.0,C2_BEACONING
4.6479,51.0,14.0,37.0,42117.11,5737.55,36379.56,9061.56,10.97,-0.7275,825.83,355.7,292.28,1466.08,839.97,787.29,0.3028,91.14,86.24,18.23,200.5,0.9463,0.0504,4.2606,3.0507,14.0,0.0,0.0,BENIGN_WEB
53.3111,1383.0,1167.0,216.0,1986474.96,1906008.96,80466.0,37261.93,25.94,0.919,1436.35,163.7,1190.8,1500.0,1399.12,1426.77,0.237,13.36,5.98,2.67,29.39,0.4474,0.174,2.7647,3.6482,18.0,0.0,1.0,DATA_EXFILTRATION
58.6342,12.0,6.0,6.0,3248.6,1874.91,1373.69,55.4,0.2,0.1543,270.72,84.79,143.53,423.34,235.42,299.09,0.2898,13148.96,1301.01,2629.79,28927.71,0.0989,0.9307,2.1724,3.496,20.0,1.0,1.0,C2_BEACONING
31.3454,706.0,605.0,101.0,991431.93,974492.1,16939.83,31629.22,22.52,0.9658,1404.29,262.04,1011.23,1500.0,1465.02,1229.52,0.5972,31.93,15.71,6.39,70.26,0.4919,0.22,1.9912,3.0425,25.0,1.0,0.0,DATA_EXFILTRATION
17.2766,20.0,6.0,14.0,17325.35,3309.53,14015.82,1002.82,1.16,-0.618,866.27,537.17,60.51,1500.0,833.88,838.35,0.5917,863.83,917.28,172.77,1900.42,1.0619,0.1094,3.901,3.05,17.0,0.0,0.0,BENIGN_WEB
43.9974,677.0,596.0,81.0,916512.64,819423.02,97089.62,20831.07,15.39,0.7881,1353.79,150.51,1128.02,1500.0,1421.71,1216.14,0.5133,15.99,6.79,3.2,35.19,0.4246,0.2096,2.0398,3.7722,19.0,0.0,0.0,DATA_EXFILTRATION
19.9219,67.0,20.0,47.0,65794.51,18448.31,47346.2,3302.62,3.36,-0.4392,982.01,329.52,487.73,1500.0,1024.42,898.62,0.3642,297.34,353.25,59.47,654.15,1.188,0.0341,3.8005,2.4427,10.0,0.0,0.0,BENIGN_WEB
21.3761,1036.0,948.0,88.0,1460163.89,1302802.23,157361.66,68308.28,48.47,0.7845,1409.42,207.94,1097.52,1500.0,1528.36,1334.37,0.4738,27.48,14.77,5.5,60.46,0.5374,0.2183,2.4436,3.6714,26.0,0.0,0.0,DATA_EXFILTRATION
19.5818,73.0,21.0,52.0,76865.3,8186.15,68679.15,3925.34,3.73,-0.787,1052.95,411.13,436.26,1500.0,951.32,1072.11,0.4959,268.24,422.94,53.65,590.14,1.5767,0.0821,3.7666,3.0452,10.0,0.0,0.0,BENIGN_WEB
5.4356,29.0,10.0,19.0,26975.53,3588.83,23386.7,4962.76,5.34,-0.7339,930.19,437.48,273.97,1500.0,1008.02,888.26,0.2704,187.43,246.03,37.49,412.35,1.3126,0.0629,4.0616,3.0286,14.0,0.0,0.0,BENIGN_WEB
21.25,18.0,6.0,12.0,19389.82,4912.14,14477.68,912.46,0.85,-0.4933,1077.21,441.62,414.78,1500.0,1000.34,948.46,0.1858,1180.56,1754.68,236.11,2597.22,1.4863,0.0259,5.0517,2.565,14.0,0.0,0.0,BENIGN_WEB
21.5911,67.0,19.0,48.0,60146.1,7592.76,52553.34,2785.69,3.1,-0.7475,897.7,395.61,304.29,1500.0,869.02,826.01,0.3857,322.26,243.64,64.45,708.96,0.756,0.0784,4.2382,2.8755,14.0,0.0,0.0,BENIGN_WEB
11.4757,547.0,487.0,60.0,673303.02,606428.13,66874.89,58671.98,47.67,0.8014,1230.9,207.41,919.79,1500.0,1318.21,1263.23,0.4694,42.4,25.8,8.48,93.27,0.6085,0.2527,2.603,3.4258,20.0,1.0,0.0,DATA_EXFILTRATION
24.6292,53.0,22.0,31.0,49790.8,10122.36,39668.45,2021.62,2.15,-0.5934,939.45,578.33,71.95,1500.0,912.37,1048.06,0.2152,464.7,349.84,92.94,1022.34,0.7528,0.1052,3.8654,2.7587,8.0,0.0,0.0,BENIGN_WEB
9.4889,69.0,21.0,48.0,46633.87,7404.82,39229.05,4914.58,7.27,-0.6824,675.85,531.22,40.0,1500.0,631.41,732.79,0.3393,137.52,173.88,27.5,302.54,1.2644,0.0575,3.9297,2.2012,21.0,0.0,0.0,BENIGN_WEB
42.5786,630.0,533.0,97.0,872436.54,824379.05,48057.49,20490.01,14.8,0.8898,1384.82,115.0,1212.32,1500.0,1258.78,1473.55,0.2001,28.79,12.4,5.76,63.34,0.4306,0.1216,2.2007,2.9219,15.0,0.0,0.0,DATA_EXFILTRATION
29.5761,1198.0,1096.0,102.0,1504779.55,1373507.14,131272.42,50878.18,40.51,0.8255,1256.08,193.74,965.46,1500.0,1387.57,1293.07,0.3247,15.36,3.43,3.07,33.78,0.2235,0.2323,2.352,3.4814,16.0,1.0,0.0,DATA_EXFILTRATION
13.4481,48.0,15.0,33.0,45579.27,7138.78,38440.49,3389.26,3.57,-0.6868,949.57,356.42,414.93,1500.0,835.26,881.03,0.2706,280.17,292.77,56.03,616.37,1.045,0.0924,4.4371,2.9476,16.0,0.0,0.0,BENIGN_WEB
30.23,39.0,15.0,24.0,32624.18,5655.03,26969.15,1079.2,1.29,-0.6533,836.52,438.55,178.7,1500.0,770.31,839.87,0.3951,775.13,639.08,155.03,1705.28,0.8245,0.0814,4.0733,2.9744,20.0,0.0,0.0,BENIGN_WEB
13.4243,54.0,19.0,35.0,43917.45,9148.93,34768.52,3271.5,4.02,-0.5834,813.29,441.39,151.19,1500.0,865.24,822.31,0.4442,248.6,316.85,49.72,546.91,1.2746,0.1339,4.8524,2.9128,13.0,0.0,0.0,BENIGN_WEB
17.9863,37.0,12.0,25.0,24193.6,5362.98,18830.62,1345.11,2.06,-0.5567,653.88,321.81,171.16,1233.15,661.87,706.86,0.4895,486.12,374.41,97.22,1069.46,0.7702,0.0702,4.6479,3.0241,14.0,0.0,0.0,BENIGN_WEB
22.4591,989.0,842.0,147.0,1216761.77,1153798.33,62963.44,54176.88,44.04,0.8965,1230.3,171.03,973.75,1500.0,1200.22,1255.85,0.2534,47.51,12.59,9.5,104.53,0.2651,0.1465,2.8757,3.1622,14.0,1.0,0.0,DATA_EXFILTRATION
2.3782,82.0,32.0,50.0,73856.71,11317.34,62539.38,31055.86,34.48,-0.6935,900.69,526.49,110.95,1500.0,786.34,1014.8,0.3526,29.0,41.29,5.8,63.81,1.4236,0.1161,4.5868,3.035,18.0,0.0,0.0,BENIGN_WEB
24.5404,71.0,29.0,42.0,44818.42,10290.36,34528.06,1826.31,2.89,-0.5408,631.25,493.0,40.0,1500.0,546.75,650.88,0.516,345.64,302.75,69.13,760.41,0.8759,0.1276,4.3347,2.9794,12.0,0.0,0.0,BENIGN_WEB
21.6795,1142.0,1032.0,110.0,1564373.17,1394417.96,169955.21,72159.03,52.68,0.7827,1369.85,256.91,984.49,1500.0,1421.37,1315.9,0.5279,22.2,6.65,4.44,48.83,0.2994,0.2202,2.3963,3.5478,26.0,0.0,0.0,DATA_EXFILTRATION
24.5043,70.0,25.0,45.0,58833.6,17056.62,41776.98,2400.95,2.86,-0.4202,840.48,370.34,284.97,1500.0,929.31,800.38,0.2357,350.06,484.95,70.01,770.14,1.3853,0.0961,4.7818,2.5203,8.0,0.0,0.0,BENIGN_WEB
16.8251,22.0,9.0,13.0,17962.86,3673.66,14289.19,1067.62,1.31,-0.591,816.49,503.71,60.93,1500.0,762.19,752.35,0.6149,764.78,976.03,152.96,1682.51,1.2762,0.0749,4.8035,2.3894,19.0,0.0,0.0,BENIGN_WEB
4.4533,67.0,27.0,40.0,55880.03,12540.5,43339.53,12548.07,15.05,-0.5512,834.03,468.49,131.3,1500.0,801.41,808.5,0.521,66.47,76.04,13.29,146.23,1.1441,0.1211,3.8156,2.8281,18.0,0.0,0.0,BENIGN_WEB
59.005,24.0,12.0,12.0,6842.22,3538.79,3303.42,115.96,0.41,0.0344,285.09,109.37,121.04,481.95,302.77,297.0,0.3122,9282.14,995.79,1856.43,20420.71,0.1073,0.9617,2.8754,4.238,27.0,1.0,0.0,C2_BEACONING
20.2175,15.0,4.0,11.0,11859.1,2002.27,9856.83,586.58,0.74,-0.6623,790.61,433.26,140.71,1500.0,717.28,687.26,0.5106,1347.83,1909.96,269.57,2965.23,1.4171,0.1313,3.6947,2.2362,15.0,0.0,0.0,BENIGN_WEB
10.9484,27.0,10.0,17.0,21278.93,3550.57,17728.36,1943.56,2.47,-0.6663,788.11,540.17,40.0,1500.0,822.42,851.44,0.4544,405.5,680.49,81.1,892.09,1.6782,0.0925,4.7628,2.7583,19.0,0.0,0.0,BENIGN_WEB
14.9862,55.0,20.0,35.0,34620.61,3140.23,31480.38,2310.17,3.67,-0.8186,629.47,497.41,40.0,1500.0,536.81,565.65,0.3521,272.48,399.76,54.5,599.45,1.4672,0.0838,4.6468,2.6612,19.0,0.0,0.0,BENIGN_WEB
109.0037,19.0,9.0,10.0,5668.97,2762.75,2906.21,52.01,0.17,-0.0253,298.37,71.0,191.86,426.17,334.01,264.22,0.1954,24502.7,1780.62,4900.54,53905.94,0.0727,0.9489,2.7096,3.6483,18.0,1.0,0.0,C2_BEACONING
78.994,22.0,11.0,11.0,8582.53,5198.36,3384.18,108.65,0.28,0.2114,390.12,87.46,258.92,547.54,435.88,395.27,0.3508,7764.39,283.69,1552.88,17081.66,0.0365,0.9634,2.1787,3.6195,15.0,1.0,0.0,C2_BEACONING
16.4927,772.0,642.0,130.0,1118736.75,1039884.21,78852.54,67832.05,46.81,0.859,1449.14,136.66,1244.15,1500.0,1344.74,1409.86,0.5439,26.26,10.48,5.25,57.78,0.3989,0.2488,1.9157,3.0476,29.0,0.0,0.0,DATA_EXFILTRATION
18.2584,43.0,12.0,31.0,31829.22,8723.74,23105.48,1743.26,2.36,-0.4518,740.21,576.43,40.0,1500.0,788.37,714.81,0.2942,424.61,432.04,84.92,934.15,1.0175,0.0626,4.2962,2.451,18.0,0.0,0.0,BENIGN_WEB
12.7822,69.0,22.0,47.0,59315.68,12806.99,46508.69,4640.48,5.4,-0.5682,859.65,454.32,178.16,1500.0,971.47,780.71,0.3657,185.25,316.29,37.05,407.55,1.7074,0.0678,3.9211,3.0327,16.0,0.0,0.0,BENIGN_WEB
26.8131,78.0,29.0,49.0,70171.43,8702.0,61469.42,2617.06,2.91,-0.752,899.63,544.1,83.48,1500.0,1014.66,789.83,0.1861,343.76,484.78,68.75,756.27,1.4102,0.0518,5.0719,2.9524,21.0,0.0,0.0,BENIGN_WEB
75.6285,13.0,6.0,7.0,2775.3,1314.03,1461.26,36.7,0.17,-0.0531,213.48,113.21,43.66,417.27,218.77,226.78,0.6019,21520.96,2345.97,4304.19,47346.12,0.109,0.9433,2.1149,3.9643,19.0,0.0,0.0,C2_BEACONING
2.2572,76.0,29.0,47.0,69080.64,11924.33,57156.31,30604.54,33.67,-0.6548,908.96,497.55,162.63,1500.0,950.11,926.93,0.1963,29.7,22.46,5.94,65.34,0.7563,0.1069,4.2434,2.2999,20.0,0.0,0.0,BENIGN_WEB
45.8112,1459.0,1148.0,311.0,1893935.91,1804692.18,89243.72,41342.17,31.85,0.9058,1298.11,276.43,883.46,1500.0,1350.08,1227.36,0.5487,21.41,12.94,4.28,47.09,0.6046,0.2499,2.0104,3.448,25.0,0.0,1.0,DATA_EXFILTRATION
23.3081,76.0,31.0,45.0,58069.41,13202.4,44867.01,2491.38,3.26,-0.5453,764.07,466.78,63.9,1500.0,705.92,758.52,0.5698,306.69,531.37,61.34,674.71,1.7326,0.1308,3.9369,2.933,9.0,0.0,0.0,BENIGN_WEB
39.1028,14.0,7.0,7.0,3374.73,2173.05,1201.68,86.3,0.36,0.2878,241.05,88.07,108.95,399.58,236.53,223.74,0.3163,17015.76,1564.34,3403.15,37434.67,0.0919,0.9819,2.3935,3.7626,31.0,1.0,1.0,C2_BEACONING
25.4635,610.0,498.0,112.0,796999.51,718107.37,78892.13,31299.66,23.96,0.802,1306.56,166.2,1057.26,1500.0,1406.45,1467.77,0.2462,23.27,13.35,4.65,51.18,0.5737,0.1668,2.3127,3.0884,28.0,1.0,0.0,DATA_EXFILTRATION
109.1158,18.0,9.0,9.0,6282.91,4013.07,2269.84,57.58,0.16,0.2775,349.05,115.6,175.65,557.13,319.76,315.1,0.459,27087.29,2965.64,5417.46,59592.05,0.1095,0.9091,2.2034,3.5721,24.0,0.0,0.0,C2_BEACONING
9.4687,67.0,21.0,46.0,60120.65,13055.56,47065.08,6349.38,7.08,-0.5657,897.32,513.15,127.6,1500.0,832.82,813.91,0.2049,141.32,133.5,28.26,310.91,0.9446,0.1217,4.7968,2.994,9.0,0.0,0.0,BENIGN_WEB
4.3717,71.0,23.0,48.0,56907.44,15526.21,41381.23,13017.13,16.24,-0.4543,801.51,525.43,40.0,1500.0,892.45,867.54,0.614,61.57,87.07,12.31,135.46,1.414,0.0743,3.9034,3.0232,20.0,0.0,0.0,BENIGN_WEB
27.0785,10.0,5.0,5.0,2880.65,1722.67,1157.98,106.38,0.37,0.196,288.06,132.26,89.68,526.13,266.23,279.08,0.4895,20902.53,716.61,4180.51,45985.57,0.0343,0.9494,2.6753,3.5622,17.0,1.0,0.0,C2_BEACONING
45.8294,155.0,130.0,25.0,212846.21,196000.77,16845.44,4644.32,3.38,0.8417,1373.2,124.28,1186.78,1500.0,1336.3,1559.16,0.2988,22.75,8.29,4.55,50.05,0.3646,0.1242,1.9637,3.2646,23.0,0.0,1.0,DATA_EXFILTRATION
68.1525,17.0,8.0,9.0,3493.28,2001.56,1491.72,51.26,0.25,0.1459,205.49,116.84,40.0,415.8,189.67,221.49,0.2161,23848.58,620.04,4769.72,52466.88,0.026,0.9522,2.8315,3.4577,27.0,1.0,1.0,C2_BEACONING
30.7667,24.0,12.0,12.0,6216.15,3114.66,3101.48,202.04,0.78,0.0021,259.01,92.05,120.94,424.69,237.94,260.78,0.4271,11684.02,642.57,2336.8,25704.85,0.055,0.8871,2.4701,3.5144,19.0,1.0,1.0,C2_BEACONING
34.9588,1111.0,868.0,243.0,1498045.31,1426261.94,71783.37,42851.71,31.78,0.9042,1348.38,160.74,1107.27,1500.0,1428.67,1532.55,0.3028,24.14,14.95,4.83,53.11,0.6193,0.1966,1.9489,3.4036,14.0,1.0,0.0,DATA_EXFILTRATION
14.5161,75.0,31.0,44.0,69517.16,6365.14,63152.02,4788.96,5.17,-0.8169,926.9,510.47,161.2,1500.0,815.62,1058.38,0.2898,193.55,311.23,38.71,425.81,1.608,0.0935,3.6977,2.9479,15.0,0.0,0.0,BENIGN_WEB
16.834,73.0,27.0,46.0,54970.26,10391.87,44578.39,3265.42,4.34,-0.6219,753.02,471.93,45.12,1500.0,705.49,731.22,0.4841,230.6,284.08,46.12,507.33,1.2319,0.0404,4.5642,2.6738,10.0,0.0,0.0,BENIGN_WEB
3.5028,34.0,14.0,20.0,22291.59,3956.3,18335.3,6364.01,9.71,-0.645,655.64,421.56,40.0,1414.45,753.7,573.58,0.1865,103.02,159.46,20.6,226.65,1.5478,0.0759,5.0482,2.4945,19.0,0.0,0.0,BENIGN_WEB
52.9266,11.0,5.0,6.0,3895.0,1752.62,2142.38,73.59,0.21,-0.1001,354.09,52.19,275.81,448.03,387.89,397.42,0.2804,24955.16,1797.55,4991.03,54901.35,0.072,0.9781,2.3343,3.6508,21.0,1.0,1.0,C2_BEACONING
73.5052,12.0,6.0,6.0,3316.96,1497.7,1819.26,45.13,0.16,-0.0969,276.41,53.89,195.58,373.42,302.32,282.26,0.5018,4830.43,528.24,966.09,10626.95,0.1094,0.8854,2.3933,3.8764,21.0,1.0,0.0,C2_BEACONING
35.3492,1357.0,1219.0,138.0,1696953.1,1579610.09,117343.01,48005.42,38.39,0.8617,1250.52,169.34,996.51,1500.0,1278.54,1411.61,0.5219,37.11,10.2,7.42,81.64,0.2748,0.1418,2.3188,3.1413,22.0,1.0,0.0,DATA_EXFILTRATION
7.0119,53.0,17.0,36.0,39080.92,6239.39,32841.53,5573.51,7.56,-0.6807,737.38,445.99,68.39,1500.0,692.97,667.6,0.227,132.3,103.41,26.46,291.06,0.7817,0.0895,4.5312,2.1014,16.0,0.0,0.0,BENIGN_WEB
33.2922,935.0,778.0,157.0,1199422.81,1095691.39,103731.42,36027.12,28.08,0.827,1282.81,202.89,978.48,1500.0,1309.37,1445.05,0.3671,28.13,7.33,5.63,61.88,0.2605,0.209,2.5588,3.3731,27.0,1.0,0.0,DATA_EXFILTRATION
29.1197,14.0,7.0,7.0,5331.69,2812.36,2519.33,183.1,0.48,0.055,380.83,139.57,171.48,632.06,349.78,437.91,0.2564,10539.47,212.64,2107.89,23186.84,0.0202,0.9557,2.5728,4.0534,33.0,1.0,0.0,C2_BEACONING
97.1135,11.0,5.0,6.0,3450.44,2155.34,1295.11,35.53,0.11,0.2493,313.68,137.37,107.62,560.94,326.15,278.41,0.3333,10195.16,511.54,2039.03,22429.35,0.0502,0.9374,2.709,3.8504,33.0,0.0,1.0,C2_BEACONING
2.0612,73.0,21.0,52.0,78379.21,17943.77,60435.44,38025.94,35.42,-0.5421,1073.69,418.86,445.39,1500.0,935.75,1063.88,0.3145,28.24,43.77,5.65,62.12,1.55,0.0873,4.701,2.5778,21.0,0.0,0.0,BENIGN_WEB
27.3062,1360.0,1201.0,159.0,1707798.58,1603117.73,104680.85,62542.58,49.81,0.8774,1255.73,187.03,975.19,1500.0,1158.51,1135.33,0.4585,39.31,15.54,7.86,86.48,0.3954,0.2281,2.2393,3.0275,26.0,0.0,0.0,DATA_EXFILTRATION
11.5945,43.0,13.0,30.0,29642.09,4973.4,24668.7,2556.57,3.71,-0.6644,689.35,476.94,40.0,1500.0,688.98,611.23,0.5265,269.64,395.2,53.93,593.21,1.4657,0.0211,4.8482,2.5143,20.0,0.0,0.0,BENIGN_WEB
31.0967,80.0,27.0,53.0,50586.78,5848.77,44738.01,1626.76,2.57,-0.7688,632.33,382.16,59.09,1320.22,694.04,579.99,0.2208,388.71,366.82,77.74,855.16,0.9437,0.0364,4.2533,2.8569,9.0,0.0,0.0,BENIGN_WEB
3.3752,66.0,20.0,46.0,43318.46,8974.44,34344.02,12834.53,19.55,-0.5857,656.34,509.89,40.0,1500.0,691.16,710.03,0.5961,51.14,42.34,10.23,112.51,0.828,0.115,4.3689,2.1865,15.0,0.0,0.0,BENIGN_WEB
21.6921,24.0,7.0,17.0,15051.56,2040.99,13010.57,693.87,1.11,-0.7288,627.15,527.22,40.0,1500.0,597.2,696.45,0.363,903.84,939.93,180.77,1988.44,1.0399,0.0347,4.4798,3.0222,20.0,0.0,0.0,BENIGN_WEB
22.2224,72.0,23.0,49.0,52458.68,9552.51,42906.17,2360.63,3.24,-0.6358,728.59,557.82,40.0,1500.0,741.15,682.71,0.4196,308.64,420.82,61.73,679.02,1.3634,0.0486,3.6705,2.7906,17.0,0.0,0.0,BENIGN_WEB
65.514,20.0,10.0,10.0,6152.96,3218.87,2934.09,93.92,0.31,0.0463,307.65,68.9,204.29,431.67,338.07,350.61,0.544,9968.39,922.74,1993.68,21930.46,0.0926,0.9574,2.1021,3.7716,26.0,1.0,1.0,C2_BEACONING
7.5785,65.0,24.0,41.0,54944.54,7640.13,47304.41,7250.1,8.58,-0.7219,845.3,514.01,74.29,1500.0,808.04,785.41,0.3119,116.59,186.09,23.32,256.5,1.5961,0.0538,3.9209,2.8377,17.0,0.0,0.0,BENIGN_WEB
26.1948,16.0,4.0,12.0,10437.64,1911.89,8525.75,398.46,0.61,-0.6337,652.35,452.1,40.0,1466.13,725.85,555.45,0.2948,1637.18,2216.73,327.44,3601.79,1.354,0.0227,4.98,2.7844,15.0,0.0,0.0,BENIGN_WEB
39.3892,640.0,514.0,126.0,805911.01,793039.47,12871.54,20460.2,16.25,0.9681,1259.24,273.08,849.61,1500.0,1120.76,1349.27,0.2642,39.62,16.44,7.92,87.16,0.415,0.1774,2.4717,3.028,14.0,0.0,0.0,DATA_EXFILTRATION
10.9882,742.0,633.0,109.0,920450.45,904485.65,15964.8,83766.88,67.53,0.9653,1240.5,253.25,860.62,1500.0,1086.61,1078.59,0.2571,18.41,11.01,3.68,40.51,0.5978,0.1237,2.8393,3.5519,23.0,1.0,1.0,DATA_EXFILTRATION
13.1299,60.0,20.0,40.0,54811.52,12200.26,42611.26,4174.57,4.57,-0.5548,913.53,579.02,45.0,1500.0,967.31,1009.3,0.449,218.83,323.09,43.77,481.43,1.4764,0.0147,4.0025,2.672,9.0,0.0,0.0,BENIGN_WEB
14.9775,1524.0,1261.0,263.0,2159133.86,2137475.12,21658.74,144158.32,101.75,0.9799,1416.75,277.42,1000.63,1500.0,1285.32,1369.11,0.2183,39.37,17.23,7.87,86.61,0.4377,0.2185,2.8264,3.4094,22.0,1.0,0.0,DATA_EXFILTRATION
27.2357,943.0,799.0,144.0,1188432.77,1081570.11,106862.66,43635.12,34.62,0.8202,1260.27,151.08,1033.65,1500.0,1151.77,1223.72,0.4984,11.71,3.01,2.34,25.76,0.2568,0.1665,2.8829,3.3674,26.0,0.0,0.0,DATA_EXFILTRATION
49.6608,1370.0,1110.0,260.0,1807664.77,1745927.85,61736.91,36400.27,27.59,0.9317,1319.46,119.11,1140.8,1500.0,1478.43,1408.95,0.242,27.79,6.8,5.56,61.14,0.2447,0.2731,2.6082,3.3599,15.0,1.0,1.0,DATA_EXFILTRATION
30.3309,24.0,6.0,18.0,25342.04,6626.13,18715.91,835.52,0.79,-0.4771,1055.92,398.32,458.44,1500.0,936.15,913.02,0.4498,1263.79,1317.58,252.76,2780.34,1.0426,0.0954,4.2528,3.0846,11.0,0.0,0.0,BENIGN_WEB
19.6594,21.0,8.0,13.0,13180.21,1791.66,11388.55,670.43,1.07,-0.7281,627.63,571.69,40.0,1500.0,555.3,616.0,0.2082,936.16,964.34,187.23,2059.55,1.0301,0.1032,5.0293,2.7214,9.0,0.0,0.0,BENIGN_WEB
38.447,8.0,4.0,4.0,2686.66,1624.31,1062.35,69.88,0.21,0.2092,335.83,103.52,180.56,522.16,292.47,297.1,0.561,18645.87,1464.64,3729.17,41020.91,0.0786,0.8895,2.9838,4.2317,29.0,0.0,0.0,C2_BEACONING
3.3528,73.0,29.0,44.0,51502.52,14705.35,36797.17,15361.06,21.77,-0.4289,705.51,520.11,40.0,1500.0,762.96,732.78,0.2538,45.93,52.36,9.19,101.04,1.14,0.0102,4.3891,2.7675,13.0,0.0,0.0,BENIGN_WEB
25.4422,1115.0,870.0,245.0,1613147.52,1562522.43,50625.1,63404.38,43.82,0.9372,1446.77,161.42,1204.64,1500.0,1441.83,1398.19,0.6157,12.13,7.31,2.43,26.69,0.6023,0.2563,2.5552,3.7997,23.0,1.0,0.0,DATA_EXFILTRATION
49.9059,1585.0,1290.0,295.0,2125924.17,1919228.97,206695.19,42598.62,31.76,0.8055,1341.28,209.35,1027.26,1500.0,1446.99,1209.39,0.5124,46.26,12.55,9.25,101.78,0.2712,0.2167,2.5683,3.2054,20.0,0.0,0.0,DATA_EXFILTRATION
19.2659,53.0,15.0,38.0,46151.32,13000.78,33150.54,2395.49,2.75,-0.4366,870.78,366.84,320.51,1500.0,802.68,790.29,0.5127,363.51,267.45,72.7,799.72,0.7358,0.1203,5.0908,2.1138,18.0,0.0,0.0,BENIGN_WEB
8.0176,71.0,27.0,44.0,71435.21,7428.06,64007.15,8909.81,8.86,-0.792,1006.13,340.73,495.03,1500.0,1122.44,1032.81,0.5924,112.92,80.0,22.58,248.43,0.7084,0.1157,3.7585,2.9979,15.0,0.0,0.0,BENIGN_WEB
2.1634,28.0,8.0,20.0,23658.32,6359.6,17298.72,10935.56,12.94,-0.4624,844.94,334.62,343.01,1447.25,860.62,778.98,0.5845,77.27,62.09,15.45,169.98,0.8035,0.0443,4.174,2.8422,20.0,0.0,0.0,BENIGN_WEB
42.803,402.0,350.0,52.0,548569.06,488437.64,60131.41,12816.12,9.39,0.7808,1364.6,246.6,994.69,1500.0,1255.88,1361.14,0.3519,16.96,7.48,3.39,37.3,0.4413,0.2141,2.0962,3.8453,29.0,0.0,0.0,DATA_EXFILTRATION
8.5997,26.0,10.0,16.0,17081.25,1842.16,15239.09,1986.27,3.02,-0.7843,656.97,327.07,166.36,1245.7,644.46,628.05,0.2187,330.76,375.73,66.15,727.66,1.136,0.1093,3.9301,2.8284,8.0,0.0,0.0,BENIGN_WEB
11.7464,22.0,7.0,15.0,19271.08,4300.16,14970.92,1640.59,1.87,-0.5537,875.96,348.96,352.52,1500.0,827.43,764.45,0.3907,533.93,489.33,106.79,1174.64,0.9165,0.0599,4.077,2.4509,13.0,0.0,0.0,BENIGN_WEB
29.6148,49.0,17.0,32.0,32229.73,5579.65,26650.08,1088.3,1.65,-0.6538,657.75,435.37,40.0,1441.42,726.38,628.36,0.2464,604.38,442.33,120.88,1329.64,0.7319,0.0648,4.5065,2.2534,8.0,0.0,0.0,BENIGN_WEB
2.0118,30.0,9.0,21.0,22214.95,4591.73,17623.22,11042.57,14.91,-0.5866,740.5,332.27,242.09,1338.59,672.46,727.75,0.404,67.06,101.98,13.41,147.53,1.5207,0.1057,4.5287,2.279,20.0,0.0,0.0,BENIGN_WEB
26.0514,24.0,12.0,12.0,9782.64,5295.15,4487.49,375.51,0.92,0.0826,407.61,81.82,284.88,554.89,352.57,378.87,0.414,12681.68,1093.56,2536.34,27899.71,0.0862,0.8834,2.1571,4.0556,24.0,1.0,0.0,C2_BEACONING
31.5565,40.0,15.0,25.0,32057.38,9086.62,22970.76,1015.87,1.27,-0.4331,801.43,325.19,313.65,1386.77,683.33,771.47,0.3049,788.91,921.12,157.78,1735.61,1.1676,0.0352,3.7141,2.7159,13.0,0.0,0.0,BENIGN_WEB
28.1044,82.0,29.0,53.0,62088.29,15664.08,46424.21,2209.2,2.92,-0.4954,757.17,383.86,181.39,1448.11,693.26,837.91,0.509,342.74,338.85,68.55,754.02,0.9887,0.0585,4.3966,2.2164,19.0,0.0,0.0,BENIGN_WEB
30.1161,73.0,28.0,45.0,57469.59,8634.54,48835.05,1908.27,2.42,-0.6995,787.25,486.92,56.88,1500.0,758.08,727.56,0.4565,412.55,500.22,82.51,907.61,1.2125,0.0986,4.4221,2.8143,17.0,0.0,0.0,BENIGN_WEB
1.8269,49.0,15.0,34.0,47029.47,6220.67,40808.8,25743.23,26.82,-0.7355,959.79,447.17,289.03,1500.0,1064.39,1084.81,0.5848,37.28,38.28,7.46,82.02,1.0268,0.0446,4.279,2.3748,17.0,0.0,0.0,BENIGN_WEB
12.4568,75.0,29.0,46.0,63294.01,5820.67,57473.35,5081.1,6.02,-0.8161,843.92,364.38,297.35,1499.81,785.13,740.07,0.2941,166.09,278.13,33.22,365.4,1.6746,0.1212,4.1117,2.9768,10.0,0.0,0.0,BENIGN_WEB
91.2129,16.0,8.0,8.0,4377.98,2693.49,1684.49,48.0,0.18,0.2305,273.62,124.4,87.02,497.55,283.91,261.08,0.471,17804.22,1844.05,3560.84,39169.29,0.1036,0.9773,2.3583,3.6047,28.0,1.0,0.0,C2_BEACONING
17.2278,52.0,17.0,35.0,55265.97,5161.67,50104.29,3207.95,3.02,-0.8132,1062.81,507.06,302.22,1500.0,983.06,1084.69,0.4558,331.3,562.63,66.26,728.87,1.6982,0.1363,4.6372,3.0614,15.0,0.0,0.0,BENIGN_WEB
38.0765,18.0,9.0,9.0,5374.93,2394.17,2980.75,141.16,0.47,-0.1091,298.61,124.21,112.3,522.18,313.5,325.18,0.4275,23046.43,592.22,4609.29,50702.14,0.0257,0.9449,2.3149,3.4618,22.0,0.0,0.0,C2_BEACONING
16.2153,36.0,14.0,22.0,26375.92,7517.66,18858.26,1626.6,2.22,-0.43,732.66,443.28,67.75,1500.0,820.08,650.74,0.2785,450.43,621.91,90.09,990.94,1.3807,0.0766,3.993,2.1302,18.0,0.0,0.0,BENIGN_WEB
9.3172,79.0,24.0,55.0,54312.1,6449.41,47862.69,5829.25,8.48,-0.7625,687.49,372.49,128.76,1357.98,592.9,701.38,0.327,117.94,154.04,23.59,259.47,1.3061,0.0264,4.1724,2.1344,19.0,0.0,0.0,BENIGN_WEB
38.8986,171.0,136.0,35.0,223309.16,202345.58,20963.58,5740.81,4.4,0.8122,1305.9,195.62,1012.48,1500.0,1111.29,1465.69,0.3675,11.14,4.35,2.23,24.52,0.3903,0.1424,2.4531,3.0656,26.0,1.0,0.0,DATA_EXFILTRATION
12.8775,43.0,15.0,28.0,39918.05,5101.12,34816.92,3099.84,3.34,-0.7444,928.33,371.63,370.88,1500.0,828.4,992.31,0.3695,299.48,498.67,59.9,658.85,1.6651,0.1361,5.0769,2.4205,9.0,0.0,0.0,BENIGN_WEB
10.2713,69.0,23.0,46.0,46948.74,6971.33,39977.41,4570.86,6.72,-0.703,680.42,370.95,124.0,1348.12,637.72,633.68,0.5847,148.86,122.38,29.77,327.49,0.8221,0.1194,4.5433,2.9237,20.0,0.0,0.0,BENIGN_WEB
29.6575,1108.0,874.0,234.0,1571421.04,1440246.16,131174.88,52985.63,37.36,0.833,1418.25,200.93,1116.86,1500.0,1565.23,1587.4,0.5132,15.32,3.96,3.06,33.7,0.2588,0.1411,2.6629,2.9893,15.0,0.0,0.0,DATA_EXFILTRATION
50.9989,722.0,597.0,125.0,935176.78,904931.43,30245.35,18337.18,14.16,0.9353,1295.26,127.71,1103.69,1500.0,1435.5,1463.79,0.5725,37.76,8.97,7.55,83.07,0.2374,0.1251,2.0985,3.7327,22.0,1.0,0.0,DATA_EXFILTRATION
74.4044,14.0,7.0,7.0,5515.84,3000.24,2515.61,74.13,0.19,0.0879,393.99,84.51,267.22,546.11,378.61,373.1,0.2628,9757.71,943.46,1951.54,21466.96,0.0967,0.964,2.496,4.0003,31.0,1.0,0.0,C2_BEACONING
15.1892,45.0,13.0,32.0,42895.15,11906.16,30988.99,2824.05,2.96,-0.4449,953.23,323.07,468.62,1500.0,1062.28,1032.35,0.5028,337.54,543.93,67.51,742.59,1.6115,0.1004,4.263,3.0494,18.0,0.0,0.0,BENIGN_WEB
14.2297,19.0,6.0,13.0,16523.69,4200.53,12323.17,1161.21,1.34,-0.4916,869.67,411.08,253.05,1500.0,855.15,937.61,0.5837,748.93,590.2,149.79,1647.65,0.7881,0.0769,4.5102,2.2011,19.0,0.0,0.0,BENIGN_WEB
30.5591,24.0,8.0,16.0,15698.34,3228.62,12469.72,513.7,0.79,-0.5887,654.1,387.87,72.29,1352.27,655.09,719.45,0.4993,1273.29,1018.4,254.66,2801.25,0.7998,0.0979,4.5062,2.1905,13.0,0.0,0.0,BENIGN_WEB
10.9303,45.0,16.0,29.0,43658.13,7566.23,36091.9,3994.25,4.12,-0.6534,970.18,536.49,165.45,1500.0,919.79,1070.51,0.516,242.89,183.15,48.58,534.37,0.754,0.1181,4.0923,2.1666,11.0,0.0,0.0,BENIGN_WEB
24.4581,15.0,4.0,11.0,15841.46,2224.41,13617.05,647.7,0.61,-0.7192,1056.1,438.93,397.7,1500.0,1136.25,1200.25,0.2442,1630.54,1884.83,326.11,3587.19,1.156,0.0423,3.6581,2.771,10.0,0.0,0.0,BENIGN_WEB
34.9151,1154.0,989.0,165.0,1538741.88,1443098.56,95643.33,44070.94,33.05,0.8757,1333.4,174.21,1072.09,1500.0,1527.53,1227.42,0.3033,22.05,9.78,4.41,48.52,0.4435,0.2429,1.9007,3.5454,21.0,0.0,1.0,DATA_EXFILTRATION
42.345,12.0,6.0,6.0,2566.32,1520.1,1046.22,60.6,0.28,0.1847,213.86,70.2,108.56,340.22,242.78,219.89,0.4746,5497.01,533.1,1099.4,12093.41,0.097,0.933,2.7713,3.4978,30.0,1.0,0.0,C2_BEACONING
30.3019,18.0,9.0,9.0,5964.9,3841.84,2123.07,196.85,0.59,0.2881,331.38,59.09,242.75,437.75,302.49,326.45,0.2146,13482.67,1091.98,2696.53,29661.87,0.081,0.8929,2.7562,3.984,32.0,0.0,0.0,C2_BEACONING
18.9156,54.0,19.0,35.0,39226.08,10150.17,29075.91,2073.74,2.85,-0.4825,726.41,489.88,40.0,1500.0,658.92,814.33,0.1844,350.29,579.85,70.06,770.64,1.6553,0.0172,4.8544,2.633,15.0,0.0,0.0,BENIGN_WEB
3.196,46.0,15.0,31.0,47305.54,8517.31,38788.23,14801.27,14.39,-0.6399,1028.38,376.57,463.52,1500.0,893.08,1090.55,0.2101,69.48,88.24,13.9,152.85,1.27,0.0407,4.5196,2.5094,20.0,0.0,0.0,BENIGN_WEB
12.8666,39.0,13.0,26.0,41139.87,4660.81,36479.06,3197.43,3.03,-0.7734,1054.87,403.63,449.42,1500.0,1056.39,1139.08,0.5189,329.91,420.78,65.98,725.81,1.2754,0.0398,4.3417,2.3641,11.0,0.0,0.0,BENIGN_WEB
8.7505,74.0,30.0,44.0,69697.64,7192.97,62504.67,7965.02,8.46,-0.7936,941.86,321.17,460.11,1500.0,1053.52,973.12,0.2534,118.25,152.79,23.65,260.15,1.2921,0.1325,4.6973,2.7124,11.0,0.0,0.0,BENIGN_WEB
24.3461,370.0,325.0,45.0,521854.88,496586.64,25268.24,21434.84,15.2,0.9032,1410.42,148.13,1188.23,1500.0,1431.87,1414.41,0.4112,28.94,18.52,5.79,63.66,0.6399,0.131,2.7611,3.3355,24.0,0.0,0.0,DATA_EXFILTRATION
6.7282,55.0,22.0,33.0,56378.46,10212.0,46166.47,8379.48,8.17,-0.6377,1025.06,439.18,366.29,1500.0,1111.58,975.73,0.4354,122.33,144.73,24.47,269.13,1.1831,0.0376,3.8231,2.8647,21.0,0.0,0.0,BENIGN_WEB
77.4123,14.0,7.0,7.0,5720.34,3394.55,2325.79,73.89,0.18,0.1868,408.6,71.73,301.01,537.7,413.57,353.72,0.2477,17136.38,284.92,3427.28,37700.04,0.0166,0.9254,2.6591,3.8962,18.0,1.0,1.0,C2_BEACONING
46.8994,20.0,10.0,10.0,6209.19,3548.63,2660.56,132.39,0.43,0.143,310.46,87.09,179.82,467.23,277.57,296.01,0.262,11293.87,1196.61,2258.77,24846.52,0.106,0.9099,2.4832,3.9948,27.0,1.0,0.0,C2_BEACONING
20.5161,31.0,11.0,20.0,26887.74,4541.91,22345.83,1310.57,1.51,-0.6622,867.35,393.75,276.72,1500.0,783.64,895.4,0.3528,661.81,913.61,132.36,1455.98,1.3805,0.069,4.8471,2.9913,9.0,0.0,0.0,BENIGN_WEB
24.3204,51.0,17.0,34.0,36601.31,10342.02,26259.29,1504.96,2.1,-0.4349,717.67,548.2,40.0,1500.0,730.32,701.9,0.2427,476.87,653.78,95.37,1049.12,1.371,0.0869,3.8296,2.8638,11.0,0.0,0.0,BENIGN_WEB
17.6227,912.0,749.0,163.0,1307254.79,1268515.9,38738.89,74180.0,51.75,0.9407,1433.39,143.5,1218.15,1500.0,1623.99,1458.03,0.3959,9.04,2.8,1.81,19.89,0.31,0.2691,2.0864,3.751,22.0,1.0,0.0,DATA_EXFILTRATION
30.1473,78.0,32.0,46.0,61789.35,7324.17,54465.18,2049.58,2.59,-0.7629,792.17,431.29,145.23,1500.0,822.95,754.63,0.4401,386.5,307.82,77.3,850.31,0.7964,0.0505,4.4147,3.0048,15.0,0.0,0.0,BENIGN_WEB
44.5899,15.0,7.0,8.0,5203.82,2690.63,2513.19,116.7,0.34,0.0341,346.92,45.57,278.56,428.95,323.5,325.63,0.5368,11100.86,919.2,2220.17,24421.9,0.0828,0.9414,2.4674,3.7677,26.0,1.0,0.0,C2_BEACONING
42.7586,22.0,11.0,11.0,8088.98,5181.93,2907.04,189.18,0.51,0.2812,367.68,74.42,256.05,501.64,341.66,361.72,0.5442,16197.37,1452.99,3239.47,35634.21,0.0897,0.8978,2.7264,4.029,15.0,0.0,0.0,C2_BEACONING
24.0317,71.0,21.0,50.0,73977.17,10583.37,63393.8,3078.31,2.95,-0.7139,1041.93,573.71,181.36,1500.0,1065.33,1038.27,0.603,338.47,453.88,67.69,744.64,1.341,0.1239,4.4373,2.7124,21.0,0.0,0.0,BENIGN_WEB
27.9987,25.0,12.0,13.0,10061.8,4902.01,5159.79,359.37,0.89,-0.0256,402.47,59.46,313.28,509.5,447.94,420.58,0.4822,26797.54,885.84,5359.51,58954.59,0.0331,0.9577,2.2143,3.6362,24.0,1.0,0.0,C2_BEACONING
93.1795,12.0,6.0,6.0,3893.66,2401.42,1492.24,41.79,0.13,0.2335,324.47,70.82,218.24,451.95,313.37,276.1,0.62,4750.88,218.35,950.18,10451.94,0.046,0.9351,2.6163,3.482,18.0,1.0,0.0,C2_BEACONING
38.9386,10.0,5.0,5.0,3331.73,1618.71,1713.02,85.56,0.26,-0.0283,333.17,114.54,161.37,539.34,343.17,292.92,0.2787,26003.9,1716.21,5200.78,57208.57,0.066,0.8823,2.5224,3.7414,19.0,1.0,0.0,C2_BEACONING
30.3459,31.0,11.0,20.0,28555.7,7309.65,21246.05,941.01,1.02,-0.488,921.15,368.98,367.68,1500.0,1040.09,1012.6,0.302,978.9,877.13,195.78,2153.58,0.896,0.0521,4.2031,2.435,17.0,0.0,0.0,BENIGN_WEB
25.0981,66.0,23.0,43.0,58504.12,14059.12,44445.0,2331.01,2.63,-0.5194,886.43,579.92,40.0,1500.0,878.97,983.9,0.2563,380.27,286.84,76.05,836.6,0.7543,0.0353,4.6943,2.2354,16.0,0.0,0.0,BENIGN_WEB
32.9007,22.0,11.0,11.0,6470.89,3420.8,3050.09,196.68,0.67,0.0573,294.13,82.65,170.16,442.9,328.72,294.01,0.3018,11143.86,820.41,2228.77,24516.5,0.0736,0.9771,2.7784,3.8578,16.0,1.0,0.0,C2_BEACONING
10.3025,70.0,26.0,44.0,69045.53,14424.34,54621.2,6701.85,6.79,-0.5822,986.36,325.2,498.56,1500.0,1018.1,1070.37,0.5027,147.18,208.2,29.44,323.79,1.4146,0.1309,4.1094,2.6004,19.0,0.0,0.0,BENIGN_WEB
40.5785,11.0,5.0,6.0,3174.64,1474.44,1700.19,78.23,0.27,-0.0711,288.6,96.07,144.5,461.53,247.51,318.36,0.4478,24984.88,2732.31,4996.98,54966.73,0.1094,0.9878,2.8366,3.5713,15.0,0.0,0.0,C2_BEACONING
21.9501,35.0,10.0,25.0,23589.75,3059.55,20530.2,1074.7,1.59,-0.7406,673.99,508.26,40.0,1500.0,665.57,600.8,0.5214,627.15,713.38,125.43,1379.72,1.1375,0.0311,3.7982,2.7645,15.0,0.0,0.0,BENIGN_WEB
14.0698,79.0,23.0,56.0,64506.08,10584.68,53921.4,4584.72,5.61,-0.6718,816.53,369.9,261.68,1482.36,753.82,749.27,0.5504,178.1,258.48,35.62,391.82,1.4513,0.1108,4.9828,2.7218,19.0,0.0,0.0,BENIGN_WEB
30.7115,695.0,609.0,86.0,912809.28,859988.96,52820.33,29722.06,22.63,0.8843,1313.39,134.36,1111.85,1500.0,1123.03,1160.24,0.3524,42.11,14.61,8.42,92.64,0.347,0.2523,2.0558,3.8284,21.0,0.0,0.0,DATA_EXFILTRATION
17.136,18.0,6.0,12.0,13776.33,2731.37,11044.96,803.94,1.05,-0.6035,765.35,510.29,40.0,1500.0,804.3,802.83,0.4179,952.0,754.35,190.4,2094.4,0.7924,0.1316,4.0568,2.9514,17.0,0.0,0.0,BENIGN_WEB
68.9516,25.0,12.0,13.0,5264.87,3346.95,1917.92,76.36,0.36,0.2714,210.59,111.43,43.45,411.17,238.63,218.77,0.2155,10669.36,741.16,2133.87,23472.58,0.0695,0.9712,2.9364,4.0732,29.0,1.0,0.0,C2_BEACONING
10.978,208.0,168.0,40.0,294866.38,266435.46,28430.92,26859.66,18.95,0.8072,1417.63,125.45,1229.45,1500.0,1575.48,1333.51,0.5015,33.33,12.19,6.67,73.33,0.3658,0.17,2.3931,3.7955,24.0,1.0,0.0,DATA_EXFILTRATION
31.0679,72.0,29.0,43.0,64100.03,16709.79,47390.24,2063.22,2.32,-0.4786,890.28,389.69,305.74,1500.0,788.82,825.95,0.466,431.5,635.51,86.3,949.3,1.4728,0.0326,3.7846,2.6504,17.0,0.0,0.0,BENIGN_WEB
18.4423,73.0,22.0,51.0,75685.35,21857.02,53828.33,4103.89,3.96,-0.4224,1036.79,359.87,496.98,1500.0,941.66,937.3,0.5671,252.63,370.55,50.53,555.8,1.4667,0.0295,4.8169,2.3901,12.0,0.0,0.0,BENIGN_WEB
3.5335,37.0,15.0,22.0,33109.07,5894.47,27214.6,9369.99,10.47,-0.6439,894.84,404.03,288.79,1500.0,1005.99,834.38,0.3206,95.5,110.6,19.1,210.1,1.1581,0.0244,4.9809,2.1767,8.0,0.0,0.0,BENIGN_WEB
104.6282,22.0,11.0,11.0,7372.42,3793.07,3579.34,70.46,0.21,0.029,335.11,70.63,229.17,462.24,307.32,358.32,0.5448,23181.73,601.38,4636.35,50999.8,0.0259,0.9036,2.3826,3.8602,33.0,1.0,0.0,C2_BEACONING
50.0225,713.0,634.0,79.0,981625.04,915271.73,66353.31,19623.68,14.25,0.8648,1376.75,124.11,1190.59,1500.0,1381.85,1455.19,0.2025,30.85,15.52,6.17,67.87,0.5031,0.2062,1.9498,3.1588,24.0,1.0,0.0,DATA_EXFILTRATION
98.6735,25.0,12.0,13.0,8947.87,5325.25,3622.62,90.68,0.25,0.1903,357.91,135.23,155.07,601.33,320.29,398.53,0.2954,8396.37,244.28,1679.27,18472.02,0.0291,0.8878,2.5098,3.5804,27.0,0.0,0.0,C2_BEACONING
100.096,10.0,5.0,5.0,2035.04,1084.21,950.84,20.33,0.1,0.0655,203.5,110.91,40.0,403.14,213.3,204.24,0.3816,27936.59,595.9,5587.32,61460.5,0.0213,0.8907,3.0128,3.88,19.0,1.0,0.0,C2_BEACONING
23.7258,27.0,9.0,18.0,19561.31,3505.92,16055.39,824.47,1.14,-0.6415,724.49,475.03,40.0,1500.0,829.41,690.04,0.3522,878.73,680.52,175.75,1933.21,0.7744,0.0975,4.4383,2.2397,18.0,0.0,0.0,BENIGN_WEB
10.0744,68.0,20.0,48.0,46489.31,7942.9,38546.4,4614.6,6.75,-0.6583,683.67,463.44,40.0,1500.0,758.96,623.35,0.1883,148.15,130.06,29.63,325.94,0.8779,0.114,4.8164,2.8981,20.0,0.0,0.0,BENIGN_WEB
34.9459,841.0,736.0,105.0,1212145.83,1095168.18,116977.65,34686.35,24.07,0.807,1441.31,119.33,1262.33,1500.0,1281.08,1400.44,0.2108,22.12,14.12,4.42,48.66,0.6385,0.2553,2.8032,3.6204,19.0,1.0,0.0,DATA_EXFILTRATION
12.0198,31.0,11.0,20.0,29782.14,4089.26,25692.88,2477.76,2.58,-0.7254,960.71,464.03,264.66,1500.0,910.86,1068.57,0.4419,387.74,277.5,77.55,853.02,0.7157,0.0129,4.5693,2.5375,10.0,0.0,0.0,BENIGN_WEB
49.1658,9.0,4.0,5.0,3255.59,1849.28,1406.31,66.22,0.18,0.1361,361.73,91.98,223.76,527.3,402.88,398.62,0.3647,22020.59,2371.56,4404.12,48445.29,0.1077,0.9398,2.1461,3.8427,25.0,1.0,0.0,C2_BEACONING
49.0829,1530.0,1275.0,255.0,2025341.44,1941179.65,84161.79,41263.72,31.17,0.9169,1323.75,221.81,991.04,1500.0,1297.18,1448.71,0.3236,38.34,16.33,7.67,84.34,0.426,0.2722,2.5817,2.913,25.0,0.0,1.0,DATA_EXFILTRATION
20.9129,76.0,31.0,45.0,49532.5,9820.56,39711.94,2368.51,3.63,-0.6035,651.74,486.0,40.0,1500.0,695.55,579.49,0.5493,275.17,454.56,55.03,605.37,1.6519,0.0717,4.6537,2.3228,10.0,0.0,0.0,BENIGN_WEB
29.0483,71.0,26.0,45.0,62947.62,10911.07,52036.55,2167.0,2.44,-0.6533,886.59,337.21,380.77,1493.57,998.66,831.68,0.3403,409.13,326.62,81.83,900.09,0.7983,0.0378,4.5417,2.1332,17.0,0.0,0.0,BENIGN_WEB
11.6741,59.0,17.0,42.0,54914.8,14264.41,40650.39,4703.98,5.05,-0.4805,930.76,337.06,425.17,1500.0,811.28,829.1,0.5198,197.87,317.08,39.57,435.31,1.6025,0.1012,4.3587,2.88,17.0,0.0,0.0,BENIGN_WEB
10.2158,27.0,9.0,18.0,25719.54,4726.68,20992.87,2517.62,2.64,-0.6324,952.58,556.15,118.36,1500.0,904.33,929.41,0.2049,378.36,284.91,75.67,832.4,0.753,0.091,3.7656,2.2079,13.0,0.0,0.0,BENIGN_WEB
12.8953,21.0,6.0,15.0,20014.42,2640.46,17373.96,1552.07,1.63,-0.7361,953.07,536.76,147.92,1500.0,949.2,1024.61,0.2744,614.06,853.82,122.81,1350.93,1.3904,0.0318,4.6083,2.1726,11.0,0.0,0.0,BENIGN_WEB
12.5768,22.0,9.0,13.0,20257.9,2977.82,17280.08,1610.73,1.75,-0.706,920.81,449.94,245.9,1500.0,820.15,898.48,0.3898,571.67,552.07,114.33,1257.68,0.9657,0.0164,4.3575,2.9371,10.0,0.0,0.0,BENIGN_WEB
23.2818,17.0,6.0,11.0,16326.48,4315.46,12011.02,701.26,0.73,-0.4714,960.38,335.57,457.02,1500.0,930.37,892.62,0.1889,1369.52,1705.11,273.9,3012.94,1.245,0.0263,4.4723,2.1477,15.0,0.0,0.0,BENIGN_WEB
14.4808,53.0,17.0,36.0,34343.16,8075.32,26267.83,2371.63,3.66,-0.5297,647.98,463.38,40.0,1482.07,562.77,681.82,0.5297,273.22,339.18,54.64,601.09,1.2414,0.0146,4.434,3.042,19.0,0.0,0.0,BENIGN_WEB
16.8816,79.0,32.0,47.0,53207.39,10720.15,42487.24,3151.8,4.68,-0.597,673.51,402.66,69.51,1398.31,733.88,579.47,0.2763,213.69,221.83,42.74,470.12,1.0381,0.13,3.85,2.2114,11.0,0.0,0.0,BENIGN_WEB
6.7697,71.0,20.0,51.0,54623.36,11271.89,43351.48,8068.83,10.49,-0.5873,769.34,431.17,122.59,1500.0,659.3,686.04,0.6158,95.35,73.14,19.07,209.76,0.7671,0.104,3.6809,2.7696,19.0,0.0,0.0,BENIGN_WEB
2.9822,32.0,12.0,20.0,24505.18,7090.37,17414.81,8217.25,10.73,-0.4213,765.79,577.85,40.0,1500.0,708.35,813.47,0.5771,93.19,160.01,18.64,205.02,1.7169,0.0827,5.0012,2.1531,10.0,0.0,0.0,BENIGN_WEB
42.4919,341.0,287.0,54.0,449504.86,421698.72,27806.14,10578.6,8.03,0.8763,1318.2,248.16,945.96,1500.0,1379.43,1230.92,0.5801,15.87,4.39,3.17,34.91,0.2766,0.1452,2.4161,3.0313,15.0,1.0,0.0,DATA_EXFILTRATION
21.8858,63.0,24.0,39.0,39950.65,4998.45,34952.2,1825.42,2.88,-0.7498,634.14,452.26,40.0,1448.2,696.69,638.08,0.3473,347.39,353.71,69.48,764.26,1.0182,0.0319,3.9193,2.8758,14.0,0.0,0.0,BENIGN_WEB
73.7681,8.0,4.0,4.0,1687.12,891.64,795.48,22.87,0.11,0.057,210.89,139.21,40.0,461.47,189.22,188.17,0.3859,13798.49,622.77,2759.7,30356.68,0.0451,0.9232,2.9793,4.0346,30.0,1.0,0.0,C2_BEACONING
19.0231,39.0,14.0,25.0,34187.71,9323.3,24864.41,1797.17,2.05,-0.4546,876.61,505.31,118.64,1500.0,861.61,976.64,0.2162,487.77,832.23,97.55,1073.1,1.7062,0.1132,3.9858,2.1237,13.0,0.0,0.0,BENIGN_WEB
18.4331,19.0,7.0,12.0,17098.19,2065.54,15032.65,927.58,1.03,-0.7584,899.9,419.72,270.33,1500.0,879.55,777.81,0.367,970.16,833.17,194.03,2134.36,0.8588,0.1166,4.7843,2.2655,15.0,0.0,0.0,BENIGN_WEB
20.4686,569.0,448.0,121.0,763803.76,707209.61,56594.14,37315.89,27.8,0.8518,1342.36,182.97,1067.9,1500.0,1373.37,1455.48,0.3234,20.65,9.85,4.13,45.42,0.477,0.1781,2.0084,3.5865,23.0,0.0,0.0,DATA_EXFILTRATION
61.2136,15.0,7.0,8.0,4962.81,2642.5,2320.31,81.07,0.25,0.0649,330.85,108.39,168.27,525.96,315.82,350.93,0.3718,23518.63,854.15,4703.73,51740.98,0.0363,0.9841,2.4292,3.9843,26.0,0.0,1.0,C2_BEACONING
74.9521,12.0,6.0,6.0,2920.59,1679.57,1241.02,38.97,0.16,0.1502,243.38,79.29,124.45,386.1,225.49,234.76,0.2848,10215.81,546.69,2043.16,22474.78,0.0535,0.9314,2.2619,3.7329,16.0,1.0,0.0,C2_BEACONING
18.5677,30.0,10.0,20.0,30468.71,4149.66,26319.05,1640.95,1.62,-0.7276,1015.62,440.1,355.47,1500.0,1136.43,886.13,0.3558,618.92,751.59,123.78,1361.63,1.2143,0.0777,4.9844,2.1445,19.0,0.0,0.0,BENIGN_WEB
14.0925,70.0,28.0,42.0,67927.16,8204.4,59722.77,4820.09,4.97,-0.7584,970.39,513.13,200.7,1500.0,1092.43,1009.14,0.5326,201.32,204.17,40.26,442.91,1.0141,0.062,3.6158,3.0063,21.0,0.0,0.0,BENIGN_WEB
101.8435,24.0,12.0,12.0,9185.49,5649.5,3535.99,90.19,0.24,0.2301,382.73,136.18,178.46,627.85,337.74,351.98,0.414,27766.19,2612.24,5553.24,61085.61,0.0941,0.9572,2.2615,3.6297,20.0,1.0,0.0,C2_BEACONING
81.9476,13.0,6.0,7.0,2739.0,1788.49,950.5,33.42,0.16,0.3059,210.69,114.15,40.0,416.17,235.23,183.52,0.4421,19906.42,444.54,3981.28,43794.13,0.0223,0.9543,2.9761,4.0677,20.0,1.0,1.0,C2_BEACONING
14.8042,65.0,23.0,42.0,68879.54,19926.02,48953.52,4652.72,4.39,-0.4214,1059.69,325.7,571.13,1500.0,1210.01,1116.55,0.2592,227.76,285.87,45.55,501.06,1.2552,0.0199,3.9286,2.6375,16.0,0.0,0.0,BENIGN_WEB
38.5664,1371.0,1206.0,165.0,1912012.52,1835213.48,76799.04,49577.18,35.55,0.9197,1394.61,214.49,1072.88,1500.0,1415.1,1588.95,0.4836,20.7,5.67,4.14,45.54,0.274,0.147,2.7369,3.3361,21.0,1.0,0.0,DATA_EXFILTRATION
11.1524,49.0,16.0,33.0,36170.32,3301.06,32869.26,3243.27,4.39,-0.8175,738.17,389.61,153.75,1439.47,687.08,648.85,0.2385,227.6,361.94,45.52,500.72,1.5903,0.0603,4.1562,2.651,10.0,0.0,0.0,BENIGN_WEB
6.5992,64.0,19.0,45.0,46991.06,10714.19,36276.87,7120.68,9.7,-0.544,734.24,459.53,44.95,1500.0,683.61,686.42,0.3525,103.11,124.22,20.62,226.85,1.2047,0.1335,5.0624,2.3458,19.0,0.0,0.0,BENIGN_WEB
15.4741,41.0,13.0,28.0,30930.58,7428.0,23502.58,1998.86,2.65,-0.5197,754.4,521.83,40.0,1500.0,659.73,757.06,0.4633,377.42,441.32,75.48,830.32,1.1693,0.1095,4.6678,2.5215,20.0,0.0,0.0,BENIGN_WEB
32.9656,16.0,8.0,8.0,6408.09,3146.92,3261.17,194.39,0.49,-0.0178,400.51,70.8,294.31,527.94,408.53,396.87,0.3315,26991.56,930.04,5398.31,59381.43,0.0345,0.9523,2.4887,4.09,31.0,0.0,1.0,C2_BEACONING
29.4832,466.0,369.0,97.0,623500.48,559608.55,63891.92,21147.66,15.81,0.7951,1337.98,113.77,1167.32,1500.0,1153.17,1309.36,0.4,29.83,8.57,5.97,65.63,0.2872,0.1591,2.5336,3.02,20.0,0.0,0.0,DATA_EXFILTRATION
11.6863,41.0,16.0,25.0,42392.85,8779.45,33613.4,3627.57,3.51,-0.5858,1033.97,368.2,481.67,1500.0,1049.91,1005.59,0.3187,285.03,335.91,57.01,627.07,1.1785,0.0534,4.2005,3.0725,16.0,0.0,0.0,BENIGN_WEB
2.5198,32.0,11.0,21.0,29767.99,3084.41,26683.59,11813.8,12.7,-0.7928,930.25,425.82,291.52,1500.0,871.83,957.89,0.4101,78.74,84.75,15.75,173.23,1.0763,0.0862,4.4508,2.2788,16.0,0.0,0.0,BENIGN_WEB
17.5564,76.0,25.0,51.0,67113.9,13383.57,53730.33,3822.77,4.33,-0.6012,883.08,366.52,333.3,1500.0,800.89,768.6,0.249,231.0,328.01,46.2,508.21,1.4199,0.1007,3.681,2.5246,11.0,0.0,0.0,BENIGN_WEB
21.2729,28.0,10.0,18.0,28694.4,7629.53,21064.87,1348.87,1.32,-0.4682,1024.8,362.03,481.76,1500.0,1160.0,1105.91,0.2641,759.75,650.89,151.95,1671.44,0.8567,0.0565,4.1997,3.0778,18.0,0.0,0.0,BENIGN_WEB
25.3845,25.0,7.0,18.0,20833.01,4730.05,16102.96,820.7,0.98,-0.5459,833.32,372.67,274.31,1500.0,764.02,838.79,0.3877,1015.38,1401.79,203.08,2233.83,1.3806,0.0743,3.7366,2.4756,18.0,0.0,0.0,BENIGN_WEB
62.4224,9.0,4.0,5.0,3558.6,2059.53,1499.08,57.01,0.14,0.1575,395.4,134.16,194.16,636.88,356.14,408.32,0.4595,19735.92,648.2,3947.18,43419.03,0.0328,0.9346,2.7776,3.702,33.0,1.0,0.0,C2_BEACONING
11.3102,52.0,16.0,36.0,42575.17,8319.58,34255.58,3764.33,4.6,-0.6092,818.75,357.6,282.35,1462.43,753.24,734.3,0.269,217.5,379.91,43.5,478.51,1.7467,0.102,4.1784,2.1815,16.0,0.0,0.0,BENIGN_WEB
10.7716,45.0,15.0,30.0,43804.31,10463.46,33340.85,4066.66,4.18,-0.5223,973.43,491.27,236.52,1500.0,999.83,1067.76,0.1809,239.37,225.23,47.87,526.61,0.9409,0.062,5.023,2.2936,10.0,0.0,0.0,BENIGN_WEB
14.9781,53.0,19.0,34.0,45334.14,11436.42,33897.71,3026.68,3.54,-0.4955,855.36,321.74,372.76,1434.49,956.89,781.93,0.4365,282.61,278.77,56.52,621.73,0.9864,0.0103,4.9879,2.675,20.0,0.0,0.0,BENIGN_WEB
14.0244,1345.0,1208.0,137.0,1822743.73,1646336.18,176407.56,129969.06,95.9,0.8064,1355.2,128.9,1161.86,1500.0,1335.39,1475.85,0.4005,16.43,8.75,3.29,36.15,0.5328,0.1528,2.7317,3.7099,23.0,0.0,1.0,DATA_EXFILTRATION
28.2631,29.0,11.0,18.0,30715.76,6581.44,24134.31,1086.78,1.03,-0.5715,1059.16,515.85,285.38,1500.0,1159.84,947.08,0.3082,974.59,1391.53,194.92,2144.1,1.4278,0.0407,4.8154,3.0696,8.0,0.0,0.0,BENIGN_WEB
61.66,15.0,7.0,8.0,3860.67,2251.56,1609.11,62.61,0.24,0.1664,257.38,115.13,84.68,464.61,294.77,220.24,0.2824,10173.42,245.83,2034.68,22381.52,0.0242,0.8836,2.8819,3.4982,20.0,1.0,0.0,C2_BEACONING
56.135,23.0,11.0,12.0,7844.98,3792.91,4052.06,139.75,0.41,-0.033,341.09,137.13,135.39,587.93,297.37,307.58,0.578,24716.91,994.29,4943.38,54377.2,0.0402,0.9533,2.263,3.9748,33.0,0.0,1.0,C2_BEACONING
95.8259,12.0,6.0,6.0,2426.19,1071.04,1355.14,25.32,0.13,-0.1171,202.18,70.68,96.16,329.41,198.34,207.78,0.2376,9453.32,198.81,1890.66,20797.3,0.021,0.8913,2.2725,3.9017,19.0,1.0,1.0,C2_BEACONING
66.8325,8.0,4.0,4.0,2768.6,1518.62,1249.98,41.43,0.12,0.097,346.08,45.83,277.33,428.57,360.79,360.59,0.3842,24546.0,766.51,4909.2,54001.2,0.0312,0.9009,2.9554,3.8695,16.0,1.0,1.0,C2_BEACONING
10.9625,67.0,27.0,40.0,67793.4,14353.26,53440.15,6184.1,6.11,-0.5766,1011.84,323.99,525.85,1500.0,872.25,879.82,0.5144,163.62,150.75,32.72,359.96,0.9214,0.0529,3.9533,2.5373,18.0,0.0,0.0,BENIGN_WEB
100.5058,14.0,7.0,7.0,4165.21,2196.8,1968.4,41.44,0.14,0.0548,297.51,84.47,170.82,449.55,291.01,255.12,0.2805,8774.84,774.87,1754.97,19304.66,0.0883,0.8969,2.2189,3.9286,33.0,1.0,0.0,C2_BEACONING
10.3392,43.0,14.0,29.0,36704.17,5936.66,30767.52,3549.98,4.16,-0.6765,853.59,438.23,196.24,1500.0,865.41,931.94,0.247,240.45,249.88,48.09,528.98,1.0392,0.0744,4.2042,2.9307,8.0,0.0,0.0,BENIGN_WEB
16.3582,58.0,19.0,39.0,40258.8,7633.62,32625.19,2461.08,3.55,-0.6208,694.12,357.2,158.31,1337.08,614.55,767.56,0.1906,282.04,276.19,56.41,620.48,0.9793,0.038,4.3601,3.0787,13.0,0.0,0.0,BENIGN_WEB
29.3726,1489.0,1334.0,155.0,1958118.22,1833689.04,124429.18,66664.73,50.69,0.8729,1315.06,206.63,1005.12,1500.0,1399.59,1499.42,0.3915,32.91,9.62,6.58,72.4,0.2922,0.2481,2.1903,3.7056,18.0,1.0,0.0,DATA_EXFILTRATION
21.1662,23.0,8.0,15.0,15405.51,2685.03,12720.48,727.84,1.09,-0.6514,669.8,340.58,158.93,1282.85,657.23,668.49,0.5934,920.27,1177.23,184.05,2024.59,1.2792,0.1315,4.0507,2.5975,8.0,0.0,0.0,BENIGN_WEB
28.7254,81.0,31.0,50.0,79964.08,21821.98,58142.11,2783.74,2.82,-0.4542,987.21,402.64,383.24,1500.0,935.38,1038.49,0.2576,354.63,601.12,70.93,780.2,1.695,0.097,4.6581,2.3171,12.0,0.0,0.0,BENIGN_WEB
26.2331,82.0,29.0,53.0,70911.12,9860.46,61050.65,2703.12,3.13,-0.7219,864.77,437.94,207.85,1500.0,970.38,762.55,0.2424,319.92,274.66,63.98,703.81,0.8585,0.0909,4.209,2.4945,14.0,0.0,0.0,BENIGN_WEB
35.3509,157.0,131.0,26.0,218754.9,211621.45,7133.45,6188.11,4.44,0.9348,1393.34,253.61,1012.92,1500.0,1274.17,1517.65,0.4032,27.74,14.09,5.55,61.04,0.508,0.1532,2.37,2.9608,18.0,0.0,0.0,DATA_EXFILTRATION
52.6598,10.0,5.0,5.0,3407.97,2077.37,1330.6,64.72,0.19,0.2191,340.8,129.39,146.72,573.69,389.64,338.69,0.4732,5661.3,372.78,1132.26,12454.85,0.0658,0.9086,2.3255,3.5785,28.0,1.0,0.0,C2_BEACONING
26.2512,604.0,500.0,104.0,803964.44,793028.83,10935.61,30625.77,23.01,0.9728,1331.07,124.09,1144.93,1500.0,1213.51,1179.85,0.2752,45.44,18.25,9.09,99.96,0.4017,0.2068,2.3345,3.0376,24.0,0.0,1.0,DATA_EXFILTRATION
37.3949,454.0,374.0,80.0,627722.18,597352.2,30369.98,16786.3,12.14,0.9032,1382.65,236.49,1027.92,1500.0,1428.77,1254.71,0.4822,14.69,7.32,2.94,32.31,0.4985,0.1406,2.7908,3.7452,26.0,1.0,0.0,DATA_EXFILTRATION
20.1261,226.0,201.0,25.0,290209.07,261844.15,28364.91,14419.51,11.23,0.8045,1284.11,278.11,866.94,1500.0,1361.28,1314.28,0.551,10.06,3.93,2.01,22.14,0.3903,0.1415,2.1473,3.2834,17.0,0.0,0.0,DATA_EXFILTRATION
71.5844,15.0,7.0,8.0,6018.02,3511.77,2506.25,84.07,0.21,0.1671,401.2,48.66,328.21,488.79,429.82,388.62,0.3501,6098.16,179.55,1219.63,13415.95,0.0294,0.9871,2.6833,3.8589,22.0,1.0,0.0,C2_BEACONING
6.6357,43.0,13.0,30.0,34803.42,4203.57,30599.85,5244.85,6.48,-0.7584,809.38,355.35,276.36,1449.01,902.89,804.84,0.4406,154.32,169.04,30.86,339.5,1.0954,0.0558,4.1071,2.1874,15.0,0.0,0.0,BENIGN_WEB
19.6907,1283.0,1090.0,193.0,1809876.69,1727863.65,82013.04,91915.24,65.16,0.9094,1410.66,256.37,1026.1,1500.0,1455.29,1242.04,0.2195,25.17,9.58,5.03,55.38,0.3808,0.1544,2.1271,3.5569,18.0,1.0,0.0,DATA_EXFILTRATION
6.269,43.0,15.0,28.0,46290.03,9831.38,36458.65,7383.95,6.86,-0.5752,1076.51,552.13,248.31,1500.0,1201.71,1137.87,0.432,145.79,143.45,29.16,320.74,0.9839,0.0204,4.5397,2.7242,21.0,0.0,0.0,BENIGN_WEB
23.6971,13.0,6.0,7.0,2509.53,1252.63,1256.9,105.9,0.55,-0.0017,193.04,64.32,96.56,308.82,208.65,172.97,0.2433,22795.39,762.99,4559.08,50149.86,0.0335,0.9252,2.3541,3.988,19.0,0.0,1.0,C2_BEACONING
25.7919,21.0,10.0,11.0,6139.93,3742.64,2397.29,238.06,0.81,0.2191,292.38,65.51,194.12,410.29,335.96,308.84,0.5659,5137.92,514.99,1027.58,11303.43,0.1002,0.8929,2.1024,3.5929,17.0,0.0,0.0,C2_BEACONING
10.0421,38.0,11.0,27.0,30259.29,6294.7,23964.59,3013.24,3.78,-0.5839,796.3,435.4,143.19,1500.0,875.25,710.01,0.3844,264.27,270.02,52.85,581.38,1.0218,0.1231,4.3895,2.1566,21.0,0.0,0.0,BENIGN_WEB
88.4591,21.0,10.0,11.0,6264.29,3485.36,2778.93,70.82,0.24,0.1128,298.3,106.07,139.19,489.23,285.21,259.77,0.5029,20835.13,416.93,4167.03,45837.3,0.02,0.9448,2.2474,3.6598,17.0,0.0,0.0,C2_BEACONING
8.8611,29.0,10.0,19.0,25949.9,5138.01,20811.89,2928.53,3.27,-0.604,894.82,576.45,40.0,1500.0,847.62,769.39,0.5162,305.55,259.98,61.11,672.22,0.8509,0.1309,4.4558,2.1823,13.0,0.0,0.0,BENIGN_WEB
23.059,58.0,20.0,38.0,42785.46,9601.0,33184.46,1855.48,2.52,-0.5512,737.68,356.64,202.72,1379.63,724.63,807.07,0.4887,397.57,528.18,79.51,874.65,1.3285,0.1249,3.6405,2.9347,8.0,0.0,0.0,BENIGN_WEB
14.286,84.0,25.0,59.0,53612.78,13544.62,40068.16,3752.83,5.88,-0.4947,638.25,402.96,40.0,1363.57,556.66,708.73,0.4391,170.07,229.51,34.01,374.16,1.3495,0.1362,4.1163,2.5297,21.0,0.0,0.0,BENIGN_WEB
36.3187,1146.0,957.0,189.0,1594464.35,1512018.77,82445.57,43901.98,31.55,0.8966,1391.33,269.33,987.33,1500.0,1255.78,1314.35,0.3238,17.58,6.2,3.52,38.68,0.3525,0.2596,2.2348,3.6639,14.0,1.0,0.0,DATA_EXFILTRATION
30.1958,22.0,11.0,11.0,5877.49,3428.66,2448.83,194.65,0.73,0.1667,267.16,110.49,101.43,466.03,242.44,256.41,0.447,11641.66,801.4,2328.33,25611.66,0.0688,0.9849,2.8695,4.0293,32.0,1.0,0.0,C2_BEACONING
60.768,17.0,8.0,9.0,6402.68,4207.93,2194.75,105.36,0.28,0.3144,376.63,70.23,271.29,503.04,387.71,368.21,0.2073,25902.3,2802.56,5180.46,56985.06,0.1082,0.9271,2.6695,4.0552,22.0,1.0,1.0,C2_BEACONING
11.901,46.0,18.0,28.0,31792.2,4875.23,26916.97,2671.4,3.87,-0.6933,691.13,421.31,59.17,1449.5,664.32,784.83,0.4256,258.72,425.21,51.74,569.18,1.6435,0.0571,3.7942,2.3048,17.0,0.0,0.0,BENIGN_WEB
39.9919,19.0,9.0,10.0,7550.83,4701.8,2849.03,188.81,0.48,0.2454,397.41,101.98,244.44,580.98,433.66,392.64,0.485,8750.74,618.13,1750.15,19251.62,0.0706,0.8808,2.3275,4.1601,23.0,1.0,0.0,C2_BEACONING
14.9064,37.0,14.0,23.0,24587.27,2628.96,21958.31,1649.45,2.48,-0.7862,664.52,419.74,40.0,1420.05,692.25,637.93,0.3197,402.87,341.3,80.57,886.32,0.8472,0.0739,3.6155,3.0444,19.0,0.0,0.0,BENIGN_WEB
80.7925,16.0,8.0,8.0,3607.23,2054.59,1552.64,44.65,0.2,0.1391,225.45,71.04,118.88,353.33,229.96,231.8,0.5757,14167.82,1440.88,2833.56,31169.19,0.1017,0.9432,2.5104,4.2071,23.0,1.0,0.0,C2_BEACONING
5.9473,19.0,6.0,13.0,18366.55,4820.97,13545.58,3088.21,3.19,-0.475,966.66,577.6,100.26,1500.0,942.16,954.13,0.6045,313.02,449.22,62.6,688.64,1.4351,0.0777,4.9192,2.7153,20.0,0.0,0.0,BENIGN_WEB
23.3212,32.0,12.0,20.0,25565.15,6644.07,18921.08,1096.22,1.37,-0.4802,798.91,329.98,303.94,1392.87,725.33,752.93,0.5355,728.79,1109.61,145.76,1603.33,1.5225,0.0607,3.9791,2.2147,19.0,0.0,0.0,BENIGN_WEB
31.5279,18.0,7.0,11.0,16934.04,2951.31,13982.73,537.11,0.57,-0.6514,940.78,519.59,161.4,1500.0,951.94,837.25,0.5528,1751.55,2502.47,350.31,3853.42,1.4287,0.0391,4.583,2.2125,10.0,0.0,0.0,BENIGN_WEB
9.2695,421.0,358.0,63.0,531818.05,473337.08,58480.97,57372.83,45.42,0.7801,1263.23,207.34,952.21,1500.0,1451.53,1110.48,0.6058,21.82,6.89,4.36,48.01,0.3158,0.2539,2.1013,3.0365,23.0,1.0,0.0,DATA_EXFILTRATION
6.0714,56.0,23.0,33.0,43383.78,11229.82,32153.97,7145.61,9.22,-0.4823,774.71,557.66,40.0,1500.0,699.15,746.61,0.3647,108.42,179.44,21.68,238.52,1.6551,0.1065,4.5899,2.8197,15.0,0.0,0.0,BENIGN_WEB
8.5877,64.0,19.0,45.0,49789.33,10794.59,38994.74,5797.72,7.45,-0.5664,777.96,472.38,69.39,1500.0,892.91,670.75,0.4816,134.18,130.51,26.84,295.2,0.9726,0.0888,4.1809,2.483,9.0,0.0,0.0,BENIGN_WEB
18.4321,58.0,22.0,36.0,59301.9,13365.15,45936.75,3217.32,3.15,-0.5493,1022.45,545.79,203.77,1500.0,1162.26,998.27,0.2509,317.79,514.28,63.56,699.15,1.6183,0.0911,4.9387,2.6197,10.0,0.0,0.0,BENIGN_WEB
12.5028,72.0,25.0,47.0,47612.22,13521.16,34091.07,3808.11,5.76,-0.432,661.28,552.16,40.0,1500.0,609.84,574.04,0.3007,173.65,184.5,34.73,382.03,1.0625,0.0959,5.0134,2.9609,10.0,0.0,0.0,BENIGN_WEB
20.5418,36.0,10.0,26.0,33489.77,9353.01,24136.76,1630.32,1.75,-0.4414,930.27,447.27,259.36,1500.0,857.28,846.91,0.5597,570.61,805.61,114.12,1255.33,1.4118,0.0752,4.673,3.0327,9.0,0.0,0.0,BENIGN_WEB
33.9961,8.0,4.0,4.0,2830.98,1399.32,1431.66,83.27,0.24,-0.0114,353.87,136.56,149.03,599.69,403.25,387.71,0.4721,17069.16,1563.86,3413.83,37552.16,0.0916,0.8878,2.8534,3.5413,28.0,0.0,1.0,C2_BEACONING
29.0328,73.0,22.0,51.0,75186.68,10331.31,64855.37,2589.72,2.51,-0.7252,1029.95,564.93,182.56,1500.0,1183.17,1051.41,0.5956,397.71,290.72,79.54,874.96,0.731,0.0363,3.9474,2.6842,21.0,0.0,0.0,BENIGN_WEB
3.4386,38.0,13.0,25.0,34235.58,7722.24,26513.34,9956.2,11.05,-0.5489,900.94,573.81,40.23,1500.0,979.13,805.33,0.5397,90.49,68.49,18.1,199.08,0.7569,0.0567,3.6159,2.8187,15.0,0.0,0.0,BENIGN_WEB
2.8469,41.0,12.0,29.0,29560.77,4411.42,25149.34,10383.63,14.4,-0.7015,720.99,334.2,219.7,1322.55,680.39,649.7,0.3429,69.44,89.15,13.89,152.76,1.2839,0.0446,4.3365,2.6416,13.0,0.0,0.0,BENIGN_WEB
5.9101,49.0,14.0,35.0,39883.03,11271.81,28611.22,6748.23,8.29,-0.4348,813.94,426.78,173.78,1500.0,751.18,935.17,0.1845,120.62,175.65,24.12,265.35,1.4563,0.1338,4.8275,2.7351,14.0,0.0,0.0,BENIGN_WEB
22.0283,8.0,4.0,4.0,2069.05,942.14,1126.91,93.93,0.36,-0.0893,258.63,76.93,143.24,397.1,224.03,296.58,0.2507,11132.93,697.0,2226.59,24492.45,0.0626,0.9483,2.2913,3.5257,27.0,1.0,0.0,C2_BEACONING
42.6879,142.0,125.0,17.0,187871.01,172848.78,15022.23,4401.04,3.33,0.8401,1323.04,141.66,1110.55,1500.0,1334.41,1229.81,0.3915,46.47,12.13,9.29,102.23,0.2609,0.1992,2.6825,3.4509,17.0,0.0,0.0,DATA_EXFILTRATION
21.0863,61.0,21.0,40.0,65248.33,6186.4,59061.93,3094.35,2.89,-0.8104,1069.64,380.57,498.8,1500.0,959.44,952.51,0.2969,345.68,548.07,69.14,760.49,1.5855,0.1392,3.7605,2.7088,20.0,0.0,0.0,BENIGN_WEB
50.7092,622.0,501.0,121.0,860531.84,820859.18,39672.66,16969.95,12.27,0.9078,1383.49,149.5,1159.25,1500.0,1517.35,1185.61,0.451,27.08,6.09,5.42,59.57,0.2249,0.1968,2.7424,3.0165,14.0,1.0,1.0,DATA_EXFILTRATION
4.4008,37.0,14.0,23.0,34163.12,3913.61,30249.52,7763.01,8.41,-0.7709,923.33,383.46,348.14,1500.0,1000.07,948.03,0.5714,118.94,137.49,23.79,261.67,1.1559,0.0914,3.7634,2.23,14.0,0.0,0.0,BENIGN_WEB
65.5668,15.0,7.0,8.0,5774.6,2743.79,3030.81,88.07,0.23,-0.0497,384.97,49.44,310.81,473.97,397.92,370.76,0.4576,18381.12,1619.42,3676.22,40438.46,0.0881,0.9218,2.559,4.183,18.0,1.0,1.0,C2_BEACONING
45.7953,19.0,9.0,10.0,7559.17,4898.11,2661.06,165.06,0.41,0.2959,397.85,57.96,310.91,502.19,417.02,362.77,0.2284,21988.03,533.19,4397.61,48373.67,0.0242,0.9775,2.8059,3.8778,22.0,1.0,0.0,C2_BEACONING
24.0853,42.0,17.0,25.0,28401.29,3460.41,24940.88,1179.2,1.74,-0.7563,676.22,563.75,40.0,1500.0,648.43,734.34,0.5282,573.46,554.2,114.69,1261.61,0.9664,0.0931,4.0174,2.544,17.0,0.0,0.0,BENIGN_WEB
23.1911,24.0,12.0,12.0,8947.99,4922.63,4025.36,385.84,1.03,0.1003,372.83,89.3,238.88,533.58,416.09,371.62,0.3536,26257.72,1836.45,5251.54,57766.99,0.0699,0.9006,2.392,3.987,27.0,1.0,0.0,C2_BEACONING
24.7067,17.0,5.0,12.0,12862.61,3631.12,9231.49,520.61,0.69,-0.4354,756.62,399.0,158.12,1474.82,773.55,798.08,0.3568,1453.33,1880.22,290.67,3197.34,1.2937,0.1058,3.6166,2.5997,15.0,0.0,0.0,BENIGN_WEB
26.8794,77.0,28.0,49.0,58881.07,9694.4,49186.67,2190.57,2.86,-0.6707,764.69,505.02,40.0,1500.0,831.48,802.8,0.5559,349.08,259.74,69.82,767.98,0.7441,0.0373,4.9563,2.9196,11.0,0.0,0.0,BENIGN_WEB
19.0158,55.0,18.0,37.0,52965.33,14204.39,38760.94,2785.34,2.89,-0.4636,963.01,438.42,305.37,1500.0,1008.74,894.36,0.5036,345.74,415.66,69.15,760.63,1.2022,0.0636,4.7892,2.1447,15.0,0.0,0.0,BENIGN_WEB
26.0629,69.0,25.0,44.0,66497.62,11323.37,55174.25,2551.43,2.65,-0.6594,963.73,487.68,232.22,1500.0,837.84,929.77,0.5736,377.72,279.23,75.54,830.99,0.7393,0.1064,4.8665,2.3511,21.0,0.0,0.0,BENIGN_WEB
23.2986,1449.0,1232.0,217.0,2046637.02,1841497.17,205139.85,87843.91,62.19,0.7995,1412.45,241.03,1050.9,1500.0,1376.93,1461.11,0.2667,47.43,15.61,9.49,104.34,0.3291,0.2669,2.3721,3.5839,14.0,1.0,0.0,DATA_EXFILTRATION
9.3503,34.0,9.0,25.0,22423.7,4326.74,18096.96,2398.19,3.64,-0.6141,659.52,334.4,157.91,1261.45,584.18,704.79,0.3989,275.01,324.83,55.0,605.02,1.1812,0.0877,3.9042,2.4534,14.0,0.0,0.0,BENIGN_WEB
6.1993,29.0,10.0,19.0,27081.48,2705.25,24376.24,4368.48,4.68,-0.8002,933.84,576.96,68.41,1500.0,893.27,812.8,0.5562,213.77,160.0,42.75,470.29,0.7485,0.1332,3.7602,2.6186,19.0,0.0,0.0,BENIGN_WEB
25.2053,32.0,9.0,23.0,25383.12,7312.01,18071.11,1007.06,1.27,-0.4239,793.22,553.43,40.0,1500.0,762.21,745.86,0.5982,787.66,1154.13,157.53,1732.86,1.4653,0.0194,3.8994,2.4203,21.0,0.0,0.0,BENIGN_WEB
23.0398,36.0,12.0,24.0,25364.0,7269.36,18094.64,1100.88,1.56,-0.4268,704.56,370.75,148.44,1371.9,713.55,668.23,0.5613,639.99,884.7,128.0,1407.99,1.3824,0.1018,4.5826,2.9996,17.0,0.0,0.0,BENIGN_WEB
3.1064,45.0,13.0,32.0,35805.89,8869.49,26936.4,11526.57,14.49,-0.5046,795.69,462.71,101.62,1500.0,721.45,889.01,0.543,69.03,61.53,13.81,151.87,0.8914,0.0822,3.6203,2.9791,21.0,0.0,0.0,BENIGN_WEB
32.3322,1140.0,998.0,142.0,1500074.32,1372825.23,127249.09,46395.73,35.26,0.8303,1315.85,258.86,927.57,1500.0,1480.55,1483.24,0.338,22.93,12.29,4.59,50.45,0.5359,0.1283,2.8822,3.4085,23.0,1.0,1.0,DATA_EXFILTRATION
28.2219,60.0,24.0,36.0,43723.5,9437.67,34285.83,1549.28,2.13,-0.5683,728.73,476.68,40.0,1500.0,646.92,674.25,0.2505,470.36,762.49,94.07,1034.8,1.6211,0.0857,4.1866,2.4711,15.0,0.0,0.0,BENIGN_WEB
57.3229,19.0,9.0,10.0,6866.47,4131.19,2735.28,119.79,0.33,0.2033,361.39,46.58,291.53,445.23,349.44,363.3,0.4775,17607.86,240.05,3521.57,38737.29,0.0136,0.9078,2.6897,3.6163,23.0,0.0,0.0,C2_BEACONING
53.9962,680.0,554.0,126.0,844946.21,835710.29,9235.92,15648.27,12.59,0.9781,1242.57,123.28,1057.64,1464.48,1098.8,1368.11,0.3227,31.61,10.21,6.32,69.55,0.3229,0.1713,2.3967,3.1919,21.0,0.0,0.0,DATA_EXFILTRATION
30.6193,83.0,24.0,59.0,74758.03,11608.24,63149.79,2441.53,2.71,-0.6894,900.7,347.91,378.83,1500.0,1000.92,975.95,0.4846,368.91,293.6,73.78,811.6,0.7959,0.0426,4.5735,2.421,12.0,0.0,0.0,BENIGN_WEB
64.3532,11.0,5.0,6.0,4252.47,2266.53,1985.95,66.08,0.17,0.066,386.59,103.65,231.11,573.16,355.41,390.19,0.5397,5098.92,218.55,1019.78,11217.62,0.0429,0.968,2.5255,3.7814,16.0,1.0,0.0,C2_BEACONING
106.7394,18.0,9.0,9.0,7008.73,3937.59,3071.14,65.66,0.17,0.1236,389.37,59.89,299.54,497.17,346.36,402.52,0.4159,11745.47,388.34,2349.09,25840.02,0.0331,0.983,2.7244,4.018,19.0,0.0,0.0,C2_BEACONING
26.9447,66.0,24.0,42.0,53738.02,13618.8,40119.22,1994.38,2.45,-0.4931,814.21,491.09,77.58,1500.0,892.45,914.32,0.5486,408.25,549.69,81.65,898.16,1.3464,0.0847,4.6326,2.1724,14.0,0.0,0.0,BENIGN_WEB
7.3475,70.0,23.0,47.0,48360.54,10777.12,37583.42,6581.93,9.53,-0.5543,690.86,379.81,121.14,1374.53,724.49,682.72,0.5974,104.96,155.83,20.99,230.92,1.4846,0.0512,4.2272,2.2987,21.0,0.0,0.0,BENIGN_WEB
25.8102,676.0,592.0,84.0,919343.14,844859.77,74483.37,35619.38,26.19,0.838,1359.98,237.58,1003.61,1500.0,1360.55,1536.04,0.5416,15.38,8.07,3.08,33.83,0.525,0.1319,2.3599,3.1096,16.0,0.0,0.0,DATA_EXFILTRATION
9.3596,53.0,15.0,38.0,34207.2,8243.7,25963.5,3654.78,5.66,-0.518,645.42,451.42,40.0,1457.98,639.63,734.85,0.1934,176.6,287.7,35.32,388.51,1.6292,0.0709,4.674,2.3713,14.0,0.0,0.0,BENIGN_WEB
24.7926,33.0,13.0,20.0,24098.53,3074.59,21023.93,972.0,1.33,-0.7448,730.26,364.67,183.26,1386.66,686.97,814.84,0.4931,751.29,557.91,150.26,1652.84,0.7426,0.0946,4.7676,2.3812,21.0,0.0,0.0,BENIGN_WEB
18.5711,528.0,412.0,116.0,732594.26,671715.06,60879.2,39448.19,28.43,0.8338,1387.49,196.19,1093.2,1500.0,1568.21,1417.17,0.3074,43.01,21.38,8.6,94.63,0.4971,0.258,1.9299,3.3059,15.0,1.0,0.0,DATA_EXFILTRATION
17.0838,49.0,15.0,34.0,39588.16,7923.79,31664.38,2317.29,2.87,-0.5997,807.92,460.05,117.85,1500.0,687.91,753.38,0.5664,348.65,442.11,69.73,767.03,1.2681,0.0989,5.0243,2.8726,10.0,0.0,0.0,BENIGN_WEB
58.186,24.0,12.0,12.0,8213.35,3955.35,4258.0,141.16,0.41,-0.0368,342.22,109.41,178.1,539.17,330.67,365.76,0.4924,20271.34,2161.03,4054.27,44596.96,0.1066,0.9216,2.9162,3.9073,33.0,1.0,1.0,C2_BEACONING
13.1433,38.0,14.0,24.0,37217.75,5955.0,31262.75,2831.69,2.89,-0.68,979.41,346.12,460.23,1500.0,955.3,1109.36,0.4436,345.88,270.85,69.18,760.93,0.7831,0.0342,3.7841,2.9111,9.0,0.0,0.0,BENIGN_WEB
26.9757,31.0,11.0,20.0,26108.23,6163.99,19944.23,967.84,1.15,-0.5278,842.2,445.26,174.3,1500.0,761.8,949.28,0.4754,870.19,854.83,174.04,1914.41,0.9824,0.1172,3.9092,2.8581,17.0,0.0,0.0,BENIGN_WEB
10.5798,56.0,17.0,39.0,57242.13,5509.22,51732.91,5410.49,5.29,-0.8075,1022.18,359.53,482.89,1500.0,1128.28,1160.76,0.2692,188.93,255.32,37.79,415.64,1.3514,0.0273,4.8251,2.7167,9.0,0.0,0.0,BENIGN_WEB
21.3809,50.0,15.0,35.0,38271.49,6430.18,31841.31,1789.98,2.34,-0.664,765.43,542.64,40.0,1500.0,819.49,799.19,0.5125,427.62,417.19,85.52,940.76,0.9756,0.1323,3.722,2.5945,20.0,0.0,0.0,BENIGN_WEB
15.6349,368.0,314.0,54.0,500578.29,446467.72,54110.57,32016.75,23.54,0.7838,1360.27,277.96,943.33,1500.0,1490.3,1506.93,0.1851,37.7,16.04,7.54,82.94,0.4254,0.2477,2.5309,3.8285,14.0,1.0,0.0,DATA_EXFILTRATION
33.2099,1362.0,1157.0,205.0,1733249.01,1546606.14,186642.87,52190.66,41.01,0.7846,1272.58,271.46,865.38,1500.0,1190.37,1405.12,0.4902,12.84,6.08,2.57,28.25,0.4734,0.1572,2.7575,3.0224,22.0,1.0,1.0,DATA_EXFILTRATION
31.8056,14.0,7.0,7.0,4864.71,3171.51,1693.2,152.95,0.44,0.3039,347.48,88.47,214.78,506.72,322.44,318.42,0.1954,25058.82,1563.14,5011.76,55129.4,0.0624,0.9821,2.6539,3.9183,15.0,0.0,0.0,C2_BEACONING
18.3871,72.0,23.0,49.0,66287.39,14571.52,51715.87,3605.11,3.92,-0.5604,920.66,365.06,373.07,1500.0,895.19,962.61,0.4842,255.38,405.01,51.08,561.83,1.586,0.0437,3.9358,2.1701,10.0,0.0,0.0,BENIGN_WEB
9.9887,68.0,26.0,42.0,60811.83,5566.48,55245.36,6088.09,6.81,-0.8169,894.29,475.07,181.69,1500.0,841.86,928.66,0.3508,146.89,178.8,29.38,323.16,1.2172,0.1365,4.7417,2.7298,13.0,0.0,0.0,BENIGN_WEB
8.7217,939.0,826.0,113.0,1327569.61,1217178.22,110391.39,152214.44,107.66,0.8337,1413.81,192.07,1125.7,1500.0,1353.18,1206.5,0.3111,16.15,7.89,3.23,35.52,0.4889,0.1428,1.9985,3.0834,18.0,0.0,1.0,DATA_EXFILTRATION
63.4269,16.0,8.0,8.0,4609.9,2207.38,2402.52,72.68,0.25,-0.0423,288.12,126.38,98.55,515.6,297.93,271.04,0.4491,6827.41,343.78,1365.48,15020.31,0.0504,0.8888,2.4155,4.2226,16.0,1.0,0.0,C2_BEACONING
97.5769,22.0,11.0,11.0,7300.21,4772.53,2527.68,74.81,0.23,0.3075,331.83,105.47,173.62,521.68,328.93,331.44,0.5567,24039.12,1072.49,4807.82,52886.07,0.0446,0.9145,2.3762,4.1678,30.0,1.0,1.0,C2_BEACONING
45.6252,22.0,11.0,11.0,8637.7,4927.81,3709.88,189.32,0.48,0.141,392.62,48.21,320.31,479.39,378.03,408.07,0.5962,5514.03,439.39,1102.81,12130.87,0.0797,0.9064,2.7739,3.5212,15.0,1.0,1.0,C2_BEACONING
44.3023,403.0,328.0,75.0,540583.0,533139.81,7443.19,12202.15,9.1,0.9725,1341.4,251.36,964.36,1500.0,1425.78,1296.18,0.3262,26.77,15.89,5.35,58.88,0.5936,0.1704,2.6412,3.7838,19.0,1.0,0.0,DATA_EXFILTRATION
44.0481,1544.0,1237.0,307.0,1896932.79,1874397.65,22535.13,43065.01,35.05,0.9762,1228.58,261.12,836.9,1500.0,1305.02,1290.69,0.4231,42.35,14.51,8.47,93.17,0.3426,0.246,1.9219,3.6012,16.0,0.0,0.0,DATA_EXFILTRATION
38.3819,10.0,5.0,5.0,3526.53,2253.94,1272.59,91.88,0.26,0.2783,352.65,94.01,211.63,521.88,356.95,364.03,0.4489,26467.04,2205.96,5293.41,58227.49,0.0833,0.9707,2.6345,3.7584,33.0,0.0,0.0,C2_BEACONING
11.6625,79.0,29.0,50.0,51538.74,13518.65,38020.1,4419.17,6.77,-0.4754,652.39,372.68,93.37,1323.21,556.62,745.68,0.3465,147.63,185.32,29.53,324.78,1.2553,0.0331,3.7891,2.7786,11.0,0.0,0.0,BENIGN_WEB
30.9257,10.0,5.0,5.0,2532.79,1361.94,1170.85,81.9,0.32,0.0754,253.28,79.34,134.27,396.09,246.1,225.27,0.5763,18326.13,1592.06,3665.23,40317.49,0.0869,0.9699,2.2796,4.0711,28.0,1.0,1.0,C2_BEACONING
9.9329,84.0,24.0,60.0,80721.86,12351.9,68369.96,8126.69,8.46,-0.694,960.97,372.87,401.66,1500.0,1006.29,833.71,0.5426,118.25,140.04,23.65,260.15,1.1843,0.1041,3.958,2.562,16.0,0.0,0.0,BENIGN_WEB
22.3188,33.0,12.0,21.0,21864.37,2557.51,19306.86,979.64,1.48,-0.7661,662.56,385.5,84.31,1356.45,759.16,721.54,0.2987,676.33,1142.85,135.27,1487.92,1.6898,0.0231,4.9492,2.5628,21.0,0.0,0.0,BENIGN_WEB
51.0765,786.0,714.0,72.0,1056182.94,1020081.97,36100.97,20678.46,15.39,0.9316,1343.74,246.64,973.78,1500.0,1198.34,1432.42,0.2961,35.26,11.45,7.05,77.58,0.3248,0.1429,2.8171,3.6837,19.0,1.0,0.0,DATA_EXFILTRATION
29.5416,63.0,24.0,39.0,55905.33,7102.7,48802.64,1892.43,2.13,-0.7459,887.39,374.67,325.39,1500.0,938.0,999.42,0.5358,468.91,659.02,93.78,1031.61,1.4054,0.1391,4.2238,2.9628,13.0,0.0,0.0,BENIGN_WEB
28.4096,65.0,18.0,47.0,69117.47,10041.8,59075.67,2432.89,2.29,-0.7094,1063.35,576.57,198.49,1500.0,1036.6,967.86,0.3297,437.07,337.21,87.41,961.56,0.7715,0.0173,4.1362,2.9447,15.0,0.0,0.0,BENIGN_WEB
25.7748,51.0,15.0,36.0,34600.64,5615.81,28984.84,1342.42,1.98,-0.6754,678.44,510.11,40.0,1500.0,735.55,597.81,0.1829,505.39,675.17,101.08,1111.86,1.3359,0.1353,4.0345,2.8714,20.0,0.0,0.0,BENIGN_WEB
19.5578,46.0,13.0,33.0,44091.19,7180.83,36910.36,2254.4,2.35,-0.6743,958.5,529.58,164.14,1500.0,1019.73,977.15,0.5828,425.17,436.69,85.03,935.37,1.0271,0.024,3.8041,2.8526,20.0,0.0,0.0,BENIGN_WEB
13.3327,19.0,7.0,12.0,11997.22,2645.59,9351.63,899.84,1.43,-0.559,631.43,574.98,40.0,1500.0,677.68,564.77,0.3354,701.72,906.12,140.34,1543.78,1.2913,0.0625,5.0044,2.3339,15.0,0.0,0.0,BENIGN_WEB
42.2793,1234.0,1117.0,117.0,1570160.72,1415322.21,154838.51,37137.77,29.19,0.8028,1272.42,215.07,949.82,1500.0,1323.15,1437.88,0.5251,30.98,9.6,6.2,68.16,0.31,0.2021,2.3548,3.7254,17.0,1.0,1.0,DATA_EXFILTRATION
105.9864,15.0,7.0,8.0,3011.32,1604.51,1406.81,28.41,0.14,0.0657,200.75,117.94,40.0,413.05,201.76,191.82,0.3292,20371.2,630.39,4074.24,44816.63,0.0309,0.9784,2.5862,3.5092,24.0,0.0,0.0,C2_BEACONING
10.6404,58.0,18.0,40.0,60194.82,6451.7,53743.13,5657.22,5.45,-0.7856,1037.84,451.25,360.97,1500.0,1080.2,998.0,0.1821,183.45,291.12,36.69,403.6,1.5869,0.0533,4.1961,3.027,20.0,0.0,0.0,BENIGN_WEB
81.4307,11.0,5.0,6.0,2455.53,1566.37,889.15,30.15,0.14,0.2758,223.23,97.91,76.36,399.47,195.81,247.56,0.2088,19365.57,420.19,3873.11,42604.25,0.0217,0.9865,2.5105,3.7134,24.0,1.0,0.0,C2_BEACONING
57.6677,11.0,5.0,6.0,2747.99,1706.1,1041.89,47.65,0.19,0.2417,249.82,61.74,157.2,360.96,265.32,260.38,0.5659,21663.35,871.53,4332.67,47659.36,0.0402,0.9215,2.5233,4.1575,27.0,1.0,1.0,C2_BEACONING
34.3098,1121.0,948.0,173.0,1383340.97,1237142.75,146198.22,40319.16,32.67,0.7886,1234.02,118.34,1056.51,1447.04,1343.42,1414.72,0.4586,10.56,5.54,2.11,23.23,0.5246,0.204,2.6554,3.4393,14.0,0.0,0.0,DATA_EXFILTRATION
50.0392,438.0,400.0,38.0,618808.48,558465.97,60342.52,12366.48,8.75,0.805,1412.8,245.55,1044.48,1500.0,1600.01,1527.91,0.3435,25.44,7.4,5.09,55.98,0.2908,0.1476,2.8264,3.296,24.0,0.0,0.0,DATA_EXFILTRATION
90.5528,12.0,6.0,6.0,2578.42,1589.25,989.17,28.47,0.13,0.2327,214.87,48.48,142.14,302.14,242.97,219.45,0.563,13174.03,1430.27,2634.81,28982.87,0.1086,0.9061,2.9477,3.6309,32.0,0.0,1.0,C2_BEACONING
25.2421,70.0,27.0,43.0,53249.47,5478.99,47770.48,2109.55,2.77,-0.7942,760.71,323.63,275.26,1343.24,653.9,717.26,0.5286,360.6,318.83,72.12,793.32,0.8842,0.0908,4.7163,2.4912,11.0,0.0,0.0,BENIGN_WEB
11.144,15.0,6.0,9.0,10518.99,1387.69,9131.3,943.91,1.35,-0.7362,701.27,424.29,64.82,1465.0,654.01,792.25,0.3181,742.93,594.51,148.59,1634.46,0.8002,0.0207,3.8372,2.3766,11.0,0.0,0.0,BENIGN_WEB
31.6262,24.0,8.0,16.0,23917.31,3431.9,20485.41,756.25,0.76,-0.713,996.55,325.45,508.39,1500.0,954.87,852.05,0.4018,1317.76,1171.07,263.55,2899.07,0.8887,0.1136,4.0299,2.8863,12.0,0.0,0.0,BENIGN_WEB
31.4696,1061.0,832.0,229.0,1375671.44,1273669.92,102001.52,43714.29,33.72,0.8517,1296.58,121.78,1113.91,1500.0,1471.66,1235.74,0.5458,31.58,18.88,6.32,69.48,0.5977,0.2015,2.6707,3.3351,14.0,1.0,1.0,DATA_EXFILTRATION
21.4625,1321.0,1212.0,109.0,1776273.02,1685364.15,90908.87,82761.71,61.55,0.8976,1344.64,110.95,1178.22,1500.0,1406.66,1213.11,0.1951,36.95,15.09,7.39,81.28,0.4084,0.2649,1.9967,3.5351,15.0,1.0,0.0,DATA_EXFILTRATION
44.786,17.0,8.0,9.0,5362.11,2944.36,2417.75,119.73,0.38,0.0982,315.42,137.68,108.89,563.25,358.4,308.41,0.2036,13802.81,554.48,2760.56,30366.18,0.0402,0.953,2.8229,3.5633,29.0,1.0,1.0,C2_BEACONING
46.2053,18.0,9.0,9.0,6337.63,2838.21,3499.42,137.16,0.39,-0.1043,352.09,122.46,168.4,572.52,379.72,307.9,0.2554,17195.84,1340.59,3439.17,37830.84,0.078,0.8975,2.597,4.052,28.0,1.0,0.0,C2_BEACONING
46.3605,15.0,7.0,8.0,3049.92,1893.45,1156.47,65.79,0.32,0.2416,203.33,114.67,40.0,409.74,233.36,174.74,0.3279,23731.95,429.4,4746.39,52210.3,0.0181,0.9477,2.3936,3.7018,16.0,1.0,0.0,C2_BEACONING
13.9962,41.0,13.0,28.0,33862.02,8348.1,25513.92,2419.38,2.93,-0.5069,825.9,525.82,40.0,1500.0,870.95,922.07,0.4963,341.37,272.77,68.27,751.01,0.799,0.0507,3.7338,2.2992,19.0,0.0,0.0,BENIGN_WEB
20.9999,51.0,21.0,30.0,52504.28,14689.76,37814.52,2500.21,2.43,-0.4404,1029.5,491.8,291.8,1500.0,896.99,985.45,0.515,411.76,625.26,82.35,905.88,1.5185,0.1026,4.0042,2.9056,19.0,0.0,0.0,BENIGN_WEB
36.5785,1328.0,1112.0,216.0,1671229.07,1632980.72,38248.35,45688.8,36.31,0.9542,1258.46,269.94,853.54,1500.0,1372.09,1357.18,0.3454,25.02,9.09,5.0,55.05,0.3633,0.1372,2.8605,3.1529,24.0,0.0,0.0,DATA_EXFILTRATION
11.7512,36.0,12.0,24.0,31320.05,6444.9,24875.15,2665.27,3.06,-0.5884,870.0,378.35,302.48,1500.0,825.63,841.78,0.4787,326.42,281.76,65.28,718.13,0.8632,0.1114,4.8157,2.1962,17.0,0.0,0.0,BENIGN_WEB
21.572,985.0,857.0,128.0,1384470.93,1253476.39,130994.55,64179.11,45.66,0.8108,1405.55,153.15,1175.83,1500.0,1335.06,1351.58,0.5741,11.53,3.23,2.31,25.36,0.2806,0.2723,2.3477,3.4982,27.0,1.0,0.0,DATA_EXFILTRATION
22.7534,66.0,25.0,41.0,41480.89,6900.61,34580.27,1823.07,2.9,-0.6673,628.5,365.17,80.75,1285.8,591.87,540.96,0.3864,344.75,543.49,68.95,758.45,1.5765,0.102,5.0653,2.2009,11.0,0.0,0.0,BENIGN_WEB
13.2857,44.0,13.0,31.0,43991.68,9712.26,34279.41,3311.21,3.31,-0.5585,999.81,578.93,131.41,1500.0,1060.47,969.76,0.5286,301.95,440.62,60.39,664.28,1.4593,0.0628,4.2478,2.8158,18.0,0.0,0.0,BENIGN_WEB
15.804,39.0,16.0,23.0,35418.92,3906.45,31512.47,2241.14,2.47,-0.7794,908.18,478.8,189.97,1500.0,910.83,923.15,0.6102,405.23,306.4,81.05,891.51,0.7561,0.0232,4.5683,3.0793,15.0,0.0,0.0,BENIGN_WEB
30.3083,73.0,21.0,52.0,60365.91,16628.75,43737.15,1991.73,2.41,-0.4491,826.93,523.97,40.98,1500.0,877.05,718.12,0.3296,415.18,559.29,83.04,913.4,1.3471,0.0381,3.9795,2.4664,14.0,0.0,0.0,BENIGN_WEB
48.7184,302.0,235.0,67.0,419727.73,395084.77,24642.96,8615.38,6.2,0.8826,1389.83,196.06,1095.74,1500.0,1447.56,1241.31,0.263,45.96,25.91,9.19,101.11,0.5638,0.1206,2.4587,3.1327,17.0,1.0,1.0,DATA_EXFILTRATION
6.0001,753.0,641.0,112.0,945673.37,870584.13,75089.24,157609.83,125.5,0.8412,1255.87,134.84,1053.61,1498.59,1292.7,1187.66,0.3964,28.2,15.62,5.64,62.05,0.5537,0.2071,2.3733,2.9172,29.0,1.0,0.0,DATA_EXFILTRATION
11.5116,546.0,493.0,53.0,681832.3,611265.08,70567.22,59229.96,47.43,0.793,1248.78,163.42,1003.65,1500.0,1367.48,1145.23,0.2057,42.42,12.18,8.48,93.33,0.287,0.2269,2.1034,3.0006,16.0,1.0,0.0,DATA_EXFILTRATION
30.2675,25.0,9.0,16.0,23119.69,6636.22,16483.47,763.85,0.83,-0.4259,924.79,384.95,347.36,1500.0,829.77,876.4,0.3257,1210.7,1576.39,242.14,2663.54,1.3021,0.1028,3.846,2.9863,8.0,0.0,0.0,BENIGN_WEB
21.8435,47.0,15.0,32.0,41246.28,8361.32,32884.95,1888.26,2.15,-0.5946,877.58,551.14,50.87,1500.0,768.03,766.83,0.3512,464.75,742.0,92.95,1022.46,1.5965,0.1327,3.947,2.5489,15.0,0.0,0.0,BENIGN_WEB
41.7095,25.0,12.0,13.0,9095.18,4005.97,5089.21,218.06,0.6,-0.1191,363.81,64.89,266.47,480.61,330.04,328.6,0.361,24590.95,1423.45,4918.19,54100.09,0.0579,0.9663,2.7557,3.6691,30.0,1.0,0.0,C2_BEACONING
24.0161,1037.0,853.0,184.0,1362546.07,1290666.96,71879.1,56734.8,43.18,0.8945,1313.93,180.74,1042.82,1500.0,1421.73,1188.81,0.1882,30.58,8.22,6.12,67.27,0.2688,0.1675,2.067,3.1199,21.0,0.0,0.0,DATA_EXFILTRATION
29.5428,15.0,5.0,10.0,15109.91,3544.42,11565.49,511.46,0.51,-0.5308,1007.33,484.03,281.28,1500.0,935.4,1025.9,0.436,1969.52,2892.15,393.9,4332.94,1.4685,0.0185,3.6288,2.9367,18.0,0.0,0.0,BENIGN_WEB
17.0551,16.0,5.0,11.0,10414.03,988.88,9425.15,610.61,0.94,-0.8101,650.88,579.4,40.0,1500.0,569.54,590.54,0.4806,1065.94,1132.05,213.19,2345.08,1.062,0.0812,4.9722,2.8556,8.0,0.0,0.0,BENIGN_WEB
18.9863,44.0,12.0,32.0,27799.55,2518.26,25281.29,1464.19,2.32,-0.8188,631.81,361.63,89.36,1282.74,577.34,675.55,0.3488,431.51,666.13,86.3,949.31,1.5437,0.0742,3.9331,2.7522,16.0,0.0,0.0,BENIGN_WEB
89.0852,10.0,5.0,5.0,2246.1,1114.54,1131.56,25.21,0.11,-0.0076,224.61,65.21,126.8,341.98,225.72,202.3,0.4937,8332.1,388.22,1666.42,18330.62,0.0466,0.9694,2.9986,3.9726,26.0,1.0,0.0,C2_BEACONING
29.046,75.0,28.0,47.0,54374.09,14946.47,39427.62,1872.0,2.58,-0.4502,724.99,500.13,40.0,1500.0,660.76,616.87,0.4765,387.28,336.16,77.46,852.02,0.868,0.1231,4.4011,2.6623,8.0,0.0,0.0,BENIGN_WEB
98.5574,11.0,5.0,6.0,2371.22,1273.86,1097.36,24.06,0.11,0.0744,215.57,68.42,112.93,338.72,216.25,209.25,0.2404,27873.2,2258.58,5574.64,61321.05,0.081,0.972,2.2005,4.1234,30.0,1.0,0.0,C2_BEACONING
101.7328,14.0,7.0,7.0,3226.42,1705.06,1521.35,31.71,0.14,0.0569,230.46,117.76,53.82,442.43,228.28,256.89,0.1927,15962.78,1647.92,3192.56,35118.11,0.1032,0.9576,2.7512,3.5074,26.0,1.0,0.0,C2_BEACONING
20.4078,45.0,17.0,28.0,42217.37,7775.27,34442.1,2068.69,2.21,-0.6317,938.16,326.05,449.08,1500.0,914.01,924.22,0.2604,453.51,644.3,90.7,997.72,1.4207,0.1222,5.0963,2.742,14.0,0.0,0.0,BENIGN_WEB
9.8202,186.0,150.0,36.0,240659.14,226579.39,14079.76,24506.59,18.94,0.883,1293.87,221.44,961.71,1500.0,1352.82,1415.73,0.5812,40.7,20.2,8.14,89.55,0.4962,0.21,2.0671,3.741,16.0,0.0,0.0,DATA_EXFILTRATION
12.0983,23.0,7.0,16.0,24482.0,3415.34,21066.67,2023.59,1.9,-0.721,1064.43,396.59,469.56,1500.0,1205.99,1088.51,0.3426,526.01,595.19,105.2,1157.23,1.1315,0.1347,3.6912,2.4382,17.0,0.0,0.0,BENIGN_WEB
24.6116,15.0,4.0,11.0,9303.26,883.42,8419.84,378.0,0.61,-0.8101,620.22,417.66,40.0,1372.0,587.08,568.28,0.2766,1640.77,1642.61,328.15,3609.7,1.0011,0.0252,3.9549,2.2645,21.0,0.0,0.0,BENIGN_WEB
77.1282,17.0,8.0,9.0,3338.22,2095.32,1242.91,43.28,0.22,0.2553,196.37,67.98,94.4,318.73,214.44,223.82,0.4181,23956.32,2431.59,4791.26,52703.9,0.1015,0.942,2.8642,3.7038,32.0,0.0,0.0,C2_BEACONING
45.1535,16.0,8.0,8.0,6367.54,4139.62,2227.91,141.02,0.35,0.3002,397.97,56.36,313.43,499.42,346.23,387.78,0.4921,15350.9,300.49,3070.18,33771.98,0.0196,0.9063,3.0316,3.6756,22.0,1.0,0.0,C2_BEACONING
19.985,69.0,26.0,43.0,56347.35,13169.72,43177.63,2819.48,3.45,-0.5326,816.63,569.39,40.0,1500.0,729.67,829.13,0.5509,289.64,349.44,57.93,637.2,1.2065,0.052,4.494,2.9971,14.0,0.0,0.0,BENIGN_WEB
40.0874,12.0,6.0,6.0,4619.17,2999.69,1619.48,115.23,0.3,0.2988,384.93,134.49,183.19,627.02,349.45,422.42,0.4419,24627.78,2117.25,4925.56,54181.12,0.086,0.9002,3.0736,4.1699,27.0,0.0,1.0,C2_BEACONING
25.0248,65.0,20.0,45.0,49105.27,11226.63,37878.64,1962.26,2.6,-0.5428,755.47,528.94,40.0,1500.0,787.97,681.36,0.2171,385.0,654.08,77.0,846.99,1.6989,0.1114,4.1221,2.1487,17.0,0.0,0.0,BENIGN_WEB
7.9949,58.0,19.0,39.0,43512.01,8958.51,34553.5,5442.5,7.25,-0.5882,750.21,354.69,218.17,1388.65,801.04,717.26,0.3742,137.84,157.55,27.57,303.25,1.1429,0.024,5.0292,3.0725,14.0,0.0,0.0,BENIGN_WEB
21.9556,276.0,240.0,36.0,390241.67,377377.42,12864.25,17774.16,12.57,0.9341,1413.92,112.72,1244.84,1500.0,1304.26,1263.27,0.5101,35.63,8.09,7.13,78.39,0.2271,0.1232,2.6323,3.4666,16.0,0.0,0.0,DATA_EXFILTRATION
37.6016,430.0,353.0,77.0,529959.63,513234.49,16725.14,14094.07,11.44,0.9369,1232.46,125.09,1044.84,1457.62,1115.5,1106.88,0.2942,47.84,29.06,9.57,105.24,0.6074,0.271,1.9554,3.64,20.0,1.0,0.0,DATA_EXFILTRATION
14.0611,44.0,14.0,30.0,31564.06,7010.58,24553.48,2244.78,3.13,-0.5558,717.37,475.95,40.0,1500.0,636.76,653.92,0.4564,319.57,461.61,63.91,703.06,1.4445,0.0463,4.2919,2.9789,21.0,0.0,0.0,BENIGN_WEB
13.0923,1246.0,990.0,256.0,1802417.52,1658255.1,144162.42,137670.46,95.17,0.84,1446.56,212.16,1128.33,1500.0,1309.79,1519.34,0.1858,17.59,8.48,3.52,38.69,0.4819,0.2351,2.6499,3.0439,16.0,1.0,0.0,DATA_EXFILTRATION
50.0074,254.0,206.0,48.0,316232.06,309892.75,6339.31,6323.71,5.08,0.9599,1245.01,269.08,841.38,1500.0,1355.62,1384.05,0.1909,46.34,17.29,9.27,101.94,0.3731,0.164,2.3389,3.5648,17.0,1.0,0.0,DATA_EXFILTRATION
13.9642,66.0,19.0,47.0,56112.65,8705.42,47407.23,4018.32,4.73,-0.6897,850.19,546.19,40.0,1500.0,975.34,891.61,0.3974,211.58,210.89,42.32,465.47,0.9967,0.1301,4.1829,2.1362,14.0,0.0,0.0,BENIGN_WEB
42.6974,822.0,673.0,149.0,1133390.03,1019258.6,114131.43,26544.72,19.25,0.7986,1378.82,165.67,1130.32,1500.0,1226.75,1350.39,0.4793,25.74,5.72,5.15,56.64,0.2223,0.1443,2.5849,3.0106,16.0,1.0,0.0,DATA_EXFILTRATION
23.1444,19.0,9.0,10.0,5471.32,2902.08,2569.24,236.4,0.82,0.0608,287.96,133.68,87.44,528.6,271.13,274.11,0.4513,17192.79,1491.19,3438.56,37824.13,0.0867,0.8967,2.9702,3.9452,21.0,0.0,0.0,C2_BEACONING
44.1573,17.0,8.0,9.0,4791.94,2587.27,2204.67,108.52,0.38,0.0798,281.88,85.44,153.71,435.68,261.9,299.42,0.2434,19575.51,1117.5,3915.1,43066.13,0.0571,0.8978,2.8531,4.0773,24.0,0.0,1.0,C2_BEACONING
25.4651,68.0,21.0,47.0,44837.08,4706.2,40130.88,1760.72,2.67,-0.7901,659.37,474.68,40.0,1500.0,560.76,562.55,0.4811,374.49,564.12,74.9,823.87,1.5064,0.0771,4.4438,2.4954,19.0,0.0,0.0,BENIGN_WEB
103.1701,13.0,6.0,7.0,2648.09,1320.57,1327.51,25.67,0.13,-0.0026,203.7,88.4,71.1,362.81,175.3,196.04,0.4908,13478.44,1159.21,2695.69,29652.57,0.086,0.9813,3.0136,3.6441,31.0,1.0,0.0,C2_BEACONING
20.3754,34.0,13.0,21.0,32706.39,3819.35,28887.04,1605.19,1.67,-0.7664,961.95,359.87,422.15,1500.0,1047.46,864.05,0.2975,599.28,814.2,119.86,1318.41,1.3586,0.119,4.5694,2.4771,16.0,0.0,0.0,BENIGN_WEB
51.5203,1151.0,1039.0,112.0,1477841.76,1456941.2,20900.57,28684.66,22.34,0.9717,1283.96,200.98,982.5,1500.0,1448.6,1138.36,0.5219,28.39,18.0,5.68,62.45,0.6341,0.1431,2.8829,3.4891,29.0,1.0,0.0,DATA_EXFILTRATION
18.5798,83.0,30.0,53.0,85734.79,9360.04,76374.75,4614.4,4.47,-0.7817,1032.95,472.91,323.58,1500.0,1055.87,1032.85,0.4238,223.85,314.95,44.77,492.48,1.407,0.0934,4.2887,2.7728,21.0,0.0,0.0,BENIGN_WEB
30.4331,59.0,18.0,41.0,58259.14,7947.11,50312.03,1914.33,1.94,-0.7272,987.44,366.5,437.7,1500.0,844.77,928.93,0.2686,515.82,615.76,103.16,1134.79,1.1938,0.0363,4.0623,2.9261,15.0,0.0,0.0,BENIGN_WEB
30.2666,72.0,28.0,44.0,56333.35,12556.35,43777.0,1861.24,2.38,-0.5542,782.41,404.36,175.86,1500.0,807.56,781.54,0.4537,420.37,321.16,84.07,924.81,0.764,0.0704,4.2899,2.9667,21.0,0.0,0.0,BENIGN_WEB
7.3027,73.0,30.0,43.0,48058.45,10529.77,37528.68,6580.95,10.0,-0.5618,658.33,407.77,46.68,1392.32,633.6,612.37,0.2198,100.04,98.74,20.01,220.08,0.987,0.0863,4.0576,2.166,14.0,0.0,0.0,BENIGN_WEB
25.5064,25.0,12.0,13.0,7359.05,3855.78,3503.27,288.52,0.98,0.0479,294.36,124.32,107.89,518.13,298.14,320.86,0.5209,7603.19,818.11,1520.64,16727.02,0.1076,0.8836,2.5488,4.2203,18.0,1.0,1.0,C2_BEACONING
71.4409,8.0,4.0,4.0,2989.27,1663.37,1325.91,41.84,0.11,0.1129,373.66,127.6,182.26,603.34,393.15,351.85,0.2347,5982.52,114.42,1196.5,13161.55,0.0191,0.9753,2.554,3.5965,23.0,1.0,1.0,C2_BEACONING
59.2706,10.0,5.0,5.0,2033.34,1217.65,815.69,34.31,0.17,0.1977,203.33,129.07,40.0,435.66,184.1,219.81,0.3617,14652.29,930.71,2930.46,32235.04,0.0635,0.94,2.3615,3.9229,28.0,1.0,0.0,C2_BEACONING
21.0372,30.0,12.0,18.0,22042.31,2732.78,19309.54,1047.78,1.43,-0.752,734.74,379.66,165.25,1418.14,810.02,638.76,0.2074,701.24,589.2,140.25,1542.73,0.8402,0.1232,3.6075,2.7936,20.0,0.0,0.0,BENIGN_WEB
54.5391,12.0,6.0,6.0,2455.87,1117.13,1338.74,45.03,0.22,-0.0902,204.66,127.35,40.0,433.89,217.08,186.22,0.2494,8896.46,259.81,1779.29,19572.22,0.0292,0.9168,2.1167,3.4965,28.0,1.0,1.0,C2_BEACONING
37.066,1101.0,918.0,183.0,1537079.91,1412402.73,124677.18,41468.71,29.7,0.8378,1396.08,220.29,1065.64,1500.0,1397.7,1542.78,0.2205,42.33,13.89,8.47,93.13,0.3281,0.154,2.2737,3.3686,19.0,1.0,1.0,DATA_EXFILTRATION
58.1688,23.0,11.0,12.0,4504.78,2477.83,2026.96,77.44,0.4,0.1001,195.86,50.57,120.0,286.89,174.9,173.6,0.1996,22588.33,1400.53,4517.67,49694.32,0.062,0.9022,3.0472,3.9704,32.0,1.0,1.0,C2_BEACONING
6.0707,77.0,24.0,53.0,56563.85,12870.15,43693.7,9317.57,12.68,-0.5449,734.6,568.17,40.0,1500.0,797.28,818.58,0.2649,78.84,111.91,15.77,173.45,1.4195,0.0166,3.9006,2.8689,9.0,0.0,0.0,BENIGN_WEB
59.268,12.0,6.0,6.0,4820.92,2661.06,2159.86,81.34,0.2,0.104,401.74,126.0,212.74,628.54,434.68,398.06,0.2543,17728.55,1149.01,3545.71,39002.8,0.0648,0.8852,2.2203,3.5837,22.0,1.0,0.0,C2_BEACONING
21.3437,35.0,14.0,21.0,36576.78,10576.32,26000.46,1713.7,1.64,-0.4217,1045.05,356.8,509.84,1500.0,997.1,1000.13,0.3456,609.82,860.82,121.96,1341.6,1.4116,0.0326,4.3118,3.0062,21.0,0.0,0.0,BENIGN_WEB
6.8562,73.0,21.0,52.0,58849.36,13856.44,44992.91,8583.33,10.65,-0.5291,806.16,326.98,315.69,1394.71,723.45,777.62,0.5806,93.92,86.47,18.78,206.63,0.9206,0.1128,4.2566,2.4859,14.0,0.0,0.0,BENIGN_WEB
21.2431,38.0,12.0,26.0,27935.19,3566.93,24368.26,1315.03,1.79,-0.7446,735.14,377.08,169.52,1413.88,779.38,675.93,0.4155,559.03,930.38,111.81,1229.86,1.6643,0.1053,3.7111,2.6191,15.0,0.0,0.0,BENIGN_WEB
74.4896,18.0,9.0,9.0,3550.49,1912.32,1638.17,47.66,0.24,0.0772,197.25,120.38,40.0,413.93,191.97,191.42,0.3488,15470.28,891.89,3094.06,34034.62,0.0577,0.9726,2.1242,3.8003,26.0,0.0,0.0,C2_BEACONING
4.7334,56.0,15.0,41.0,57913.44,6602.86,51310.58,12235.0,11.83,-0.772,1034.17,575.93,170.28,1500.0,997.23,1083.92,0.5907,84.53,99.59,16.91,185.96,1.1782,0.029,3.6012,2.4158,9.0,0.0,0.0,BENIGN_WEB
16.465,728.0,601.0,127.0,1053214.78,1031774.39,21440.39,63967.03,44.22,0.9593,1446.72,239.06,1088.13,1500.0,1599.65,1355.58,0.4464,18.71,8.87,3.74,41.16,0.4742,0.1563,2.8836,3.626,22.0,0.0,0.0,DATA_EXFILTRATION
41.2236,558.0,466.0,92.0,723636.35,710810.7,12825.65,17553.95,13.54,0.9646,1296.84,244.32,930.36,1500.0,1219.84,1276.25,0.522,38.64,8.98,7.73,85.0,0.2325,0.2094,1.9366,3.3402,23.0,1.0,0.0,DATA_EXFILTRATION
29.0869,13.0,6.0,7.0,4292.1,2129.87,2162.23,147.56,0.45,-0.0075,330.16,65.38,232.09,447.84,365.16,314.61,0.6168,19005.87,467.03,3801.17,41812.91,0.0246,0.9827,2.7863,3.9548,26.0,1.0,0.0,C2_BEACONING
18.8779,35.0,10.0,25.0,22203.57,2395.77,19807.8,1176.17,1.85,-0.7842,634.39,571.01,40.0,1500.0,675.5,724.58,0.4016,539.37,514.87,107.87,1186.61,0.9546,0.0936,4.3534,2.3417,10.0,0.0,0.0,BENIGN_WEB
48.9087,25.0,12.0,13.0,4808.61,2785.33,2023.28,98.32,0.51,0.1585,192.34,77.37,76.3,331.6,181.61,214.12,0.4481,15884.5,1558.82,3176.9,34945.91,0.0981,0.9746,2.588,3.564,16.0,0.0,0.0,C2_BEACONING
45.8294,12.0,6.0,6.0,4164.48,1910.45,2254.03,90.87,0.26,-0.0825,347.04,76.13,232.85,484.07,310.35,366.34,0.5936,23639.31,1578.55,4727.86,52006.48,0.0668,0.9818,2.6989,3.509,28.0,1.0,1.0,C2_BEACONING
9.2651,30.0,9.0,21.0,24752.47,3761.02,20991.44,2671.57,3.24,-0.6961,825.08,347.76,303.45,1451.04,729.52,777.84,0.2796,308.84,256.55,61.77,679.44,0.8307,0.1022,4.267,2.1631,8.0,0.0,0.0,BENIGN_WEB
15.9936,70.0,27.0,43.0,43536.65,7196.36,36340.29,2722.14,4.38,-0.6694,621.95,483.52,40.0,1492.28,573.52,651.53,0.5322,228.48,345.14,45.7,502.65,1.5106,0.1117,4.9287,2.9381,9.0,0.0,0.0,BENIGN_WEB
21.027,46.0,17.0,29.0,44227.45,12434.96,31792.5,2103.37,2.19,-0.4377,961.47,382.79,387.28,1500.0,844.41,1105.61,0.6141,457.11,628.12,91.42,1005.64,1.3741,0.0185,5.0405,2.8249,15.0,0.0,0.0,BENIGN_WEB
102.2127,10.0,5.0,5.0,3140.18,1859.87,1280.32,30.72,0.1,0.1846,314.02,46.61,244.11,397.91,273.5,343.99,0.3258,24050.61,278.59,4810.12,52911.34,0.0116,0.9063,2.7811,3.8867,15.0,1.0,0.0,C2_BEACONING
22.1384,841.0,712.0,129.0,1170970.13,1111900.51,59069.63,52893.12,37.99,0.8991,1392.35,212.92,1072.98,1500.0,1481.15,1488.31,0.5464,39.08,17.76,7.82,85.98,0.4543,0.1289,2.8076,3.694,25.0,1.0,0.0,DATA_EXFILTRATION
33.1274,1399.0,1159.0,240.0,1801161.96,1655016.94,146145.03,54370.79,42.23,0.8377,1287.46,166.22,1038.14,1500.0,1193.25,1215.26,0.5602,20.12,10.49,4.02,44.26,0.5215,0.1983,2.8418,3.6519,15.0,0.0,0.0,DATA_EXFILTRATION
23.0685,63.0,23.0,40.0,42320.99,8453.54,33867.45,1834.58,2.73,-0.6005,671.76,571.45,40.0,1500.0,587.88,762.07,0.5329,366.17,506.31,73.23,805.57,1.3827,0.078,4.5421,2.5427,13.0,0.0,0.0,BENIGN_WEB
8.3149,15.0,6.0,9.0,16137.75,3211.73,12926.01,1940.82,1.8,-0.602,1075.85,351.63,548.4,1500.0,1041.21,981.33,0.3985,554.33,398.84,110.87,1219.52,0.7195,0.0959,4.0694,3.0772,10.0,0.0,0.0,BENIGN_WEB
5.3453,84.0,31.0,53.0,85033.56,13117.95,71915.62,15908.2,15.71,-0.6915,1012.3,528.9,218.95,1500.0,914.71,964.66,0.2197,63.63,65.66,12.73,140.0,1.0319,0.0333,4.7206,2.2719,20.0,0.0,0.0,BENIGN_WEB
22.2543,49.0,19.0,30.0,36508.22,5698.74,30809.48,1640.5,2.2,-0.6878,745.07,366.97,194.61,1405.61,691.8,720.92,0.3278,454.17,647.39,90.83,999.17,1.4254,0.0637,4.4085,2.1181,18.0,0.0,0.0,BENIGN_WEB
11.0671,16.0,5.0,11.0,16316.08,3539.59,12776.49,1474.29,1.45,-0.5661,1019.75,424.11,383.59,1500.0,930.07,928.75,0.4485,691.69,486.66,138.34,1521.73,0.7036,0.1115,3.6849,2.7456,8.0,0.0,0.0,BENIGN_WEB
21.5918,36.0,11.0,25.0,33908.92,5570.22,28338.7,1570.46,1.67,-0.6715,941.91,329.79,447.23,1500.0,896.07,923.07,0.4604,599.77,857.39,119.95,1319.5,1.4295,0.0842,3.9294,2.3961,10.0,0.0,0.0,BENIGN_WEB
8.0582,56.0,20.0,36.0,54893.39,10824.42,44068.97,6812.1,6.95,-0.6056,980.24,325.04,492.68,1500.0,943.51,899.94,0.2676,143.9,203.74,28.78,316.57,1.4159,0.1147,3.9531,2.508,19.0,0.0,0.0,BENIGN_WEB
18.1201,51.0,20.0,31.0,54173.19,7840.51,46332.68,2989.67,2.81,-0.7105,1062.22,371.62,504.79,1500.0,954.87,952.05,0.3763,355.3,465.23,71.06,781.65,1.3094,0.1088,4.497,2.1994,12.0,0.0,0.0,BENIGN_WEB
7.2898,75.0,21.0,54.0,59316.78,9823.21,49493.57,8136.94,10.29,-0.6688,790.89,533.97,40.0,1500.0,739.94,717.48,0.4176,97.2,126.88,19.44,213.83,1.3054,0.0715,3.7795,2.6684,17.0,0.0,0.0,BENIGN_WEB
54.7283,20.0,10.0,10.0,5884.92,2626.38,3258.53,107.53,0.37,-0.1074,294.25,51.61,216.83,387.14,279.63,294.76,0.2056,16768.66,561.05,3353.73,36891.06,0.0335,0.9857,2.4286,4.1433,21.0,1.0,0.0,C2_BEACONING
71.8236,10.0,5.0,5.0,4036.07,1778.44,2257.63,56.19,0.14,-0.1187,403.61,136.62,198.67,649.53,446.42,420.01,0.2803,24329.37,1832.89,4865.87,53524.61,0.0753,0.9741,2.8128,3.6628,17.0,1.0,0.0,C2_BEACONING
2.5381,20.0,7.0,13.0,18778.2,4459.08,14319.12,7398.41,7.88,-0.5251,938.91,525.07,151.3,1500.0,911.11,874.15,0.2208,126.91,187.23,25.38,279.2,1.4753,0.1101,3.6126,2.3618,18.0,0.0,0.0,BENIGN_WEB
23.0834,21.0,6.0,15.0,20720.38,5974.89,14745.49,897.63,0.91,-0.4233,986.68,556.71,151.62,1500.0,969.97,1086.08,0.5175,1099.21,1223.85,219.84,2418.26,1.1134,0.0391,3.7137,2.3095,20.0,0.0,0.0,BENIGN_WEB
22.1067,1228.0,1007.0,221.0,1651799.1,1588420.36,63378.74,74719.22,55.55,0.9233,1345.11,227.14,1004.41,1500.0,1369.45,1151.34,0.2786,38.68,17.37,7.74,85.09,0.4491,0.2603,2.6053,3.0446,21.0,1.0,0.0,DATA_EXFILTRATION
1.9988,30.0,8.0,22.0,26058.33,5670.73,20387.6,13037.14,15.01,-0.5648,868.61,361.73,326.02,1500.0,755.22,933.52,0.2725,66.63,84.05,13.33,146.58,1.2616,0.0719,3.9761,2.6201,15.0,0.0,0.0,BENIGN_WEB
31.2216,60.0,17.0,43.0,55111.61,13330.53,41781.07,1765.17,1.92,-0.5162,918.53,486.73,188.43,1500.0,873.25,1006.35,0.3643,520.36,647.21,104.07,1144.79,1.2438,0.0197,4.1879,2.1936,17.0,0.0,0.0,BENIGN_WEB
104.8255,11.0,5.0,6.0,3881.72,2540.94,1340.78,37.03,0.1,0.3092,352.88,59.51,263.61,460.01,355.69,356.12,0.3009,8688.48,534.46,1737.7,19114.65,0.0615,0.9482,2.8408,3.5455,27.0,1.0,0.0,C2_BEACONING
76.8018,15.0,7.0,8.0,3898.41,2398.41,1500.0,50.76,0.2,0.2305,259.89,86.91,129.53,416.33,232.63,252.66,0.3374,15284.26,1383.24,3056.85,33625.38,0.0905,0.8827,2.6273,3.6298,18.0,0.0,0.0,C2_BEACONING
99.1948,24.0,12.0,12.0,9131.89,4343.37,4788.52,92.06,0.24,-0.0487,380.5,112.8,211.29,583.54,337.46,355.68,0.2843,17108.89,675.07,3421.78,37639.56,0.0395,0.8945,2.4908,3.8894,33.0,0.0,0.0,C2_BEACONING
7.2422,40.0,16.0,24.0,40447.08,10276.7,30170.38,5584.93,5.52,-0.4918,1011.18,355.88,477.36,1500.0,1000.97,934.25,0.1998,181.05,130.02,36.21,398.32,0.7181,0.0133,3.7846,2.713,20.0,0.0,0.0,BENIGN_WEB
26.6797,59.0,24.0,35.0,45425.23,10857.0,34568.23,1702.61,2.21,-0.522,769.92,460.63,78.97,1500.0,777.93,737.95,0.3331,452.2,519.01,90.44,994.84,1.1478,0.0748,4.714,2.2312,10.0,0.0,0.0,BENIGN_WEB
9.4896,84.0,26.0,58.0,57301.36,10759.69,46541.67,6038.32,8.85,-0.6245,682.16,349.02,158.63,1310.39,716.03,595.32,0.5354,112.97,194.15,22.59,248.54,1.7186,0.0415,4.3027,2.9817,13.0,0.0,0.0,BENIGN_WEB
31.5679,73.0,30.0,43.0,77100.24,10740.33,66359.91,2442.36,2.31,-0.7214,1056.17,516.24,281.8,1500.0,986.87,957.09,0.2567,432.44,629.09,86.49,951.36,1.4548,0.0255,4.236,2.4055,8.0,0.0,0.0,BENIGN_WEB
15.188,42.0,12.0,30.0,28553.5,3737.3,24816.21,1880.01,2.77,-0.7382,679.85,334.51,178.08,1281.97,769.22,633.04,0.4545,361.62,275.21,72.32,795.56,0.7611,0.0717,4.8663,2.1242,19.0,0.0,0.0,BENIGN_WEB
50.5474,21.0,10.0,11.0,4351.34,2230.15,2121.18,86.08,0.42,0.025,207.21,134.42,40.0,449.16,223.39,233.71,0.5611,16186.62,449.45,3237.32,35610.55,0.0278,0.9127,2.8648,4.0168,20.0,1.0,0.0,C2_BEACONING
85.3615,25.0,12.0,13.0,8768.34,5175.57,3592.77,102.72,0.29,0.1805,350.73,111.47,183.52,551.39,363.66,367.06,0.5267,15558.23,1377.14,3111.65,34228.1,0.0885,0.9877,3.021,3.9977,23.0,1.0,0.0,C2_BEACONING
56.3344,15.0,7.0,8.0,3020.9,1556.09,1464.81,53.62,0.27,0.0302,201.39,83.98,75.42,352.56,201.6,230.62,0.2487,6543.41,175.66,1308.68,14395.51,0.0268,0.981,2.3177,3.6514,28.0,1.0,0.0,C2_BEACONING
4.1618,65.0,19.0,46.0,65205.29,10410.38,54794.91,15667.53,15.62,-0.6807,1003.16,378.96,434.72,1500.0,1054.16,862.43,0.2313,64.03,64.89,12.81,140.86,1.0134,0.0738,4.1818,2.3723,16.0,0.0,0.0,BENIGN_WEB
25.2787,36.0,11.0,25.0,35873.47,10224.16,25649.31,1419.12,1.42,-0.43,996.49,353.16,466.75,1500.0,899.05,933.37,0.6058,702.19,824.22,140.44,1544.81,1.1738,0.1372,4.3146,2.4613,16.0,0.0,0.0,BENIGN_WEB
8.4152,1446.0,1130.0,316.0,1951090.98,1794211.34,156879.64,231852.3,171.83,0.8392,1349.3,190.84,1063.04,1500.0,1384.12,1237.16,0.4084,18.48,5.92,3.7,40.65,0.3206,0.1658,2.4244,3.833,24.0,0.0,0.0,DATA_EXFILTRATION
29.7562,27.0,9.0,18.0,18872.37,2981.06,15891.32,634.23,0.91,-0.6841,698.98,417.55,72.66,1450.56,765.04,683.34,0.2787,1102.08,1667.9,220.42,2424.58,1.5134,0.0563,4.7045,2.8758,18.0,0.0,0.0,BENIGN_WEB
1.9622,17.0,6.0,11.0,18274.56,2213.87,16060.69,9313.08,8.66,-0.7577,1074.97,572.98,215.51,1500.0,958.44,1206.26,0.2641,115.43,137.16,23.09,253.94,1.1883,0.019,4.0928,3.0558,18.0,0.0,0.0,BENIGN_WEB
16.0904,63.0,24.0,39.0,59086.29,9887.51,49198.78,3672.15,3.92,-0.6653,937.88,344.75,420.75,1500.0,1046.88,955.76,0.2814,255.4,199.64,51.08,561.89,0.7817,0.0231,4.9236,2.2392,10.0,0.0,0.0,BENIGN_WEB
13.3253,27.0,7.0,20.0,20997.29,2492.33,18504.96,1575.75,2.03,-0.7626,777.68,387.21,196.87,1474.65,700.02,745.41,0.4962,493.53,814.96,98.71,1085.76,1.6513,0.1378,4.7099,2.3248,17.0,0.0,0.0,BENIGN_WEB
2.1216,23.0,8.0,15.0,18667.66,2294.5,16373.16,8798.96,10.84,-0.7542,811.64,320.56,330.8,1388.64,793.22,776.87,0.3973,92.24,67.81,18.45,202.93,0.7351,0.0339,3.9863,2.2956,8.0,0.0,0.0,BENIGN_WEB
20.9603,30.0,11.0,19.0,26032.46,5600.01,20432.45,1241.99,1.43,-0.5698,867.75,561.39,40.0,1500.0,810.56,743.19,0.3638,698.68,700.86,139.74,1537.09,1.0031,0.0472,3.962,2.5482,17.0,0.0,0.0,BENIGN_WEB
27.4449,1394.0,1211.0,183.0,1920820.86,1831006.27,89814.59,69988.33,50.79,0.9065,1377.92,163.31,1132.95,1500.0,1247.57,1331.98,0.4958,19.16,5.62,3.83,42.15,0.2932,0.2373,2.2806,3.1806,29.0,0.0,0.0,DATA_EXFILTRATION
7.9355,84.0,32.0,52.0,63839.42,8265.92,55573.51,8044.78,10.59,-0.741,759.99,451.48,82.77,1500.0,716.43,795.88,0.5295,94.47,152.85,18.89,207.83,1.618,0.1109,5.0301,2.2911,14.0,0.0,0.0,BENIGN_WEB
106.5567,18.0,9.0,9.0,7010.46,4402.89,2607.57,65.79,0.17,0.2561,389.47,109.98,224.5,587.44,340.87,342.75,0.2556,13596.22,194.48,2719.24,29911.69,0.0143,0.9794,2.7068,3.8062,15.0,1.0,1.0,C2_BEACONING
103.9902,20.0,10.0,10.0,7136.12,3701.4,3434.72,68.62,0.19,0.0374,356.81,70.45,251.13,483.62,333.98,322.0,0.2525,16834.07,633.39,3366.81,37034.96,0.0376,0.9134,2.9301,3.7718,31.0,1.0,1.0,C2_BEACONING
3.5424,15.0,6.0,9.0,11077.99,2450.8,8627.19,3127.23,4.23,-0.5575,738.53,547.82,40.0,1500.0,747.55,633.84,0.6162,236.16,379.91,47.23,519.56,1.6087,0.0185,4.7817,2.3887,9.0,0.0,0.0,BENIGN_WEB
83.6292,17.0,8.0,9.0,6209.59,2942.47,3267.12,74.25,0.2,-0.0523,365.27,137.21,159.46,612.24,412.96,330.77,0.3733,14785.69,1454.36,2957.14,32528.52,0.0984,0.9275,2.2156,3.7695,28.0,1.0,0.0,C2_BEACONING
42.8993,1018.0,856.0,162.0,1348820.32,1326426.59,22393.73,31441.53,23.73,0.9668,1324.97,134.0,1123.97,1500.0,1419.16,1327.57,0.4598,17.31,6.14,3.46,38.08,0.3548,0.2285,2.259,3.836,24.0,1.0,0.0,DATA_EXFILTRATION
28.748,8.0,4.0,4.0,1994.16,1225.58,768.57,69.37,0.28,0.2292,249.27,117.31,73.31,460.42,228.99,228.48,0.3406,22713.89,2302.8,4542.78,49970.55,0.1014,0.8999,2.7349,4.1235,16.0,1.0,1.0,C2_BEACONING
57.3614,9.0,4.0,5.0,3376.5,1540.06,1836.44,58.86,0.16,-0.0878,375.17,124.54,188.36,599.34,342.47,382.29,0.2394,24047.86,1045.61,4809.57,52905.28,0.0435,0.8912,2.2402,3.5477,22.0,0.0,0.0,C2_BEACONING
27.0839,37.0,15.0,22.0,23743.31,6163.91,17579.41,876.66,1.37,-0.4808,641.71,389.29,57.77,1342.44,730.15,643.23,0.3293,732.0,1089.9,146.4,1610.39,1.4889,0.0802,3.9169,2.9052,15.0,0.0,0.0,BENIGN_WEB
4.8339,74.0,22.0,52.0,49570.7,10078.42,39492.29,10254.73,15.31,-0.5934,669.87,407.26,58.98,1402.94,602.4,654.16,0.2454,65.32,96.31,13.06,143.71,1.4743,0.07,3.7419,3.0439,19.0,0.0,0.0,BENIGN_WEB
39.8904,420.0,332.0,88.0,558968.75,527517.43,31451.33,14012.62,10.53,0.8875,1330.88,263.81,935.17,1500.0,1147.0,1160.35,0.1981,28.71,10.89,5.74,63.16,0.3793,0.1771,2.7971,2.9319,20.0,0.0,0.0,DATA_EXFILTRATION
2.3436,75.0,27.0,48.0,57177.92,7143.55,50034.37,24397.44,32.0,-0.7501,762.37,325.76,273.73,1348.74,697.61,780.36,0.5315,31.25,37.76,6.25,68.75,1.2083,0.0438,4.8161,2.1298,9.0,0.0,0.0,BENIGN_WEB
24.5351,56.0,17.0,39.0,42615.48,9942.77,32672.71,1736.92,2.28,-0.5334,760.99,395.53,167.7,1472.94,771.96,817.66,0.1957,438.13,429.46,87.63,963.88,0.9802,0.0216,4.3847,3.0092,10.0,0.0,0.0,BENIGN_WEB
31.2187,76.0,22.0,54.0,51565.93,6185.81,45380.12,1651.77,2.43,-0.7601,678.5,329.65,184.02,1271.88,611.97,681.73,0.4499,410.77,645.68,82.15,903.7,1.5719,0.1189,4.4781,2.7627,20.0,0.0,0.0,BENIGN_WEB
15.1769,20.0,6.0,14.0,13799.39,1555.83,12243.55,909.24,1.32,-0.7745,689.97,443.72,40.0,1488.67,622.79,754.45,0.5261,758.85,1292.7,151.77,1669.46,1.7035,0.031,3.9313,2.941,11.0,0.0,0.0,BENIGN_WEB
31.9455,790.0,651.0,139.0,1014438.43,930929.83,83508.6,31755.27,24.73,0.8354,1284.1,146.63,1064.15,1500.0,1463.59,1223.3,0.619,26.57,15.01,5.31,58.46,0.565,0.201,2.5339,3.1467,29.0,1.0,0.0,DATA_EXFILTRATION
28.8868,17.0,8.0,9.0,3448.89,1979.79,1469.1,119.39,0.59,0.1481,202.88,55.49,119.64,302.75,186.71,173.3,0.2061,10618.4,1150.59,2123.68,23360.48,0.1084,0.938,2.7963,3.7809,19.0,0.0,0.0,C2_BEACONING
91.6362,11.0,5.0,6.0,3116.08,1893.64,1222.44,34.0,0.12,0.2154,283.28,114.89,110.95,490.08,263.69,263.23,0.4244,4985.73,472.72,997.15,10968.61,0.0948,0.9849,2.1423,3.4678,29.0,1.0,1.0,C2_BEACONING
29.0433,50.0,17.0,33.0,38948.96,6593.54,32355.42,1341.06,1.72,-0.6614,778.98,498.85,40.0,1500.0,750.87,784.92,0.5425,580.87,823.76,116.17,1277.91,1.4182,0.0333,4.5784,2.2078,8.0,0.0,0.0,BENIGN_WEB
6.1554,58.0,21.0,37.0,49357.44,5339.48,44017.95,8018.6,9.42,-0.7836,850.99,413.1,231.35,1500.0,810.18,769.93,0.322,106.13,105.36,21.23,233.48,0.9928,0.0511,5.0768,2.5008,15.0,0.0,0.0,BENIGN_WEB
43.5447,9.0,4.0,5.0,3094.76,1488.54,1606.21,71.07,0.21,-0.038,343.86,73.64,233.4,476.41,297.25,395.18,0.2586,27566.79,473.38,5513.36,60646.93,0.0172,0.9482,2.2837,4.19,33.0,1.0,0.0,C2_BEACONING
51.0031,648.0,544.0,104.0,803097.27,720774.33,82322.94,15746.06,12.71,0.795,1239.35,115.16,1066.61,1446.63,1085.31,1243.72,0.3873,33.77,11.5,6.75,74.3,0.3404,0.277,2.512,2.9442,21.0,1.0,0.0,DATA_EXFILTRATION
21.7847,59.0,19.0,40.0,40559.02,7975.35,32583.67,1861.81,2.71,-0.6067,687.44,456.97,40.0,1500.0,699.3,662.21,0.5065,369.23,553.27,73.85,812.31,1.4984,0.0206,4.6617,2.5459,11.0,0.0,0.0,BENIGN_WEB
11.9508,80.0,28.0,52.0,55198.84,12553.02,42645.81,4618.83,6.69,-0.5452,689.99,428.07,47.88,1460.51,620.27,622.24,0.4479,149.39,220.9,29.88,328.65,1.4787,0.1242,3.8928,2.5212,9.0,0.0,0.0,BENIGN_WEB
92.5245,10.0,5.0,5.0,2725.3,1284.91,1440.39,29.45,0.11,-0.0571,272.53,99.84,122.78,452.23,250.44,297.31,0.5266,18809.18,286.49,3761.84,41380.2,0.0152,0.897,2.5502,3.5796,27.0,1.0,1.0,C2_BEACONING
91.2338,15.0,7.0,8.0,4307.02,2049.64,2257.38,47.21,0.16,-0.0482,287.13,65.2,189.34,404.49,274.9,268.24,0.2374,15353.69,354.8,3070.74,33778.12,0.0231,0.9409,2.9001,4.137,27.0,1.0,0.0,C2_BEACONING
76.4343,24.0,12.0,12.0,8411.72,5281.28,3130.44,110.05,0.31,0.2557,350.49,97.77,203.83,526.48,362.16,298.35,0.4429,16389.11,515.83,3277.82,36056.04,0.0315,0.881,2.6334,4.0405,16.0,1.0,1.0,C2_BEACONING
15.0401,17.0,5.0,12.0,14014.36,3413.65,10600.7,931.8,1.13,-0.5128,824.37,571.79,40.0,1500.0,759.24,913.16,0.5771,884.71,1000.88,176.94,1946.37,1.1313,0.117,4.0875,2.5303,8.0,0.0,0.0,BENIGN_WEB
8.2919,531.0,431.0,100.0,679737.64,647146.48,32591.16,81976.24,64.04,0.9041,1280.11,213.38,960.04,1500.0,1144.41,1291.64,0.5408,22.19,6.11,4.44,48.83,0.2753,0.1426,2.1297,2.9833,24.0,1.0,0.0,DATA_EXFILTRATION
87.8009,8.0,4.0,4.0,2784.79,1744.85,1039.94,31.72,0.09,0.2531,348.1,90.95,211.68,511.8,323.03,300.4,0.2996,16300.33,432.57,3260.07,35860.74,0.0265,0.9265,2.2239,4.0986,15.0,1.0,1.0,C2_BEACONING
33.3675,1476.0,1263.0,213.0,2049768.73,1981253.45,68515.28,61430.01,44.23,0.9331,1388.73,177.75,1122.11,1500.0,1276.83,1417.6,0.3483,46.82,20.39,9.36,102.99,0.4356,0.1283,2.8725,3.5771,19.0,0.0,0.0,DATA_EXFILTRATION
35.5827,1395.0,1102.0,293.0,1975220.49,1762093.6,213126.89,55510.67,39.2,0.7842,1415.93,205.97,1106.97,1500.0,1600.15,1396.57,0.5636,13.92,3.9,2.78,30.63,0.2798,0.1883,2.0615,3.8482,17.0,0.0,0.0,DATA_EXFILTRATION
41.6152,382.0,309.0,73.0,541590.38,526645.62,14944.76,13014.25,9.18,0.9448,1417.78,204.29,1111.34,1500.0,1537.5,1539.6,0.2374,24.19,8.29,4.84,53.22,0.3426,0.1985,2.0027,3.5093,17.0,1.0,0.0,DATA_EXFILTRATION
47.0014,452.0,370.0,82.0,556933.63,540391.09,16542.53,11849.3,9.62,0.9406,1232.15,151.42,1005.03,1500.0,1271.83,1271.46,0.5372,19.31,8.55,3.86,42.49,0.4427,0.2527,2.5316,3.255,25.0,1.0,1.0,DATA_EXFILTRATION
5.147,22.0,8.0,14.0,16538.02,2791.35,13746.67,3213.15,4.27,-0.6624,751.73,569.27,40.0,1500.0,770.13,789.73,0.3206,233.95,305.84,46.79,514.7,1.3073,0.0138,4.4111,2.2182,13.0,0.0,0.0,BENIGN_WEB
6.2452,45.0,14.0,31.0,44569.96,5218.33,39351.63,7136.64,7.21,-0.7658,990.44,528.52,197.67,1500.0,1080.42,1015.17,0.403,138.78,123.45,27.76,305.32,0.8895,0.0879,3.9556,2.4034,19.0,0.0,0.0,BENIGN_WEB
5.369,76.0,28.0,48.0,66037.68,13309.65,52728.04,12299.87,14.16,-0.5969,868.92,379.32,299.94,1500.0,854.01,917.89,0.2689,70.64,79.86,14.13,155.42,1.1305,0.0606,5.0546,2.6641,18.0,0.0,0.0,BENIGN_WEB
26.0483,17.0,6.0,11.0,13059.18,1200.13,11859.05,501.34,0.65,-0.8162,768.19,577.66,40.0,1500.0,709.15,690.4,0.5637,1532.25,1096.09,306.45,3370.96,0.7153,0.0506,3.8624,2.2506,18.0,0.0,0.0,BENIGN_WEB
11.2768,65.0,20.0,45.0,68240.43,16783.01,51457.42,6051.41,5.76,-0.5081,1049.85,408.15,437.63,1500.0,1027.85,1025.01,0.5122,173.49,156.74,34.7,381.68,0.9035,0.1305,4.0529,2.4673,13.0,0.0,0.0,BENIGN_WEB
52.351,21.0,10.0,11.0,8370.7,5447.86,2922.85,159.9,0.4,0.3016,398.6,93.89,257.77,567.6,360.57,402.84,0.4396,9279.59,234.78,1855.92,20415.09,0.0253,0.8884,2.5194,3.6873,17.0,0.0,0.0,C2_BEACONING
43.7949,465.0,393.0,72.0,659529.8,619471.93,40057.87,15059.5,10.62,0.8785,1418.34,257.16,1032.6,1500.0,1457.46,1618.02,0.2989,44.16,11.83,8.83,97.15,0.2679,0.2722,2.5721,3.0888,17.0,1.0,1.0,DATA_EXFILTRATION
26.5462,30.0,11.0,19.0,28228.21,4765.01,23463.2,1063.36,1.13,-0.6624,940.94,442.46,277.25,1500.0,813.25,865.18,0.4523,884.87,971.15,176.97,1946.72,1.0975,0.1301,4.6994,2.7725,17.0,0.0,0.0,BENIGN_WEB
8.9997,1229.0,1119.0,110.0,1646803.77,1518559.28,128244.49,182983.41,136.56,0.8443,1339.95,212.52,1021.18,1500.0,1536.92,1139.69,0.2051,16.06,6.04,3.21,35.34,0.3762,0.2121,2.5053,3.0464,14.0,0.0,0.0,DATA_EXFILTRATION
29.0834,39.0,11.0,28.0,40156.58,6957.23,33199.35,1380.74,1.34,-0.6535,1029.66,485.56,301.31,1500.0,1022.11,965.64,0.479,745.73,1108.15,149.15,1640.6,1.486,0.0517,3.7243,2.3582,14.0,0.0,0.0,BENIGN_WEB
16.7775,463.0,383.0,80.0,594112.31,530514.86,63597.45,35411.16,27.6,0.7859,1283.18,161.01,1041.66,1500.0,1092.25,1212.6,0.2988,24.97,5.55,4.99,54.94,0.2223,0.2536,2.6519,2.9593,18.0,0.0,0.0,DATA_EXFILTRATION
11.8001,43.0,17.0,26.0,39213.09,4145.56,35067.52,3323.12,3.64,-0.7886,911.93,506.85,151.65,1500.0,796.34,783.01,0.5035,274.42,208.17,54.88,603.73,0.7586,0.0738,4.6508,2.6214,10.0,0.0,0.0,BENIGN_WEB
17.8881,54.0,20.0,34.0,37657.92,4943.05,32714.87,2105.19,3.02,-0.7375,697.37,460.15,40.0,1500.0,702.38,662.81,0.5997,331.26,454.33,66.25,728.78,1.3715,0.1015,3.7373,2.1861,9.0,0.0,0.0,BENIGN_WEB
16.972,22.0,8.0,14.0,20251.63,2037.93,18213.71,1193.24,1.3,-0.7987,920.53,512.37,151.97,1500.0,1007.22,847.81,0.2543,771.45,631.77,154.29,1697.2,0.8189,0.0825,4.1019,2.4646,9.0,0.0,0.0,BENIGN_WEB
34.1064,1542.0,1316.0,226.0,1881921.9,1711614.58,170307.32,55177.97,45.21,0.819,1220.44,143.86,1004.66,1479.38,1348.23,1181.94,0.4067,42.71,22.04,8.54,93.96,0.5162,0.2637,2.2164,3.1541,23.0,0.0,0.0,DATA_EXFILTRATION
22.1591,23.0,6.0,17.0,18114.3,1745.51,16368.8,817.47,1.04,-0.8073,787.58,528.32,40.0,1500.0,724.42,764.43,0.3428,963.44,1273.9,192.69,2119.56,1.3222,0.0195,4.8119,2.886,14.0,0.0,0.0,BENIGN_WEB
35.9329,8.0,4.0,4.0,2312.77,1343.03,969.74,64.36,0.22,0.1614,289.1,111.71,121.53,490.17,303.92,278.35,0.5753,16625.66,1705.63,3325.13,36576.45,0.1026,0.9387,2.6281,4.1471,17.0,1.0,0.0,C2_BEACONING
27.8308,14.0,7.0,7.0,5132.27,3337.99,1794.28,184.41,0.5,0.3008,366.59,60.13,276.39,474.83,376.11,321.23,0.4002,5410.67,202.47,1082.13,11903.47,0.0374,0.9078,2.3274,4.0402,24.0,1.0,0.0,C2_BEACONING
16.9817,36.0,11.0,25.0,26838.14,3987.75,22850.39,1580.41,2.12,-0.7028,745.5,333.05,245.93,1344.99,771.91,702.21,0.4428,471.71,457.17,94.34,1037.77,0.9692,0.0728,3.6107,2.8085,14.0,0.0,0.0,BENIGN_WEB
48.8455,25.0,12.0,13.0,5251.5,3181.57,2069.93,107.51,0.51,0.2117,210.06,116.55,40.0,419.86,205.43,230.15,0.225,11796.91,353.31,2359.38,25953.21,0.0299,0.9443,2.9537,3.4714,23.0,1.0,0.0,C2_BEACONING
11.3866,33.0,11.0,22.0,28062.83,7278.38,20784.45,2464.55,2.9,-0.4813,850.39,336.12,346.21,1455.4,972.6,804.21,0.3841,345.05,446.38,69.01,759.11,1.2937,0.0483,5.032,2.7299,11.0,0.0,0.0,BENIGN_WEB
57.5285,18.0,9.0,9.0,5491.92,3170.42,2321.51,95.46,0.31,0.1546,305.11,121.18,123.33,523.24,292.89,271.91,0.3671,14789.67,824.04,2957.93,32537.28,0.0557,0.9261,2.5028,4.0631,31.0,0.0,0.0,C2_BEACONING
22.0114,49.0,14.0,35.0,48580.1,7736.36,40843.74,2207.05,2.23,-0.6815,991.43,425.17,353.68,1500.0,947.98,896.03,0.6003,449.21,633.31,89.84,988.27,1.4098,0.0346,4.7804,2.8139,16.0,0.0,0.0,BENIGN_WEB
27.8634,46.0,13.0,33.0,42216.95,8611.29,33605.67,1515.14,1.65,-0.592,917.76,493.8,177.06,1500.0,802.49,966.94,0.3047,605.73,591.48,121.15,1332.6,0.9765,0.0808,3.6362,2.7684,16.0,0.0,0.0,BENIGN_WEB
5.9148,32.0,9.0,23.0,27517.27,5069.94,22447.33,4652.24,5.41,-0.6315,859.91,528.43,67.27,1500.0,766.47,916.65,0.5772,184.84,140.11,36.97,406.65,0.758,0.1071,4.3841,2.1528,15.0,0.0,0.0,BENIGN_WEB
41.6168,1578.0,1417.0,161.0,2119793.32,1915473.79,204319.53,50935.95,37.92,0.8072,1343.34,224.69,1006.3,1500.0,1398.23,1408.01,0.4388,20.19,12.18,4.04,44.41,0.6031,0.2029,2.6894,3.1737,18.0,0.0,0.0,DATA_EXFILTRATION
23.3849,1549.0,1258.0,291.0,2162008.61,2134851.0,27157.61,92453.24,66.24,0.9749,1395.74,185.95,1116.82,1500.0,1429.19,1563.75,0.3601,43.99,9.91,8.8,96.79,0.2253,0.212,2.513,3.1009,16.0,1.0,0.0,DATA_EXFILTRATION
8.954,794.0,634.0,160.0,1116083.34,1035951.7,80131.64,124645.85,88.68,0.8564,1405.65,269.73,1001.05,1500.0,1203.11,1418.0,0.4862,34.72,9.68,6.94,76.39,0.2788,0.2519,2.4176,3.2438,14.0,0.0,1.0,DATA_EXFILTRATION
27.9346,83.0,27.0,56.0,68444.2,7200.72,61243.48,2450.16,2.97,-0.7896,824.63,443.3,159.68,1500.0,874.94,755.55,0.3453,336.56,314.63,67.31,740.43,0.9348,0.0874,4.0646,2.1256,9.0,0.0,0.0,BENIGN_WEB
6.0664,40.0,16.0,24.0,34332.94,7175.42,27157.51,5659.49,6.59,-0.582,858.32,413.09,238.68,1500.0,741.92,861.08,0.4352,151.66,215.71,30.33,333.65,1.4223,0.09,4.5739,2.5957,12.0,0.0,0.0,BENIGN_WEB
12.8051,84.0,29.0,55.0,81853.35,12341.71,69511.64,6392.24,6.56,-0.6984,974.44,485.94,245.53,1500.0,978.01,949.16,0.6045,152.44,164.36,30.49,335.37,1.0782,0.0305,3.9284,2.5485,14.0,0.0,0.0,BENIGN_WEB
8.0294,73.0,25.0,48.0,46317.22,11348.97,34968.26,5768.46,9.09,-0.5099,634.48,498.61,40.0,1500.0,567.76,711.27,0.3118,109.99,180.55,22.0,241.98,1.6415,0.0405,4.4662,2.9767,10.0,0.0,0.0,BENIGN_WEB
15.6728,49.0,18.0,31.0,37273.35,4519.71,32753.64,2378.22,3.13,-0.7575,760.68,351.24,233.82,1392.91,649.45,801.22,0.3526,319.85,388.95,63.97,703.67,1.216,0.0264,3.6018,2.2362,11.0,0.0,0.0,BENIGN_WEB
2.7694,56.0,17.0,39.0,38222.63,9818.17,28404.46,13801.77,20.22,-0.4863,682.55,531.95,40.0,1500.0,679.13,609.64,0.5432,49.45,46.68,9.89,108.8,0.9439,0.0318,4.6843,2.2967,17.0,0.0,0.0,BENIGN_WEB
44.5987,1462.0,1150.0,312.0,1975222.93,1955391.33,19831.6,44288.78,32.78,0.9799,1351.04,198.41,1053.42,1500.0,1353.61,1550.61,0.2902,15.5,9.98,3.1,34.1,0.644,0.224,2.0771,3.7338,15.0,1.0,0.0,DATA_EXFILTRATION
67.3278,14.0,7.0,7.0,4470.69,2323.02,2147.67,66.4,0.21,0.0392,319.34,92.36,180.8,485.58,318.8,337.83,0.2361,14855.26,1118.25,2971.05,32681.58,0.0753,0.8833,2.3805,3.8973,30.0,0.0,0.0,C2_BEACONING
44.9031,1101.0,868.0,233.0,1411207.63,1314083.54,97124.09,31427.85,24.52,0.8624,1281.75,226.06,942.66,1500.0,1111.2,1228.59,0.5276,23.62,7.94,4.72,51.97,0.3361,0.1616,2.138,3.2256,23.0,0.0,1.0,DATA_EXFILTRATION
9.2318,62.0,19.0,43.0,47120.25,5606.83,41513.42,5104.1,6.72,-0.762,760.0,489.0,40.0,1500.0,681.23,685.85,0.3097,148.9,230.6,29.78,327.58,1.5487,0.0759,4.0065,2.9716,13.0,0.0,0.0,BENIGN_WEB
26.7644,67.0,27.0,40.0,62495.32,11553.54,50941.78,2335.02,2.5,-0.6303,932.77,470.12,227.58,1500.0,881.68,1004.58,0.3814,399.47,632.21,79.89,878.83,1.5826,0.0749,4.1685,2.9401,11.0,0.0,0.0,BENIGN_WEB
6.1391,657.0,521.0,136.0,846014.58,835470.88,10543.7,137807.19,107.02,0.9751,1287.69,207.58,976.33,1500.0,1372.69,1137.91,0.385,18.17,11.46,3.63,39.98,0.6305,0.1856,2.3993,3.6816,16.0,0.0,0.0,DATA_EXFILTRATION
79.0231,24.0,12.0,12.0,8319.68,3702.42,4617.25,105.28,0.3,-0.11,346.65,105.69,188.12,536.89,371.48,344.78,0.1843,19586.73,1402.17,3917.35,43090.81,0.0716,0.9156,2.8353,3.718,18.0,0.0,0.0,C2_BEACONING
40.6299,15.0,7.0,8.0,5622.57,3628.69,1993.88,138.38,0.37,0.2908,374.84,128.59,181.96,606.29,416.41,350.85,0.4834,22768.36,1344.57,4553.67,50090.38,0.0591,0.9396,3.0439,4.0745,26.0,1.0,0.0,C2_BEACONING
13.7831,24.0,9.0,15.0,15230.35,2407.2,12823.16,1105.0,1.74,-0.6839,634.6,354.17,103.35,1272.1,729.74,569.31,0.6095,574.29,663.36,114.86,1263.45,1.1551,0.1157,4.7254,2.9933,16.0,0.0,0.0,BENIGN_WEB
4.8622,32.0,12.0,20.0,29973.91,3665.92,26307.99,6164.72,6.58,-0.7554,936.68,357.44,400.52,1500.0,837.41,962.54,0.2596,151.94,197.34,30.39,334.27,1.2988,0.1216,4.2987,2.4552,14.0,0.0,0.0,BENIGN_WEB
64.8994,19.0,9.0,10.0,3868.69,1987.54,1881.14,59.61,0.29,0.0275,203.62,49.48,129.4,292.67,212.93,175.27,0.3922,20505.43,240.83,4101.09,45111.94,0.0117,0.9467,2.7088,3.7034,32.0,1.0,0.0,C2_BEACONING
8.4287,38.0,14.0,24.0,32651.41,9314.46,23336.96,3873.85,4.51,-0.4295,859.25,550.53,40.0,1500.0,987.45,811.33,0.5416,221.81,363.39,44.36,487.98,1.6383,0.0819,5.0952,3.0781,13.0,0.0,0.0,BENIGN_WEB
78.3679,22.0,11.0,11.0,5802.06,2698.2,3103.86,74.04,0.28,-0.0699,263.73,101.85,110.95,447.07,269.97,236.41,0.3295,26629.45,651.73,5325.89,58584.8,0.0245,0.9049,2.9291,3.5268,26.0,1.0,0.0,C2_BEACONING
52.9928,1396.0,1260.0,136.0,1978829.18,1788662.76,190166.42,37341.44,26.34,0.8078,1417.5,219.86,1087.7,1500.0,1320.89,1546.03,0.3736,25.37,6.7,5.07,55.81,0.264,0.254,1.9781,3.8138,16.0,0.0,1.0,DATA_EXFILTRATION
45.2076,696.0,584.0,112.0,990250.43,962590.53,27659.9,21904.52,15.4,0.9441,1422.77,123.09,1238.14,1500.0,1566.3,1424.81,0.4401,44.64,25.44,8.93,98.21,0.5698,0.2385,2.7116,3.807,25.0,1.0,0.0,DATA_EXFILTRATION
63.6546,9.0,4.0,5.0,2086.67,1303.25,783.42,32.78,0.14,0.2491,231.85,92.64,92.89,398.61,263.66,226.44,0.2971,17612.09,1122.74,3522.42,38746.6,0.0637,0.9632,2.4561,3.6456,27.0,0.0,1.0,C2_BEACONING
3.8294,26.0,10.0,16.0,21702.75,4397.92,17304.82,5667.34,6.79,-0.5947,834.72,572.13,40.0,1500.0,884.63,934.5,0.1922,147.29,107.32,29.46,324.03,0.7287,0.0541,4.6794,2.9459,10.0,0.0,0.0,BENIGN_WEB
107.9648,8.0,4.0,4.0,2355.7,1482.6,873.1,21.82,0.07,0.2587,294.46,75.31,181.5,430.02,288.42,298.93,0.5335,23812.21,2000.89,4762.44,52386.86,0.084,0.9889,2.1777,3.5401,19.0,0.0,0.0,C2_BEACONING
30.4961,1550.0,1273.0,277.0,1954360.14,1847100.0,107260.15,64085.67,50.83,0.8902,1260.88,157.53,1024.59,1500.0,1408.7,1185.69,0.2305,41.61,22.91,8.32,91.55,0.5505,0.1666,2.4255,2.9778,23.0,1.0,0.0,DATA_EXFILTRATION
28.8135,18.0,6.0,12.0,18874.77,2053.04,16821.73,655.07,0.62,-0.7825,1048.6,479.82,328.87,1500.0,1160.23,1155.54,0.3255,1600.75,2731.99,320.15,3521.66,1.7067,0.0485,4.8415,2.5078,12.0,0.0,0.0,BENIGN_WEB
26.8849,48.0,16.0,32.0,38803.06,5308.72,33494.34,1443.3,1.79,-0.7264,808.4,487.9,76.55,1500.0,772.46,848.56,0.5016,560.1,532.29,112.02,1232.23,0.9503,0.0632,4.9224,3.0936,20.0,0.0,0.0,BENIGN_WEB
25.47,47.0,19.0,28.0,34631.98,8763.78,25868.19,1359.71,1.85,-0.4939,736.85,414.49,115.12,1482.92,799.23,752.33,0.4406,541.92,523.69,108.38,1192.21,0.9664,0.0138,4.3282,3.0077,17.0,0.0,0.0,BENIGN_WEB
23.1428,15.0,5.0,10.0,13855.48,1434.79,12420.69,598.7,0.65,-0.7929,923.7,363.94,377.79,1500.0,944.49,908.97,0.2005,1542.85,1276.16,308.57,3394.27,0.8271,0.0193,4.3453,2.6676,20.0,0.0,0.0,BENIGN_WEB
15.6641,1164.0,989.0,175.0,1567371.58,1508391.77,58979.81,100061.34,74.31,0.9247,1346.54,119.97,1166.59,1500.0,1281.96,1258.41,0.3546,35.08,22.69,7.02,77.17,0.6468,0.1741,1.9996,3.1396,27.0,0.0,0.0,DATA_EXFILTRATION
1.9829,39.0,11.0,28.0,30916.84,4867.2,26049.65,15591.62,19.67,-0.6851,792.74,369.51,238.48,1457.85,874.16,904.15,0.423,50.84,62.59,10.17,111.86,1.231,0.1397,3.9842,2.1823,18.0,0.0,0.0,BENIGN_WEB
46.1134,816.0,685.0,131.0,1180285.48,1072771.86,107513.62,25595.3,17.7,0.8178,1446.43,218.65,1118.46,1500.0,1520.96,1366.17,0.4852,19.15,9.04,3.83,42.13,0.4721,0.1939,2.2699,3.2728,19.0,0.0,1.0,DATA_EXFILTRATION
10.5658,43.0,14.0,29.0,44250.82,8800.93,35449.89,4188.1,4.07,-0.6022,1029.09,372.8,469.88,1500.0,1073.51,1121.79,0.5728,245.72,394.88,49.14,540.58,1.607,0.0951,4.5513,2.9849,15.0,0.0,0.0,BENIGN_WEB
23.9655,47.0,14.0,33.0,49678.01,14164.12,35513.89,2072.89,1.96,-0.4298,1056.98,543.3,242.03,1500.0,1198.53,1115.28,0.403,509.9,516.57,101.98,1121.79,1.0131,0.1013,4.7701,2.4025,18.0,0.0,0.0,BENIGN_WEB
39.7722,12.0,6.0,6.0,4720.85,2431.02,2289.83,118.7,0.3,0.0299,393.4,90.5,257.65,556.31,434.59,445.35,0.5473,11027.01,637.37,2205.4,24259.41,0.0578,0.9613,2.9653,3.8361,17.0,1.0,0.0,C2_BEACONING
74.4651,9.0,4.0,5.0,2592.15,1689.7,902.45,34.81,0.12,0.3037,288.02,62.29,194.58,400.14,281.51,319.42,0.344,10627.77,885.86,2125.55,23381.1,0.0834,0.9184,2.9487,3.7701,16.0,1.0,0.0,C2_BEACONING
40.0486,1239.0,1030.0,209.0,1672847.57,1494588.89,178258.68,41770.49,30.94,0.7869,1350.16,127.75,1158.53,1500.0,1353.72,1247.98,0.4625,45.7,13.48,9.14,100.53,0.295,0.1429,1.9141,3.4671,26.0,0.0,0.0,DATA_EXFILTRATION
18.2613,907.0,710.0,197.0,1158550.25,1080548.31,78001.93,63442.97,49.67,0.8653,1277.34,151.39,1050.26,1500.0,1106.6,1154.47,0.2557,24.34,5.97,4.87,53.54,0.2455,0.2379,2.6105,3.3346,21.0,1.0,0.0,DATA_EXFILTRATION
18.6018,30.0,11.0,19.0,22884.02,4066.61,18817.41,1230.2,1.61,-0.6446,762.8,375.13,200.1,1438.04,654.54,683.27,0.2281,620.06,871.16,124.01,1364.13,1.405,0.1024,5.0167,2.304,19.0,0.0,0.0,BENIGN_WEB
27.7751,26.0,10.0,16.0,21623.12,2366.81,19256.3,778.51,0.94,-0.7811,831.66,411.95,213.73,1500.0,752.44,764.75,0.4132,1068.27,1133.43,213.65,2350.2,1.061,0.0931,4.3338,2.8705,17.0,0.0,0.0,BENIGN_WEB
19.6345,40.0,13.0,27.0,41658.47,9567.2,32091.27,2121.7,2.04,-0.5407,1041.46,472.62,332.53,1500.0,915.53,1155.54,0.3614,490.86,367.13,98.17,1079.9,0.7479,0.108,4.4053,2.168,12.0,0.0,0.0,BENIGN_WEB
63.3926,22.0,11.0,11.0,7555.24,4319.1,3236.15,119.18,0.35,0.1433,343.42,80.25,223.04,487.88,295.82,335.28,0.4657,22308.26,435.14,4461.65,49078.17,0.0195,0.945,3.0318,3.7718,24.0,1.0,0.0,C2_BEACONING
18.2188,351.0,304.0,47.0,450065.38,438559.03,11506.35,24703.37,19.27,0.9489,1282.24,155.06,1049.64,1500.0,1373.01,1198.51,0.5879,19.24,7.05,3.85,42.33,0.3662,0.2717,2.2616,3.7511,29.0,1.0,0.0,DATA_EXFILTRATION
27.2552,894.0,705.0,189.0,1101791.62,1031575.18,70216.44,40425.01,32.8,0.8725,1232.43,179.8,962.72,1500.0,1265.58,1291.79,0.3471,39.37,18.72,7.87,86.61,0.4755,0.2322,2.8062,3.2991,28.0,0.0,1.0,DATA_EXFILTRATION
29.0094,40.0,11.0,29.0,33621.79,6250.6,27371.19,1158.99,1.38,-0.6282,840.54,424.76,203.41,1500.0,739.92,879.76,0.3727,725.24,1053.32,145.05,1595.52,1.4524,0.0568,4.8336,2.1103,14.0,0.0,0.0,BENIGN_WEB
38.4141,711.0,587.0,124.0,938174.98,841278.3,96896.68,24422.67,18.51,0.7934,1319.51,199.77,1019.86,1500.0,1469.07,1502.82,0.4122,44.24,16.09,8.85,97.32,0.3637,0.1229,2.7959,3.6259,25.0,1.0,1.0,DATA_EXFILTRATION
47.1138,1101.0,921.0,180.0,1417722.14,1267211.09,150511.05,30091.45,23.37,0.7877,1287.67,160.86,1046.38,1500.0,1345.49,1096.91,0.5148,44.31,22.13,8.86,97.48,0.4994,0.1524,2.2238,3.5968,28.0,0.0,1.0,DATA_EXFILTRATION
43.1865,17.0,8.0,9.0,4353.3,2593.08,1760.22,100.8,0.39,0.1913,256.08,121.49,73.84,474.76,293.89,227.28,0.259,13816.49,921.16,2763.3,30396.29,0.0667,0.9642,2.1048,3.5488,33.0,1.0,0.0,C2_BEACONING
45.6784,1249.0,1032.0,217.0,1646757.93,1577503.66,69254.27,36051.15,27.34,0.9159,1318.46,252.81,939.25,1500.0,1398.04,1318.66,0.3707,44.0,20.23,8.8,96.81,0.4598,0.2331,2.0054,3.4447,14.0,1.0,0.0,DATA_EXFILTRATION
90.6306,16.0,8.0,8.0,6378.03,3657.99,2720.04,70.37,0.18,0.1471,398.63,67.06,298.04,519.33,422.96,341.95,0.2151,19876.87,1599.68,3975.37,43729.1,0.0805,0.9648,2.2654,3.6879,23.0,1.0,0.0,C2_BEACONING
35.0046,1321.0,1157.0,164.0,1807804.95,1650567.3,157237.65,51644.84,37.74,0.826,1368.51,189.16,1084.77,1500.0,1562.11,1184.2,0.382,40.62,22.19,8.12,89.36,0.5462,0.2756,2.0931,3.2323,26.0,0.0,0.0,DATA_EXFILTRATION
91.0807,25.0,12.0,13.0,7682.88,4486.87,3196.01,84.35,0.27,0.168,307.32,50.18,232.05,397.64,312.22,263.19,0.2784,17361.12,1887.0,3472.22,38194.47,0.1087,0.8912,2.4456,3.9415,30.0,1.0,1.0,C2_BEACONING
5.4003,41.0,13.0,28.0,40502.91,4100.08,36402.83,7500.08,7.59,-0.7975,987.88,536.91,182.51,1500.0,856.14,1022.11,0.4712,131.72,98.79,26.34,289.77,0.75,0.1037,3.8914,2.3068,13.0,0.0,0.0,BENIGN_WEB
40.4805,1080.0,879.0,201.0,1480756.76,1456587.24,24169.52,36579.52,26.68,0.9674,1371.07,185.32,1093.09,1500.0,1444.69,1244.43,0.3192,11.26,4.23,2.25,24.77,0.3758,0.1672,2.0245,3.2257,17.0,1.0,1.0,DATA_EXFILTRATION
9.0373,67.0,28.0,39.0,45966.13,8424.03,37542.1,5086.29,7.41,-0.6335,686.06,558.12,40.0,1500.0,747.3,622.48,0.4524,134.88,105.33,26.98,296.75,0.7809,0.0996,5.0602,2.2023,13.0,0.0,0.0,BENIGN_WEB
20.8893,76.0,23.0,53.0,81028.0,10155.37,70872.63,3878.93,3.64,-0.7493,1066.16,559.19,227.38,1500.0,918.54,1139.07,0.5697,274.86,350.61,54.97,604.69,1.2756,0.0633,3.7235,2.5834,13.0,0.0,0.0,BENIGN_WEB
22.7497,83.0,27.0,56.0,54594.16,11201.27,43392.9,2399.78,3.65,-0.5897,657.76,565.77,40.0,1500.0,639.98,663.33,0.5565,274.09,219.46,54.82,603.0,0.8007,0.0277,3.7901,2.3293,9.0,0.0,0.0,BENIGN_WEB
62.9942,19.0,9.0,10.0,3937.38,1831.49,2105.89,62.5,0.3,-0.0697,207.23,137.88,40.0,455.42,228.85,189.37,0.2796,11609.67,263.56,2321.93,25541.27,0.0227,0.9774,2.6254,4.0987,33.0,0.0,0.0,C2_BEACONING
24.053,40.0,15.0,25.0,36251.67,5411.17,30840.5,1507.16,1.66,-0.7015,906.29,376.18,342.03,1500.0,946.72,800.12,0.6199,601.32,551.53,120.26,1322.91,0.9172,0.0781,3.6356,2.1284,20.0,0.0,0.0,BENIGN_WEB
24.5254,17.0,8.0,9.0,5455.54,2456.59,2998.95,222.44,0.69,-0.0994,320.91,124.29,134.49,544.63,361.28,304.82,0.2506,13001.62,1074.75,2600.32,28603.57,0.0827,0.9377,2.4885,3.7693,23.0,1.0,0.0,C2_BEACONING
27.9951,41.0,15.0,26.0,36672.63,6592.7,30079.93,1309.96,1.46,-0.6405,894.45,350.88,368.13,1500.0,788.3,955.27,0.5943,682.81,1004.12,136.56,1502.18,1.4706,0.0805,4.4803,2.7269,16.0,0.0,0.0,BENIGN_WEB
9.068,83.0,24.0,59.0,53406.46,12109.63,41296.84,5889.56,9.15,-0.5465,643.45,571.96,40.0,1500.0,594.34,597.43,0.4936,109.25,182.46,21.85,240.36,1.6701,0.025,4.4257,2.4654,21.0,0.0,0.0,BENIGN_WEB
68.9396,22.0,11.0,11.0,6010.96,3549.65,2461.31,87.19,0.32,0.1811,273.23,88.25,140.85,432.08,284.44,295.27,0.4958,12823.92,1071.04,2564.78,28212.62,0.0835,0.8978,2.6493,3.9447,15.0,1.0,0.0,C2_BEACONING
28.2136,68.0,24.0,44.0,64269.46,7570.54,56698.91,2277.96,2.41,-0.7644,945.14,508.24,182.78,1500.0,1003.67,997.32,0.4131,414.91,425.17,82.98,912.79,1.0247,0.1162,4.8577,2.5284,12.0,0.0,0.0,BENIGN_WEB
23.8102,26.0,7.0,19.0,25841.67,7169.77,18671.9,1085.32,1.09,-0.4451,993.91,354.15,462.69,1500.0,959.74,848.37,0.5307,915.78,765.5,183.16,2014.71,0.8359,0.0186,4.2051,2.7142,16.0,0.0,0.0,BENIGN_WEB
21.3763,43.0,15.0,28.0,32277.36,8257.89,24019.47,1509.96,2.01,-0.4883,750.64,533.76,40.0,1500.0,710.42,725.14,0.6177,497.12,848.21,99.42,1093.67,1.7062,0.0543,3.8679,2.8649,11.0,0.0,0.0,BENIGN_WEB
28.4371,78.0,22.0,56.0,51860.46,7318.73,44541.73,1823.69,2.74,-0.7178,664.88,523.55,40.0,1500.0,734.98,727.55,0.4522,364.58,525.71,72.92,802.07,1.442,0.0698,4.4953,2.3879,14.0,0.0,0.0,BENIGN_WEB
46.4506,13.0,6.0,7.0,4184.74,2613.8,1570.94,90.09,0.28,0.2492,321.9,65.67,223.4,440.11,366.23,359.91,0.4008,15090.47,1213.47,3018.09,33199.03,0.0804,0.8981,2.7862,3.6305,18.0,1.0,1.0,C2_BEACONING
22.9769,64.0,23.0,41.0,67709.58,13214.69,54494.89,2946.85,2.79,-0.6097,1057.96,487.23,327.12,1500.0,991.42,1211.29,0.4841,359.01,433.43,71.8,789.83,1.2073,0.0705,4.4283,2.2438,13.0,0.0,0.0,BENIGN_WEB
2.1503,66.0,22.0,44.0,70010.32,17949.12,52061.2,32557.89,30.69,-0.4872,1060.76,419.47,431.56,1500.0,962.42,965.57,0.3583,32.58,52.77,6.52,71.68,1.6195,0.1346,4.3769,2.6903,19.0,0.0,0.0,BENIGN_WEB
51.7019,1245.0,1049.0,196.0,1797774.71,1643612.81,154161.9,34771.95,24.08,0.8285,1444.0,193.75,1153.37,1500.0,1593.59,1261.83,0.5829,19.54,11.72,3.91,42.99,0.5998,0.2402,2.179,3.5669,18.0,1.0,0.0,DATA_EXFILTRATION
18.8852,84.0,33.0,51.0,71582.65,6809.19,64773.47,3790.41,4.45,-0.8098,852.17,396.58,257.3,1500.0,729.61,838.47,0.3724,224.82,221.22,44.96,494.61,0.984,0.0351,4.989,2.8034,16.0,0.0,0.0,BENIGN_WEB
100.9656,8.0,4.0,4.0,2543.41,1284.46,1258.96,25.19,0.08,0.01,317.93,137.32,111.94,565.11,274.61,271.44,0.46,13019.36,473.33,2603.87,28642.59,0.0364,0.9224,2.6719,3.9151,24.0,1.0,1.0,C2_BEACONING
25.8805,10.0,5.0,5.0,3313.86,1604.82,1709.04,128.04,0.39,-0.0314,331.39,60.26,240.99,439.86,340.4,365.37,0.4528,23144.72,2211.98,4628.94,50918.38,0.0956,0.9118,2.6444,4.2385,17.0,0.0,0.0,C2_BEACONING
21.6714,70.0,25.0,45.0,54917.07,13911.55,41005.52,2534.08,3.23,-0.4934,784.53,485.55,56.2,1500.0,742.45,824.48,0.5814,309.59,260.32,61.92,681.1,0.8409,0.0847,4.7939,2.8668,15.0,0.0,0.0,BENIGN_WEB
16.0679,18.0,5.0,13.0,16151.39,4086.11,12065.29,1005.2,1.12,-0.494,897.3,468.15,195.07,1500.0,907.8,867.03,0.2451,892.66,1110.97,178.53,1963.85,1.2446,0.0556,4.1667,2.2083,19.0,0.0,0.0,BENIGN_WEB
3.8311,43.0,12.0,31.0,29684.82,3032.71,26652.1,7748.4,11.22,-0.7957,690.34,483.32,40.0,1500.0,607.02,598.01,0.348,89.1,126.54,17.82,196.01,1.4202,0.0145,4.8792,2.9332,19.0,0.0,0.0,BENIGN_WEB
7.0468,63.0,19.0,44.0,56350.74,16184.17,40166.58,7996.69,8.94,-0.4256,894.46,559.91,54.59,1500.0,914.94,982.81,0.4708,111.85,126.57,22.37,246.08,1.1316,0.0776,4.9376,2.1716,12.0,0.0,0.0,BENIGN_WEB
29.1784,29.0,8.0,21.0,19384.04,3983.1,15400.94,664.33,0.99,-0.589,668.42,525.97,40.0,1500.0,748.44,647.64,0.3235,1006.15,1156.39,201.23,2213.54,1.1493,0.062,4.0544,2.9931,19.0,0.0,0.0,BENIGN_WEB
31.5417,69.0,20.0,49.0,54025.45,10336.6,43688.85,1712.83,2.19,-0.6173,782.98,545.13,40.0,1500.0,820.52,782.75,0.5474,457.13,719.29,91.43,1005.68,1.5735,0.0543,4.2938,3.0017,8.0,0.0,0.0,BENIGN_WEB
25.4143,31.0,8.0,23.0,26623.87,7654.55,18969.32,1047.59,1.22,-0.425,858.83,525.34,70.83,1500.0,983.27,831.78,0.4732,819.82,1281.5,163.96,1803.6,1.5631,0.1256,3.9169,2.5515,20.0,0.0,0.0,BENIGN_WEB
20.6956,31.0,9.0,22.0,25130.49,5618.17,19512.32,1214.29,1.5,-0.5529,810.66,329.03,317.12,1402.91,869.99,915.75,0.2261,667.6,595.22,133.52,1468.72,0.8916,0.0981,4.6008,2.2408,18.0,0.0,0.0,BENIGN_WEB
23.6132,28.0,8.0,20.0,24883.79,2312.03,22571.76,1053.81,1.19,-0.8142,888.71,394.6,296.8,1500.0,806.68,987.42,0.3151,843.33,652.57,168.67,1855.32,0.7738,0.0864,4.3564,2.9636,10.0,0.0,0.0,BENIGN_WEB
3.0735,50.0,19.0,31.0,35466.21,8351.93,27114.27,11539.27,16.27,-0.529,709.32,523.73,40.0,1500.0,642.9,711.84,0.5012,61.47,102.97,12.29,135.23,1.6751,0.1392,4.9466,2.1446,20.0,0.0,0.0,BENIGN_WEB
28.2697,78.0,28.0,50.0,56337.85,10929.76,45408.08,1992.87,2.76,-0.612,722.28,450.54,46.46,1500.0,706.99,810.03,0.572,362.43,332.59,72.49,797.35,0.9177,0.0471,4.4979,2.782,21.0,0.0,0.0,BENIGN_WEB
31.7324,36.0,15.0,21.0,32234.08,3734.15,28499.93,1015.81,1.13,-0.7683,895.39,401.12,293.71,1500.0,1016.16,995.49,0.5829,881.46,1287.9,176.29,1939.2,1.4611,0.0509,4.2816,2.7237,17.0,0.0,0.0,BENIGN_WEB
25.6438,44.0,17.0,27.0,40815.56,5785.16,35030.4,1591.63,1.72,-0.7165,927.63,547.95,105.7,1500.0,857.58,860.41,0.1904,582.81,549.64,116.56,1282.19,0.9431,0.087,4.6642,2.7281,17.0,0.0,0.0,BENIGN_WEB
2.1355,62.0,18.0,44.0,62281.8,9480.62,52801.17,29165.59,29.03,-0.6956,1004.55,358.58,466.67,1500.0,966.35,888.39,0.3672,34.44,43.65,6.89,75.77,1.2673,0.0538,4.4211,2.4701,15.0,0.0,0.0,BENIGN_WEB
26.2722,37.0,13.0,24.0,37056.4,3711.49,33344.91,1410.48,1.41,-0.7997,1001.52,426.61,361.6,1500.0,924.15,1122.55,0.527,710.06,574.0,142.01,1562.13,0.8084,0.104,3.9107,2.3407,13.0,0.0,0.0,BENIGN_WEB
45.1436,9.0,4.0,5.0,3417.94,1533.1,1884.84,75.71,0.2,-0.1029,379.77,46.9,309.43,464.18,408.55,345.83,0.3266,14240.4,875.64,2848.08,31328.88,0.0615,0.9217,2.1444,4.082,23.0,1.0,0.0,C2_BEACONING
64.8947,18.0,9.0,9.0,4542.33,2401.14,2141.18,70.0,0.28,0.0572,252.35,107.94,90.44,446.64,244.68,276.69,0.4313,27912.14,938.24,5582.43,61406.7,0.0336,0.9358,2.201,3.9353,31.0,1.0,0.0,C2_BEACONING
16.3066,48.0,13.0,35.0,37401.54,10305.02,27096.52,2293.64,2.94,-0.449,779.2,511.42,40.0,1500.0,858.84,671.17,0.5754,339.72,578.08,67.94,747.39,1.7016,0.0374,5.0408,2.8534,17.0,0.0,0.0,BENIGN_WEB
21.6875,52.0,19.0,33.0,43365.61,6353.97,37011.64,1999.57,2.4,-0.707,833.95,432.28,185.53,1500.0,934.62,875.54,0.5632,417.07,608.55,83.41,917.55,1.4591,0.1145,4.6859,2.6967,20.0,0.0,0.0,BENIGN_WEB
16.6371,84.0,27.0,57.0,75643.41,19528.13,56115.28,4546.68,5.05,-0.4837,900.52,457.39,214.43,1500.0,930.44,1012.21,0.4138,198.06,248.87,39.61,435.73,1.2565,0.0752,4.4204,2.9184,11.0,0.0,0.0,BENIGN_WEB
19.7086,35.0,13.0,22.0,32716.45,3767.83,28948.62,1660.01,1.78,-0.7697,934.76,323.23,449.91,1500.0,933.31,829.83,0.1991,563.1,483.53,112.62,1238.83,0.8587,0.022,4.7498,2.9847,10.0,0.0,0.0,BENIGN_WEB
41.8339,795.0,686.0,109.0,989092.89,971597.79,17495.11,23643.36,19.0,0.9646,1244.14,235.37,891.09,1500.0,1208.96,1081.2,0.503,41.1,24.98,8.22,90.43,0.6078,0.2071,2.6738,3.615,29.0,0.0,0.0,DATA_EXFILTRATION
53.749,580.0,522.0,58.0,745620.65,683096.5,62524.15,13872.28,10.79,0.8323,1285.55,242.56,921.72,1500.0,1129.36,1196.07,0.3832,13.18,8.13,2.64,28.99,0.6167,0.1823,2.4372,3.3648,21.0,1.0,0.0,DATA_EXFILTRATION
20.4271,70.0,29.0,41.0,66797.34,7301.05,59496.29,3270.03,3.43,-0.7814,954.25,567.39,103.17,1500.0,957.14,1010.31,0.1867,291.82,425.48,58.36,642.0,1.458,0.0264,4.7134,2.6034,17.0,0.0,0.0,BENIGN_WEB
36.1186,9.0,4.0,5.0,2332.12,1203.64,1128.48,64.57,0.25,0.0322,259.12,112.82,89.89,462.21,290.03,223.15,0.3205,9442.88,780.49,1888.58,20774.34,0.0827,0.9596,2.4189,3.6156,30.0,1.0,0.0,C2_BEACONING
59.4734,23.0,11.0,12.0,4389.97,2756.8,1633.16,73.81,0.39,0.256,190.87,116.03,40.0,399.71,180.3,204.94,0.5893,22064.39,1474.39,4412.88,48541.66,0.0668,0.9276,2.1221,4.2374,31.0,0.0,0.0,C2_BEACONING
82.7789,20.0,10.0,10.0,5987.58,3184.85,2802.72,72.33,0.24,0.0638,299.38,122.03,116.33,519.04,314.47,317.25,0.4914,10542.11,486.49,2108.42,23192.63,0.0461,0.9716,2.9158,3.7103,29.0,0.0,1.0,C2_BEACONING
24.2943,27.0,8.0,19.0,26766.11,7507.97,19258.13,1101.75,1.11,-0.439,991.34,563.35,146.31,1500.0,870.11,933.28,0.292,899.79,859.33,179.96,1979.53,0.955,0.1011,4.2156,2.1234,10.0,0.0,0.0,BENIGN_WEB
24.5551,1533.0,1200.0,333.0,2065004.38,1953527.86,111476.52,84096.63,62.43,0.892,1347.03,179.88,1077.21,1500.0,1315.74,1299.51,0.3442,46.55,22.94,9.31,102.41,0.4929,0.2742,2.3333,3.7332,14.0,0.0,1.0,DATA_EXFILTRATION
19.2645,26.0,10.0,16.0,24923.2,4811.48,20111.72,1293.74,1.35,-0.6139,958.58,338.4,450.98,1500.0,1020.51,872.45,0.487,740.94,1234.35,148.19,1630.08,1.6659,0.0822,4.4453,2.8536,20.0,0.0,0.0,BENIGN_WEB
87.8349,21.0,10.0,11.0,7562.46,3518.01,4044.44,86.1,0.24,-0.0696,360.12,97.73,213.52,536.03,352.78,347.71,0.4304,5179.49,457.49,1035.9,11394.88,0.0883,0.9295,2.5319,3.5173,19.0,1.0,0.0,C2_BEACONING
14.9406,79.0,28.0,51.0,55922.29,5474.71,50447.58,3742.97,5.29,-0.8042,707.88,562.66,40.0,1500.0,813.89,761.9,0.2814,189.12,256.84,37.82,416.07,1.3581,0.1057,4.7574,2.366,18.0,0.0,0.0,BENIGN_WEB
14.5562,16.0,6.0,10.0,14387.5,2254.53,12132.98,988.41,1.1,-0.6866,899.22,498.1,152.07,1500.0,923.7,984.46,0.4002,909.76,1240.56,181.95,2001.47,1.3636,0.0676,5.074,2.4241,11.0,0.0,0.0,BENIGN_WEB
22.9029,30.0,12.0,18.0,22309.8,4626.4,17683.4,974.11,1.31,-0.5853,743.66,432.82,94.43,1500.0,717.25,739.81,0.4086,763.43,1268.1,152.69,1679.54,1.6611,0.1062,3.638,2.1399,10.0,0.0,0.0,BENIGN_WEB
17.475,72.0,28.0,44.0,76235.89,7165.9,69069.99,4362.57,4.12,-0.812,1058.83,353.9,527.99,1500.0,1196.47,1170.8,0.3615,242.71,389.88,48.54,533.96,1.6064,0.1132,4.7189,2.3534,18.0,0.0,0.0,BENIGN_WEB
21.1112,39.0,15.0,24.0,32366.05,3456.79,28909.27,1533.13,1.85,-0.7864,829.9,501.92,77.02,1500.0,930.13,947.61,0.3854,541.31,768.46,108.26,1190.89,1.4196,0.0686,4.9721,2.4279,20.0,0.0,0.0,BENIGN_WEB
31.8595,24.0,8.0,16.0,19400.79,5320.87,14079.92,608.95,0.75,-0.4515,808.37,443.09,143.73,1500.0,884.17,724.95,0.4417,1327.48,1228.31,265.5,2920.45,0.9253,0.0274,4.7121,2.6275,15.0,0.0,0.0,BENIGN_WEB
11.3052,80.0,23.0,57.0,66833.46,12450.45,54383.01,5911.72,7.08,-0.6274,835.42,499.2,86.62,1500.0,729.99,785.35,0.5921,141.32,147.71,28.26,310.89,1.0452,0.1324,4.86,2.4181,10.0,0.0,0.0,BENIGN_WEB
25.7684,46.0,15.0,31.0,36329.64,3915.56,32414.08,1409.85,1.79,-0.7844,789.77,538.13,40.0,1500.0,806.01,782.07,0.1812,560.18,396.7,112.04,1232.4,0.7082,0.0182,3.9035,3.024,11.0,0.0,0.0,BENIGN_WEB
25.6221,55.0,19.0,36.0,47039.29,10474.46,36564.83,1835.89,2.15,-0.5547,855.26,349.14,331.55,1483.71,738.3,765.28,0.2306,465.86,756.85,93.17,1024.89,1.6246,0.0803,4.1276,2.1901,20.0,0.0,0.0,BENIGN_WEB
75.2617,14.0,7.0,7.0,2679.2,1573.58,1105.62,35.6,0.19,0.1747,191.37,76.62,76.45,329.28,167.38,182.85,0.4314,6125.38,541.9,1225.08,13475.83,0.0885,0.9033,2.4705,3.7443,30.0,0.0,0.0,C2_BEACONING
10.5191,17.0,5.0,12.0,16725.06,2856.12,13868.94,1589.97,1.62,-0.6585,983.83,327.6,492.43,1500.0,1083.14,848.12,0.4242,618.77,992.97,123.75,1361.29,1.6048,0.1201,4.7671,2.1463,21.0,0.0,0.0,BENIGN_WEB
24.6734,22.0,11.0,11.0,6882.38,4425.41,2456.98,278.94,0.89,0.286,312.84,77.65,196.36,452.6,271.06,346.87,0.5116,9950.64,294.36,1990.13,21891.41,0.0296,0.9516,2.2372,3.8802,28.0,1.0,1.0,C2_BEACONING
4.4225,38.0,11.0,27.0,35785.35,7423.09,28362.25,8091.71,8.59,-0.5851,941.72,357.67,405.22,1500.0,960.05,966.16,0.5813,116.38,94.75,23.28,256.04,0.8142,0.0643,4.2074,2.9438,10.0,0.0,0.0,BENIGN_WEB
15.5463,74.0,29.0,45.0,49351.25,9615.84,39735.41,3174.47,4.76,-0.6103,666.91,364.51,120.14,1323.03,764.79,734.31,0.2961,210.09,177.52,42.02,462.19,0.845,0.091,4.4969,2.6268,16.0,0.0,0.0,BENIGN_WEB
74.5225,19.0,9.0,10.0,5433.96,2402.94,3031.02,72.92,0.25,-0.1156,286.0,63.38,190.93,400.08,256.72,293.41,0.3134,13064.83,304.3,2612.97,28742.63,0.0233,0.9153,3.0317,4.2118,20.0,1.0,1.0,C2_BEACONING
29.4452,31.0,11.0,20.0,24450.33,4292.85,20157.48,830.37,1.05,-0.6489,788.72,330.55,292.89,1383.72,875.99,893.73,0.2479,949.84,1000.36,189.97,2089.66,1.0532,0.0358,3.9854,2.5299,21.0,0.0,0.0,BENIGN_WEB
6.0132,73.0,26.0,47.0,46477.73,4318.87,42158.87,7729.29,12.14,-0.8142,636.68,469.84,40.0,1482.39,656.58,685.04,0.3812,82.37,104.34,16.47,181.22,1.2666,0.1187,4.1478,2.3116,14.0,0.0,0.0,BENIGN_WEB
8.4222,49.0,15.0,34.0,39858.64,4632.12,35226.52,4732.59,5.82,-0.7676,813.44,488.28,81.02,1500.0,823.22,790.33,0.593,171.88,167.57,34.38,378.14,0.9749,0.0948,5.0705,3.081,9.0,0.0,0.0,BENIGN_WEB
84.1665,14.0,7.0,7.0,5043.77,2566.59,2477.18,59.93,0.17,0.0177,360.27,138.11,153.11,608.86,373.72,348.02,0.1913,21281.66,1478.44,4256.33,46819.66,0.0695,0.9375,2.3082,4.1675,24.0,1.0,0.0,C2_BEACONING
13.6579,739.0,620.0,119.0,944083.41,849278.23,94805.18,69123.59,54.11,0.7992,1277.51,145.98,1058.55,1500.0,1320.73,1425.75,0.2743,18.14,8.6,3.63,39.91,0.474,0.1465,2.5047,3.243,18.0,1.0,0.0,DATA_EXFILTRATION
3.4782,17.0,5.0,12.0,16723.09,1628.05,15095.04,4808.03,4.89,-0.8053,983.71,523.95,197.78,1500.0,1025.56,1009.98,0.4413,204.6,284.31,40.92,450.12,1.3896,0.1245,4.4373,2.3948,17.0,0.0,0.0,BENIGN_WEB
23.5723,80.0,32.0,48.0,52154.97,9705.84,42449.14,2212.55,3.39,-0.6278,651.94,474.46,40.0,1500.0,561.18,615.26,0.2834,294.65,427.55,58.93,648.24,1.451,0.0156,4.3475,2.6601,10.0,0.0,0.0,BENIGN_WEB
18.5211,24.0,7.0,17.0,20195.85,4984.33,15211.52,1090.42,1.3,-0.5064,841.49,393.53,251.19,1500.0,762.49,732.43,0.3213,771.71,1096.87,154.34,1697.77,1.4214,0.0108,4.7856,2.3652,18.0,0.0,0.0,BENIGN_WEB
20.2252,1044.0,823.0,221.0,1506506.49,1384756.87,121749.61,74486.44,51.62,0.8384,1443.01,226.0,1104.01,1500.0,1459.37,1394.92,0.5376,42.84,25.11,8.57,94.25,0.5861,0.1941,2.3477,2.9719,26.0,0.0,0.0,DATA_EXFILTRATION
17.9203,198.0,174.0,24.0,244187.87,228151.58,16036.3,13626.35,11.05,0.8687,1233.27,250.3,857.82,1500.0,1093.6,1075.47,0.3786,37.09,8.48,7.42,81.59,0.2286,0.2645,2.3709,3.5851,15.0,0.0,0.0,DATA_EXFILTRATION
51.6075,332.0,305.0,27.0,409982.86,380547.27,29435.59,7944.25,6.43,0.8564,1234.89,191.82,947.16,1500.0,1198.83,1367.34,0.2359,39.32,17.33,7.86,86.5,0.4408,0.2457,2.7809,3.2573,29.0,0.0,1.0,DATA_EXFILTRATION
12.5606,1577.0,1303.0,274.0,2116182.05,1998633.84,117548.21,168477.91,125.55,0.8889,1341.9,120.13,1161.71,1500.0,1340.69,1249.54,0.5417,38.33,16.53,7.67,84.33,0.4311,0.1292,2.5661,3.1741,19.0,1.0,0.0,DATA_EXFILTRATION
101.0755,12.0,6.0,6.0,3371.32,1904.61,1466.71,33.35,0.12,0.1299,280.94,120.96,99.5,498.68,290.83,301.55,0.266,8564.79,408.1,1712.96,18842.54,0.0476,0.943,2.6385,3.6176,22.0,0.0,1.0,C2_BEACONING
31.3556,17.0,5.0,12.0,17137.93,2288.39,14849.54,546.57,0.54,-0.7329,1008.11,485.42,279.98,1500.0,1006.84,1028.65,0.2597,1844.45,1493.45,368.89,4057.79,0.8097,0.0381,4.6123,2.8985,15.0,0.0,0.0,BENIGN_WEB
74.7762,10.0,5.0,5.0,1947.2,1210.73,736.48,26.04,0.13,0.2436,194.72,97.15,48.99,369.59,167.89,188.55,0.3731,12757.74,526.25,2551.55,28067.02,0.0412,0.9135,2.8381,4.0796,32.0,1.0,0.0,C2_BEACONING
39.0388,25.0,12.0,13.0,9061.0,5171.59,3889.41,232.1,0.64,0.1415,362.44,110.43,196.8,561.21,391.8,392.56,0.3313,25159.39,1430.38,5031.88,55350.66,0.0569,0.916,2.3499,3.9898,28.0,1.0,0.0,C2_BEACONING
5.0333,72.0,23.0,49.0,70854.38,11658.19,59196.19,14077.07,14.3,-0.6709,984.09,343.56,468.74,1500.0,1030.27,868.75,0.4393,69.91,94.38,13.98,153.8,1.3501,0.0447,3.7676,2.5849,18.0,0.0,0.0,BENIGN_WEB
22.7524,82.0,26.0,56.0,65396.91,18883.43,46513.47,2874.28,3.6,-0.4225,797.52,459.37,108.46,1500.0,727.44,876.87,0.3899,277.47,420.23,55.49,610.43,1.5145,0.1311,4.6426,2.4936,17.0,0.0,0.0,BENIGN_WEB
68.0739,13.0,6.0,7.0,3512.4,2257.65,1254.75,51.6,0.19,0.2855,270.18,56.95,184.76,372.69,256.85,263.64,0.2026,9922.12,1045.33,1984.42,21828.66,0.1054,0.8825,2.8914,3.8189,31.0,1.0,0.0,C2_BEACONING
30.6931,1171.0,920.0,251.0,1602244.01,1489314.07,112929.94,52202.13,38.15,0.859,1368.27,232.63,1019.33,1500.0,1511.58,1426.42,0.5358,47.81,23.31,9.56,105.17,0.4875,0.2061,2.6402,3.0119,22.0,1.0,0.0,DATA_EXFILTRATION
74.2013,18.0,9.0,9.0,4058.02,1793.22,2264.8,54.69,0.24,-0.1162,225.45,131.36,40.0,461.89,197.85,225.74,0.4056,9746.8,831.64,1949.36,21442.97,0.0853,0.9835,3.0235,4.1603,24.0,0.0,1.0,C2_BEACONING
46.7231,1259.0,1158.0,101.0,1575699.17,1492222.1,83477.07,33724.22,26.95,0.894,1251.55,234.1,900.4,1500.0,1423.48,1091.81,0.2005,44.89,27.49,8.98,98.75,0.6125,0.2513,2.4108,3.3951,23.0,1.0,0.0,DATA_EXFILTRATION
60.5489,16.0,8.0,8.0,3058.09,1769.9,1288.19,50.51,0.26,0.1575,191.13,97.67,44.62,366.94,182.64,180.88,0.584,15080.52,213.84,3016.1,33177.15,0.0142,0.9028,2.7859,3.9043,18.0,1.0,1.0,C2_BEACONING
4.0212,75.0,27.0,48.0,63373.38,15208.68,48164.7,15759.64,18.65,-0.52,844.98,466.99,144.49,1500.0,755.19,878.33,0.4583,53.62,72.13,10.72,117.96,1.3453,0.0906,4.4081,2.28,14.0,0.0,0.0,BENIGN_WEB
30.5794,27.0,11.0,16.0,26211.7,5808.8,20402.9,857.17,0.88,-0.5568,970.8,393.18,381.03,1500.0,978.42,900.67,0.4344,1132.57,1250.5,226.51,2491.65,1.1041,0.055,4.6433,2.743,18.0,0.0,0.0,BENIGN_WEB
71.6028,22.0,11.0,11.0,7685.84,4854.5,2831.35,107.34,0.31,0.2632,349.36,119.51,170.09,564.48,305.22,307.98,0.6046,9842.14,480.7,1968.43,21652.71,0.0488,0.924,2.9243,3.8805,22.0,1.0,0.0,C2_BEACONING
27.2026,60.0,22.0,38.0,42669.06,8006.74,34662.32,1568.57,2.21,-0.6247,711.15,445.98,42.18,1500.0,749.11,748.02,0.2476,453.38,537.22,90.68,997.43,1.1849,0.084,4.7569,2.6355,15.0,0.0,0.0,BENIGN_WEB
22.4885,12.0,6.0,6.0,4094.18,2311.55,1782.64,182.06,0.53,0.1292,341.18,83.84,215.42,492.1,344.92,299.81,0.2604,15409.64,622.43,3081.93,33901.2,0.0404,0.9349,3.0068,3.5182,23.0,0.0,0.0,C2_BEACONING
44.9649,1202.0,1031.0,171.0,1689459.05,1596615.56,92843.49,37572.8,26.73,0.8901,1405.54,279.5,986.3,1500.0,1473.76,1252.32,0.2471,15.43,5.46,3.09,33.94,0.354,0.2137,2.6748,3.1253,26.0,0.0,0.0,DATA_EXFILTRATION
14.3428,67.0,25.0,42.0,54553.73,12820.49,41733.24,3803.55,4.67,-0.53,814.23,511.28,47.31,1500.0,755.27,879.26,0.4672,214.07,317.38,42.81,470.96,1.4826,0.0668,4.6391,2.9367,10.0,0.0,0.0,BENIGN_WEB
17.0864,33.0,9.0,24.0,27880.12,3415.43,24464.69,1631.72,1.93,-0.755,844.85,575.8,40.0,1500.0,777.13,868.56,0.4319,517.77,766.32,103.55,1139.09,1.48,0.05,4.118,2.7077,13.0,0.0,0.0,BENIGN_WEB
25.1966,1424.0,1215.0,209.0,1787149.59,1696690.36,90459.23,70928.08,56.52,0.8988,1255.02,136.73,1049.92,1500.0,1093.04,1293.51,0.4468,46.76,25.48,9.35,102.87,0.5449,0.1216,1.9728,3.0408,25.0,0.0,0.0,DATA_EXFILTRATION
29.5885,35.0,11.0,24.0,32257.35,4344.76,27912.59,1090.2,1.18,-0.7306,921.64,451.51,244.38,1500.0,798.78,851.62,0.5992,845.38,1131.12,169.08,1859.85,1.338,0.031,3.8637,2.5654,18.0,0.0,0.0,BENIGN_WEB
21.0919,83.0,31.0,52.0,66084.92,13440.13,52644.79,3133.19,3.94,-0.5932,796.2,332.77,297.05,1395.19,806.59,818.32,0.2369,254.12,422.66,50.82,559.06,1.6632,0.1334,5.0955,2.9593,21.0,0.0,0.0,BENIGN_WEB
14.2166,1252.0,993.0,259.0,1798593.76,1705281.69,93312.06,126513.21,88.07,0.8962,1436.58,206.77,1126.42,1500.0,1563.87,1532.24,0.5478,26.7,11.18,5.34,58.74,0.4188,0.2763,2.0509,3.3949,19.0,1.0,0.0,DATA_EXFILTRATION
22.0595,47.0,18.0,29.0,42561.9,9713.77,32848.13,1929.41,2.13,-0.5435,905.57,458.19,218.28,1500.0,1000.69,916.11,0.3574,469.35,594.09,93.87,1032.57,1.2658,0.0612,4.557,2.7514,21.0,0.0,0.0,BENIGN_WEB
31.2916,47.0,13.0,34.0,49630.21,8677.48,40952.73,1586.06,1.5,-0.6503,1055.96,542.07,242.86,1500.0,1129.26,968.8,0.3444,665.78,1147.2,133.16,1464.71,1.7231,0.0356,4.409,2.3149,14.0,0.0,0.0,BENIGN_WEB
10.5086,594.0,533.0,61.0,857777.45,777841.95,79935.5,81626.48,56.53,0.8136,1444.07,159.38,1205.0,1500.0,1613.41,1299.71,0.3436,35.75,13.72,7.15,78.65,0.3837,0.1772,2.3981,3.2212,22.0,0.0,0.0,DATA_EXFILTRATION
21.8767,28.0,8.0,20.0,21218.21,5303.8,15914.41,969.9,1.28,-0.5001,757.79,571.34,40.0,1500.0,654.66,777.08,0.2303,781.31,1142.89,156.26,1718.89,1.4628,0.1171,4.8516,2.2739,18.0,0.0,0.0,BENIGN_WEB
104.9966,8.0,4.0,4.0,1933.76,897.41,1036.35,18.42,0.08,-0.0718,241.72,113.38,71.65,445.8,220.88,231.33,0.392,9517.48,508.92,1903.5,20938.46,0.0535,0.9015,2.6697,4.1623,23.0,0.0,0.0,C2_BEACONING
46.6268,9.0,4.0,5.0,2379.37,1240.7,1138.67,51.03,0.19,0.0429,264.37,123.52,79.09,486.72,233.72,276.53,0.4016,12485.6,1284.72,2497.12,27468.32,0.1029,0.8948,2.1491,3.7391,24.0,1.0,0.0,C2_BEACONING
80.6436,18.0,9.0,9.0,5721.36,2696.47,3024.89,70.95,0.22,-0.0574,317.85,87.62,186.42,475.57,332.99,297.26,0.3029,13604.74,971.46,2720.95,29930.42,0.0714,0.9282,3.0829,3.7384,27.0,1.0,0.0,C2_BEACONING
84.2747,12.0,6.0,6.0,4595.62,2760.85,1834.77,54.53,0.14,0.2015,382.97,95.77,239.31,555.36,345.61,346.32,0.4963,11058.02,507.47,2211.6,24327.65,0.0459,0.9275,2.8518,4.2077,16.0,1.0,1.0,C2_BEACONING
9.3599,67.0,23.0,44.0,55451.17,9086.93,46364.24,5924.32,7.16,-0.6723,827.63,426.93,187.23,1500.0,786.37,913.35,0.5185,139.7,111.34,27.94,307.34,0.797,0.0824,3.923,2.3872,10.0,0.0,0.0,BENIGN_WEB
13.2098,31.0,10.0,21.0,22116.1,4798.15,17317.95,1674.22,2.35,-0.5661,713.42,554.42,40.0,1500.0,697.34,668.57,0.292,426.12,660.14,85.22,937.47,1.5492,0.0955,5.026,2.4337,20.0,0.0,0.0,BENIGN_WEB
55.6394,25.0,12.0,13.0,7455.48,3301.09,4154.38,134.0,0.45,-0.1145,298.22,53.03,218.67,393.67,303.32,336.53,0.4125,14150.41,191.95,2830.08,31130.91,0.0136,0.9361,2.1397,3.5633,17.0,1.0,1.0,C2_BEACONING
15.4562,79.0,26.0,53.0,57836.32,5854.96,51981.36,3741.95,5.11,-0.7975,732.11,432.22,83.78,1500.0,776.87,834.23,0.4504,195.65,137.09,39.13,430.43,0.7007,0.0119,3.8495,2.8481,18.0,0.0,0.0,BENIGN_WEB
1.8965,79.0,29.0,50.0,52558.89,8814.32,43744.57,27712.98,41.65,-0.6646,665.3,437.74,40.0,1453.24,740.27,755.05,0.197,24.01,31.85,4.8,52.82,1.3267,0.028,4.7789,2.3811,19.0,0.0,0.0,BENIGN_WEB
15.1415,16.0,6.0,10.0,11107.77,3034.39,8073.38,733.6,1.06,-0.4536,694.24,517.91,40.0,1500.0,680.97,773.66,0.2484,946.34,668.35,189.27,2081.95,0.7062,0.0881,4.4829,2.697,11.0,0.0,0.0,BENIGN_WEB
30.2851,80.0,26.0,54.0,83140.36,17115.84,66024.51,2745.26,2.64,-0.5883,1039.25,575.94,175.35,1500.0,949.65,1054.33,0.3604,378.56,550.82,75.71,832.84,1.455,0.1131,4.3779,2.8187,14.0,0.0,0.0,BENIGN_WEB
5.2039,40.0,15.0,25.0,30839.33,4251.05,26588.28,5926.22,7.69,-0.7243,770.98,367.59,219.6,1432.65,782.61,689.53,0.3518,130.1,128.54,26.02,286.21,0.988,0.0905,4.0583,2.9822,21.0,0.0,0.0,BENIGN_WEB
78.9787,8.0,4.0,4.0,2127.33,1232.24,895.09,26.94,0.1,0.1585,265.92,139.97,55.96,517.86,274.68,267.87,0.5797,25965.01,2107.41,5193.0,57123.02,0.0812,0.93,2.9678,3.8009,23.0,1.0,0.0,C2_BEACONING
38.5224,11.0,5.0,6.0,3053.71,1766.45,1287.27,79.27,0.29,0.1569,277.61,139.3,68.67,528.34,256.28,312.11,0.3381,7229.77,395.9,1445.95,15905.5,0.0548,0.9372,2.1833,3.7684,29.0,1.0,1.0,C2_BEACONING
20.4209,28.0,10.0,18.0,23113.23,5833.79,17279.44,1131.84,1.37,-0.4952,825.47,461.26,133.59,1500.0,856.99,758.86,0.3615,729.32,1258.31,145.86,1604.5,1.7253,0.1169,3.7371,2.6347,19.0,0.0,0.0,BENIGN_WEB
9.827,43.0,14.0,29.0,29271.61,6761.06,22510.56,2978.68,4.38,-0.538,680.74,576.51,40.0,1500.0,735.01,774.55,0.1811,228.54,328.42,45.71,502.78,1.4371,0.1249,4.134,2.725,13.0,0.0,0.0,BENIGN_WEB
17.328,49.0,19.0,30.0,30867.39,7230.3,23637.1,1781.36,2.83,-0.5315,629.95,357.14,94.24,1272.79,543.89,722.85,0.1914,353.63,509.35,70.73,777.99,1.4403,0.1166,4.1351,2.5155,20.0,0.0,0.0,BENIGN_WEB
21.2814,57.0,19.0,38.0,52604.53,15101.6,37502.92,2471.86,2.68,-0.4258,922.89,332.68,423.87,1500.0,814.27,1014.17,0.2557,373.36,595.93,74.67,821.39,1.5961,0.0553,4.1202,2.7253,12.0,0.0,0.0,BENIGN_WEB
14.7736,29.0,11.0,18.0,30518.22,3368.08,27150.15,2065.72,1.96,-0.7793,1052.35,418.83,424.11,1500.0,905.96,1050.81,0.4227,509.44,617.77,101.89,1120.76,1.2126,0.0177,4.154,3.0211,18.0,0.0,0.0,BENIGN_WEB
2.5355,62.0,24.0,38.0,46293.4,8860.76,37432.64,18258.32,24.45,-0.6172,746.67,445.51,78.4,1500.0,662.8,740.97,0.4221,40.89,47.85,8.18,89.97,1.1701,0.1391,4.996,2.3325,14.0,0.0,0.0,BENIGN_WEB
9.7933,71.0,20.0,51.0,52308.78,13676.77,38632.01,5341.27,7.25,-0.4771,736.74,499.74,40.0,1500.0,715.79,702.6,0.212,137.93,149.13,27.59,303.46,1.0812,0.104,4.0676,2.8985,18.0,0.0,0.0,BENIGN_WEB
42.2722,845.0,746.0,99.0,1191547.65,1125199.27,66348.38,28187.53,19.99,0.8886,1410.12,227.81,1068.41,1500.0,1468.88,1215.19,0.5801,31.47,16.89,6.29,69.23,0.5368,0.1609,2.6487,3.3807,26.0,1.0,0.0,DATA_EXFILTRATION
5.6454,53.0,15.0,38.0,53168.02,11168.82,41999.2,9417.95,9.39,-0.5799,1003.17,578.98,134.7,1500.0,1024.24,914.16,0.2563,106.52,159.88,21.3,234.34,1.501,0.0597,5.0533,2.9828,16.0,0.0,0.0,BENIGN_WEB
21.3138,50.0,15.0,35.0,42521.34,7687.45,34833.89,1995.02,2.35,-0.6384,850.43,527.74,58.81,1500.0,859.79,786.21,0.4738,426.28,467.28,85.26,937.81,1.0962,0.1224,3.7903,2.9344,9.0,0.0,0.0,BENIGN_WEB
15.6451,27.0,8.0,19.0,18386.04,3408.69,14977.35,1175.19,1.73,-0.6292,680.96,439.37,40.0,1471.84,698.22,737.63,0.3802,579.45,725.14,115.89,1274.79,1.2514,0.0781,4.9536,2.5316,9.0,0.0,0.0,BENIGN_WEB
21.8357,73.0,29.0,44.0,64689.62,12313.14,52376.48,2962.56,3.34,-0.6193,886.16,433.66,235.66,1500.0,755.73,940.29,0.2125,299.12,392.9,59.82,658.06,1.3135,0.1145,4.1519,3.0019,19.0,0.0,0.0,BENIGN_WEB
48.107,1489.0,1336.0,153.0,1825281.19,1719674.66,105606.53,37942.14,30.95,0.8843,1225.84,137.86,1019.05,1473.99,1187.74,1262.7,0.2518,25.75,7.09,5.15,56.65,0.2755,0.2416,2.8685,3.2491,27.0,0.0,0.0,DATA_EXFILTRATION
92.0933,8.0,4.0,4.0,2345.78,1495.12,850.66,25.47,0.09,0.2747,293.22,127.13,102.52,522.06,302.84,331.09,0.1821,6033.15,132.4,1206.63,13272.93,0.0219,0.9882,2.3163,4.0551,29.0,1.0,0.0,C2_BEACONING
24.7112,68.0,22.0,46.0,69504.91,7611.83,61893.08,2812.69,2.75,-0.781,1022.13,558.87,183.83,1500.0,1087.32,930.05,0.568,363.4,266.53,72.68,799.48,0.7334,0.019,3.6813,2.4793,21.0,0.0,0.0,BENIGN_WEB
100.5574,12.0,6.0,6.0,4092.04,2197.94,1894.1,40.69,0.12,0.0743,341.0,101.0,189.5,522.81,292.46,294.48,0.3128,5281.52,369.36,1056.3,11619.35,0.0699,0.9403,2.8774,3.7125,15.0,1.0,1.0,C2_BEACONING
26.0912,193.0,164.0,29.0,264845.97,241973.84,22872.13,10150.79,7.4,0.8273,1372.26,150.88,1145.93,1500.0,1322.97,1184.84,0.5097,37.02,14.39,7.4,81.43,0.3887,0.1384,2.0341,3.0284,16.0,1.0,0.0,DATA_EXFILTRATION
6.0392,952.0,827.0,125.0,1195586.12,1161412.61,34173.51,197972.08,157.64,0.9428,1255.87,193.23,966.03,1500.0,1109.4,1267.1,0.5884,31.02,19.04,6.2,68.23,0.6139,0.2361,2.66,3.2633,27.0,0.0,0.0,DATA_EXFILTRATION
5.2208,79.0,29.0,50.0,82760.87,18608.94,64151.93,15852.1,15.13,-0.5503,1047.61,360.15,507.37,1500.0,1171.67,1157.16,0.4463,66.09,99.27,13.22,145.39,1.5021,0.0699,3.6618,2.827,11.0,0.0,0.0,BENIGN_WEB
43.6358,11.0,5.0,6.0,2800.92,1607.71,1193.2,64.19,0.25,0.148,254.63,136.03,50.59,499.48,288.13,256.3,0.3732,12067.61,1291.76,2413.52,26548.75,0.107,0.9618,2.236,3.8398,22.0,1.0,0.0,C2_BEACONING
103.2709,16.0,8.0,8.0,3971.08,1996.87,1974.21,38.45,0.15,0.0057,248.19,126.38,58.63,475.67,258.53,226.36,0.2161,9858.52,472.1,1971.7,21688.75,0.0479,0.8955,2.288,3.9702,17.0,1.0,1.0,C2_BEACONING
54.5005,12.0,6.0,6.0,2734.3,1744.49,989.81,50.17,0.22,0.276,227.86,96.62,82.93,401.77,233.37,210.99,0.2249,18039.06,1092.97,3607.81,39685.94,0.0606,0.9389,2.5553,3.6209,19.0,0.0,1.0,C2_BEACONING
35.8108,16.0,8.0,8.0,6070.05,3983.17,2086.88,169.5,0.45,0.3124,379.38,137.33,173.38,626.57,369.8,351.74,0.4705,26867.57,2733.36,5373.51,59108.66,0.1017,0.9799,2.3099,3.8534,29.0,0.0,0.0,C2_BEACONING
28.8143,990.0,812.0,178.0,1345271.89,1218698.19,126573.7,46687.6,34.36,0.8118,1358.86,139.23,1150.02,1500.0,1390.94,1210.54,0.2395,28.47,8.8,5.69,62.64,0.309,0.1963,2.0965,3.139,27.0,1.0,0.0,DATA_EXFILTRATION
50.3533,8.0,4.0,4.0,2709.26,1280.49,1428.77,53.8,0.16,-0.0547,338.66,59.53,249.37,445.81,298.0,360.48,0.2943,27847.9,780.58,5569.58,61265.38,0.028,0.9616,2.5854,3.4761,22.0,1.0,0.0,C2_BEACONING
25.697,65.0,21.0,44.0,67822.5,11469.98,56352.52,2639.31,2.53,-0.6618,1043.42,382.17,470.16,1500.0,1176.98,955.49,0.433,395.34,299.87,79.07,869.75,0.7585,0.04,4.6647,2.1164,11.0,0.0,0.0,BENIGN_WEB
8.2799,33.0,12.0,21.0,30331.29,3896.57,26434.73,3663.24,3.99,-0.7431,919.13,523.05,134.55,1500.0,841.8,782.5,0.3853,250.91,324.54,50.18,551.99,1.2935,0.0461,3.6874,2.7139,11.0,0.0,0.0,BENIGN_WEB
81.6534,10.0,5.0,5.0,3130.72,1650.35,1480.37,38.34,0.12,0.0543,313.07,72.25,204.7,443.12,290.05,307.02,0.5163,16817.01,386.28,3363.4,36997.43,0.023,0.9093,2.237,4.1716,18.0,1.0,0.0,C2_BEACONING
27.8384,70.0,23.0,47.0,70589.97,6648.94,63941.02,2535.71,2.51,-0.8116,1008.43,458.62,320.5,1500.0,983.28,1000.96,0.5877,397.69,327.98,79.54,874.92,0.8247,0.1002,3.9548,2.9293,10.0,0.0,0.0,BENIGN_WEB
68.3357,21.0,10.0,11.0,4752.41,2482.97,2269.44,69.54,0.31,0.0449,226.31,45.07,158.69,307.44,220.38,248.1,0.5297,5750.23,67.39,1150.05,12650.51,0.0117,0.913,2.274,3.7551,18.0,1.0,0.0,C2_BEACONING
29.9661,14.0,7.0,7.0,5203.43,3284.4,1919.04,173.64,0.47,0.2624,371.67,125.66,183.18,597.86,358.9,420.39,0.4897,9615.91,178.23,1923.18,21155.01,0.0185,0.9466,2.7182,4.2007,20.0,1.0,0.0,C2_BEACONING
109.9076,18.0,9.0,9.0,4822.32,2651.78,2170.54,43.88,0.16,0.0998,267.91,88.24,135.55,426.74,294.99,242.44,0.4368,27801.44,1678.65,5560.29,61163.16,0.0604,0.9198,3.0664,3.9902,32.0,1.0,0.0,C2_BEACONING
8.7552,75.0,24.0,51.0,79883.22,22034.14,57849.08,9124.09,8.57,-0.4483,1065.11,545.5,246.85,1500.0,910.18,922.57,0.6139,116.74,188.84,23.35,256.82,1.6177,0.0877,3.8941,2.3915,12.0,0.0,0.0,BENIGN_WEB
40.3703,1493.0,1292.0,201.0,1858916.66,1654484.16,204432.5,46046.64,36.98,0.7801,1245.09,163.55,999.76,1500.0,1333.32,1128.05,0.4767,16.28,5.26,3.26,35.81,0.3235,0.1203,2.6777,3.4475,20.0,0.0,0.0,DATA_EXFILTRATION
11.8877,67.0,26.0,41.0,59435.44,12521.9,46913.54,4999.74,5.64,-0.5786,887.1,444.34,220.58,1500.0,958.8,851.95,0.1963,177.43,228.04,35.49,390.34,1.2852,0.0197,4.1649,2.5762,13.0,0.0,0.0,BENIGN_WEB
7.3877,55.0,19.0,36.0,36594.83,9057.68,27537.14,4953.5,7.44,-0.505,665.36,529.25,40.0,1500.0,757.55,764.08,0.56,134.32,207.84,26.86,295.51,1.5473,0.0184,4.9094,2.2745,10.0,0.0,0.0,BENIGN_WEB
12.296,69.0,23.0,46.0,61374.51,9125.55,52248.96,4991.41,5.61,-0.7026,889.49,454.87,207.18,1500.0,897.53,857.42,0.3809,178.2,155.05,35.64,392.05,0.8701,0.0587,4.9708,2.9071,21.0,0.0,0.0,BENIGN_WEB
47.78,14.0,7.0,7.0,5151.41,2734.53,2416.88,107.82,0.29,0.0617,367.96,65.34,269.95,485.57,412.93,361.76,0.6013,23117.03,1001.31,4623.41,50857.46,0.0433,0.9022,2.4474,3.5437,27.0,1.0,0.0,C2_BEACONING
85.2541,19.0,9.0,10.0,6825.46,3913.14,2912.32,80.06,0.22,0.1466,359.23,109.45,195.06,556.24,367.16,411.93,0.4372,9176.34,311.43,1835.27,20187.95,0.0339,0.9111,2.1023,4.0802,32.0,1.0,1.0,C2_BEACONING
23.0255,29.0,9.0,20.0,21948.61,6332.66,15615.95,953.23,1.26,-0.423,756.85,504.79,40.0,1500.0,678.55,659.41,0.3158,793.98,1198.06,158.8,1746.76,1.5089,0.0625,3.6543,2.5533,17.0,0.0,0.0,BENIGN_WEB
6.5258,67.0,20.0,47.0,64282.63,18358.76,45923.88,9850.58,10.27,-0.4288,959.44,563.39,114.35,1500.0,824.18,999.31,0.2759,97.4,93.09,19.48,214.28,0.9557,0.0668,4.7074,2.9378,15.0,0.0,0.0,BENIGN_WEB
14.3884,49.0,16.0,33.0,52878.51,12722.87,40155.64,3675.07,3.41,-0.5188,1079.15,422.66,445.16,1500.0,1060.98,1124.92,0.4929,293.64,256.27,58.73,646.01,0.8727,0.1273,3.6037,2.7403,17.0,0.0,0.0,BENIGN_WEB
100.1681,18.0,9.0,9.0,5731.15,3183.65,2547.5,57.22,0.18,0.111,318.4,134.85,116.12,561.13,294.08,294.67,0.5231,8287.95,545.34,1657.59,18233.49,0.0658,0.9572,2.9249,4.2273,22.0,1.0,1.0,C2_BEACONING
30.155,16.0,8.0,8.0,6363.23,3561.33,2801.91,211.02,0.53,0.1193,397.7,136.57,192.85,643.53,372.1,421.54,0.4549,6022.55,411.15,1204.51,13249.6,0.0683,0.8814,2.7946,3.9986,16.0,1.0,1.0,C2_BEACONING
15.7975,29.0,11.0,18.0,30341.3,8379.66,21961.64,1920.64,1.84,-0.4476,1046.25,492.31,307.79,1500.0,1109.5,999.73,0.5672,544.74,826.81,108.95,1198.43,1.5178,0.0334,3.9077,2.6317,21.0,0.0,0.0,BENIGN_WEB
7.1495,52.0,18.0,34.0,35408.52,3262.87,32145.64,4952.6,7.27,-0.8157,680.93,550.31,40.0,1500.0,763.82,583.55,0.4994,137.49,192.23,27.5,302.48,1.3981,0.132,3.9167,2.822,9.0,0.0,0.0,BENIGN_WEB
30.0404,24.0,12.0,12.0,6236.25,3380.87,2855.38,207.6,0.8,0.0843,259.84,119.79,80.16,475.46,254.37,244.8,0.6126,10922.28,241.22,2184.46,24029.03,0.0221,0.9362,2.3526,3.8803,27.0,1.0,1.0,C2_BEACONING
28.2401,41.0,15.0,26.0,26562.9,5108.84,21454.06,940.61,1.45,-0.6153,647.88,464.61,40.0,1484.18,698.59,739.24,0.4637,688.78,794.52,137.76,1515.32,1.1535,0.0269,4.7711,2.3691,8.0,0.0,0.0,BENIGN_WEB
50.2559,14.0,7.0,7.0,5005.36,2334.24,2671.12,99.6,0.28,-0.0673,357.53,101.7,204.98,540.58,325.23,325.9,0.3472,11795.12,382.55,2359.02,25949.26,0.0324,0.8919,2.7361,3.9561,19.0,1.0,1.0,C2_BEACONING
105.6509,18.0,9.0,9.0,4267.59,2531.44,1736.15,40.39,0.17,0.1864,237.09,106.03,78.04,427.94,238.45,271.2,0.3591,23605.94,1588.63,4721.19,51933.07,0.0673,0.9888,2.647,3.9933,15.0,1.0,0.0,C2_BEACONING
14.3693,73.0,21.0,52.0,51021.25,9962.51,41058.73,3550.72,5.08,-0.6095,698.92,542.44,40.0,1500.0,688.52,713.41,0.5949,196.84,292.25,39.37,433.05,1.4847,0.0536,4.9655,2.9529,21.0,0.0,0.0,BENIGN_WEB
34.6315,643.0,533.0,110.0,815340.14,785350.35,29989.78,23543.34,18.57,0.9264,1268.03,125.75,1079.4,1494.38,1274.08,1107.16,0.6186,31.56,17.87,6.31,69.44,0.5663,0.1521,2.4598,3.429,15.0,1.0,0.0,DATA_EXFILTRATION
18.5905,41.0,12.0,29.0,42364.48,10085.39,32279.09,2278.83,2.21,-0.5239,1033.28,438.7,375.23,1500.0,1061.29,987.51,0.2291,453.43,789.35,90.69,997.54,1.7409,0.1323,3.9933,2.4372,8.0,0.0,0.0,BENIGN_WEB
63.127,24.0,12.0,12.0,8080.02,5134.97,2945.06,128.0,0.38,0.271,336.67,58.86,248.38,442.61,341.01,318.72,0.376,5964.45,199.24,1192.89,13121.79,0.0334,0.9335,2.8795,3.6215,16.0,0.0,0.0,C2_BEACONING
30.3979,69.0,23.0,46.0,53740.68,5560.97,48179.7,1767.91,2.27,-0.793,778.85,354.09,247.71,1416.22,682.73,690.9,0.6133,440.55,765.12,88.11,969.21,1.7367,0.0595,5.0693,2.4446,12.0,0.0,0.0,BENIGN_WEB
49.1008,218.0,190.0,28.0,278086.69,257054.75,21031.95,5663.59,4.44,0.8487,1275.63,240.96,914.18,1500.0,1203.8,1401.58,0.5489,41.83,21.46,8.37,92.02,0.513,0.275,1.9133,3.2773,20.0,1.0,0.0,DATA_EXFILTRATION
3.6603,25.0,9.0,16.0,19299.59,2971.25,16328.34,5272.73,6.83,-0.6921,771.98,406.29,162.55,1500.0,680.49,787.62,0.3742,146.41,188.17,29.28,322.1,1.2852,0.0554,4.6611,2.532,8.0,0.0,0.0,BENIGN_WEB
21.2342,21.0,8.0,13.0,19621.74,1842.71,17779.03,924.06,0.99,-0.8122,934.37,524.38,147.8,1500.0,1052.74,1038.54,0.4734,1011.15,1337.56,202.23,2224.53,1.3228,0.0235,3.7579,2.8956,16.0,0.0,0.0,BENIGN_WEB
11.4048,44.0,12.0,32.0,33509.33,3406.43,30102.9,2938.18,3.86,-0.7967,761.58,531.66,40.0,1500.0,650.21,664.94,0.3765,259.2,357.4,51.84,570.24,1.3789,0.0451,3.679,3.0477,11.0,0.0,0.0,BENIGN_WEB
17.5691,53.0,19.0,34.0,51127.04,13111.69,38015.35,2910.06,3.02,-0.4871,964.66,571.82,106.94,1500.0,1048.47,863.45,0.3539,331.49,422.47,66.3,729.28,1.2744,0.0625,4.3072,2.2344,19.0,0.0,0.0,BENIGN_WEB
17.2031,20.0,5.0,15.0,14003.81,2768.54,11235.27,814.03,1.16,-0.6046,700.19,372.93,140.79,1371.47,681.32,604.5,0.2702,860.16,942.98,172.03,1892.34,1.0963,0.0573,4.1938,2.7986,14.0,0.0,0.0,BENIGN_WEB
31.6602,72.0,28.0,44.0,71619.07,13817.83,57801.24,2262.12,2.27,-0.6141,994.71,576.35,130.19,1500.0,1088.97,956.47,0.3968,439.72,506.99,87.94,967.39,1.153,0.0883,5.0294,2.3375,18.0,0.0,0.0,BENIGN_WEB
62.812,11.0,5.0,6.0,2946.25,1596.02,1350.23,46.91,0.18,0.0834,267.84,52.67,188.83,362.65,257.12,253.2,0.2928,26185.33,2216.63,5237.07,57607.73,0.0847,0.8964,2.7988,3.6846,18.0,0.0,0.0,C2_BEACONING
13.1231,59.0,22.0,37.0,54276.73,14579.81,39696.92,4135.98,4.5,-0.4628,919.94,543.28,105.02,1500.0,937.11,1035.92,0.6199,222.42,166.6,44.48,489.33,0.749,0.0768,4.2293,2.1545,13.0,0.0,0.0,BENIGN_WEB
4.4519,55.0,18.0,37.0,43881.15,9713.6,34167.56,9856.74,12.35,-0.5573,797.84,406.58,187.97,1500.0,880.0,697.79,0.4123,80.94,77.25,16.19,178.08,0.9544,0.1131,3.8949,2.3689,15.0,0.0,0.0,BENIGN_WEB
2.0058,70.0,24.0,46.0,73486.04,12839.72,60646.32,36636.85,34.9,-0.6506,1049.8,506.19,290.51,1500.0,1026.55,1187.04,0.4462,28.65,33.75,5.73,63.04,1.178,0.0937,5.0168,2.8872,20.0,0.0,0.0,BENIGN_WEB
2.7379,34.0,13.0,21.0,33285.16,4622.14,28663.02,12157.07,12.42,-0.7223,978.98,503.55,223.64,1500.0,981.12,1008.45,0.2295,80.53,117.13,16.11,177.16,1.4545,0.0266,3.9812,2.1226,11.0,0.0,0.0,BENIGN_WEB
18.6364,67.0,21.0,46.0,41693.15,11019.22,30673.93,2237.19,3.6,-0.4714,622.29,442.22,40.0,1418.29,536.72,682.79,0.4298,278.15,262.86,55.63,611.94,0.945,0.0745,3.8397,2.7788,9.0,0.0,0.0,BENIGN_WEB
6.2413,35.0,14.0,21.0,36308.78,3997.6,32311.18,5817.52,5.61,-0.7798,1037.39,535.72,233.81,1500.0,1171.87,1073.61,0.3688,178.32,225.72,35.66,392.31,1.2658,0.0658,4.1837,2.2902,19.0,0.0,0.0,BENIGN_WEB
70.2856,21.0,10.0,11.0,5078.38,3147.93,1930.45,72.25,0.3,0.2397,241.83,95.28,98.91,413.32,215.62,225.65,0.1905,23161.34,1214.77,4632.27,50954.94,0.0524,0.9818,2.2302,3.7405,18.0,1.0,0.0,C2_BEACONING
49.3964,22.0,11.0,11.0,7801.56,4435.44,3366.12,157.94,0.45,0.1371,354.62,130.98,158.15,590.38,309.89,377.08,0.6133,25829.29,915.53,5165.86,56824.45,0.0354,0.9173,2.3273,4.1328,26.0,1.0,0.0,C2_BEACONING
62.5959,8.0,4.0,4.0,2312.31,1109.21,1203.1,36.94,0.13,-0.0406,289.04,116.58,114.18,498.87,328.07,264.42,0.2558,5497.91,192.69,1099.58,12095.4,0.035,0.9124,2.1212,3.801,30.0,1.0,0.0,C2_BEACONING
25.2912,51.0,16.0,35.0,34807.36,7394.43,27412.93,1376.27,2.02,-0.5751,682.5,429.81,40.0,1456.15,632.74,755.77,0.4712,495.91,686.55,99.18,1090.99,1.3844,0.1,4.2124,2.5097,13.0,0.0,0.0,BENIGN_WEB
66.7514,15.0,7.0,8.0,5909.5,2712.61,3196.89,88.53,0.22,-0.082,393.97,107.6,232.56,587.65,440.74,337.05,0.5165,25213.61,2174.57,5042.72,55469.93,0.0862,0.9655,2.3036,4.0033,26.0,0.0,1.0,C2_BEACONING
81.1189,24.0,12.0,12.0,7106.68,4440.47,2666.21,87.61,0.3,0.2497,296.11,53.71,215.54,392.8,305.76,310.42,0.3814,9405.83,944.02,1881.17,20692.83,0.1004,0.9815,2.1766,4.2246,18.0,1.0,0.0,C2_BEACONING
49.4589,1089.0,869.0,220.0,1449900.44,1389810.62,60089.82,29315.26,22.02,0.9171,1331.41,168.96,1077.96,1500.0,1196.33,1159.83,0.5814,47.08,21.53,9.42,103.58,0.4574,0.1701,2.0028,3.6133,28.0,0.0,0.0,DATA_EXFILTRATION
9.6336,980.0,898.0,82.0,1361019.87,1258742.88,102277.0,141278.31,101.73,0.8497,1388.8,213.86,1068.01,1500.0,1295.52,1481.43,0.4977,40.04,22.08,8.01,88.08,0.5515,0.1953,2.8282,3.4996,22.0,0.0,0.0,DATA_EXFILTRATION
47.4266,18.0,9.0,9.0,4010.49,2153.33,1857.16,84.56,0.38,0.0739,222.81,77.37,106.75,362.07,199.49,223.56,0.3614,14159.92,734.01,2831.98,31151.83,0.0518,0.9343,3.0191,4.0744,21.0,1.0,1.0,C2_BEACONING
23.5046,8.0,4.0,4.0,3022.74,1602.45,1420.29,128.6,0.34,0.0603,377.84,104.16,221.6,565.33,329.74,419.01,0.2398,18672.72,1540.29,3734.54,41079.98,0.0825,0.9534,2.5629,3.8858,15.0,0.0,0.0,C2_BEACONING
30.4012,62.0,24.0,38.0,44809.42,6637.31,38172.11,1473.93,2.04,-0.7038,722.73,442.3,59.28,1500.0,633.19,767.37,0.5253,490.34,807.86,98.07,1078.75,1.6475,0.0658,4.2336,2.8445,9.0,0.0,0.0,BENIGN_WEB
10.6044,28.0,9.0,19.0,19167.96,2739.06,16428.9,1807.55,2.64,-0.7142,684.57,459.48,40.0,1500.0,688.14,731.61,0.2471,378.73,439.23,75.75,833.2,1.1598,0.0827,4.4605,2.4061,17.0,0.0,0.0,BENIGN_WEB
108.9467,13.0,6.0,7.0,3072.06,1523.38,1548.67,28.2,0.12,-0.0082,236.31,100.43,85.67,417.08,215.95,235.52,0.4378,7807.01,170.61,1561.4,17175.41,0.0219,0.9329,2.3129,4.0834,29.0,0.0,0.0,C2_BEACONING
78.1064,14.0,7.0,7.0,3238.94,1846.8,1392.14,41.47,0.18,0.1404,231.35,103.76,75.72,418.11,196.91,205.5,0.3221,25793.96,825.22,5158.79,56746.7,0.032,0.9053,2.1483,4.0435,28.0,1.0,1.0,C2_BEACONING
34.623,384.0,301.0,83.0,517834.72,503728.73,14105.99,14956.37,11.09,0.9455,1348.53,187.1,1067.88,1500.0,1214.61,1384.19,0.6072,38.87,13.26,7.77,85.52,0.341,0.1256,2.1217,3.2775,23.0,1.0,0.0,DATA_EXFILTRATION
16.6661,21.0,8.0,13.0,19140.97,4743.14,14397.84,1148.5,1.26,-0.5044,911.47,326.25,422.1,1498.72,934.09,983.22,0.421,793.62,809.4,158.72,1745.97,1.0199,0.0492,4.432,2.7904,19.0,0.0,0.0,BENIGN_WEB
31.5792,1389.0,1269.0,120.0,1778681.81,1675859.21,102822.6,56324.53,43.98,0.8844,1280.55,268.8,877.35,1500.0,1288.69,1343.89,0.2159,35.67,22.3,7.13,78.48,0.6252,0.1712,2.1483,3.383,27.0,0.0,1.0,DATA_EXFILTRATION
24.3868,77.0,30.0,47.0,76937.98,18095.52,58842.46,3154.9,3.16,-0.5296,999.19,347.34,478.19,1500.0,1076.67,1004.67,0.2296,316.71,224.68,63.34,696.77,0.7094,0.0642,3.9977,2.9731,17.0,0.0,0.0,BENIGN_WEB
41.5047,8.0,4.0,4.0,2544.64,1493.27,1051.37,61.31,0.19,0.1737,318.08,53.45,237.9,414.29,279.87,273.24,0.2908,25956.38,2428.9,5191.28,57104.03,0.0936,0.9658,3.0154,3.8976,16.0,1.0,0.0,C2_BEACONING
45.561,10.0,5.0,5.0,3562.31,1938.66,1623.65,78.19,0.22,0.0884,356.23,134.99,153.75,599.21,398.94,330.2,0.6111,12938.78,264.26,2587.76,28465.32,0.0204,0.8878,2.4096,4.0541,28.0,1.0,0.0,C2_BEACONING
29.4146,24.0,12.0,12.0,5148.97,2437.89,2711.08,175.05,0.82,-0.0531,214.54,118.78,40.0,428.35,230.39,239.74,0.3207,12217.2,492.66,2443.44,26877.84,0.0403,0.9563,2.5032,4.1792,25.0,0.0,0.0,C2_BEACONING
23.2186,35.0,10.0,25.0,25154.65,3071.46,22083.19,1083.38,1.51,-0.7558,718.7,350.87,192.4,1350.27,626.21,672.04,0.2455,663.39,646.77,132.68,1459.46,0.975,0.0543,4.503,2.8425,21.0,0.0,0.0,BENIGN_WEB
10.6256,64.0,20.0,44.0,55354.24,9565.96,45788.28,5209.51,6.02,-0.6544,864.91,527.77,73.25,1500.0,952.43,765.31,0.2397,166.03,248.09,33.21,365.26,1.4943,0.1186,4.1309,2.279,12.0,0.0,0.0,BENIGN_WEB
37.7963,994.0,787.0,207.0,1241261.55,1145591.36,95670.19,32840.86,26.3,0.8459,1248.75,192.34,960.24,1500.0,1367.72,1264.91,0.1872,38.24,21.03,7.65,84.13,0.5499,0.1422,2.465,3.0055,15.0,0.0,0.0,DATA_EXFILTRATION
6.1923,21.0,8.0,13.0,18363.15,3494.72,14868.43,2965.48,3.39,-0.6194,874.44,578.0,40.0,1500.0,862.25,969.5,0.231,294.87,287.92,58.97,648.72,0.9764,0.0595,4.6592,2.1419,10.0,0.0,0.0,BENIGN_WEB
48.966,1377.0,1224.0,153.0,1846353.52,1800739.98,45613.54,37706.82,28.12,0.9506,1340.85,155.11,1108.19,1500.0,1192.79,1535.23,0.4493,32.93,19.15,6.59,72.46,0.5814,0.2242,2.0084,3.8187,26.0,1.0,1.0,DATA_EXFILTRATION
18.5859,946.0,802.0,144.0,1189891.13,1125828.57,64062.56,64021.34,50.9,0.8923,1257.81,209.37,943.75,1500.0,1115.9,1307.5,0.4691,19.09,12.26,3.82,42.0,0.6424,0.159,2.4785,2.9737,14.0,0.0,1.0,DATA_EXFILTRATION
38.1089,21.0,10.0,11.0,7693.87,3482.54,4211.33,201.89,0.55,-0.0947,366.37,68.25,264.0,489.22,328.79,350.56,0.2413,14514.77,1254.73,2902.95,31932.48,0.0864,0.9173,2.6237,4.0936,27.0,1.0,0.0,C2_BEACONING
33.1169,1095.0,976.0,119.0,1418944.52,1347296.37,71648.14,42846.53,33.06,0.899,1295.84,157.42,1059.71,1500.0,1386.83,1280.63,0.2083,39.96,16.32,7.99,87.9,0.4085,0.2511,2.7778,3.5246,26.0,0.0,1.0,DATA_EXFILTRATION
13.0275,70.0,25.0,45.0,57490.49,12014.07,45476.42,4413.01,5.37,-0.5821,821.29,496.58,76.42,1500.0,756.58,883.43,0.3487,186.11,320.16,37.22,409.44,1.7203,0.063,4.2627,2.8644,11.0,0.0,0.0,BENIGN_WEB
27.2674,72.0,25.0,47.0,60106.46,12507.77,47598.69,2204.33,2.64,-0.5838,834.81,565.07,40.0,1500.0,766.87,734.33,0.3781,378.71,300.61,75.74,833.17,0.7938,0.0947,4.4625,2.6032,12.0,0.0,0.0,BENIGN_WEB
26.8571,61.0,23.0,38.0,64762.03,16656.53,48105.5,2411.36,2.27,-0.4856,1061.67,439.69,402.14,1500.0,921.57,1070.98,0.4683,440.28,725.18,88.06,968.62,1.6471,0.0447,4.9998,2.2093,20.0,0.0,0.0,BENIGN_WEB
54.4023,928.0,829.0,99.0,1279019.02,1201419.24,77599.78,23510.37,17.06,0.8787,1378.25,247.76,1006.61,1500.0,1314.95,1269.54,0.192,27.03,9.18,5.41,59.48,0.3397,0.1439,2.2896,3.354,17.0,1.0,0.0,DATA_EXFILTRATION
30.6182,70.0,19.0,51.0,71910.05,9211.26,62698.78,2348.61,2.29,-0.7438,1027.29,392.93,437.9,1500.0,1030.4,1023.24,0.2988,437.4,669.95,87.48,962.29,1.5316,0.0468,4.5978,2.4602,20.0,0.0,0.0,BENIGN_WEB
22.8473,79.0,33.0,46.0,78462.13,17113.32,61348.81,3434.19,3.46,-0.5638,993.19,537.0,187.69,1500.0,1074.5,1047.57,0.43,289.21,235.0,57.84,636.25,0.8126,0.1139,3.736,2.3485,9.0,0.0,0.0,BENIGN_WEB
11.7016,28.0,11.0,17.0,29492.19,4805.54,24686.65,2520.36,2.39,-0.6741,1053.29,322.5,569.55,1500.0,1202.71,974.81,0.3126,417.91,682.12,83.58,919.41,1.6322,0.1283,4.6891,2.2654,12.0,0.0,0.0,BENIGN_WEB
17.8027,644.0,504.0,140.0,916054.94,848391.36,67663.58,51456.01,36.17,0.8523,1422.45,137.41,1216.32,1500.0,1470.22,1324.03,0.3835,36.66,23.61,7.33,80.65,0.6439,0.2652,2.5565,3.3842,18.0,0.0,0.0,DATA_EXFILTRATION
27.4827,1394.0,1224.0,170.0,1893832.46,1783314.69,110517.77,68909.95,50.72,0.8833,1358.56,156.62,1123.63,1500.0,1529.66,1251.97,0.5891,23.11,8.52,4.62,50.85,0.3688,0.1409,2.4142,3.4204,14.0,0.0,1.0,DATA_EXFILTRATION
10.4478,242.0,201.0,41.0,315685.74,299043.67,16642.07,30215.42,23.16,0.8946,1304.49,269.38,900.41,1500.0,1279.88,1407.78,0.5346,12.05,6.45,2.41,26.51,0.5348,0.2436,2.3065,2.9863,23.0,0.0,0.0,DATA_EXFILTRATION
20.3809,71.0,27.0,44.0,46209.93,7758.91,38451.03,2267.32,3.48,-0.6642,650.84,323.6,165.45,1233.32,628.8,570.55,0.5262,287.05,413.95,57.41,631.52,1.4421,0.1105,3.9354,2.8003,13.0,0.0,0.0,BENIGN_WEB
47.237,17.0,8.0,9.0,5613.65,3464.71,2148.93,118.84,0.36,0.2344,330.21,91.26,193.32,494.49,377.24,327.24,0.3743,21993.26,1309.46,4398.65,48385.17,0.0595,0.9785,2.2101,3.844,15.0,1.0,1.0,C2_BEACONING
26.9222,449.0,405.0,44.0,551025.48,541536.0,9489.47,20467.32,16.68,0.9656,1227.23,279.36,808.19,1500.0,1259.94,1061.37,0.3719,22.43,13.72,4.49,49.34,0.6115,0.212,2.898,3.1044,15.0,0.0,0.0,DATA_EXFILTRATION
14.0297,1124.0,1024.0,100.0,1515327.21,1429395.15,85932.07,108008.17,80.12,0.8866,1348.16,126.53,1158.36,1500.0,1408.12,1489.76,0.5416,16.62,5.91,3.32,36.56,0.3558,0.2183,1.9687,3.4117,23.0,0.0,1.0,DATA_EXFILTRATION
63.9001,11.0,5.0,6.0,2577.65,1615.89,961.76,40.34,0.17,0.2538,234.33,103.3,79.39,420.26,256.05,219.95,0.2095,27596.0,1297.71,5519.2,60711.2,0.047,0.8866,3.0756,3.9435,31.0,1.0,1.0,C2_BEACONING
8.2198,1427.0,1297.0,130.0,1997215.1,1813670.27,183544.83,242974.85,173.6,0.8162,1399.59,233.78,1048.91,1500.0,1193.09,1604.1,0.198,30.98,10.9,6.2,68.15,0.352,0.2656,2.6199,2.9621,20.0,0.0,0.0,DATA_EXFILTRATION
15.0314,611.0,539.0,72.0,792499.11,774569.87,17929.24,52723.08,40.65,0.9548,1297.05,155.24,1064.19,1500.0,1462.25,1435.67,0.1963,32.8,11.38,6.56,72.16,0.347,0.1925,2.2632,2.9514,23.0,0.0,0.0,DATA_EXFILTRATION
15.7138,47.0,13.0,34.0,38560.97,11118.44,27442.53,2453.95,2.99,-0.4233,820.45,507.95,58.52,1500.0,923.15,853.79,0.5222,334.34,477.37,66.87,735.54,1.4278,0.0904,4.4859,2.6793,10.0,0.0,0.0,BENIGN_WEB
36.1454,18.0,9.0,9.0,5967.17,2884.74,3082.44,165.09,0.5,-0.0331,331.51,46.56,261.67,415.32,313.73,346.73,0.5232,24981.95,1236.71,4996.39,54960.3,0.0495,0.918,3.0127,4.0133,25.0,0.0,0.0,C2_BEACONING
5.9189,58.0,16.0,42.0,56833.28,8169.06,48664.23,9602.03,9.8,-0.7125,979.88,344.55,463.06,1500.0,859.11,908.43,0.2178,102.05,137.93,20.41,224.51,1.3516,0.0942,4.2455,2.9595,10.0,0.0,0.0,BENIGN_WEB
17.505,30.0,11.0,19.0,27749.24,4169.94,23579.3,1585.22,1.71,-0.6995,924.97,448.09,252.83,1500.0,918.95,1047.47,0.489,583.5,799.37,116.7,1283.7,1.37,0.0109,4.5671,2.6255,16.0,0.0,0.0,BENIGN_WEB
16.4476,70.0,28.0,42.0,72100.78,8235.7,63865.08,4383.66,4.26,-0.7716,1030.01,339.31,521.05,1500.0,1084.38,1127.71,0.3566,234.97,377.14,46.99,516.92,1.6051,0.0503,4.8932,2.6896,14.0,0.0,0.0,BENIGN_WEB
5.1055,26.0,9.0,17.0,16389.45,4314.31,12075.15,3210.15,5.09,-0.4735,630.36,367.53,79.07,1291.92,643.13,597.54,0.4712,196.37,228.41,39.27,432.01,1.1632,0.0502,4.7263,2.565,17.0,0.0,0.0,BENIGN_WEB
23.2421,78.0,27.0,51.0,67909.59,8978.81,58930.78,2921.83,3.36,-0.7356,870.64,326.19,381.34,1457.78,959.65,990.59,0.2272,297.98,342.72,59.6,655.55,1.1501,0.094,4.7894,2.5815,10.0,0.0,0.0,BENIGN_WEB
10.8606,939.0,820.0,119.0,1234443.0,1145465.57,88977.43,113662.24,86.46,0.8558,1314.64,202.51,1010.88,1500.0,1410.01,1297.27,0.4482,36.98,22.49,7.4,81.36,0.6082,0.2557,2.122,3.4728,26.0,1.0,0.0,DATA_EXFILTRATION
29.9037,17.0,8.0,9.0,6488.99,3487.51,3001.48,217.0,0.57,0.0749,381.71,67.81,279.98,503.77,362.49,381.1,0.3147,13408.59,1465.83,2681.72,29498.89,0.1093,0.8804,2.2469,3.5409,32.0,1.0,1.0,C2_BEACONING
6.6609,263.0,238.0,25.0,336036.85,326937.54,9099.32,50449.15,39.48,0.9458,1277.71,204.26,971.32,1500.0,1155.96,1401.69,0.2439,40.21,11.78,8.04,88.46,0.2931,0.1414,1.9144,3.1309,22.0,0.0,0.0,DATA_EXFILTRATION
50.4411,1431.0,1166.0,265.0,1798395.45,1699588.08,98807.37,35653.39,28.37,0.8901,1256.74,111.11,1090.08,1456.74,1149.54,1251.8,0.3975,16.68,9.05,3.34,36.69,0.5428,0.2173,2.1256,3.0177,15.0,0.0,1.0,DATA_EXFILTRATION
1.9251,28.0,9.0,19.0,21833.6,2179.63,19653.97,11341.57,14.54,-0.8003,779.77,388.11,197.61,1478.37,718.22,701.68,0.6139,68.75,109.7,13.75,151.26,1.5955,0.0978,4.1685,2.3731,13.0,0.0,0.0,BENIGN_WEB
26.2068,41.0,11.0,30.0,29487.49,3850.4,25637.09,1125.19,1.56,-0.7388,719.21,550.06,40.0,1500.0,716.27,734.73,0.379,639.19,768.05,127.84,1406.22,1.2016,0.06,5.0146,2.8196,9.0,0.0,0.0,BENIGN_WEB
23.1868,68.0,20.0,48.0,63055.7,12378.54,50677.15,2719.47,2.93,-0.6074,927.29,424.12,291.11,1500.0,879.81,954.23,0.6134,340.98,309.45,68.2,750.16,0.9075,0.1076,4.787,2.2851,15.0,0.0,0.0,BENIGN_WEB
17.8258,38.0,12.0,26.0,27365.45,5153.64,22211.81,1535.16,2.13,-0.6233,720.14,341.13,208.44,1334.18,817.88,680.81,0.5397,469.1,517.8,93.82,1032.02,1.1038,0.0405,4.1555,2.2484,14.0,0.0,0.0,BENIGN_WEB
30.6792,241.0,209.0,32.0,304736.7,277312.61,27424.09,9933.01,7.86,0.82,1264.47,260.48,873.75,1500.0,1365.98,1373.93,0.523,23.51,9.5,4.7,51.71,0.4043,0.2186,2.0305,2.9484,19.0,1.0,0.0,DATA_EXFILTRATION
11.894,15.0,4.0,11.0,14758.55,2369.03,12389.52,1240.84,1.26,-0.679,983.9,334.75,481.77,1500.0,949.96,952.45,0.3068,792.93,842.67,158.59,1744.45,1.0627,0.0822,4.3687,2.1391,18.0,0.0,0.0,BENIGN_WEB
13.4082,68.0,21.0,47.0,47213.73,13130.64,34083.09,3521.27,5.07,-0.4438,694.32,572.48,40.0,1500.0,606.6,717.64,0.3452,197.18,255.69,39.44,433.79,1.2967,0.0822,3.9943,2.4521,18.0,0.0,0.0,BENIGN_WEB
23.9495,78.0,29.0,49.0,66379.37,7614.83,58764.54,2771.64,3.26,-0.7706,851.02,537.4,44.91,1500.0,913.16,803.69,0.4196,307.04,445.31,61.41,675.5,1.4503,0.0524,3.6999,2.4417,11.0,0.0,0.0,BENIGN_WEB
41.544,22.0,11.0,11.0,4659.01,2749.54,1909.48,112.15,0.53,0.1803,211.77,49.74,137.16,301.31,195.64,199.88,0.2656,24604.61,2032.03,4920.92,54130.15,0.0826,0.9272,2.1252,3.5703,27.0,1.0,0.0,C2_BEACONING
109.0043,23.0,11.0,12.0,7794.45,3455.51,4338.94,71.51,0.21,-0.1133,338.89,130.35,143.37,573.52,377.18,363.9,0.4461,15422.25,162.59,3084.45,33928.95,0.0105,0.9474,2.4761,3.5473,18.0,1.0,0.0,C2_BEACONING
15.2418,77.0,28.0,49.0,63406.27,11257.22,52149.05,4160.03,5.05,-0.6449,823.46,516.3,49.0,1500.0,926.08,926.61,0.3261,197.95,340.91,39.59,435.48,1.7223,0.1305,4.2607,2.3509,17.0,0.0,0.0,BENIGN_WEB
107.3832,21.0,10.0,11.0,7673.83,4618.58,3055.26,71.46,0.2,0.2037,365.42,120.9,184.07,583.04,365.37,355.03,0.4695,15881.91,1458.19,3176.38,34940.2,0.0918,0.8929,2.5461,3.7455,22.0,1.0,1.0,C2_BEACONING
19.0426,42.0,13.0,29.0,36941.49,4340.27,32601.22,1939.94,2.21,-0.765,879.56,391.53,292.26,1500.0,868.41,794.07,0.4884,453.39,428.19,90.68,997.47,0.9444,0.1171,3.703,2.7528,8.0,0.0,0.0,BENIGN_WEB
21.848,55.0,17.0,38.0,48354.88,6846.6,41508.29,2213.25,2.52,-0.7168,879.18,534.71,77.11,1500.0,786.39,815.29,0.432,397.24,347.5,79.45,873.92,0.8748,0.0696,4.7451,2.9355,12.0,0.0,0.0,BENIGN_WEB
13.5153,51.0,17.0,34.0,43966.91,10359.64,33607.26,3253.13,3.77,-0.5288,862.1,488.46,129.41,1500.0,873.33,897.94,0.5235,265.01,214.96,53.0,583.01,0.8112,0.0489,4.5708,2.9554,10.0,0.0,0.0,BENIGN_WEB
25.9131,79.0,33.0,46.0,65920.48,11667.24,54253.24,2543.9,3.05,-0.646,834.44,322.42,350.8,1414.8,772.94,846.52,0.3959,328.01,252.34,65.6,721.63,0.7693,0.0791,3.6989,2.1326,19.0,0.0,0.0,BENIGN_WEB
12.5958,408.0,371.0,37.0,579364.97,533845.17,45519.79,45996.5,32.39,0.8429,1420.01,240.52,1059.22,1500.0,1256.37,1605.15,0.2726,12.99,6.44,2.6,28.58,0.4955,0.1313,2.106,2.9147,19.0,1.0,0.0,DATA_EXFILTRATION
70.458,12.0,6.0,6.0,2374.89,1421.85,953.04,33.71,0.17,0.1974,197.91,100.39,47.32,378.61,197.05,178.49,0.4919,14578.51,1110.28,2915.7,32072.72,0.0762,0.9223,2.5587,4.0297,19.0,0.0,0.0,C2_BEACONING
32.9706,513.0,419.0,94.0,652898.2,611460.61,41437.59,19802.41,15.56,0.8731,1272.71,124.28,1086.28,1496.42,1160.21,1210.7,0.4023,20.01,5.13,4.0,44.03,0.2564,0.1936,2.5893,3.0912,21.0,1.0,1.0,DATA_EXFILTRATION
30.2172,52.0,16.0,36.0,48845.39,4766.17,44079.22,1616.48,1.72,-0.8048,939.33,475.52,226.06,1500.0,952.77,1014.67,0.5336,581.1,627.24,116.22,1278.42,1.0794,0.0983,5.0524,2.1283,21.0,0.0,0.0,BENIGN_WEB
7.9935,64.0,18.0,46.0,51291.68,12990.3,38301.38,6416.7,8.01,-0.4935,801.43,541.66,40.0,1500.0,835.56,786.51,0.5438,124.9,146.89,24.98,274.78,1.1761,0.1126,4.2964,3.0537,14.0,0.0,0.0,BENIGN_WEB
4.9614,59.0,20.0,39.0,45246.02,10060.57,35185.45,9119.62,11.89,-0.5553,766.88,494.14,40.0,1500.0,764.74,778.26,0.2631,84.09,88.48,16.82,185.0,1.0521,0.0807,4.5809,2.7834,10.0,0.0,0.0,BENIGN_WEB
21.4612,54.0,22.0,32.0,44323.51,8874.21,35449.3,2065.29,2.52,-0.5996,820.81,496.41,76.19,1500.0,858.31,943.35,0.1887,397.43,444.51,79.49,874.34,1.1185,0.0647,4.1625,2.8243,21.0,0.0,0.0,BENIGN_WEB
83.0376,13.0,6.0,7.0,5201.91,2360.82,2841.1,62.65,0.16,-0.0923,400.15,120.92,218.77,617.8,361.99,412.82,0.3166,25439.03,1553.34,5087.81,55965.87,0.0611,0.9238,2.624,3.7326,21.0,1.0,0.0,C2_BEACONING
25.7806,22.0,11.0,11.0,4515.14,2037.84,2477.3,175.14,0.85,-0.0973,205.23,135.36,40.0,448.87,185.43,193.62,0.2358,5745.81,596.54,1149.16,12640.79,0.1038,0.9005,2.3203,3.5935,27.0,0.0,0.0,C2_BEACONING
15.6645,17.0,6.0,11.0,10615.13,1028.33,9586.79,677.65,1.09,-0.8063,624.42,508.51,40.0,1500.0,595.03,711.62,0.4877,921.44,754.4,184.29,2027.17,0.8187,0.0771,4.0277,2.467,18.0,0.0,0.0,BENIGN_WEB
8.9098,34.0,10.0,24.0,25720.01,2622.2,23097.81,2886.7,3.82,-0.7961,756.47,329.82,261.74,1350.15,849.96,654.31,0.4027,262.05,260.71,52.41,576.52,0.9949,0.0323,4.7836,2.6564,9.0,0.0,0.0,BENIGN_WEB
29.5834,20.0,8.0,12.0,17538.94,4896.3,12642.65,592.86,0.68,-0.4417,876.95,376.62,312.02,1500.0,990.87,897.12,0.3061,1479.17,1847.49,295.83,3254.17,1.249,0.0232,3.6935,2.8642,19.0,0.0,0.0,BENIGN_WEB
31.1239,57.0,21.0,36.0,48903.54,11870.1,37033.44,1571.25,1.83,-0.5146,857.96,511.21,91.14,1500.0,793.5,839.99,0.5048,546.03,615.97,109.21,1201.27,1.1281,0.0112,4.773,2.5725,11.0,0.0,0.0,BENIGN_WEB
21.6237,44.0,17.0,27.0,38463.29,8656.72,29806.57,1778.75,2.03,-0.5499,874.17,527.72,82.59,1500.0,939.63,887.95,0.5309,491.45,500.65,98.29,1081.19,1.0187,0.0287,4.8474,2.7085,17.0,0.0,0.0,BENIGN_WEB
78.9983,15.0,7.0,8.0,3275.98,1851.7,1424.28,41.47,0.19,0.1305,218.4,126.01,40.0,445.22,235.66,227.07,0.3853,18903.37,1917.37,3780.67,41587.42,0.1014,0.9894,2.5906,3.8485,24.0,0.0,0.0,C2_BEACONING
4.2627,73.0,23.0,50.0,77877.02,16418.36,61458.66,18269.25,17.13,-0.5784,1066.81,472.97,357.35,1500.0,947.07,908.2,0.5929,58.39,52.07,11.68,128.47,0.8917,0.043,4.2669,3.0766,16.0,0.0,0.0,BENIGN_WEB
54.3254,9.0,4.0,5.0,2064.77,1058.75,1006.02,38.01,0.17,0.0255,229.42,110.03,64.37,427.48,220.54,231.07,0.5436,27554.88,2896.05,5510.98,60620.73,0.1051,0.9762,2.2557,4.2042,16.0,0.0,0.0,C2_BEACONING
98.4819,11.0,5.0,6.0,3068.54,2009.04,1059.5,31.16,0.11,0.3094,278.96,73.77,168.31,411.74,274.72,287.56,0.2675,9862.43,862.98,1972.49,21697.35,0.0875,0.9155,2.9043,3.4609,25.0,1.0,0.0,C2_BEACONING
27.8122,53.0,16.0,37.0,35704.71,5504.9,30199.8,1283.78,1.91,-0.6916,673.67,502.35,40.0,1500.0,754.02,592.82,0.3816,524.76,460.54,104.95,1154.47,0.8776,0.0164,5.0557,2.1403,12.0,0.0,0.0,BENIGN_WEB
36.9061,1596.0,1322.0,274.0,2158961.52,2134949.04,24012.48,58498.83,43.24,0.9778,1352.73,182.43,1079.09,1500.0,1259.6,1496.39,0.5526,45.1,28.62,9.02,99.23,0.6346,0.2487,2.2201,3.1528,18.0,0.0,0.0,DATA_EXFILTRATION
97.6839,18.0,9.0,9.0,6226.95,3151.82,3075.13,63.75,0.18,0.0123,345.94,89.49,211.71,507.01,332.9,303.8,0.3857,27214.77,1108.42,5442.95,59872.49,0.0407,0.9516,2.5536,3.6427,16.0,0.0,0.0,C2_BEACONING
18.5948,82.0,31.0,51.0,59466.17,17132.62,42333.55,3198.01,4.41,-0.4238,725.2,500.78,40.0,1500.0,782.74,816.86,0.5245,226.77,253.73,45.35,498.88,1.1189,0.126,4.1431,2.4537,17.0,0.0,0.0,BENIGN_WEB
10.5278,47.0,16.0,31.0,35457.73,6741.49,28716.23,3368.0,4.46,-0.6197,754.42,346.78,234.25,1378.62,782.42,826.16,0.3369,224.0,304.38,44.8,492.79,1.3589,0.0501,4.5847,2.105,21.0,0.0,0.0,BENIGN_WEB
3.8329,73.0,29.0,44.0,47932.62,7469.14,40463.48,12505.46,19.05,-0.6883,656.61,576.14,40.0,1500.0,737.21,596.83,0.593,52.51,60.34,10.5,115.51,1.1492,0.1317,5.0118,2.1401,10.0,0.0,0.0,BENIGN_WEB
30.6237,33.0,9.0,24.0,32068.02,7111.92,24956.1,1047.16,1.08,-0.5564,971.76,384.46,395.07,1500.0,1038.76,874.13,0.6057,927.99,1430.07,185.6,2041.58,1.541,0.1132,4.06,2.2933,14.0,0.0,0.0,BENIGN_WEB
36.2436,240.0,220.0,20.0,314120.46,303092.56,11027.9,8666.92,6.62,0.9298,1308.84,209.95,993.91,1500.0,1245.49,1127.65,0.6188,13.97,7.94,2.79,30.74,0.5684,0.1969,1.9994,3.376,18.0,0.0,0.0,DATA_EXFILTRATION
28.306,1059.0,941.0,118.0,1292301.01,1209904.5,82396.51,45654.64,37.41,0.8725,1220.3,126.41,1030.69,1447.83,1334.23,1051.54,0.3793,44.96,10.21,8.99,98.91,0.2271,0.1947,2.1187,3.3145,24.0,1.0,1.0,DATA_EXFILTRATION
10.4193,23.0,8.0,15.0,19728.1,2317.6,17410.5,1893.42,2.21,-0.765,857.74,542.23,44.4,1500.0,858.58,828.48,0.4453,453.01,433.12,90.6,996.63,0.9561,0.1372,4.4166,2.2201,21.0,0.0,0.0,BENIGN_WEB
20.6571,172.0,154.0,18.0,245108.07,225328.67,19779.4,11865.53,8.33,0.8386,1425.05,117.7,1248.49,1500.0,1315.42,1373.35,0.3277,16.88,6.72,3.38,37.13,0.398,0.2483,2.4987,3.4802,16.0,0.0,0.0,DATA_EXFILTRATION
27.9986,56.0,20.0,36.0,47660.09,4758.81,42901.28,1702.23,2.0,-0.8003,851.07,448.45,178.4,1500.0,803.17,813.39,0.1955,499.98,678.38,100.0,1099.95,1.3568,0.0574,3.6124,2.3656,19.0,0.0,0.0,BENIGN_WEB
4.353,43.0,15.0,28.0,27041.72,5852.01,21189.71,6212.16,9.88,-0.5672,628.88,428.32,40.0,1399.85,570.59,632.53,0.4916,101.23,90.38,20.25,222.71,0.8928,0.1356,4.0263,2.9774,11.0,0.0,0.0,BENIGN_WEB
55.9072,24.0,12.0,12.0,5226.45,2781.96,2444.49,93.48,0.43,0.0646,217.77,59.11,129.11,324.16,217.9,234.8,0.5438,15260.04,1174.91,3052.01,33572.09,0.077,0.9424,2.2963,3.7916,26.0,1.0,1.0,C2_BEACONING
30.0309,39.0,11.0,28.0,35422.92,7830.5,27592.42,1179.55,1.3,-0.5579,908.28,424.95,270.86,1500.0,888.47,881.63,0.2848,770.02,919.44,154.0,1694.05,1.194,0.0578,4.2704,2.1746,20.0,0.0,0.0,BENIGN_WEB
62.1956,19.0,9.0,10.0,6681.42,3070.37,3611.04,107.43,0.31,-0.0809,351.65,84.25,225.28,503.3,303.04,386.65,0.2122,25293.26,2397.42,5058.65,55645.18,0.0948,0.8907,2.8967,3.5642,19.0,1.0,0.0,C2_BEACONING
24.0052,37.0,13.0,24.0,29842.11,7752.37,22089.74,1243.15,1.54,-0.4804,806.54,320.35,326.03,1383.16,840.34,775.66,0.4266,648.79,913.77,129.76,1427.34,1.4084,0.0535,3.7886,3.0028,9.0,0.0,0.0,BENIGN_WEB
6.9322,80.0,25.0,55.0,51565.97,13632.75,37933.21,7438.57,11.54,-0.4713,644.57,508.59,40.0,1500.0,675.67,651.32,0.393,86.65,131.08,17.33,190.64,1.5127,0.1383,4.8351,2.7903,21.0,0.0,0.0,BENIGN_WEB
76.1687,20.0,10.0,10.0,5139.94,2732.76,2407.18,67.48,0.26,0.0633,257.0,48.65,184.03,344.56,259.43,271.7,0.4481,17124.18,993.05,3424.84,37673.19,0.058,0.9231,2.6503,3.9807,23.0,1.0,0.0,C2_BEACONING
13.3081,34.0,10.0,24.0,22932.84,2734.22,20198.62,1723.23,2.55,-0.7615,674.5,506.54,40.0,1500.0,628.26,653.09,0.25,391.41,678.9,78.28,861.11,1.7345,0.0104,4.8726,2.4978,10.0,0.0,0.0,BENIGN_WEB
30.9675,40.0,16.0,24.0,35226.68,8540.31,26686.38,1137.54,1.29,-0.5151,880.67,578.93,40.0,1500.0,910.93,801.24,0.3504,774.19,542.27,154.84,1703.22,0.7004,0.0947,4.6538,2.1522,13.0,0.0,0.0,BENIGN_WEB
24.356,742.0,665.0,77.0,949790.4,918855.5,30934.9,38996.1,30.46,0.9349,1280.04,263.15,885.31,1500.0,1122.2,1262.56,0.1895,35.18,13.26,7.04,77.4,0.377,0.1945,2.4839,3.4345,17.0,1.0,0.0,DATA_EXFILTRATION
60.885,10.0,5.0,5.0,3341.15,1589.72,1751.44,54.88,0.16,-0.0484,334.12,71.49,226.87,462.81,341.29,314.76,0.5002,17634.65,1500.71,3526.93,38796.24,0.0851,0.9711,2.6161,3.6008,17.0,1.0,0.0,C2_BEACONING
53.964,821.0,742.0,79.0,1063582.49,1038464.28,25118.21,19709.12,15.21,0.9528,1295.47,209.79,980.78,1500.0,1150.39,1171.26,0.5084,34.85,15.89,6.97,76.68,0.456,0.2386,2.2029,2.9381,22.0,0.0,1.0,DATA_EXFILTRATION
15.6679,81.0,29.0,52.0,79654.27,13625.03,66029.24,5083.92,5.17,-0.6579,983.39,478.22,266.06,1500.0,989.29,919.19,0.191,193.43,287.8,38.69,425.55,1.4879,0.0496,3.9787,2.3651,14.0,0.0,0.0,BENIGN_WEB
30.6131,67.0,21.0,46.0,59426.93,10983.17,48443.76,1941.23,2.19,-0.6304,886.97,340.28,376.55,1499.47,774.37,780.6,0.5837,456.91,577.24,91.38,1005.21,1.2633,0.0597,4.6369,2.3434,17.0,0.0,0.0,BENIGN_WEB
76.4784,10.0,5.0,5.0,3635.23,2365.2,1270.03,47.53,0.13,0.3013,363.52,133.31,163.56,603.48,373.46,344.11,0.4484,13724.0,846.15,2744.8,30192.8,0.0617,0.9879,2.6541,4.1648,25.0,0.0,0.0,C2_BEACONING
3.1948,50.0,15.0,35.0,47618.5,12138.43,35480.07,14904.82,15.65,-0.4902,952.37,533.06,152.78,1500.0,859.37,902.88,0.3415,63.9,92.15,12.78,140.57,1.4422,0.0596,4.2132,2.3604,9.0,0.0,0.0,BENIGN_WEB
13.6084,81.0,26.0,55.0,68032.92,17788.56,50244.35,4999.34,5.95,-0.4771,839.91,376.68,274.89,1500.0,829.7,885.93,0.1883,168.0,245.56,33.6,369.61,1.4616,0.1291,3.7284,2.1788,8.0,0.0,0.0,BENIGN_WEB
18.1007,71.0,20.0,51.0,50066.63,7477.13,42589.5,2766.0,3.92,-0.7013,705.16,514.72,40.0,1500.0,709.38,798.92,0.2627,254.94,341.6,50.99,560.87,1.3399,0.1122,4.7903,2.4837,17.0,0.0,0.0,BENIGN_WEB
41.843,1100.0,982.0,118.0,1587319.0,1425695.67,161623.32,37935.1,26.29,0.7964,1443.02,209.4,1128.92,1500.0,1603.46,1338.98,0.2024,19.64,8.96,3.93,43.21,0.4563,0.2634,2.3307,3.687,28.0,1.0,0.0,DATA_EXFILTRATION
10.4484,66.0,24.0,42.0,69742.08,12417.11,57324.98,6674.91,6.32,-0.6439,1056.7,324.14,570.49,1500.0,937.6,912.82,0.2666,158.31,249.13,31.66,348.28,1.5737,0.0557,4.3661,2.7159,14.0,0.0,0.0,BENIGN_WEB
62.5724,17.0,8.0,9.0,5043.46,2901.98,2141.48,80.6,0.27,0.1508,296.67,86.95,166.25,453.19,298.59,340.85,0.4911,26619.17,1506.96,5323.83,58562.18,0.0566,0.9546,2.9198,3.6176,32.0,1.0,0.0,C2_BEACONING
6.2402,750.0,605.0,145.0,992877.13,894413.97,98463.17,159110.55,120.19,0.8017,1323.84,163.58,1078.46,1500.0,1328.45,1389.41,0.3502,20.51,7.26,4.1,45.13,0.3539,0.2661,2.5751,3.8239,18.0,1.0,0.0,DATA_EXFILTRATION
10.5434,25.0,9.0,16.0,24660.64,2793.96,21866.68,2338.97,2.37,-0.7734,986.43,497.93,239.53,1500.0,1034.23,872.55,0.268,421.73,330.32,84.35,927.82,0.7833,0.0261,3.6645,2.9422,15.0,0.0,0.0,BENIGN_WEB
11.7541,48.0,16.0,32.0,47366.16,11072.78,36293.38,4029.75,4.08,-0.5325,986.8,466.87,286.49,1500.0,991.27,942.29,0.5943,244.88,221.81,48.98,538.73,0.9058,0.0208,4.2643,2.1646,10.0,0.0,0.0,BENIGN_WEB
77.55,20.0,10.0,10.0,6947.56,4204.83,2742.73,89.59,0.26,0.2104,347.38,55.02,264.85,446.42,378.13,389.63,0.609,25084.96,775.25,5016.99,55186.92,0.0309,0.9375,2.2427,3.8092,18.0,0.0,0.0,C2_BEACONING
31.3791,29.0,9.0,20.0,23980.59,3684.55,20296.04,764.22,0.92,-0.6927,826.92,482.09,103.79,1500.0,803.08,780.83,0.5874,1082.04,1787.0,216.41,2380.48,1.6515,0.0621,4.6762,2.7287,12.0,0.0,0.0,BENIGN_WEB
12.5882,58.0,22.0,36.0,58743.17,9209.8,49533.38,4666.54,4.61,-0.6864,1012.81,461.52,320.53,1500.0,1003.16,1097.18,0.6049,217.04,184.24,43.41,477.48,0.8489,0.1201,4.9203,2.7096,8.0,0.0,0.0,BENIGN_WEB
50.2565,10.0,5.0,5.0,2076.78,1004.65,1072.13,41.32,0.2,-0.0325,207.68,49.48,133.45,296.75,209.82,221.68,0.5765,9460.48,749.77,1892.1,20813.05,0.0793,0.9363,2.2598,3.7218,31.0,1.0,0.0,C2_BEACONING
22.4865,22.0,11.0,11.0,8507.07,4385.84,4121.23,378.32,0.98,0.0311,386.68,138.25,179.31,635.53,374.4,372.43,0.3677,10480.8,301.11,2096.16,23057.76,0.0287,0.8899,2.2176,3.6477,22.0,1.0,0.0,C2_BEACONING
10.303,31.0,8.0,23.0,26560.14,6738.89,19821.24,2577.91,3.01,-0.4926,856.78,562.76,40.0,1500.0,945.64,900.5,0.3252,332.35,244.49,66.47,731.18,0.7356,0.0127,5.0612,2.1891,9.0,0.0,0.0,BENIGN_WEB
13.8617,63.0,25.0,38.0,67707.28,10677.87,57029.42,4884.47,4.54,-0.6846,1074.72,330.2,579.42,1500.0,1154.3,1216.2,0.3583,220.03,303.95,44.01,484.06,1.3814,0.0889,4.8029,2.3154,13.0,0.0,0.0,BENIGN_WEB
28.9647,51.0,18.0,33.0,36253.43,9879.85,26373.57,1251.64,1.76,-0.455,710.85,407.33,99.86,1444.04,717.43,756.28,0.2787,567.94,467.67,113.59,1249.46,0.8235,0.0904,3.7454,2.8021,13.0,0.0,0.0,BENIGN_WEB
8.3019,75.0,28.0,47.0,71327.34,19209.59,52117.75,8591.72,9.03,-0.4614,951.03,455.88,267.22,1500.0,1085.22,986.26,0.3443,110.69,143.33,22.14,243.52,1.2949,0.0743,3.9377,3.0649,21.0,0.0,0.0,BENIGN_WEB
47.3392,463.0,376.0,87.0,579090.46,553316.42,25774.05,12232.79,9.78,0.911,1250.74,260.99,859.24,1500.0,1076.84,1338.46,0.5913,25.37,6.63,5.07,55.81,0.2612,0.1222,2.3524,3.3264,25.0,1.0,0.0,DATA_EXFILTRATION
9.952,21.0,6.0,15.0,16361.35,2645.95,13715.4,1644.02,2.11,-0.6766,779.11,551.5,40.0,1500.0,767.26,745.47,0.3468,473.91,445.64,94.78,1042.59,0.9404,0.1394,3.7584,2.5772,15.0,0.0,0.0,BENIGN_WEB
22.4291,21.0,5.0,16.0,21762.09,3217.92,18544.17,970.26,0.94,-0.7043,1036.29,376.87,470.99,1500.0,978.15,964.6,0.2234,1068.05,1126.41,213.61,2349.71,1.0546,0.075,4.5986,2.9075,21.0,0.0,0.0,BENIGN_WEB
4.5498,47.0,16.0,31.0,31660.91,6639.51,25021.4,6958.69,10.33,-0.5806,673.64,433.89,40.0,1454.64,659.64,762.91,0.2881,96.81,130.12,19.36,212.97,1.3441,0.0973,3.8919,2.6027,20.0,0.0,0.0,BENIGN_WEB
37.7485,301.0,253.0,48.0,390666.45,381800.75,8865.7,10349.19,7.97,0.9546,1297.9,225.58,959.53,1500.0,1372.64,1151.2,0.6054,13.66,5.41,2.73,30.05,0.3959,0.2717,2.5914,3.2355,22.0,0.0,0.0,DATA_EXFILTRATION
17.0509,1492.0,1343.0,149.0,1978167.4,1781327.64,196839.76,116015.53,87.5,0.801,1325.85,183.08,1051.22,1500.0,1407.42,1242.64,0.3071,47.97,20.68,9.59,105.53,0.4312,0.2246,2.804,3.0439,28.0,0.0,0.0,DATA_EXFILTRATION
16.5092,25.0,8.0,17.0,23636.97,2761.99,20874.97,1431.75,1.51,-0.7663,945.48,485.34,217.48,1500.0,905.76,1023.19,0.3017,660.37,766.86,132.07,1452.81,1.1613,0.1129,4.7705,2.1085,12.0,0.0,0.0,BENIGN_WEB
109.0996,8.0,4.0,4.0,2895.75,1596.41,1299.34,26.54,0.07,0.1026,361.97,130.88,165.65,597.55,348.47,362.08,0.3845,10005.99,987.95,2001.2,22013.19,0.0987,0.9763,2.2049,3.9185,32.0,1.0,0.0,C2_BEACONING
40.3483,1140.0,946.0,194.0,1521627.55,1500715.79,20911.76,37712.34,28.25,0.9725,1334.76,124.31,1148.3,1500.0,1362.8,1177.77,0.3883,24.95,7.21,4.99,54.89,0.2891,0.1932,2.0949,2.9652,21.0,0.0,0.0,DATA_EXFILTRATION
45.7208,760.0,595.0,165.0,1036779.11,984563.38,52215.73,22676.32,16.62,0.8993,1364.18,214.51,1042.41,1500.0,1336.31,1237.02,0.5183,13.77,3.19,2.75,30.29,0.2316,0.1999,2.6282,3.8353,18.0,0.0,0.0,DATA_EXFILTRATION
63.0732,15.0,7.0,8.0,5212.57,2827.29,2385.28,82.64,0.24,0.0848,347.5,93.36,207.46,515.56,309.02,326.04,0.3638,8172.8,723.88,1634.56,17980.16,0.0886,0.9677,2.7906,3.7465,25.0,1.0,1.0,C2_BEACONING
15.6757,1204.0,1044.0,160.0,1600654.08,1466958.1,133695.97,102110.53,76.81,0.8329,1329.45,121.75,1146.82,1500.0,1460.75,1414.0,0.2216,42.91,27.78,8.58,94.41,0.6474,0.2156,2.1364,3.2299,25.0,1.0,1.0,DATA_EXFILTRATION
18.1784,72.0,28.0,44.0,60181.53,6671.06,53510.47,3310.61,3.96,-0.7783,835.85,518.22,58.53,1500.0,925.49,885.95,0.5652,252.48,358.31,50.5,555.45,1.4192,0.0788,4.055,2.8822,14.0,0.0,0.0,BENIGN_WEB
10.7371,80.0,23.0,57.0,60371.79,17046.52,43325.27,5622.73,7.45,-0.4353,754.65,549.61,40.0,1500.0,756.66,860.72,0.373,134.21,104.49,26.84,295.27,0.7785,0.1156,3.7617,2.9974,12.0,0.0,0.0,BENIGN_WEB
6.7911,35.0,14.0,21.0,23749.02,3320.64,20428.38,3497.09,5.15,-0.7204,678.54,556.86,40.0,1500.0,701.63,703.55,0.4059,194.03,136.69,38.81,426.87,0.7045,0.0627,4.2309,2.1177,17.0,0.0,0.0,BENIGN_WEB
53.4291,1549.0,1317.0,232.0,1963888.13,1940830.69,23057.44,36756.89,28.99,0.9765,1267.84,154.93,1035.45,1500.0,1127.61,1183.26,0.3461,13.11,7.65,2.62,28.84,0.5834,0.1664,2.8929,3.51,28.0,0.0,0.0,DATA_EXFILTRATION
3.3537,64.0,24.0,40.0,46244.71,6611.69,39633.03,13789.17,19.08,-0.7141,722.57,393.26,132.69,1430.44,761.09,669.74,0.5878,52.4,59.37,10.48,115.28,1.1329,0.0527,4.5589,2.1298,19.0,0.0,0.0,BENIGN_WEB
29.879,850.0,675.0,175.0,1169953.47,1075845.39,94108.08,39156.44,28.45,0.8391,1376.42,187.48,1095.19,1500.0,1383.68,1175.6,0.3119,22.55,12.75,4.51,49.62,0.5652,0.1982,2.8294,2.9241,26.0,1.0,1.0,DATA_EXFILTRATION
30.0784,33.0,12.0,21.0,26229.37,3948.52,22280.85,872.03,1.1,-0.6989,794.83,522.73,40.0,1500.0,773.31,834.97,0.3652,911.47,1523.81,182.29,2005.23,1.6718,0.1067,4.5218,2.9802,20.0,0.0,0.0,BENIGN_WEB
77.1343,25.0,12.0,13.0,8255.31,4200.0,4055.32,107.03,0.32,0.0175,330.21,58.05,243.13,434.71,341.47,344.72,0.3069,17948.53,606.69,3589.71,39486.77,0.0338,0.9852,2.8625,3.9858,27.0,1.0,1.0,C2_BEACONING
12.343,31.0,11.0,20.0,21855.45,2995.34,18860.11,1770.68,2.51,-0.7259,705.01,419.99,75.02,1461.0,677.24,623.64,0.272,398.16,531.57,79.63,875.95,1.3351,0.1325,5.0168,2.5181,18.0,0.0,0.0,BENIGN_WEB
70.8697,25.0,12.0,13.0,5505.93,2656.2,2849.73,77.69,0.35,-0.0351,220.24,49.89,145.41,310.04,239.9,234.31,0.39,6365.6,322.74,1273.12,14004.32,0.0507,0.9852,2.6806,3.4829,29.0,1.0,0.0,C2_BEACONING
3.9484,59.0,18.0,41.0,46957.36,11627.41,35329.95,11892.68,14.94,-0.5048,795.89,426.4,156.29,1500.0,864.66,792.06,0.4564,66.92,90.36,13.38,147.23,1.3502,0.0601,3.6509,2.8208,9.0,0.0,0.0,BENIGN_WEB
28.0487,13.0,6.0,7.0,4106.46,2377.66,1728.8,146.4,0.46,0.158,315.88,125.07,128.27,541.02,270.2,324.1,0.277,25015.48,1052.64,5003.1,55034.06,0.0421,0.9829,2.9287,4.0016,25.0,0.0,1.0,C2_BEACONING
81.2732,24.0,12.0,12.0,8199.54,4185.09,4014.46,100.89,0.3,0.0208,341.65,50.87,265.34,433.22,330.19,368.15,0.4935,26447.05,2677.44,5289.41,58183.52,0.1012,0.9579,3.0816,3.8568,19.0,1.0,0.0,C2_BEACONING
26.046,24.0,12.0,12.0,7521.57,4117.61,3403.96,288.78,0.92,0.0949,313.4,79.02,194.86,455.64,327.37,285.01,0.4427,12330.93,145.86,2466.19,27128.05,0.0118,0.9643,2.1752,3.5919,21.0,1.0,0.0,C2_BEACONING
30.3229,30.0,11.0,19.0,23545.26,3586.52,19958.73,776.48,0.99,-0.6954,784.84,490.54,49.03,1500.0,753.82,757.91,0.1986,1010.76,1362.32,202.15,2223.68,1.3478,0.1039,4.925,2.9274,17.0,0.0,0.0,BENIGN_WEB
72.9543,13.0,6.0,7.0,4097.67,1942.89,2154.77,56.17,0.18,-0.0517,315.21,78.48,197.48,456.48,286.29,332.0,0.5286,6505.33,150.94,1301.07,14311.74,0.0232,0.8988,2.9138,3.7538,21.0,1.0,0.0,C2_BEACONING
72.1941,17.0,8.0,9.0,6016.95,3218.07,2798.89,83.34,0.24,0.0697,353.94,100.72,202.86,535.23,400.59,328.02,0.4693,9399.45,491.3,1879.89,20678.79,0.0523,0.8881,2.3573,3.7117,22.0,1.0,0.0,C2_BEACONING
36.2302,19.0,9.0,10.0,7686.48,4722.0,2964.48,212.16,0.52,0.2287,404.55,137.75,197.93,652.5,385.66,457.52,0.2292,10094.5,959.83,2018.9,22207.9,0.0951,0.9525,2.2573,3.4867,16.0,1.0,0.0,C2_BEACONING
9.6263,671.0,528.0,143.0,863444.11,801517.25,61926.86,89696.57,69.71,0.8566,1286.8,252.96,907.37,1500.0,1219.43,1393.86,0.3133,21.61,5.72,4.32,47.54,0.2646,0.2148,2.836,3.0741,26.0,1.0,0.0,DATA_EXFILTRATION
49.6165,428.0,369.0,59.0,584480.8,532674.72,51806.08,11779.96,8.63,0.8227,1365.61,248.36,993.07,1500.0,1400.28,1435.1,0.3507,42.22,24.35,8.44,92.88,0.5768,0.1705,2.438,3.456,29.0,0.0,0.0,DATA_EXFILTRATION
2.866,25.0,10.0,15.0,24242.51,4101.04,20141.47,8458.72,8.72,-0.6617,969.7,381.24,397.85,1500.0,981.1,1014.76,0.4421,114.64,135.67,22.93,252.21,1.1835,0.0345,4.438,2.182,18.0,0.0,0.0,BENIGN_WEB
8.9794,927.0,781.0,146.0,1154793.16,1114367.32,40425.85,128604.37,103.24,0.93,1245.73,167.32,994.75,1500.0,1283.15,1090.89,0.5059,15.72,4.34,3.14,34.59,0.2759,0.2366,2.6929,3.1181,27.0,1.0,0.0,DATA_EXFILTRATION
21.6691,55.0,19.0,36.0,44137.3,9131.17,35006.13,2036.88,2.54,-0.5862,802.5,478.61,84.59,1500.0,721.97,835.66,0.4584,393.98,660.06,78.8,866.76,1.6754,0.0271,5.0551,2.988,10.0,0.0,0.0,BENIGN_WEB
26.5519,67.0,21.0,46.0,61350.79,10440.83,50909.97,2310.6,2.52,-0.6596,915.68,459.64,226.23,1500.0,1032.36,845.65,0.529,396.3,693.28,79.26,871.85,1.7494,0.024,4.0678,2.1964,14.0,0.0,0.0,BENIGN_WEB
16.1195,1419.0,1214.0,205.0,1758295.52,1698726.92,59568.6,109078.57,88.03,0.9322,1239.11,219.53,909.81,1500.0,1385.02,1410.26,0.4039,31.89,9.0,6.38,70.16,0.2821,0.2325,2.2906,3.0735,28.0,0.0,1.0,DATA_EXFILTRATION
32.392,808.0,696.0,112.0,1108857.83,987677.54,121180.29,34232.48,24.94,0.7814,1372.35,230.85,1026.07,1500.0,1497.07,1305.52,0.2297,12.72,7.28,2.54,27.98,0.5723,0.1521,2.7166,2.9287,29.0,1.0,0.0,DATA_EXFILTRATION
24.1803,10.0,5.0,5.0,2430.05,1113.68,1316.37,100.5,0.41,-0.0834,243.01,91.4,105.9,407.53,209.92,256.0,0.4087,11650.7,987.68,2330.14,25631.54,0.0848,0.9883,2.5708,4.1861,19.0,0.0,0.0,C2_BEACONING
47.3127,357.0,317.0,40.0,496631.39,478584.71,18046.67,10496.79,7.55,0.9273,1391.12,204.85,1083.85,1500.0,1544.87,1454.2,0.51,33.64,10.27,6.73,74.01,0.3052,0.1873,1.9889,3.8431,22.0,0.0,1.0,DATA_EXFILTRATION
24.0669,62.0,26.0,36.0,48188.47,8400.42,39788.05,2002.27,2.58,-0.6514,777.23,488.21,44.92,1500.0,856.11,715.52,0.5365,388.18,426.45,77.64,853.99,1.0986,0.0438,4.8463,3.0378,20.0,0.0,0.0,BENIGN_WEB
20.5477,21.0,6.0,15.0,14206.47,3023.32,11183.15,691.39,1.02,-0.5744,676.5,412.32,58.02,1418.67,735.76,712.51,0.4604,978.46,1451.6,195.69,2152.62,1.4836,0.0332,4.4454,2.4633,9.0,0.0,0.0,BENIGN_WEB
31.4758,21.0,10.0,11.0,6114.03,3423.48,2690.55,194.25,0.67,0.1199,291.14,54.63,209.19,389.48,284.48,329.93,0.4854,21049.8,1638.94,4209.96,46309.57,0.0779,0.8895,2.8195,3.6021,17.0,1.0,1.0,C2_BEACONING
49.7403,20.0,10.0,10.0,7331.63,4511.2,2820.42,147.4,0.4,0.2306,366.58,127.06,175.99,595.29,352.2,407.35,0.516,4869.52,280.33,973.9,10712.94,0.0576,0.9759,3.0274,4.0227,16.0,1.0,1.0,C2_BEACONING
101.6662,22.0,11.0,11.0,8376.89,5074.36,3302.54,82.4,0.22,0.2115,380.77,61.23,288.93,490.97,374.81,335.62,0.6085,21181.02,974.41,4236.2,46598.25,0.046,0.9074,2.4143,3.9963,31.0,1.0,1.0,C2_BEACONING
8.5813,35.0,11.0,24.0,33324.39,7547.77,25776.62,3883.37,4.08,-0.547,952.13,432.58,303.26,1500.0,987.24,1042.21,0.3953,245.18,245.13,49.04,539.4,0.9998,0.0672,4.7931,2.5142,14.0,0.0,0.0,BENIGN_WEB
13.1382,63.0,19.0,44.0,57311.97,10999.34,46312.62,4362.23,4.8,-0.6162,909.71,392.13,321.51,1500.0,773.87,1029.48,0.4971,208.54,263.2,41.71,458.79,1.2621,0.0587,3.9787,2.3563,18.0,0.0,0.0,BENIGN_WEB
12.0789,17.0,6.0,11.0,17058.19,2736.17,14322.02,1412.23,1.41,-0.6792,1003.42,427.55,362.09,1500.0,901.8,1059.24,0.2961,710.52,683.99,142.1,1563.15,0.9627,0.1085,4.2643,3.0692,19.0,0.0,0.0,BENIGN_WEB
4.272,45.0,13.0,32.0,45735.8,10145.54,35590.27,10705.92,10.53,-0.5563,1016.35,550.53,190.55,1500.0,895.99,1093.85,0.5653,94.93,103.87,18.99,208.85,1.0942,0.0793,4.5232,2.9942,9.0,0.0,0.0,BENIGN_WEB
51.2069,23.0,11.0,12.0,8730.68,5750.83,2979.85,170.5,0.45,0.3174,379.59,95.81,235.87,552.06,351.96,354.15,0.2508,11223.54,593.79,2244.71,24691.79,0.0529,0.921,2.2023,3.9478,20.0,1.0,0.0,C2_BEACONING
33.3957,346.0,312.0,34.0,449775.87,433003.57,16772.3,13468.06,10.36,0.9254,1299.93,242.0,936.92,1500.0,1118.86,1106.72,0.3082,39.96,18.77,7.99,87.91,0.4697,0.2038,2.6953,2.9217,23.0,1.0,0.0,DATA_EXFILTRATION
23.8622,1423.0,1249.0,174.0,1868957.92,1790098.29,78859.63,78322.91,59.63,0.9156,1313.39,177.73,1046.79,1500.0,1430.18,1340.51,0.2612,25.71,16.05,5.14,56.57,0.6242,0.1763,2.0126,2.9648,28.0,1.0,0.0,DATA_EXFILTRATION
33.9089,21.0,10.0,11.0,4561.85,2564.46,1997.39,134.53,0.62,0.1243,217.23,62.77,123.07,330.22,208.58,198.98,0.444,9875.55,304.48,1975.11,21726.21,0.0308,0.9089,2.1574,4.1729,24.0,1.0,1.0,C2_BEACONING
80.286,19.0,9.0,10.0,6552.68,3640.91,2911.77,81.62,0.24,0.1113,344.88,138.68,136.85,594.51,335.27,344.66,0.3884,9249.84,173.88,1849.97,20349.65,0.0188,0.9062,3.0063,3.7115,28.0,1.0,0.0,C2_BEACONING
28.4758,11.0,5.0,6.0,3572.86,1949.0,1623.86,125.47,0.39,0.091,324.81,137.49,118.57,572.29,279.57,315.2,0.2486,26790.77,1327.52,5358.15,58939.69,0.0496,0.935,2.2882,3.481,27.0,0.0,0.0,C2_BEACONING
40.4879,619.0,564.0,55.0,825833.8,787309.29,38524.51,20397.05,15.29,0.9067,1334.14,256.89,948.8,1500.0,1250.66,1389.21,0.3976,33.55,20.75,6.71,73.82,0.6183,0.2386,2.4574,3.4921,18.0,1.0,0.0,DATA_EXFILTRATION
51.2359,1151.0,922.0,229.0,1482963.7,1399763.5,83200.2,28943.84,22.46,0.8878,1288.41,210.83,972.17,1500.0,1139.16,1279.78,0.323,34.88,15.09,6.98,76.73,0.4327,0.2223,2.3538,3.2552,24.0,1.0,1.0,DATA_EXFILTRATION
108.7694,16.0,8.0,8.0,3994.77,1811.7,2183.07,36.73,0.15,-0.093,249.67,75.25,136.81,385.11,270.68,276.07,0.5237,5609.51,87.03,1121.9,12340.92,0.0155,0.9742,2.6022,4.0233,19.0,1.0,0.0,C2_BEACONING
35.6502,717.0,626.0,91.0,923644.22,843415.3,80228.91,25908.54,20.11,0.8263,1288.21,173.7,1027.65,1500.0,1157.68,1463.56,0.4751,41.99,20.81,8.4,92.38,0.4957,0.2718,2.5441,3.2682,20.0,1.0,0.0,DATA_EXFILTRATION
7.3504,35.0,12.0,23.0,37309.59,3407.58,33902.0,5075.88,4.76,-0.8173,1065.99,401.15,464.26,1500.0,1134.94,1141.9,0.1808,210.01,286.24,42.0,462.02,1.363,0.0326,3.7335,2.2559,21.0,0.0,0.0,BENIGN_WEB
69.7878,11.0,5.0,6.0,4325.71,2034.93,2290.78,61.98,0.16,-0.0591,393.25,50.45,317.57,484.06,355.85,372.53,0.2103,22968.56,1875.74,4593.71,50530.84,0.0817,0.8866,2.493,3.5795,16.0,1.0,0.0,C2_BEACONING
29.6349,42.0,17.0,25.0,39625.92,10190.63,29435.29,1337.14,1.42,-0.4857,943.47,506.06,184.38,1500.0,867.98,954.48,0.4371,705.59,1138.53,141.12,1552.3,1.6136,0.1233,4.539,2.4394,17.0,0.0,0.0,BENIGN_WEB
70.3443,22.0,11.0,11.0,5483.06,3045.07,2437.99,77.95,0.31,0.1107,249.23,100.01,99.22,429.24,219.58,215.48,0.3607,22194.1,572.6,4438.82,48827.02,0.0258,0.9292,3.0003,3.5263,25.0,1.0,1.0,C2_BEACONING
42.6803,12.0,6.0,6.0,4150.07,2661.88,1488.19,97.24,0.28,0.2828,345.84,85.91,216.98,500.47,393.62,351.37,0.5917,24120.16,2151.58,4824.03,53064.35,0.0892,0.9731,2.8299,3.8488,18.0,1.0,0.0,C2_BEACONING
80.1969,17.0,8.0,9.0,4068.19,2020.85,2047.35,50.73,0.21,-0.0065,239.31,83.07,114.7,388.83,210.08,271.08,0.294,19213.82,820.44,3842.76,42270.41,0.0427,0.8971,2.6376,3.9287,22.0,1.0,0.0,C2_BEACONING
10.3048,74.0,23.0,51.0,66553.44,6046.56,60506.89,6458.5,7.18,-0.8183,899.37,411.85,281.59,1500.0,1021.63,841.08,0.1895,139.25,111.26,27.85,306.36,0.799,0.0385,5.039,2.5867,15.0,0.0,0.0,BENIGN_WEB
25.5692,53.0,22.0,31.0,41234.65,6878.32,34356.32,1612.67,2.07,-0.6664,778.01,411.17,161.25,1500.0,725.8,793.5,0.5987,482.44,408.21,96.49,1061.36,0.8461,0.038,3.8805,2.7713,15.0,0.0,0.0,BENIGN_WEB
2.8375,44.0,14.0,30.0,28296.81,3586.38,24710.43,9972.54,15.51,-0.7465,643.11,483.86,40.0,1500.0,602.86,602.46,0.2285,64.49,86.65,12.9,141.87,1.3436,0.045,4.355,2.3073,18.0,0.0,0.0,BENIGN_WEB
70.8069,16.0,8.0,8.0,5839.45,3480.03,2359.42,82.47,0.23,0.1919,364.97,108.29,202.52,559.9,384.28,368.41,0.334,16649.92,432.75,3329.98,36629.82,0.026,0.9077,2.2207,3.7879,33.0,1.0,1.0,C2_BEACONING
49.6016,21.0,10.0,11.0,8595.27,4723.22,3872.05,173.29,0.42,0.099,409.3,58.41,321.68,514.44,357.32,347.91,0.4659,15714.12,1257.31,3142.82,34571.07,0.08,0.9254,2.5441,3.5859,27.0,1.0,0.0,C2_BEACONING
36.0967,19.0,9.0,10.0,6583.99,3628.15,2955.84,182.4,0.53,0.1021,346.53,101.39,194.44,529.03,316.25,336.09,0.3582,8806.64,94.38,1761.33,19374.6,0.0107,0.9248,2.8153,4.0018,24.0,1.0,1.0,C2_BEACONING
16.8891,78.0,31.0,47.0,52641.64,4881.98,47759.66,3116.9,4.62,-0.8145,674.89,556.85,40.0,1500.0,660.74,711.52,0.303,216.53,167.09,43.31,476.36,0.7717,0.0987,4.1225,2.7284,10.0,0.0,0.0,BENIGN_WEB
15.6668,32.0,8.0,24.0,28399.79,3472.18,24927.61,1812.74,2.04,-0.7555,887.49,538.06,80.4,1500.0,858.4,988.28,0.486,489.59,431.41,97.92,1077.09,0.8812,0.0259,4.2592,3.0598,19.0,0.0,0.0,BENIGN_WEB
29.7087,54.0,15.0,39.0,48135.74,5505.84,42629.9,1620.26,1.82,-0.7712,891.4,445.09,223.76,1500.0,1012.92,1016.58,0.4062,550.16,479.51,110.03,1210.35,0.8716,0.0121,4.5795,2.7266,21.0,0.0,0.0,BENIGN_WEB
23.8034,66.0,20.0,46.0,64315.99,10267.9,54048.08,2701.97,2.77,-0.6807,974.48,450.79,298.31,1500.0,1096.4,1080.6,0.2316,360.66,292.87,72.13,793.45,0.812,0.0908,4.5234,2.3292,15.0,0.0,0.0,BENIGN_WEB
14.2327,29.0,11.0,18.0,22034.37,2494.62,19539.75,1548.16,2.04,-0.7736,759.81,356.31,225.35,1401.16,859.28,786.15,0.518,490.78,545.02,98.16,1079.72,1.1105,0.1072,3.7363,2.2597,9.0,0.0,0.0,BENIGN_WEB
24.9376,45.0,14.0,31.0,46788.95,4507.83,42281.12,1876.24,1.8,-0.8073,1039.75,452.87,360.45,1500.0,1147.93,1096.3,0.3874,554.17,881.86,110.83,1219.17,1.5913,0.0463,3.8857,2.4778,17.0,0.0,0.0,BENIGN_WEB
9.0203,47.0,16.0,31.0,47432.98,5332.14,42100.84,5258.45,5.21,-0.7752,1009.21,373.37,449.15,1500.0,1157.13,934.06,0.4695,191.92,242.19,38.38,422.23,1.2619,0.1132,3.714,2.3284,16.0,0.0,0.0,BENIGN_WEB
29.944,67.0,21.0,46.0,70880.81,20011.5,50869.31,2367.11,2.24,-0.4353,1057.92,467.21,357.11,1500.0,1022.33,1136.16,0.5443,446.93,734.71,89.39,983.24,1.6439,0.1103,4.5084,2.8623,8.0,0.0,0.0,BENIGN_WEB
61.2785,18.0,9.0,9.0,7214.54,3872.91,3341.63,117.73,0.29,0.0736,400.81,75.82,287.08,537.28,439.33,406.52,0.2885,25187.69,614.31,5037.54,55412.92,0.0244,0.936,2.971,3.9846,18.0,1.0,0.0,C2_BEACONING
22.32,697.0,587.0,110.0,952749.33,923263.92,29485.4,42685.99,31.23,0.9381,1366.93,167.9,1115.08,1500.0,1423.21,1325.53,0.2713,26.63,10.75,5.33,58.59,0.4034,0.1669,2.2778,3.1157,18.0,0.0,1.0,DATA_EXFILTRATION
13.2233,977.0,848.0,129.0,1354501.57,1221972.62,132528.96,102432.72,73.88,0.8043,1386.39,165.81,1137.67,1500.0,1587.78,1513.29,0.2557,25.17,12.6,5.03,55.38,0.5006,0.245,2.8885,3.7126,27.0,1.0,0.0,DATA_EXFILTRATION
7.9067,25.0,8.0,17.0,26481.99,6633.0,19848.99,3349.33,3.16,-0.4991,1059.28,574.97,196.83,1500.0,1036.95,1144.85,0.505,316.27,460.82,63.25,695.79,1.457,0.08,3.9243,2.5001,13.0,0.0,0.0,BENIGN_WEB
4.9195,42.0,14.0,28.0,26578.91,4229.13,22349.78,5402.77,8.54,-0.6818,632.83,491.9,40.0,1500.0,608.16,710.51,0.3854,117.13,124.1,23.43,257.69,1.0595,0.0431,4.3717,2.5971,9.0,0.0,0.0,BENIGN_WEB
21.1031,38.0,11.0,27.0,34409.72,3597.13,30812.6,1630.55,1.8,-0.7909,905.52,499.45,156.35,1500.0,886.31,775.94,0.3663,555.34,838.8,111.07,1221.76,1.5104,0.0944,4.8325,2.8706,8.0,0.0,0.0,BENIGN_WEB
15.6654,81.0,27.0,54.0,72127.9,8401.8,63726.11,4604.28,5.17,-0.767,890.47,396.33,295.97,1500.0,863.51,967.69,0.2225,193.4,309.13,38.68,425.48,1.5984,0.0256,3.8122,2.1107,18.0,0.0,0.0,BENIGN_WEB
104.9488,9.0,4.0,5.0,2735.43,1759.83,975.6,26.06,0.09,0.2867,303.94,121.31,121.97,522.3,321.76,275.98,0.2041,5922.57,618.19,1184.51,13029.66,0.1044,0.9225,2.6879,3.698,21.0,1.0,0.0,C2_BEACONING
20.2878,65.0,21.0,44.0,42164.33,8112.56,34051.77,2078.31,3.2,-0.6152,648.68,551.78,40.0,1500.0,552.86,586.13,0.1847,312.12,281.78,62.42,686.66,0.9028,0.111,3.8484,2.5389,21.0,0.0,0.0,BENIGN_WEB
33.5018,381.0,308.0,73.0,520549.14,479658.98,40890.16,15537.96,11.37,0.8429,1366.27,243.82,1000.54,1500.0,1425.24,1382.88,0.2163,30.9,17.6,6.18,67.98,0.5697,0.27,1.9274,3.6572,21.0,0.0,0.0,DATA_EXFILTRATION
17.5534,29.0,10.0,19.0,25828.2,6022.15,19806.05,1471.4,1.65,-0.5337,890.63,387.05,310.05,1500.0,855.7,795.19,0.4325,605.29,865.92,121.06,1331.64,1.4306,0.0325,3.7045,2.4142,11.0,0.0,0.0,BENIGN_WEB
70.8475,24.0,12.0,12.0,9485.44,6072.53,3412.91,133.89,0.34,0.2804,395.23,122.14,212.02,615.08,368.11,346.28,0.5419,11279.02,445.75,2255.8,24813.85,0.0395,0.9081,2.5976,3.9017,27.0,1.0,0.0,C2_BEACONING
4.2614,42.0,12.0,30.0,28296.55,6218.04,22078.51,6640.21,9.86,-0.5605,673.73,493.99,40.0,1500.0,682.61,701.13,0.2214,101.46,93.29,20.29,223.22,0.9194,0.0295,3.8821,2.122,11.0,0.0,0.0,BENIGN_WEB
51.595,843.0,746.0,97.0,1092167.77,1017492.72,74675.06,21168.09,16.34,0.8633,1295.57,157.11,1059.9,1500.0,1344.32,1135.01,0.5676,16.46,8.11,3.29,36.22,0.4927,0.1308,2.631,3.5985,27.0,0.0,0.0,DATA_EXFILTRATION
28.1756,31.0,9.0,22.0,30199.35,4432.75,25766.6,1071.83,1.1,-0.7064,974.17,464.27,277.77,1500.0,918.76,864.73,0.1841,908.89,1449.38,181.78,1999.56,1.5947,0.1201,3.6849,2.1208,20.0,0.0,0.0,BENIGN_WEB
17.2975,72.0,25.0,47.0,51887.46,9198.57,42688.89,2999.7,4.16,-0.6454,720.66,329.48,226.43,1313.73,704.33,696.19,0.3792,240.24,282.44,48.05,528.54,1.1756,0.0211,4.4068,2.4501,18.0,0.0,0.0,BENIGN_WEB
18.2773,1342.0,1113.0,229.0,1751192.11,1613748.96,137443.15,95812.49,73.42,0.843,1304.91,140.89,1093.58,1500.0,1428.75,1491.1,0.3213,39.07,24.86,7.81,85.95,0.6364,0.2295,2.171,3.6361,21.0,1.0,0.0,DATA_EXFILTRATION
2.5015,48.0,16.0,32.0,32255.44,7837.75,24417.69,12894.43,19.19,-0.514,671.99,452.21,40.0,1485.97,765.27,675.08,0.5714,52.11,84.49,10.42,114.65,1.6212,0.0736,4.9944,2.5654,15.0,0.0,0.0,BENIGN_WEB
11.729,68.0,22.0,46.0,51714.79,13290.84,38423.95,4409.14,5.8,-0.486,760.51,490.68,40.0,1500.0,665.5,663.07,0.1978,172.49,248.56,34.5,379.47,1.441,0.0198,4.0999,2.6756,12.0,0.0,0.0,BENIGN_WEB
12.5657,38.0,13.0,25.0,32597.25,3073.41,29523.84,2594.14,3.02,-0.8114,857.82,567.3,40.0,1500.0,824.58,945.42,0.4704,330.68,476.23,66.14,727.49,1.4402,0.0449,3.6283,2.6705,13.0,0.0,0.0,BENIGN_WEB
8.1265,1541.0,1330.0,211.0,2063389.98,2035125.39,28264.59,253907.92,189.63,0.9726,1338.99,173.37,1078.95,1500.0,1323.06,1274.3,0.5622,13.05,5.76,2.61,28.7,0.4416,0.2595,2.031,2.9838,27.0,1.0,1.0,DATA_EXFILTRATION
5.7836,16.0,6.0,10.0,10491.78,1761.36,8730.42,1814.06,2.77,-0.6642,655.74,532.35,40.0,1500.0,582.73,602.74,0.48,361.47,312.17,72.29,795.24,0.8636,0.0787,3.6302,2.4397,9.0,0.0,0.0,BENIGN_WEB
3.114,70.0,23.0,47.0,59492.61,17242.53,42250.09,19105.03,22.48,-0.4203,849.89,568.58,40.0,1500.0,922.36,968.91,0.2377,44.49,33.57,8.9,97.87,0.7547,0.0587,4.8991,2.282,13.0,0.0,0.0,BENIGN_WEB
20.7477,41.0,13.0,28.0,27715.44,7269.19,20446.25,1335.83,1.98,-0.4754,675.99,567.81,40.0,1500.0,618.11,664.59,0.3033,506.04,475.57,101.21,1113.29,0.9398,0.1058,4.4798,2.8677,16.0,0.0,0.0,BENIGN_WEB
13.5631,72.0,26.0,46.0,70720.16,15611.58,55108.58,5214.16,5.31,-0.5585,982.22,413.61,361.81,1500.0,925.04,999.1,0.5083,188.38,136.55,37.68,414.43,0.7249,0.0933,4.0753,2.519,21.0,0.0,0.0,BENIGN_WEB
96.5774,14.0,7.0,7.0,5719.56,3517.1,2202.46,59.22,0.14,0.2298,408.54,69.14,304.84,532.99,354.11,354.42,0.3596,4511.24,450.63,902.25,9924.72,0.0999,0.9685,2.9345,4.1332,21.0,1.0,0.0,C2_BEACONING
21.1714,56.0,20.0,36.0,56912.24,14403.26,42508.98,2688.17,2.65,-0.4938,1016.29,437.74,359.67,1500.0,1097.58,1111.48,0.1801,378.06,377.74,75.61,831.73,0.9991,0.0786,4.3626,2.7668,11.0,0.0,0.0,BENIGN_WEB
7.0127,24.0,9.0,15.0,24645.82,2865.04,21780.78,3514.46,3.42,-0.7675,1026.91,462.02,333.88,1500.0,1039.81,1088.68,0.2402,292.2,316.45,58.44,642.83,1.083,0.0984,4.8324,2.6316,15.0,0.0,0.0,BENIGN_WEB
12.0075,78.0,29.0,49.0,51138.22,12405.68,38732.54,4258.87,6.5,-0.5148,655.62,457.77,40.0,1479.6,614.22,705.16,0.2243,153.94,121.86,30.79,338.67,0.7916,0.0394,4.5227,2.9239,15.0,0.0,0.0,BENIGN_WEB
19.3111,72.0,20.0,52.0,58870.96,7027.17,51843.79,3048.56,3.73,-0.7613,817.65,578.97,40.0,1500.0,783.0,926.44,0.4188,268.21,204.72,53.64,590.06,0.7633,0.0816,4.9507,3.0247,9.0,0.0,0.0,BENIGN_WEB
91.803,8.0,4.0,4.0,2139.45,1101.39,1038.06,23.3,0.09,0.0296,267.43,124.17,81.18,490.94,271.45,255.03,0.6166,9385.79,902.18,1877.16,20648.73,0.0961,0.9778,2.9982,3.5666,27.0,1.0,0.0,C2_BEACONING
98.1028,20.0,10.0,10.0,4647.94,2543.94,2104.01,47.38,0.2,0.0947,232.4,82.49,108.66,380.89,238.67,219.32,0.4267,14396.21,1550.65,2879.24,31671.66,0.1077,0.9523,2.7594,3.5311,23.0,0.0,0.0,C2_BEACONING
22.7766,77.0,22.0,55.0,82431.92,12459.36,69972.56,3619.15,3.38,-0.6977,1070.54,572.05,212.47,1500.0,1167.62,1211.85,0.4826,295.8,497.88,59.16,650.76,1.6832,0.1113,4.8372,2.9883,17.0,0.0,0.0,BENIGN_WEB
14.1478,65.0,23.0,42.0,58273.25,16773.48,41499.77,4118.88,4.59,-0.4243,896.51,449.55,222.19,1500.0,811.67,984.76,0.4294,217.66,182.26,43.53,478.85,0.8374,0.076,4.4094,2.8493,18.0,0.0,0.0,BENIGN_WEB
9.7105,729.0,663.0,66.0,959295.96,888292.96,71003.01,98789.84,75.07,0.852,1315.91,254.72,933.83,1500.0,1377.18,1375.66,0.2871,29.61,10.36,5.92,65.15,0.3499,0.249,2.4881,3.5947,29.0,1.0,1.0,DATA_EXFILTRATION
29.6414,74.0,24.0,50.0,74725.74,9602.74,65123.0,2520.99,2.5,-0.743,1009.81,414.29,388.37,1500.0,982.6,1136.26,0.5207,400.56,501.01,80.11,881.23,1.2508,0.1136,4.0772,2.8265,19.0,0.0,0.0,BENIGN_WEB
35.4226,1524.0,1224.0,300.0,2141617.77,1926880.03,214737.74,60459.11,43.02,0.7995,1405.26,148.99,1181.77,1500.0,1217.19,1484.66,0.3745,34.24,13.84,6.85,75.32,0.4044,0.1356,2.7651,3.5271,22.0,1.0,1.0,DATA_EXFILTRATION
46.75,753.0,679.0,74.0,1009049.29,941023.62,68025.67,21583.94,16.11,0.8652,1340.04,153.77,1109.39,1500.0,1476.21,1352.79,0.5696,10.83,5.16,2.17,23.83,0.4765,0.2583,2.5947,3.7409,20.0,1.0,0.0,DATA_EXFILTRATION
46.3807,21.0,10.0,11.0,4468.91,2218.67,2250.24,96.35,0.45,-0.0071,212.81,107.16,52.06,405.7,208.48,201.86,0.2946,8605.06,470.44,1721.01,18931.13,0.0547,0.9381,2.2459,3.6405,31.0,1.0,0.0,C2_BEACONING
9.2479,21.0,7.0,14.0,18527.6,2357.82,16169.78,2003.43,2.27,-0.7455,882.27,333.38,382.2,1482.35,988.79,807.32,0.5739,440.38,464.88,88.08,968.83,1.0556,0.0186,4.9245,2.9038,13.0,0.0,0.0,BENIGN_WEB
5.2149,73.0,28.0,45.0,69759.9,9073.12,60686.78,13377.03,14.0,-0.7399,955.62,509.21,191.8,1500.0,864.65,873.81,0.5167,71.44,109.9,14.29,157.16,1.5385,0.0288,4.8909,2.7067,13.0,0.0,0.0,BENIGN_WEB
99.3103,17.0,8.0,9.0,6602.23,4052.16,2550.07,66.48,0.17,0.2275,388.37,103.2,233.56,574.13,416.67,367.71,0.4146,13807.18,1455.7,2761.44,30375.79,0.1054,0.9111,2.938,3.4504,26.0,1.0,0.0,C2_BEACONING
24.6436,1118.0,965.0,153.0,1589879.74,1475536.96,114342.79,64514.86,45.37,0.8562,1422.07,115.06,1249.48,1500.0,1537.36,1617.83,0.3198,30.07,7.3,6.01,66.16,0.2428,0.1759,2.51,2.9026,26.0,1.0,1.0,DATA_EXFILTRATION
27.9169,34.0,10.0,24.0,34192.29,8552.86,25639.44,1224.79,1.22,-0.4997,1005.66,562.62,161.72,1500.0,1024.61,1102.9,0.4613,821.09,1284.0,164.22,1806.39,1.5638,0.0264,4.6019,2.9026,13.0,0.0,0.0,BENIGN_WEB
32.0382,704.0,566.0,138.0,869734.58,794200.16,75534.42,27146.78,21.97,0.8263,1235.42,258.4,847.82,1500.0,1201.29,1230.39,0.5336,26.0,15.6,5.2,57.19,0.6003,0.2492,2.2932,3.0893,18.0,0.0,0.0,DATA_EXFILTRATION
24.8956,19.0,9.0,10.0,5523.66,3096.13,2427.54,221.87,0.76,0.121,290.72,114.27,119.32,496.4,300.01,316.26,0.3578,18984.31,1530.46,3796.86,41765.49,0.0806,0.9023,2.7098,3.9318,33.0,1.0,0.0,C2_BEACONING
4.11,72.0,27.0,45.0,74043.25,15017.88,59025.37,18015.3,17.52,-0.5943,1028.38,523.52,243.1,1500.0,1174.98,883.44,0.6162,57.08,75.12,11.42,125.58,1.316,0.0175,3.811,2.3397,11.0,0.0,0.0,BENIGN_WEB
6.5509,905.0,811.0,94.0,1280161.83,1155713.97,124447.86,195418.42,138.15,0.8056,1414.54,261.04,1022.98,1500.0,1476.95,1476.37,0.5714,34.9,20.19,6.98,76.79,0.5785,0.2531,2.8295,2.9892,23.0,0.0,0.0,DATA_EXFILTRATION
8.2299,75.0,29.0,46.0,63302.15,11300.04,52002.11,7691.74,9.11,-0.643,844.03,356.3,309.58,1485.37,922.49,719.47,0.3405,109.73,111.2,21.95,241.41,1.0134,0.0629,4.7221,3.0913,10.0,0.0,0.0,BENIGN_WEB
3.5465,64.0,25.0,39.0,49231.81,12558.64,36673.18,13881.93,18.05,-0.4898,769.25,325.61,280.83,1355.35,821.38,744.26,0.364,55.41,56.17,11.08,121.91,1.0136,0.1232,4.3071,2.2182,8.0,0.0,0.0,BENIGN_WEB
33.9378,9.0,4.0,5.0,3457.4,1870.16,1587.24,101.87,0.27,0.0818,384.16,119.0,205.65,598.36,352.64,416.56,0.3271,25385.09,729.04,5077.02,55847.19,0.0287,0.9831,2.8084,3.8452,32.0,0.0,0.0,C2_BEACONING
32.9129,609.0,555.0,54.0,845099.05,804951.92,40147.13,25676.8,18.5,0.905,1387.68,149.94,1162.77,1500.0,1474.23,1232.24,0.2581,46.05,26.99,9.21,101.32,0.5861,0.1786,1.9029,2.9361,16.0,0.0,1.0,DATA_EXFILTRATION
19.5356,1392.0,1243.0,149.0,1767498.65,1601476.24,166022.41,90475.6,71.25,0.8121,1269.75,140.26,1059.36,1500.0,1434.14,1253.3,0.1891,39.98,25.77,8.0,87.95,0.6446,0.1906,2.7602,3.2513,17.0,1.0,0.0,DATA_EXFILTRATION
2.0114,30.0,11.0,19.0,25784.95,5800.59,19984.36,12819.22,14.91,-0.5501,859.5,430.42,213.88,1500.0,758.72,944.89,0.416,67.05,109.14,13.41,147.5,1.6279,0.1188,4.1197,2.3624,19.0,0.0,0.0,BENIGN_WEB
14.8545,38.0,13.0,25.0,24881.22,5151.16,19730.06,1674.99,2.56,-0.5859,654.77,515.18,40.0,1500.0,665.36,692.09,0.4687,390.91,658.62,78.18,860.0,1.6848,0.0359,3.7317,2.6318,17.0,0.0,0.0,BENIGN_WEB
20.021,25.0,8.0,17.0,23323.13,4242.84,19080.3,1164.94,1.25,-0.6362,932.93,534.82,130.7,1500.0,1068.41,920.27,0.579,800.84,1204.34,160.17,1761.84,1.5039,0.0263,4.1846,3.0294,10.0,0.0,0.0,BENIGN_WEB
64.4962,11.0,5.0,6.0,2884.09,1499.59,1384.5,44.72,0.17,0.0399,262.19,131.23,65.35,498.4,290.12,222.9,0.4543,19895.27,1976.18,3979.05,43769.59,0.0993,0.9596,2.7109,4.0312,21.0,1.0,0.0,C2_BEACONING
36.417,986.0,855.0,131.0,1401302.62,1254548.39,146754.23,38479.36,27.08,0.7905,1421.2,153.28,1191.28,1500.0,1336.98,1427.34,0.3274,10.9,5.65,2.18,23.98,0.5182,0.2541,2.1446,3.4237,24.0,0.0,0.0,DATA_EXFILTRATION
79.3123,25.0,12.0,13.0,9889.13,5985.59,3903.54,124.69,0.32,0.2105,395.57,68.79,292.38,519.39,368.73,364.88,0.285,12802.97,687.08,2560.59,28166.53,0.0537,0.9735,3.026,4.0943,31.0,1.0,0.0,C2_BEACONING
2.3156,59.0,21.0,38.0,43627.14,4570.19,39056.95,18840.46,25.48,-0.7905,739.44,495.85,40.0,1500.0,786.71,823.65,0.3555,39.25,53.88,7.85,86.34,1.3727,0.0669,4.0967,2.945,8.0,0.0,0.0,BENIGN_WEB
29.657,25.0,7.0,18.0,23579.66,3380.76,20198.9,795.08,0.84,-0.7132,943.19,385.62,364.76,1500.0,847.82,943.91,0.2009,1186.28,857.62,237.26,2609.82,0.723,0.1079,4.0021,2.4629,15.0,0.0,0.0,BENIGN_WEB
4.7518,81.0,31.0,50.0,50287.89,9192.91,41094.98,10582.89,17.05,-0.6344,620.84,424.92,40.0,1385.7,659.38,600.56,0.3298,58.66,98.0,11.73,129.06,1.6706,0.1301,4.9381,2.422,21.0,0.0,0.0,BENIGN_WEB
18.1742,59.0,22.0,37.0,56474.35,5596.36,50877.99,3107.39,3.25,-0.8018,957.19,515.09,184.56,1500.0,815.17,898.74,0.4148,308.04,471.08,61.61,677.68,1.5293,0.0688,4.7465,2.9098,17.0,0.0,0.0,BENIGN_WEB
21.5651,693.0,573.0,120.0,876408.73,791248.41,85160.33,40640.16,32.14,0.8057,1264.66,201.01,963.14,1500.0,1170.73,1374.46,0.204,25.41,13.39,5.08,55.89,0.527,0.2608,2.8529,3.3288,21.0,1.0,0.0,DATA_EXFILTRATION
26.7758,25.0,7.0,18.0,19524.03,5496.89,14027.14,729.17,0.93,-0.4369,780.96,413.0,161.46,1500.0,795.82,683.6,0.2941,1071.03,1652.16,214.21,2356.27,1.5426,0.0985,3.9788,2.9228,18.0,0.0,0.0,BENIGN_WEB
2.9004,76.0,24.0,52.0,62431.79,13484.28,48947.51,21525.59,26.2,-0.568,821.47,451.49,144.24,1500.0,728.34,810.7,0.5804,38.16,47.82,7.63,83.96,1.2531,0.1137,4.2925,2.4046,12.0,0.0,0.0,BENIGN_WEB
64.8717,21.0,10.0,11.0,6762.96,4234.23,2528.73,104.25,0.32,0.2522,322.05,56.71,236.98,424.12,283.27,275.79,0.5378,23601.18,1801.06,4720.24,51922.59,0.0763,0.9328,2.3677,4.168,27.0,1.0,0.0,C2_BEACONING
80.7317,14.0,7.0,7.0,5647.7,2511.03,3136.67,69.96,0.17,-0.1108,403.41,68.81,300.19,527.27,444.75,358.97,0.6105,16145.89,1524.54,3229.18,35520.96,0.0944,0.936,3.0485,3.7499,25.0,1.0,0.0,C2_BEACONING
7.1652,29.0,10.0,19.0,18546.95,3730.57,14816.38,2588.46,4.05,-0.5977,639.55,534.89,40.0,1500.0,701.48,549.39,0.5636,247.08,262.3,49.42,543.57,1.0616,0.1251,4.0249,2.7887,21.0,0.0,0.0,BENIGN_WEB
68.0268,9.0,4.0,5.0,2365.08,1347.39,1017.7,34.77,0.13,0.1394,262.79,98.82,114.55,440.67,275.57,276.75,0.5334,11921.44,1239.18,2384.29,26227.17,0.1039,0.9561,2.2963,3.9081,25.0,1.0,0.0,C2_BEACONING
23.1629,42.0,14.0,28.0,36227.74,8815.4,27412.34,1564.04,1.81,-0.5133,862.57,373.55,302.25,1500.0,806.05,827.62,0.6195,551.5,506.23,110.3,1213.29,0.9179,0.0136,4.1352,2.1941,16.0,0.0,0.0,BENIGN_WEB
11.9785,71.0,26.0,45.0,56724.34,16263.48,40460.86,4735.53,5.93,-0.4266,798.93,534.62,40.0,1500.0,694.38,717.28,0.552,168.71,235.12,33.74,371.16,1.3936,0.0992,4.1723,2.4703,20.0,0.0,0.0,BENIGN_WEB
27.7684,65.0,22.0,43.0,56355.08,10459.74,45895.34,2029.47,2.34,-0.6288,867.0,322.98,382.53,1448.37,737.68,906.0,0.3419,427.21,456.6,85.44,939.85,1.0688,0.0818,4.8813,2.8622,13.0,0.0,0.0,BENIGN_WEB
30.241,46.0,16.0,30.0,34927.58,4715.21,30212.37,1154.98,1.52,-0.73,759.3,548.34,40.0,1500.0,812.57,765.67,0.3184,657.41,1135.03,131.48,1446.31,1.7265,0.1065,4.3182,2.379,11.0,0.0,0.0,BENIGN_WEB
35.4191,478.0,376.0,102.0,596734.26,535402.97,61331.29,16847.81,13.5,0.7944,1248.4,263.78,852.73,1500.0,1329.65,1133.94,0.3533,16.27,7.5,3.25,35.8,0.461,0.2564,2.4769,3.2272,27.0,0.0,0.0,DATA_EXFILTRATION
87.1264,24.0,12.0,12.0,9079.57,4764.59,4314.98,104.21,0.28,0.0495,378.32,114.92,205.93,585.18,413.61,358.41,0.3257,19293.88,844.86,3858.78,42446.54,0.0438,0.929,2.5769,3.5603,31.0,1.0,0.0,C2_BEACONING
4.8586,67.0,25.0,42.0,51292.73,13505.15,37787.58,10557.12,13.79,-0.4734,765.56,513.01,40.0,1500.0,812.37,870.65,0.2838,72.52,120.25,14.5,159.54,1.6582,0.0367,3.8832,2.1738,20.0,0.0,0.0,BENIGN_WEB
28.0703,21.0,7.0,14.0,17665.2,2970.9,14694.29,629.32,0.75,-0.6636,841.2,430.41,195.59,1500.0,935.54,728.45,0.4633,1336.68,1730.72,267.34,2940.7,1.2948,0.0443,4.4782,2.9611,10.0,0.0,0.0,BENIGN_WEB
15.119,35.0,10.0,25.0,25363.03,4317.03,21045.99,1677.56,2.31,-0.6596,724.66,487.49,40.0,1500.0,817.73,820.0,0.5102,431.97,490.55,86.39,950.34,1.1356,0.0388,3.6069,2.5851,21.0,0.0,0.0,BENIGN_WEB
46.4274,16.0,8.0,8.0,5574.04,2493.56,3080.48,120.06,0.34,-0.1053,348.38,132.75,149.25,587.33,322.36,310.11,0.5151,5763.57,146.59,1152.71,12679.85,0.0254,0.9828,2.2995,3.5221,18.0,1.0,0.0,C2_BEACONING
23.2474,885.0,746.0,139.0,1179630.58,1147741.33,31889.25,50742.37,38.07,0.9459,1332.92,267.04,932.36,1500.0,1327.24,1251.13,0.4561,16.11,9.55,3.22,35.44,0.5926,0.1458,2.1277,3.7988,26.0,0.0,0.0,DATA_EXFILTRATION
28.9711,37.0,11.0,26.0,36432.53,9545.78,26886.75,1257.55,1.28,-0.476,984.66,455.6,301.27,1500.0,976.25,966.69,0.3849,783.0,1185.92,156.6,1722.61,1.5146,0.0238,3.8888,2.7068,13.0,0.0,0.0,BENIGN_WEB
24.246,48.0,18.0,30.0,40830.53,8366.58,32463.95,1684.01,1.98,-0.5902,850.64,346.19,331.35,1473.78,874.05,799.59,0.1844,505.12,532.27,101.02,1111.27,1.0537,0.1344,3.9797,2.2756,8.0,0.0,0.0,BENIGN_WEB
29.4325,1250.0,1107.0,143.0,1614856.77,1514158.65,100698.12,54866.45,42.47,0.8753,1291.89,278.8,873.69,1500.0,1324.38,1407.52,0.2092,38.43,23.43,7.69,84.55,0.6097,0.2729,2.5996,3.3663,22.0,1.0,0.0,DATA_EXFILTRATION
18.6262,43.0,16.0,27.0,40806.21,6767.8,34038.4,2190.79,2.31,-0.6683,948.98,447.26,278.1,1500.0,1053.99,973.8,0.5231,433.17,743.46,86.63,952.97,1.7163,0.0668,4.1855,2.4149,20.0,0.0,0.0,BENIGN_WEB
76.5284,13.0,6.0,7.0,3813.95,1948.27,1865.68,49.84,0.17,0.0217,293.38,89.08,159.77,453.72,285.24,318.69,0.2384,13325.99,1202.76,2665.2,29317.19,0.0903,0.9225,2.1991,3.9225,24.0,1.0,1.0,C2_BEACONING
9.2653,544.0,482.0,62.0,783586.13,748975.39,34610.74,84571.94,58.71,0.9117,1440.42,234.5,1088.67,1500.0,1619.89,1276.04,0.4054,12.02,3.12,2.4,26.45,0.2595,0.2127,2.8333,2.9503,20.0,1.0,1.0,DATA_EXFILTRATION
84.4166,25.0,12.0,13.0,7400.9,3941.78,3459.12,87.67,0.3,0.0652,296.04,107.11,135.37,488.84,324.7,320.85,0.2986,20051.63,1894.5,4010.33,44113.58,0.0945,0.9196,2.6327,3.4828,24.0,1.0,0.0,C2_BEACONING
29.0486,65.0,22.0,43.0,68717.28,18705.78,50011.5,2365.6,2.24,-0.4556,1057.19,355.43,524.05,1500.0,937.13,1024.17,0.5344,446.9,408.96,89.38,983.18,0.9151,0.0131,3.7978,2.2131,18.0,0.0,0.0,BENIGN_WEB
75.7692,9.0,4.0,5.0,3524.65,1724.34,1800.32,46.52,0.12,-0.0216,391.63,126.61,201.72,619.52,429.02,433.25,0.3869,23996.89,1116.43,4799.38,52793.17,0.0465,0.9269,2.9364,4.1421,27.0,1.0,1.0,C2_BEACONING
14.2421,382.0,324.0,58.0,485955.9,463750.72,22205.18,34121.12,26.82,0.9086,1272.14,223.01,937.62,1500.0,1417.34,1344.16,0.4886,31.08,17.67,6.22,68.37,0.5686,0.1594,2.6848,3.8293,19.0,0.0,0.0,DATA_EXFILTRATION
6.2836,49.0,18.0,31.0,41095.99,11280.28,29815.71,6540.21,7.8,-0.451,838.69,402.02,235.66,1500.0,956.88,898.6,0.4435,128.24,119.71,25.65,282.12,0.9335,0.1197,4.7977,2.1067,10.0,0.0,0.0,BENIGN_WEB
13.8572,34.0,10.0,24.0,25725.29,4150.97,21574.32,1856.46,2.45,-0.6773,756.63,475.89,42.78,1500.0,814.61,668.3,0.2411,407.56,570.7,81.51,896.64,1.4003,0.138,3.9069,2.7418,11.0,0.0,0.0,BENIGN_WEB
10.9252,44.0,14.0,30.0,46569.36,11736.64,34832.72,4262.57,4.03,-0.496,1058.39,537.23,252.55,1500.0,918.39,1091.33,0.1921,248.3,185.12,49.66,546.26,0.7455,0.0419,5.0101,2.1996,20.0,0.0,0.0,BENIGN_WEB
3.1175,76.0,28.0,48.0,76375.91,19216.39,57159.52,24498.75,24.38,-0.4968,1004.95,387.34,423.93,1500.0,892.54,1059.19,0.246,41.02,65.75,8.2,90.24,1.6028,0.1363,4.3826,2.8819,21.0,0.0,0.0,BENIGN_WEB
2.6893,54.0,19.0,35.0,41659.95,4012.61,37647.34,15491.0,20.08,-0.8074,771.48,449.23,97.63,1500.0,806.18,796.56,0.556,49.8,67.94,9.96,109.56,1.3641,0.0846,4.2177,2.6938,14.0,0.0,0.0,BENIGN_WEB
66.6631,13.0,6.0,7.0,4686.61,2502.19,2184.41,70.3,0.2,0.0678,360.51,101.76,207.86,543.68,308.71,363.07,0.3451,14887.92,947.53,2977.58,32753.43,0.0636,0.9856,2.2062,4.246,28.0,1.0,0.0,C2_BEACONING
57.018,15.0,7.0,8.0,3951.32,2087.29,1864.03,69.3,0.26,0.0565,263.42,111.33,96.43,463.81,245.4,302.65,0.58,27029.3,2031.25,5405.86,59464.46,0.0751,0.9383,2.8967,3.6394,31.0,0.0,0.0,C2_BEACONING
19.5063,73.0,27.0,46.0,67515.31,6890.66,60624.65,3461.21,3.74,-0.7959,924.87,503.32,169.89,1500.0,916.64,871.43,0.3423,267.21,396.53,53.44,587.86,1.484,0.0256,4.1109,2.5612,16.0,0.0,0.0,BENIGN_WEB
3.2829,43.0,13.0,30.0,27791.18,3149.1,24642.08,8465.31,13.1,-0.7734,646.31,534.08,40.0,1500.0,603.86,632.29,0.2765,76.35,85.09,15.27,167.96,1.1145,0.0787,4.3846,2.8314,13.0,0.0,0.0,BENIGN_WEB
34.5618,25.0,12.0,13.0,6075.3,3678.92,2396.39,175.78,0.72,0.2111,243.01,53.31,163.05,338.96,273.87,260.59,0.5226,17181.22,802.07,3436.24,37798.68,0.0467,0.9588,2.2005,3.7284,31.0,1.0,0.0,C2_BEACONING
60.6535,9.0,4.0,5.0,2254.61,1408.28,846.33,37.17,0.15,0.2492,250.51,49.53,176.21,339.67,285.31,275.04,0.5174,9629.73,891.04,1925.95,21185.4,0.0925,0.9324,2.3106,3.4871,15.0,0.0,0.0,C2_BEACONING
11.5098,246.0,204.0,42.0,331039.32,295924.8,35114.51,28761.43,21.37,0.7879,1345.69,246.05,976.61,1500.0,1322.0,1270.2,0.3886,30.15,18.6,6.03,66.34,0.6169,0.2131,2.7508,3.5436,22.0,0.0,0.0,DATA_EXFILTRATION
49.4031,19.0,9.0,10.0,6081.09,2772.41,3308.68,123.09,0.38,-0.0882,320.06,100.44,169.39,500.86,297.17,272.34,0.2946,10532.2,901.99,2106.44,23170.83,0.0856,0.9384,2.1706,3.8266,21.0,1.0,0.0,C2_BEACONING
29.2003,25.0,12.0,13.0,7605.71,5019.72,2585.99,260.47,0.86,0.32,304.23,120.28,123.81,520.73,271.01,339.56,0.2268,17050.48,1377.21,3410.1,37511.06,0.0808,0.8869,2.4144,3.7373,20.0,1.0,0.0,C2_BEACONING
10.651,869.0,716.0,153.0,1145603.21,1037497.75,108105.46,107558.76,81.59,0.8113,1318.3,172.63,1059.35,1500.0,1429.88,1146.94,0.5016,41.43,11.39,8.29,91.14,0.2748,0.2107,2.1306,3.66,14.0,0.0,0.0,DATA_EXFILTRATION
65.5776,13.0,6.0,7.0,4689.9,2621.27,2068.63,71.52,0.2,0.1178,360.76,76.62,245.84,498.67,391.35,332.07,0.2494,21004.1,492.75,4200.82,46209.02,0.0235,0.9548,2.8374,3.8551,24.0,1.0,1.0,C2_BEACONING
25.4941,27.0,9.0,18.0,17429.87,1625.29,15804.57,683.68,1.06,-0.8135,645.55,331.31,148.58,1241.91,637.19,666.89,0.3075,944.23,1186.3,188.85,2077.3,1.2564,0.1117,4.2508,2.4587,10.0,0.0,0.0,BENIGN_WEB
6.3525,50.0,20.0,30.0,45359.09,12120.89,33238.2,7140.33,7.87,-0.4656,907.18,403.89,301.35,1500.0,866.58,932.82,0.5796,127.05,116.67,25.41,279.51,0.9183,0.0583,4.2437,2.9355,11.0,0.0,0.0,BENIGN_WEB
41.1382,20.0,10.0,10.0,6505.74,3979.2,2526.54,158.14,0.49,0.2233,325.29,65.11,227.62,442.48,296.17,343.48,0.2631,13239.35,1047.84,2647.87,29126.57,0.0791,0.9006,2.4326,3.6304,19.0,1.0,0.0,C2_BEACONING
11.242,1085.0,876.0,209.0,1357916.49,1252245.24,105671.24,120789.58,96.51,0.8444,1251.54,127.19,1060.74,1480.49,1393.13,1066.55,0.388,33.46,14.31,6.69,73.61,0.4276,0.2127,2.4249,3.7478,20.0,0.0,1.0,DATA_EXFILTRATION
6.5326,49.0,19.0,30.0,32342.47,4715.44,27627.03,4950.9,7.5,-0.7084,660.05,534.3,40.0,1500.0,583.75,670.61,0.434,133.32,159.13,26.66,293.3,1.1936,0.0489,4.7253,2.8599,15.0,0.0,0.0,BENIGN_WEB
22.6054,42.0,15.0,27.0,32506.11,8282.17,24223.94,1437.98,1.86,-0.4904,773.96,447.01,103.44,1500.0,755.31,787.37,0.518,538.22,746.89,107.64,1184.09,1.3877,0.1087,3.6933,2.3744,18.0,0.0,0.0,BENIGN_WEB
60.9073,19.0,9.0,10.0,5644.73,2908.1,2736.64,92.68,0.31,0.0304,297.09,137.97,90.13,545.44,284.9,301.15,0.3713,26924.63,787.3,5384.93,59234.19,0.0292,0.8977,2.2274,3.4749,32.0,0.0,0.0,C2_BEACONING
46.2355,1126.0,1023.0,103.0,1620169.31,1474392.61,145776.7,35041.71,24.35,0.82,1438.87,210.63,1122.93,1500.0,1364.78,1341.82,0.4825,40.43,19.32,8.09,88.95,0.4778,0.2362,2.0285,3.3305,28.0,1.0,0.0,DATA_EXFILTRATION
67.51,11.0,5.0,6.0,2948.54,1431.45,1517.09,43.68,0.16,-0.029,268.05,118.06,90.97,480.55,247.82,238.92,0.2503,12434.01,632.2,2486.8,27354.82,0.0508,0.9118,2.4047,3.5983,30.0,1.0,0.0,C2_BEACONING
62.5055,13.0,6.0,7.0,2524.52,1414.92,1109.6,40.39,0.21,0.1209,194.19,47.41,123.08,279.52,217.12,176.19,0.5903,18486.13,793.41,3697.23,40669.48,0.0429,0.9882,3.0546,3.6523,33.0,0.0,1.0,C2_BEACONING
33.3304,1488.0,1288.0,200.0,2057806.89,1897875.01,159931.89,61739.66,44.64,0.8446,1382.93,175.98,1118.96,1500.0,1306.53,1339.37,0.3058,11.36,3.7,2.27,24.99,0.3257,0.2274,2.0546,2.9944,16.0,1.0,0.0,DATA_EXFILTRATION
13.2503,40.0,12.0,28.0,40642.98,4867.62,35775.36,3067.32,3.02,-0.7605,1016.07,503.99,260.09,1500.0,1013.11,1155.53,0.5365,331.26,516.33,66.25,728.77,1.5587,0.0249,5.0565,2.7614,21.0,0.0,0.0,BENIGN_WEB
44.6017,23.0,11.0,12.0,4923.32,2467.29,2456.03,110.38,0.52,0.0023,214.06,69.78,109.39,339.66,241.34,203.27,0.2079,23609.45,370.0,4721.89,51940.8,0.0157,0.882,2.8074,3.6697,20.0,0.0,1.0,C2_BEACONING
16.5977,63.0,23.0,40.0,56613.54,6088.99,50524.55,3410.92,3.8,-0.7849,898.63,402.73,294.54,1500.0,861.75,813.24,0.5375,263.46,193.06,52.69,579.6,0.7328,0.026,3.7066,2.3314,16.0,0.0,0.0,BENIGN_WEB
8.1709,64.0,23.0,41.0,46783.49,10343.11,36440.39,5725.63,7.83,-0.5578,730.99,343.88,215.17,1349.98,710.25,630.07,0.3305,127.67,149.3,25.53,280.87,1.1694,0.0479,4.4888,3.0778,16.0,0.0,0.0,BENIGN_WEB
46.9581,16.0,8.0,8.0,4608.51,2780.51,1828.0,98.14,0.34,0.2067,288.03,105.68,129.51,478.26,276.15,306.99,0.4487,11710.36,344.76,2342.07,25762.79,0.0294,0.957,2.4805,4.0462,26.0,1.0,1.0,C2_BEACONING
32.4643,190.0,158.0,32.0,265913.62,260250.77,5662.85,8190.97,5.85,0.9574,1399.55,112.09,1231.4,1500.0,1342.19,1283.03,0.2292,21.45,13.21,4.29,47.18,0.6159,0.1819,2.1043,3.5742,21.0,1.0,0.0,DATA_EXFILTRATION
8.262,959.0,758.0,201.0,1369277.54,1237119.13,132158.4,165732.48,116.07,0.807,1427.82,271.44,1020.65,1500.0,1272.25,1254.91,0.4274,44.07,11.67,8.81,96.96,0.2648,0.259,2.5721,3.2805,18.0,1.0,0.0,DATA_EXFILTRATION
21.747,353.0,290.0,63.0,477573.74,456548.56,21025.18,21960.46,16.23,0.912,1352.9,226.65,1012.92,1500.0,1369.52,1454.07,0.5507,26.64,7.83,5.33,58.61,0.2941,0.224,2.212,3.7283,23.0,0.0,0.0,DATA_EXFILTRATION
32.5467,1324.0,1156.0,168.0,1732732.97,1616963.94,115769.03,53238.39,40.68,0.8664,1308.71,110.67,1142.7,1500.0,1347.3,1170.59,0.2792,18.81,10.97,3.76,41.38,0.5834,0.2376,2.1099,3.3145,28.0,1.0,1.0,DATA_EXFILTRATION
3.8961,70.0,25.0,45.0,62530.08,15842.28,46687.8,16049.39,17.97,-0.4933,893.29,335.41,390.17,1497.03,794.64,791.19,0.4472,55.66,63.87,11.13,122.45,1.1476,0.0231,4.8133,2.5668,9.0,0.0,0.0,BENIGN_WEB
16.4459,15.0,5.0,10.0,10456.68,2748.32,7708.36,635.82,0.91,-0.4743,697.11,442.59,40.0,1493.77,681.84,685.64,0.5538,1096.39,1071.39,219.28,2412.06,0.9772,0.0349,4.7856,2.2713,12.0,0.0,0.0,BENIGN_WEB
8.306,37.0,14.0,23.0,37976.84,4312.43,33664.41,4572.24,4.45,-0.7729,1026.4,525.14,238.69,1500.0,953.8,1137.27,0.4588,224.49,184.55,44.9,493.87,0.8221,0.1328,4.3266,2.8577,9.0,0.0,0.0,BENIGN_WEB
19.1217,618.0,536.0,82.0,794346.27,781360.89,12985.38,41541.68,32.32,0.9673,1285.35,145.55,1067.03,1500.0,1135.8,1257.21,0.349,21.34,8.57,4.27,46.94,0.4015,0.17,2.486,3.4511,16.0,1.0,1.0,DATA_EXFILTRATION
18.3022,71.0,28.0,43.0,70624.03,9892.19,60731.84,3858.77,3.88,-0.7199,994.7,385.13,417.01,1500.0,1021.25,1025.84,0.5144,257.78,292.77,51.56,567.11,1.1357,0.1186,3.9198,2.6413,12.0,0.0,0.0,BENIGN_WEB
58.7367,8.0,4.0,4.0,1977.95,1128.18,849.76,33.67,0.14,0.1408,247.24,59.43,158.11,354.21,276.14,258.97,0.4523,10632.66,1137.97,2126.53,23391.85,0.107,0.8977,3.0013,3.4525,26.0,1.0,1.0,C2_BEACONING
50.3346,226.0,199.0,27.0,309178.36,285741.37,23436.99,6142.46,4.49,0.8484,1368.05,207.84,1056.28,1500.0,1472.39,1538.51,0.5884,47.09,12.55,9.42,103.6,0.2666,0.2051,2.8821,3.1813,22.0,0.0,0.0,DATA_EXFILTRATION
59.2071,8.0,4.0,4.0,3233.11,1580.19,1652.92,54.61,0.14,-0.0225,404.14,93.14,264.43,571.79,401.18,419.36,0.5561,9514.06,852.77,1902.81,20930.94,0.0896,0.9633,2.4314,3.471,22.0,1.0,1.0,C2_BEACONING
22.0536,20.0,7.0,13.0,12422.39,1872.21,10550.18,563.28,0.91,-0.6986,621.12,341.27,109.22,1235.4,629.42,536.0,0.4728,1102.68,1081.51,220.54,2425.89,0.9808,0.1112,4.8271,2.8388,8.0,0.0,0.0,BENIGN_WEB
29.0637,82.0,25.0,57.0,71709.34,10175.74,61533.61,2467.31,2.82,-0.7162,874.5,368.6,321.61,1500.0,859.56,938.31,0.5044,354.44,409.12,70.89,779.76,1.1543,0.074,3.7189,2.1727,19.0,0.0,0.0,BENIGN_WEB
37.6109,18.0,9.0,9.0,6939.81,3582.33,3357.49,184.52,0.48,0.0324,385.55,112.36,217.01,587.79,416.95,363.2,0.5256,8069.11,422.44,1613.82,17752.05,0.0524,0.914,2.7563,3.8624,15.0,1.0,1.0,C2_BEACONING
51.996,8.0,4.0,4.0,2137.95,1109.18,1028.77,41.12,0.15,0.0376,267.24,88.41,134.63,426.38,265.05,293.9,0.2374,10625.6,1020.6,2125.12,23376.32,0.0961,0.9398,2.2467,3.5697,16.0,1.0,0.0,C2_BEACONING
22.2702,26.0,8.0,18.0,18607.43,3428.89,15178.54,835.53,1.17,-0.6314,715.67,484.01,40.0,1500.0,618.67,781.05,0.5003,856.54,996.95,171.31,1884.4,1.1639,0.1335,4.6345,2.3265,19.0,0.0,0.0,BENIGN_WEB
10.4757,1537.0,1210.0,327.0,1892464.48,1694127.54,198336.93,180652.85,146.72,0.7904,1231.27,186.36,951.73,1500.0,1259.41,1287.4,0.2511,17.16,8.09,3.43,37.75,0.4712,0.1218,2.5649,3.0763,16.0,0.0,0.0,DATA_EXFILTRATION
10.9029,76.0,27.0,49.0,71800.79,14620.48,57180.31,6585.47,6.97,-0.5927,944.75,455.49,261.52,1500.0,946.55,949.08,0.5206,143.46,206.24,28.69,315.61,1.4376,0.1145,4.0273,3.0231,11.0,0.0,0.0,BENIGN_WEB
10.8736,15.0,5.0,10.0,15543.49,1622.26,13921.24,1429.47,1.38,-0.7913,1036.23,389.84,451.47,1500.0,973.29,1136.53,0.4687,724.91,1054.14,144.98,1594.8,1.4542,0.1256,4.1495,2.6961,16.0,0.0,0.0,BENIGN_WEB
59.8184,13.0,6.0,7.0,3882.75,2039.33,1843.42,64.91,0.22,0.0505,298.67,86.51,168.91,454.39,315.43,305.09,0.2671,7760.48,728.67,1552.1,17073.07,0.0939,0.9433,2.5131,4.1149,23.0,0.0,0.0,C2_BEACONING
18.0519,69.0,19.0,50.0,58704.39,7370.71,51333.68,3251.99,3.82,-0.7489,850.79,369.79,296.1,1500.0,843.2,959.9,0.2605,261.62,263.09,52.32,575.57,1.0056,0.135,4.3477,2.1019,15.0,0.0,0.0,BENIGN_WEB
28.4434,26.0,9.0,17.0,24079.22,5064.3,19014.92,846.57,0.91,-0.5794,926.12,336.58,421.25,1500.0,831.93,828.28,0.4734,1093.98,964.89,218.8,2406.75,0.882,0.0394,4.5867,2.1848,9.0,0.0,0.0,BENIGN_WEB
8.5665,79.0,29.0,50.0,75723.58,13127.16,62596.43,8839.5,9.22,-0.6533,958.53,393.53,368.23,1500.0,816.94,955.63,0.5949,108.44,136.99,21.69,238.56,1.2633,0.0614,4.6396,2.6079,8.0,0.0,0.0,BENIGN_WEB
13.6806,31.0,11.0,20.0,32106.53,5250.12,26856.41,2346.86,2.27,-0.673,1035.69,388.44,453.04,1500.0,1027.96,1101.34,0.5574,441.31,702.53,88.26,970.88,1.5919,0.0711,4.938,2.2172,19.0,0.0,0.0,BENIGN_WEB
46.1027,1588.0,1266.0,322.0,2050396.45,1947487.0,102909.44,44474.59,34.44,0.8996,1291.18,172.83,1031.94,1500.0,1401.18,1397.56,0.3727,35.54,8.82,7.11,78.18,0.2483,0.2179,2.4682,2.9586,22.0,0.0,0.0,DATA_EXFILTRATION
69.7302,17.0,8.0,9.0,5747.52,3338.37,2409.15,82.43,0.24,0.1617,338.09,124.75,150.96,562.64,343.5,328.49,0.2078,15796.64,1531.49,3159.33,34752.6,0.097,0.987,2.5522,3.6829,31.0,1.0,0.0,C2_BEACONING
22.4867,20.0,10.0,10.0,4534.09,2403.74,2130.34,201.63,0.89,0.0603,226.7,61.23,134.86,336.92,238.44,209.87,0.2056,18182.42,202.09,3636.48,40001.32,0.0111,0.8926,2.2742,3.8845,17.0,1.0,0.0,C2_BEACONING
13.4978,67.0,26.0,41.0,67306.63,18767.12,48539.51,4986.49,4.96,-0.4423,1004.58,555.58,171.21,1500.0,1088.19,1086.19,0.2148,201.46,300.87,40.29,443.21,1.4934,0.0131,3.8117,2.5569,18.0,0.0,0.0,BENIGN_WEB
27.5919,75.0,26.0,49.0,60501.97,12711.5,47790.46,2192.74,2.72,-0.5798,806.69,570.53,40.0,1500.0,772.0,914.45,0.4468,367.89,342.87,73.58,809.36,0.932,0.0404,4.3608,2.204,16.0,0.0,0.0,BENIGN_WEB
39.933,1358.0,1225.0,133.0,1949438.07,1861847.4,87590.67,48817.69,34.01,0.9101,1435.52,236.39,1080.94,1500.0,1373.85,1308.7,0.3091,44.96,23.3,8.99,98.92,0.5183,0.2749,2.3773,2.9652,19.0,1.0,1.0,DATA_EXFILTRATION
53.0134,766.0,597.0,169.0,1103824.87,1006562.84,97262.03,20821.6,14.45,0.8238,1441.02,118.98,1262.55,1500.0,1542.64,1410.8,0.5023,19.27,6.67,3.85,42.39,0.3463,0.1637,2.137,3.7324,18.0,1.0,0.0,DATA_EXFILTRATION
42.4385,1054.0,833.0,221.0,1477855.63,1442530.44,35325.19,34823.45,24.84,0.9522,1402.14,122.52,1218.36,1500.0,1463.61,1301.7,0.4403,43.14,19.11,8.63,94.91,0.4429,0.1706,2.5887,3.3383,19.0,0.0,1.0,DATA_EXFILTRATION
29.1697,44.0,13.0,31.0,29032.02,6040.03,22991.99,995.28,1.51,-0.5839,659.82,554.4,40.0,1500.0,591.55,731.86,0.5658,662.95,560.24,132.59,1458.48,0.8451,0.0838,4.5244,2.2455,9.0,0.0,0.0,BENIGN_WEB
28.3361,71.0,28.0,43.0,71183.45,18124.67,53058.78,2512.11,2.51,-0.4908,1002.58,546.22,183.25,1500.0,1013.56,1100.8,0.2756,399.1,487.44,79.82,878.02,1.2213,0.0688,4.7089,2.2736,13.0,0.0,0.0,BENIGN_WEB
97.2863,21.0,10.0,11.0,7482.53,3339.86,4142.67,76.91,0.22,-0.1073,356.31,48.38,283.74,443.39,390.12,380.12,0.5782,23610.1,2283.14,4722.02,51942.22,0.0967,0.9026,2.1471,3.7437,20.0,1.0,1.0,C2_BEACONING
60.6238,18.0,9.0,9.0,3646.98,2180.2,1466.78,60.16,0.3,0.1956,202.61,96.88,57.28,377.0,229.69,221.24,0.2723,5199.23,372.06,1039.85,11438.3,0.0716,0.9409,2.593,3.5048,32.0,1.0,1.0,C2_BEACONING
47.519,457.0,370.0,87.0,631595.32,593263.01,38332.31,13291.41,9.62,0.8786,1382.05,205.25,1074.17,1500.0,1536.69,1482.14,0.6056,16.21,6.01,3.24,35.66,0.3705,0.2479,2.0171,3.2076,29.0,0.0,0.0,DATA_EXFILTRATION
29.4161,59.0,24.0,35.0,59772.29,15242.29,44530.0,2031.96,2.01,-0.49,1013.09,466.54,313.27,1500.0,957.98,1027.61,0.3435,498.58,383.24,99.72,1096.87,0.7687,0.0684,4.805,2.7058,9.0,0.0,0.0,BENIGN_WEB
12.5749,1019.0,922.0,97.0,1293095.9,1189463.93,103631.97,102831.83,81.03,0.8397,1268.99,182.63,995.04,1500.0,1179.96,1394.35,0.2948,35.73,13.06,7.15,78.6,0.3656,0.197,2.6079,3.7379,21.0,1.0,0.0,DATA_EXFILTRATION
50.2094,12.0,6.0,6.0,4033.5,2203.06,1830.44,80.33,0.24,0.0924,336.13,115.77,162.48,544.5,376.36,293.79,0.4355,21292.48,1768.55,4258.5,46843.46,0.0831,0.8826,2.3511,3.8661,20.0,1.0,0.0,C2_BEACONING
17.2684,64.0,22.0,42.0,48111.97,5589.1,42522.87,2786.13,3.71,-0.7677,751.75,340.37,241.19,1364.42,663.72,815.48,0.5345,269.82,391.53,53.96,593.6,1.4511,0.0443,4.6864,2.951,14.0,0.0,0.0,BENIGN_WEB
97.155,22.0,11.0,11.0,8428.26,5436.0,2992.26,86.75,0.23,0.2899,383.1,61.51,290.84,493.82,374.98,373.34,0.2841,26902.88,2169.08,5380.58,59186.35,0.0806,0.9549,2.6365,4.1429,15.0,0.0,0.0,C2_BEACONING
23.3002,56.0,18.0,38.0,40177.01,5146.73,35030.28,1724.32,2.4,-0.7438,717.45,430.13,72.25,1491.68,800.7,636.34,0.1866,416.07,338.88,83.21,915.36,0.8145,0.0375,4.716,2.2092,16.0,0.0,0.0,BENIGN_WEB
5.1883,39.0,14.0,25.0,34369.91,6365.86,28004.06,6624.5,7.52,-0.6296,881.28,342.48,367.56,1497.75,833.57,990.11,0.4815,133.03,161.01,26.61,292.67,1.2103,0.0307,4.29,2.5205,12.0,0.0,0.0,BENIGN_WEB
12.3702,75.0,21.0,54.0,53784.89,6908.33,46876.56,4347.94,6.06,-0.7431,717.13,446.22,47.8,1500.0,805.91,721.25,0.6184,164.94,116.87,32.99,362.86,0.7086,0.1124,4.5493,2.3265,13.0,0.0,0.0,BENIGN_WEB
26.0149,25.0,12.0,13.0,5884.4,3049.09,2835.31,226.19,0.96,0.0363,235.38,55.68,151.86,335.6,215.44,241.96,0.5329,21968.57,645.62,4393.71,48330.86,0.0294,0.9055,2.767,4.1115,15.0,1.0,0.0,C2_BEACONING
77.6199,24.0,12.0,12.0,4775.65,2774.29,2001.36,61.53,0.31,0.1618,198.99,62.26,105.6,311.05,176.7,200.06,0.2728,17393.16,429.77,3478.63,38264.95,0.0247,0.9133,2.3785,4.1241,23.0,1.0,0.0,C2_BEACONING
81.2619,13.0,6.0,7.0,4069.88,2651.63,1418.25,50.08,0.16,0.3031,313.07,90.82,176.84,476.55,286.9,336.74,0.3894,12374.85,251.31,2474.97,27224.68,0.0203,0.9382,2.1169,3.4937,22.0,1.0,0.0,C2_BEACONING
24.7543,23.0,11.0,12.0,4683.86,2475.92,2207.94,189.21,0.93,0.0572,203.65,55.56,120.31,303.65,179.27,217.28,0.4506,12403.47,1090.65,2480.69,27287.63,0.0879,0.9016,2.5291,3.6843,32.0,1.0,0.0,C2_BEACONING
25.8131,25.0,12.0,13.0,5068.94,2618.9,2450.03,196.37,0.97,0.0333,202.76,57.29,116.82,305.89,217.63,185.6,0.445,16180.88,1507.74,3236.18,35597.94,0.0932,0.9869,2.1394,4.176,19.0,1.0,0.0,C2_BEACONING
104.8508,10.0,5.0,5.0,3722.5,2354.15,1368.35,35.5,0.1,0.2648,372.25,126.61,182.33,600.15,371.09,332.3,0.2504,22309.81,1703.68,4461.96,49081.58,0.0764,0.9714,2.1902,4.1768,22.0,1.0,0.0,C2_BEACONING
4.4743,48.0,17.0,31.0,50636.32,10157.98,40478.34,11317.06,10.73,-0.5988,1054.92,488.07,322.82,1500.0,1029.36,1174.24,0.5398,93.22,158.98,18.64,205.07,1.7056,0.1151,4.3841,3.0691,10.0,0.0,0.0,BENIGN_WEB
42.9812,1055.0,887.0,168.0,1325636.51,1281346.41,44290.11,30842.26,24.55,0.9332,1256.53,164.34,1010.02,1500.0,1191.84,1396.84,0.549,14.05,5.19,2.81,30.91,0.3691,0.1506,2.4584,3.8311,23.0,1.0,1.0,DATA_EXFILTRATION
6.7816,76.0,25.0,51.0,53385.17,11579.85,41805.32,7872.02,11.21,-0.5662,702.44,570.5,40.0,1500.0,790.35,684.81,0.3876,89.23,100.54,17.85,196.31,1.1267,0.0355,3.6298,2.2151,21.0,0.0,0.0,BENIGN_WEB
64.5018,12.0,6.0,6.0,2504.41,1451.37,1053.04,38.83,0.19,0.159,208.7,72.47,100.0,339.14,192.33,227.56,0.1913,12265.57,910.75,2453.11,26984.25,0.0743,0.9234,2.3285,4.2043,19.0,1.0,0.0,C2_BEACONING
7.4153,57.0,18.0,39.0,49576.04,6753.3,42822.74,6685.62,7.69,-0.7276,869.76,576.19,40.0,1500.0,918.09,947.94,0.5923,130.09,212.99,26.02,286.21,1.6372,0.1232,4.6199,2.1083,21.0,0.0,0.0,BENIGN_WEB
54.6044,20.0,10.0,10.0,6533.9,3092.41,3441.49,119.66,0.37,-0.0534,326.69,98.18,179.42,503.43,350.96,338.1,0.5064,23996.32,2482.98,4799.26,52791.91,0.1035,0.9337,2.27,3.7842,24.0,0.0,1.0,C2_BEACONING
43.5138,964.0,852.0,112.0,1377810.61,1353590.38,24220.24,31663.79,22.15,0.9648,1429.26,234.65,1077.28,1500.0,1509.91,1275.94,0.5901,15.35,4.74,3.07,33.77,0.3086,0.2083,2.1897,3.3075,22.0,1.0,0.0,DATA_EXFILTRATION
30.2477,19.0,6.0,13.0,15760.79,3257.51,12503.28,521.06,0.63,-0.5866,829.52,377.11,263.85,1500.0,753.58,839.26,0.5558,1591.98,2356.74,318.4,3502.37,1.4804,0.0229,3.7367,2.9605,16.0,0.0,0.0,BENIGN_WEB
14.3522,17.0,6.0,11.0,16460.25,2538.06,13922.19,1146.88,1.18,-0.6916,968.25,494.74,226.14,1500.0,854.67,953.03,0.6029,844.25,1019.98,168.85,1857.35,1.2082,0.1197,3.9661,2.5773,16.0,0.0,0.0,BENIGN_WEB
9.4976,26.0,8.0,18.0,21373.11,5329.82,16043.29,2250.36,2.74,-0.5013,822.04,426.74,181.93,1500.0,795.27,789.42,0.1822,365.29,485.34,73.06,803.64,1.3286,0.0507,4.3131,2.2129,12.0,0.0,0.0,BENIGN_WEB
21.3353,84.0,26.0,58.0,81112.45,15585.63,65526.83,3801.8,3.94,-0.6157,965.62,394.15,374.4,1500.0,840.65,1098.65,0.2821,253.99,311.34,50.8,558.78,1.2258,0.0889,4.5337,2.2475,20.0,0.0,0.0,BENIGN_WEB
47.6777,22.0,11.0,11.0,8968.92,4436.22,4532.7,188.12,0.46,-0.0108,407.68,102.61,253.76,592.38,397.61,415.17,0.52,19126.26,876.02,3825.25,42077.78,0.0458,0.9035,2.7428,3.9782,30.0,1.0,0.0,C2_BEACONING
9.4813,69.0,20.0,49.0,47586.64,7078.82,40507.82,5019.02,7.28,-0.7025,689.66,374.95,127.23,1364.58,636.32,750.6,0.4492,137.41,211.11,27.48,302.3,1.5364,0.0175,3.7488,2.6639,18.0,0.0,0.0,BENIGN_WEB
19.7089,76.0,23.0,53.0,79085.96,12414.08,66671.88,4012.71,3.86,-0.6861,1040.6,321.13,558.91,1500.0,1035.13,1161.55,0.253,259.33,193.08,51.87,570.52,0.7445,0.0459,3.746,2.491,12.0,0.0,0.0,BENIGN_WEB
11.2231,31.0,9.0,22.0,22524.04,5855.4,16668.64,2006.93,2.76,-0.4801,726.58,422.16,93.34,1486.47,809.33,686.21,0.2438,362.04,624.38,72.41,796.48,1.7246,0.0832,4.8683,2.3107,15.0,0.0,0.0,BENIGN_WEB
24.0395,69.0,22.0,47.0,73804.69,17685.14,56119.56,3070.14,2.87,-0.5208,1069.63,489.39,335.55,1500.0,1089.69,969.37,0.1946,348.4,473.02,69.68,766.48,1.3577,0.0689,4.5648,3.0467,10.0,0.0,0.0,BENIGN_WEB
16.202,56.0,21.0,35.0,49874.71,7859.99,42014.72,3078.31,3.46,-0.6848,890.62,338.91,382.25,1500.0,928.55,814.97,0.2244,289.32,272.12,57.86,636.51,0.9405,0.1368,4.1056,2.3234,14.0,0.0,0.0,BENIGN_WEB
18.1881,70.0,27.0,43.0,64556.09,14841.18,49714.91,3549.36,3.85,-0.5402,922.23,514.27,150.83,1500.0,800.49,964.09,0.522,259.83,311.5,51.97,571.63,1.1988,0.0879,4.9767,3.0006,21.0,0.0,0.0,BENIGN_WEB
7.5363,38.0,10.0,28.0,25991.43,5125.24,20866.19,3448.82,5.04,-0.6056,683.99,558.98,40.0,1500.0,730.71,749.52,0.3112,198.32,264.74,39.66,436.31,1.3349,0.0252,4.1738,2.7599,11.0,0.0,0.0,BENIGN_WEB
16.4347,21.0,7.0,14.0,21336.73,2922.89,18413.83,1298.27,1.28,-0.726,1016.03,327.23,525.2,1500.0,1091.18,1123.67,0.2467,782.6,1317.95,156.52,1721.73,1.6841,0.0978,4.4057,2.182,20.0,0.0,0.0,BENIGN_WEB
35.6723,215.0,172.0,43.0,286683.04,266763.14,19919.9,8036.57,6.03,0.861,1333.41,196.09,1039.28,1500.0,1227.16,1255.82,0.2213,45.76,24.17,9.15,100.67,0.5283,0.2154,2.0798,3.5712,15.0,1.0,1.0,DATA_EXFILTRATION
21.405,28.0,8.0,20.0,21597.97,5572.63,16025.34,1009.01,1.31,-0.484,771.36,473.21,61.54,1500.0,770.25,803.33,0.2665,764.46,960.08,152.89,1681.82,1.2559,0.014,5.0183,2.2064,12.0,0.0,0.0,BENIGN_WEB
39.0612,1154.0,1049.0,105.0,1420461.96,1281451.68,139010.28,36365.06,29.54,0.8043,1230.9,132.0,1032.9,1468.5,1102.17,1265.9,0.4161,35.27,22.32,7.05,77.59,0.6327,0.1536,2.8144,3.7268,24.0,0.0,0.0,DATA_EXFILTRATION
22.3986,925.0,847.0,78.0,1274059.98,1255780.87,18279.11,56881.24,41.3,0.9713,1377.36,228.38,1034.79,1500.0,1400.64,1225.51,0.3346,26.2,6.03,5.24,57.65,0.23,0.2091,2.433,3.5236,23.0,0.0,0.0,DATA_EXFILTRATION
54.8408,25.0,12.0,13.0,8387.89,5043.6,3344.28,152.95,0.46,0.2026,335.52,66.85,235.25,455.84,354.26,344.26,0.277,20581.1,2143.8,4116.22,45278.42,0.1042,0.9117,2.6605,3.7292,28.0,1.0,0.0,C2_BEACONING
29.6884,23.0,11.0,12.0,7871.29,4926.1,2945.19,265.13,0.77,0.2517,342.23,76.77,227.08,480.41,307.9,319.08,0.5878,12618.44,582.9,2523.69,27760.57,0.0462,0.9573,2.8539,4.0732,28.0,1.0,0.0,C2_BEACONING
28.3274,33.0,9.0,24.0,31232.58,5378.0,25854.58,1102.56,1.16,-0.6556,946.44,350.42,420.81,1500.0,1071.26,999.44,0.5533,858.41,1267.34,171.68,1888.49,1.4764,0.042,4.6286,2.8184,13.0,0.0,0.0,BENIGN_WEB
11.2023,80.0,30.0,50.0,56583.84,5383.66,51200.18,5051.11,7.14,-0.8097,707.3,493.72,40.0,1500.0,739.86,776.31,0.5669,140.03,136.36,28.01,308.06,0.9738,0.0314,4.9923,2.9012,21.0,0.0,0.0,BENIGN_WEB
10.6616,41.0,12.0,29.0,35694.0,8834.19,26859.82,3347.9,3.85,-0.505,870.59,379.35,301.56,1500.0,821.11,889.15,0.3075,260.04,314.0,52.01,572.09,1.2075,0.1121,3.8309,2.8196,17.0,0.0,0.0,BENIGN_WEB
7.0932,57.0,17.0,40.0,57318.25,13170.35,44147.9,8080.77,8.04,-0.5404,1005.58,491.96,267.64,1500.0,953.52,861.64,0.4866,124.44,131.75,24.89,273.77,1.0587,0.0784,4.9572,2.1141,14.0,0.0,0.0,BENIGN_WEB
4.4999,47.0,17.0,30.0,48159.39,4611.65,43547.75,10702.4,10.44,-0.8085,1024.67,487.97,292.72,1500.0,1089.75,1048.45,0.2617,95.74,79.33,19.15,210.63,0.8285,0.032,4.2927,3.089,19.0,0.0,0.0,BENIGN_WEB
46.8025,342.0,310.0,32.0,454127.36,421761.18,32366.18,9703.05,7.31,0.8575,1327.86,270.16,922.62,1500.0,1172.0,1482.5,0.5174,45.67,25.9,9.13,100.48,0.567,0.2404,2.1036,2.9905,29.0,0.0,0.0,DATA_EXFILTRATION
57.4673,23.0,11.0,12.0,5743.92,3749.04,1994.89,99.95,0.4,0.3054,249.74,51.45,172.57,342.34,256.35,275.59,0.4705,16254.04,1210.28,3250.81,35758.89,0.0745,0.9082,2.1432,3.4657,24.0,1.0,1.0,C2_BEACONING
85.4386,19.0,9.0,10.0,5677.26,3738.1,1939.16,66.45,0.22,0.3169,298.8,112.57,129.94,501.44,279.81,309.9,0.5818,6908.99,365.47,1381.8,15199.78,0.0529,0.9133,2.4553,3.6797,29.0,0.0,0.0,C2_BEACONING
31.4468,28.0,8.0,20.0,29494.1,6830.95,22663.15,937.91,0.89,-0.5368,1053.36,394.23,462.02,1500.0,1130.62,1072.42,0.3522,1123.1,1411.07,224.62,2470.82,1.2564,0.1201,4.663,2.3614,17.0,0.0,0.0,BENIGN_WEB
17.5895,47.0,17.0,30.0,47836.33,9702.86,38133.47,2719.6,2.67,-0.5943,1017.79,426.63,377.85,1500.0,1065.44,898.88,0.6057,374.24,597.57,74.85,823.34,1.5967,0.03,4.7948,2.4584,14.0,0.0,0.0,BENIGN_WEB
31.8816,927.0,726.0,201.0,1248827.66,1224208.1,24619.57,39170.79,29.08,0.9606,1347.17,252.65,968.19,1500.0,1401.88,1471.93,0.3014,44.07,15.98,8.81,96.95,0.3627,0.1711,2.8938,3.8113,20.0,0.0,0.0,DATA_EXFILTRATION
12.1507,54.0,15.0,39.0,45932.93,6727.42,39205.51,3780.26,4.44,-0.7071,850.61,566.41,40.0,1500.0,771.5,825.93,0.4392,225.01,180.47,45.0,495.03,0.802,0.1148,4.7586,2.5928,12.0,0.0,0.0,BENIGN_WEB
27.126,10.0,5.0,5.0,3093.97,1621.06,1472.92,114.06,0.37,0.0479,309.4,129.05,115.82,541.69,330.16,316.51,0.2017,23316.17,1552.5,4663.23,51295.57,0.0666,0.9299,3.081,3.8846,33.0,1.0,0.0,C2_BEACONING
3.4148,64.0,19.0,45.0,42311.11,9428.9,32882.21,12390.67,18.74,-0.5543,661.11,577.33,40.0,1500.0,607.4,604.44,0.2469,53.36,79.03,10.67,117.38,1.4812,0.1209,3.6323,2.7086,13.0,0.0,0.0,BENIGN_WEB
23.252,44.0,17.0,27.0,27883.1,4481.73,23401.37,1199.17,1.89,-0.6785,633.71,346.38,114.14,1257.19,653.6,691.24,0.4653,528.46,388.2,105.69,1162.6,0.7346,0.0672,4.1462,2.7165,19.0,0.0,0.0,BENIGN_WEB
47.8017,1007.0,848.0,159.0,1341914.08,1222857.35,119056.74,28072.52,21.07,0.8226,1332.59,248.95,959.17,1500.0,1413.95,1412.57,0.5463,47.57,11.14,9.51,104.66,0.2341,0.1792,2.0097,3.3994,27.0,0.0,0.0,DATA_EXFILTRATION
38.5472,631.0,496.0,135.0,811980.97,726925.04,85055.93,21064.57,16.37,0.7905,1286.82,111.16,1120.08,1486.9,1162.12,1273.94,0.5393,14.65,5.13,2.93,32.23,0.3505,0.1715,2.0863,3.401,27.0,1.0,1.0,DATA_EXFILTRATION
69.1771,13.0,6.0,7.0,5027.43,3128.66,1898.77,72.67,0.19,0.2446,386.73,132.59,187.84,625.39,334.32,389.26,0.3065,6896.37,653.36,1379.27,15172.02,0.0947,0.9083,2.8862,3.6376,26.0,1.0,1.0,C2_BEACONING
29.1694,21.0,6.0,15.0,19187.8,3410.14,15777.65,657.81,0.72,-0.6446,913.7,419.9,283.86,1500.0,897.96,909.67,0.1817,1389.02,1195.61,277.8,3055.84,0.8608,0.0557,5.053,3.0294,20.0,0.0,0.0,BENIGN_WEB
9.1606,323.0,289.0,34.0,423508.64,418438.86,5069.77,46231.71,35.26,0.9761,1311.17,208.63,998.23,1500.0,1502.69,1418.44,0.5578,25.5,12.92,5.1,56.1,0.5068,0.2201,1.982,3.0477,16.0,0.0,0.0,DATA_EXFILTRATION
15.0812,48.0,15.0,33.0,41036.87,7455.09,33581.77,2721.06,3.18,-0.6367,854.93,541.59,42.56,1500.0,785.94,868.05,0.5433,314.19,492.98,62.84,691.22,1.569,0.0343,4.34,2.2666,19.0,0.0,0.0,BENIGN_WEB
4.8175,71.0,27.0,44.0,62063.99,16187.12,45876.87,12882.92,14.74,-0.4784,874.14,464.49,177.4,1500.0,914.14,849.13,0.5284,67.85,87.15,13.57,149.28,1.2843,0.0335,3.7574,2.3086,11.0,0.0,0.0,BENIGN_WEB
26.7991,10.0,5.0,5.0,3804.84,1750.38,2054.46,141.98,0.37,-0.0799,380.48,110.71,214.42,579.77,343.94,417.96,0.2616,20510.16,1497.22,4102.03,45122.35,0.073,0.9672,2.894,3.7067,19.0,1.0,0.0,C2_BEACONING
7.9256,69.0,22.0,47.0,48507.73,12055.14,36452.59,6120.38,8.71,-0.503,703.01,329.56,208.67,1296.22,643.11,725.62,0.3397,114.86,129.2,22.97,252.7,1.1248,0.0742,3.6949,2.9932,16.0,0.0,0.0,BENIGN_WEB
8.3374,76.0,21.0,55.0,47982.95,7596.97,40385.98,5755.15,9.12,-0.6833,631.35,354.06,100.27,1268.66,586.21,542.36,0.434,109.7,155.48,21.94,241.35,1.4172,0.0253,4.1528,2.2014,20.0,0.0,0.0,BENIGN_WEB
87.2455,20.0,10.0,10.0,4846.62,2516.4,2330.23,55.55,0.23,0.0384,242.33,48.04,170.27,328.81,206.6,259.66,0.2429,17845.04,1437.65,3569.01,39259.09,0.0806,0.9494,2.176,3.4901,21.0,1.0,1.0,C2_BEACONING
15.7924,31.0,10.0,21.0,25218.05,3895.59,21322.47,1596.85,1.96,-0.691,813.49,550.7,40.0,1500.0,741.82,746.4,0.4428,509.43,797.74,101.89,1120.75,1.5659,0.0975,4.4302,2.5613,20.0,0.0,0.0,BENIGN_WEB
46.692,876.0,694.0,182.0,1217509.25,1096316.65,121192.6,26075.31,18.76,0.8009,1389.85,254.87,1007.54,1500.0,1457.65,1282.44,0.3702,43.92,17.35,8.78,96.62,0.395,0.2359,2.1356,3.6276,20.0,0.0,1.0,DATA_EXFILTRATION
20.4595,1553.0,1361.0,192.0,2227752.26,2129610.14,98142.12,108886.04,75.91,0.9119,1434.48,212.04,1116.42,1500.0,1589.33,1297.11,0.456,43.42,27.59,8.68,95.52,0.6355,0.1685,2.0547,2.9689,16.0,1.0,0.0,DATA_EXFILTRATION
4.0907,67.0,20.0,47.0,68839.33,9091.8,59747.53,16828.42,16.38,-0.7359,1027.45,487.08,296.83,1500.0,936.06,874.47,0.4175,61.05,66.08,12.21,134.32,1.0824,0.0444,4.0558,2.8623,16.0,0.0,0.0,BENIGN_WEB
35.9597,558.0,442.0,116.0,699492.67,676112.99,23379.68,19452.11,15.52,0.9332,1253.57,172.85,994.3,1500.0,1084.15,1119.31,0.4685,34.47,15.21,6.89,75.83,0.4412,0.1483,2.2125,3.0181,15.0,0.0,0.0,DATA_EXFILTRATION
24.5661,399.0,325.0,74.0,523192.63,508855.68,14336.94,21297.36,16.24,0.9452,1311.26,119.0,1132.76,1500.0,1124.44,1202.49,0.24,20.14,4.79,4.03,44.31,0.238,0.2625,2.3286,3.3229,24.0,0.0,0.0,DATA_EXFILTRATION
20.1155,63.0,25.0,38.0,65609.74,8230.84,57378.9,3261.65,3.13,-0.7491,1041.42,572.57,182.57,1500.0,896.04,1033.89,0.4774,319.29,352.69,63.86,702.45,1.1046,0.047,4.5029,2.6206,9.0,0.0,0.0,BENIGN_WEB
99.0367,23.0,11.0,12.0,5215.08,2900.92,2314.16,52.66,0.23,0.1125,226.74,115.48,53.53,434.6,252.75,236.92,0.2926,12651.05,698.32,2530.21,27832.31,0.0552,0.8943,2.4095,4.1915,16.0,0.0,0.0,C2_BEACONING
87.1379,16.0,8.0,8.0,4620.0,3007.46,1612.55,53.02,0.18,0.3019,288.75,116.7,113.7,498.81,266.85,320.82,0.3335,27227.56,2915.48,5445.51,59900.64,0.1071,0.9106,2.584,4.1273,18.0,1.0,0.0,C2_BEACONING
41.9977,1428.0,1285.0,143.0,1785843.4,1716704.03,69139.37,42522.44,34.0,0.9226,1250.59,265.41,852.47,1500.0,1152.18,1086.77,0.1902,11.91,7.02,2.38,26.2,0.5892,0.2713,2.2537,3.2183,27.0,0.0,0.0,DATA_EXFILTRATION
30.2985,14.0,7.0,7.0,3814.44,1789.33,2025.11,125.9,0.46,-0.0618,272.46,90.31,136.99,435.02,307.88,290.57,0.3646,6659.62,520.68,1331.92,14651.17,0.0782,0.9706,2.436,3.9405,31.0,1.0,0.0,C2_BEACONING
5.0037,65.0,25.0,40.0,56750.51,12602.72,44147.79,11341.78,12.99,-0.5559,873.08,459.51,183.81,1500.0,816.3,949.68,0.5996,76.98,96.99,15.4,169.35,1.2599,0.0362,3.6016,2.6946,10.0,0.0,0.0,BENIGN_WEB
15.2509,80.0,29.0,51.0,66569.52,9056.24,57513.28,4364.96,5.25,-0.7279,832.12,473.23,122.27,1500.0,719.73,767.52,0.2625,190.64,317.48,38.13,419.4,1.6654,0.0831,4.1521,2.2559,20.0,0.0,0.0,BENIGN_WEB
21.6192,21.0,7.0,14.0,22661.46,3811.09,18850.37,1048.21,0.97,-0.6637,1079.12,556.66,244.13,1500.0,1115.62,1078.61,0.285,1029.48,1624.55,205.9,2264.86,1.578,0.0325,3.801,2.1609,8.0,0.0,0.0,BENIGN_WEB
33.2442,664.0,555.0,109.0,947417.11,872051.75,75365.35,28498.7,19.97,0.8409,1426.83,269.28,1022.92,1500.0,1263.48,1513.92,0.2648,42.07,24.52,8.41,92.56,0.5828,0.2579,2.5406,3.1242,22.0,0.0,1.0,DATA_EXFILTRATION
6.3626,803.0,642.0,161.0,1116735.39,1098040.45,18694.94,175516.04,126.21,0.9665,1390.7,254.35,1009.18,1500.0,1435.98,1353.08,0.594,11.14,5.34,2.23,24.5,0.4791,0.1635,2.4045,3.4106,22.0,0.0,1.0,DATA_EXFILTRATION
88.7878,23.0,11.0,12.0,9192.65,5230.47,3962.18,103.54,0.26,0.138,399.68,64.35,303.15,515.52,370.64,367.0,0.1892,26708.74,781.05,5341.75,58759.23,0.0292,0.9305,2.3874,3.7305,16.0,1.0,0.0,C2_BEACONING
12.8011,25.0,8.0,17.0,23352.39,3603.07,19749.32,1824.25,1.95,-0.6914,934.1,336.26,429.71,1500.0,868.92,1024.39,0.2475,512.04,834.82,102.41,1126.5,1.6304,0.0834,4.2534,2.5911,16.0,0.0,0.0,BENIGN_WEB
97.2522,17.0,8.0,9.0,6929.14,4397.92,2531.23,71.25,0.17,0.2694,407.6,104.02,251.57,594.83,358.64,461.5,0.2425,6309.53,556.6,1261.91,13880.97,0.0882,0.988,2.2846,3.7862,22.0,0.0,1.0,C2_BEACONING
33.1217,710.0,635.0,75.0,965471.55,918394.46,47077.09,29149.23,21.44,0.9025,1359.82,175.89,1095.98,1500.0,1421.29,1393.74,0.5704,44.48,23.39,8.9,97.85,0.526,0.2213,2.7404,3.6683,19.0,0.0,1.0,DATA_EXFILTRATION
5.4784,44.0,14.0,30.0,39332.17,10959.88,28372.29,7179.49,8.03,-0.4427,893.91,346.53,374.12,1500.0,959.53,856.6,0.5559,124.51,201.27,24.9,273.92,1.6165,0.0805,3.8441,2.5105,9.0,0.0,0.0,BENIGN_WEB
27.0932,26.0,10.0,16.0,16753.29,3542.91,13210.38,618.36,0.96,-0.577,644.36,386.67,64.36,1340.36,665.69,685.1,0.2289,1042.05,1049.29,208.41,2292.5,1.007,0.1296,4.2338,2.2708,15.0,0.0,0.0,BENIGN_WEB
22.943,70.0,28.0,42.0,64165.97,9342.82,54823.15,2796.76,3.05,-0.7088,916.66,429.64,272.19,1500.0,948.55,866.68,0.2489,327.76,256.49,65.55,721.07,0.7826,0.0172,3.9744,2.2649,10.0,0.0,0.0,BENIGN_WEB
24.0884,53.0,21.0,32.0,54599.39,4920.7,49678.69,2266.63,2.2,-0.8198,1030.18,541.77,217.52,1500.0,887.87,925.5,0.5014,454.5,370.18,90.9,999.89,0.8145,0.0987,4.5684,2.7933,10.0,0.0,0.0,BENIGN_WEB
51.2584,1450.0,1253.0,197.0,1988778.84,1941808.55,46970.29,38799.12,28.29,0.9528,1371.57,262.59,977.69,1500.0,1352.81,1236.93,0.3509,16.95,5.67,3.39,37.28,0.3345,0.258,2.8595,3.3608,28.0,0.0,0.0,DATA_EXFILTRATION
103.6474,8.0,4.0,4.0,3205.49,2101.26,1104.23,30.93,0.08,0.311,400.69,127.88,208.86,630.88,448.58,407.94,0.3711,14028.1,370.22,2805.62,30861.81,0.0264,0.9613,2.5876,3.7877,26.0,0.0,0.0,C2_BEACONING
55.3224,20.0,10.0,10.0,6021.43,3773.57,2247.86,108.84,0.36,0.2534,301.07,115.35,128.04,508.71,279.08,333.45,0.37,10940.29,905.64,2188.06,24068.64,0.0828,0.9056,2.3791,4.0162,25.0,1.0,1.0,C2_BEACONING
6.9773,40.0,13.0,27.0,41458.24,9007.14,32451.1,5941.87,5.73,-0.5655,1036.46,440.16,376.22,1500.0,919.14,974.15,0.4748,174.43,247.83,34.89,383.75,1.4208,0.0214,4.0607,2.7309,8.0,0.0,0.0,BENIGN_WEB
108.9191,17.0,8.0,9.0,5760.5,2731.5,3029.0,52.89,0.16,-0.0516,338.85,130.16,143.62,573.14,292.81,378.63,0.409,9944.99,925.17,1989.0,21878.97,0.093,0.971,2.736,3.9689,30.0,1.0,1.0,C2_BEACONING
52.2466,688.0,620.0,68.0,996542.28,891153.66,105388.62,19073.82,13.17,0.7885,1448.46,219.1,1119.81,1500.0,1487.85,1591.28,0.4254,43.56,13.75,8.71,95.83,0.3157,0.1252,2.8991,3.0939,24.0,1.0,0.0,DATA_EXFILTRATION
9.5937,83.0,34.0,49.0,67078.13,7003.19,60074.94,6991.89,8.65,-0.7912,808.17,526.83,40.0,1500.0,745.25,791.92,0.2908,115.59,118.09,23.12,254.29,1.0217,0.1258,3.9315,2.9455,19.0,0.0,0.0,BENIGN_WEB
2.8062,37.0,14.0,23.0,28003.73,4424.29,23579.44,9979.07,13.18,-0.684,756.86,547.66,40.0,1500.0,842.33,805.3,0.5446,75.84,92.03,15.17,166.86,1.2133,0.0548,4.4728,2.1338,13.0,0.0,0.0,BENIGN_WEB
54.451,900.0,792.0,108.0,1191757.42,1102717.24,89040.18,21886.78,16.53,0.8506,1324.17,167.7,1072.63,1500.0,1299.39,1156.86,0.1947,11.22,5.18,2.24,24.68,0.4618,0.2157,1.9193,3.1168,26.0,0.0,0.0,DATA_EXFILTRATION
22.3883,83.0,30.0,53.0,52304.15,6420.64,45883.51,2336.23,3.71,-0.7545,630.17,427.68,40.0,1399.99,588.7,687.94,0.2085,269.74,411.39,53.95,593.42,1.5251,0.0448,4.5877,2.9227,12.0,0.0,0.0,BENIGN_WEB
19.8732,26.0,7.0,19.0,20176.38,4215.35,15961.04,1015.26,1.31,-0.5822,776.01,475.12,63.34,1500.0,696.37,773.57,0.5282,764.35,634.33,152.87,1681.58,0.8299,0.1306,4.6605,2.9874,14.0,0.0,0.0,BENIGN_WEB
11.7419,55.0,16.0,39.0,52879.93,15263.89,37616.04,4503.52,4.68,-0.4227,961.45,542.68,147.44,1500.0,923.83,910.44,0.582,213.49,237.17,42.7,469.68,1.1109,0.0461,4.8313,2.3988,8.0,0.0,0.0,BENIGN_WEB
11.2158,669.0,580.0,89.0,883361.4,802651.95,80709.44,78760.79,59.65,0.8173,1320.42,273.84,909.65,1500.0,1211.29,1203.72,0.1963,25.17,9.09,5.03,55.37,0.3613,0.2563,2.671,3.6047,25.0,0.0,1.0,DATA_EXFILTRATION
91.3352,19.0,9.0,10.0,4854.96,2642.32,2212.64,53.16,0.21,0.0885,255.52,53.81,174.81,352.39,242.5,265.28,0.4973,21121.01,1834.6,4224.2,46466.22,0.0869,0.9158,2.507,3.5925,29.0,1.0,0.0,C2_BEACONING
4.1285,23.0,9.0,14.0,17767.96,2868.17,14899.79,4303.69,5.57,-0.6772,772.52,435.67,119.02,1500.0,824.65,703.08,0.5279,179.5,236.7,35.9,394.9,1.3187,0.0404,4.0715,3.0102,20.0,0.0,0.0,BENIGN_WEB
35.7222,15.0,7.0,8.0,3206.94,1903.74,1303.2,89.77,0.42,0.1873,213.8,80.82,92.56,359.28,218.99,219.81,0.5627,10044.23,686.62,2008.85,22097.31,0.0684,0.9585,2.9263,3.669,21.0,1.0,0.0,C2_BEACONING
30.571,27.0,8.0,19.0,17777.06,4251.68,13525.37,581.5,0.88,-0.5217,658.41,457.29,40.0,1481.53,749.26,722.36,0.5089,1132.26,813.95,226.45,2490.97,0.7189,0.1375,4.067,2.1681,11.0,0.0,0.0,BENIGN_WEB
42.0405,1571.0,1255.0,316.0,2192784.19,2101561.67,91222.52,52158.82,37.37,0.9168,1395.79,111.58,1228.41,1500.0,1532.33,1480.04,0.5337,13.01,6.23,2.6,28.61,0.479,0.2201,2.4743,3.0185,24.0,0.0,0.0,DATA_EXFILTRATION
24.9973,55.0,19.0,36.0,34656.86,5744.84,28912.02,1386.43,2.2,-0.6685,630.12,437.11,40.0,1416.92,585.91,566.56,0.4574,454.5,673.18,90.9,999.89,1.4812,0.1211,3.9878,2.4029,10.0,0.0,0.0,BENIGN_WEB
64.0244,14.0,7.0,7.0,5004.34,2317.61,2686.73,78.16,0.22,-0.0738,357.45,68.18,255.18,480.18,397.59,345.96,0.4198,26287.46,2509.47,5257.49,57832.41,0.0955,0.9616,3.0253,3.7932,16.0,1.0,0.0,C2_BEACONING
109.9322,23.0,11.0,12.0,6978.34,3355.41,3622.93,63.48,0.21,-0.0383,303.41,114.86,131.12,510.15,290.56,315.1,0.1843,14322.37,1220.08,2864.47,31509.21,0.0852,0.9362,2.8177,3.9255,18.0,1.0,1.0,C2_BEACONING
29.2493,1450.0,1167.0,283.0,1770487.44,1626206.72,144280.71,60530.9,49.57,0.837,1221.03,211.01,904.52,1500.0,1049.8,1226.45,0.6182,25.32,11.64,5.06,55.71,0.4595,0.1215,1.9595,3.3335,25.0,1.0,1.0,DATA_EXFILTRATION
22.5482,25.0,12.0,13.0,5192.87,2496.24,2696.63,230.3,1.11,-0.0386,207.71,66.47,108.02,327.35,189.08,219.37,0.4665,22879.29,967.73,4575.86,50334.43,0.0423,0.9847,2.746,4.0975,18.0,1.0,1.0,C2_BEACONING
28.3621,40.0,15.0,25.0,36620.78,7405.12,29215.66,1291.19,1.41,-0.5956,915.52,577.59,49.14,1500.0,972.99,1003.41,0.5693,709.05,513.15,141.81,1559.91,0.7237,0.0785,4.2847,2.3249,21.0,0.0,0.0,BENIGN_WEB
45.6065,473.0,375.0,98.0,610284.55,562367.45,47917.1,13381.52,10.37,0.843,1290.24,118.36,1112.7,1500.0,1405.13,1467.8,0.239,15.72,5.94,3.14,34.59,0.3779,0.2355,2.7218,3.6124,29.0,1.0,0.0,DATA_EXFILTRATION
31.002,68.0,19.0,49.0,69596.22,14983.18,54613.04,2244.89,2.19,-0.5694,1023.47,362.25,480.1,1500.0,1176.09,1032.84,0.4539,455.91,560.17,91.18,1003.01,1.2287,0.0612,4.8208,2.5079,9.0,0.0,0.0,BENIGN_WEB
27.1428,41.0,13.0,28.0,42163.72,11478.13,30685.59,1553.4,1.51,-0.4555,1028.38,360.05,488.31,1500.0,1084.84,887.63,0.4076,662.02,1020.57,132.4,1456.44,1.5416,0.112,4.9901,2.9535,21.0,0.0,0.0,BENIGN_WEB
15.516,58.0,17.0,41.0,39859.77,4685.49,35174.27,2568.94,3.74,-0.7649,687.24,557.17,40.0,1500.0,610.37,704.46,0.3933,267.52,431.85,53.5,588.54,1.6143,0.0232,3.8238,2.7065,21.0,0.0,0.0,BENIGN_WEB
19.3722,44.0,16.0,28.0,43787.09,10588.75,33198.34,2260.3,2.27,-0.5164,995.16,382.73,421.07,1500.0,999.41,982.81,0.3481,440.28,316.62,88.06,968.61,0.7191,0.0919,3.6111,2.2918,17.0,0.0,0.0,BENIGN_WEB
94.1592,10.0,5.0,5.0,2218.19,1403.1,815.09,23.56,0.11,0.2651,221.82,91.56,84.47,386.64,200.55,229.23,0.2411,16291.59,965.59,3258.32,35841.49,0.0593,0.968,2.2138,3.4541,25.0,1.0,0.0,C2_BEACONING
19.7106,64.0,23.0,41.0,56645.9,16293.85,40352.05,2873.88,3.25,-0.4247,885.09,458.92,196.72,1500.0,807.31,836.78,0.3513,307.98,323.33,61.6,677.55,1.0499,0.1391,4.9712,2.1541,9.0,0.0,0.0,BENIGN_WEB
41.0368,842.0,749.0,93.0,1133501.88,1026788.2,106713.69,27621.6,20.52,0.8117,1346.2,251.69,968.66,1500.0,1278.68,1229.64,0.2927,32.54,18.81,6.51,71.59,0.5781,0.1428,2.4638,3.841,16.0,0.0,0.0,DATA_EXFILTRATION
104.7972,19.0,9.0,10.0,5035.15,3197.83,1837.31,48.05,0.18,0.2702,265.01,54.58,183.14,363.24,262.4,296.67,0.5499,15076.87,1049.6,3015.37,33169.12,0.0696,0.9713,2.4466,3.5279,25.0,0.0,0.0,C2_BEACONING
5.2612,78.0,28.0,50.0,55165.57,10761.74,44403.82,10485.42,14.83,-0.6098,707.25,465.68,40.0,1500.0,704.66,705.95,0.329,67.45,116.78,13.49,148.39,1.7313,0.0243,4.5197,3.0867,16.0,0.0,0.0,BENIGN_WEB
4.485,73.0,29.0,44.0,69756.03,14038.56,55717.47,15553.23,16.28,-0.5975,955.56,466.9,255.21,1500.0,1052.8,1015.03,0.512,61.44,57.84,12.29,135.16,0.9414,0.0862,4.2854,2.9558,11.0,0.0,0.0,BENIGN_WEB
65.1014,15.0,7.0,8.0,4041.32,2014.23,2027.09,62.08,0.23,-0.0032,269.42,98.6,121.52,446.9,270.8,297.58,0.5533,13794.34,1453.84,2758.87,30347.55,0.1054,0.9803,3.0534,4.1497,20.0,1.0,1.0,C2_BEACONING
20.5597,72.0,22.0,50.0,68241.61,13293.45,54948.15,3319.19,3.5,-0.6104,947.8,457.96,260.86,1500.0,982.93,1029.69,0.2086,285.55,401.86,57.11,628.21,1.4073,0.0384,4.4691,2.5172,8.0,0.0,0.0,BENIGN_WEB
105.2461,14.0,7.0,7.0,4777.45,3032.56,1744.9,45.39,0.13,0.2695,341.25,81.5,219.0,487.95,329.24,361.88,0.4162,5570.19,303.9,1114.04,12254.42,0.0546,0.9403,2.6398,4.1356,32.0,0.0,1.0,C2_BEACONING
16.8677,80.0,24.0,56.0,85832.93,22660.23,63172.7,5088.61,4.74,-0.472,1072.91,451.83,395.17,1500.0,1117.14,1144.96,0.493,210.85,156.46,42.17,463.86,0.7421,0.0882,4.7462,2.4823,11.0,0.0,0.0,BENIGN_WEB
45.6724,205.0,172.0,33.0,277341.73,260628.67,16713.05,6072.42,4.49,0.8795,1352.89,166.53,1103.08,1500.0,1162.12,1445.31,0.1949,13.22,2.93,2.64,29.09,0.2215,0.2585,2.5338,2.9313,28.0,0.0,0.0,DATA_EXFILTRATION
7.5083,17.0,5.0,12.0,16874.39,2701.75,14172.64,2247.43,2.26,-0.6798,992.61,458.85,304.33,1500.0,1010.94,1036.74,0.2506,441.67,488.01,88.33,971.66,1.1049,0.079,3.9325,2.7509,15.0,0.0,0.0,BENIGN_WEB
6.9739,38.0,11.0,27.0,40530.94,10507.07,30023.87,5811.85,5.45,-0.4815,1066.6,575.43,203.45,1500.0,950.59,961.69,0.1951,183.52,295.11,36.7,403.75,1.608,0.1065,5.0329,3.012,21.0,0.0,0.0,BENIGN_WEB
46.6077,1148.0,909.0,239.0,1546636.46,1422587.61,124048.85,33184.13,24.63,0.8396,1347.24,148.32,1124.77,1500.0,1470.57,1223.34,0.4301,19.1,7.22,3.82,42.01,0.3778,0.2187,2.496,3.6655,21.0,0.0,0.0,DATA_EXFILTRATION
4.6221,59.0,18.0,41.0,45006.12,12016.19,32989.93,9737.17,12.76,-0.466,762.82,378.6,194.91,1444.3,759.26,675.35,0.2998,78.34,62.74,15.67,172.35,0.8008,0.0276,3.9272,2.3438,9.0,0.0,0.0,BENIGN_WEB
87.5842,17.0,8.0,9.0,3759.44,2247.08,1512.36,42.92,0.19,0.1954,221.14,131.5,40.0,457.84,198.12,218.47,0.2675,13355.01,352.56,2671.0,29381.02,0.0264,0.8944,2.2983,3.5894,15.0,1.0,0.0,C2_BEACONING
47.5035,24.0,12.0,12.0,9100.51,5008.8,4091.71,191.58,0.51,0.1008,379.19,77.35,263.16,518.42,370.83,381.86,0.2827,20550.62,824.62,4110.12,45211.36,0.0401,0.9328,2.9521,3.7839,33.0,1.0,1.0,C2_BEACONING
25.4572,45.0,14.0,31.0,32043.75,4811.53,27232.22,1258.73,1.77,-0.6997,712.08,573.01,40.0,1500.0,613.21,800.62,0.5336,565.72,866.27,113.14,1244.58,1.5313,0.1348,3.6899,2.5501,18.0,0.0,0.0,BENIGN_WEB
10.692,73.0,30.0,43.0,64966.25,15947.98,49018.28,6076.14,6.83,-0.509,889.95,570.13,40.0,1500.0,973.76,879.78,0.4914,146.47,215.96,29.29,322.23,1.4745,0.1037,4.9734,2.3294,20.0,0.0,0.0,BENIGN_WEB
31.7987,13.0,6.0,7.0,3430.83,1549.32,1881.51,107.89,0.41,-0.0968,263.91,116.5,89.17,473.6,274.02,283.56,0.4782,21126.84,537.6,4225.37,46479.06,0.0254,0.8825,2.5431,4.1287,16.0,1.0,0.0,C2_BEACONING
28.1522,1450.0,1203.0,247.0,2047696.64,1901992.85,145703.78,72736.59,51.51,0.8577,1412.2,263.5,1016.96,1500.0,1400.13,1237.35,0.4068,21.95,9.94,4.39,48.28,0.4529,0.2573,2.2918,3.5084,27.0,1.0,1.0,DATA_EXFILTRATION
90.9299,8.0,4.0,4.0,2766.21,1689.49,1076.72,30.42,0.09,0.2215,345.78,86.15,216.55,500.85,360.54,394.82,0.3593,6273.87,436.96,1254.77,13802.52,0.0696,0.9042,3.0159,3.4839,23.0,1.0,0.0,C2_BEACONING
13.7938,32.0,11.0,21.0,26227.62,6574.01,19653.61,1901.41,2.32,-0.4987,819.61,341.97,306.66,1435.16,714.74,721.87,0.3614,431.05,624.53,86.21,948.32,1.4488,0.0465,4.2226,2.3175,11.0,0.0,0.0,BENIGN_WEB
2.093,19.0,5.0,14.0,14243.88,3623.55,10620.33,6805.35,9.08,-0.4912,749.68,429.55,105.36,1500.0,808.74,670.89,0.4132,110.16,81.45,22.03,242.35,0.7393,0.1267,4.059,3.0961,12.0,0.0,0.0,BENIGN_WEB
54.5152,20.0,10.0,10.0,5619.09,2556.78,3062.31,103.07,0.37,-0.09,280.95,90.98,144.48,444.72,256.56,287.53,0.2277,16742.11,1618.83,3348.42,36832.64,0.0967,0.9893,2.4681,4.0887,15.0,1.0,0.0,C2_BEACONING
86.7202,17.0,8.0,9.0,3496.38,1630.47,1865.91,40.32,0.2,-0.0673,205.67,71.13,98.98,333.7,195.02,180.31,0.3933,19855.97,1274.73,3971.19,43683.13,0.0642,0.9613,2.644,4.0033,28.0,1.0,0.0,C2_BEACONING
35.4581,21.0,10.0,11.0,6030.67,2723.93,3306.74,170.08,0.59,-0.0966,287.17,96.53,142.38,460.93,307.03,286.97,0.4352,26267.77,481.64,5253.55,57789.09,0.0183,0.9109,2.2122,3.5205,18.0,1.0,0.0,C2_BEACONING
61.0758,19.0,9.0,10.0,7339.58,4606.81,2732.77,120.17,0.31,0.2553,386.29,77.14,270.58,525.15,384.32,382.56,0.5727,25843.91,2840.95,5168.78,56856.59,0.1099,0.9233,2.8254,3.5164,23.0,1.0,0.0,C2_BEACONING
13.9804,61.0,22.0,39.0,60106.91,10841.62,49265.3,4299.37,4.36,-0.6393,985.36,484.97,257.9,1500.0,896.14,856.25,0.3977,229.19,201.57,45.84,504.21,0.8795,0.0788,4.7628,2.7934,20.0,0.0,0.0,BENIGN_WEB
16.864,18.0,6.0,12.0,13225.34,3138.25,10087.09,784.23,1.07,-0.5254,734.74,383.35,159.71,1424.78,773.74,657.57,0.3699,936.89,1040.09,187.38,2061.16,1.1102,0.1301,4.775,2.7673,12.0,0.0,0.0,BENIGN_WEB
15.7277,447.0,350.0,97.0,599542.25,562034.6,37507.65,38120.15,28.42,0.8749,1341.26,235.34,988.25,1500.0,1366.43,1338.33,0.193,36.38,13.16,7.28,80.04,0.3618,0.1763,2.6169,3.6013,19.0,0.0,1.0,DATA_EXFILTRATION
8.7942,581.0,508.0,73.0,748105.83,712264.22,35841.61,85068.31,66.07,0.9042,1287.62,122.32,1104.13,1500.0,1117.07,1114.87,0.5459,33.91,15.71,6.78,74.61,0.4633,0.217,2.4169,3.0873,27.0,0.0,0.0,DATA_EXFILTRATION
27.8121,35.0,9.0,26.0,32422.04,4679.38,27742.67,1165.75,1.26,-0.7113,926.34,451.74,248.74,1500.0,897.62,848.51,0.3864,794.63,1059.24,158.93,1748.19,1.333,0.1263,4.7209,2.3578,14.0,0.0,0.0,BENIGN_WEB
100.8324,20.0,10.0,10.0,7985.17,4810.47,3174.71,79.19,0.2,0.2048,399.26,89.21,265.44,559.85,422.08,446.89,0.3762,9980.49,572.08,1996.1,21957.07,0.0573,0.9591,2.1909,4.0993,30.0,0.0,1.0,C2_BEACONING
25.8858,1036.0,939.0,97.0,1320931.11,1238908.31,82022.79,51029.17,40.02,0.8758,1275.03,127.03,1084.49,1500.0,1139.38,1088.97,0.2348,35.8,15.01,7.16,78.76,0.4192,0.252,2.6465,3.5578,27.0,1.0,1.0,DATA_EXFILTRATION
8.2926,79.0,23.0,56.0,85082.81,9977.19,75105.62,10260.04,9.53,-0.7655,1077.0,465.24,379.14,1500.0,1121.2,915.95,0.2399,104.97,133.01,20.99,230.93,1.2671,0.0238,4.4655,2.603,10.0,0.0,0.0,BENIGN_WEB
7.7326,1266.0,1136.0,130.0,1719889.24,1580931.94,138957.3,222419.69,163.72,0.8384,1358.52,274.74,946.41,1500.0,1155.56,1322.92,0.2874,46.14,12.29,9.23,101.5,0.2665,0.2222,2.3025,2.9708,23.0,0.0,0.0,DATA_EXFILTRATION
59.8804,20.0,10.0,10.0,7687.1,3425.0,4262.1,128.37,0.33,-0.1089,384.35,106.77,224.19,576.55,360.96,438.51,0.6115,7699.81,529.08,1539.96,16939.58,0.0687,0.9141,2.3672,3.8816,21.0,0.0,0.0,C2_BEACONING
5.2925,16.0,5.0,11.0,10518.48,2798.37,7720.11,1987.43,3.02,-0.4679,657.41,491.21,40.0,1500.0,723.69,658.33,0.4301,330.78,549.87,66.16,727.72,1.6624,0.1129,4.3053,2.2209,16.0,0.0,0.0,BENIGN_WEB
14.0949,42.0,16.0,26.0,26229.62,2857.49,23372.12,1860.92,2.98,-0.7821,624.51,521.43,40.0,1500.0,634.72,678.57,0.4253,335.59,247.12,67.12,738.31,0.7364,0.0662,3.7302,2.2549,17.0,0.0,0.0,BENIGN_WEB
7.6141,29.0,8.0,21.0,24548.34,6133.26,18415.08,3224.07,3.81,-0.5003,846.49,339.79,336.81,1458.11,778.74,728.01,0.2826,262.55,368.17,52.51,577.62,1.4023,0.1093,4.2217,2.529,19.0,0.0,0.0,BENIGN_WEB
88.0506,10.0,5.0,5.0,3897.08,2124.42,1772.66,44.26,0.11,0.0903,389.71,114.81,217.49,596.37,360.83,391.88,0.2505,7382.35,748.21,1476.47,16241.17,0.1014,0.8934,2.5553,3.5491,31.0,1.0,0.0,C2_BEACONING
15.1018,49.0,15.0,34.0,47553.18,10002.55,37550.63,3148.83,3.24,-0.5793,970.47,483.26,245.58,1500.0,964.09,1082.9,0.508,308.2,381.72,61.64,678.04,1.2385,0.0348,4.2515,2.4511,9.0,0.0,0.0,BENIGN_WEB
33.2569,9.0,4.0,5.0,2659.86,1631.11,1028.75,79.98,0.27,0.2265,295.54,76.98,180.07,434.11,335.48,304.0,0.4931,21038.49,2233.18,4207.7,46284.67,0.1061,0.9012,2.2207,3.6589,21.0,1.0,0.0,C2_BEACONING
10.6343,76.0,21.0,55.0,78061.68,7572.01,70489.68,7340.54,7.15,-0.806,1027.13,371.76,469.49,1500.0,1043.21,916.09,0.2361,139.93,144.38,27.99,307.84,1.0318,0.0472,4.9808,2.7323,17.0,0.0,0.0,BENIGN_WEB
10.6056,75.0,25.0,50.0,54216.51,8355.03,45861.48,5112.05,7.07,-0.6918,722.89,335.13,220.19,1326.13,787.11,697.3,0.2764,141.41,114.53,28.28,311.1,0.8099,0.0458,4.6742,2.2686,8.0,0.0,0.0,BENIGN_WEB
91.9587,14.0,7.0,7.0,4864.52,3187.8,1676.73,52.9,0.15,0.3106,347.47,66.43,247.82,467.05,328.3,301.66,0.2602,9100.22,441.27,1820.04,20020.49,0.0485,0.9673,2.2894,3.703,21.0,1.0,0.0,C2_BEACONING
20.9151,40.0,12.0,28.0,36711.62,6600.64,30110.99,1755.27,1.91,-0.6404,917.79,533.27,117.89,1500.0,828.3,961.72,0.1921,522.88,800.42,104.58,1150.33,1.5308,0.1152,5.0161,2.4052,8.0,0.0,0.0,BENIGN_WEB
23.337,48.0,15.0,33.0,51686.98,14476.93,37210.05,2214.81,2.06,-0.4398,1076.81,472.04,368.75,1500.0,972.98,1232.78,0.1953,486.19,554.39,97.24,1069.61,1.1403,0.0389,4.3684,2.1452,20.0,0.0,0.0,BENIGN_WEB
23.613,38.0,12.0,26.0,25950.28,5798.53,20151.75,1098.98,1.61,-0.5531,682.9,341.33,170.91,1297.29,613.83,702.99,0.3719,621.39,866.81,124.28,1367.07,1.3949,0.0878,5.0906,2.3627,11.0,0.0,0.0,BENIGN_WEB
90.9758,19.0,9.0,10.0,3709.34,1821.55,1887.79,40.77,0.21,-0.0179,195.23,73.74,84.62,327.95,166.53,190.1,0.6187,18890.61,1164.04,3778.12,41559.35,0.0616,0.9152,2.1,4.1484,17.0,0.0,1.0,C2_BEACONING
61.5901,12.0,6.0,6.0,2677.11,1256.94,1420.17,43.47,0.19,-0.061,223.09,72.91,113.73,354.33,213.06,241.1,0.2085,17174.03,1274.92,3434.81,37782.87,0.0742,0.9735,2.18,3.7917,28.0,0.0,1.0,C2_BEACONING
26.3079,24.0,12.0,12.0,5573.88,2585.8,2988.09,211.87,0.91,-0.0722,232.25,115.93,58.35,440.92,246.43,263.52,0.5983,12135.61,626.65,2427.12,26698.34,0.0516,0.894,2.3845,4.01,31.0,0.0,1.0,C2_BEACONING
3.7533,79.0,27.0,52.0,53388.29,11407.97,41980.33,14224.34,21.05,-0.5726,675.8,415.44,52.64,1423.6,726.83,757.25,0.488,47.51,82.68,9.5,104.52,1.7402,0.0982,3.6547,3.0342,14.0,0.0,0.0,BENIGN_WEB
83.3301,13.0,6.0,7.0,4950.03,2792.9,2157.13,59.4,0.16,0.1284,380.77,99.16,232.03,559.26,432.97,375.42,0.3619,7449.3,801.18,1489.86,16388.46,0.1076,0.9009,2.8986,3.8388,27.0,0.0,0.0,C2_BEACONING
7.4437,68.0,24.0,44.0,61016.78,6611.81,54404.96,8197.1,9.14,-0.7833,897.31,375.75,333.67,1500.0,807.63,914.77,0.6178,109.47,171.25,21.89,240.83,1.5644,0.0188,4.2613,2.7948,16.0,0.0,0.0,BENIGN_WEB
6.4605,31.0,12.0,19.0,26449.73,3240.97,23208.75,4094.08,4.8,-0.7549,853.22,485.59,124.83,1500.0,807.68,792.03,0.3254,208.4,338.13,41.68,458.49,1.6225,0.0882,4.3278,2.5807,18.0,0.0,0.0,BENIGN_WEB
14.2866,47.0,16.0,31.0,30166.9,7309.36,22857.54,2111.56,3.29,-0.5154,641.85,515.04,40.0,1500.0,733.19,729.96,0.5842,303.97,296.34,60.79,668.73,0.9749,0.0817,3.886,2.3965,16.0,0.0,0.0,BENIGN_WEB
22.0021,68.0,23.0,45.0,48892.0,6837.6,42054.4,2222.16,3.09,-0.7203,719.0,439.49,59.76,1500.0,636.11,678.06,0.5839,323.56,368.34,64.71,711.83,1.1384,0.0543,3.7645,2.6493,19.0,0.0,0.0,BENIGN_WEB
1.841,63.0,23.0,40.0,42483.34,6997.2,35486.15,23075.65,34.22,-0.6706,674.34,445.79,40.0,1476.76,757.29,603.17,0.5891,29.22,20.96,5.84,64.29,0.7171,0.0311,4.6551,2.7325,21.0,0.0,0.0,BENIGN_WEB
12.129,31.0,12.0,19.0,28091.6,4065.24,24026.35,2316.08,2.56,-0.7106,906.18,454.07,225.07,1500.0,919.73,901.01,0.3348,391.26,678.95,78.25,860.76,1.7353,0.0305,4.3499,2.995,8.0,0.0,0.0,BENIGN_WEB
18.2845,69.0,26.0,43.0,49143.39,12070.94,37072.45,2687.71,3.77,-0.5087,712.22,410.23,96.88,1450.64,612.15,692.73,0.3069,264.99,442.14,53.0,582.98,1.6685,0.0801,4.7823,2.4443,12.0,0.0,0.0,BENIGN_WEB
22.7627,24.0,9.0,15.0,25795.81,4719.36,21076.45,1133.25,1.05,-0.6341,1074.83,380.19,504.54,1500.0,1227.1,915.67,0.4787,948.45,850.01,189.69,2086.58,0.8962,0.0593,4.7292,2.9087,11.0,0.0,0.0,BENIGN_WEB
14.8454,55.0,16.0,39.0,55693.01,13822.13,41870.89,3751.54,3.7,-0.5036,1012.6,446.08,343.48,1500.0,1121.73,962.73,0.3361,269.92,472.17,53.98,593.82,1.7493,0.0683,4.7842,2.7563,10.0,0.0,0.0,BENIGN_WEB
99.9985,23.0,11.0,12.0,5210.74,3118.93,2091.81,52.11,0.23,0.1971,226.55,133.26,40.0,466.42,236.41,217.54,0.4757,21608.15,1821.14,4321.63,47537.93,0.0843,0.8853,3.0253,4.0282,23.0,1.0,1.0,C2_BEACONING
10.4705,27.0,11.0,16.0,25830.54,3989.39,21841.15,2466.99,2.58,-0.6911,956.69,336.7,451.63,1500.0,986.14,953.13,0.5374,387.8,672.56,77.56,853.15,1.7343,0.1127,5.0059,2.3407,9.0,0.0,0.0,BENIGN_WEB
7.3073,53.0,15.0,38.0,33023.1,4273.73,28749.37,4519.18,7.25,-0.7412,623.08,515.61,40.0,1500.0,555.77,621.65,0.183,137.87,207.52,27.57,303.32,1.5051,0.0852,5.083,2.946,13.0,0.0,0.0,BENIGN_WEB
12.0183,75.0,30.0,45.0,49242.72,10290.9,38951.82,4097.33,6.24,-0.582,656.57,436.93,40.0,1443.05,586.99,715.29,0.4331,160.24,164.82,32.05,352.54,1.0286,0.0465,4.1772,2.1105,17.0,0.0,0.0,BENIGN_WEB
11.0661,30.0,12.0,18.0,21271.9,4369.2,16902.7,1922.26,2.71,-0.5892,709.06,336.24,204.7,1314.3,666.84,625.32,0.1987,368.87,476.22,73.77,811.51,1.291,0.1013,4.8937,2.1958,21.0,0.0,0.0,BENIGN_WEB
30.6539,14.0,7.0,7.0,2739.12,1663.25,1075.88,89.36,0.46,0.2144,195.65,128.24,40.0,426.48,171.8,218.92,0.5076,10483.57,811.12,2096.71,23063.85,0.0774,0.9203,2.4887,3.9379,19.0,1.0,1.0,C2_BEACONING
62.683,15.0,7.0,8.0,4242.06,2084.17,2157.89,67.67,0.24,-0.0174,282.8,55.07,200.2,381.93,309.68,299.69,0.3472,25376.37,1285.04,5075.27,55828.01,0.0506,0.9525,2.5507,3.9555,20.0,1.0,0.0,C2_BEACONING
13.5118,56.0,21.0,35.0,37738.62,4620.13,33118.48,2793.01,4.14,-0.7552,673.9,503.05,40.0,1500.0,613.39,686.41,0.5691,241.28,393.05,48.26,530.82,1.629,0.0802,4.7235,2.7408,15.0,0.0,0.0,BENIGN_WEB
53.1777,1538.0,1253.0,285.0,2068480.53,1993762.44,74718.09,38897.53,28.92,0.9278,1344.92,212.72,1025.84,1500.0,1294.56,1320.09,0.5878,20.69,4.59,4.14,45.52,0.222,0.1729,1.9213,3.3146,19.0,1.0,0.0,DATA_EXFILTRATION
49.5496,20.0,10.0,10.0,4537.25,2828.16,1709.09,91.57,0.4,0.2466,226.86,90.94,90.45,390.55,193.95,220.0,0.1944,23785.92,484.61,4757.18,52329.03,0.0204,0.9179,2.8859,3.6812,22.0,0.0,0.0,C2_BEACONING
106.5224,15.0,7.0,8.0,5798.98,3211.21,2587.76,54.44,0.14,0.1075,386.6,99.63,237.15,565.94,391.54,382.33,0.182,20842.65,696.96,4168.53,45853.84,0.0334,0.9718,2.8376,4.061,29.0,1.0,1.0,C2_BEACONING
68.0341,14.0,7.0,7.0,4116.47,2451.97,1664.5,60.51,0.21,0.1913,294.03,131.72,96.45,531.13,337.39,287.44,0.5514,20956.84,1699.58,4191.37,46105.04,0.0811,0.9028,2.1437,4.0097,29.0,1.0,0.0,C2_BEACONING
11.4012,42.0,12.0,30.0,39483.66,7884.52,31599.14,3463.1,3.68,-0.6006,940.09,404.52,333.31,1500.0,1033.44,836.02,0.2969,271.46,292.06,54.29,597.21,1.0759,0.0776,4.3412,3.0413,10.0,0.0,0.0,BENIGN_WEB
40.9761,22.0,11.0,11.0,6154.15,3172.47,2981.69,150.19,0.54,0.031,279.73,119.41,100.62,494.67,251.44,306.23,0.5566,9474.12,1037.13,1894.82,20843.06,0.1095,0.9224,2.469,4.0313,22.0,0.0,1.0,C2_BEACONING
70.8807,13.0,6.0,7.0,4467.0,2624.09,1842.9,63.02,0.18,0.1749,343.62,89.22,209.78,504.22,360.03,306.5,0.5077,9983.38,654.34,1996.68,21963.43,0.0655,0.9124,2.95,3.8452,22.0,0.0,0.0,C2_BEACONING
51.9393,19.0,9.0,10.0,4996.45,3022.78,1973.67,96.2,0.37,0.21,262.97,113.5,92.72,467.27,247.19,275.59,0.32,19484.18,1480.9,3896.84,42865.19,0.076,0.8928,2.8676,3.75,18.0,1.0,0.0,C2_BEACONING
31.2627,32.0,12.0,20.0,29855.28,4784.17,25071.11,954.98,1.02,-0.6795,932.98,451.66,255.49,1500.0,976.95,948.4,0.3553,976.96,746.49,195.39,2149.31,0.7641,0.0205,4.7876,2.3026,8.0,0.0,0.0,BENIGN_WEB
28.9848,25.0,8.0,17.0,22451.59,5536.51,16915.08,774.6,0.86,-0.5068,898.06,563.8,52.37,1500.0,935.64,839.45,0.5735,1159.39,852.51,231.88,2550.66,0.7353,0.0293,4.3683,2.6058,10.0,0.0,0.0,BENIGN_WEB
30.3896,17.0,5.0,12.0,15609.34,2666.78,12942.56,513.64,0.56,-0.6583,918.2,383.78,342.52,1500.0,892.04,943.7,0.2692,1787.62,1649.54,357.52,3932.77,0.9228,0.1136,4.8239,2.6428,16.0,0.0,0.0,BENIGN_WEB
28.5611,73.0,21.0,52.0,74845.0,15467.23,59377.77,2620.52,2.56,-0.5867,1025.27,492.76,286.13,1500.0,1116.97,1134.16,0.2608,391.25,351.39,78.25,860.75,0.8981,0.0444,5.0123,2.7152,12.0,0.0,0.0,BENIGN_WEB
38.2606,14.0,7.0,7.0,3378.23,1752.42,1625.81,88.3,0.37,0.0375,241.3,62.93,146.91,354.58,271.77,217.94,0.4268,8495.03,188.56,1699.01,18689.07,0.0222,0.9024,2.2238,3.5727,26.0,1.0,0.0,C2_BEACONING
39.9379,14.0,7.0,7.0,4747.83,2733.08,2014.75,118.88,0.35,0.1513,339.13,95.6,195.73,511.22,330.03,317.1,0.6121,6701.05,721.32,1340.21,14742.31,0.1076,0.9833,2.6682,3.6148,19.0,1.0,0.0,C2_BEACONING
6.642,47.0,13.0,34.0,39829.32,10524.25,29305.07,5996.58,7.08,-0.4715,847.43,497.98,100.47,1500.0,755.74,819.92,0.5751,141.32,106.24,28.26,310.9,0.7518,0.1397,4.9541,2.2202,9.0,0.0,0.0,BENIGN_WEB
24.2807,23.0,9.0,14.0,19322.33,3245.17,16077.16,795.79,0.95,-0.6641,840.1,540.07,40.0,1500.0,852.85,747.39,0.3003,1055.68,1242.86,211.14,2322.5,1.1773,0.0323,4.8202,2.8289,11.0,0.0,0.0,BENIGN_WEB
80.5093,23.0,11.0,12.0,4849.29,2837.4,2011.89,60.23,0.29,0.1702,210.84,95.81,67.12,383.3,236.78,208.37,0.3413,24852.46,1996.73,4970.49,54675.42,0.0803,0.962,2.8412,4.1661,15.0,1.0,0.0,C2_BEACONING
35.1938,9.0,4.0,5.0,2618.59,1376.53,1242.06,74.41,0.26,0.0514,290.95,132.78,91.78,529.97,307.68,325.55,0.3264,19408.35,1453.78,3881.67,42698.37,0.0749,0.881,2.5449,3.9614,21.0,0.0,1.0,C2_BEACONING
51.8461,18.0,9.0,9.0,3844.33,1895.55,1948.78,74.15,0.35,-0.0138,213.57,112.4,44.97,415.89,189.78,190.63,0.5005,18200.38,852.26,3640.08,40040.84,0.0468,0.979,2.2648,4.0913,18.0,1.0,0.0,C2_BEACONING
17.5547,44.0,16.0,28.0,29840.92,5653.81,24187.11,1699.88,2.51,-0.6211,678.2,417.91,51.33,1430.45,664.19,664.77,0.5466,398.97,681.34,79.79,877.73,1.7077,0.0595,4.2935,2.9906,9.0,0.0,0.0,BENIGN_WEB
7.6423,81.0,33.0,48.0,63288.26,14209.54,49078.72,8281.35,10.6,-0.551,781.34,331.8,283.64,1378.57,783.44,895.18,0.5246,94.35,69.89,18.87,207.57,0.7407,0.101,4.1036,2.3782,13.0,0.0,0.0,BENIGN_WEB
80.6469,15.0,7.0,8.0,5678.49,2560.48,3118.02,70.41,0.19,-0.0982,378.57,107.91,216.71,572.8,419.75,433.49,0.3375,17736.13,899.15,3547.23,39019.5,0.0507,0.9557,2.8294,3.6203,21.0,0.0,1.0,C2_BEACONING
21.0127,78.0,25.0,53.0,76438.59,18047.44,58391.14,3637.74,3.71,-0.5278,979.98,493.29,240.05,1500.0,1073.11,1054.87,0.5401,269.39,269.93,53.88,592.66,1.002,0.0261,5.0607,2.5616,9.0,0.0,0.0,BENIGN_WEB
35.0139,776.0,678.0,98.0,964872.54,922310.41,42562.13,27556.86,22.16,0.9118,1243.39,276.53,828.59,1500.0,1236.16,1422.69,0.4799,27.73,6.41,5.55,61.01,0.2311,0.2567,1.9007,3.1653,19.0,1.0,0.0,DATA_EXFILTRATION
16.2315,834.0,665.0,169.0,1204201.03,1171395.75,32805.28,74189.34,51.38,0.9455,1443.89,117.1,1268.24,1500.0,1231.52,1576.36,0.3908,30.47,14.62,6.09,67.02,0.4799,0.1651,2.8255,3.1578,28.0,0.0,1.0,DATA_EXFILTRATION
23.5193,17.0,5.0,12.0,12999.22,2625.64,10373.58,552.7,0.72,-0.596,764.66,405.35,156.64,1494.29,845.43,827.64,0.3731,1383.49,1978.32,276.7,3043.68,1.4299,0.1057,3.7135,2.2219,18.0,0.0,0.0,BENIGN_WEB
5.164,51.0,21.0,30.0,49894.86,9897.94,39996.92,9662.05,9.88,-0.6032,978.33,486.8,248.13,1500.0,972.08,1081.61,0.4209,101.25,165.27,20.25,222.76,1.6322,0.0789,4.1634,2.4381,21.0,0.0,0.0,BENIGN_WEB
9.1043,19.0,5.0,14.0,18381.03,5301.74,13079.29,2018.94,2.09,-0.4231,967.42,440.86,306.14,1500.0,1076.39,1051.31,0.4909,479.17,592.62,95.83,1054.18,1.2368,0.0869,3.6439,2.2017,14.0,0.0,0.0,BENIGN_WEB
26.9028,822.0,742.0,80.0,1191799.18,1101989.17,89810.01,44300.14,30.55,0.8493,1449.88,220.56,1119.04,1500.0,1348.19,1526.1,0.2422,21.82,5.82,4.36,48.01,0.2667,0.1693,1.9996,3.506,27.0,1.0,0.0,DATA_EXFILTRATION
92.331,9.0,4.0,5.0,3035.84,1955.19,1080.65,32.88,0.1,0.2881,337.32,115.29,164.38,544.84,320.69,382.68,0.1856,27489.02,1061.77,5497.8,60475.83,0.0386,0.9772,2.8933,4.051,19.0,1.0,1.0,C2_BEACONING
29.3486,35.0,11.0,24.0,25837.2,2514.44,23322.76,880.36,1.19,-0.8054,738.21,440.75,77.08,1500.0,669.89,702.67,0.5052,838.53,757.63,167.71,1844.77,0.9035,0.0705,4.8134,2.567,20.0,0.0,0.0,BENIGN_WEB
31.8336,349.0,295.0,54.0,455696.27,440325.67,15370.6,14314.94,10.96,0.9325,1305.72,132.3,1107.27,1500.0,1266.23,1261.43,0.4,36.21,10.67,7.24,79.66,0.2946,0.1583,2.4934,3.3687,25.0,1.0,0.0,DATA_EXFILTRATION
9.969,80.0,29.0,51.0,67932.91,12721.03,55211.88,6814.4,8.02,-0.6255,849.16,452.33,170.67,1500.0,943.73,776.38,0.4097,124.61,180.21,24.92,274.15,1.4462,0.123,3.8996,2.9765,8.0,0.0,0.0,BENIGN_WEB
7.2104,34.0,11.0,23.0,23945.01,2850.42,21094.59,3320.92,4.72,-0.7619,704.27,393.55,113.94,1412.66,662.73,742.94,0.3316,212.07,271.0,42.41,466.55,1.2779,0.1149,4.2161,2.709,20.0,0.0,0.0,BENIGN_WEB
15.3991,77.0,25.0,52.0,75572.61,10273.91,65298.7,4907.6,5.0,-0.7281,981.46,563.48,136.24,1500.0,925.17,942.12,0.3409,199.99,168.56,40.0,439.97,0.8428,0.1147,4.698,2.4812,10.0,0.0,0.0,BENIGN_WEB
47.2441,1177.0,1032.0,145.0,1641514.81,1583958.57,57556.25,34745.38,24.91,0.9299,1394.66,153.29,1164.72,1500.0,1356.37,1443.66,0.3676,11.55,6.29,2.31,25.42,0.5446,0.2563,2.7735,3.6308,25.0,0.0,1.0,DATA_EXFILTRATION
109.2244,25.0,12.0,13.0,8234.87,4021.01,4213.86,75.39,0.23,-0.0234,329.39,96.83,184.15,503.69,310.91,364.77,0.2763,6230.92,433.89,1246.18,13708.02,0.0696,0.9809,2.3204,3.5716,32.0,1.0,0.0,C2_BEACONING
47.1864,363.0,319.0,44.0,469592.53,462028.28,7564.24,9951.85,7.69,0.9678,1293.64,175.74,1030.03,1500.0,1426.07,1271.41,0.6136,36.09,12.62,7.22,79.4,0.3496,0.2385,2.2183,3.6066,17.0,1.0,1.0,DATA_EXFILTRATION
46.7487,12.0,6.0,6.0,4694.06,2654.12,2039.95,100.41,0.26,0.1308,391.17,63.13,296.47,504.81,438.88,339.64,0.4835,26624.92,707.64,5324.98,58574.82,0.0266,0.887,2.4226,4.0047,26.0,0.0,0.0,C2_BEACONING
50.7031,1357.0,1111.0,246.0,1928762.48,1830971.33,97791.15,38040.3,26.76,0.8986,1421.34,121.8,1238.64,1500.0,1632.37,1588.79,0.6152,11.99,6.18,2.4,26.37,0.5159,0.1638,2.174,3.3314,23.0,0.0,0.0,DATA_EXFILTRATION
4.7657,17.0,5.0,12.0,16685.12,1601.96,15083.17,3501.12,3.57,-0.808,981.48,563.03,136.93,1500.0,910.69,847.35,0.2027,280.33,378.59,56.07,616.73,1.3505,0.0171,5.0684,2.5768,15.0,0.0,0.0,BENIGN_WEB
13.0541,21.0,8.0,13.0,17032.02,3885.24,13146.78,1304.73,1.61,-0.5438,811.05,497.86,64.26,1500.0,759.19,828.48,0.5821,621.62,444.41,124.32,1367.57,0.7149,0.1345,3.6359,2.4494,10.0,0.0,0.0,BENIGN_WEB
62.4852,23.0,11.0,12.0,8807.79,5496.11,3311.68,140.96,0.37,0.248,382.95,98.66,234.95,560.54,358.72,404.0,0.2608,26007.42,1588.6,5201.48,57216.33,0.0611,0.9176,2.1554,3.727,32.0,1.0,0.0,C2_BEACONING
20.5395,38.0,15.0,23.0,28301.12,5891.26,22409.86,1377.89,1.85,-0.5837,744.77,527.36,40.0,1500.0,837.72,730.1,0.2119,540.51,661.7,108.1,1189.13,1.2242,0.1386,4.2011,2.2618,20.0,0.0,0.0,BENIGN_WEB
7.4727,17.0,6.0,11.0,17919.0,4705.27,13213.73,2397.92,2.27,-0.4748,1054.06,536.67,249.05,1500.0,1098.94,995.32,0.3819,439.57,528.54,87.91,967.06,1.2024,0.1092,4.1101,2.4577,13.0,0.0,0.0,BENIGN_WEB
12.1883,84.0,25.0,59.0,65122.66,17171.01,47951.65,5343.04,6.89,-0.4727,775.27,541.69,40.0,1500.0,715.83,820.8,0.2336,145.1,139.9,29.02,319.22,0.9642,0.1277,3.9559,2.8525,21.0,0.0,0.0,BENIGN_WEB
3.1866,80.0,31.0,49.0,60484.54,9883.84,50600.7,18981.07,25.11,-0.6732,756.06,396.46,161.36,1469.69,824.5,759.02,0.6033,39.83,57.36,7.97,87.63,1.44,0.0573,3.8438,3.0815,11.0,0.0,0.0,BENIGN_WEB
54.6335,17.0,8.0,9.0,6565.04,4311.51,2253.53,120.17,0.31,0.3135,386.18,94.31,244.72,555.93,351.53,392.44,0.3289,24874.02,945.52,4974.8,54722.84,0.038,0.9286,2.692,4.2479,24.0,1.0,0.0,C2_BEACONING
94.0514,17.0,8.0,9.0,3849.25,2522.57,1326.68,40.93,0.18,0.3107,226.43,64.18,130.16,341.94,248.02,205.53,0.5356,11075.77,970.85,2215.15,24366.7,0.0877,0.948,2.936,3.8131,18.0,1.0,0.0,C2_BEACONING
25.5353,75.0,31.0,44.0,56597.92,12422.91,44175.01,2216.46,2.94,-0.561,754.64,443.98,88.66,1500.0,833.9,840.29,0.4951,340.47,398.64,68.09,749.03,1.1709,0.0745,4.4283,2.2772,9.0,0.0,0.0,BENIGN_WEB
18.6332,35.0,9.0,26.0,24643.03,6067.99,18575.04,1322.53,1.88,-0.5075,704.09,471.53,40.0,1500.0,745.67,750.19,0.1826,532.38,894.9,106.48,1171.23,1.681,0.0819,4.1838,2.647,10.0,0.0,0.0,BENIGN_WEB
9.915,49.0,19.0,30.0,49953.03,10139.88,39813.15,5038.1,4.94,-0.594,1019.45,511.06,252.86,1500.0,999.26,1079.83,0.2484,202.35,308.13,40.47,445.17,1.5228,0.0925,4.6417,2.9675,21.0,0.0,0.0,BENIGN_WEB
23.2499,42.0,16.0,26.0,42403.25,10819.09,31584.16,1823.8,1.81,-0.4897,1009.6,441.33,347.61,1500.0,977.34,1079.22,0.3326,553.57,487.78,110.71,1217.85,0.8811,0.1266,4.3528,2.6172,15.0,0.0,0.0,BENIGN_WEB
54.4435,13.0,6.0,7.0,3430.05,1935.02,1495.03,63.0,0.24,0.1283,263.85,81.78,141.18,411.05,279.75,299.99,0.4245,15007.98,859.66,3001.6,33017.55,0.0573,0.9468,2.9273,3.6501,18.0,1.0,0.0,C2_BEACONING
24.1811,598.0,532.0,66.0,816306.35,733929.05,82377.3,33757.97,24.73,0.7982,1365.06,246.24,995.71,1500.0,1519.24,1481.65,0.2195,46.79,16.63,9.36,102.94,0.3554,0.1801,2.3468,3.2588,20.0,1.0,0.0,DATA_EXFILTRATION
31.0802,61.0,23.0,38.0,58286.78,14645.68,43641.11,1875.37,1.96,-0.4975,955.52,426.21,316.21,1500.0,1014.08,1006.94,0.6052,509.51,404.97,101.9,1120.93,0.7948,0.1207,4.5457,2.5982,19.0,0.0,0.0,BENIGN_WEB
69.0519,14.0,7.0,7.0,5312.79,2360.93,2951.86,76.94,0.2,-0.1112,379.48,66.5,279.73,499.19,370.21,341.32,0.5144,11919.91,820.84,2383.98,26223.8,0.0689,0.9882,2.2387,3.4506,26.0,0.0,0.0,C2_BEACONING
11.8933,24.0,6.0,18.0,18433.3,3818.29,14615.0,1549.88,2.02,-0.5857,768.05,438.94,109.64,1500.0,821.53,826.2,0.1827,495.56,854.19,99.11,1090.22,1.7237,0.112,3.8021,2.3108,18.0,0.0,0.0,BENIGN_WEB
28.7816,17.0,8.0,9.0,6618.75,3592.65,3026.1,229.96,0.59,0.0856,389.34,133.31,189.38,629.29,381.7,402.62,0.6095,14963.79,962.25,2992.76,32920.34,0.0643,0.9884,2.9134,4.2167,17.0,0.0,0.0,C2_BEACONING
52.6928,21.0,10.0,11.0,7535.9,3750.65,3785.25,143.02,0.4,-0.0046,358.85,131.26,161.96,595.12,388.26,343.29,0.492,15279.83,1677.38,3055.97,33615.62,0.1098,0.9256,2.854,3.5694,21.0,1.0,1.0,C2_BEACONING
26.8964,20.0,10.0,10.0,5136.9,3337.17,1799.74,190.99,0.74,0.2993,256.85,58.31,169.38,361.8,236.83,250.7,0.2603,23128.21,2284.49,4625.64,50882.07,0.0988,0.903,3.0516,3.5455,30.0,1.0,1.0,C2_BEACONING
75.6425,17.0,8.0,9.0,4776.48,3100.25,1676.24,63.15,0.22,0.2981,280.97,109.81,116.26,478.62,266.01,256.87,0.269,19842.09,2051.61,3968.42,43652.59,0.1034,0.9368,2.3001,3.9797,24.0,1.0,1.0,C2_BEACONING
29.2735,77.0,27.0,50.0,78044.02,18255.29,59788.72,2666.03,2.63,-0.5322,1013.56,530.75,217.43,1500.0,1090.15,1077.05,0.605,380.18,598.98,76.04,836.39,1.5755,0.0521,4.2421,2.315,19.0,0.0,0.0,BENIGN_WEB
31.3365,19.0,7.0,12.0,12298.0,3372.22,8925.79,392.45,0.61,-0.4516,647.26,355.1,114.61,1286.44,605.73,596.73,0.549,1649.29,1426.51,329.86,3628.44,0.8649,0.1285,4.9626,2.9832,18.0,0.0,0.0,BENIGN_WEB
29.1589,27.0,8.0,19.0,18566.76,3854.76,14712.01,636.75,0.93,-0.5848,687.66,511.06,40.0,1500.0,666.19,622.72,0.4558,1079.96,1625.21,215.99,2375.91,1.5049,0.0437,4.5213,2.9078,12.0,0.0,0.0,BENIGN_WEB
10.3404,60.0,24.0,36.0,48273.66,8798.73,39474.93,4668.43,5.8,-0.6355,804.56,386.64,224.59,1500.0,863.53,856.27,0.2748,172.34,286.67,34.47,379.15,1.6634,0.1054,4.7184,2.588,11.0,0.0,0.0,BENIGN_WEB
30.2102,701.0,550.0,151.0,938328.78,915442.59,22886.19,31059.96,23.2,0.9512,1338.56,174.67,1076.55,1500.0,1371.99,1391.2,0.445,28.63,7.78,5.73,62.98,0.2716,0.1598,2.8244,3.4786,27.0,0.0,1.0,DATA_EXFILTRATION
9.1454,77.0,30.0,47.0,64673.7,6031.59,58642.11,7071.76,8.42,-0.8135,839.92,388.6,257.01,1500.0,857.21,949.93,0.2603,118.77,175.95,23.75,261.3,1.4814,0.0756,5.0581,2.2791,16.0,0.0,0.0,BENIGN_WEB
11.5419,15.0,5.0,10.0,14788.21,2754.74,12033.46,1281.26,1.3,-0.6274,985.88,387.4,404.78,1500.0,1077.47,1028.53,0.2758,769.46,1024.36,153.89,1692.82,1.3313,0.0863,4.5209,2.3035,16.0,0.0,0.0,BENIGN_WEB
27.9459,1104.0,957.0,147.0,1474733.61,1364927.21,109806.4,52771.08,39.5,0.8511,1335.81,188.0,1053.81,1500.0,1141.84,1459.18,0.2733,10.41,6.42,2.08,22.9,0.617,0.2608,2.7394,3.2704,19.0,1.0,0.0,DATA_EXFILTRATION
16.6239,1061.0,951.0,110.0,1370894.57,1314714.85,56179.72,82465.12,63.82,0.918,1292.08,122.93,1107.68,1500.0,1159.14,1232.16,0.2091,22.21,8.89,4.44,48.87,0.4,0.2746,2.3096,2.9914,14.0,1.0,1.0,DATA_EXFILTRATION
30.6431,78.0,32.0,46.0,64109.99,6727.7,57382.29,2092.15,2.55,-0.7901,821.92,384.56,245.08,1500.0,758.73,710.56,0.5188,392.86,580.08,78.57,864.29,1.4766,0.035,4.8709,2.429,15.0,0.0,0.0,BENIGN_WEB
21.3986,617.0,566.0,51.0,860845.72,779547.69,81298.03,40229.16,28.83,0.8111,1395.21,162.02,1152.18,1500.0,1210.36,1436.96,0.5739,46.83,25.43,9.37,103.03,0.543,0.1746,2.2115,3.2794,24.0,0.0,0.0,DATA_EXFILTRATION
31.0037,45.0,17.0,28.0,38954.98,4457.89,34497.09,1256.46,1.45,-0.7711,865.67,428.53,222.87,1500.0,868.43,888.05,0.4517,688.97,1186.77,137.79,1515.74,1.7225,0.0618,4.7244,2.5189,15.0,0.0,0.0,BENIGN_WEB
16.5514,23.0,8.0,15.0,19831.77,1969.68,17862.09,1198.2,1.39,-0.8014,862.25,356.53,327.46,1500.0,810.32,764.47,0.618,719.62,1112.32,143.92,1583.17,1.5457,0.086,4.2177,2.2224,17.0,0.0,0.0,BENIGN_WEB
13.5395,59.0,23.0,36.0,55060.9,13829.28,41231.61,4066.69,4.36,-0.4977,933.24,370.5,377.49,1500.0,1058.02,892.65,0.2504,229.48,227.67,45.9,504.86,0.9921,0.0471,3.7271,2.2382,10.0,0.0,0.0,BENIGN_WEB
13.9414,565.0,463.0,102.0,801026.3,757870.7,43155.6,57456.75,40.53,0.8922,1417.75,279.61,998.33,1500.0,1560.22,1602.01,0.4233,46.43,10.96,9.29,102.14,0.2361,0.2446,2.0293,2.9695,17.0,0.0,1.0,DATA_EXFILTRATION
96.0378,12.0,6.0,6.0,4043.59,2045.06,1998.53,42.1,0.12,0.0115,336.97,70.4,231.37,463.69,317.96,381.66,0.4041,22351.73,2193.52,4470.35,49173.8,0.0981,0.9234,2.401,3.5121,28.0,0.0,1.0,C2_BEACONING
18.0094,78.0,29.0,49.0,71952.28,18588.87,53363.41,3995.27,4.33,-0.4833,922.47,353.4,392.37,1500.0,834.59,886.18,0.3425,230.89,197.35,46.18,507.96,0.8547,0.0539,3.8535,2.8232,17.0,0.0,0.0,BENIGN_WEB
67.8628,15.0,7.0,8.0,5222.38,2901.24,2321.15,76.96,0.22,0.1111,348.16,68.93,244.76,472.24,393.0,319.73,0.2352,16649.0,614.26,3329.8,36627.8,0.0369,0.962,2.9123,4.0378,18.0,1.0,0.0,C2_BEACONING
8.1059,369.0,329.0,40.0,457344.02,447936.67,9407.35,56421.21,45.52,0.9589,1239.41,197.87,942.6,1500.0,1172.99,1256.19,0.5185,34.49,18.18,6.9,75.89,0.5271,0.2085,2.1773,3.7453,19.0,0.0,0.0,DATA_EXFILTRATION
51.921,10.0,5.0,5.0,3044.33,1964.87,1079.47,58.63,0.19,0.2908,304.43,89.48,170.21,465.5,310.71,305.32,0.3367,10554.81,417.25,2110.96,23220.58,0.0395,0.9473,2.8838,4.1571,31.0,1.0,0.0,C2_BEACONING
13.8788,60.0,21.0,39.0,46528.82,12712.52,33816.3,3352.52,4.32,-0.4536,775.48,329.43,281.33,1368.45,865.59,675.27,0.6196,231.31,303.06,46.26,508.89,1.3102,0.0199,4.5595,2.9746,20.0,0.0,0.0,BENIGN_WEB
17.3771,27.0,7.0,20.0,20201.95,4015.51,16186.45,1162.56,1.55,-0.6025,748.22,475.16,40.0,1500.0,837.13,752.04,0.4576,643.6,888.97,128.72,1415.92,1.3812,0.0628,4.5336,2.3946,13.0,0.0,0.0,BENIGN_WEB
3.2234,19.0,6.0,13.0,13293.48,1976.52,11316.96,4124.1,5.89,-0.7026,699.66,545.68,40.0,1500.0,680.03,604.79,0.5178,169.65,190.46,33.93,373.23,1.1227,0.0816,4.9175,2.6545,8.0,0.0,0.0,BENIGN_WEB
98.8021,8.0,4.0,4.0,3006.74,1734.21,1272.52,30.43,0.08,0.1536,375.84,124.41,189.22,599.79,430.07,419.77,0.1938,20155.13,1058.99,4031.03,44341.29,0.0525,0.8909,2.1887,3.9478,28.0,1.0,1.0,C2_BEACONING
17.4766,26.0,8.0,18.0,19398.58,4613.92,14784.67,1109.98,1.49,-0.5243,746.1,560.27,40.0,1500.0,695.01,733.1,0.2107,672.18,476.15,134.44,1478.79,0.7084,0.0632,4.2176,2.6928,18.0,0.0,0.0,BENIGN_WEB
56.6549,23.0,11.0,12.0,7556.07,4530.35,3025.71,133.37,0.41,0.1991,328.52,88.6,195.63,488.0,316.56,323.29,0.5551,22422.15,1914.03,4484.43,49328.73,0.0854,0.9387,2.2848,3.651,22.0,1.0,0.0,C2_BEACONING
5.0452,23.0,9.0,14.0,19229.3,5547.24,13682.06,3811.44,4.56,-0.423,836.06,573.03,40.0,1500.0,945.4,957.63,0.5877,219.35,157.8,43.87,482.58,0.7194,0.0985,3.7309,3.0855,19.0,0.0,0.0,BENIGN_WEB
94.0595,11.0,5.0,6.0,2654.12,1691.97,962.16,28.22,0.12,0.275,241.28,102.53,87.49,425.83,232.48,263.3,0.2599,8392.98,240.83,1678.6,18464.56,0.0287,0.9564,2.21,4.1058,17.0,1.0,0.0,C2_BEACONING
33.6288,1232.0,1125.0,107.0,1623038.16,1527297.1,95741.07,48263.36,36.64,0.882,1317.4,116.97,1141.95,1500.0,1412.11,1279.93,0.2032,21.14,10.71,4.23,46.51,0.5067,0.1589,2.208,3.4803,15.0,1.0,0.0,DATA_EXFILTRATION
7.2395,184.0,151.0,33.0,266049.22,254106.63,11942.6,36749.62,25.42,0.9102,1445.92,200.53,1145.12,1500.0,1346.58,1472.01,0.4558,31.21,9.3,6.24,68.66,0.2979,0.1949,2.1837,3.4457,25.0,1.0,0.0,DATA_EXFILTRATION
18.009,71.0,25.0,46.0,52795.65,12037.34,40758.3,2931.62,3.94,-0.544,743.6,560.16,40.0,1500.0,822.57,811.79,0.5595,253.65,436.91,50.73,558.03,1.7225,0.0628,4.6762,2.3605,11.0,0.0,0.0,BENIGN_WEB
7.3918,40.0,13.0,27.0,39341.47,5259.62,34081.85,5322.31,5.41,-0.7326,983.54,488.92,250.16,1500.0,940.59,862.49,0.4183,184.8,278.25,36.96,406.55,1.5057,0.0989,4.4376,2.5148,14.0,0.0,0.0,BENIGN_WEB
65.6085,22.0,11.0,11.0,7643.41,4438.28,3205.13,116.5,0.34,0.1613,347.43,127.1,156.78,576.2,297.26,308.66,0.4844,26184.9,727.78,5236.98,57606.77,0.0278,0.9088,2.4897,3.9791,23.0,1.0,0.0,C2_BEACONING
106.8329,22.0,11.0,11.0,8594.01,4391.99,4202.02,80.44,0.21,0.0221,390.64,101.94,237.73,574.12,411.31,435.14,0.342,19909.57,400.64,3981.91,43801.05,0.0201,0.985,2.9975,4.2457,18.0,1.0,0.0,C2_BEACONING
25.3043,71.0,28.0,43.0,69152.61,9701.55,59451.06,2732.85,2.81,-0.7194,973.98,355.98,440.01,1500.0,984.73,1103.88,0.4176,356.4,358.28,71.28,784.08,1.0053,0.1197,3.9134,2.8724,9.0,0.0,0.0,BENIGN_WEB
86.2685,11.0,5.0,6.0,3429.2,2025.75,1403.45,39.75,0.13,0.1815,311.75,89.79,177.06,473.36,308.75,316.0,0.2377,26351.45,444.66,5270.29,57973.18,0.0169,0.9545,2.9098,3.6272,23.0,1.0,1.0,C2_BEACONING
15.2874,66.0,23.0,43.0,50536.24,7281.66,43254.59,3305.75,4.32,-0.7118,765.7,569.17,40.0,1500.0,778.68,711.75,0.514,231.63,192.46,46.33,509.58,0.8309,0.1267,5.0783,2.7707,12.0,0.0,0.0,BENIGN_WEB
5.9731,31.0,11.0,20.0,30723.64,5488.34,25235.3,5143.69,5.19,-0.6427,991.09,575.63,127.64,1500.0,1091.91,1026.07,0.5186,192.68,246.33,38.54,423.9,1.2784,0.0528,4.8671,2.721,10.0,0.0,0.0,BENIGN_WEB
18.4851,29.0,8.0,21.0,21867.0,2866.47,19000.53,1182.95,1.57,-0.7378,754.03,494.49,40.0,1500.0,646.07,851.0,0.2993,637.42,648.55,127.48,1402.32,1.0175,0.1021,4.1898,2.5349,20.0,0.0,0.0,BENIGN_WEB
17.5406,52.0,21.0,31.0,34295.2,9114.24,25180.95,1955.19,2.96,-0.4685,659.52,477.67,40.0,1500.0,562.52,601.6,0.6165,337.32,321.61,67.46,742.1,0.9534,0.1068,5.0294,2.5321,16.0,0.0,0.0,BENIGN_WEB
14.242,75.0,24.0,51.0,76814.39,15736.25,61078.14,5393.51,5.27,-0.5903,1024.19,401.59,421.81,1500.0,930.22,981.91,0.2019,189.89,314.32,37.98,417.77,1.6553,0.0528,4.8475,2.1152,16.0,0.0,0.0,BENIGN_WEB
46.8594,489.0,394.0,95.0,663919.97,631383.34,32536.62,14168.35,10.44,0.902,1357.71,165.06,1110.11,1500.0,1432.28,1353.63,0.2091,34.7,16.39,6.94,76.35,0.4724,0.2288,2.661,3.1022,24.0,0.0,1.0,DATA_EXFILTRATION
14.9572,41.0,14.0,27.0,33725.47,6191.12,27534.35,2254.79,2.74,-0.6329,822.57,380.88,251.25,1500.0,842.5,699.29,0.3365,364.81,504.35,72.96,802.58,1.3825,0.0147,4.3495,2.4281,10.0,0.0,0.0,BENIGN_WEB
23.5621,19.0,9.0,10.0,7417.66,4242.83,3174.83,314.81,0.81,0.144,390.4,136.14,186.19,635.46,374.05,371.22,0.3582,6982.6,110.19,1396.52,15361.72,0.0158,0.8881,2.5998,3.509,17.0,0.0,0.0,C2_BEACONING
64.5933,9.0,4.0,5.0,1793.83,830.31,963.52,27.77,0.14,-0.0743,199.31,83.12,74.64,348.92,181.97,178.77,0.5076,24120.5,1208.59,4824.1,53065.11,0.0501,0.9185,2.4719,4.0379,33.0,1.0,0.0,C2_BEACONING
100.6386,24.0,12.0,12.0,4681.99,2068.97,2613.02,46.52,0.24,-0.1162,195.08,125.62,40.0,421.2,181.28,181.97,0.3463,25697.8,1251.51,5139.56,56535.15,0.0487,0.9748,2.1335,3.9437,25.0,1.0,1.0,C2_BEACONING
51.2415,718.0,635.0,83.0,940702.2,869932.45,70769.75,18358.21,14.01,0.8495,1310.17,238.63,952.22,1500.0,1204.33,1210.93,0.5895,32.59,16.11,6.52,71.69,0.4944,0.248,2.7315,3.3718,23.0,1.0,1.0,DATA_EXFILTRATION
45.6786,11.0,5.0,6.0,2097.5,933.71,1163.79,45.92,0.24,-0.1097,190.68,52.13,112.49,284.51,172.5,167.38,0.4258,22182.15,2177.88,4436.43,48800.74,0.0982,0.9626,2.348,3.454,25.0,1.0,1.0,C2_BEACONING
8.3822,62.0,21.0,41.0,66900.87,14132.44,52768.43,7981.27,7.4,-0.5775,1079.05,504.69,322.01,1500.0,933.42,1239.22,0.5731,135.2,177.01,27.04,297.43,1.3093,0.086,4.9563,2.9224,11.0,0.0,0.0,BENIGN_WEB
27.9609,72.0,21.0,51.0,65306.18,17352.86,47953.32,2335.63,2.58,-0.4686,907.03,428.67,264.02,1500.0,808.56,1029.2,0.5196,388.35,439.9,77.67,854.36,1.1328,0.0608,4.4377,2.6118,15.0,0.0,0.0,BENIGN_WEB
21.7907,71.0,23.0,48.0,63216.19,10246.44,52969.75,2901.06,3.26,-0.6758,890.37,330.47,394.66,1485.22,824.36,902.62,0.3061,306.91,308.19,61.38,675.21,1.0042,0.0857,5.0819,2.7156,15.0,0.0,0.0,BENIGN_WEB
74.0827,16.0,8.0,8.0,3430.58,1572.81,1857.77,46.31,0.22,-0.0831,214.41,99.0,65.91,392.61,224.44,242.64,0.609,20127.43,733.23,4025.49,44280.35,0.0364,0.8829,2.791,3.9333,24.0,0.0,0.0,C2_BEACONING
3.8884,55.0,17.0,38.0,35824.58,10338.08,25486.5,9213.31,14.14,-0.4228,651.36,404.07,45.24,1378.69,616.08,731.56,0.2424,70.7,76.56,14.14,155.53,1.0829,0.0576,4.3168,3.0235,11.0,0.0,0.0,BENIGN_WEB
30.4833,73.0,27.0,46.0,49340.95,13294.42,36046.53,1618.62,2.39,-0.4611,675.9,375.16,113.17,1351.18,773.96,689.64,0.3237,417.58,441.59,83.52,918.67,1.0575,0.0492,4.9546,2.941,15.0,0.0,0.0,BENIGN_WEB
30.7978,49.0,19.0,30.0,35781.92,5124.97,30656.96,1161.83,1.59,-0.7135,730.24,400.12,130.06,1450.46,775.01,655.66,0.4174,628.53,572.8,125.71,1382.76,0.9113,0.0913,3.6649,2.4704,21.0,0.0,0.0,BENIGN_WEB
109.7099,14.0,7.0,7.0,2966.65,1884.24,1082.4,27.04,0.13,0.2703,211.9,94.95,69.47,382.82,185.46,241.73,0.5441,13193.26,1355.14,2638.65,29025.18,0.1027,0.9709,3.0536,3.8287,24.0,1.0,0.0,C2_BEACONING
54.42,13.0,6.0,7.0,4580.63,2697.28,1883.35,84.17,0.24,0.1777,352.36,78.91,233.99,494.4,365.77,325.8,0.3591,5975.6,288.89,1195.12,13146.33,0.0483,0.9699,2.8995,4.0697,26.0,1.0,0.0,C2_BEACONING
19.9601,42.0,13.0,29.0,44181.06,5204.73,38976.32,2213.46,2.1,-0.7644,1051.93,528.71,258.86,1500.0,1206.32,1151.66,0.4018,475.24,377.99,95.05,1045.53,0.7954,0.0679,4.1939,2.3922,8.0,0.0,0.0,BENIGN_WEB
4.6201,28.0,9.0,19.0,21078.72,4806.27,16272.45,4562.38,6.06,-0.544,752.81,538.68,40.0,1500.0,804.43,782.26,0.4236,165.0,218.75,33.0,363.01,1.3257,0.0674,4.0372,2.9199,9.0,0.0,0.0,BENIGN_WEB
15.2771,66.0,19.0,47.0,48827.54,12134.71,36692.82,3196.13,4.32,-0.503,739.81,567.13,40.0,1500.0,750.73,703.66,0.3035,231.47,186.29,46.29,509.24,0.8048,0.0369,3.9359,2.2582,9.0,0.0,0.0,BENIGN_WEB
18.8944,140.0,126.0,14.0,188128.9,176125.73,12003.17,9956.88,7.41,0.8724,1343.78,234.92,991.4,1500.0,1261.97,1173.01,0.6078,21.81,12.79,4.36,47.99,0.5864,0.2037,2.273,3.4546,28.0,0.0,0.0,DATA_EXFILTRATION
27.0681,43.0,17.0,26.0,36388.22,8203.33,28184.89,1344.32,1.59,-0.5491,846.24,440.89,184.91,1500.0,885.76,818.44,0.2072,629.49,912.93,125.9,1384.88,1.4503,0.1349,3.6124,2.4278,12.0,0.0,0.0,BENIGN_WEB
27.7931,71.0,22.0,49.0,49296.34,13388.04,35908.3,1773.69,2.55,-0.4568,694.31,414.33,72.83,1440.1,622.93,794.01,0.2617,391.45,398.67,78.29,861.2,1.0184,0.1083,4.9468,2.7103,19.0,0.0,0.0,BENIGN_WEB
10.3102,57.0,19.0,38.0,38978.4,8998.98,29979.42,3780.55,5.53,-0.5383,683.83,357.67,147.32,1327.64,585.24,741.58,0.4947,180.88,201.05,36.18,397.94,1.1115,0.05,4.8937,2.435,9.0,0.0,0.0,BENIGN_WEB
62.2561,11.0,5.0,6.0,3343.32,1864.88,1478.45,53.7,0.18,0.1156,303.94,60.61,213.02,413.04,329.0,293.22,0.4215,22963.36,1544.0,4592.67,50519.4,0.0672,0.9733,2.5985,3.5247,31.0,0.0,1.0,C2_BEACONING
26.9004,51.0,17.0,34.0,38659.34,7195.21,31464.13,1437.13,1.9,-0.6278,758.03,328.77,264.87,1349.82,747.69,777.11,0.2118,527.46,393.46,105.49,1160.41,0.746,0.0187,4.1518,2.6922,15.0,0.0,0.0,BENIGN_WEB
97.1682,19.0,9.0,10.0,3945.69,2397.36,1548.34,40.61,0.2,0.2152,207.67,48.02,135.64,294.1,184.9,222.77,0.4272,6703.74,409.53,1340.75,14748.23,0.0611,0.9122,2.3278,4.0056,17.0,0.0,0.0,C2_BEACONING
16.6684,17.0,6.0,11.0,15591.3,3832.79,11758.51,935.38,1.02,-0.5083,917.14,539.42,108.01,1500.0,811.59,888.13,0.5489,980.49,1087.21,196.1,2157.08,1.1088,0.0311,4.1716,2.5986,19.0,0.0,0.0,BENIGN_WEB
42.3246,25.0,12.0,13.0,9960.64,4964.25,4996.38,235.34,0.59,-0.0032,398.43,71.38,291.35,526.92,400.43,444.1,0.2448,15203.71,254.15,3040.74,33448.16,0.0167,0.9893,2.7629,3.6511,19.0,0.0,0.0,C2_BEACONING
15.1631,65.0,25.0,40.0,69846.1,7692.35,62153.74,4606.32,4.29,-0.7797,1074.56,574.09,213.42,1500.0,971.38,1232.05,0.4061,233.28,350.42,46.66,513.21,1.5022,0.0658,3.8827,2.6112,17.0,0.0,0.0,BENIGN_WEB
22.937,15.0,7.0,8.0,5638.56,3368.3,2270.25,245.83,0.65,0.1947,375.9,109.13,212.2,572.35,375.39,321.05,0.3285,5988.06,382.08,1197.61,13173.73,0.0638,0.9526,2.2504,3.9662,19.0,1.0,1.0,C2_BEACONING
80.5722,17.0,8.0,9.0,6213.1,3150.0,3063.11,77.11,0.21,0.014,365.48,119.16,186.74,579.96,382.48,327.6,0.3654,24443.12,1000.44,4888.62,53774.86,0.0409,0.9301,2.5371,4.0296,30.0,1.0,0.0,C2_BEACONING
23.3411,1216.0,1035.0,181.0,1514573.14,1479372.19,35200.95,64888.62,52.1,0.9535,1245.54,130.73,1049.44,1480.85,1277.88,1195.76,0.5336,16.86,7.95,3.37,37.09,0.4716,0.18,2.3879,3.1763,14.0,1.0,0.0,DATA_EXFILTRATION
29.8288,36.0,10.0,26.0,23050.1,2275.17,20774.92,772.75,1.21,-0.8026,640.28,548.44,40.0,1500.0,692.41,662.25,0.3561,828.58,978.27,165.72,1822.87,1.1807,0.024,4.235,2.3126,14.0,0.0,0.0,BENIGN_WEB
7.308,82.0,32.0,50.0,79142.78,9370.39,69772.39,10829.58,11.22,-0.7632,965.16,535.95,161.23,1500.0,951.04,869.34,0.575,89.12,136.71,17.82,196.07,1.5339,0.104,4.5474,2.4332,11.0,0.0,0.0,BENIGN_WEB
12.6293,48.0,18.0,30.0,43205.7,11738.1,31467.6,3421.07,3.8,-0.4566,900.12,560.77,58.97,1500.0,940.88,953.22,0.6011,263.11,318.82,52.62,578.84,1.2117,0.1361,4.2497,2.5168,16.0,0.0,0.0,BENIGN_WEB
86.5218,10.0,5.0,5.0,3895.9,2476.89,1419.01,45.03,0.12,0.2715,389.59,104.51,232.82,577.71,419.03,342.86,0.2167,21168.24,2242.56,4233.65,46570.12,0.1059,0.8948,2.3721,3.6348,20.0,0.0,1.0,C2_BEACONING
28.388,55.0,17.0,38.0,46027.81,12017.35,34010.45,1621.38,1.94,-0.4778,836.87,460.46,146.17,1500.0,815.44,854.42,0.2518,516.15,468.04,103.23,1135.52,0.9068,0.0902,3.6232,3.0788,20.0,0.0,0.0,BENIGN_WEB
10.1887,45.0,13.0,32.0,42529.59,11619.2,30910.39,4174.19,4.42,-0.4536,945.1,338.81,436.88,1500.0,1017.45,1057.55,0.2355,226.42,369.28,45.28,498.11,1.631,0.0744,4.9775,3.0412,13.0,0.0,0.0,BENIGN_WEB
17.0305,41.0,15.0,26.0,41684.36,4831.39,36852.97,2447.64,2.41,-0.7682,1016.69,439.33,357.69,1500.0,989.29,900.56,0.5722,415.38,649.53,83.08,913.83,1.5637,0.0668,4.7906,2.1408,8.0,0.0,0.0,BENIGN_WEB
2.8017,18.0,6.0,12.0,15416.93,3816.85,11600.08,5502.62,6.42,-0.5048,856.5,535.9,52.64,1500.0,945.91,794.07,0.2091,155.65,198.77,31.13,342.44,1.277,0.1336,5.0637,2.936,18.0,0.0,0.0,BENIGN_WEB
39.2092,410.0,361.0,49.0,538657.08,512197.3,26459.78,13738.03,10.46,0.9018,1313.8,178.77,1045.64,1500.0,1422.52,1214.76,0.5324,22.67,7.26,4.53,49.87,0.3203,0.2021,2.0166,3.2043,23.0,1.0,0.0,DATA_EXFILTRATION
31.6076,22.0,11.0,11.0,5470.92,2531.08,2939.85,173.09,0.7,-0.0747,248.68,85.62,120.25,402.79,229.81,235.48,0.4377,13548.26,1272.28,2709.65,29806.17,0.0939,0.9796,2.8681,3.6234,25.0,1.0,0.0,C2_BEACONING
10.3798,1449.0,1130.0,319.0,1882202.04,1828576.39,53625.65,181332.85,139.6,0.943,1298.97,129.88,1104.15,1500.0,1131.07,1156.98,0.2461,34.02,9.15,6.8,74.85,0.2689,0.2701,2.756,3.0849,17.0,0.0,0.0,DATA_EXFILTRATION
10.1243,81.0,23.0,58.0,71935.44,13600.18,58335.26,7105.21,8.0,-0.6219,888.09,324.31,401.62,1471.86,1003.24,791.45,0.4706,124.99,89.33,25.0,274.98,0.7147,0.0436,4.4377,2.1028,10.0,0.0,0.0,BENIGN_WEB
11.4865,25.0,7.0,18.0,18910.06,2995.2,15914.86,1646.29,2.18,-0.6832,756.4,350.95,229.97,1388.12,686.44,869.31,0.2717,459.46,551.4,91.89,1010.81,1.2001,0.0513,4.9734,2.8877,20.0,0.0,0.0,BENIGN_WEB
9.6354,83.0,32.0,51.0,53359.3,11669.02,41690.28,5537.84,8.61,-0.5626,642.88,551.34,40.0,1500.0,620.5,701.92,0.1821,116.09,118.18,23.22,255.4,1.018,0.0339,5.0018,2.2099,18.0,0.0,0.0,BENIGN_WEB
24.4394,1324.0,1201.0,123.0,1721370.01,1613210.39,108159.62,70434.33,54.17,0.8743,1300.13,239.52,940.85,1500.0,1332.71,1359.04,0.4387,14.96,5.4,2.99,32.91,0.3611,0.1581,2.5679,3.6521,23.0,1.0,0.0,DATA_EXFILTRATION
38.6303,23.0,11.0,12.0,7059.8,3899.59,3160.21,182.75,0.6,0.1047,306.95,98.52,159.16,484.29,285.33,294.79,0.3978,22594.38,1297.09,4518.88,49707.63,0.0574,0.9511,2.7495,3.7382,17.0,0.0,1.0,C2_BEACONING
19.7137,22.0,7.0,15.0,17879.33,4582.14,13297.19,906.95,1.12,-0.4874,812.7,470.84,106.43,1500.0,761.67,898.36,0.3407,896.08,831.74,179.22,1971.37,0.9282,0.1151,4.2224,2.1327,10.0,0.0,0.0,BENIGN_WEB
77.4735,19.0,9.0,10.0,6674.65,4032.73,2641.92,86.15,0.25,0.2084,351.3,64.15,255.08,466.76,367.52,382.61,0.5979,11621.66,236.69,2324.33,25567.66,0.0204,0.9025,2.213,4.1521,16.0,1.0,0.0,C2_BEACONING
23.7647,34.0,10.0,24.0,34862.65,3984.89,30877.75,1466.99,1.43,-0.7714,1025.37,327.33,534.37,1500.0,1135.0,1127.1,0.2544,698.96,974.49,139.79,1537.72,1.3942,0.0388,3.7262,2.6132,20.0,0.0,0.0,BENIGN_WEB
98.8521,22.0,11.0,11.0,5028.04,2720.71,2307.33,50.86,0.22,0.0822,228.55,46.84,158.29,312.85,260.5,243.9,0.3068,16175.87,1418.5,3235.17,35586.9,0.0877,0.9549,2.7648,3.5103,30.0,0.0,0.0,C2_BEACONING
77.0015,19.0,9.0,10.0,6604.24,3029.08,3575.16,85.77,0.25,-0.0827,347.59,52.59,268.71,442.25,361.48,353.28,0.3668,27501.34,494.81,5500.27,60502.94,0.018,0.9874,2.1271,4.1433,18.0,0.0,1.0,C2_BEACONING
30.6875,19.0,9.0,10.0,5115.94,2549.08,2566.86,166.71,0.62,-0.0035,269.26,127.17,78.5,498.17,299.5,250.03,0.3657,15794.69,1584.97,3158.94,34748.31,0.1003,0.944,2.7803,4.1012,33.0,1.0,1.0,C2_BEACONING
12.4795,66.0,20.0,46.0,61468.95,9202.63,52266.32,4925.57,5.29,-0.7006,931.35,467.75,229.73,1500.0,961.93,995.56,0.2255,189.08,310.9,37.82,415.98,1.6443,0.1338,5.0322,2.3056,11.0,0.0,0.0,BENIGN_WEB
14.4134,70.0,26.0,44.0,46998.45,10101.93,36896.52,3260.74,4.86,-0.5701,671.41,376.68,106.39,1349.43,595.53,667.44,0.3685,205.91,153.86,41.18,452.99,0.7472,0.0371,3.8904,2.323,12.0,0.0,0.0,BENIGN_WEB
101.7822,21.0,10.0,11.0,7690.64,4344.68,3345.96,75.56,0.21,0.1299,366.22,96.86,220.93,540.57,329.76,377.84,0.4455,23361.17,598.82,4672.23,51394.57,0.0256,0.8949,2.1808,3.8675,26.0,1.0,1.0,C2_BEACONING
28.213,929.0,750.0,179.0,1234978.52,1154313.37,80665.14,43773.31,32.93,0.8694,1329.36,158.48,1091.64,1500.0,1367.97,1196.12,0.4152,35.38,7.9,7.08,77.83,0.2234,0.2277,2.3356,3.4927,17.0,1.0,1.0,DATA_EXFILTRATION
95.7252,10.0,5.0,5.0,3138.07,1886.69,1251.38,32.78,0.1,0.2025,313.81,133.78,113.14,554.61,353.02,341.91,0.2641,17947.89,794.68,3589.58,39485.36,0.0443,0.9624,2.3209,3.9617,24.0,1.0,0.0,C2_BEACONING
46.9294,1418.0,1198.0,220.0,1732543.07,1614607.64,117935.42,36918.08,30.22,0.8639,1221.82,164.99,974.34,1500.0,1100.05,1068.19,0.4935,13.07,5.05,2.61,28.75,0.3867,0.2209,1.9835,3.3608,25.0,1.0,1.0,DATA_EXFILTRATION
26.8287,22.0,11.0,11.0,7096.45,4549.95,2546.5,264.51,0.82,0.2823,322.57,84.98,195.1,475.53,288.14,362.51,0.2973,27340.04,2019.83,5468.01,60148.09,0.0739,0.9321,3.0949,4.2457,19.0,1.0,0.0,C2_BEACONING
3.954,74.0,25.0,49.0,58701.93,14755.68,43946.25,14846.38,18.72,-0.4973,793.27,526.81,40.0,1500.0,718.68,871.87,0.2267,53.43,43.43,10.69,117.55,0.8128,0.0963,3.6936,2.8311,11.0,0.0,0.0,BENIGN_WEB
88.0632,15.0,7.0,8.0,5124.55,3362.87,1761.68,58.19,0.17,0.3125,341.64,73.46,231.45,473.86,318.98,348.54,0.3571,15309.7,828.43,3061.94,33681.35,0.0541,0.9582,2.9652,3.4723,15.0,1.0,0.0,C2_BEACONING
17.4832,43.0,13.0,30.0,45832.72,4320.36,41512.37,2621.52,2.46,-0.8115,1065.88,576.07,201.78,1500.0,1085.94,1068.44,0.273,406.59,341.78,81.32,894.49,0.8406,0.0161,4.6884,2.9907,17.0,0.0,0.0,BENIGN_WEB
26.645,71.0,29.0,42.0,69351.24,14796.24,54555.0,2602.79,2.66,-0.5733,976.78,520.04,196.72,1500.0,1105.92,950.4,0.2236,375.28,463.11,75.06,825.62,1.234,0.1098,4.9616,2.1068,16.0,0.0,0.0,BENIGN_WEB
29.6291,16.0,8.0,8.0,3924.81,2541.27,1383.54,132.46,0.54,0.295,245.3,127.68,53.78,475.12,253.43,279.89,0.2467,12782.55,1377.69,2556.51,28121.62,0.1078,0.9512,2.9738,3.9874,15.0,0.0,0.0,C2_BEACONING
71.5914,10.0,5.0,5.0,3731.89,1974.72,1757.17,52.13,0.14,0.0583,373.19,101.19,221.41,555.32,397.38,364.0,0.4764,24116.46,798.57,4823.29,53056.21,0.0331,0.9778,2.4063,3.8895,29.0,0.0,0.0,C2_BEACONING
49.5236,13.0,6.0,7.0,2604.15,1640.11,964.04,52.58,0.26,0.2596,200.32,54.99,117.83,299.31,183.38,175.28,0.6051,22381.36,967.73,4476.27,49238.99,0.0432,0.882,3.09,4.0796,19.0,0.0,1.0,C2_BEACONING
9.3491,63.0,20.0,43.0,42012.1,8842.81,33169.29,4493.71,6.74,-0.579,666.86,433.91,40.0,1447.9,577.8,591.87,0.3197,148.4,118.09,29.68,326.48,0.7958,0.0685,4.041,2.9608,15.0,0.0,0.0,BENIGN_WEB
18.4141,74.0,22.0,52.0,50674.52,5546.94,45127.58,2751.95,4.02,-0.7811,684.79,494.89,40.0,1500.0,754.77,693.15,0.2078,248.84,262.18,49.77,547.45,1.0536,0.1057,4.8592,2.9246,14.0,0.0,0.0,BENIGN_WEB
5.5642,26.0,10.0,16.0,21549.98,5451.49,16098.49,3872.98,4.67,-0.4941,828.85,540.5,40.0,1500.0,936.6,918.14,0.407,214.01,330.14,42.8,470.82,1.5426,0.0498,4.8329,3.0219,20.0,0.0,0.0,BENIGN_WEB
30.2262,528.0,474.0,54.0,757040.82,727267.44,29773.38,25045.85,17.47,0.9213,1433.79,191.2,1146.98,1500.0,1429.06,1546.63,0.5317,16.44,7.15,3.29,36.17,0.4347,0.1308,2.7864,3.4616,14.0,0.0,1.0,DATA_EXFILTRATION
11.4714,79.0,26.0,53.0,56318.69,9019.49,47299.2,4909.5,6.89,-0.6797,712.89,388.1,130.75,1411.47,810.73,714.22,0.2386,145.21,141.31,29.04,319.46,0.9732,0.1083,4.6436,2.7871,12.0,0.0,0.0,BENIGN_WEB
12.2079,26.0,10.0,16.0,26975.27,5346.12,21629.16,2209.66,2.13,-0.6036,1037.51,352.97,508.06,1500.0,1006.07,1025.66,0.5576,469.53,374.71,93.91,1032.98,0.7981,0.1131,4.6056,2.198,20.0,0.0,0.0,BENIGN_WEB
97.5773,11.0,5.0,6.0,3641.78,1770.27,1871.51,37.32,0.11,-0.0278,331.07,94.11,189.91,500.47,351.17,310.78,0.4339,21582.03,1096.95,4316.41,47480.47,0.0508,0.9601,2.8541,3.7096,33.0,1.0,0.0,C2_BEACONING
28.7099,28.0,8.0,20.0,22803.29,3482.15,19321.14,794.27,0.98,-0.6946,814.4,395.08,221.78,1500.0,804.38,904.24,0.3874,1025.35,1190.72,205.07,2255.78,1.1613,0.0782,4.1537,2.8233,21.0,0.0,0.0,BENIGN_WEB
87.2067,19.0,9.0,10.0,7317.81,4223.48,3094.33,83.91,0.22,0.1543,385.15,101.01,233.64,566.96,372.26,357.15,0.4747,11614.92,519.47,2322.98,25552.83,0.0447,0.9666,2.1374,3.997,21.0,0.0,0.0,C2_BEACONING
26.3692,1481.0,1214.0,267.0,2135461.59,2074506.73,60954.87,80983.23,56.16,0.9429,1441.91,153.41,1211.79,1500.0,1405.67,1449.03,0.5718,39.64,17.26,7.93,87.21,0.4355,0.1944,2.8682,3.6751,16.0,0.0,1.0,DATA_EXFILTRATION
23.2522,67.0,20.0,47.0,48168.53,5689.05,42479.48,2071.57,2.88,-0.7638,718.93,342.48,205.21,1335.4,705.82,619.19,0.3627,347.05,466.28,69.41,763.51,1.3436,0.063,3.8877,2.6001,19.0,0.0,0.0,BENIGN_WEB
17.7091,64.0,25.0,39.0,60918.87,8865.11,52053.76,3439.98,3.61,-0.709,951.86,349.77,427.2,1500.0,840.27,1029.55,0.5343,276.7,363.89,55.34,608.75,1.3151,0.1319,4.3279,2.3991,15.0,0.0,0.0,BENIGN_WEB
72.8428,24.0,12.0,12.0,4731.49,2424.62,2306.88,64.95,0.33,0.0249,197.15,46.01,128.13,279.96,180.4,200.87,0.3025,9268.72,504.58,1853.74,20391.19,0.0544,0.9655,2.9159,4.2086,30.0,0.0,0.0,C2_BEACONING
105.6362,8.0,4.0,4.0,3046.48,1946.09,1100.38,28.84,0.08,0.2776,380.81,93.39,240.73,548.9,324.63,376.6,0.354,5150.18,308.85,1030.04,11330.39,0.06,0.9159,2.3746,3.8182,18.0,1.0,0.0,C2_BEACONING
99.1033,15.0,7.0,8.0,5542.98,2921.91,2621.08,55.93,0.15,0.0543,369.53,58.4,281.93,474.66,346.11,333.87,0.3685,7423.7,560.22,1484.74,16332.14,0.0755,0.8909,2.6801,3.8901,31.0,1.0,0.0,C2_BEACONING
64.5721,8.0,4.0,4.0,2406.05,1211.25,1194.79,37.26,0.12,0.0068,300.76,79.14,182.04,443.21,300.39,312.87,0.5682,9773.61,832.98,1954.72,21501.94,0.0852,0.9828,3.0444,3.6024,16.0,1.0,1.0,C2_BEACONING
27.2736,42.0,13.0,29.0,41660.41,4142.49,37517.92,1527.5,1.54,-0.8011,991.91,400.94,390.5,1500.0,883.81,1015.19,0.4842,649.37,898.34,129.87,1428.62,1.3834,0.0147,4.9376,2.8159,19.0,0.0,0.0,BENIGN_WEB
70.0739,20.0,10.0,10.0,5882.17,3495.59,2386.58,83.94,0.29,0.1885,294.11,54.78,211.94,392.72,304.81,255.4,0.6097,13282.46,623.95,2656.49,29221.41,0.047,0.9741,2.1446,4.2191,25.0,0.0,0.0,C2_BEACONING
62.2355,9.0,4.0,5.0,3087.13,1987.24,1099.89,49.6,0.14,0.2874,343.01,127.85,151.25,573.14,318.01,296.95,0.5293,21987.87,1657.61,4397.57,48373.32,0.0754,0.9577,2.8673,3.9688,27.0,1.0,1.0,C2_BEACONING
6.4831,69.0,25.0,44.0,60960.06,15584.68,45375.38,9402.93,10.64,-0.4887,883.48,354.29,352.05,1500.0,866.68,903.92,0.3703,93.96,155.09,18.79,206.71,1.6506,0.0131,4.1815,2.667,14.0,0.0,0.0,BENIGN_WEB
28.675,39.0,11.0,28.0,28079.91,4951.5,23128.42,979.25,1.36,-0.6473,720.0,361.95,177.07,1371.51,811.52,737.65,0.5696,735.26,538.51,147.05,1617.56,0.7324,0.0354,4.1385,2.5838,14.0,0.0,0.0,BENIGN_WEB
47.8878,1532.0,1235.0,297.0,2013564.67,1836731.31,176833.37,42047.58,31.99,0.8244,1314.34,277.08,898.72,1500.0,1329.44,1304.56,0.2904,11.06,2.8,2.21,24.33,0.2534,0.2739,2.2116,3.7802,27.0,1.0,1.0,DATA_EXFILTRATION
27.6106,46.0,17.0,29.0,40545.49,8667.94,31877.55,1468.48,1.67,-0.5724,881.42,354.87,349.12,1500.0,913.16,887.25,0.3288,600.23,788.59,120.05,1320.51,1.3138,0.0719,4.7379,2.4614,12.0,0.0,0.0,BENIGN_WEB
14.893,27.0,8.0,19.0,19830.88,3672.17,16158.72,1331.56,1.81,-0.6297,734.48,444.85,67.2,1500.0,744.4,838.82,0.5841,551.59,934.19,110.32,1213.5,1.6936,0.0731,3.834,2.5586,13.0,0.0,0.0,BENIGN_WEB
21.8324,35.0,13.0,22.0,29434.68,8481.09,20953.59,1348.21,1.6,-0.4237,840.99,335.24,338.14,1444.42,826.83,896.68,0.2191,623.78,784.51,124.76,1372.32,1.2577,0.1166,3.8111,2.6848,12.0,0.0,0.0,BENIGN_WEB
26.0919,47.0,18.0,29.0,43662.76,4483.3,39179.46,1673.42,1.8,-0.7946,928.99,537.49,122.76,1500.0,1068.05,902.46,0.285,555.15,464.93,111.03,1221.32,0.8375,0.021,3.7626,2.934,9.0,0.0,0.0,BENIGN_WEB
27.8098,15.0,4.0,11.0,12156.68,3076.29,9080.39,437.14,0.54,-0.4939,810.45,372.98,250.97,1481.81,761.42,762.19,0.2841,1853.99,2816.34,370.8,4078.77,1.5191,0.131,4.1163,2.6995,11.0,0.0,0.0,BENIGN_WEB
12.5125,64.0,22.0,42.0,69113.12,8700.9,60412.22,5523.51,5.11,-0.7482,1079.89,324.43,593.25,1500.0,1038.72,1225.14,0.211,195.51,265.15,39.1,430.12,1.3562,0.0503,3.8807,2.8905,18.0,0.0,0.0,BENIGN_WEB
7.1218,71.0,29.0,42.0,54578.66,6288.53,48290.13,7663.63,9.97,-0.7696,768.71,540.5,40.0,1500.0,818.95,839.39,0.6021,100.31,114.66,20.06,220.67,1.1431,0.1105,3.7198,2.8598,12.0,0.0,0.0,BENIGN_WEB
28.5369,22.0,11.0,11.0,5907.05,3816.05,2091.0,207.0,0.77,0.292,268.5,57.75,181.88,372.45,271.12,283.1,0.3284,9274.54,554.02,1854.91,20403.99,0.0597,0.98,2.8749,3.6655,30.0,0.0,0.0,C2_BEACONING
43.5431,241.0,208.0,33.0,310399.29,295574.65,14824.64,7128.56,5.53,0.9045,1287.96,243.5,922.72,1500.0,1165.48,1253.1,0.4803,40.83,17.11,8.17,89.82,0.419,0.1981,2.2227,3.7577,14.0,0.0,0.0,DATA_EXFILTRATION
32.2693,25.0,12.0,13.0,6383.57,3073.89,3309.68,197.82,0.77,-0.0369,255.34,95.74,111.73,427.68,241.27,281.24,0.3005,6987.06,181.62,1397.41,15371.53,0.026,0.9343,2.6124,3.6728,17.0,1.0,0.0,C2_BEACONING
66.2422,15.0,7.0,8.0,3169.25,1958.97,1210.28,47.84,0.23,0.2362,211.28,106.12,52.11,402.29,241.08,209.21,0.2378,15924.84,1094.93,3184.97,35034.64,0.0688,0.9285,2.9835,3.9228,33.0,1.0,0.0,C2_BEACONING
53.5556,752.0,589.0,163.0,1043940.91,956650.08,87290.84,19492.66,14.04,0.8328,1388.22,126.5,1198.47,1500.0,1290.42,1373.9,0.3797,11.09,5.68,2.22,24.4,0.5123,0.1344,2.0074,3.0992,27.0,1.0,1.0,DATA_EXFILTRATION
4.0098,79.0,22.0,57.0,77195.03,11205.16,65989.86,19251.42,19.7,-0.7097,977.15,378.18,409.89,1500.0,971.19,1056.43,0.53,50.76,73.36,10.15,111.67,1.4454,0.1268,3.8493,3.0067,19.0,0.0,0.0,BENIGN_WEB
20.7485,83.0,26.0,57.0,74115.0,20098.04,54016.96,3572.06,4.0,-0.4577,892.95,548.07,70.85,1500.0,852.17,861.76,0.1927,249.98,425.36,50.0,549.96,1.7016,0.0318,4.8825,2.9271,14.0,0.0,0.0,BENIGN_WEB
65.4822,22.0,11.0,11.0,4890.08,2849.68,2040.4,74.68,0.34,0.1655,222.28,117.1,46.63,433.06,229.78,201.89,0.3224,14728.35,1122.18,2945.67,32402.36,0.0762,0.9312,3.0012,3.9567,33.0,1.0,0.0,C2_BEACONING
54.3443,13.0,6.0,7.0,4247.72,2294.39,1953.32,78.16,0.24,0.0803,326.75,114.23,155.41,532.36,307.92,342.61,0.4028,26660.66,2385.11,5332.13,58653.46,0.0895,0.8811,2.2933,3.6161,18.0,1.0,0.0,C2_BEACONING
10.6773,20.0,6.0,14.0,15552.6,3184.76,12367.84,1456.61,1.87,-0.5905,777.63,447.19,106.84,1500.0,889.53,873.29,0.3677,533.86,420.86,106.77,1174.5,0.7883,0.1196,3.8473,2.4796,15.0,0.0,0.0,BENIGN_WEB
19.1044,28.0,9.0,19.0,22610.04,4963.16,17646.88,1183.5,1.47,-0.561,807.5,327.49,316.27,1396.98,705.21,838.4,0.5977,682.3,1109.1,136.46,1501.06,1.6255,0.0641,3.9176,2.9332,21.0,0.0,0.0,BENIGN_WEB
20.4683,32.0,10.0,22.0,34436.83,4715.17,29721.65,1682.45,1.56,-0.7262,1076.15,468.46,373.46,1500.0,1094.95,993.79,0.4976,639.63,863.55,127.93,1407.19,1.3501,0.1205,4.8571,2.2397,9.0,0.0,0.0,BENIGN_WEB
26.89,1219.0,1103.0,116.0,1731389.3,1645822.73,85566.57,64387.89,45.33,0.9012,1420.34,262.1,1027.18,1500.0,1583.21,1355.19,0.1862,22.24,9.39,4.45,48.93,0.422,0.2482,2.4113,3.1918,27.0,0.0,0.0,DATA_EXFILTRATION
29.2413,65.0,23.0,42.0,46287.09,12611.31,33675.77,1582.94,2.22,-0.4551,712.11,542.01,40.0,1500.0,725.47,816.75,0.3568,449.87,728.82,89.97,989.7,1.6201,0.101,3.9429,2.7486,12.0,0.0,0.0,BENIGN_WEB
15.5644,38.0,12.0,26.0,39285.33,7435.58,31849.75,2524.05,2.44,-0.6215,1033.82,357.11,498.16,1500.0,943.77,1061.0,0.6012,409.59,691.6,81.92,901.1,1.6885,0.1134,4.6762,2.7208,12.0,0.0,0.0,BENIGN_WEB
12.6322,81.0,27.0,54.0,84545.25,12828.0,71717.26,6692.83,6.41,-0.6965,1043.77,545.34,225.76,1500.0,916.88,928.64,0.5299,155.95,264.9,31.19,343.1,1.6986,0.1246,4.3328,2.8093,17.0,0.0,0.0,BENIGN_WEB
98.0848,8.0,4.0,4.0,2951.96,1470.66,1481.3,30.1,0.08,-0.0036,368.99,85.43,240.85,522.77,325.82,336.87,0.5579,17581.37,1508.56,3516.27,38679.02,0.0858,0.9107,2.3295,3.8068,29.0,0.0,0.0,C2_BEACONING
21.9416,39.0,14.0,25.0,32957.24,3979.26,28977.98,1502.05,1.78,-0.7585,845.06,414.26,223.67,1500.0,860.45,928.27,0.3485,562.6,849.86,112.52,1237.73,1.5106,0.0907,4.7036,2.7585,17.0,0.0,0.0,BENIGN_WEB
53.9362,1204.0,1090.0,114.0,1692634.94,1547749.84,144885.11,31382.19,22.32,0.8288,1405.84,188.81,1122.62,1500.0,1273.85,1363.02,0.5602,15.07,3.6,3.01,33.15,0.2391,0.1256,2.2098,3.0901,14.0,0.0,0.0,DATA_EXFILTRATION
10.8293,26.0,7.0,19.0,20884.31,5575.24,15309.08,1928.51,2.4,-0.4661,803.24,535.37,40.0,1500.0,763.62,760.45,0.373,416.51,491.96,83.3,916.32,1.1811,0.0158,4.9682,2.9962,9.0,0.0,0.0,BENIGN_WEB
11.3789,503.0,414.0,89.0,638674.03,579637.82,59036.21,56128.12,44.2,0.8151,1269.73,185.96,990.8,1500.0,1151.9,1094.93,0.2302,23.1,12.39,4.62,50.82,0.5364,0.2196,2.5612,3.5608,15.0,0.0,0.0,DATA_EXFILTRATION
45.6241,283.0,254.0,29.0,410167.28,394252.01,15915.27,8990.14,6.2,0.9224,1449.35,166.05,1200.28,1500.0,1661.6,1464.91,0.5364,19.83,12.24,3.97,43.63,0.6171,0.1267,2.3163,3.0393,22.0,0.0,1.0,DATA_EXFILTRATION
31.3332,36.0,14.0,22.0,33165.09,8603.39,24561.71,1058.46,1.15,-0.4812,921.25,474.25,209.87,1500.0,895.35,870.29,0.3007,870.37,950.39,174.07,1914.81,1.0919,0.0722,4.7645,2.8797,15.0,0.0,0.0,BENIGN_WEB
34.0962,22.0,11.0,11.0,5975.97,3147.61,2828.36,175.27,0.65,0.0534,271.63,110.42,106.01,470.39,294.6,294.85,0.6017,12457.77,229.16,2491.55,27407.1,0.0184,0.8837,2.9203,3.5672,28.0,1.0,0.0,C2_BEACONING
35.7382,23.0,11.0,12.0,5162.36,3167.03,1995.33,144.45,0.64,0.227,224.45,113.67,53.94,429.06,254.12,246.33,0.3434,27564.64,2032.53,5512.93,60642.2,0.0737,0.9609,2.8723,3.4838,28.0,1.0,1.0,C2_BEACONING
23.089,50.0,18.0,32.0,49644.09,14001.02,35643.07,2150.12,2.17,-0.4359,992.88,363.97,446.92,1500.0,866.79,913.8,0.5975,461.78,470.51,92.36,1015.91,1.0189,0.112,3.7864,2.5138,18.0,0.0,0.0,BENIGN_WEB
82.4182,15.0,7.0,8.0,3722.36,2327.7,1394.66,45.16,0.18,0.2507,248.16,120.62,67.23,465.27,232.74,246.2,0.1874,11026.01,1089.25,2205.2,24257.21,0.0988,0.9168,2.4278,3.7519,33.0,0.0,0.0,C2_BEACONING
26.1656,48.0,19.0,29.0,34382.67,7163.08,27219.6,1314.04,1.83,-0.5833,716.31,473.42,40.0,1500.0,627.15,768.92,0.5113,545.12,720.97,109.02,1199.26,1.3226,0.1135,3.8941,2.3741,12.0,0.0,0.0,BENIGN_WEB
29.3036,40.0,14.0,26.0,36786.47,9278.35,27508.12,1255.36,1.37,-0.4956,919.66,405.26,311.77,1500.0,955.82,812.98,0.3224,732.59,1272.15,146.52,1611.7,1.7365,0.1375,4.1268,2.6377,9.0,0.0,0.0,BENIGN_WEB
96.124,11.0,5.0,6.0,2513.95,1343.59,1170.35,26.15,0.11,0.0689,228.54,55.77,144.89,328.92,255.16,232.0,0.4517,12427.84,411.37,2485.57,27341.24,0.0331,0.9039,2.9853,3.5782,30.0,0.0,1.0,C2_BEACONING
23.2452,1166.0,921.0,245.0,1599551.03,1583404.42,16146.61,68812.03,50.16,0.9798,1371.83,134.9,1169.47,1500.0,1367.33,1275.45,0.2578,46.88,12.24,9.38,103.14,0.261,0.2648,2.5346,3.3182,25.0,0.0,1.0,DATA_EXFILTRATION
28.5652,43.0,16.0,27.0,27203.65,5734.58,21469.07,952.34,1.51,-0.5784,632.64,438.97,40.0,1422.78,692.56,556.31,0.2053,664.31,568.09,132.86,1461.48,0.8552,0.1369,4.3047,2.225,21.0,0.0,0.0,BENIGN_WEB
13.4043,40.0,11.0,29.0,31951.54,7001.51,24950.04,2383.68,2.98,-0.5617,798.79,374.61,236.87,1473.09,860.3,830.12,0.3387,335.11,492.29,67.02,737.23,1.4691,0.0403,3.847,2.9095,18.0,0.0,0.0,BENIGN_WEB
14.0348,74.0,24.0,50.0,77207.94,13749.35,63458.59,5501.17,5.27,-0.6438,1043.35,408.73,430.25,1500.0,986.63,1198.98,0.5097,189.66,170.62,37.93,417.25,0.8996,0.0339,4.8818,2.3358,16.0,0.0,0.0,BENIGN_WEB
74.3945,21.0,10.0,11.0,6674.97,4001.61,2673.36,89.72,0.28,0.199,317.86,83.67,192.34,468.47,275.17,275.2,0.5826,20968.3,443.25,4193.66,46130.26,0.0211,0.9642,2.6838,3.7041,22.0,0.0,0.0,C2_BEACONING
97.7132,21.0,10.0,11.0,7116.61,4247.54,2869.07,72.83,0.21,0.1937,338.89,96.23,194.54,512.11,331.68,296.42,0.2384,21799.78,2151.28,4359.96,47959.51,0.0987,0.9728,2.1006,4.0893,29.0,0.0,0.0,C2_BEACONING
90.9043,11.0,5.0,6.0,2703.62,1716.68,986.94,29.74,0.12,0.2699,245.78,86.19,116.49,400.93,256.53,258.71,0.5128,11278.92,650.46,2255.78,24813.63,0.0577,0.9172,2.4157,3.9337,20.0,1.0,0.0,C2_BEACONING
22.9862,1251.0,1039.0,212.0,1792142.03,1773204.2,18937.83,77966.11,54.42,0.9789,1432.57,253.1,1052.92,1500.0,1483.56,1356.43,0.3798,46.56,13.63,9.31,102.43,0.2927,0.1397,1.9467,2.9641,22.0,0.0,0.0,DATA_EXFILTRATION
18.9523,55.0,16.0,39.0,42446.09,10265.8,32180.28,2239.63,2.9,-0.5163,771.75,376.31,207.28,1449.11,858.62,865.02,0.4457,344.59,430.53,68.92,758.09,1.2494,0.1312,4.6793,2.1444,9.0,0.0,0.0,BENIGN_WEB
2.1591,24.0,8.0,16.0,16364.64,1827.31,14537.33,7579.35,11.12,-0.7767,681.86,543.45,40.0,1500.0,653.12,641.72,0.6197,89.96,104.35,17.99,197.92,1.1599,0.0821,4.5401,2.9127,11.0,0.0,0.0,BENIGN_WEB
16.3643,58.0,19.0,39.0,45441.25,5026.04,40415.21,2776.85,3.54,-0.7788,783.47,440.79,122.28,1500.0,873.45,685.17,0.6199,282.14,446.1,56.43,620.72,1.5811,0.0412,4.2643,3.0168,16.0,0.0,0.0,BENIGN_WEB
15.828,28.0,8.0,20.0,28779.96,5236.48,23543.48,1818.3,1.77,-0.6361,1027.86,561.1,186.21,1500.0,1034.93,906.96,0.1912,565.28,721.19,113.06,1243.63,1.2758,0.0202,3.6866,2.5474,9.0,0.0,0.0,BENIGN_WEB
4.4168,21.0,6.0,15.0,18213.24,1847.85,16365.4,4123.64,4.75,-0.7971,867.3,485.06,139.7,1500.0,995.92,847.75,0.217,210.32,277.91,42.06,462.71,1.3213,0.0902,3.7126,2.3621,15.0,0.0,0.0,BENIGN_WEB
7.5434,15.0,5.0,10.0,14352.06,4092.86,10259.2,1902.6,1.99,-0.4296,956.8,324.21,470.48,1500.0,981.16,933.41,0.4256,502.89,661.86,100.58,1106.36,1.3161,0.0617,4.7031,2.2351,20.0,0.0,0.0,BENIGN_WEB
28.0952,16.0,5.0,11.0,15857.35,3795.88,12061.47,564.41,0.57,-0.5212,991.08,575.34,128.08,1500.0,1056.9,981.48,0.4734,1755.95,1781.51,351.19,3863.09,1.0146,0.0688,3.7326,2.9183,9.0,0.0,0.0,BENIGN_WEB
26.1761,81.0,27.0,54.0,55343.32,11069.45,44273.87,2114.27,3.09,-0.6,683.25,572.13,40.0,1500.0,708.31,595.72,0.521,323.16,290.47,64.63,710.95,0.8988,0.0125,4.2471,2.4863,10.0,0.0,0.0,BENIGN_WEB
109.5999,22.0,11.0,11.0,8571.0,3973.03,4597.97,78.2,0.2,-0.0729,389.59,101.55,237.27,572.37,400.33,387.44,0.5639,23182.9,835.26,4636.58,51002.38,0.036,0.9611,2.9673,4.013,15.0,0.0,0.0,C2_BEACONING
6.6756,18.0,5.0,13.0,11686.51,3158.43,8528.08,1750.63,2.7,-0.4595,649.25,422.97,40.0,1410.59,611.94,553.06,0.4797,370.87,538.68,74.17,815.91,1.4525,0.0336,4.5157,3.0204,20.0,0.0,0.0,BENIGN_WEB
10.6792,618.0,527.0,91.0,806265.06,781339.35,24925.72,75498.58,57.87,0.9382,1304.64,210.44,988.98,1500.0,1433.43,1130.12,0.409,15.67,7.05,3.13,34.47,0.4499,0.1694,2.626,3.6901,22.0,0.0,1.0,DATA_EXFILTRATION
79.1627,17.0,8.0,9.0,5239.92,2567.34,2672.58,66.19,0.21,-0.0201,308.23,67.49,207.0,429.71,265.31,304.5,0.441,25249.95,1985.71,5049.99,55549.9,0.0786,0.9163,2.6502,3.6967,32.0,1.0,0.0,C2_BEACONING
18.9328,76.0,30.0,46.0,70678.54,19938.8,50739.74,3733.13,4.01,-0.4358,929.98,511.78,162.31,1500.0,815.99,856.35,0.2895,249.12,359.49,49.82,548.05,1.4431,0.085,4.7727,2.6097,18.0,0.0,0.0,BENIGN_WEB
16.1439,49.0,18.0,31.0,30510.42,6719.22,23791.21,1889.9,3.04,-0.5595,622.66,371.15,65.94,1290.72,616.9,649.82,0.5299,329.47,368.18,65.89,724.83,1.1175,0.0878,3.8275,2.2301,11.0,0.0,0.0,BENIGN_WEB
12.774,50.0,20.0,30.0,44703.43,10876.91,33826.52,3499.57,3.91,-0.5134,894.07,491.41,156.95,1500.0,830.79,792.35,0.517,255.48,273.99,51.1,562.05,1.0725,0.0555,3.9843,2.5474,11.0,0.0,0.0,BENIGN_WEB
25.292,1004.0,789.0,215.0,1260872.86,1205486.1,55386.76,49852.57,39.7,0.9121,1255.85,179.46,986.66,1500.0,1159.09,1184.37,0.5851,32.68,21.13,6.54,71.91,0.6464,0.2053,2.159,3.6626,24.0,0.0,1.0,DATA_EXFILTRATION
9.5682,26.0,9.0,17.0,20446.55,4033.75,16412.8,2136.94,2.72,-0.6054,786.41,513.83,40.0,1500.0,799.02,702.23,0.264,368.01,393.32,73.6,809.61,1.0688,0.1368,3.8281,2.2611,13.0,0.0,0.0,BENIGN_WEB
23.5912,20.0,6.0,14.0,17947.08,3224.01,14723.08,760.75,0.85,-0.6407,897.35,380.68,326.34,1500.0,1031.45,1012.67,0.3909,1179.56,1713.68,235.91,2595.03,1.4528,0.0374,3.758,2.7568,14.0,0.0,0.0,BENIGN_WEB
8.7665,46.0,17.0,29.0,48122.55,5590.4,42532.15,5489.39,5.25,-0.7677,1046.14,487.82,314.41,1500.0,952.6,1172.64,0.2403,190.58,264.04,38.12,419.27,1.3855,0.011,4.2794,2.5089,20.0,0.0,0.0,BENIGN_WEB
15.2941,1477.0,1214.0,263.0,1807704.83,1735252.28,72452.55,118196.22,96.57,0.9198,1223.9,143.54,1008.59,1482.28,1166.58,1346.16,0.3796,42.16,18.41,8.43,92.76,0.4365,0.274,2.4909,3.4874,28.0,1.0,0.0,DATA_EXFILTRATION
9.5975,21.0,7.0,14.0,16580.12,2304.93,14275.19,1727.55,2.19,-0.722,789.53,329.91,294.66,1383.37,902.77,773.15,0.2794,457.02,661.93,91.4,1005.45,1.4484,0.0258,3.6266,2.6697,10.0,0.0,0.0,BENIGN_WEB
28.5817,34.0,13.0,21.0,35555.58,6820.78,28734.8,1244.0,1.19,-0.6163,1045.75,484.98,318.29,1500.0,937.24,1009.22,0.4955,840.64,860.05,168.13,1849.41,1.0231,0.0672,3.7367,2.9526,11.0,0.0,0.0,BENIGN_WEB
9.8143,60.0,20.0,40.0,39383.41,4317.69,35065.72,4012.85,6.11,-0.7807,656.39,403.13,51.69,1382.03,624.53,658.45,0.1862,163.57,233.43,32.71,359.86,1.4271,0.0874,5.0224,2.7111,10.0,0.0,0.0,BENIGN_WEB
18.5335,34.0,9.0,25.0,30424.87,2977.34,27447.53,1641.61,1.83,-0.8043,894.85,439.89,235.02,1500.0,858.74,856.25,0.2456,545.1,757.47,109.02,1199.23,1.3896,0.0692,4.9351,2.8831,8.0,0.0,0.0,BENIGN_WEB
34.6392,644.0,588.0,56.0,880020.43,788743.52,91276.91,25405.37,18.59,0.7926,1366.49,255.12,983.81,1500.0,1554.84,1458.11,0.3293,31.85,13.69,6.37,70.07,0.4299,0.2125,2.0856,3.0689,16.0,0.0,0.0,DATA_EXFILTRATION
11.4605,24.0,8.0,16.0,24743.47,3779.39,20964.08,2159.03,2.09,-0.6945,1030.98,407.99,418.99,1500.0,1135.57,1012.22,0.4866,477.52,707.4,95.5,1050.54,1.4814,0.0545,4.6862,2.8938,16.0,0.0,0.0,BENIGN_WEB
46.5046,786.0,699.0,87.0,984137.31,914444.39,69692.92,21162.14,16.9,0.8584,1252.08,193.65,961.61,1500.0,1275.89,1260.33,0.3374,46.68,13.28,9.34,102.7,0.2844,0.263,2.4021,3.8145,16.0,1.0,0.0,DATA_EXFILTRATION
36.6442,22.0,11.0,11.0,8936.13,4413.25,4522.88,243.86,0.6,-0.0123,406.19,84.02,280.17,557.41,424.91,425.11,0.5839,25965.47,1936.62,5193.09,57124.04,0.0746,0.9834,2.3382,3.7278,23.0,1.0,0.0,C2_BEACONING
15.6698,23.0,6.0,17.0,21529.5,6095.38,15434.12,1373.95,1.47,-0.4338,936.07,567.38,85.0,1500.0,897.42,959.61,0.52,681.29,704.12,136.26,1498.85,1.0335,0.1348,4.1111,2.7233,19.0,0.0,0.0,BENIGN_WEB
71.5584,13.0,6.0,7.0,4592.44,2839.57,1752.87,64.18,0.18,0.2366,353.26,52.1,275.12,447.04,381.29,402.14,0.1817,19208.66,2025.81,3841.73,42259.06,0.1055,0.9437,2.838,3.6324,18.0,0.0,1.0,C2_BEACONING
49.7213,23.0,11.0,12.0,7960.37,4163.86,3796.52,160.1,0.46,0.0461,346.1,123.94,160.19,569.2,365.82,304.69,0.537,23716.9,2288.66,4743.38,52177.18,0.0965,0.9807,2.7173,3.801,24.0,0.0,0.0,C2_BEACONING
2.5118,22.0,8.0,14.0,19472.83,2455.67,17017.16,7752.59,8.76,-0.7478,885.13,443.27,220.22,1500.0,779.19,807.58,0.3372,114.17,87.46,22.83,251.18,0.766,0.0375,4.0105,2.6942,19.0,0.0,0.0,BENIGN_WEB
9.835,79.0,25.0,54.0,53593.58,11877.99,41715.59,5449.28,8.03,-0.5567,678.4,344.13,162.2,1297.84,678.02,650.7,0.3916,124.49,132.12,24.9,273.89,1.0612,0.1171,4.2615,2.3666,8.0,0.0,0.0,BENIGN_WEB
2.6406,15.0,4.0,11.0,9705.99,1110.57,8595.42,3675.74,5.68,-0.7712,647.07,392.83,57.81,1354.17,741.59,610.72,0.2653,176.04,284.42,35.21,387.28,1.6157,0.0708,3.6293,3.0098,18.0,0.0,0.0,BENIGN_WEB
40.4274,23.0,11.0,12.0,9341.32,6095.09,3246.23,231.06,0.57,0.305,406.14,94.32,264.67,575.92,361.23,394.35,0.4154,18131.62,451.59,3626.32,39889.56,0.0249,0.9505,2.5386,3.7406,24.0,1.0,0.0,C2_BEACONING
64.2991,16.0,8.0,8.0,4937.63,2670.77,2266.86,76.79,0.25,0.0818,308.6,92.95,169.18,475.91,294.84,263.29,0.4749,9515.3,316.62,1903.06,20933.67,0.0333,0.9777,2.363,4.1754,15.0,1.0,0.0,C2_BEACONING
32.2733,11.0,5.0,6.0,2492.96,1411.42,1081.54,77.25,0.34,0.1323,226.63,138.91,40.0,476.66,216.41,226.2,0.5839,22765.69,1758.1,4553.14,50084.51,0.0772,0.948,2.2324,3.6587,30.0,1.0,0.0,C2_BEACONING
49.339,25.0,12.0,13.0,5786.99,3726.53,2060.45,117.29,0.51,0.2879,231.48,123.45,46.31,453.68,223.74,259.81,0.3464,22690.23,502.03,4538.05,49918.5,0.0221,0.8845,3.0501,3.5707,22.0,1.0,0.0,C2_BEACONING
31.3374,48.0,19.0,29.0,39577.68,9084.03,30493.65,1262.95,1.53,-0.541,824.54,572.6,40.0,1500.0,779.87,723.02,0.2513,652.86,646.4,130.57,1436.3,0.9901,0.0822,3.8681,2.2935,14.0,0.0,0.0,BENIGN_WEB
61.2297,24.0,12.0,12.0,8754.6,5101.44,3653.16,142.98,0.39,0.1654,364.77,113.0,195.28,568.17,413.11,326.78,0.2583,15087.61,1647.21,3017.52,33192.75,0.1092,0.9709,2.4136,3.883,19.0,1.0,1.0,C2_BEACONING
69.5193,20.0,10.0,10.0,6755.72,3324.7,3431.02,97.18,0.29,-0.0157,337.79,112.87,168.49,540.95,381.0,381.47,0.6085,19785.46,1099.33,3957.09,43528.02,0.0556,0.9361,2.2305,4.2063,24.0,0.0,1.0,C2_BEACONING
19.2402,33.0,13.0,20.0,34746.22,7445.44,27300.79,1805.92,1.72,-0.5714,1052.92,500.48,302.19,1500.0,940.43,908.2,0.4932,583.04,413.81,116.61,1282.68,0.7097,0.0869,4.27,2.1974,10.0,0.0,0.0,BENIGN_WEB
42.21,10.0,5.0,5.0,2036.49,1300.65,735.84,48.25,0.24,0.2773,203.65,101.53,51.36,386.4,179.3,230.58,0.2339,24992.33,1483.68,4998.47,54983.12,0.0594,0.9228,2.7167,4.0811,29.0,1.0,0.0,C2_BEACONING
10.1088,16.0,4.0,12.0,12771.98,2062.66,10709.32,1263.45,1.58,-0.677,798.25,505.7,40.0,1500.0,763.51,767.23,0.5813,631.8,923.32,126.36,1389.96,1.4614,0.0797,4.9721,2.2526,11.0,0.0,0.0,BENIGN_WEB
90.8566,23.0,11.0,12.0,7801.82,4341.65,3460.17,85.87,0.25,0.113,339.21,121.6,156.81,558.09,319.64,322.15,0.5007,13074.83,265.55,2614.97,28764.63,0.0203,0.9393,2.4772,3.8917,21.0,1.0,1.0,C2_BEACONING
18.3163,59.0,18.0,41.0,38141.14,4787.48,33353.67,2082.37,3.22,-0.749,646.46,349.44,122.31,1275.45,603.05,584.66,0.3988,310.45,222.84,62.09,682.98,0.7178,0.0953,4.729,2.3701,9.0,0.0,0.0,BENIGN_WEB
31.603,21.0,10.0,11.0,4908.95,3135.26,1773.7,155.33,0.66,0.2774,233.76,52.43,155.11,328.14,227.45,231.25,0.3729,9237.58,271.95,1847.52,20322.67,0.0294,0.937,2.3779,3.9816,25.0,1.0,0.0,C2_BEACONING
52.1319,19.0,9.0,10.0,6027.95,3385.03,2642.92,115.63,0.36,0.1231,317.26,65.64,218.81,435.4,298.57,351.41,0.3881,25269.04,1886.76,5053.81,55591.89,0.0747,0.944,2.182,4.1281,31.0,1.0,0.0,C2_BEACONING
56.5087,10.0,5.0,5.0,2012.35,1091.37,920.98,35.61,0.18,0.0847,201.23,73.67,90.73,333.84,200.0,201.07,0.188,8588.21,752.54,1717.64,18894.07,0.0876,0.9665,2.1585,4.0174,31.0,0.0,1.0,C2_BEACONING
60.3409,11.0,5.0,6.0,2313.46,1195.49,1117.97,38.34,0.18,0.0335,210.31,103.95,54.4,397.42,228.21,226.3,0.4572,25263.94,669.57,5052.79,55580.67,0.0265,0.901,2.7625,3.5261,22.0,1.0,1.0,C2_BEACONING
9.9599,316.0,249.0,67.0,405992.26,392915.18,13077.08,40762.59,31.73,0.9356,1284.79,169.28,1030.86,1500.0,1224.45,1399.91,0.5552,10.56,5.44,2.11,23.24,0.515,0.2577,2.3933,3.5526,27.0,1.0,0.0,DATA_EXFILTRATION
2.2446,72.0,27.0,45.0,71582.15,9159.2,62422.94,31890.71,32.08,-0.7441,994.2,355.96,460.26,1500.0,1018.25,852.08,0.4264,31.18,42.05,6.24,68.59,1.3489,0.0741,4.6913,2.269,10.0,0.0,0.0,BENIGN_WEB
23.5092,15.0,7.0,8.0,2937.89,1779.73,1158.17,124.97,0.64,0.2116,195.86,81.3,73.91,342.2,172.92,186.97,0.4926,8156.18,515.1,1631.24,17943.6,0.0632,0.9704,2.6698,4.1849,17.0,1.0,0.0,C2_BEACONING
26.6192,24.0,12.0,12.0,4590.12,2535.22,2054.9,172.44,0.9,0.1046,191.26,96.73,46.16,365.37,186.88,168.02,0.504,24031.16,1912.91,4806.23,52868.54,0.0796,0.8901,2.2002,3.6207,20.0,1.0,0.0,C2_BEACONING
27.4396,27.0,10.0,17.0,27717.48,5966.33,21751.15,1010.13,0.98,-0.5695,1026.57,448.04,354.51,1500.0,1122.96,909.66,0.3519,1016.28,1679.29,203.26,2235.82,1.6524,0.1308,4.6769,2.8986,21.0,0.0,0.0,BENIGN_WEB
21.9518,29.0,11.0,18.0,22211.75,3760.55,18451.2,1011.84,1.32,-0.6614,765.92,428.19,123.64,1500.0,669.75,804.12,0.5465,756.96,837.37,151.39,1665.31,1.1062,0.0653,3.7097,2.5419,8.0,0.0,0.0,BENIGN_WEB
5.4188,44.0,16.0,28.0,39880.56,11520.32,28360.24,7359.62,8.12,-0.4223,906.38,455.03,223.83,1500.0,873.07,776.49,0.4554,123.16,98.9,24.63,270.94,0.8031,0.0852,3.6308,3.0425,15.0,0.0,0.0,BENIGN_WEB
26.7242,518.0,464.0,54.0,687592.41,656121.24,31471.16,25729.23,19.38,0.9085,1327.4,264.19,931.12,1500.0,1380.77,1521.56,0.5253,28.63,15.4,5.73,62.98,0.538,0.2776,2.6287,3.1021,20.0,1.0,0.0,DATA_EXFILTRATION
39.8554,15.0,7.0,8.0,4540.12,2900.57,1639.55,113.91,0.38,0.2778,302.67,120.93,121.28,520.35,317.47,292.96,0.4526,5720.79,267.92,1144.16,12585.75,0.0468,0.8806,2.9947,4.2413,27.0,1.0,0.0,C2_BEACONING
5.8215,82.0,31.0,51.0,73060.06,12279.05,60781.0,12550.11,14.09,-0.6639,890.98,364.44,344.32,1500.0,833.16,766.31,0.6016,70.99,63.62,14.2,156.19,0.8961,0.0155,4.693,2.6318,20.0,0.0,0.0,BENIGN_WEB
106.0729,14.0,7.0,7.0,3962.02,2498.95,1463.07,37.35,0.13,0.2615,283.0,70.56,177.16,410.01,270.75,313.52,0.3902,17478.54,1184.69,3495.71,38452.79,0.0678,0.921,2.1831,4.1732,28.0,1.0,0.0,C2_BEACONING
19.469,20.0,6.0,14.0,20544.56,3887.92,16656.64,1055.24,1.03,-0.6215,1027.23,528.37,234.67,1500.0,1013.27,1130.26,0.277,973.45,720.64,194.69,2141.59,0.7403,0.0969,4.8357,3.0318,16.0,0.0,0.0,BENIGN_WEB
24.1373,559.0,455.0,104.0,766780.2,695881.5,70898.71,31767.44,23.16,0.8151,1371.7,179.9,1101.85,1500.0,1206.79,1211.02,0.2545,15.03,4.2,3.01,33.06,0.2792,0.1343,2.6278,3.1098,26.0,1.0,0.0,DATA_EXFILTRATION
98.1606,14.0,7.0,7.0,3932.77,2140.46,1792.31,40.06,0.14,0.0885,280.91,51.88,203.09,374.3,253.97,254.36,0.5009,16481.09,1500.74,3296.22,36258.4,0.0911,0.9685,2.6823,3.8721,19.0,1.0,1.0,C2_BEACONING
49.482,1124.0,895.0,229.0,1421398.07,1365385.21,56012.87,28725.54,22.72,0.9212,1264.59,196.29,970.15,1500.0,1442.95,1403.45,0.468,38.3,18.34,7.66,84.27,0.4788,0.1375,2.1601,3.1951,24.0,1.0,1.0,DATA_EXFILTRATION
27.5608,71.0,26.0,45.0,60846.96,6446.82,54400.13,2207.74,2.58,-0.7881,857.0,522.87,72.7,1500.0,833.5,842.95,0.4254,388.18,492.73,77.64,854.0,1.2693,0.0952,4.2751,2.8799,14.0,0.0,0.0,BENIGN_WEB
21.2211,32.0,12.0,20.0,26353.56,6771.77,19581.79,1241.86,1.51,-0.4861,823.55,463.57,128.2,1500.0,790.56,876.39,0.5634,663.16,898.17,132.63,1458.95,1.3544,0.0716,4.9333,2.8627,14.0,0.0,0.0,BENIGN_WEB
6.7743,36.0,15.0,21.0,31499.71,8457.82,23041.89,4649.92,5.31,-0.463,874.99,411.57,257.64,1500.0,891.12,755.67,0.2807,188.17,245.63,37.63,413.98,1.3053,0.0257,4.7247,2.9471,16.0,0.0,0.0,BENIGN_WEB
4.7741,54.0,17.0,37.0,34674.48,4203.59,30470.9,7263.02,11.31,-0.7575,642.12,402.94,40.0,1367.42,657.75,715.82,0.5688,88.41,63.81,17.68,194.5,0.7217,0.0875,4.0312,2.3053,14.0,0.0,0.0,BENIGN_WEB
38.7768,21.0,10.0,11.0,7824.36,3615.23,4209.13,201.78,0.54,-0.0759,372.59,108.59,209.7,568.06,319.34,415.78,0.5693,26886.39,1381.69,5377.28,59150.05,0.0514,0.9894,2.7249,3.7409,16.0,1.0,1.0,C2_BEACONING
101.2817,14.0,7.0,7.0,4197.84,2374.74,1823.09,41.45,0.14,0.1314,299.85,53.74,219.24,396.58,271.63,263.56,0.485,5158.84,312.15,1031.77,11349.45,0.0605,0.9805,3.0465,4.188,29.0,1.0,1.0,C2_BEACONING
49.6797,12.0,6.0,6.0,4650.14,2952.6,1697.54,93.6,0.24,0.2699,387.51,97.2,241.71,562.47,373.88,443.85,0.4417,27499.23,447.63,5499.85,60498.3,0.0163,0.9266,2.3871,3.5442,20.0,1.0,0.0,C2_BEACONING
25.2468,75.0,30.0,45.0,63884.76,11594.54,52290.22,2530.41,2.97,-0.637,851.8,390.65,265.82,1500.0,882.38,863.96,0.4517,336.62,325.47,67.32,740.57,0.9669,0.0957,4.5171,2.2683,18.0,0.0,0.0,BENIGN_WEB
78.5578,23.0,11.0,12.0,4649.67,2847.57,1802.1,59.19,0.29,0.2248,202.16,130.92,40.0,437.81,218.78,181.65,0.4698,7962.77,487.83,1592.55,17518.08,0.0613,0.9434,2.3729,3.9541,29.0,1.0,0.0,C2_BEACONING
29.3905,38.0,11.0,27.0,29888.05,7151.29,22736.76,1016.93,1.29,-0.5215,786.53,571.95,40.0,1500.0,849.55,836.95,0.1928,773.44,1127.66,154.69,1701.56,1.458,0.1059,4.4701,2.8701,20.0,0.0,0.0,BENIGN_WEB
27.8206,22.0,7.0,15.0,17728.58,4285.46,13443.11,637.25,0.79,-0.5165,805.84,421.79,173.15,1500.0,882.67,819.39,0.222,1264.57,1977.01,252.91,2782.06,1.5634,0.0564,4.251,2.5728,18.0,0.0,0.0,BENIGN_WEB
99.408,23.0,11.0,12.0,9165.32,5420.1,3745.22,92.2,0.23,0.1827,398.49,120.11,218.32,614.7,349.19,455.84,0.5934,24037.21,1008.07,4807.44,52881.87,0.0419,0.9105,2.3433,3.5245,28.0,1.0,0.0,C2_BEACONING
25.6829,50.0,15.0,35.0,52621.96,9476.32,43145.63,2048.91,1.95,-0.6398,1052.44,409.06,438.85,1500.0,1100.68,1189.89,0.4166,513.66,442.97,102.73,1130.05,0.8624,0.0247,4.1862,3.0683,19.0,0.0,0.0,BENIGN_WEB
90.3571,23.0,11.0,12.0,8302.1,4175.43,4126.67,91.88,0.25,0.0059,360.96,130.13,165.77,595.19,357.51,318.27,0.5086,11728.41,328.02,2345.68,25802.51,0.028,0.8958,2.8278,4.1077,15.0,0.0,0.0,C2_BEACONING
22.741,324.0,295.0,29.0,464903.95,457370.94,7533.0,20443.43,14.25,0.9676,1434.89,234.26,1083.5,1500.0,1328.14,1357.49,0.3918,45.48,27.42,9.1,100.06,0.603,0.1914,2.7882,2.9924,25.0,0.0,0.0,DATA_EXFILTRATION
81.1753,20.0,10.0,10.0,6998.83,4181.07,2817.77,86.22,0.25,0.1948,349.94,52.59,271.06,444.6,377.51,381.6,0.2574,5734.25,67.45,1146.85,12615.36,0.0118,0.9172,2.7732,3.7323,27.0,1.0,0.0,C2_BEACONING
14.7467,44.0,13.0,31.0,40208.2,7701.29,32506.91,2726.58,2.98,-0.6169,913.82,387.02,333.29,1500.0,804.85,785.93,0.3214,335.15,240.99,67.03,737.34,0.719,0.0406,4.1709,2.7455,8.0,0.0,0.0,BENIGN_WEB
61.9378,12.0,6.0,6.0,3252.68,1951.92,1300.76,52.52,0.19,0.2002,271.06,83.81,145.35,421.91,268.85,248.73,0.204,26287.23,2641.26,5257.45,57831.9,0.1005,0.9134,2.7909,3.9344,25.0,1.0,0.0,C2_BEACONING
9.8042,342.0,278.0,64.0,429243.3,401766.3,27477.0,43781.4,34.88,0.872,1255.1,197.86,958.31,1500.0,1221.28,1211.27,0.5027,29.12,15.05,5.82,64.06,0.5169,0.2706,1.9429,3.1286,19.0,0.0,0.0,DATA_EXFILTRATION
29.36,69.0,28.0,41.0,70709.57,17112.03,53597.54,2408.36,2.35,-0.516,1024.78,379.63,455.33,1500.0,989.14,919.16,0.5279,425.51,533.94,85.1,936.12,1.2548,0.0555,4.2669,2.3798,11.0,0.0,0.0,BENIGN_WEB
109.3712,12.0,6.0,6.0,4869.92,2298.28,2571.63,44.53,0.11,-0.0561,405.83,100.78,254.66,587.22,458.94,434.24,0.463,25717.94,1039.0,5143.59,56579.46,0.0404,0.915,2.3362,3.6184,20.0,0.0,0.0,C2_BEACONING
11.5881,36.0,12.0,24.0,35074.47,5320.49,29753.98,3026.78,3.11,-0.6966,974.29,572.54,115.48,1500.0,1004.64,908.64,0.2743,321.89,254.75,64.38,708.16,0.7914,0.081,4.6151,2.5849,20.0,0.0,0.0,BENIGN_WEB
14.8127,27.0,8.0,19.0,23663.23,5796.56,17866.66,1597.5,1.82,-0.5101,876.42,393.65,285.94,1500.0,966.86,998.22,0.3874,548.62,607.82,109.72,1206.96,1.1079,0.0231,4.583,2.8537,21.0,0.0,0.0,BENIGN_WEB
47.974,732.0,584.0,148.0,956124.97,886899.39,69225.59,19930.06,15.26,0.8552,1306.18,256.63,921.24,1500.0,1128.38,1403.78,0.5067,46.73,23.49,9.35,102.81,0.5027,0.1677,2.2944,3.1548,14.0,1.0,1.0,DATA_EXFILTRATION
10.5585,491.0,436.0,55.0,681389.94,622239.44,59150.5,64534.48,46.5,0.8264,1387.76,273.63,977.31,1500.0,1455.46,1220.96,0.5338,29.28,12.23,5.86,64.41,0.4177,0.2299,1.9598,3.2034,27.0,0.0,0.0,DATA_EXFILTRATION
4.2624,24.0,9.0,15.0,23372.17,3414.64,19957.54,5483.29,5.63,-0.7078,973.84,549.25,149.97,1500.0,927.51,1019.52,0.3899,177.6,141.33,35.52,390.72,0.7958,0.1226,3.877,2.2845,13.0,0.0,0.0,BENIGN_WEB
22.1446,22.0,11.0,11.0,5386.38,2882.86,2503.51,243.24,0.99,0.0704,244.84,63.36,149.8,358.88,260.51,281.03,0.1938,4995.64,409.09,999.13,10990.42,0.0819,0.8816,2.7037,3.6881,29.0,1.0,0.0,C2_BEACONING
10.2237,82.0,27.0,55.0,86510.13,21214.52,65295.62,8461.7,8.02,-0.5095,1055.0,360.95,513.58,1500.0,1151.23,1190.36,0.5343,124.68,187.05,24.94,274.3,1.5002,0.0141,4.1825,2.3322,11.0,0.0,0.0,BENIGN_WEB
32.7061,11.0,5.0,6.0,2624.76,1688.98,935.77,80.25,0.34,0.287,238.61,108.04,76.56,433.08,248.19,216.98,0.2205,23805.27,965.29,4761.05,52371.59,0.0405,0.9677,2.9451,4.0532,20.0,1.0,0.0,C2_BEACONING
23.8179,76.0,26.0,50.0,68423.2,9856.01,58567.18,2872.76,3.19,-0.7119,900.31,357.64,363.85,1500.0,981.88,765.65,0.3279,313.39,335.87,62.68,689.47,1.0717,0.1151,4.078,2.3146,21.0,0.0,0.0,BENIGN_WEB
7.8185,37.0,14.0,23.0,30100.73,7993.76,22106.97,3849.91,4.73,-0.4689,813.53,357.45,277.36,1456.94,875.98,844.91,0.4906,211.31,199.92,42.26,464.89,0.9461,0.0993,4.3096,3.077,13.0,0.0,0.0,BENIGN_WEB
65.4052,20.0,10.0,10.0,3911.4,1723.32,2188.08,59.8,0.31,-0.1188,195.57,84.19,69.28,347.12,180.46,167.92,0.3619,13622.24,453.79,2724.45,29968.93,0.0333,0.9143,2.5089,4.1019,19.0,0.0,0.0,C2_BEACONING
3.8517,54.0,18.0,36.0,35596.79,6179.61,29417.18,9241.79,14.02,-0.6528,659.2,554.64,40.0,1500.0,574.71,716.42,0.4612,71.33,93.63,14.27,156.92,1.3127,0.0838,4.1744,2.7388,19.0,0.0,0.0,BENIGN_WEB
8.4765,1592.0,1339.0,253.0,2149175.21,1962039.06,187136.14,253546.17,187.81,0.8259,1349.98,162.09,1106.85,1500.0,1172.46,1430.14,0.441,32.27,8.76,6.45,71.0,0.2714,0.1994,2.4915,3.7754,29.0,0.0,0.0,DATA_EXFILTRATION
24.492,26.0,10.0,16.0,26283.98,3587.94,22696.04,1073.16,1.06,-0.727,1010.92,512.71,241.86,1500.0,886.56,865.44,0.4694,942.0,1470.42,188.4,2072.4,1.561,0.0478,3.6634,2.4325,8.0,0.0,0.0,BENIGN_WEB
18.2763,40.0,12.0,28.0,33243.35,7691.73,25551.61,1818.93,2.19,-0.5372,831.08,344.05,315.01,1450.37,877.25,839.12,0.4674,456.91,580.19,91.38,1005.2,1.2698,0.0968,3.7454,3.0723,12.0,0.0,0.0,BENIGN_WEB
16.7218,1172.0,948.0,224.0,1467078.37,1339872.18,127206.19,87734.29,70.09,0.8266,1251.77,174.5,990.02,1500.0,1089.38,1433.62,0.4165,10.24,4.9,2.05,22.52,0.4785,0.2235,2.1546,3.0829,28.0,1.0,0.0,DATA_EXFILTRATION
46.5808,20.0,10.0,10.0,5612.81,3339.18,2273.63,120.5,0.43,0.1898,280.64,112.4,112.05,482.95,280.41,305.07,0.3107,21592.66,1411.12,4318.53,47503.86,0.0654,0.9671,2.3816,3.7388,30.0,1.0,0.0,C2_BEACONING
89.4293,10.0,5.0,5.0,3427.47,1818.56,1608.91,38.33,0.11,0.0612,342.75,46.36,273.2,426.2,353.57,296.15,0.5901,16220.39,1662.72,3244.08,35684.86,0.1025,0.9035,2.9871,4.0204,21.0,0.0,1.0,C2_BEACONING
38.9013,956.0,770.0,186.0,1237223.02,1159173.74,78049.28,31804.18,24.58,0.8738,1294.17,233.36,944.12,1500.0,1108.05,1299.82,0.2695,16.13,10.16,3.23,35.48,0.6299,0.1355,2.8826,3.0608,25.0,1.0,0.0,DATA_EXFILTRATION
29.7796,82.0,28.0,54.0,83600.24,12872.53,70727.71,2807.3,2.75,-0.692,1019.52,397.33,423.53,1500.0,952.53,1113.95,0.5721,363.17,526.49,72.63,798.96,1.4497,0.0682,4.8161,2.3198,13.0,0.0,0.0,BENIGN_WEB
34.1014,18.0,9.0,9.0,4753.9,2908.58,1845.32,139.4,0.53,0.2237,264.11,95.99,120.12,436.89,286.44,241.3,0.3828,21920.81,336.99,4384.16,48225.79,0.0154,0.9195,2.915,3.5696,26.0,1.0,0.0,C2_BEACONING
15.8056,24.0,9.0,15.0,16978.68,3866.49,13112.2,1074.22,1.52,-0.5445,707.45,387.22,126.61,1404.45,715.77,750.25,0.5848,658.57,789.49,131.71,1448.84,1.1988,0.0132,4.0557,2.1174,10.0,0.0,0.0,BENIGN_WEB
21.2102,60.0,21.0,39.0,61793.92,7865.56,53928.36,2913.4,2.83,-0.7454,1029.9,449.06,356.31,1500.0,1120.92,1172.47,0.4084,353.5,371.39,70.7,777.71,1.0506,0.09,4.6484,3.0415,16.0,0.0,0.0,BENIGN_WEB
13.2426,571.0,460.0,111.0,740103.05,713339.82,26763.24,55887.94,43.12,0.9277,1296.15,130.37,1100.6,1500.0,1340.33,1229.05,0.5502,28.99,17.58,5.8,63.77,0.6067,0.2012,2.8278,3.7525,21.0,1.0,1.0,DATA_EXFILTRATION
13.3069,71.0,20.0,51.0,48351.35,4531.02,43820.33,3633.54,5.34,-0.8126,681.0,406.4,71.41,1412.52,642.46,746.09,0.2212,187.42,190.61,37.48,412.33,1.017,0.0259,4.9602,2.5603,9.0,0.0,0.0,BENIGN_WEB
29.6474,57.0,21.0,36.0,47408.86,12646.21,34762.65,1599.09,1.92,-0.4665,831.73,442.46,168.04,1500.0,843.08,945.18,0.6059,520.13,811.96,104.03,1144.29,1.5611,0.013,4.8528,2.2118,20.0,0.0,0.0,BENIGN_WEB
54.2086,21.0,10.0,11.0,5907.38,3058.73,2848.65,108.97,0.39,0.0356,281.3,100.19,131.01,461.65,268.88,320.34,0.3769,19602.65,2144.34,3920.53,43125.82,0.1094,0.9836,3.0013,3.6311,19.0,1.0,0.0,C2_BEACONING
8.2091,84.0,24.0,60.0,67486.03,14514.24,52971.79,8220.89,10.23,-0.5699,803.41,349.35,279.38,1432.24,904.34,786.38,0.2206,97.73,76.75,19.55,215.0,0.7854,0.0805,3.7474,2.5532,8.0,0.0,0.0,BENIGN_WEB
24.5529,50.0,20.0,30.0,36330.88,3654.2,32676.69,1479.7,2.04,-0.7988,726.62,471.3,40.0,1500.0,686.59,722.48,0.5555,491.06,503.07,98.21,1080.33,1.0245,0.1115,4.7144,2.3317,21.0,0.0,0.0,BENIGN_WEB
3.4892,47.0,14.0,33.0,32003.3,5564.84,26438.46,9172.03,13.47,-0.6522,680.92,470.37,40.0,1500.0,605.89,606.01,0.304,74.24,108.88,14.85,163.33,1.4666,0.0329,3.9671,2.8053,12.0,0.0,0.0,BENIGN_WEB
50.7881,17.0,8.0,9.0,3331.32,2118.86,1212.46,65.59,0.33,0.2721,195.96,107.09,40.0,388.71,202.04,205.62,0.2227,26274.11,794.22,5254.82,57803.05,0.0302,0.9406,2.681,3.7665,23.0,1.0,1.0,C2_BEACONING
10.5448,947.0,857.0,90.0,1214200.35,1166623.27,47577.07,115146.37,89.81,0.9216,1282.15,169.3,1028.2,1500.0,1454.01,1122.34,0.5499,16.89,4.75,3.38,37.16,0.2812,0.2415,2.3187,3.4392,28.0,0.0,0.0,DATA_EXFILTRATION
20.0766,983.0,885.0,98.0,1317006.95,1225386.91,91620.04,65599.13,48.96,0.8609,1339.78,143.55,1124.45,1500.0,1512.15,1184.19,0.2892,27.05,13.12,5.41,59.51,0.4849,0.2447,2.0667,3.3965,26.0,0.0,0.0,DATA_EXFILTRATION
17.9083,54.0,15.0,39.0,36471.93,10272.5,26199.43,2036.6,3.02,-0.4367,675.41,363.65,129.93,1329.97,742.03,634.17,0.5527,331.63,483.6,66.33,729.6,1.4582,0.0811,4.8765,2.9857,16.0,0.0,0.0,BENIGN_WEB
18.0241,53.0,20.0,33.0,55528.67,10138.59,45390.08,3080.8,2.94,-0.6348,1047.71,515.85,273.94,1500.0,1027.6,1202.86,0.2227,340.08,241.29,68.02,748.17,0.7095,0.0379,4.9121,2.6825,16.0,0.0,0.0,BENIGN_WEB
22.72,19.0,6.0,13.0,17857.15,4949.12,12908.03,785.96,0.84,-0.4457,939.85,451.45,262.67,1500.0,981.01,1039.72,0.2766,1195.79,1564.35,239.16,2630.74,1.3082,0.1066,4.3701,2.2731,20.0,0.0,0.0,BENIGN_WEB
16.0475,60.0,17.0,43.0,42306.28,8162.55,34143.74,2636.32,3.74,-0.6141,705.1,550.26,40.0,1500.0,725.85,717.93,0.4404,267.46,256.41,53.49,588.41,0.9587,0.1166,4.5956,2.6977,18.0,0.0,0.0,BENIGN_WEB
9.4328,54.0,19.0,35.0,45242.4,5808.83,39433.57,4796.29,5.72,-0.7432,837.82,493.07,98.22,1500.0,816.06,816.02,0.5755,174.68,144.16,34.94,384.3,0.8253,0.0788,3.959,2.8113,10.0,0.0,0.0,BENIGN_WEB
10.5693,19.0,7.0,12.0,15779.26,1633.99,14145.26,1492.94,1.8,-0.7929,830.49,419.91,200.63,1500.0,736.17,951.37,0.4593,556.28,925.7,111.26,1223.81,1.6641,0.0522,4.3145,2.525,17.0,0.0,0.0,BENIGN_WEB
23.8171,278.0,233.0,45.0,360046.54,333069.63,26976.91,15117.12,11.67,0.8501,1295.13,229.13,951.44,1500.0,1112.18,1438.82,0.3438,38.24,14.15,7.65,84.13,0.3701,0.2793,2.6008,3.4023,25.0,1.0,1.0,DATA_EXFILTRATION
14.2415,61.0,17.0,44.0,51952.47,13941.78,38010.69,3647.96,4.28,-0.4633,851.68,500.0,101.69,1500.0,807.43,844.84,0.1986,233.47,247.94,46.69,513.63,1.062,0.0973,4.8888,2.2781,21.0,0.0,0.0,BENIGN_WEB
10.6366,20.0,7.0,13.0,17775.49,4180.25,13595.25,1671.16,1.88,-0.5297,888.77,467.57,187.42,1500.0,906.22,843.76,0.5477,531.83,919.39,106.37,1170.03,1.7287,0.0586,4.8689,2.2624,9.0,0.0,0.0,BENIGN_WEB
76.1025,15.0,7.0,8.0,4131.92,1886.18,2245.74,54.29,0.2,-0.087,275.46,77.27,159.55,414.55,273.22,263.54,0.5045,20067.27,1595.97,4013.45,44148.0,0.0795,0.9154,2.374,3.7658,22.0,1.0,1.0,C2_BEACONING
69.1753,19.0,9.0,10.0,5607.8,2552.99,3054.82,81.07,0.27,-0.0895,295.15,120.33,114.65,511.75,259.94,310.66,0.4382,16127.63,1618.83,3225.53,35480.78,0.1004,0.9656,2.4391,3.9256,25.0,1.0,0.0,C2_BEACONING
23.6392,17.0,5.0,12.0,17060.11,2349.38,14710.73,721.69,0.72,-0.7246,1003.54,448.19,331.25,1500.0,1030.38,876.18,0.5495,1390.54,1982.67,278.11,3059.18,1.4258,0.0425,4.7054,3.0765,12.0,0.0,0.0,BENIGN_WEB
29.6434,41.0,13.0,28.0,40158.7,11245.37,28913.33,1354.72,1.38,-0.44,979.48,555.78,145.81,1500.0,854.71,1091.67,0.5762,723.01,552.81,144.6,1590.62,0.7646,0.0493,3.93,2.5062,13.0,0.0,0.0,BENIGN_WEB
13.4372,42.0,13.0,29.0,32792.07,3478.53,29313.54,2440.39,3.13,-0.7878,780.76,562.07,40.0,1500.0,668.69,760.82,0.3728,319.93,268.21,63.99,703.85,0.8383,0.0337,4.5246,2.1708,19.0,0.0,0.0,BENIGN_WEB
13.1941,28.0,11.0,17.0,18689.21,4684.43,14004.78,1416.48,2.12,-0.4987,667.47,351.09,140.83,1299.44,724.32,626.82,0.4868,471.22,537.25,94.24,1036.68,1.1401,0.1235,4.1651,2.455,16.0,0.0,0.0,BENIGN_WEB
47.0262,10.0,5.0,5.0,2574.41,1382.84,1191.57,54.74,0.21,0.0743,257.44,57.35,171.41,360.68,281.54,281.58,0.3298,10460.59,873.01,2092.12,23013.3,0.0835,0.8966,2.4248,3.6603,31.0,1.0,0.0,C2_BEACONING
68.082,11.0,5.0,6.0,4014.38,2635.44,1378.94,58.96,0.16,0.313,364.94,113.11,195.27,568.55,408.89,346.86,0.5814,25629.49,1422.02,5125.9,56384.87,0.0555,0.977,2.2576,3.8146,19.0,1.0,0.0,C2_BEACONING
11.1745,66.0,22.0,44.0,61601.02,15156.55,46444.47,5512.64,5.91,-0.5079,933.35,527.23,142.5,1500.0,1064.63,1056.72,0.2987,169.31,213.85,33.86,372.48,1.2631,0.1163,4.1688,2.4309,8.0,0.0,0.0,BENIGN_WEB
67.2721,10.0,5.0,5.0,3745.88,1713.02,2032.86,55.68,0.15,-0.0854,374.59,93.17,234.83,542.3,359.8,415.16,0.2625,14843.29,1423.27,2968.66,32655.24,0.0959,0.9848,2.5752,3.9493,15.0,1.0,0.0,C2_BEACONING
13.7423,72.0,21.0,51.0,73990.4,10038.29,63952.11,5384.15,5.24,-0.7287,1027.64,321.21,545.84,1500.0,1140.91,1071.65,0.5038,190.86,256.94,38.17,419.9,1.3462,0.0325,4.9998,2.1976,12.0,0.0,0.0,BENIGN_WEB
108.5013,24.0,12.0,12.0,4603.23,2139.69,2463.54,42.43,0.22,-0.0704,191.8,55.64,108.35,291.95,203.42,163.87,0.364,10101.33,887.87,2020.27,22222.93,0.0879,0.9034,2.3359,3.7658,17.0,0.0,0.0,C2_BEACONING
32.5795,349.0,296.0,53.0,427855.61,414617.33,13238.28,13132.68,10.71,0.9381,1225.95,138.88,1017.63,1475.92,1276.04,1288.26,0.1991,32.32,19.21,6.46,71.11,0.5943,0.1679,2.0075,3.7679,19.0,0.0,0.0,DATA_EXFILTRATION
23.2445,79.0,25.0,54.0,52307.17,12519.99,39787.18,2250.31,3.4,-0.5213,662.12,440.15,40.0,1454.39,582.59,718.14,0.215,294.23,449.74,58.85,647.31,1.5285,0.0606,4.0996,2.3405,19.0,0.0,0.0,BENIGN_WEB
62.1205,9.0,4.0,5.0,3612.37,1764.14,1848.23,58.15,0.14,-0.0233,401.37,57.34,315.36,504.59,458.69,356.75,0.4342,17203.62,475.39,3440.72,37847.97,0.0276,0.988,2.8046,3.6257,23.0,1.0,1.0,C2_BEACONING
29.7392,52.0,16.0,36.0,35507.69,4418.11,31089.59,1193.97,1.75,-0.7511,682.84,515.96,40.0,1500.0,736.6,661.78,0.5094,571.91,976.29,114.38,1258.2,1.7071,0.1196,4.358,2.888,16.0,0.0,0.0,BENIGN_WEB
15.4659,54.0,18.0,36.0,38638.34,6938.17,31700.17,2498.28,3.49,-0.6409,715.52,436.97,60.07,1500.0,817.54,774.34,0.3678,286.41,386.66,57.28,630.09,1.35,0.1314,4.8911,2.491,8.0,0.0,0.0,BENIGN_WEB
10.4262,1231.0,1015.0,216.0,1551971.2,1444746.26,107224.94,148853.46,118.07,0.8618,1260.74,170.87,1004.44,1500.0,1314.11,1248.19,0.3899,41.99,11.85,8.4,92.38,0.2823,0.1621,1.9625,3.1439,21.0,1.0,0.0,DATA_EXFILTRATION
17.0084,81.0,31.0,50.0,57872.64,12560.75,45311.88,3402.59,4.76,-0.5659,714.48,541.48,40.0,1500.0,628.76,740.62,0.23,209.98,148.47,42.0,461.96,0.7071,0.0611,3.9925,2.4158,12.0,0.0,0.0,BENIGN_WEB
26.0776,19.0,7.0,12.0,18880.79,2915.99,15964.8,724.02,0.73,-0.6911,993.73,407.34,382.72,1500.0,917.38,987.01,0.5682,1372.51,1111.4,274.5,3019.52,0.8098,0.1124,4.8081,2.5112,16.0,0.0,0.0,BENIGN_WEB
67.0251,19.0,9.0,10.0,3953.24,2356.13,1597.11,58.98,0.28,0.192,208.07,109.98,43.1,406.02,210.64,209.98,0.2419,7068.97,507.89,1413.79,15551.74,0.0718,0.9104,2.6257,4.0116,27.0,1.0,1.0,C2_BEACONING
20.955,848.0,711.0,137.0,1132214.14,1107801.82,24412.32,54030.84,40.47,0.9569,1335.16,113.02,1165.62,1500.0,1520.59,1529.66,0.3491,32.61,20.44,6.52,71.75,0.6266,0.146,2.6455,3.4183,26.0,1.0,0.0,DATA_EXFILTRATION
39.8304,17.0,8.0,9.0,5134.82,2666.72,2468.1,128.92,0.43,0.0387,302.05,126.66,112.06,530.04,318.81,316.27,0.1823,17143.0,936.64,3428.6,37714.6,0.0546,0.9024,2.7639,3.8324,33.0,1.0,0.0,C2_BEACONING
15.3238,45.0,17.0,28.0,39867.3,8488.11,31379.19,2601.66,2.94,-0.5742,885.94,349.39,361.85,1500.0,775.97,829.01,0.566,340.53,391.37,68.11,749.16,1.1493,0.0715,3.6622,3.0592,11.0,0.0,0.0,BENIGN_WEB
1.8994,52.0,18.0,34.0,39427.75,11106.5,28321.25,20758.08,27.38,-0.4366,758.23,450.74,82.12,1500.0,729.99,839.76,0.2228,36.53,48.03,7.31,80.36,1.3148,0.0472,3.6994,2.2596,11.0,0.0,0.0,BENIGN_WEB
3.4227,82.0,32.0,50.0,74044.93,13501.83,60543.09,21633.78,23.96,-0.6353,902.99,526.32,113.51,1500.0,792.03,1037.43,0.5082,41.74,48.05,8.35,91.83,1.1511,0.0774,4.3937,2.9438,17.0,0.0,0.0,BENIGN_WEB
8.1709,55.0,16.0,39.0,46945.58,11230.62,35714.97,5745.46,6.73,-0.5215,853.56,521.02,72.03,1500.0,937.94,768.63,0.2032,148.56,258.33,29.71,326.84,1.7388,0.0447,3.9523,2.9071,19.0,0.0,0.0,BENIGN_WEB
25.6094,31.0,9.0,22.0,26075.38,6978.49,19096.89,1018.2,1.21,-0.4647,841.14,356.84,305.88,1483.46,843.82,837.02,0.2018,826.11,1108.22,165.22,1817.44,1.3415,0.0905,3.9738,2.7033,19.0,0.0,0.0,BENIGN_WEB
39.8158,900.0,803.0,97.0,1216165.45,1087098.38,129067.08,30544.79,22.6,0.7877,1351.29,268.29,948.85,1500.0,1369.84,1229.14,0.351,30.9,11.96,6.18,67.97,0.3871,0.1266,2.1488,3.4475,21.0,1.0,0.0,DATA_EXFILTRATION
22.9385,77.0,28.0,49.0,60728.89,8238.66,52490.23,2647.46,3.36,-0.7287,788.69,497.9,41.84,1500.0,695.89,781.62,0.4278,297.9,518.0,59.58,655.39,1.7388,0.0854,4.2203,2.778,13.0,0.0,0.0,BENIGN_WEB
23.7552,19.0,9.0,10.0,7498.97,3628.94,3870.03,315.68,0.8,-0.0322,394.68,46.07,325.58,477.6,408.08,387.46,0.3504,25477.61,1687.62,5095.52,56050.74,0.0662,0.9431,3.0599,4.2284,28.0,1.0,0.0,C2_BEACONING
17.6414,223.0,186.0,37.0,304314.01,294245.03,10068.98,17250.0,12.64,0.9338,1364.64,218.47,1036.93,1500.0,1552.36,1554.76,0.582,42.72,23.93,8.54,93.99,0.5602,0.1616,2.8842,3.2212,22.0,1.0,1.0,DATA_EXFILTRATION
43.2968,17.0,8.0,9.0,4992.14,2935.73,2056.41,115.3,0.39,0.1761,293.66,68.03,191.61,416.11,259.02,284.22,0.4491,20013.89,625.05,4002.78,44030.57,0.0312,0.9193,2.9703,4.1289,25.0,1.0,0.0,C2_BEACONING
83.3753,24.0,12.0,12.0,5103.68,2310.44,2793.24,61.21,0.29,-0.0946,212.65,133.45,40.0,452.86,237.2,238.51,0.5645,10342.32,629.09,2068.46,22753.1,0.0608,0.9709,2.9365,3.8538,32.0,1.0,1.0,C2_BEACONING
16.1732,60.0,24.0,36.0,54624.52,9213.26,45411.26,3377.48,3.71,-0.6627,910.41,411.85,292.64,1500.0,836.32,906.27,0.5119,269.55,233.12,53.91,593.02,0.8648,0.0662,4.0221,2.9456,15.0,0.0,0.0,BENIGN_WEB
45.9608,1072.0,851.0,221.0,1544665.97,1405876.49,138789.48,33608.36,23.32,0.8203,1440.92,140.64,1229.96,1500.0,1569.44,1234.73,0.5241,33.58,12.98,6.72,73.88,0.3865,0.1837,2.7582,2.9301,22.0,0.0,0.0,DATA_EXFILTRATION
7.7083,72.0,22.0,50.0,63800.69,17639.07,46161.62,8276.84,9.34,-0.4471,886.12,364.96,338.68,1500.0,797.23,800.72,0.42,107.06,127.32,21.41,235.53,1.1893,0.1202,4.0633,2.6088,15.0,0.0,0.0,BENIGN_WEB
15.8254,53.0,22.0,31.0,51008.67,8500.66,42508.0,3223.22,3.35,-0.6667,962.43,494.82,220.2,1500.0,926.64,1020.68,0.3589,298.59,263.85,59.72,656.9,0.8836,0.1056,4.0166,2.6759,11.0,0.0,0.0,BENIGN_WEB
16.3889,18.0,5.0,13.0,15558.46,2249.4,13309.05,949.33,1.1,-0.7108,864.36,518.93,85.97,1500.0,871.85,917.26,0.4877,910.49,1506.4,182.1,2003.09,1.6545,0.0885,4.78,2.8324,14.0,0.0,0.0,BENIGN_WEB
16.2444,140.0,114.0,26.0,180187.27,176581.59,3605.68,11092.29,8.62,0.96,1287.05,181.23,1015.21,1500.0,1397.84,1150.45,0.5263,17.91,4.42,3.58,39.41,0.2469,0.2525,2.3912,3.04,25.0,1.0,0.0,DATA_EXFILTRATION
54.7554,9.0,4.0,5.0,2991.13,1709.21,1281.92,54.63,0.16,0.1428,332.35,78.64,214.38,473.91,345.56,289.98,0.4675,20683.78,792.47,4136.76,45504.32,0.0383,0.8937,2.5488,4.0522,19.0,1.0,0.0,C2_BEACONING
47.2811,479.0,380.0,99.0,663893.63,598729.14,65164.49,14041.42,10.13,0.8037,1386.0,147.28,1165.07,1500.0,1386.46,1322.56,0.5992,39.54,13.02,7.91,86.98,0.3293,0.2623,1.9153,3.0124,17.0,1.0,1.0,DATA_EXFILTRATION
30.6672,50.0,15.0,35.0,53981.94,5633.49,48348.45,1760.25,1.63,-0.7913,1079.64,486.72,349.55,1500.0,1027.63,1120.47,0.3209,613.34,514.57,122.67,1349.36,0.839,0.1172,4.4791,2.6528,13.0,0.0,0.0,BENIGN_WEB
3.8936,82.0,32.0,50.0,84800.47,14053.37,70747.11,21779.69,21.06,-0.6686,1034.15,411.01,417.64,1500.0,1117.37,1101.09,0.537,47.48,49.77,9.5,104.46,1.0483,0.0521,4.574,2.1161,21.0,0.0,0.0,BENIGN_WEB
79.678,10.0,5.0,5.0,3533.52,2238.89,1294.63,44.35,0.13,0.2672,353.35,48.65,280.37,440.93,323.64,366.24,0.4499,10026.89,551.4,2005.38,22059.15,0.055,0.8822,2.8507,3.6424,30.0,0.0,1.0,C2_BEACONING
2.8701,64.0,19.0,45.0,42611.09,8623.2,33987.89,14846.36,22.3,-0.5953,665.8,554.17,40.0,1500.0,612.0,760.4,0.4761,44.85,76.83,8.97,98.66,1.7133,0.1301,5.0839,2.9436,11.0,0.0,0.0,BENIGN_WEB
33.6714,931.0,796.0,135.0,1269996.25,1149300.69,120695.56,37717.3,27.65,0.8099,1364.12,161.67,1121.62,1500.0,1366.75,1431.76,0.3639,44.04,10.54,8.81,96.88,0.2393,0.2688,1.9328,3.0794,21.0,1.0,0.0,DATA_EXFILTRATION
24.9197,28.0,9.0,19.0,23079.13,6530.25,16548.88,926.14,1.12,-0.4341,824.25,421.75,191.62,1500.0,774.84,915.14,0.611,889.99,1436.77,178.0,1957.98,1.6144,0.0249,4.9503,2.846,14.0,0.0,0.0,BENIGN_WEB
20.8262,73.0,24.0,49.0,60452.33,9856.12,50596.21,2902.7,3.51,-0.6739,828.11,371.3,271.17,1496.45,737.79,708.52,0.4714,285.29,387.26,57.06,627.64,1.3574,0.1084,3.8575,2.4091,20.0,0.0,0.0,BENIGN_WEB
17.128,73.0,22.0,51.0,74093.87,19162.91,54930.96,4325.9,4.26,-0.4827,1014.98,426.12,375.8,1500.0,920.14,999.33,0.3525,234.63,183.22,46.93,516.19,0.7809,0.066,3.9429,2.4465,10.0,0.0,0.0,BENIGN_WEB
9.0987,77.0,30.0,47.0,55399.03,8065.05,47333.97,6088.66,8.46,-0.7088,719.47,551.67,40.0,1500.0,712.51,780.39,0.3956,118.17,111.23,23.63,259.96,0.9413,0.0423,4.8824,2.9104,10.0,0.0,0.0,BENIGN_WEB
30.1813,16.0,8.0,8.0,4868.21,2903.4,1964.81,161.3,0.53,0.1928,304.26,112.64,135.3,507.01,298.06,293.07,0.5015,15871.89,1251.49,3174.38,34918.16,0.0788,0.9548,3.0774,3.9254,26.0,1.0,0.0,C2_BEACONING
16.793,25.0,7.0,18.0,18076.35,3741.01,14335.34,1076.42,1.49,-0.5861,723.05,445.99,54.07,1500.0,616.65,648.77,0.3424,671.72,807.54,134.34,1477.78,1.2022,0.0542,4.0878,2.3428,9.0,0.0,0.0,BENIGN_WEB
40.268,836.0,716.0,120.0,1073397.41,1049117.17,24280.24,26656.33,20.76,0.9548,1283.97,125.2,1096.17,1500.0,1290.61,1265.64,0.2491,28.29,17.59,5.66,62.24,0.6216,0.1306,2.0115,2.9418,28.0,0.0,0.0,DATA_EXFILTRATION
10.9706,83.0,29.0,54.0,73644.26,13242.83,60401.43,6712.87,7.57,-0.6404,887.28,498.7,139.23,1500.0,823.44,828.04,0.3068,132.18,151.2,26.44,290.79,1.144,0.0375,3.9203,2.1764,16.0,0.0,0.0,BENIGN_WEB
11.7392,50.0,14.0,36.0,33424.61,9020.96,24403.66,2847.26,4.26,-0.4602,668.49,375.05,105.92,1343.58,768.48,610.05,0.2174,234.78,404.59,46.96,516.53,1.7232,0.1397,3.7744,3.0717,16.0,0.0,0.0,BENIGN_WEB
20.0917,61.0,20.0,41.0,43670.05,6965.57,36704.48,2173.54,3.04,-0.681,715.9,531.84,40.0,1500.0,702.17,628.59,0.431,329.37,487.5,65.87,724.62,1.4801,0.129,5.0856,2.6243,12.0,0.0,0.0,BENIGN_WEB
4.305,67.0,21.0,46.0,63134.22,10353.34,52780.88,14665.25,15.56,-0.672,942.3,518.95,163.87,1500.0,1053.87,929.43,0.3173,64.25,112.16,12.85,141.36,1.7456,0.0851,4.528,2.198,11.0,0.0,0.0,BENIGN_WEB
22.2836,26.0,9.0,17.0,24683.24,5810.22,18873.03,1107.69,1.17,-0.5292,949.36,568.26,96.97,1500.0,908.67,967.71,0.5776,857.06,1209.54,171.41,1885.54,1.4113,0.0505,3.634,3.0112,14.0,0.0,0.0,BENIGN_WEB
42.821,18.0,9.0,9.0,6206.06,3056.55,3149.51,144.93,0.42,-0.015,344.78,53.91,263.91,441.82,341.26,372.35,0.3461,8872.17,216.74,1774.43,19518.77,0.0244,0.9505,2.7495,4.1368,29.0,0.0,0.0,C2_BEACONING
76.4691,17.0,8.0,9.0,6470.97,4119.16,2351.81,84.62,0.22,0.2731,380.65,70.15,275.42,506.91,434.1,429.33,0.533,13008.69,921.02,2601.74,28619.12,0.0708,0.9168,2.5988,3.6553,25.0,1.0,1.0,C2_BEACONING
20.9688,44.0,17.0,27.0,29042.6,6741.77,22300.82,1385.04,2.1,-0.5357,660.06,474.7,40.0,1500.0,574.15,709.75,0.4633,476.56,818.91,95.31,1048.44,1.7184,0.0538,4.3902,2.405,18.0,0.0,0.0,BENIGN_WEB
56.0601,8.0,4.0,4.0,2387.93,1538.76,849.16,42.6,0.14,0.2888,298.49,127.82,106.76,528.57,326.84,319.78,0.2005,21655.33,1280.02,4331.07,47641.72,0.0591,0.941,2.8094,3.5292,23.0,0.0,1.0,C2_BEACONING
93.9485,10.0,5.0,5.0,3214.65,2049.23,1165.42,34.22,0.11,0.2749,321.47,93.15,181.74,489.14,329.49,322.23,0.3335,7919.67,356.61,1583.93,17423.27,0.045,0.9139,2.1904,4.0782,21.0,1.0,0.0,C2_BEACONING
24.8771,64.0,19.0,45.0,48047.91,4848.88,43199.03,1931.41,2.57,-0.7982,750.75,363.83,205.01,1405.64,675.35,782.93,0.5431,388.71,419.31,77.74,855.15,1.0787,0.1249,3.633,2.5017,16.0,0.0,0.0,BENIGN_WEB
26.0671,16.0,4.0,12.0,13802.95,1694.34,12108.62,529.52,0.61,-0.7545,862.68,379.01,294.18,1500.0,920.12,793.93,0.2658,1629.19,1882.12,325.84,3584.23,1.1552,0.0958,4.1653,2.2629,15.0,0.0,0.0,BENIGN_WEB
78.4901,15.0,7.0,8.0,5780.05,3691.94,2088.1,73.64,0.19,0.2775,385.34,60.18,295.07,493.66,438.88,340.54,0.239,15435.73,1154.74,3087.15,33958.6,0.0748,0.9654,2.9497,3.4651,20.0,1.0,1.0,C2_BEACONING
43.3353,8.0,4.0,4.0,1838.53,833.53,1004.99,42.43,0.18,-0.0933,229.82,98.69,81.78,407.46,260.08,215.22,0.3991,22115.15,1812.5,4423.03,48653.32,0.082,0.9476,2.406,4.2491,27.0,1.0,1.0,C2_BEACONING
83.3799,14.0,7.0,7.0,3601.52,2016.52,1584.99,43.19,0.17,0.1198,257.25,120.94,75.84,474.95,232.65,251.33,0.2084,11041.01,903.51,2208.2,24290.22,0.0818,0.9746,2.1711,4.0153,26.0,1.0,0.0,C2_BEACONING
31.4307,20.0,10.0,10.0,7941.45,4755.4,3186.05,252.67,0.64,0.1976,397.07,86.78,266.9,553.28,423.5,426.59,0.1919,24403.12,1667.43,4880.62,53686.87,0.0683,0.9351,2.1329,4.1261,15.0,1.0,1.0,C2_BEACONING
10.3532,1428.0,1241.0,187.0,1773302.04,1591651.57,181650.47,171280.41,137.93,0.7951,1241.81,153.67,1011.31,1500.0,1164.09,1158.57,0.2169,28.2,10.51,5.64,62.03,0.3729,0.1547,2.6531,3.3826,27.0,0.0,0.0,DATA_EXFILTRATION
27.8648,21.0,10.0,11.0,7722.94,3916.29,3806.65,277.16,0.75,0.0142,367.76,80.92,246.38,513.42,379.68,372.93,0.6158,19517.42,637.57,3903.48,42938.33,0.0327,0.8801,2.2261,3.7626,31.0,1.0,1.0,C2_BEACONING
37.7253,1162.0,1019.0,143.0,1538511.98,1450063.64,88448.34,40782.01,30.8,0.885,1324.02,199.26,1025.14,1500.0,1242.23,1158.36,0.2365,23.57,14.55,4.71,51.85,0.6174,0.252,2.6085,3.7607,21.0,0.0,1.0,DATA_EXFILTRATION
33.077,1481.0,1165.0,316.0,1940831.84,1883755.81,57076.03,58676.09,44.77,0.9412,1310.49,152.83,1081.24,1500.0,1386.69,1226.16,0.6165,10.97,4.38,2.19,24.14,0.3991,0.2427,2.2612,3.674,16.0,1.0,0.0,DATA_EXFILTRATION
7.647,52.0,19.0,33.0,49711.99,6031.68,43680.31,6500.89,6.8,-0.7573,956.0,365.97,407.04,1500.0,995.2,873.25,0.3034,147.06,132.91,29.41,323.52,0.9038,0.0977,5.0871,2.1529,15.0,0.0,0.0,BENIGN_WEB
71.663,8.0,4.0,4.0,3140.49,1470.83,1669.66,43.82,0.11,-0.0633,392.56,60.84,301.3,502.07,408.04,376.45,0.4724,20302.09,921.81,4060.42,44664.6,0.0454,0.948,2.8065,3.6518,16.0,1.0,0.0,C2_BEACONING
8.5432,79.0,26.0,53.0,49727.91,4619.06,45108.85,5820.76,9.25,-0.8142,629.47,537.53,40.0,1500.0,658.12,663.01,0.5072,108.14,155.83,21.63,237.91,1.441,0.0863,4.3704,2.3642,18.0,0.0,0.0,BENIGN_WEB
27.842,1398.0,1168.0,230.0,1808625.44,1704787.65,103837.79,64960.34,50.21,0.8852,1293.72,250.48,918.0,1500.0,1402.39,1215.79,0.2507,34.59,15.82,6.92,76.11,0.4572,0.1683,1.9535,3.4075,24.0,1.0,0.0,DATA_EXFILTRATION
29.3175,24.0,12.0,12.0,7328.72,4557.64,2771.07,249.98,0.82,0.2438,305.36,80.71,184.29,450.65,275.07,350.4,0.247,18996.51,1377.24,3799.3,41792.32,0.0725,0.9542,2.2606,4.238,15.0,1.0,0.0,C2_BEACONING
30.9358,1320.0,1094.0,226.0,1756391.24,1697610.24,58781.0,56775.42,42.67,0.9331,1330.6,119.34,1151.58,1500.0,1151.27,1365.72,0.3182,30.07,7.71,6.01,66.16,0.2562,0.2527,2.4773,3.825,14.0,1.0,1.0,DATA_EXFILTRATION
20.7345,16.0,5.0,11.0,15751.77,2828.47,12923.3,759.69,0.77,-0.6409,984.49,540.25,174.11,1500.0,854.33,867.53,0.2548,1295.9,1382.16,259.18,2850.99,1.0666,0.0205,3.7499,2.8497,13.0,0.0,0.0,BENIGN_WEB
48.3364,258.0,205.0,53.0,344292.38,337203.17,7089.21,7122.83,5.34,0.9588,1334.47,147.71,1112.9,1500.0,1420.68,1260.08,0.4363,12.47,7.52,2.49,27.43,0.6032,0.1556,2.3006,3.0527,15.0,0.0,0.0,DATA_EXFILTRATION
89.3867,12.0,6.0,6.0,4623.06,2787.03,1836.03,51.72,0.13,0.2057,385.26,104.21,228.93,572.84,425.98,354.96,0.5223,23711.41,1359.01,4742.28,52165.11,0.0573,0.9736,2.778,3.6107,21.0,1.0,0.0,C2_BEACONING
6.4119,1404.0,1114.0,290.0,1872394.82,1770084.12,102310.7,292019.13,218.97,0.8907,1333.61,176.74,1068.51,1500.0,1450.51,1453.98,0.4219,31.43,11.22,6.29,69.15,0.357,0.1867,2.4912,3.2442,28.0,1.0,1.0,DATA_EXFILTRATION
26.3638,1108.0,1013.0,95.0,1363980.04,1329608.51,34371.53,51736.92,42.03,0.9496,1231.03,149.33,1007.03,1499.83,1206.18,1203.03,0.4451,44.43,20.18,8.89,97.75,0.4541,0.2074,2.7912,3.167,22.0,1.0,0.0,DATA_EXFILTRATION
30.8118,47.0,19.0,28.0,30337.56,8692.46,21645.09,984.61,1.53,-0.427,645.48,521.36,40.0,1500.0,634.19,630.18,0.3426,655.57,647.65,131.11,1442.25,0.9879,0.0141,4.4794,2.5445,16.0,0.0,0.0,BENIGN_WEB
25.5486,33.0,10.0,23.0,32888.32,3740.41,29147.91,1287.29,1.29,-0.7725,996.62,524.81,209.4,1500.0,1115.15,957.94,0.2437,774.2,1014.45,154.84,1703.24,1.3103,0.0245,3.9397,2.8437,18.0,0.0,0.0,BENIGN_WEB
46.5288,343.0,286.0,57.0,452953.67,411898.89,41054.78,9734.92,7.37,0.8187,1320.56,222.79,986.38,1500.0,1342.75,1378.65,0.3122,20.85,12.32,4.17,45.87,0.5911,0.1245,2.5477,3.272,28.0,0.0,0.0,DATA_EXFILTRATION
29.0083,76.0,26.0,50.0,68803.36,7823.18,60980.18,2371.85,2.62,-0.7726,905.31,444.67,238.3,1500.0,800.6,814.82,0.5212,381.69,279.54,76.34,839.71,0.7324,0.0713,3.7231,2.6675,14.0,0.0,0.0,BENIGN_WEB
7.6595,49.0,15.0,34.0,50224.66,13274.19,36950.47,6557.13,6.4,-0.4714,1024.99,507.05,264.41,1500.0,1135.41,1083.4,0.2107,156.32,272.72,31.26,343.9,1.7446,0.0707,3.8574,2.6288,13.0,0.0,0.0,BENIGN_WEB
102.3328,16.0,8.0,8.0,5112.79,2599.26,2513.52,49.96,0.16,0.0168,319.55,96.52,174.77,493.28,355.58,323.22,0.3519,11455.45,921.68,2291.09,25201.99,0.0805,0.8938,2.2526,4.0057,25.0,0.0,0.0,C2_BEACONING
13.8279,31.0,12.0,19.0,27887.11,5091.72,22795.38,2016.73,2.24,-0.6348,899.58,411.74,281.98,1500.0,1032.3,884.56,0.3683,446.06,694.23,89.21,981.33,1.5564,0.1156,4.487,2.5293,12.0,0.0,0.0,BENIGN_WEB
22.6958,64.0,22.0,42.0,39848.46,6065.72,33782.74,1755.76,2.82,-0.6956,622.63,321.03,141.09,1200.49,560.51,629.97,0.5004,354.62,436.43,70.92,780.17,1.2307,0.0258,4.8809,2.9914,9.0,0.0,0.0,BENIGN_WEB
11.6668,36.0,11.0,25.0,34586.83,4160.8,30426.03,2964.56,3.09,-0.7594,960.75,405.41,352.63,1500.0,998.02,917.49,0.4282,324.08,235.17,64.82,712.97,0.7257,0.0974,4.4964,3.0839,21.0,0.0,0.0,BENIGN_WEB
105.9639,8.0,4.0,4.0,2556.19,1197.03,1359.16,24.12,0.08,-0.0634,319.52,97.05,173.95,494.21,306.05,272.79,0.5256,24518.23,1296.8,4903.65,53940.1,0.0529,0.969,2.1995,3.6818,24.0,1.0,0.0,C2_BEACONING
8.8567,289.0,250.0,39.0,403218.47,363529.88,39688.59,45526.79,32.63,0.8031,1395.22,276.06,981.13,1500.0,1490.69,1192.55,0.3767,21.02,7.86,4.2,46.24,0.374,0.2516,2.4368,3.4899,18.0,0.0,0.0,DATA_EXFILTRATION
10.1885,17.0,6.0,11.0,17525.58,4600.13,12925.45,1720.14,1.67,-0.475,1030.92,504.18,274.65,1500.0,886.66,961.85,0.4773,599.32,963.19,119.86,1318.51,1.6071,0.0996,3.8391,2.4515,17.0,0.0,0.0,BENIGN_WEB
17.7682,65.0,20.0,45.0,43110.22,6117.86,36992.36,2426.25,3.66,-0.7162,663.23,521.27,40.0,1500.0,657.81,708.21,0.4798,273.36,310.37,54.67,601.39,1.1354,0.034,4.6608,2.8034,10.0,0.0,0.0,BENIGN_WEB
47.3913,1230.0,1098.0,132.0,1703104.6,1634623.69,68480.9,35937.09,25.95,0.9196,1384.64,161.82,1141.91,1500.0,1408.15,1453.01,0.5113,30.91,8.16,6.18,68.0,0.2639,0.27,2.0005,3.0651,20.0,1.0,0.0,DATA_EXFILTRATION
51.0552,1010.0,812.0,198.0,1403028.09,1342031.74,60996.35,27480.59,19.78,0.9131,1389.14,155.56,1155.79,1500.0,1231.49,1246.65,0.4634,19.57,8.63,3.91,43.04,0.4411,0.2271,1.994,3.2388,15.0,1.0,0.0,DATA_EXFILTRATION
87.6209,16.0,8.0,8.0,3133.4,1476.71,1656.69,35.76,0.18,-0.0574,195.84,50.25,120.46,286.29,173.75,216.54,0.4441,8244.1,495.41,1648.82,18137.01,0.0601,0.9162,2.5336,3.712,30.0,1.0,1.0,C2_BEACONING
39.5042,166.0,140.0,26.0,223013.9,204932.7,18081.2,5645.32,4.2,0.8378,1343.46,168.9,1090.11,1500.0,1186.68,1461.09,0.6026,42.7,10.99,8.54,93.95,0.2573,0.2702,2.6649,3.7719,15.0,0.0,0.0,DATA_EXFILTRATION
20.7162,52.0,14.0,38.0,43403.12,6287.52,37115.6,2095.13,2.51,-0.7103,834.68,396.55,239.85,1500.0,796.51,868.03,0.5721,398.39,662.51,79.68,876.45,1.663,0.1159,4.9428,2.1663,14.0,0.0,0.0,BENIGN_WEB
10.2945,1329.0,1108.0,221.0,1715218.35,1618382.73,96835.61,166615.09,129.1,0.8871,1290.61,128.32,1098.12,1500.0,1140.42,1332.96,0.2806,17.42,8.75,3.48,38.32,0.5025,0.2509,2.2826,2.9078,27.0,1.0,0.0,DATA_EXFILTRATION
4.8181,38.0,11.0,27.0,35609.68,7207.87,28401.81,7390.82,7.89,-0.5952,937.1,322.43,453.46,1500.0,1067.61,823.82,0.4492,126.79,194.95,25.36,278.94,1.5376,0.0159,4.2245,2.383,16.0,0.0,0.0,BENIGN_WEB
27.0183,74.0,29.0,45.0,66915.71,7597.67,59318.04,2476.68,2.74,-0.7729,904.27,545.03,86.72,1500.0,911.58,791.91,0.4313,365.11,412.56,73.02,803.25,1.13,0.1359,4.9336,3.0164,13.0,0.0,0.0,BENIGN_WEB
7.137,74.0,25.0,49.0,59560.45,6366.49,53193.96,8345.28,10.37,-0.7862,804.87,356.01,270.85,1445.69,846.23,910.29,0.4034,96.45,151.82,19.29,212.18,1.5742,0.0101,4.8936,2.5604,15.0,0.0,0.0,BENIGN_WEB
74.5504,21.0,10.0,11.0,4371.0,2443.61,1927.39,58.63,0.28,0.1181,208.14,67.04,107.58,328.82,183.29,194.17,0.2523,22850.4,884.28,4570.08,50270.87,0.0387,0.9019,3.0008,3.9229,22.0,1.0,0.0,C2_BEACONING
16.4463,52.0,18.0,34.0,47030.14,13562.48,33467.67,2859.61,3.16,-0.4232,904.43,330.59,408.54,1499.49,870.34,786.6,0.6049,316.28,264.09,63.26,695.81,0.835,0.0448,4.3118,3.0283,8.0,0.0,0.0,BENIGN_WEB
16.4531,209.0,188.0,21.0,289074.68,269953.62,19121.06,17569.67,12.7,0.8677,1383.13,166.27,1133.73,1500.0,1291.9,1565.46,0.1926,41.22,10.62,8.24,90.68,0.2576,0.1231,2.4503,3.6728,18.0,1.0,0.0,DATA_EXFILTRATION
66.4121,21.0,10.0,11.0,5884.26,3070.05,2814.21,88.6,0.32,0.0435,280.2,136.42,75.57,525.76,270.61,247.34,0.5347,4975.1,144.2,995.02,10945.21,0.029,0.952,2.355,3.8136,19.0,1.0,0.0,C2_BEACONING
24.6773,44.0,15.0,29.0,44280.86,8301.76,35979.09,1794.4,1.78,-0.625,1006.38,448.53,333.58,1500.0,977.23,874.06,0.2788,560.85,507.29,112.17,1233.86,0.9045,0.078,4.9122,2.9557,17.0,0.0,0.0,BENIGN_WEB
23.0794,68.0,21.0,47.0,55922.92,10548.63,45374.28,2423.06,2.95,-0.6227,822.4,416.11,198.23,1500.0,875.36,823.78,0.3851,339.4,390.78,67.88,746.69,1.1514,0.0855,3.8343,2.2245,12.0,0.0,0.0,BENIGN_WEB
29.2216,445.0,372.0,73.0,556978.46,500666.46,56312.0,19060.49,15.23,0.7978,1251.64,147.55,1030.3,1500.0,1074.49,1289.05,0.4926,43.76,19.57,8.75,96.27,0.4472,0.2351,2.6833,2.9114,23.0,1.0,0.0,DATA_EXFILTRATION
40.0736,10.0,5.0,5.0,2254.1,1368.93,885.17,56.25,0.25,0.2146,225.41,95.99,81.43,398.19,254.3,231.83,0.4271,6615.95,565.66,1323.19,14555.08,0.0855,0.9816,2.3455,3.9611,32.0,0.0,0.0,C2_BEACONING
23.3622,67.0,21.0,46.0,71721.63,8762.01,62959.61,3069.99,2.87,-0.7557,1070.47,411.15,453.74,1500.0,1122.12,1011.68,0.2413,348.69,256.61,69.74,767.12,0.7359,0.042,4.1434,2.4042,16.0,0.0,0.0,BENIGN_WEB
4.384,50.0,17.0,33.0,32712.88,6352.12,26360.76,7461.95,11.41,-0.6116,654.26,366.32,104.77,1313.64,723.46,731.54,0.3621,87.68,135.55,17.54,192.89,1.546,0.0371,4.4427,2.4482,10.0,0.0,0.0,BENIGN_WEB
6.7117,64.0,23.0,41.0,47521.78,10432.61,37089.17,7080.45,9.54,-0.5609,742.53,457.92,55.65,1500.0,632.36,701.61,0.6012,104.87,149.83,20.97,230.71,1.4287,0.0794,3.9897,2.8025,18.0,0.0,0.0,BENIGN_WEB
2.1942,21.0,6.0,15.0,19192.01,4451.06,14740.95,8746.73,9.57,-0.5362,913.91,381.55,341.57,1500.0,867.17,786.64,0.4424,104.49,85.39,20.9,229.87,0.8172,0.1082,4.0125,2.7977,14.0,0.0,0.0,BENIGN_WEB
62.4085,12.0,6.0,6.0,4654.94,2966.7,1688.24,74.59,0.19,0.2746,387.91,58.13,300.72,492.55,444.28,364.09,0.3554,6434.77,458.53,1286.95,14156.48,0.0713,0.9151,2.1342,4.1211,31.0,1.0,0.0,C2_BEACONING
10.4648,320.0,287.0,33.0,407323.91,384748.19,22575.72,38923.31,30.58,0.8892,1272.89,275.74,859.28,1500.0,1178.9,1160.89,0.5442,44.13,18.26,8.83,97.08,0.4138,0.2227,2.8869,3.8347,23.0,0.0,0.0,DATA_EXFILTRATION
97.9584,15.0,7.0,8.0,5019.94,2836.56,2183.38,51.25,0.15,0.1301,334.66,74.49,222.92,468.75,360.85,284.92,0.5095,8694.08,831.96,1738.82,19126.98,0.0957,0.8818,2.716,3.4759,16.0,1.0,0.0,C2_BEACONING
28.64,25.0,10.0,15.0,17397.92,3570.63,13827.29,607.47,0.87,-0.5895,695.92,530.49,40.0,1500.0,747.68,648.72,0.4362,1145.6,1668.52,229.12,2520.32,1.4565,0.0259,4.9286,2.9897,17.0,0.0,0.0,BENIGN_WEB
8.7902,62.0,19.0,43.0,66209.28,11343.22,54866.06,7532.21,7.05,-0.6574,1067.89,544.8,250.7,1500.0,1037.95,942.04,0.4444,141.78,116.28,28.36,311.91,0.8201,0.1342,4.6982,2.4747,20.0,0.0,0.0,BENIGN_WEB
62.2089,16.0,8.0,8.0,5407.68,2582.3,2825.38,86.93,0.26,-0.045,337.98,114.82,165.75,544.65,298.29,338.06,0.2954,9471.37,667.09,1894.27,20837.02,0.0704,0.9032,2.983,3.5719,15.0,0.0,0.0,C2_BEACONING
84.3376,18.0,9.0,9.0,5622.9,3356.08,2266.82,66.67,0.21,0.1937,312.38,51.82,234.66,405.65,354.13,322.4,0.4208,15577.64,1696.27,3115.53,34270.8,0.1089,0.9708,2.4116,4.2314,15.0,1.0,0.0,C2_BEACONING
27.5727,529.0,477.0,52.0,696906.75,625594.61,71312.14,25275.24,19.19,0.7953,1317.4,230.84,971.14,1500.0,1138.55,1473.46,0.4821,20.01,7.22,4.0,44.02,0.3607,0.1981,2.124,3.035,18.0,0.0,1.0,DATA_EXFILTRATION
5.1114,61.0,23.0,38.0,63994.93,17048.27,46946.67,12519.97,11.93,-0.4672,1049.1,432.8,399.89,1500.0,1089.58,979.65,0.2062,83.79,106.73,16.76,184.35,1.2737,0.0694,3.838,2.6565,20.0,0.0,0.0,BENIGN_WEB
2.8788,74.0,27.0,47.0,54951.86,14741.47,40210.4,19088.64,25.71,-0.4635,742.59,552.99,40.0,1500.0,650.03,784.82,0.5945,38.9,65.55,7.78,85.59,1.685,0.0715,4.4025,2.1937,11.0,0.0,0.0,BENIGN_WEB
19.1842,68.0,20.0,48.0,57301.69,6910.03,50391.67,2986.92,3.54,-0.7588,842.67,465.68,144.15,1500.0,748.35,929.06,0.2275,282.12,366.34,56.42,620.66,1.2985,0.0875,4.1788,2.3999,15.0,0.0,0.0,BENIGN_WEB
25.1446,144.0,116.0,28.0,191992.62,173486.8,18505.82,7635.54,5.73,0.8072,1333.28,156.05,1099.21,1500.0,1232.02,1137.79,0.5909,22.78,9.91,4.56,50.12,0.4352,0.2026,2.5418,2.9015,17.0,0.0,0.0,DATA_EXFILTRATION
38.7746,484.0,436.0,48.0,689541.86,651946.42,37595.44,17783.34,12.48,0.891,1424.67,125.78,1236.0,1500.0,1299.45,1447.05,0.3816,17.71,5.48,3.54,38.97,0.3093,0.2204,1.989,3.0478,14.0,1.0,1.0,DATA_EXFILTRATION
12.2776,80.0,27.0,53.0,54233.94,14677.59,39556.35,4417.32,6.52,-0.4587,677.92,575.61,40.0,1500.0,576.87,645.55,0.2799,153.47,223.94,30.69,337.63,1.4592,0.098,3.9048,2.4785,15.0,0.0,0.0,BENIGN_WEB
59.0373,19.0,9.0,10.0,4563.34,2826.09,1737.25,77.3,0.32,0.2386,240.18,134.52,40.0,482.31,268.34,259.6,0.5825,25988.14,324.95,5197.63,57173.92,0.0125,0.9547,2.6606,4.1948,25.0,1.0,0.0,C2_BEACONING
31.3932,59.0,24.0,35.0,60920.38,10135.79,50784.58,1940.56,1.88,-0.6672,1032.55,461.48,340.32,1500.0,1136.16,1051.53,0.5508,532.09,794.52,106.42,1170.59,1.4932,0.1037,4.2266,2.9983,20.0,0.0,0.0,BENIGN_WEB
7.2245,74.0,25.0,49.0,73169.38,20507.54,52661.84,10127.93,10.24,-0.4395,988.78,512.13,220.58,1500.0,956.73,1001.31,0.2922,97.63,162.59,19.53,214.78,1.6654,0.1173,3.9814,3.0645,15.0,0.0,0.0,BENIGN_WEB
30.3405,78.0,25.0,53.0,66232.54,16398.85,49833.69,2182.97,2.57,-0.5048,849.14,445.43,180.98,1500.0,938.27,967.63,0.194,388.98,331.51,77.8,855.76,0.8523,0.087,4.3811,2.5771,18.0,0.0,0.0,BENIGN_WEB
15.9174,488.0,445.0,43.0,656095.69,584871.78,71223.91,41218.73,30.66,0.7829,1344.46,122.09,1161.32,1500.0,1224.37,1406.77,0.563,47.67,24.24,9.53,104.88,0.5085,0.1669,2.4502,3.5536,27.0,1.0,0.0,DATA_EXFILTRATION
29.5011,50.0,20.0,30.0,33073.03,6179.07,26893.95,1121.08,1.69,-0.6263,661.46,491.75,40.0,1500.0,756.64,746.88,0.3529,590.02,509.95,118.0,1298.05,0.8643,0.1261,4.104,2.7809,12.0,0.0,0.0,BENIGN_WEB
11.0893,68.0,23.0,45.0,72552.49,7397.69,65154.8,6542.55,6.13,-0.7961,1066.95,448.7,393.9,1500.0,1077.78,910.62,0.3258,163.08,169.32,32.62,358.77,1.0383,0.1082,4.97,2.9653,15.0,0.0,0.0,BENIGN_WEB
28.0106,15.0,5.0,10.0,13756.69,1847.4,11909.28,491.12,0.54,-0.7314,917.11,415.61,293.69,1500.0,982.52,979.52,0.3815,1867.37,1490.49,373.47,4108.22,0.7982,0.0347,5.0937,3.0833,20.0,0.0,0.0,BENIGN_WEB
41.5671,207.0,186.0,21.0,265387.53,259940.95,5446.57,6384.56,4.98,0.959,1282.07,132.11,1083.9,1500.0,1242.01,1150.45,0.2043,28.62,6.96,5.72,62.95,0.2433,0.2494,2.6173,3.5522,18.0,0.0,0.0,DATA_EXFILTRATION
2.9405,62.0,25.0,37.0,63577.77,5913.72,57664.04,21621.65,21.09,-0.814,1025.45,349.81,500.73,1500.0,1091.78,1073.82,0.5482,47.43,63.02,9.49,104.34,1.3288,0.0652,4.0516,2.7734,13.0,0.0,0.0,BENIGN_WEB
107.0737,13.0,6.0,7.0,3250.2,1630.19,1620.01,30.35,0.12,0.0031,250.02,67.94,148.11,372.3,239.95,258.55,0.1863,15144.71,605.61,3028.94,33318.35,0.04,0.9007,2.6979,3.4916,28.0,0.0,0.0,C2_BEACONING
30.9656,63.0,24.0,39.0,59574.66,12186.47,47388.2,1923.9,2.03,-0.5909,945.63,368.49,392.89,1500.0,883.46,1020.97,0.3178,491.52,801.73,98.3,1081.34,1.6311,0.043,4.8657,2.8075,11.0,0.0,0.0,BENIGN_WEB
27.6573,71.0,22.0,49.0,51492.04,13358.29,38133.75,1861.79,2.57,-0.4812,725.24,357.7,188.7,1369.09,798.36,798.75,0.5732,389.54,565.11,77.91,856.99,1.4507,0.0268,4.6842,3.0293,20.0,0.0,0.0,BENIGN_WEB
34.9731,1315.0,1174.0,141.0,1676879.0,1595344.54,81534.46,47947.65,37.6,0.9028,1275.19,160.87,1033.88,1500.0,1331.89,1356.15,0.3478,27.36,12.11,5.47,60.18,0.4426,0.1987,2.3753,3.5365,15.0,1.0,0.0,DATA_EXFILTRATION
44.9314,1520.0,1210.0,310.0,1953991.65,1933876.2,20115.45,43488.29,33.83,0.9794,1285.52,173.5,1025.28,1500.0,1197.37,1292.98,0.5281,38.72,10.37,7.74,85.18,0.2678,0.2734,2.6455,2.9791,16.0,0.0,0.0,DATA_EXFILTRATION
31.9386,66.0,19.0,47.0,63643.37,16664.36,46979.01,1992.68,2.07,-0.4763,964.29,486.53,234.5,1500.0,829.45,1036.29,0.4577,483.92,741.53,96.78,1064.62,1.5323,0.0724,4.874,2.7655,9.0,0.0,0.0,BENIGN_WEB
10.9649,55.0,15.0,40.0,58675.28,16750.51,41924.77,5351.17,5.02,-0.429,1066.82,444.73,399.73,1500.0,909.36,943.96,0.5809,199.36,167.14,39.87,438.6,0.8384,0.1365,4.3476,2.8728,21.0,0.0,0.0,BENIGN_WEB
43.3358,21.0,10.0,11.0,6354.59,2894.23,3460.37,146.64,0.48,-0.0891,302.6,104.88,145.28,491.39,342.93,257.54,0.3385,18943.36,1951.42,3788.67,41675.39,0.103,0.9067,2.3544,3.7989,33.0,1.0,1.0,C2_BEACONING
24.1838,57.0,20.0,37.0,57405.36,15599.13,41806.23,2373.72,2.36,-0.4565,1007.11,342.28,493.69,1500.0,877.0,895.11,0.2416,424.28,370.2,84.86,933.41,0.8725,0.0948,4.6167,2.296,17.0,0.0,0.0,BENIGN_WEB
18.2632,56.0,16.0,40.0,50995.85,9002.54,41993.31,2792.28,3.07,-0.6469,910.64,460.76,219.5,1500.0,791.18,983.1,0.5579,326.13,435.58,65.23,717.48,1.3356,0.0633,4.2351,2.8191,20.0,0.0,0.0,BENIGN_WEB
31.5157,57.0,22.0,35.0,40655.76,11321.68,29334.08,1290.02,1.81,-0.443,713.26,429.74,68.65,1486.79,617.85,639.78,0.5575,552.91,630.63,110.58,1216.4,1.1406,0.0379,4.2935,2.1151,11.0,0.0,0.0,BENIGN_WEB
4.792,59.0,18.0,41.0,38003.06,4352.48,33650.58,7930.45,12.31,-0.7709,644.12,554.37,40.0,1500.0,566.6,642.69,0.2383,81.22,122.23,16.24,178.69,1.505,0.0649,3.7079,2.4552,12.0,0.0,0.0,BENIGN_WEB
67.3223,19.0,9.0,10.0,4548.69,2314.13,2234.56,67.57,0.28,0.0175,239.4,116.34,64.9,448.82,264.2,239.99,0.518,17038.44,1817.59,3407.69,37484.56,0.1067,0.9188,2.1108,3.6822,18.0,1.0,0.0,C2_BEACONING
39.9574,910.0,811.0,99.0,1263646.61,1250363.58,13283.03,31624.81,22.77,0.979,1388.62,246.39,1019.04,1500.0,1319.92,1327.52,0.3426,11.68,2.9,2.34,25.71,0.248,0.1922,2.088,3.0931,16.0,0.0,0.0,DATA_EXFILTRATION
8.6597,21.0,6.0,15.0,20628.7,3061.03,17567.67,2382.15,2.43,-0.7032,982.32,551.98,154.35,1500.0,894.13,974.8,0.4259,412.37,324.85,82.47,907.21,0.7878,0.0308,4.5532,2.8442,12.0,0.0,0.0,BENIGN_WEB
90.8178,21.0,10.0,11.0,4253.25,2799.01,1454.24,46.83,0.23,0.3162,202.54,62.5,108.78,315.04,208.8,192.57,0.3837,10860.12,679.04,2172.02,23892.27,0.0625,0.977,2.3579,4.0147,28.0,0.0,0.0,C2_BEACONING
13.2321,63.0,21.0,42.0,50995.88,9331.99,41663.89,3853.96,4.76,-0.634,809.46,550.53,40.0,1500.0,919.2,783.62,0.3805,210.03,160.59,42.01,462.07,0.7646,0.11,4.3191,2.5601,12.0,0.0,0.0,BENIGN_WEB
15.1353,1334.0,1157.0,177.0,1650178.53,1584997.48,65181.05,109028.2,88.14,0.921,1237.02,149.11,1013.34,1500.0,1305.09,1139.6,0.4884,11.13,3.84,2.23,24.48,0.345,0.1624,2.8709,3.0552,18.0,1.0,0.0,DATA_EXFILTRATION
106.2528,14.0,7.0,7.0,4372.41,2491.31,1881.1,41.15,0.13,0.1396,312.31,131.14,115.6,548.37,321.85,319.44,0.4391,14175.41,374.94,2835.08,31185.9,0.0265,0.9854,2.4149,3.799,19.0,1.0,0.0,C2_BEACONING
9.5913,66.0,23.0,43.0,67439.13,16212.28,51226.85,7031.3,6.88,-0.5192,1021.8,427.55,380.47,1500.0,904.49,1049.58,0.4706,145.32,252.93,29.06,319.71,1.7405,0.068,4.2822,2.3148,21.0,0.0,0.0,BENIGN_WEB
13.5132,65.0,25.0,40.0,55650.05,7240.43,48409.61,4118.19,4.81,-0.7398,856.15,455.45,172.98,1500.0,844.09,765.36,0.5943,207.9,286.9,41.58,457.37,1.38,0.1021,4.8352,2.9332,20.0,0.0,0.0,BENIGN_WEB
106.2062,24.0,12.0,12.0,6429.75,3820.58,2609.17,60.54,0.23,0.1884,267.91,79.61,148.48,411.21,251.37,307.19,0.2802,24049.88,2543.67,4809.98,52909.75,0.1058,0.9866,2.4918,3.9737,31.0,1.0,0.0,C2_BEACONING
24.495,47.0,14.0,33.0,38558.38,5053.22,33505.16,1574.13,1.92,-0.7379,820.39,502.94,65.97,1500.0,922.65,773.35,0.2387,521.17,424.88,104.23,1146.58,0.8152,0.1062,3.7723,2.4202,19.0,0.0,0.0,BENIGN_WEB
10.3271,32.0,11.0,21.0,31119.26,5013.74,26105.52,3013.35,3.1,-0.6778,972.48,579.12,103.79,1500.0,951.2,1013.68,0.2543,322.72,342.62,64.54,709.99,1.0617,0.064,4.3138,3.0176,17.0,0.0,0.0,BENIGN_WEB
17.9235,23.0,7.0,16.0,17095.5,4709.28,12386.22,953.81,1.28,-0.4491,743.28,489.04,40.0,1500.0,689.66,844.73,0.2814,779.28,732.64,155.86,1714.42,0.9402,0.0195,4.7403,2.8123,11.0,0.0,0.0,BENIGN_WEB
5.2233,58.0,20.0,38.0,58132.39,7171.42,50960.97,11129.37,11.1,-0.7533,1002.28,425.77,363.62,1500.0,1027.32,1122.13,0.4721,90.06,93.17,18.01,198.13,1.0346,0.0603,4.3268,2.2123,12.0,0.0,0.0,BENIGN_WEB
62.4169,16.0,8.0,8.0,5092.47,2311.87,2780.6,81.59,0.26,-0.092,318.28,107.21,157.47,511.26,286.04,297.42,0.4289,13274.81,1174.33,2654.96,29204.59,0.0885,0.9048,2.7383,3.8334,31.0,1.0,0.0,C2_BEACONING
6.3688,60.0,20.0,40.0,64442.31,8234.5,56207.81,10118.44,9.42,-0.7444,1074.04,350.99,547.55,1500.0,1014.9,1033.88,0.3205,106.15,151.06,21.23,233.52,1.4231,0.0924,3.7738,2.7714,17.0,0.0,0.0,BENIGN_WEB
41.5069,577.0,509.0,68.0,779659.29,699007.8,80651.48,18783.85,13.9,0.7931,1351.23,194.18,1059.96,1500.0,1299.07,1409.0,0.6024,15.85,3.78,3.17,34.86,0.2385,0.1794,2.2927,3.6149,29.0,0.0,0.0,DATA_EXFILTRATION
25.3243,29.0,9.0,20.0,26489.41,2808.75,23680.66,1046.01,1.15,-0.7879,913.43,376.96,347.99,1500.0,852.22,851.07,0.5879,873.25,1056.52,174.65,1921.15,1.2099,0.0532,4.6265,2.6304,10.0,0.0,0.0,BENIGN_WEB
3.3035,34.0,12.0,22.0,30388.63,3677.04,26711.58,9198.83,10.29,-0.758,893.78,443.82,228.05,1500.0,972.06,787.52,0.3379,97.16,77.02,19.43,213.76,0.7927,0.1165,4.728,3.0314,10.0,0.0,0.0,BENIGN_WEB
11.0905,38.0,15.0,23.0,36719.32,6538.31,30181.02,3310.87,3.43,-0.6439,966.3,360.64,425.34,1500.0,1027.58,933.47,0.2322,291.86,278.25,58.37,642.08,0.9534,0.0692,4.1484,2.2784,9.0,0.0,0.0,BENIGN_WEB
19.5416,60.0,23.0,37.0,40258.71,5883.16,34375.55,2060.15,3.07,-0.7077,670.98,366.01,121.97,1329.79,683.19,616.6,0.1998,325.69,363.68,65.14,716.53,1.1166,0.0269,3.6318,2.7859,21.0,0.0,0.0,BENIGN_WEB
44.7156,1243.0,1100.0,143.0,1667279.05,1618572.12,48706.94,37286.29,27.8,0.9416,1341.33,207.5,1030.08,1500.0,1216.81,1444.22,0.45,23.65,14.04,4.73,52.03,0.5935,0.1273,2.8538,3.7167,17.0,0.0,1.0,DATA_EXFILTRATION
22.2561,60.0,19.0,41.0,56265.06,9491.6,46773.46,2528.07,2.7,-0.6626,937.75,368.05,385.68,1500.0,971.79,1032.3,0.2355,370.94,374.69,74.19,816.06,1.0101,0.0164,4.4295,2.9285,9.0,0.0,0.0,BENIGN_WEB
14.1169,66.0,19.0,47.0,56034.57,7059.06,48975.51,3969.33,4.68,-0.748,849.01,427.15,208.28,1500.0,967.52,777.85,0.3798,213.89,196.73,42.78,470.56,0.9198,0.0123,4.8659,3.0072,9.0,0.0,0.0,BENIGN_WEB
4.9845,81.0,29.0,52.0,82464.44,11035.95,71428.49,16544.05,16.25,-0.7323,1018.08,552.81,188.87,1500.0,923.18,945.87,0.6123,61.54,78.83,12.31,135.38,1.281,0.0389,4.205,2.7261,17.0,0.0,0.0,BENIGN_WEB
83.2458,14.0,7.0,7.0,2920.07,1910.36,1009.71,35.08,0.17,0.3084,208.58,87.73,76.98,366.5,203.04,215.03,0.2349,19904.72,904.69,3980.94,43790.37,0.0455,0.9592,2.9896,4.1527,24.0,1.0,0.0,C2_BEACONING
28.3613,65.0,20.0,45.0,64760.66,14697.02,50063.64,2283.42,2.29,-0.5461,996.32,418.75,368.2,1500.0,986.37,932.73,0.6041,436.33,553.48,87.27,959.92,1.2685,0.1168,3.6746,2.3954,10.0,0.0,0.0,BENIGN_WEB
20.5305,57.0,20.0,37.0,54530.07,14727.29,39802.78,2656.05,2.78,-0.4598,956.67,463.82,260.93,1500.0,1038.94,940.59,0.3268,360.18,386.7,72.04,792.41,1.0736,0.0605,3.7386,2.5168,19.0,0.0,0.0,BENIGN_WEB
24.416,30.0,11.0,19.0,26902.56,7111.75,19790.81,1101.84,1.23,-0.4713,896.75,529.05,103.18,1500.0,849.05,903.46,0.4474,813.87,866.5,162.77,1790.5,1.0647,0.1233,5.0329,2.345,10.0,0.0,0.0,BENIGN_WEB
22.1351,69.0,19.0,50.0,47098.0,10625.27,36472.73,2127.75,3.12,-0.5488,682.58,499.94,40.0,1500.0,660.97,767.33,0.2626,320.8,488.07,64.16,705.76,1.5214,0.0589,4.5057,3.0494,9.0,0.0,0.0,BENIGN_WEB
22.0068,15.0,6.0,9.0,11627.69,1090.31,10537.37,528.37,0.68,-0.8125,775.18,402.9,170.83,1500.0,720.81,702.02,0.1864,1467.12,1152.48,293.42,3227.66,0.7855,0.12,5.0646,3.0975,8.0,0.0,0.0,BENIGN_WEB
38.4906,729.0,569.0,160.0,1045814.31,995016.88,50797.43,27170.63,18.94,0.9029,1434.59,183.0,1160.09,1500.0,1330.97,1431.14,0.2919,16.64,8.12,3.33,36.6,0.4883,0.1955,2.5752,3.2406,28.0,1.0,1.0,DATA_EXFILTRATION
88.1619,21.0,10.0,11.0,4859.49,2567.56,2291.94,55.12,0.24,0.0567,231.4,120.4,50.81,448.12,250.88,205.63,0.368,22346.02,919.42,4469.2,49161.25,0.0411,0.9604,2.8369,3.8557,19.0,1.0,0.0,C2_BEACONING
22.1618,73.0,25.0,48.0,47751.78,5738.87,42012.91,2154.69,3.29,-0.7596,654.13,548.25,40.0,1500.0,610.44,684.7,0.4744,303.59,256.41,60.72,667.89,0.8446,0.0103,4.9361,3.0536,15.0,0.0,0.0,BENIGN_WEB
34.999,889.0,740.0,149.0,1252197.75,1134714.55,117483.2,35778.14,25.4,0.8124,1408.55,248.27,1036.14,1500.0,1241.88,1487.08,0.5693,17.54,10.35,3.51,38.59,0.5898,0.2057,2.3351,3.5153,14.0,1.0,1.0,DATA_EXFILTRATION
26.8482,28.0,11.0,17.0,27950.25,2897.38,25052.86,1041.05,1.04,-0.7927,998.22,512.43,229.58,1500.0,967.47,935.91,0.1927,958.86,730.39,191.77,2109.5,0.7617,0.0345,3.8155,2.8173,14.0,0.0,0.0,BENIGN_WEB
10.6571,51.0,17.0,34.0,46381.06,12550.88,33830.18,4352.12,4.79,-0.4588,909.43,577.56,43.09,1500.0,950.39,789.09,0.2479,208.96,285.88,41.79,459.72,1.3681,0.0347,4.3538,2.7023,19.0,0.0,0.0,BENIGN_WEB
13.0347,71.0,21.0,50.0,56111.72,12043.85,44067.86,4304.79,5.45,-0.5707,790.31,473.42,80.17,1500.0,753.31,788.06,0.3183,183.59,310.36,36.72,403.89,1.6905,0.026,3.8999,2.6691,11.0,0.0,0.0,BENIGN_WEB
21.211,33.0,13.0,20.0,35300.55,3217.68,32082.87,1664.26,1.56,-0.8177,1069.71,529.4,275.62,1500.0,959.86,1186.58,0.4814,642.76,962.58,128.55,1414.06,1.4976,0.137,3.8267,2.8005,15.0,0.0,0.0,BENIGN_WEB
11.4095,1075.0,924.0,151.0,1320289.76,1276077.25,44212.51,115718.86,94.22,0.933,1228.18,196.43,933.53,1500.0,1163.22,1230.34,0.4561,11.88,5.29,2.38,26.13,0.4457,0.1876,2.6158,3.1219,20.0,0.0,0.0,DATA_EXFILTRATION
39.6741,813.0,643.0,170.0,1129895.2,1090154.34,39740.85,28479.42,20.49,0.9297,1389.78,205.6,1081.39,1500.0,1481.23,1535.46,0.6104,29.29,6.5,5.86,64.44,0.2219,0.2381,2.5902,2.9209,17.0,0.0,0.0,DATA_EXFILTRATION
26.392,38.0,13.0,25.0,32683.54,4937.4,27746.14,1238.39,1.44,-0.6979,860.09,435.38,207.02,1500.0,979.49,852.73,0.3127,694.53,768.94,138.91,1527.96,1.1072,0.1079,5.0313,3.016,20.0,0.0,0.0,BENIGN_WEB
29.3797,80.0,29.0,51.0,83647.21,8005.23,75641.97,2847.11,2.72,-0.8086,1045.59,509.41,281.48,1500.0,1070.26,1025.63,0.253,367.25,586.67,73.45,807.94,1.5975,0.1399,4.0704,2.4484,21.0,0.0,0.0,BENIGN_WEB
11.3506,73.0,27.0,46.0,69646.7,11827.57,57819.13,6135.93,6.43,-0.6604,954.06,398.06,356.98,1500.0,883.16,896.84,0.2995,155.49,251.58,31.1,342.07,1.618,0.1148,4.4363,2.7221,10.0,0.0,0.0,BENIGN_WEB
24.4778,10.0,5.0,5.0,2542.9,1557.01,985.9,103.89,0.41,0.2246,254.29,119.07,75.69,468.61,271.85,287.92,0.6165,16794.31,936.79,3358.86,36947.47,0.0558,0.9437,2.5875,3.7851,23.0,1.0,0.0,C2_BEACONING
33.5966,1126.0,924.0,202.0,1434697.64,1326036.08,108661.57,42703.66,33.52,0.8485,1274.15,154.36,1042.62,1500.0,1258.3,1162.34,0.2525,42.52,19.92,8.5,93.55,0.4684,0.2629,2.0046,3.2821,17.0,0.0,0.0,DATA_EXFILTRATION
13.1392,55.0,15.0,40.0,54242.28,5432.19,48810.09,4128.28,4.19,-0.7997,986.22,497.74,239.61,1500.0,909.06,1015.34,0.5529,238.89,335.94,47.78,525.57,1.4062,0.1149,4.9889,2.3125,14.0,0.0,0.0,BENIGN_WEB
15.9312,940.0,802.0,138.0,1268798.72,1190448.69,78350.04,79642.2,59.0,0.8765,1349.79,139.58,1140.42,1500.0,1318.36,1173.51,0.5491,9.37,3.82,1.87,20.61,0.4078,0.1707,2.5283,3.3374,24.0,1.0,0.0,DATA_EXFILTRATION
25.8432,75.0,21.0,54.0,55953.45,14817.13,41136.32,2165.11,2.9,-0.4704,746.05,475.16,40.0,1500.0,788.62,780.52,0.5792,344.58,267.9,68.92,758.07,0.7775,0.0535,5.0912,2.6689,14.0,0.0,0.0,BENIGN_WEB
8.0951,38.0,15.0,23.0,33813.2,5133.41,28679.79,4176.99,4.69,-0.6964,889.82,350.93,363.43,1500.0,846.95,965.3,0.5478,213.03,351.83,42.61,468.66,1.6515,0.0954,4.9516,2.6393,19.0,0.0,0.0,BENIGN_WEB
3.1975,45.0,14.0,31.0,39525.0,9757.63,29767.38,12361.27,14.07,-0.5063,878.33,561.5,40.0,1500.0,889.9,987.45,0.257,71.06,72.2,14.21,156.32,1.016,0.0407,3.9854,2.9251,9.0,0.0,0.0,BENIGN_WEB
14.3508,50.0,17.0,33.0,52999.57,11624.71,41374.86,3693.13,3.48,-0.5613,1059.99,404.27,453.59,1500.0,919.03,921.74,0.5992,287.02,455.01,57.4,631.44,1.5853,0.0925,3.8405,2.2717,14.0,0.0,0.0,BENIGN_WEB
25.8097,73.0,28.0,45.0,55143.12,15335.72,39807.4,2136.52,2.83,-0.4438,755.39,529.76,40.0,1500.0,696.89,784.53,0.3951,353.56,602.37,70.71,777.83,1.7037,0.0748,4.0986,2.277,17.0,0.0,0.0,BENIGN_WEB
31.4274,71.0,23.0,48.0,73826.61,6721.11,67105.49,2349.12,2.26,-0.8179,1039.81,337.54,533.51,1500.0,1110.76,1181.72,0.3088,442.64,589.47,88.53,973.81,1.3317,0.0964,4.1046,2.8621,9.0,0.0,0.0,BENIGN_WEB
82.3386,17.0,8.0,9.0,6644.36,4246.87,2397.5,80.7,0.21,0.2783,390.84,112.19,222.56,592.78,430.5,361.37,0.1857,10101.29,1083.11,2020.26,22222.83,0.1072,0.9676,2.2537,4.1166,17.0,0.0,1.0,C2_BEACONING
34.0289,587.0,485.0,102.0,786053.61,752465.14,33588.47,23099.62,17.25,0.9145,1339.1,164.08,1092.99,1500.0,1276.98,1143.7,0.5565,43.61,13.44,8.72,95.93,0.3082,0.2117,2.2449,3.3013,25.0,1.0,0.0,DATA_EXFILTRATION
46.555,181.0,158.0,23.0,222356.84,206933.48,15423.36,4776.22,3.89,0.8613,1228.49,114.68,1056.48,1434.91,1090.63,1202.71,0.4303,15.8,8.79,3.16,34.77,0.5564,0.269,2.5883,3.595,20.0,1.0,0.0,DATA_EXFILTRATION
20.9254,34.0,13.0,21.0,27543.93,6012.08,21531.86,1316.29,1.62,-0.5635,810.12,418.78,181.94,1500.0,740.52,798.65,0.3665,615.45,1005.29,123.09,1353.99,1.6334,0.127,4.7397,2.6609,18.0,0.0,0.0,BENIGN_WEB
20.3779,1207.0,986.0,221.0,1728172.93,1664441.94,63730.99,84806.28,59.23,0.9262,1431.79,275.3,1018.85,1500.0,1295.77,1337.37,0.323,24.88,7.15,4.98,54.74,0.2872,0.2684,2.0242,2.9088,28.0,1.0,0.0,DATA_EXFILTRATION
19.5895,894.0,810.0,84.0,1225217.55,1102341.1,122876.45,62544.63,45.64,0.7994,1370.49,146.23,1151.14,1500.0,1485.23,1556.86,0.3523,9.84,5.32,1.97,21.65,0.5409,0.1687,2.4624,3.6344,28.0,0.0,0.0,DATA_EXFILTRATION
3.212,75.0,29.0,46.0,51454.5,9408.72,42045.78,16019.27,23.35,-0.6343,686.06,489.98,40.0,1500.0,668.91,776.39,0.214,42.83,73.96,8.57,94.22,1.7269,0.0897,4.2701,2.3787,14.0,0.0,0.0,BENIGN_WEB
105.3092,14.0,7.0,7.0,5058.03,2353.97,2704.06,48.03,0.13,-0.0692,361.29,76.17,247.03,498.39,378.4,358.44,0.5156,17668.37,1670.67,3533.67,38870.41,0.0946,0.9508,2.8145,3.861,22.0,0.0,0.0,C2_BEACONING
90.8758,17.0,8.0,9.0,5060.12,3255.88,1804.24,55.68,0.19,0.2869,297.65,107.35,136.63,490.88,326.77,328.91,0.3655,23350.95,1211.22,4670.19,51372.09,0.0519,0.9819,2.264,3.6309,22.0,0.0,0.0,C2_BEACONING
22.3222,69.0,25.0,44.0,62303.75,8985.4,53318.35,2791.12,3.09,-0.7116,902.95,504.32,146.47,1500.0,875.61,913.88,0.4495,323.51,324.64,64.7,711.72,1.0035,0.027,3.8293,2.5992,10.0,0.0,0.0,BENIGN_WEB
99.6547,16.0,8.0,8.0,5082.45,3143.67,1938.78,51.0,0.16,0.2371,317.65,86.58,187.79,473.49,364.8,277.73,0.5656,21404.5,1245.65,4280.9,47089.9,0.0582,0.9005,2.6089,3.8877,15.0,1.0,1.0,C2_BEACONING
102.1272,20.0,10.0,10.0,6319.25,2930.56,3388.69,61.88,0.2,-0.0725,315.96,122.91,131.59,537.21,336.23,363.29,0.335,4725.35,202.54,945.07,10395.77,0.0429,0.9485,3.0621,3.6842,27.0,1.0,0.0,C2_BEACONING
62.0246,13.0,6.0,7.0,2550.28,1675.98,874.29,41.12,0.21,0.3144,196.18,55.11,113.51,295.37,196.75,181.22,0.3795,24289.81,2649.79,4857.96,53437.58,0.1091,0.9052,2.3773,3.7834,21.0,1.0,1.0,C2_BEACONING
48.1058,784.0,686.0,98.0,1120804.51,1060148.7,60655.81,23298.75,16.3,0.8918,1429.6,207.49,1118.36,1500.0,1408.66,1274.62,0.5981,29.31,15.86,5.86,64.49,0.5412,0.1993,2.0793,3.5642,18.0,1.0,0.0,DATA_EXFILTRATION
25.6685,46.0,18.0,28.0,44779.45,4492.8,40286.65,1744.53,1.79,-0.7993,973.47,471.66,265.98,1500.0,966.0,1088.96,0.5348,558.01,530.5,111.6,1227.62,0.9507,0.0638,4.9207,2.7484,19.0,0.0,0.0,BENIGN_WEB
15.3294,751.0,660.0,91.0,970108.23,959222.09,10886.13,63284.28,48.99,0.9776,1291.76,216.16,967.52,1500.0,1443.49,1422.81,0.5831,27.21,9.91,5.44,59.87,0.364,0.1563,2.4113,3.7222,29.0,1.0,1.0,DATA_EXFILTRATION
12.4499,1376.0,1120.0,256.0,1939783.28,1829050.78,110732.49,155806.9,110.52,0.8858,1409.73,200.68,1108.71,1500.0,1513.19,1279.05,0.5695,23.22,6.34,4.64,51.08,0.2729,0.1645,2.2134,3.2039,18.0,0.0,0.0,DATA_EXFILTRATION
35.6685,184.0,153.0,31.0,264864.28,236664.82,28199.46,7425.72,5.16,0.7871,1439.48,122.44,1255.82,1500.0,1649.62,1511.82,0.5119,9.94,5.47,1.99,21.87,0.55,0.1711,2.8316,2.9326,17.0,0.0,0.0,DATA_EXFILTRATION
2.7776,72.0,25.0,47.0,54469.3,10869.48,43599.82,19610.07,25.92,-0.6009,756.52,559.6,40.0,1500.0,708.4,802.85,0.4374,38.58,64.19,7.72,84.87,1.6638,0.1149,4.9163,2.8733,11.0,0.0,0.0,BENIGN_WEB
38.2151,1325.0,1115.0,210.0,1673859.09,1512260.73,161598.36,43800.97,34.67,0.8069,1263.29,211.0,946.8,1500.0,1152.42,1258.47,0.3576,42.14,14.17,8.43,92.72,0.3362,0.1986,2.412,3.4275,19.0,0.0,0.0,DATA_EXFILTRATION
19.0099,79.0,27.0,52.0,82138.35,21121.82,61016.53,4320.82,4.16,-0.4857,1039.73,409.62,425.3,1500.0,1154.33,1076.5,0.5096,240.63,179.55,48.13,529.39,0.7461,0.0704,4.0931,2.5839,11.0,0.0,0.0,BENIGN_WEB
24.5176,46.0,14.0,32.0,31022.36,5392.15,25630.21,1265.31,1.88,-0.6524,674.4,484.56,40.0,1500.0,762.27,582.23,0.5673,532.99,423.57,106.6,1172.58,0.7947,0.0561,4.8617,2.7108,20.0,0.0,0.0,BENIGN_WEB
3.5389,27.0,8.0,19.0,27714.64,5314.14,22400.5,7831.5,7.63,-0.6165,1026.47,440.65,365.49,1500.0,996.49,1157.65,0.2336,131.07,188.32,26.21,288.35,1.4368,0.0391,4.2343,2.8715,19.0,0.0,0.0,BENIGN_WEB
89.1553,20.0,10.0,10.0,6370.21,3995.58,2374.63,71.45,0.22,0.2545,318.51,124.0,132.51,541.72,309.83,346.36,0.3941,24768.24,2135.48,4953.65,54490.14,0.0862,0.9149,2.8817,3.8157,15.0,0.0,1.0,C2_BEACONING
68.9123,13.0,6.0,7.0,2964.81,1346.46,1618.35,43.02,0.19,-0.0917,228.06,53.78,147.39,324.87,241.68,231.2,0.2987,15553.04,952.01,3110.61,34216.69,0.0612,0.9426,2.3608,3.8508,16.0,0.0,0.0,C2_BEACONING
28.7396,1353.0,1217.0,136.0,1796660.22,1706099.02,90561.21,62515.23,47.08,0.8992,1327.91,163.22,1083.09,1500.0,1304.93,1357.33,0.1892,17.75,3.97,3.55,39.06,0.2234,0.2338,2.8124,3.6541,26.0,1.0,0.0,DATA_EXFILTRATION
29.6085,17.0,8.0,9.0,4551.7,2016.81,2534.89,153.73,0.57,-0.1138,267.75,123.12,83.07,489.36,274.66,292.03,0.2425,4730.77,515.22,946.15,10407.69,0.1089,0.8986,2.4009,3.7901,18.0,1.0,1.0,C2_BEACONING
13.2068,1462.0,1325.0,137.0,1999002.77,1818604.14,180398.63,151361.23,110.7,0.8195,1367.31,238.75,1009.19,1500.0,1456.76,1169.07,0.2225,24.82,11.89,4.96,54.6,0.479,0.2124,2.1044,3.0198,20.0,1.0,0.0,DATA_EXFILTRATION
15.6737,48.0,16.0,32.0,40618.59,4561.3,36057.29,2591.51,3.06,-0.7754,846.22,400.78,245.06,1500.0,871.37,829.61,0.5659,326.54,473.56,65.31,718.38,1.4503,0.1369,3.8282,2.4946,8.0,0.0,0.0,BENIGN_WEB
11.5058,21.0,7.0,14.0,22370.3,2249.15,20121.15,1944.26,1.83,-0.7989,1065.25,350.41,539.64,1500.0,1169.28,1089.21,0.3447,547.89,631.63,109.58,1205.37,1.1528,0.1362,4.4778,2.2422,11.0,0.0,0.0,BENIGN_WEB
9.6846,56.0,18.0,38.0,56030.57,6741.46,49289.12,5785.52,5.78,-0.7594,1000.55,549.25,176.67,1500.0,1091.4,879.7,0.4955,172.94,214.64,34.59,380.47,1.2411,0.0797,3.8965,2.767,18.0,0.0,0.0,BENIGN_WEB
43.5721,12.0,6.0,6.0,2823.93,1301.66,1522.28,64.81,0.28,-0.0781,235.33,77.55,119.01,374.91,240.28,224.22,0.4869,19399.58,1222.19,3879.92,42679.07,0.063,0.8908,2.3483,3.9422,18.0,1.0,0.0,C2_BEACONING
4.0041,15.0,5.0,10.0,10414.28,1348.84,9065.44,2600.88,3.75,-0.741,694.29,434.78,42.12,1476.88,675.19,707.32,0.182,266.94,394.62,53.39,587.27,1.4783,0.0469,4.3822,2.1212,18.0,0.0,0.0,BENIGN_WEB
13.9771,23.0,8.0,15.0,15553.23,2191.31,13361.92,1112.77,1.65,-0.7182,676.23,424.9,40.0,1441.04,728.34,694.9,0.3333,607.7,1031.25,121.54,1336.94,1.697,0.0895,4.418,2.9508,20.0,0.0,0.0,BENIGN_WEB
87.5273,11.0,5.0,6.0,4447.49,2604.42,1843.07,50.81,0.13,0.1712,404.32,136.45,199.64,649.93,385.26,354.22,0.53,6855.53,203.04,1371.11,15082.17,0.0296,0.9104,2.8392,4.13,27.0,0.0,1.0,C2_BEACONING
25.3178,82.0,32.0,50.0,82844.65,12961.67,69882.98,3272.19,3.24,-0.6871,1010.3,507.58,248.92,1500.0,981.18,966.52,0.5324,308.75,218.38,61.75,679.26,0.7073,0.1,4.356,2.2391,16.0,0.0,0.0,BENIGN_WEB
29.32,33.0,11.0,22.0,28191.84,5518.98,22672.86,961.52,1.13,-0.6085,854.3,571.93,40.0,1500.0,955.63,823.69,0.5477,888.49,1305.82,177.7,1954.67,1.4697,0.1331,4.1383,2.4661,12.0,0.0,0.0,BENIGN_WEB
36.9017,1057.0,953.0,104.0,1497596.34,1374265.28,123331.06,40583.45,28.64,0.8353,1416.84,114.76,1244.69,1500.0,1354.9,1331.74,0.3553,44.86,28.3,8.97,98.7,0.6309,0.1777,2.5902,3.4146,18.0,1.0,0.0,DATA_EXFILTRATION
36.2941,989.0,814.0,175.0,1254957.01,1176354.55,78602.46,34577.41,27.25,0.8747,1268.92,178.88,1000.6,1500.0,1083.28,1157.4,0.2492,28.55,6.88,5.71,62.81,0.2409,0.2793,2.7856,3.4737,18.0,0.0,0.0,DATA_EXFILTRATION
95.2182,23.0,11.0,12.0,4694.57,2139.15,2555.41,49.3,0.24,-0.0887,204.11,49.36,130.07,292.96,202.68,213.69,0.5043,7127.0,126.57,1425.4,15679.39,0.0178,0.9688,2.3132,3.7111,17.0,1.0,0.0,C2_BEACONING
13.8305,56.0,22.0,34.0,49689.03,7196.92,42492.1,3592.71,4.05,-0.7103,887.3,379.24,318.45,1500.0,937.93,933.06,0.3795,246.97,198.73,49.39,543.34,0.8047,0.036,5.0682,2.6295,11.0,0.0,0.0,BENIGN_WEB
29.4194,77.0,24.0,53.0,64173.63,18013.81,46159.81,2181.34,2.62,-0.4386,833.42,526.37,43.87,1500.0,924.45,890.95,0.3743,382.07,452.56,76.41,840.55,1.1845,0.0144,4.0666,2.7402,11.0,0.0,0.0,BENIGN_WEB
12.6617,70.0,27.0,43.0,56091.84,13705.29,42386.55,4430.04,5.53,-0.5113,801.31,417.06,175.73,1500.0,785.19,751.94,0.1941,180.88,215.04,36.18,397.94,1.1889,0.0265,4.2611,2.987,15.0,0.0,0.0,BENIGN_WEB
21.1363,185.0,166.0,19.0,240656.67,225528.46,15128.21,11385.93,8.75,0.8743,1300.85,198.07,1003.74,1500.0,1385.01,1464.82,0.4185,12.37,7.02,2.47,27.21,0.5676,0.2039,2.5562,2.9424,28.0,0.0,0.0,DATA_EXFILTRATION
29.7026,874.0,721.0,153.0,1105253.66,989771.08,115482.58,37210.64,29.43,0.791,1264.59,179.72,995.01,1500.0,1128.66,1240.03,0.5509,44.91,21.01,8.98,98.8,0.4678,0.1263,2.4574,3.3158,20.0,0.0,1.0,DATA_EXFILTRATION
83.5861,15.0,7.0,8.0,5843.78,3354.36,2489.42,69.91,0.18,0.148,389.59,46.34,320.08,472.99,379.23,428.52,0.3465,24328.29,611.57,4865.66,53522.25,0.0251,0.9069,2.3026,3.6762,24.0,0.0,1.0,C2_BEACONING
4.4443,82.0,26.0,56.0,85189.2,16687.37,68501.83,19168.21,18.45,-0.6082,1038.89,570.69,182.86,1500.0,963.89,908.9,0.2768,54.2,51.08,10.84,119.24,0.9425,0.077,4.4834,3.0265,11.0,0.0,0.0,BENIGN_WEB
50.3284,267.0,220.0,47.0,357512.53,332213.58,25298.96,7103.59,5.31,0.8585,1339.0,256.38,954.43,1500.0,1149.0,1422.59,0.3605,24.73,8.61,4.95,54.4,0.3481,0.1814,2.3476,3.4162,17.0,0.0,0.0,DATA_EXFILTRATION
23.9217,1558.0,1402.0,156.0,2033524.67,1980913.37,52611.3,85007.42,65.13,0.9483,1305.21,176.47,1040.5,1500.0,1398.67,1110.33,0.2307,35.49,16.16,7.1,78.07,0.4553,0.1983,2.1777,3.2579,25.0,1.0,1.0,DATA_EXFILTRATION
34.5357,977.0,886.0,91.0,1393589.83,1322225.95,71363.87,40352.2,28.29,0.8976,1426.4,260.15,1036.17,1500.0,1567.45,1378.36,0.5165,24.67,15.69,4.93,54.28,0.6358,0.2532,2.7079,3.0917,15.0,0.0,0.0,DATA_EXFILTRATION
28.2903,83.0,30.0,53.0,60761.21,16352.78,44408.43,2147.78,2.93,-0.4617,732.06,519.74,40.0,1500.0,841.15,754.49,0.2456,340.85,442.69,68.17,749.86,1.2988,0.0469,4.0113,2.8647,12.0,0.0,0.0,BENIGN_WEB
20.7975,64.0,24.0,40.0,50673.02,11092.27,39580.75,2436.5,3.08,-0.5622,791.77,569.26,40.0,1500.0,754.61,728.72,0.42,324.96,464.35,64.99,714.91,1.4289,0.0265,4.0935,2.2692,9.0,0.0,0.0,BENIGN_WEB
23.203,39.0,11.0,28.0,41199.13,7880.81,33318.33,1775.59,1.68,-0.6174,1056.39,547.31,235.42,1500.0,1019.2,1026.89,0.2764,594.95,735.37,118.99,1308.89,1.236,0.0999,4.4666,2.8007,16.0,0.0,0.0,BENIGN_WEB
43.2607,22.0,11.0,11.0,7870.04,3503.11,4366.93,181.92,0.51,-0.1098,357.73,77.58,241.36,497.37,333.49,390.69,0.237,22384.95,462.82,4476.99,49246.89,0.0207,0.8921,2.745,3.4799,25.0,1.0,1.0,C2_BEACONING
15.7162,46.0,18.0,28.0,36322.5,4243.05,32079.45,2311.15,2.93,-0.7664,789.62,376.14,225.41,1466.68,673.33,861.84,0.3307,341.66,424.78,68.33,751.64,1.2433,0.118,3.7457,2.3308,12.0,0.0,0.0,BENIGN_WEB
17.1683,39.0,15.0,24.0,35375.22,5192.06,30183.16,2060.49,2.27,-0.7065,907.06,470.35,201.54,1500.0,1010.52,939.78,0.4212,440.21,382.94,88.04,968.47,0.8699,0.1103,3.6749,2.9903,19.0,0.0,0.0,BENIGN_WEB
33.0926,10.0,5.0,5.0,3565.2,1608.96,1956.24,107.73,0.3,-0.0974,356.52,71.49,249.28,485.21,308.73,333.61,0.4456,25194.43,1754.49,5038.89,55427.75,0.0696,0.9579,3.0317,4.2317,19.0,1.0,1.0,C2_BEACONING
48.4182,8.0,4.0,4.0,1864.32,982.07,882.24,38.5,0.17,0.0535,233.04,62.5,139.28,345.55,234.96,224.66,0.2271,14662.75,635.78,2932.55,32258.04,0.0434,0.9152,2.1297,3.7574,15.0,1.0,0.0,C2_BEACONING
28.8732,25.0,12.0,13.0,6171.61,3771.12,2400.49,213.75,0.87,0.2221,246.86,86.87,116.56,403.23,219.54,244.87,0.5431,9471.52,522.09,1894.3,20837.34,0.0551,0.9822,2.8463,3.7506,26.0,0.0,0.0,C2_BEACONING
8.988,1552.0,1310.0,242.0,2212077.66,2007786.58,204291.08,246113.86,172.67,0.8153,1425.31,197.53,1129.01,1500.0,1339.43,1601.27,0.5923,16.56,9.52,3.31,36.44,0.5747,0.2662,2.2361,3.3545,28.0,1.0,0.0,DATA_EXFILTRATION
14.7217,43.0,17.0,26.0,36951.54,3677.93,33273.61,2510.01,2.92,-0.8009,859.34,378.06,292.25,1500.0,950.29,771.49,0.3434,342.37,425.47,68.47,753.2,1.2427,0.0568,4.6677,2.7382,10.0,0.0,0.0,BENIGN_WEB
88.2738,25.0,12.0,13.0,8888.71,3935.7,4953.0,100.69,0.28,-0.1144,355.55,122.53,171.76,576.09,408.81,383.26,0.3508,26563.05,1575.25,5312.61,58438.71,0.0593,0.9758,2.8304,3.8064,25.0,0.0,0.0,C2_BEACONING
5.1636,64.0,22.0,42.0,48277.15,13097.48,35179.67,9349.48,12.39,-0.4574,754.33,359.53,215.03,1401.49,813.72,657.84,0.3805,80.68,94.74,16.14,177.5,1.1743,0.0453,4.699,2.518,9.0,0.0,0.0,BENIGN_WEB
78.0756,22.0,11.0,11.0,6446.43,2914.87,3531.56,82.57,0.28,-0.0957,293.02,121.78,110.36,512.22,317.88,334.96,0.3784,6800.69,231.15,1360.14,14961.52,0.034,0.9707,2.981,3.5149,29.0,0.0,0.0,C2_BEACONING
8.6554,58.0,23.0,35.0,44822.69,4580.6,40242.09,5178.55,6.7,-0.7956,772.81,568.76,40.0,1500.0,671.79,866.04,0.5551,149.23,240.43,29.85,328.31,1.6111,0.0817,4.9293,2.1556,8.0,0.0,0.0,BENIGN_WEB
46.9663,13.0,6.0,7.0,3203.23,1910.8,1292.44,68.2,0.28,0.193,246.4,128.07,54.3,476.93,210.14,225.45,0.3161,12268.47,1037.75,2453.69,26990.64,0.0846,0.9312,2.642,3.7685,25.0,1.0,0.0,C2_BEACONING
22.4673,73.0,28.0,45.0,77588.42,9165.84,68422.58,3453.39,3.25,-0.7637,1062.86,505.92,303.98,1500.0,1072.21,1210.89,0.4338,307.77,370.22,61.55,677.1,1.2029,0.1308,3.8681,2.5479,13.0,0.0,0.0,BENIGN_WEB
97.7254,15.0,7.0,8.0,5193.38,3088.79,2104.59,53.14,0.15,0.1895,346.23,49.57,271.87,435.45,343.3,343.9,0.3006,21425.34,1229.58,4285.07,47135.74,0.0574,0.9666,2.6442,4.2478,31.0,1.0,0.0,C2_BEACONING
10.7677,19.0,6.0,13.0,19460.79,3387.23,16073.55,1807.32,1.76,-0.6519,1024.25,550.05,199.18,1500.0,941.97,1075.2,0.532,566.72,940.11,113.34,1246.79,1.6589,0.0736,4.0229,2.3311,21.0,0.0,0.0,BENIGN_WEB
40.8135,688.0,570.0,118.0,932579.41,860845.04,71734.37,22849.81,16.86,0.8462,1355.49,237.93,998.59,1500.0,1236.85,1230.82,0.4398,33.91,16.18,6.78,74.6,0.4772,0.2704,2.005,3.2312,21.0,1.0,1.0,DATA_EXFILTRATION
30.6148,22.0,8.0,14.0,19258.67,2409.46,16849.21,629.06,0.72,-0.7498,875.39,396.35,280.86,1500.0,889.56,881.35,0.5875,1391.58,2180.05,278.32,3061.48,1.5666,0.1048,3.7971,2.4178,9.0,0.0,0.0,BENIGN_WEB
14.3704,1192.0,942.0,250.0,1631605.45,1612098.84,19506.62,113539.54,82.95,0.9761,1368.8,118.03,1191.75,1500.0,1172.34,1440.69,0.4487,16.88,6.98,3.38,37.14,0.4136,0.242,2.3138,3.621,16.0,0.0,1.0,DATA_EXFILTRATION
15.7229,56.0,22.0,34.0,60286.27,17130.35,43155.91,3834.29,3.56,-0.4317,1076.54,331.79,578.86,1500.0,949.46,1108.23,0.6187,280.77,221.0,56.15,617.69,0.7871,0.1014,3.6391,2.1179,21.0,0.0,0.0,BENIGN_WEB
16.8124,75.0,28.0,47.0,70956.03,19132.9,51823.13,4220.45,4.46,-0.4607,946.08,459.02,257.55,1500.0,903.49,966.12,0.5588,224.17,384.94,44.83,493.17,1.7172,0.0262,4.0532,2.8036,16.0,0.0,0.0,BENIGN_WEB
4.7651,36.0,12.0,24.0,38737.22,8876.33,29860.89,8129.34,7.55,-0.5417,1076.03,428.36,433.5,1500.0,1103.67,1073.37,0.3415,132.36,99.41,26.47,291.2,0.751,0.0767,3.9565,2.7128,18.0,0.0,0.0,BENIGN_WEB
105.2695,19.0,9.0,10.0,4138.39,2155.74,1982.66,39.31,0.18,0.0418,217.81,125.37,40.0,443.47,207.09,199.34,0.4274,5011.12,520.88,1002.22,11024.46,0.1039,0.8959,2.7383,3.6859,28.0,1.0,0.0,C2_BEACONING
19.6984,1363.0,1128.0,235.0,1818309.51,1741116.21,77193.3,92307.55,69.19,0.9151,1334.05,172.71,1074.98,1500.0,1498.19,1376.99,0.581,44.95,11.35,8.99,98.89,0.2526,0.2209,2.7668,3.7375,14.0,0.0,0.0,DATA_EXFILTRATION
54.2128,25.0,12.0,13.0,4909.1,3012.44,1896.66,90.55,0.46,0.2273,196.36,116.69,40.0,406.41,225.24,199.43,0.2466,17386.83,1040.3,3477.37,38251.03,0.0598,0.9253,2.9752,3.7968,29.0,1.0,0.0,C2_BEACONING
24.6201,84.0,29.0,55.0,52546.77,12568.41,39978.36,2134.31,3.41,-0.5216,625.56,549.45,40.0,1500.0,702.59,665.95,0.5446,293.1,305.83,58.62,644.81,1.0434,0.0532,4.0197,2.1148,13.0,0.0,0.0,BENIGN_WEB
26.8392,15.0,4.0,11.0,13139.77,2971.61,10168.16,489.57,0.56,-0.5477,875.98,321.16,394.24,1454.08,899.42,884.87,0.2317,1789.28,1252.88,357.86,3936.42,0.7002,0.026,4.8258,2.9889,21.0,0.0,0.0,BENIGN_WEB
26.1634,42.0,15.0,27.0,43213.18,5181.88,38031.3,1651.67,1.61,-0.7602,1028.89,436.34,374.37,1500.0,1127.54,1007.96,0.5801,622.94,573.94,124.59,1370.46,0.9213,0.0154,4.5457,2.5489,20.0,0.0,0.0,BENIGN_WEB
70.2813,23.0,11.0,12.0,9148.16,5173.36,3974.8,130.16,0.33,0.131,397.75,119.11,219.08,612.14,435.37,406.53,0.4777,10010.76,430.93,2002.15,22023.68,0.043,0.8866,2.807,3.806,24.0,1.0,1.0,C2_BEACONING
55.078,15.0,7.0,8.0,4445.22,2457.61,1987.61,80.71,0.27,0.1057,296.35,129.5,102.1,529.45,325.28,291.37,0.2392,11586.2,974.13,2317.24,25489.64,0.0841,0.9677,3.0285,3.5966,33.0,1.0,0.0,C2_BEACONING
37.5832,17.0,8.0,9.0,6776.11,3946.4,2829.72,180.3,0.45,0.1648,398.59,51.02,322.06,490.43,383.93,404.44,0.5424,17605.83,366.69,3521.17,38732.83,0.0208,0.9608,2.6529,4.1676,16.0,0.0,0.0,C2_BEACONING
22.8729,53.0,19.0,34.0,45133.34,5222.08,39911.27,1973.23,2.32,-0.7686,851.57,372.38,293.0,1500.0,873.81,842.1,0.479,431.56,439.18,86.31,949.44,1.0177,0.1363,4.2871,2.4839,15.0,0.0,0.0,BENIGN_WEB
23.3488,39.0,14.0,25.0,28807.33,3138.53,25668.8,1233.78,1.67,-0.7821,738.65,480.5,40.0,1500.0,762.86,765.44,0.2456,598.69,847.13,119.74,1317.11,1.415,0.1055,4.3786,2.3926,15.0,0.0,0.0,BENIGN_WEB
76.476,12.0,6.0,6.0,3069.11,2010.89,1058.22,40.13,0.16,0.3104,255.76,129.92,60.88,489.61,273.98,253.06,0.5529,15237.74,1028.58,3047.55,33523.03,0.0675,0.9654,2.7909,3.8883,24.0,1.0,0.0,C2_BEACONING
101.5459,9.0,4.0,5.0,3607.02,1898.31,1708.71,35.52,0.09,0.0526,400.78,45.58,332.41,482.82,458.57,353.82,0.201,11808.86,759.47,2361.77,25979.48,0.0643,0.9855,2.2224,3.5866,15.0,1.0,0.0,C2_BEACONING
12.6922,77.0,25.0,52.0,51727.28,8572.26,43155.01,4075.52,6.07,-0.6686,671.78,377.98,104.82,1352.14,626.56,698.09,0.3416,164.83,148.31,32.97,362.63,0.8997,0.129,4.9717,2.9195,14.0,0.0,0.0,BENIGN_WEB
30.8542,1477.0,1176.0,301.0,1877233.66,1810666.32,66567.34,60842.0,47.87,0.9291,1270.98,191.9,983.13,1500.0,1347.34,1243.59,0.2066,11.58,2.97,2.32,25.48,0.2569,0.2708,2.75,3.6792,22.0,1.0,0.0,DATA_EXFILTRATION
45.7533,16.0,8.0,8.0,4404.8,2753.79,1651.01,96.27,0.35,0.2504,275.3,129.05,81.72,507.6,251.18,289.48,0.378,7196.82,437.35,1439.36,15833.0,0.0608,0.9229,2.855,3.8712,30.0,1.0,0.0,C2_BEACONING
85.0163,18.0,9.0,9.0,6386.89,3095.61,3291.28,75.13,0.21,-0.0306,354.83,132.01,156.81,592.45,325.31,347.26,0.6121,14408.36,1150.01,2881.67,31698.4,0.0798,0.9414,2.9556,3.7105,21.0,1.0,1.0,C2_BEACONING
14.9904,74.0,25.0,49.0,62970.29,6462.29,56507.99,4200.72,4.94,-0.7948,850.95,483.97,125.0,1500.0,731.15,798.79,0.3472,202.57,290.22,40.51,445.66,1.4327,0.0639,3.8463,2.5462,14.0,0.0,0.0,BENIGN_WEB
24.4246,83.0,29.0,54.0,80674.43,23304.12,57370.31,3302.99,3.4,-0.4223,971.98,455.41,288.86,1500.0,1105.44,858.31,0.4616,294.27,372.14,58.85,647.4,1.2646,0.0609,3.7164,2.9616,21.0,0.0,0.0,BENIGN_WEB
108.0111,25.0,12.0,13.0,8521.03,4942.24,3578.78,78.89,0.23,0.16,340.84,122.49,157.11,561.32,364.6,358.83,0.2511,22852.19,673.7,4570.44,50274.83,0.0295,0.9597,3.0548,3.6795,15.0,1.0,0.0,C2_BEACONING
39.6611,1230.0,1079.0,151.0,1750527.12,1649416.59,101110.53,44137.09,31.01,0.8845,1423.19,249.48,1048.98,1500.0,1443.67,1230.03,0.2176,31.52,17.49,6.3,69.35,0.5549,0.1835,2.471,2.9241,26.0,1.0,1.0,DATA_EXFILTRATION
31.1972,34.0,11.0,23.0,26520.68,4115.49,22405.19,850.1,1.09,-0.6896,780.02,568.84,40.0,1500.0,798.55,810.79,0.4484,917.56,1008.6,183.51,2018.64,1.0992,0.1245,3.6716,2.6344,10.0,0.0,0.0,BENIGN_WEB
5.5778,41.0,14.0,27.0,34929.83,10092.41,24837.42,6262.33,7.35,-0.4221,851.95,452.23,173.6,1500.0,760.82,771.64,0.4405,136.04,99.15,27.21,299.29,0.7288,0.0633,5.014,2.2276,21.0,0.0,0.0,BENIGN_WEB
8.0125,59.0,20.0,39.0,61104.97,8555.75,52549.22,7626.25,7.36,-0.72,1035.68,496.98,290.21,1500.0,1023.97,1159.49,0.2223,135.8,234.37,27.16,298.77,1.7258,0.0924,4.3079,2.5475,14.0,0.0,0.0,BENIGN_WEB
33.6732,251.0,221.0,30.0,311233.75,283765.48,27468.27,9242.77,7.45,0.8235,1239.98,160.11,999.81,1500.0,1134.79,1117.11,0.5337,29.87,18.97,5.97,65.71,0.635,0.1874,1.9467,2.9725,16.0,0.0,1.0,DATA_EXFILTRATION
59.8308,11.0,5.0,6.0,2636.7,1571.04,1065.65,44.07,0.18,0.1917,239.7,88.52,106.91,399.04,209.57,225.16,0.3857,6525.84,450.93,1305.17,14356.85,0.0691,0.9891,3.0917,4.2306,18.0,1.0,0.0,C2_BEACONING
66.2093,15.0,7.0,8.0,5083.47,2783.85,2299.62,76.78,0.23,0.0953,338.9,115.48,165.68,546.76,388.62,339.32,0.5173,25036.11,901.6,5007.22,55079.44,0.036,0.9617,3.047,3.9574,22.0,1.0,0.0,C2_BEACONING
24.0649,72.0,24.0,48.0,64117.21,14877.42,49239.79,2664.35,2.99,-0.5359,890.52,523.03,105.98,1500.0,762.5,870.82,0.5896,334.23,264.97,66.85,735.32,0.7928,0.0842,4.8193,2.6797,12.0,0.0,0.0,BENIGN_WEB
23.1268,709.0,572.0,137.0,1008605.59,947447.16,61158.43,43612.07,30.66,0.8787,1422.57,151.34,1195.57,1500.0,1398.17,1431.35,0.4878,23.82,13.52,4.76,52.41,0.5675,0.2225,2.6428,3.3171,21.0,0.0,0.0,DATA_EXFILTRATION
21.0011,53.0,21.0,32.0,40217.23,3924.49,36292.74,1915.0,2.52,-0.8048,758.82,343.26,243.93,1376.68,729.98,682.3,0.3161,396.25,514.35,79.25,871.75,1.2981,0.0382,4.6279,2.9907,11.0,0.0,0.0,BENIGN_WEB
6.0278,26.0,9.0,17.0,17569.63,2759.67,14809.95,2914.79,4.31,-0.6859,675.75,480.02,40.0,1500.0,698.5,614.3,0.1825,231.84,263.73,46.37,510.04,1.1376,0.0943,4.5734,2.9974,10.0,0.0,0.0,BENIGN_WEB
50.2414,24.0,12.0,12.0,7620.79,3676.13,3944.67,151.68,0.48,-0.0352,317.53,115.79,143.85,525.95,278.62,346.86,0.232,22694.88,905.56,4538.98,49928.74,0.0399,0.8995,2.577,4.0821,33.0,1.0,0.0,C2_BEACONING
24.2052,57.0,22.0,35.0,56243.7,15209.95,41033.75,2323.62,2.35,-0.4591,986.73,405.72,378.15,1500.0,1128.18,880.84,0.2454,424.65,727.31,84.93,934.24,1.7127,0.0621,4.9615,2.4309,9.0,0.0,0.0,BENIGN_WEB
93.1093,17.0,8.0,9.0,4027.63,1920.65,2106.98,43.26,0.18,-0.0463,236.92,55.56,153.58,336.93,223.92,220.59,0.5307,18070.08,1463.93,3614.02,39754.18,0.081,0.9727,3.0042,3.4628,17.0,0.0,1.0,C2_BEACONING
31.4548,1137.0,981.0,156.0,1506567.46,1406530.14,100037.33,47896.26,36.15,0.8672,1325.04,168.3,1072.59,1500.0,1346.08,1132.02,0.3832,27.42,14.83,5.48,60.33,0.5408,0.1471,2.5005,3.4035,18.0,1.0,0.0,DATA_EXFILTRATION
40.4793,537.0,462.0,75.0,752066.51,743339.02,8727.49,18579.05,13.27,0.9768,1400.5,162.02,1157.47,1500.0,1464.0,1520.85,0.1955,27.16,10.37,5.43,59.75,0.382,0.1513,2.6737,3.3362,19.0,1.0,0.0,DATA_EXFILTRATION
24.0419,62.0,22.0,40.0,58883.25,7533.29,51349.96,2449.19,2.58,-0.7441,949.73,351.45,422.56,1500.0,1054.07,833.76,0.5929,387.77,447.62,77.55,853.1,1.1543,0.0626,3.8752,2.623,19.0,0.0,0.0,BENIGN_WEB
75.911,19.0,9.0,10.0,4645.62,2431.68,2213.94,61.2,0.25,0.0469,244.51,98.66,96.52,422.09,229.42,263.85,0.2239,25087.89,2079.18,5017.58,55193.37,0.0829,0.9331,2.8305,3.6476,26.0,0.0,0.0,C2_BEACONING
4.1997,36.0,13.0,23.0,38541.26,8136.81,30404.45,9177.21,8.57,-0.5778,1070.59,398.83,472.34,1500.0,1008.62,1158.43,0.4568,116.66,94.16,23.33,256.65,0.8071,0.0685,4.9748,2.6473,17.0,0.0,0.0,BENIGN_WEB
11.8526,482.0,378.0,104.0,639931.68,569781.85,70149.82,53990.65,40.67,0.7808,1327.66,238.05,970.58,1500.0,1310.9,1171.66,0.4647,27.12,9.69,5.42,59.67,0.3572,0.2224,2.6023,3.5095,26.0,1.0,0.0,DATA_EXFILTRATION
87.4631,16.0,8.0,8.0,4671.13,2718.26,1952.87,53.41,0.18,0.1639,291.95,123.91,106.08,514.99,322.27,303.96,0.2207,18433.91,1681.96,3686.78,40554.59,0.0912,0.9118,2.9108,3.5545,32.0,1.0,0.0,C2_BEACONING
27.5802,33.0,10.0,23.0,24917.2,3404.68,21512.52,903.44,1.2,-0.7267,755.07,526.12,40.0,1500.0,788.12,705.78,0.291,835.76,1286.18,167.15,1838.68,1.5389,0.13,3.6941,2.376,19.0,0.0,0.0,BENIGN_WEB
28.5188,83.0,32.0,51.0,77759.08,18319.25,59439.83,2726.59,2.91,-0.5288,936.86,548.75,113.73,1500.0,1008.28,872.87,0.2192,343.6,577.91,68.72,755.92,1.6819,0.0843,5.0324,3.0043,8.0,0.0,0.0,BENIGN_WEB
31.7961,288.0,263.0,25.0,354049.41,345960.3,8089.12,11135.0,9.06,0.9543,1229.34,149.47,1005.13,1498.39,1296.97,1169.63,0.2849,10.49,6.38,2.1,23.08,0.6082,0.2409,2.2865,3.26,19.0,0.0,1.0,DATA_EXFILTRATION
5.1672,65.0,22.0,43.0,51093.67,13075.38,38018.29,9887.98,12.58,-0.4882,786.06,469.01,82.55,1500.0,867.6,769.86,0.5252,79.5,97.65,15.9,174.89,1.2283,0.0294,5.0049,2.4783,17.0,0.0,0.0,BENIGN_WEB
42.2062,20.0,10.0,10.0,3929.76,2342.45,1587.31,93.11,0.47,0.1922,196.49,121.69,40.0,415.54,207.82,216.67,0.3578,8983.99,925.16,1796.8,19764.79,0.103,0.9359,2.2499,4.0728,21.0,1.0,0.0,C2_BEACONING
70.0953,19.0,9.0,10.0,7141.15,3700.97,3440.18,101.88,0.27,0.0365,375.85,81.59,253.46,522.71,335.37,399.97,0.3932,22020.4,1655.78,4404.08,48444.88,0.0752,0.8839,2.8214,3.9351,21.0,1.0,0.0,C2_BEACONING
15.6122,785.0,681.0,104.0,958041.02,925494.26,32546.76,61364.79,50.28,0.9321,1220.43,113.69,1049.9,1425.08,1171.61,1302.23,0.2191,17.6,9.08,3.52,38.72,0.5158,0.2156,2.3029,3.6724,25.0,0.0,0.0,DATA_EXFILTRATION
44.7678,17.0,8.0,9.0,6968.43,4321.61,2646.83,155.66,0.38,0.2403,409.91,75.26,297.02,545.37,427.96,380.68,0.5301,16272.36,1118.22,3254.47,35799.2,0.0687,0.9434,2.2068,4.1455,23.0,0.0,1.0,C2_BEACONING
41.3842,13.0,6.0,7.0,3874.23,1953.55,1920.68,93.62,0.31,0.0085,298.02,70.42,192.39,424.77,335.54,282.33,0.3749,10112.11,771.23,2022.42,22246.65,0.0763,0.979,2.8778,3.9499,33.0,0.0,0.0,C2_BEACONING
2.7763,38.0,10.0,28.0,23927.7,5086.28,18841.42,8618.59,13.69,-0.5749,629.68,378.96,61.23,1311.81,707.25,549.68,0.4378,73.06,108.8,14.61,160.73,1.4892,0.0978,4.016,3.0723,16.0,0.0,0.0,BENIGN_WEB
104.6817,21.0,10.0,11.0,6790.33,4153.88,2636.45,64.87,0.2,0.2235,323.35,74.89,211.01,458.16,371.51,275.47,0.311,21669.87,1345.39,4333.97,47673.71,0.0621,0.987,2.3753,3.9348,16.0,1.0,0.0,C2_BEACONING
21.6407,1562.0,1379.0,183.0,1937565.33,1853113.51,84451.81,89533.51,72.18,0.9128,1240.44,235.32,887.46,1500.0,1410.13,1261.9,0.4773,17.17,8.07,3.43,37.78,0.4701,0.1634,2.3072,2.9765,14.0,0.0,0.0,DATA_EXFILTRATION
21.3326,59.0,24.0,35.0,43088.05,9942.33,33145.72,2019.82,2.77,-0.5385,730.31,347.65,208.82,1356.08,683.86,653.53,0.4095,361.57,353.84,72.31,795.45,0.9786,0.1212,3.71,2.6704,15.0,0.0,0.0,BENIGN_WEB
21.8125,476.0,379.0,97.0,670458.56,626059.14,44399.42,30737.34,21.82,0.8676,1408.53,138.39,1200.94,1500.0,1571.9,1285.9,0.3046,39.08,21.46,7.82,85.97,0.5492,0.1781,2.7463,3.6375,17.0,1.0,0.0,DATA_EXFILTRATION
65.9056,8.0,4.0,4.0,2722.44,1311.98,1410.46,41.31,0.12,-0.0362,340.31,115.65,166.83,548.48,338.83,295.24,0.3008,4680.81,190.36,936.16,10297.79,0.0407,0.9251,2.5618,3.4507,18.0,1.0,0.0,C2_BEACONING
6.4875,38.0,11.0,27.0,39252.18,8320.46,30931.72,6050.42,5.86,-0.5761,1032.95,526.19,243.67,1500.0,1142.56,1038.67,0.199,170.72,250.54,34.14,375.59,1.4675,0.0704,4.5047,3.0727,15.0,0.0,0.0,BENIGN_WEB
22.5384,669.0,584.0,85.0,903360.31,858858.94,44501.37,40080.89,29.68,0.9015,1350.31,180.66,1079.33,1500.0,1240.43,1521.34,0.3167,16.82,6.44,3.36,37.0,0.3829,0.1788,2.4323,3.3376,24.0,1.0,0.0,DATA_EXFILTRATION
8.0875,79.0,28.0,51.0,74067.19,10635.0,63432.2,9158.21,9.77,-0.7128,937.56,497.29,191.62,1500.0,822.69,975.16,0.2389,102.37,89.54,20.47,225.22,0.8747,0.0649,4.019,2.4572,21.0,0.0,0.0,BENIGN_WEB
18.5339,69.0,25.0,44.0,67921.0,13702.65,54218.35,3664.7,3.72,-0.5965,984.36,384.89,407.03,1500.0,898.66,1049.45,0.2753,268.61,194.3,53.72,590.93,0.7234,0.0752,4.9976,2.4944,13.0,0.0,0.0,BENIGN_WEB
23.9709,80.0,32.0,48.0,64219.91,9851.32,54368.58,2679.08,3.34,-0.6932,802.75,505.04,45.19,1500.0,867.07,751.31,0.2787,299.64,235.97,59.93,659.2,0.7875,0.0204,4.6926,2.2911,20.0,0.0,0.0,BENIGN_WEB
78.9536,15.0,7.0,8.0,5321.87,3066.12,2255.75,67.4,0.19,0.1523,354.79,70.96,248.35,482.52,347.7,345.37,0.3679,21632.9,224.35,4326.58,47592.39,0.0104,0.9746,2.6178,4.1473,18.0,1.0,0.0,C2_BEACONING
38.9917,10.0,5.0,5.0,3721.09,1659.5,2061.59,95.43,0.26,-0.1081,372.11,101.4,220.0,554.64,402.46,406.72,0.6002,6479.28,287.28,1295.86,14254.42,0.0443,0.8946,2.3419,3.7749,20.0,1.0,1.0,C2_BEACONING
39.4147,742.0,596.0,146.0,946418.7,932596.16,13822.53,24011.8,18.83,0.9708,1275.5,226.12,936.31,1500.0,1463.29,1366.77,0.5795,42.21,22.81,8.44,92.87,0.5404,0.1938,2.4116,3.4711,15.0,1.0,0.0,DATA_EXFILTRATION
101.888,14.0,7.0,7.0,5501.37,2538.92,2962.45,53.99,0.14,-0.077,392.95,54.92,310.57,491.81,340.49,434.77,0.5003,19685.29,1026.42,3937.06,43307.65,0.0521,0.9779,2.1938,3.4809,25.0,0.0,0.0,C2_BEACONING
66.7485,16.0,8.0,8.0,6290.95,3015.73,3275.22,94.25,0.24,-0.0412,393.18,130.26,197.8,627.65,441.46,435.73,0.2567,19983.34,2085.64,3996.67,43963.36,0.1044,0.941,2.8225,3.7934,25.0,0.0,0.0,C2_BEACONING
63.5265,24.0,12.0,12.0,4868.07,2346.52,2521.55,76.63,0.38,-0.036,202.84,94.29,61.41,372.55,192.1,178.31,0.2981,22105.57,1800.5,4421.11,48632.25,0.0814,0.9625,2.2271,4.2385,21.0,1.0,0.0,C2_BEACONING
12.9899,23.0,6.0,17.0,16091.11,1948.7,14142.41,1238.74,1.77,-0.7578,699.61,553.42,40.0,1500.0,758.98,708.39,0.3249,564.78,665.29,112.96,1242.51,1.178,0.0777,4.4272,2.8106,17.0,0.0,0.0,BENIGN_WEB
23.1825,14.0,7.0,7.0,5359.64,3525.72,1833.91,231.19,0.6,0.3157,382.83,91.31,245.86,547.19,391.72,354.08,0.2179,19221.82,679.72,3844.36,42288.0,0.0354,0.9767,2.9074,4.0248,27.0,1.0,0.0,C2_BEACONING
34.8547,725.0,571.0,154.0,932922.62,855084.97,77837.66,26766.02,20.8,0.8331,1286.79,200.78,985.61,1500.0,1235.74,1381.11,0.518,33.8,12.99,6.76,74.36,0.3844,0.1687,2.6385,3.5457,14.0,1.0,0.0,DATA_EXFILTRATION
35.2976,202.0,185.0,17.0,258182.24,233620.77,24561.47,7314.45,5.72,0.8097,1278.13,174.5,1016.37,1500.0,1156.5,1372.73,0.3729,13.98,8.32,2.8,30.76,0.5953,0.1328,2.8329,3.708,14.0,0.0,0.0,DATA_EXFILTRATION
86.1537,15.0,7.0,8.0,5515.5,3500.87,2014.63,64.02,0.17,0.2695,367.7,89.21,233.89,528.27,386.42,394.82,0.4053,12558.11,640.09,2511.62,27627.85,0.051,0.9731,2.9818,3.469,24.0,0.0,1.0,C2_BEACONING
18.4624,50.0,16.0,34.0,51072.3,6778.52,44293.78,2766.28,2.71,-0.7346,1021.45,427.33,380.46,1500.0,925.33,1113.15,0.4518,369.25,448.13,73.85,812.35,1.2136,0.1197,4.5371,3.0255,16.0,0.0,0.0,BENIGN_WEB
29.6767,49.0,14.0,35.0,36205.37,4754.55,31450.83,1219.99,1.65,-0.7374,738.89,483.97,40.0,1500.0,715.8,757.76,0.5962,605.65,703.46,121.13,1332.42,1.1615,0.1281,3.8398,2.1784,21.0,0.0,0.0,BENIGN_WEB
85.5006,11.0,5.0,6.0,4223.62,2094.72,2128.9,49.4,0.13,-0.0081,383.97,78.5,266.22,525.26,389.45,419.37,0.5846,25847.09,521.42,5169.42,56863.59,0.0202,0.9317,2.7713,4.1271,19.0,1.0,0.0,C2_BEACONING
10.5887,1270.0,1119.0,151.0,1707166.73,1664492.48,42674.25,161224.74,119.94,0.95,1344.23,122.34,1160.71,1500.0,1336.81,1309.21,0.4991,45.2,24.7,9.04,99.44,0.5463,0.2277,2.8542,3.8159,19.0,1.0,1.0,DATA_EXFILTRATION
16.0752,19.0,6.0,13.0,15417.76,3326.03,12091.73,959.1,1.18,-0.5685,811.46,558.54,40.0,1500.0,860.48,798.18,0.613,846.06,805.41,169.21,1861.34,0.952,0.0343,3.8557,2.4948,11.0,0.0,0.0,BENIGN_WEB
14.0937,33.0,10.0,23.0,27767.39,3352.33,24415.06,1970.2,2.34,-0.7585,841.44,559.74,40.0,1500.0,768.87,914.51,0.4996,427.08,484.24,85.42,939.58,1.1338,0.045,4.6239,2.5156,17.0,0.0,0.0,BENIGN_WEB
21.3818,20.0,6.0,14.0,18636.84,4673.82,13963.02,871.62,0.94,-0.4984,931.84,438.67,273.83,1500.0,986.85,1036.07,0.3066,1069.09,1381.34,213.82,2352.0,1.2921,0.0292,3.7145,2.599,8.0,0.0,0.0,BENIGN_WEB
14.2424,83.0,29.0,54.0,73789.4,10663.74,63125.67,5180.96,5.83,-0.711,889.03,387.83,307.28,1500.0,994.72,836.9,0.4077,171.6,145.16,34.32,377.51,0.8459,0.0136,4.9888,2.3524,14.0,0.0,0.0,BENIGN_WEB
9.3666,43.0,12.0,31.0,28330.44,2817.81,25512.63,3024.61,4.59,-0.8011,658.85,462.9,40.0,1492.07,592.85,605.14,0.5534,217.83,344.98,43.57,479.22,1.5837,0.0933,3.7583,3.0076,13.0,0.0,0.0,BENIGN_WEB
80.4836,14.0,7.0,7.0,5533.14,3228.52,2304.61,68.75,0.17,0.167,395.22,137.35,189.21,642.45,373.99,452.5,0.2852,13150.13,1028.65,2630.03,28930.29,0.0782,0.9421,3.0341,3.8206,15.0,1.0,0.0,C2_BEACONING
17.3836,825.0,670.0,155.0,1158347.86,1109982.58,48365.27,66634.71,47.46,0.9165,1404.06,189.86,1119.26,1500.0,1582.64,1548.91,0.528,38.53,19.77,7.71,84.76,0.5132,0.2168,2.2317,3.3517,19.0,0.0,0.0,DATA_EXFILTRATION
29.7365,39.0,12.0,27.0,24355.15,5496.44,18858.7,819.03,1.31,-0.5486,624.49,427.43,40.0,1393.87,599.08,634.52,0.4541,762.48,1186.04,152.5,1677.45,1.5555,0.0995,4.531,3.0265,16.0,0.0,0.0,BENIGN_WEB
2.7635,58.0,20.0,38.0,37597.02,5644.24,31952.78,13604.7,20.99,-0.6998,648.22,547.29,40.0,1500.0,655.17,644.52,0.3494,47.65,37.35,9.53,104.82,0.7839,0.0171,4.1672,2.1612,19.0,0.0,0.0,BENIGN_WEB
6.6849,83.0,24.0,59.0,51792.59,13582.8,38209.79,7747.68,12.42,-0.4755,624.01,443.11,40.0,1421.6,685.08,537.22,0.2218,80.54,92.53,16.11,177.19,1.1488,0.0666,3.6771,2.7305,15.0,0.0,0.0,BENIGN_WEB
53.7749,909.0,818.0,91.0,1219974.81,1137708.87,82265.94,22686.69,16.9,0.8651,1342.11,211.79,1024.43,1500.0,1169.53,1163.04,0.5711,35.62,14.45,7.12,78.37,0.4056,0.2283,2.4519,3.0153,17.0,0.0,0.0,DATA_EXFILTRATION
22.9464,34.0,10.0,24.0,21635.09,4995.71,16639.38,942.85,1.48,-0.5382,636.33,519.54,40.0,1500.0,619.73,719.57,0.2199,674.89,537.4,134.98,1484.76,0.7963,0.0999,4.5371,2.9988,19.0,0.0,0.0,BENIGN_WEB
31.0878,74.0,29.0,45.0,76911.95,8568.29,68343.66,2474.03,2.38,-0.7772,1039.35,335.49,536.11,1500.0,929.29,924.26,0.4419,420.1,426.65,84.02,924.23,1.0156,0.0609,4.053,2.1405,8.0,0.0,0.0,BENIGN_WEB
16.7624,41.0,12.0,29.0,27869.95,4425.61,23444.34,1662.65,2.45,-0.6824,679.75,510.05,40.0,1500.0,678.85,616.28,0.3332,408.84,623.89,81.77,899.45,1.526,0.0335,3.8996,2.5698,11.0,0.0,0.0,BENIGN_WEB
20.882,40.0,14.0,26.0,28356.24,3984.2,24372.04,1357.93,1.92,-0.719,708.91,552.7,40.0,1500.0,632.42,782.44,0.3198,522.05,564.77,104.41,1148.51,1.0818,0.1025,3.8873,2.6906,19.0,0.0,0.0,BENIGN_WEB
14.1706,38.0,13.0,25.0,33977.11,6756.65,27220.47,2397.72,2.68,-0.6023,894.13,423.54,258.83,1500.0,795.96,1015.03,0.376,372.91,558.44,74.58,820.4,1.4975,0.0645,4.5247,2.1004,21.0,0.0,0.0,BENIGN_WEB
7.785,56.0,23.0,33.0,51232.93,9664.46,41568.47,6580.97,7.19,-0.6227,914.87,332.36,416.34,1500.0,957.02,894.85,0.2756,139.02,199.04,27.8,305.84,1.4318,0.0667,4.8041,2.2263,14.0,0.0,0.0,BENIGN_WEB
36.5294,1016.0,891.0,125.0,1344494.07,1259537.57,84956.5,36805.8,27.81,0.8736,1323.32,215.83,999.58,1500.0,1395.69,1384.61,0.188,35.85,10.57,7.17,78.87,0.295,0.184,2.816,2.9446,25.0,1.0,0.0,DATA_EXFILTRATION
9.3191,75.0,22.0,53.0,53537.25,9454.97,44082.28,5744.9,8.05,-0.6468,713.83,348.41,191.21,1340.97,790.46,630.52,0.4368,124.25,136.71,24.85,273.36,1.1002,0.1166,4.2585,3.0659,21.0,0.0,0.0,BENIGN_WEB
80.6725,24.0,12.0,12.0,8312.88,4050.63,4262.26,103.04,0.3,-0.0255,346.37,98.14,199.17,523.01,391.09,369.24,0.3228,9669.49,159.89,1933.9,21272.88,0.0165,0.962,2.6099,3.7351,25.0,0.0,0.0,C2_BEACONING
50.0139,1202.0,1080.0,122.0,1480038.53,1317489.74,162548.79,29592.51,24.03,0.7803,1231.31,181.55,959.0,1500.0,1165.49,1213.04,0.5893,37.05,11.04,7.41,81.51,0.298,0.2486,2.0197,2.9389,26.0,1.0,0.0,DATA_EXFILTRATION
18.9599,1556.0,1410.0,146.0,2046174.5,1823752.56,222421.94,107921.06,82.07,0.7826,1315.02,213.91,994.16,1500.0,1441.07,1479.8,0.5235,44.33,13.23,8.87,97.53,0.2985,0.1581,2.7621,3.1638,21.0,0.0,0.0,DATA_EXFILTRATION
28.5316,18.0,9.0,9.0,5427.63,2721.29,2706.34,190.23,0.63,0.0028,301.53,56.06,217.45,402.44,322.4,332.52,0.3038,18564.35,675.33,3712.87,40841.57,0.0364,0.9839,2.6856,3.4522,16.0,1.0,0.0,C2_BEACONING
56.2912,22.0,11.0,11.0,5930.31,3762.76,2167.55,105.35,0.39,0.269,269.56,91.42,132.43,434.11,289.04,284.83,0.2087,16760.59,489.32,3352.12,36873.3,0.0292,0.9386,2.8579,3.6253,17.0,1.0,1.0,C2_BEACONING
55.0471,8.0,4.0,4.0,2134.76,973.12,1161.65,38.78,0.15,-0.0883,266.85,115.3,93.9,474.38,249.95,245.28,0.2954,23798.12,2251.32,4759.62,52355.87,0.0946,0.9039,2.126,3.7145,27.0,1.0,0.0,C2_BEACONING
26.3342,55.0,21.0,34.0,45287.31,10694.64,34592.67,1719.72,2.09,-0.5277,823.41,552.56,40.0,1500.0,921.55,831.47,0.464,478.8,410.65,95.76,1053.37,0.8577,0.1278,4.4662,3.0259,20.0,0.0,0.0,BENIGN_WEB
87.444,10.0,5.0,5.0,3902.78,1996.66,1906.12,44.63,0.11,0.0232,390.28,133.53,189.99,630.63,444.51,417.69,0.3749,21250.13,2137.56,4250.03,46750.29,0.1006,0.9261,2.1608,4.005,17.0,1.0,0.0,C2_BEACONING
66.8967,20.0,10.0,10.0,6775.12,3147.05,3628.07,101.28,0.3,-0.071,338.76,102.95,184.33,524.06,378.87,385.45,0.3269,7047.14,714.08,1409.43,15503.72,0.1013,0.9456,2.6232,3.6266,28.0,0.0,0.0,C2_BEACONING
17.8619,520.0,419.0,101.0,703647.58,642584.86,61062.72,39393.71,29.11,0.8264,1353.17,114.08,1182.05,1500.0,1430.83,1377.37,0.369,43.38,15.31,8.68,95.44,0.3528,0.1331,2.0503,3.4147,16.0,1.0,0.0,DATA_EXFILTRATION
90.9146,11.0,5.0,6.0,4133.71,2458.9,1674.81,45.47,0.12,0.1897,375.79,50.89,299.46,467.39,333.26,399.11,0.2476,23133.69,2251.38,4626.74,50894.11,0.0973,0.886,2.7683,3.4983,26.0,1.0,0.0,C2_BEACONING
28.9433,38.0,13.0,25.0,25030.1,4146.65,20883.46,864.8,1.31,-0.6687,658.69,414.25,40.0,1404.35,750.2,596.2,0.4312,761.67,1202.72,152.33,1675.67,1.5791,0.0567,3.979,2.9412,14.0,0.0,0.0,BENIGN_WEB
31.4489,22.0,11.0,11.0,6444.31,3492.15,2952.16,204.91,0.7,0.0838,292.92,94.36,151.38,462.78,294.83,272.14,0.4357,22941.66,237.88,4588.33,50471.66,0.0104,0.8932,2.4949,3.6047,26.0,1.0,1.0,C2_BEACONING
71.1415,12.0,6.0,6.0,3912.09,2164.41,1747.68,54.99,0.17,0.1065,326.01,95.84,182.25,498.51,312.87,360.24,0.58,26863.82,1658.04,5372.76,59100.4,0.0617,0.8887,2.3054,3.6524,27.0,1.0,1.0,C2_BEACONING
2.1706,39.0,14.0,25.0,24379.49,6679.72,17699.77,11231.57,17.97,-0.452,625.12,468.33,40.0,1468.1,662.74,680.61,0.6109,55.66,62.24,11.13,122.45,1.1182,0.0114,4.274,2.7067,16.0,0.0,0.0,BENIGN_WEB
33.4276,1171.0,978.0,193.0,1483120.32,1467518.07,15602.25,44368.16,35.03,0.979,1266.54,246.37,896.98,1500.0,1422.49,1101.69,0.5827,43.97,25.79,8.79,96.74,0.5866,0.2187,2.2199,3.6297,29.0,1.0,0.0,DATA_EXFILTRATION
9.4671,54.0,18.0,36.0,54388.04,7387.34,47000.7,5744.94,5.7,-0.7283,1007.19,321.62,524.76,1500.0,1134.58,1048.97,0.407,175.32,160.56,35.06,385.7,0.9158,0.1346,4.1141,2.1897,21.0,0.0,0.0,BENIGN_WEB
26.7693,34.0,11.0,23.0,26560.92,5466.75,21094.17,992.22,1.27,-0.5884,781.2,338.51,273.43,1390.53,829.52,785.89,0.4254,787.33,659.49,157.47,1732.13,0.8376,0.0375,3.8793,2.6976,19.0,0.0,0.0,BENIGN_WEB
66.6759,11.0,5.0,6.0,2799.17,1544.74,1254.43,41.98,0.16,0.1037,254.47,86.6,124.57,410.35,288.57,221.3,0.2397,26894.67,634.27,5378.93,59168.28,0.0236,0.9443,2.8104,3.4701,22.0,1.0,0.0,C2_BEACONING
17.8205,72.0,24.0,48.0,62315.26,6936.29,55378.97,3496.82,4.04,-0.7774,865.49,323.37,380.44,1447.55,849.22,769.39,0.3439,247.51,284.09,49.5,544.52,1.1478,0.1014,4.3858,2.2136,10.0,0.0,0.0,BENIGN_WEB
19.5952,48.0,17.0,31.0,50327.89,6767.53,43560.36,2568.37,2.45,-0.7311,1048.5,399.23,449.65,1500.0,976.75,1180.07,0.275,408.23,291.64,81.65,898.12,0.7144,0.1221,4.6778,2.9527,19.0,0.0,0.0,BENIGN_WEB
17.0591,50.0,17.0,33.0,47796.66,11883.61,35913.05,2801.84,2.93,-0.5027,955.93,408.82,342.7,1500.0,1076.92,889.64,0.2884,341.18,441.23,68.24,750.6,1.2933,0.1221,4.2569,2.5886,18.0,0.0,0.0,BENIGN_WEB
32.6284,11.0,5.0,6.0,2249.02,1143.27,1105.75,68.93,0.34,0.0167,204.46,45.71,135.9,286.73,175.47,212.91,0.2321,6083.13,307.24,1216.63,13382.89,0.0505,0.8864,2.4104,3.8257,33.0,0.0,1.0,C2_BEACONING
10.1014,15.0,4.0,11.0,11740.12,1731.65,10008.48,1162.22,1.48,-0.705,782.67,438.78,124.51,1500.0,699.29,700.42,0.3704,673.43,1111.86,134.69,1481.54,1.651,0.1299,4.9547,3.0799,18.0,0.0,0.0,BENIGN_WEB
30.8047,62.0,19.0,43.0,56523.42,7896.25,48627.17,1834.9,2.01,-0.7206,911.67,484.03,185.62,1500.0,811.74,872.84,0.3357,496.85,437.64,99.37,1093.07,0.8808,0.0539,4.9277,2.9659,8.0,0.0,0.0,BENIGN_WEB
12.4649,30.0,9.0,21.0,19737.18,4539.67,15197.5,1583.42,2.41,-0.54,657.91,510.7,40.0,1500.0,684.9,604.72,0.6,415.5,692.18,83.1,914.09,1.6659,0.1,4.6074,2.3029,12.0,0.0,0.0,BENIGN_WEB
37.2162,21.0,10.0,11.0,6710.02,3376.36,3333.66,180.3,0.56,0.0064,319.52,120.64,138.57,536.67,352.97,312.29,0.5668,23694.02,738.66,4738.8,52126.83,0.0312,0.9271,3.0347,3.5058,23.0,0.0,1.0,C2_BEACONING
24.0407,23.0,11.0,12.0,8211.31,4210.02,4001.29,341.56,0.96,0.0254,357.01,77.08,241.4,495.75,369.11,386.08,0.5027,22733.76,1367.68,4546.75,50014.27,0.0602,0.9375,2.4685,4.2058,31.0,1.0,0.0,C2_BEACONING
45.0864,11.0,5.0,6.0,3900.05,2453.36,1446.69,86.5,0.24,0.2581,354.55,51.81,276.83,447.82,342.7,327.76,0.3582,9801.46,996.47,1960.29,21563.21,0.1017,0.9576,2.2669,3.957,32.0,1.0,0.0,C2_BEACONING
94.8066,10.0,5.0,5.0,2765.2,1719.59,1045.61,29.17,0.11,0.2437,276.52,135.5,73.28,520.41,310.16,260.13,0.511,27920.91,330.79,5584.18,61426.0,0.0118,0.9825,2.1371,4.1046,18.0,1.0,1.0,C2_BEACONING
22.7459,51.0,21.0,30.0,41015.93,11392.67,29623.26,1803.22,2.24,-0.4445,804.23,480.49,83.5,1500.0,689.84,724.51,0.4708,446.0,519.88,89.2,981.19,1.1657,0.0111,3.8697,2.4368,10.0,0.0,0.0,BENIGN_WEB
8.4076,51.0,19.0,32.0,46843.1,10426.66,36416.43,5571.52,6.07,-0.5548,918.49,360.34,377.98,1500.0,948.62,983.33,0.4078,164.85,171.77,32.97,362.68,1.0419,0.0162,4.6028,2.4058,9.0,0.0,0.0,BENIGN_WEB
74.9472,20.0,10.0,10.0,5369.87,2426.21,2943.66,71.65,0.27,-0.0964,268.49,110.39,102.91,467.19,284.94,275.81,0.4625,18386.11,1004.47,3677.22,40449.44,0.0546,0.8971,2.8884,3.6798,19.0,1.0,0.0,C2_BEACONING
16.0094,1188.0,1030.0,158.0,1455262.02,1352324.57,102937.45,90900.57,74.21,0.8585,1224.97,274.99,812.49,1500.0,1078.48,1260.6,0.3254,42.18,23.74,8.44,92.8,0.5627,0.2198,1.9199,3.2879,17.0,0.0,1.0,DATA_EXFILTRATION
14.7127,45.0,15.0,30.0,28476.87,2632.92,25843.96,1935.53,3.06,-0.8151,632.82,370.15,77.6,1299.09,561.88,709.36,0.3397,326.95,257.28,65.39,719.29,0.7869,0.0987,3.6473,2.5593,18.0,0.0,0.0,BENIGN_WEB
12.1473,43.0,15.0,28.0,40435.17,11336.79,29098.38,3328.75,3.54,-0.4393,940.35,572.31,81.89,1500.0,892.04,903.47,0.5639,282.49,429.53,56.5,621.49,1.5205,0.0698,4.521,2.8991,10.0,0.0,0.0,BENIGN_WEB
12.4469,891.0,807.0,84.0,1189528.11,1071170.27,118357.84,95568.1,71.58,0.801,1335.05,141.02,1123.52,1500.0,1253.69,1352.03,0.2192,25.21,10.1,5.04,55.46,0.4006,0.2575,2.1038,3.4873,17.0,1.0,0.0,DATA_EXFILTRATION
8.1323,75.0,25.0,50.0,64768.48,16191.38,48577.1,7964.34,9.22,-0.5,863.58,520.62,82.65,1500.0,779.43,860.54,0.4018,108.43,158.01,21.69,238.55,1.4572,0.1116,4.5743,2.8954,20.0,0.0,0.0,BENIGN_WEB
74.8717,12.0,6.0,6.0,3617.63,1592.14,2025.48,48.32,0.16,-0.1198,301.47,69.23,197.62,426.08,328.18,294.19,0.4479,7175.48,456.67,1435.1,15786.06,0.0636,0.8997,2.9238,3.7583,29.0,1.0,0.0,C2_BEACONING
36.1392,968.0,828.0,140.0,1239008.4,1162721.24,76287.16,34284.36,26.79,0.8769,1279.97,268.49,877.24,1500.0,1337.34,1182.52,0.2515,25.4,13.48,5.08,55.87,0.5307,0.1698,2.7476,3.1151,29.0,0.0,0.0,DATA_EXFILTRATION
29.0267,58.0,20.0,38.0,57657.71,11380.52,46277.18,1986.37,2.0,-0.6052,994.1,533.45,193.93,1500.0,1015.08,1025.94,0.3914,500.46,652.62,100.09,1101.01,1.304,0.0518,4.0464,2.3735,9.0,0.0,0.0,BENIGN_WEB
21.2678,65.0,26.0,39.0,48107.41,11039.22,37068.18,2261.99,3.06,-0.5411,740.11,400.43,139.48,1460.88,814.85,665.45,0.2851,327.2,317.54,65.44,719.83,0.9705,0.083,4.7137,2.9095,20.0,0.0,0.0,BENIGN_WEB
43.057,19.0,9.0,10.0,4123.13,2622.8,1500.33,95.76,0.44,0.2722,217.01,76.6,102.1,354.89,232.15,190.88,0.3968,9637.52,359.14,1927.5,21202.54,0.0373,0.9862,2.7634,3.6496,24.0,0.0,0.0,C2_BEACONING
16.4027,81.0,29.0,52.0,59303.36,14149.31,45154.05,3615.45,4.94,-0.5228,732.14,441.8,69.44,1500.0,825.31,709.6,0.3068,202.5,208.17,40.5,445.51,1.028,0.0245,4.4033,3.0179,16.0,0.0,0.0,BENIGN_WEB
4.303,68.0,22.0,46.0,48256.99,7932.15,40324.83,11214.69,15.8,-0.6713,709.66,356.35,175.14,1351.09,768.82,690.33,0.4457,63.28,62.84,12.66,139.22,0.993,0.0317,3.708,2.4995,14.0,0.0,0.0,BENIGN_WEB
90.5899,15.0,7.0,8.0,5312.88,2431.7,2881.18,58.65,0.17,-0.0846,354.19,46.37,284.63,437.66,303.2,365.19,0.5572,9774.13,721.21,1954.83,21503.09,0.0738,0.9269,2.4313,4.0093,19.0,1.0,0.0,C2_BEACONING
28.1205,56.0,17.0,39.0,40632.8,4967.78,35665.02,1444.95,1.99,-0.7555,725.59,346.98,205.11,1350.16,696.78,789.34,0.2923,502.15,652.61,100.43,1104.73,1.2996,0.1075,4.1835,2.2265,11.0,0.0,0.0,BENIGN_WEB
24.1303,59.0,22.0,37.0,41111.29,6422.95,34688.35,1703.72,2.45,-0.6875,696.8,475.69,40.0,1500.0,769.54,656.22,0.2934,408.99,435.67,81.8,899.77,1.0653,0.0833,3.7162,2.1096,18.0,0.0,0.0,BENIGN_WEB
13.9979,321.0,292.0,29.0,430027.82,420312.28,9715.54,30720.94,22.93,0.9548,1339.65,241.04,978.09,1500.0,1179.01,1450.17,0.2394,37.34,17.86,7.47,82.16,0.4783,0.2661,2.5224,3.7731,27.0,0.0,0.0,DATA_EXFILTRATION
26.8463,16.0,4.0,12.0,13280.56,3278.84,10001.72,494.69,0.6,-0.5062,830.03,481.6,107.63,1500.0,914.66,950.3,0.4436,1677.9,1283.85,335.58,3691.37,0.7652,0.074,3.6348,2.1998,10.0,0.0,0.0,BENIGN_WEB
38.3656,1578.0,1305.0,273.0,2071456.77,1982407.43,89049.34,53992.56,41.13,0.914,1312.71,235.53,959.42,1500.0,1285.86,1458.83,0.3748,17.53,8.72,3.51,38.57,0.4974,0.2019,2.3497,3.0586,23.0,0.0,0.0,DATA_EXFILTRATION
16.6337,30.0,8.0,22.0,26608.14,4619.57,21988.57,1599.65,1.8,-0.6528,886.94,418.75,258.82,1500.0,755.79,765.82,0.5689,554.46,427.95,110.89,1219.81,0.7718,0.0156,4.9021,2.247,13.0,0.0,0.0,BENIGN_WEB
20.0007,72.0,28.0,44.0,47095.05,4877.95,42217.1,2354.67,3.6,-0.7928,654.1,491.72,40.0,1500.0,720.93,572.58,0.5187,277.79,395.9,55.56,611.13,1.4252,0.1199,4.6669,2.7138,12.0,0.0,0.0,BENIGN_WEB
13.3254,343.0,267.0,76.0,449751.74,410300.23,39451.51,33751.35,25.74,0.8246,1311.23,271.64,903.77,1500.0,1208.36,1162.96,0.3139,43.98,19.45,8.8,96.75,0.4421,0.1699,2.6408,3.2312,15.0,1.0,1.0,DATA_EXFILTRATION
108.9591,9.0,4.0,5.0,3327.82,2139.99,1187.83,30.54,0.08,0.2861,369.76,134.72,167.68,612.25,331.36,407.06,0.534,6395.66,397.65,1279.13,14070.46,0.0622,0.9709,2.3601,3.6194,27.0,1.0,1.0,C2_BEACONING
95.5746,16.0,8.0,8.0,3964.89,1786.3,2178.58,41.48,0.17,-0.0989,247.81,136.56,42.97,493.61,275.82,256.83,0.4008,16021.88,1052.66,3204.38,35248.14,0.0657,0.979,2.5955,4.0927,29.0,1.0,1.0,C2_BEACONING
54.609,16.0,8.0,8.0,6248.04,4023.43,2224.62,114.41,0.29,0.2879,390.5,119.62,211.07,605.83,373.87,402.54,0.6142,21813.04,789.14,4362.61,47988.69,0.0362,0.9653,2.2094,3.8802,26.0,1.0,1.0,C2_BEACONING
23.0487,61.0,24.0,37.0,39946.03,5027.32,34918.71,1733.11,2.65,-0.7483,654.85,377.97,87.9,1335.2,638.36,732.44,0.4333,377.85,540.36,75.57,831.27,1.4301,0.0184,3.7233,2.142,17.0,0.0,0.0,BENIGN_WEB
24.6831,15.0,5.0,10.0,13741.77,1823.51,11918.26,556.73,0.61,-0.7346,916.12,546.16,96.89,1500.0,898.52,930.88,0.3228,1645.54,2403.25,329.11,3620.19,1.4605,0.0925,4.7969,2.6278,20.0,0.0,0.0,BENIGN_WEB
31.2729,10.0,5.0,5.0,2868.93,1759.3,1109.63,91.74,0.32,0.2265,286.89,113.16,117.15,490.58,321.72,310.27,0.2281,17181.55,1203.56,3436.31,37799.4,0.07,0.9722,2.418,4.2419,19.0,1.0,1.0,C2_BEACONING
29.2534,676.0,595.0,81.0,844657.23,810417.5,34239.73,28873.81,23.11,0.9189,1249.49,271.55,842.17,1500.0,1234.35,1233.38,0.5797,43.84,18.09,8.77,96.45,0.4127,0.1517,2.4018,3.5095,14.0,0.0,0.0,DATA_EXFILTRATION
31.9393,46.0,13.0,33.0,42170.11,6178.99,35991.12,1320.32,1.44,-0.7069,916.74,549.15,93.02,1500.0,803.68,813.39,0.3622,694.33,1022.41,138.87,1527.53,1.4725,0.1348,4.1893,2.5748,11.0,0.0,0.0,BENIGN_WEB
12.0001,65.0,18.0,47.0,70119.97,14256.13,55863.84,5843.27,5.42,-0.5934,1078.77,446.38,409.19,1500.0,965.43,1089.32,0.5699,184.62,131.79,36.92,406.16,0.7139,0.1038,4.201,2.4246,17.0,0.0,0.0,BENIGN_WEB
6.3403,49.0,17.0,32.0,42108.67,10090.8,32017.87,6641.4,7.73,-0.5207,859.36,455.05,176.79,1500.0,968.98,789.95,0.4593,129.39,164.43,25.88,284.67,1.2708,0.1193,4.2778,2.1387,8.0,0.0,0.0,BENIGN_WEB
30.2437,43.0,17.0,26.0,34384.44,5046.8,29337.64,1136.91,1.42,-0.7064,799.64,569.72,40.0,1500.0,857.96,881.69,0.3856,703.34,874.17,140.67,1547.35,1.2429,0.0312,4.7715,3.0255,13.0,0.0,0.0,BENIGN_WEB
27.6717,35.0,13.0,22.0,28468.97,4975.99,23492.98,1028.81,1.26,-0.6504,813.4,548.04,40.0,1500.0,839.35,887.85,0.3396,790.62,938.48,158.12,1739.36,1.187,0.0786,4.4699,2.4701,9.0,0.0,0.0,BENIGN_WEB
103.0909,8.0,4.0,4.0,2136.46,1288.96,847.5,20.72,0.08,0.2066,267.06,67.96,165.11,389.39,292.51,266.35,0.3464,16677.66,1613.29,3335.53,36690.85,0.0967,0.9025,3.0628,3.9488,31.0,1.0,0.0,C2_BEACONING
31.2005,17.0,8.0,9.0,6169.86,3043.46,3126.4,197.75,0.54,-0.0134,362.93,124.01,176.92,586.14,401.83,409.57,0.3189,19706.79,1703.35,3941.36,43354.94,0.0864,0.96,2.7947,3.9028,21.0,1.0,0.0,C2_BEACONING
27.9147,59.0,19.0,40.0,53740.33,9540.47,44199.86,1925.16,2.11,-0.6449,910.85,483.97,184.89,1500.0,809.88,1035.15,0.2126,473.13,622.71,94.63,1040.89,1.3161,0.0132,4.2799,2.8008,9.0,0.0,0.0,BENIGN_WEB
21.1913,67.0,22.0,45.0,68531.91,16768.3,51763.6,3233.96,3.16,-0.5106,1022.86,343.95,506.94,1500.0,926.11,944.62,0.2276,316.29,407.63,63.26,695.83,1.2888,0.1033,3.9896,2.9632,15.0,0.0,0.0,BENIGN_WEB
27.7969,56.0,20.0,36.0,46010.11,9105.61,36904.5,1655.22,2.01,-0.6042,821.61,451.36,144.57,1500.0,859.3,889.13,0.2319,496.37,806.36,99.27,1092.02,1.6245,0.1334,4.829,2.5591,12.0,0.0,0.0,BENIGN_WEB
6.338,322.0,273.0,49.0,407616.05,364451.8,43164.25,64313.0,50.8,0.7882,1265.89,205.17,958.14,1500.0,1391.53,1171.47,0.3493,16.12,5.69,3.22,35.47,0.3528,0.2546,2.2456,3.4685,15.0,0.0,0.0,DATA_EXFILTRATION
24.5873,73.0,25.0,48.0,49385.63,10419.07,38966.56,2008.58,2.97,-0.5781,676.52,449.51,40.0,1485.64,767.89,696.91,0.5501,336.81,306.78,67.36,740.99,0.9108,0.0458,4.7219,2.9009,17.0,0.0,0.0,BENIGN_WEB
28.7096,59.0,22.0,37.0,50459.75,6276.97,44182.78,1757.59,2.06,-0.7512,855.25,358.17,317.99,1499.96,794.53,812.82,0.5078,486.6,525.07,97.32,1070.53,1.0791,0.0514,3.6504,3.0301,14.0,0.0,0.0,BENIGN_WEB
65.997,17.0,8.0,9.0,6771.46,3241.06,3530.41,102.6,0.26,-0.0427,398.32,125.91,209.46,624.95,408.03,449.09,0.598,25285.76,2349.24,5057.15,55628.66,0.0929,0.9581,2.1316,3.5047,23.0,1.0,0.0,C2_BEACONING
25.2594,829.0,737.0,92.0,1139871.39,1108033.31,31838.08,45126.59,32.82,0.9441,1375.0,149.68,1150.48,1500.0,1566.15,1432.71,0.3585,15.28,9.9,3.06,33.61,0.648,0.1578,2.4489,3.7536,28.0,1.0,0.0,DATA_EXFILTRATION
13.1321,1184.0,1085.0,99.0,1564659.04,1480816.08,83842.97,119147.32,90.16,0.8928,1321.5,112.02,1153.47,1500.0,1492.43,1513.42,0.4794,12.93,4.09,2.59,28.44,0.3168,0.1535,2.1425,3.6069,25.0,1.0,1.0,DATA_EXFILTRATION
9.3227,78.0,31.0,47.0,80418.2,14282.99,66135.21,8626.05,8.37,-0.6448,1031.0,324.83,543.76,1500.0,1017.48,1000.73,0.2579,119.52,126.77,23.9,262.95,1.0607,0.1045,4.7246,2.2221,10.0,0.0,0.0,BENIGN_WEB
91.9529,18.0,9.0,9.0,6466.7,3915.69,2551.02,70.33,0.2,0.211,359.26,70.2,253.96,485.62,399.36,376.93,0.4787,13247.95,943.97,2649.59,29145.48,0.0713,0.9329,2.7104,3.6411,21.0,1.0,0.0,C2_BEACONING
48.8518,144.0,131.0,13.0,188026.64,168084.18,19942.47,3848.92,2.95,0.7879,1305.74,191.53,1018.44,1500.0,1240.93,1261.1,0.3835,34.6,21.65,6.92,76.12,0.6257,0.1783,2.4965,3.2393,28.0,0.0,1.0,DATA_EXFILTRATION
5.8819,34.0,13.0,21.0,26195.75,3524.91,22670.84,4453.63,5.78,-0.7309,770.46,555.05,40.0,1500.0,795.52,802.28,0.5458,173.0,166.25,34.6,380.59,0.961,0.1298,4.5794,2.2456,19.0,0.0,0.0,BENIGN_WEB
88.8118,9.0,4.0,5.0,1898.24,1182.51,715.74,21.37,0.1,0.2459,210.92,106.37,51.35,402.39,239.39,184.58,0.4345,6003.97,551.86,1200.79,13208.73,0.0919,0.886,2.904,3.786,15.0,0.0,1.0,C2_BEACONING
74.3838,24.0,12.0,12.0,7831.47,4790.63,3040.84,105.28,0.32,0.2234,326.31,71.24,219.45,454.54,353.81,308.08,0.5781,12813.75,381.37,2562.75,28190.25,0.0298,0.985,3.0879,4.2287,32.0,1.0,0.0,C2_BEACONING
25.9194,23.0,11.0,12.0,8113.86,3943.08,4170.78,313.04,0.89,-0.0281,352.78,80.85,231.5,498.31,374.26,310.73,0.4747,20775.17,1247.61,4155.03,45705.38,0.0601,0.9556,2.901,3.9814,17.0,1.0,1.0,C2_BEACONING
4.35,61.0,17.0,44.0,43723.04,7583.77,36139.26,10051.18,14.02,-0.6531,716.77,335.52,213.5,1320.7,665.88,647.44,0.552,71.31,84.91,14.26,156.89,1.1906,0.0473,3.6703,3.0885,19.0,0.0,0.0,BENIGN_WEB
29.3806,45.0,14.0,31.0,45147.61,7765.33,37382.28,1536.65,1.53,-0.656,1003.28,464.23,306.94,1500.0,1028.52,1077.37,0.5861,652.9,886.65,130.58,1436.38,1.358,0.0354,3.7708,2.6235,21.0,0.0,0.0,BENIGN_WEB
89.8289,10.0,5.0,5.0,2699.56,1548.36,1151.2,30.05,0.11,0.1471,269.96,125.34,81.94,495.57,246.03,299.13,0.4263,27595.39,1137.47,5519.08,60709.86,0.0412,0.8847,2.351,4.0465,25.0,0.0,0.0,C2_BEACONING
42.3094,1176.0,932.0,244.0,1492065.76,1354471.2,137594.56,35265.62,27.8,0.8156,1268.76,167.21,1017.95,1500.0,1103.14,1324.28,0.2186,28.69,15.92,5.74,63.13,0.5548,0.2633,1.9098,3.8239,20.0,1.0,0.0,DATA_EXFILTRATION
8.9444,45.0,18.0,27.0,35142.14,8369.7,26772.44,3928.96,5.03,-0.5237,780.94,448.54,108.13,1500.0,779.26,785.84,0.4768,198.76,208.96,39.75,437.28,1.0513,0.0158,4.1107,2.5778,15.0,0.0,0.0,BENIGN_WEB
29.1446,165.0,142.0,23.0,220359.45,201755.11,18604.34,7560.91,5.66,0.8311,1335.51,229.36,991.47,1500.0,1184.25,1366.99,0.3099,30.67,10.37,6.13,67.48,0.3379,0.183,2.7664,3.148,23.0,1.0,0.0,DATA_EXFILTRATION
84.4353,16.0,8.0,8.0,5864.77,2795.7,3069.07,69.46,0.19,-0.0466,366.55,72.8,257.35,497.59,356.33,396.46,0.5631,20944.77,846.18,4188.95,46078.49,0.0404,0.9485,2.5284,3.7935,20.0,1.0,1.0,C2_BEACONING
30.2016,18.0,5.0,13.0,14818.4,2041.58,12776.81,490.65,0.6,-0.7245,823.24,376.89,257.91,1500.0,883.95,853.81,0.4697,1677.87,2861.78,335.57,3691.31,1.7056,0.1037,3.7703,2.6916,16.0,0.0,0.0,BENIGN_WEB
86.4651,18.0,9.0,9.0,4133.41,1887.87,2245.54,47.8,0.21,-0.0865,229.63,52.28,151.21,323.74,250.58,240.02,0.3685,12380.39,986.43,2476.08,27236.85,0.0797,0.9487,2.2265,3.5822,33.0,0.0,0.0,C2_BEACONING
29.7174,75.0,21.0,54.0,61067.55,16670.96,44396.59,2054.94,2.52,-0.454,814.23,460.58,123.37,1500.0,849.68,758.3,0.3849,396.23,653.68,79.25,871.71,1.6497,0.0454,4.6627,2.3929,16.0,0.0,0.0,BENIGN_WEB
10.6235,30.0,11.0,19.0,24726.77,4559.15,20167.62,2327.56,2.82,-0.6312,824.23,558.91,40.0,1500.0,884.18,834.0,0.5915,354.12,596.53,70.82,779.05,1.6846,0.1397,4.5626,2.1008,21.0,0.0,0.0,BENIGN_WEB
40.3031,837.0,762.0,75.0,1036945.08,939055.17,97889.91,25728.66,20.77,0.8112,1238.88,243.11,874.22,1500.0,1268.72,1297.51,0.4077,11.39,6.21,2.28,25.06,0.5451,0.1613,2.0264,3.2875,27.0,1.0,1.0,DATA_EXFILTRATION
47.8111,12.0,6.0,6.0,3569.02,2148.87,1420.15,74.65,0.25,0.2042,297.42,104.17,141.17,484.92,301.71,311.49,0.5216,25773.06,679.76,5154.61,56700.73,0.0264,0.9157,2.9411,3.6019,15.0,1.0,0.0,C2_BEACONING
22.0247,77.0,29.0,48.0,69229.98,17371.58,51858.4,3143.29,3.5,-0.4981,899.09,363.89,353.26,1500.0,809.65,866.0,0.4696,286.04,361.63,57.21,629.28,1.2643,0.022,4.546,2.117,11.0,0.0,0.0,BENIGN_WEB
10.0109,74.0,27.0,47.0,60676.99,8263.64,52413.35,6061.12,7.39,-0.7276,819.96,334.17,318.71,1421.46,732.52,747.85,0.5461,135.28,223.74,27.06,297.62,1.6539,0.1178,4.4399,2.7478,14.0,0.0,0.0,BENIGN_WEB
9.0065,50.0,16.0,34.0,48833.23,10617.45,38215.78,5421.98,5.55,-0.5652,976.66,436.4,322.06,1500.0,889.39,987.46,0.2663,180.13,205.09,36.03,396.29,1.1385,0.1045,3.7256,2.7092,19.0,0.0,0.0,BENIGN_WEB
26.1903,10.0,5.0,5.0,4056.43,2431.27,1625.17,154.88,0.38,0.1987,405.64,108.75,242.52,601.39,397.82,386.51,0.4667,8321.15,865.78,1664.23,18306.53,0.104,0.9777,2.8634,3.6703,18.0,1.0,1.0,C2_BEACONING
26.9063,78.0,22.0,56.0,73939.84,19408.92,54530.92,2748.05,2.9,-0.475,947.95,578.07,80.84,1500.0,1050.25,819.88,0.3983,344.95,246.93,68.99,758.9,0.7158,0.0957,4.8616,2.346,19.0,0.0,0.0,BENIGN_WEB
18.4496,54.0,19.0,35.0,56131.84,11824.02,44307.81,3042.45,2.93,-0.5787,1039.48,333.82,538.74,1500.0,1021.14,1177.5,0.4524,341.66,569.67,68.33,751.65,1.6674,0.1391,5.0816,2.8731,16.0,0.0,0.0,BENIGN_WEB
31.5051,66.0,23.0,43.0,61607.04,15604.42,46002.62,1955.46,2.09,-0.4934,933.44,423.6,298.03,1500.0,1049.6,1026.46,0.4879,477.35,626.94,95.47,1050.17,1.3134,0.0109,4.8356,2.4665,14.0,0.0,0.0,BENIGN_WEB
8.861,50.0,16.0,34.0,42088.94,6248.07,35840.86,4749.91,5.64,-0.7031,841.78,462.54,147.97,1500.0,944.04,901.87,0.5351,177.22,202.08,35.44,389.88,1.1403,0.0582,5.0383,2.1294,21.0,0.0,0.0,BENIGN_WEB
32.5858,17.0,8.0,9.0,4603.55,2192.55,2411.0,141.27,0.52,-0.0475,270.8,123.24,85.94,492.63,268.79,254.84,0.3643,23133.01,2412.77,4626.6,50892.63,0.1043,0.959,2.1533,4.1255,17.0,1.0,0.0,C2_BEACONING
48.3593,23.0,11.0,12.0,8515.55,4509.46,4006.08,176.09,0.48,0.0591,370.24,48.2,297.95,456.99,336.56,338.56,0.5894,14417.78,338.64,2883.56,31719.12,0.0235,0.9369,2.5344,4.0864,32.0,0.0,0.0,C2_BEACONING
10.3253,753.0,673.0,80.0,1035278.57,957098.58,78179.99,100266.03,72.93,0.849,1374.87,144.66,1157.89,1500.0,1490.4,1386.86,0.359,28.62,15.94,5.72,62.96,0.5571,0.2495,2.4976,3.4616,25.0,1.0,0.0,DATA_EXFILTRATION
41.71,197.0,173.0,24.0,274295.23,270682.64,3612.59,6576.25,4.72,0.9737,1392.36,160.85,1151.09,1500.0,1300.72,1419.38,0.5004,39.61,17.92,7.92,87.15,0.4524,0.1895,2.7203,3.5933,22.0,1.0,0.0,DATA_EXFILTRATION
10.7253,63.0,19.0,44.0,39545.66,4103.64,35442.02,3687.14,5.87,-0.7925,627.71,434.55,40.0,1409.89,575.87,720.51,0.2096,170.24,132.52,34.05,374.53,0.7784,0.0662,4.0528,2.7833,15.0,0.0,0.0,BENIGN_WEB
54.858,1093.0,988.0,105.0,1461872.82,1311030.91,150841.91,26648.28,19.92,0.7936,1337.49,203.94,1031.57,1500.0,1504.92,1144.93,0.3745,26.99,16.22,5.4,59.37,0.601,0.2745,2.8777,3.0846,24.0,1.0,0.0,DATA_EXFILTRATION
29.5349,15.0,7.0,8.0,5052.44,3206.88,1845.56,171.07,0.51,0.2694,336.83,105.89,177.99,527.44,342.04,363.8,0.2796,11767.02,187.93,2353.4,25887.44,0.016,0.9866,2.6859,4.0226,27.0,1.0,1.0,C2_BEACONING
16.7395,64.0,26.0,38.0,47923.15,7851.68,40071.47,2862.89,3.82,-0.6723,748.8,550.0,40.0,1500.0,845.08,825.83,0.504,261.55,272.02,52.31,575.42,1.04,0.0138,3.8762,2.3777,13.0,0.0,0.0,BENIGN_WEB
31.8381,42.0,13.0,29.0,33122.11,5583.65,27538.46,1040.33,1.32,-0.6628,788.62,471.83,80.87,1500.0,709.53,678.63,0.3854,758.05,682.93,151.61,1667.71,0.9009,0.1363,3.7157,2.7927,15.0,0.0,0.0,BENIGN_WEB
50.1493,984.0,777.0,207.0,1300393.87,1239632.43,60761.45,25930.44,19.62,0.9065,1321.54,127.59,1130.15,1500.0,1442.27,1211.18,0.3188,16.03,5.06,3.21,35.26,0.3157,0.1462,2.53,3.8311,28.0,0.0,0.0,DATA_EXFILTRATION
102.2702,14.0,7.0,7.0,2674.85,1288.57,1386.28,26.15,0.14,-0.0365,191.06,112.34,40.0,393.27,218.34,163.53,0.2416,10447.62,910.18,2089.52,22984.77,0.0871,0.8952,2.9865,4.1653,17.0,1.0,0.0,C2_BEACONING
52.7709,14.0,7.0,7.0,4765.09,3017.06,1748.03,90.3,0.27,0.2663,340.36,104.82,183.14,529.03,371.5,319.03,0.6105,26381.04,2781.03,5276.21,58038.28,0.1054,0.9355,2.6877,3.8907,32.0,0.0,1.0,C2_BEACONING
41.4955,17.0,8.0,9.0,5546.79,3140.93,2405.85,133.67,0.41,0.1325,326.28,125.19,138.5,551.62,302.37,315.92,0.2403,4677.84,323.44,935.57,10291.24,0.0691,0.932,2.5022,4.1868,25.0,1.0,0.0,C2_BEACONING
16.0819,23.0,8.0,15.0,19350.16,3727.55,15622.61,1203.22,1.43,-0.6147,841.31,343.57,325.95,1459.74,905.74,740.3,0.3369,699.22,1075.5,139.84,1538.27,1.5382,0.029,4.9765,2.1333,20.0,0.0,0.0,BENIGN_WEB
36.3622,808.0,701.0,107.0,1123859.63,1086242.5,37617.14,30907.33,22.22,0.9331,1390.92,188.49,1108.18,1500.0,1294.0,1570.12,0.3405,9.17,3.59,1.83,20.18,0.3911,0.1289,2.7747,2.9783,20.0,0.0,0.0,DATA_EXFILTRATION
3.7118,24.0,6.0,18.0,15576.8,3850.12,11726.67,4196.53,6.47,-0.5057,649.03,477.32,40.0,1500.0,679.91,722.09,0.2014,154.66,250.07,30.93,340.25,1.6169,0.0449,4.5443,2.356,19.0,0.0,0.0,BENIGN_WEB
5.3348,18.0,6.0,12.0,18807.82,5371.81,13436.01,3525.49,3.37,-0.4288,1044.88,461.91,352.01,1500.0,997.87,978.95,0.3374,296.38,428.81,59.28,652.03,1.4468,0.0944,4.1546,2.809,19.0,0.0,0.0,BENIGN_WEB
40.0385,710.0,621.0,89.0,1017283.34,999484.48,17798.86,25407.64,17.73,0.965,1432.79,149.38,1208.73,1500.0,1385.14,1321.13,0.4429,37.39,8.3,7.48,82.25,0.2219,0.2336,2.5085,3.3894,16.0,1.0,0.0,DATA_EXFILTRATION
15.0465,47.0,19.0,28.0,36335.41,8410.04,27925.37,2414.88,3.12,-0.5371,773.09,523.6,40.0,1500.0,764.2,714.48,0.4304,320.14,406.36,64.03,704.3,1.2693,0.0616,3.9613,2.2414,13.0,0.0,0.0,BENIGN_WEB
46.5769,885.0,728.0,157.0,1116348.98,1014395.16,101953.82,23967.86,19.0,0.8173,1261.41,219.94,931.51,1500.0,1368.18,1324.7,0.4988,14.42,6.76,2.88,31.73,0.4685,0.2699,2.5056,3.1183,21.0,0.0,1.0,DATA_EXFILTRATION
9.967,43.0,17.0,26.0,36466.37,7618.46,28847.91,3658.72,4.31,-0.5822,848.06,568.19,40.0,1500.0,765.75,882.9,0.2578,231.79,185.9,46.36,509.94,0.802,0.0239,4.2104,2.4508,9.0,0.0,0.0,BENIGN_WEB
10.1217,38.0,14.0,24.0,34102.93,5315.85,28787.08,3369.29,3.75,-0.6882,897.45,417.01,271.94,1500.0,1030.12,935.81,0.285,266.36,261.8,53.27,585.99,0.9829,0.0745,4.2747,2.6183,8.0,0.0,0.0,BENIGN_WEB
8.868,325.0,257.0,68.0,470962.1,425203.03,45759.07,53107.89,36.65,0.8057,1449.11,221.71,1116.55,1500.0,1598.1,1661.26,0.3077,18.4,8.16,3.68,40.48,0.4437,0.2609,2.0999,3.2365,26.0,0.0,0.0,DATA_EXFILTRATION
62.3199,24.0,12.0,12.0,7153.23,4596.92,2556.31,114.78,0.39,0.2853,298.05,137.2,92.26,545.0,299.5,334.37,0.3317,21160.16,1782.1,4232.03,46552.34,0.0842,0.9354,2.3522,3.6568,33.0,1.0,0.0,C2_BEACONING
73.1517,19.0,9.0,10.0,6933.32,4224.25,2709.07,94.78,0.26,0.2185,364.91,45.67,296.4,447.12,416.76,403.73,0.4817,26515.9,1400.8,5303.18,58334.98,0.0528,0.984,2.8263,3.4553,27.0,1.0,0.0,C2_BEACONING
22.1954,42.0,13.0,29.0,37610.55,6103.25,31507.3,1694.52,1.89,-0.6755,895.49,472.92,186.11,1500.0,800.42,1007.68,0.3595,528.46,797.1,105.69,1162.61,1.5083,0.094,3.7481,2.1997,10.0,0.0,0.0,BENIGN_WEB
25.332,18.0,9.0,9.0,4657.58,2446.14,2211.44,183.86,0.71,0.0504,258.75,89.99,123.77,420.73,273.27,234.03,0.5092,25106.65,2379.68,5021.33,55234.64,0.0948,0.9886,2.2334,3.4896,18.0,0.0,0.0,C2_BEACONING
44.3644,1315.0,1081.0,234.0,1624414.26,1480610.47,143803.79,36615.25,29.64,0.8229,1235.3,156.91,999.94,1500.0,1085.77,1190.33,0.6097,22.09,8.93,4.42,48.61,0.4042,0.2306,2.617,3.4918,19.0,1.0,0.0,DATA_EXFILTRATION
51.5263,1030.0,912.0,118.0,1311475.18,1201784.7,109690.48,25452.54,19.99,0.8327,1273.28,112.76,1104.14,1476.25,1209.42,1455.39,0.4622,12.99,6.77,2.6,28.59,0.5206,0.2207,2.0014,3.2004,21.0,1.0,0.0,DATA_EXFILTRATION
31.9682,38.0,15.0,23.0,27955.49,4317.24,23638.26,874.48,1.19,-0.6911,735.67,392.76,146.54,1442.63,685.74,684.9,0.599,841.27,1066.11,168.25,1850.79,1.2673,0.0419,4.3804,2.3891,21.0,0.0,0.0,BENIGN_WEB
36.5241,898.0,748.0,150.0,1099775.43,1044553.06,55222.37,30110.97,24.59,0.8996,1224.69,145.96,1005.76,1487.42,1098.95,1186.86,0.3616,43.33,18.8,8.67,95.34,0.4339,0.1831,2.8132,3.2715,28.0,0.0,0.0,DATA_EXFILTRATION
18.9682,18.0,6.0,12.0,11611.3,3225.36,8385.95,612.15,0.95,-0.4444,645.07,475.0,40.0,1500.0,665.69,636.17,0.2951,1053.79,1099.65,210.76,2318.33,1.0435,0.0854,3.8446,2.6308,12.0,0.0,0.0,BENIGN_WEB
14.2697,43.0,14.0,29.0,38425.14,11006.85,27418.29,2692.78,3.01,-0.4271,893.61,446.97,223.16,1500.0,984.63,889.78,0.3191,331.85,280.56,66.37,730.08,0.8454,0.0451,4.7709,2.6306,20.0,0.0,0.0,BENIGN_WEB
8.8682,84.0,33.0,51.0,71936.12,18045.02,53891.1,8111.73,9.47,-0.4983,856.38,478.96,137.95,1500.0,919.66,938.02,0.205,105.57,166.14,21.11,232.26,1.5737,0.0751,4.1964,2.5071,11.0,0.0,0.0,BENIGN_WEB
3.445,16.0,5.0,11.0,15523.62,4091.68,11431.94,4506.1,4.64,-0.4728,970.23,396.5,375.48,1500.0,919.42,988.01,0.6114,215.31,372.31,43.06,473.69,1.7292,0.0334,4.8241,2.7522,13.0,0.0,0.0,BENIGN_WEB
11.7244,16.0,5.0,11.0,15713.24,3621.02,12092.22,1340.22,1.36,-0.5391,982.08,510.54,216.27,1500.0,1062.0,1008.48,0.2386,732.77,577.55,146.55,1612.1,0.7882,0.0608,4.1406,2.5494,13.0,0.0,0.0,BENIGN_WEB
21.2473,59.0,19.0,40.0,50804.37,6396.27,44408.1,2391.09,2.78,-0.7482,861.09,570.42,40.0,1500.0,933.11,841.34,0.4958,360.12,545.98,72.02,792.27,1.5161,0.0987,4.6534,2.1431,17.0,0.0,0.0,BENIGN_WEB
12.5675,27.0,7.0,20.0,18606.83,2048.09,16558.75,1480.55,2.15,-0.7799,689.14,525.35,40.0,1500.0,639.89,686.42,0.5592,465.46,370.64,93.09,1024.02,0.7963,0.0561,3.8077,2.9355,17.0,0.0,0.0,BENIGN_WEB
90.6245,22.0,11.0,11.0,7146.79,4132.71,3014.09,78.86,0.24,0.1565,324.85,98.56,177.02,502.26,362.86,280.82,0.4171,22288.95,1410.12,4457.79,49035.69,0.0633,0.9671,2.4755,3.9793,20.0,1.0,0.0,C2_BEACONING
40.132,883.0,704.0,179.0,1122122.86,1060956.64,61166.21,27960.82,22.0,0.891,1270.81,261.52,878.52,1500.0,1425.54,1184.92,0.3013,13.68,6.88,2.74,30.09,0.5032,0.2095,2.489,2.9411,14.0,1.0,0.0,DATA_EXFILTRATION
7.8233,1546.0,1398.0,148.0,2063565.37,1861494.67,202070.7,263771.59,197.61,0.8042,1334.78,132.51,1136.02,1500.0,1341.63,1464.21,0.3328,21.78,13.9,4.36,47.93,0.6381,0.164,1.9055,3.5787,20.0,0.0,0.0,DATA_EXFILTRATION
34.1456,13.0,6.0,7.0,4416.82,2393.8,2023.01,129.35,0.38,0.0839,339.76,73.54,229.45,472.12,316.36,351.81,0.448,20070.12,1066.62,4014.02,44154.26,0.0531,0.9368,2.1198,3.7815,26.0,1.0,1.0,C2_BEACONING
48.9323,1120.0,972.0,148.0,1587695.54,1541043.68,46651.86,32446.79,22.89,0.9412,1417.59,276.84,1002.33,1500.0,1569.45,1446.69,0.5419,23.91,7.05,4.78,52.59,0.295,0.2007,2.0368,3.7142,15.0,1.0,0.0,DATA_EXFILTRATION
72.6483,25.0,12.0,13.0,6886.82,4280.8,2606.02,94.8,0.34,0.2432,275.47,121.31,93.51,493.83,237.83,275.02,0.5282,12533.34,317.93,2506.67,27573.35,0.0254,0.9742,2.5908,4.1823,30.0,0.0,0.0,C2_BEACONING
36.2995,1084.0,851.0,233.0,1342400.03,1280050.59,62349.44,36981.24,29.86,0.9071,1238.38,190.07,953.26,1500.0,1358.2,1087.39,0.6014,42.16,10.84,8.43,92.75,0.257,0.1406,2.7339,3.0239,19.0,1.0,0.0,DATA_EXFILTRATION
31.2627,360.0,286.0,74.0,457125.67,440512.45,16613.22,14622.08,11.52,0.9273,1269.79,261.17,878.04,1500.0,1223.45,1138.37,0.3662,40.92,9.86,8.18,90.02,0.2411,0.122,2.0191,3.6824,24.0,0.0,0.0,DATA_EXFILTRATION
8.8999,180.0,158.0,22.0,258308.23,242525.86,15782.38,29023.69,20.22,0.8778,1435.05,235.5,1081.8,1500.0,1631.02,1356.16,0.3422,31.34,9.82,6.27,68.95,0.3132,0.2051,2.0393,3.2615,21.0,1.0,0.0,DATA_EXFILTRATION
18.0059,50.0,14.0,36.0,45606.19,7534.27,38071.93,2532.85,2.78,-0.6696,912.12,507.19,151.33,1500.0,947.67,782.02,0.33,360.12,512.5,72.02,792.26,1.4232,0.098,5.0855,2.2039,17.0,0.0,0.0,BENIGN_WEB
80.2184,21.0,10.0,11.0,6129.77,3606.71,2523.06,76.41,0.26,0.1768,291.89,114.02,120.87,497.13,315.72,306.29,0.1965,13710.7,1275.07,2742.14,30163.53,0.093,0.9249,2.3217,3.7487,17.0,1.0,0.0,C2_BEACONING
55.2224,21.0,10.0,11.0,5664.7,3616.45,2048.25,102.58,0.38,0.2768,269.75,80.77,148.59,415.14,298.49,261.69,0.3001,18528.09,553.31,3705.62,40761.81,0.0299,0.9825,2.904,3.798,27.0,1.0,0.0,C2_BEACONING
8.7019,1468.0,1258.0,210.0,1878186.77,1770132.69,108054.08,215836.85,168.7,0.8849,1279.42,264.45,882.74,1500.0,1232.59,1203.85,0.239,36.51,21.08,7.3,80.33,0.5774,0.1418,2.0913,3.0877,23.0,1.0,0.0,DATA_EXFILTRATION
18.6721,70.0,28.0,42.0,48160.12,5572.05,42588.07,2579.26,3.75,-0.7686,688.0,359.61,148.59,1335.3,712.96,635.24,0.5201,266.74,272.53,53.35,586.84,1.0217,0.0491,4.2851,2.5359,20.0,0.0,0.0,BENIGN_WEB
26.7074,64.0,22.0,42.0,60666.58,15174.1,45492.48,2271.52,2.4,-0.4998,947.92,405.53,339.62,1500.0,915.26,1049.02,0.4324,417.3,447.03,83.46,918.07,1.0712,0.1048,4.6843,2.3421,17.0,0.0,0.0,BENIGN_WEB
50.1327,667.0,575.0,92.0,861313.54,803735.33,57578.21,17180.66,13.3,0.8663,1291.32,172.45,1032.64,1500.0,1291.54,1143.12,0.5426,39.76,23.43,7.95,87.47,0.5894,0.2416,1.987,3.3362,21.0,1.0,0.0,DATA_EXFILTRATION
33.3164,1545.0,1298.0,247.0,2001032.6,1875472.83,125559.78,60061.42,46.37,0.8745,1295.17,228.78,951.99,1500.0,1483.42,1396.57,0.3633,26.28,13.67,5.26,57.82,0.5201,0.168,1.905,3.3517,28.0,0.0,1.0,DATA_EXFILTRATION
27.2675,21.0,6.0,15.0,18450.56,4918.06,13532.5,676.65,0.77,-0.4669,878.6,474.58,166.73,1500.0,812.76,860.83,0.5491,1298.45,1020.73,259.69,2856.6,0.7861,0.0897,3.6296,2.236,11.0,0.0,0.0,BENIGN_WEB
19.797,59.0,22.0,37.0,39570.53,10192.27,29378.27,1998.82,2.98,-0.4849,670.69,535.15,40.0,1500.0,747.13,603.94,0.6144,335.54,358.74,67.11,738.19,1.0691,0.0928,4.0629,2.9851,12.0,0.0,0.0,BENIGN_WEB
51.96,1393.0,1211.0,182.0,1845126.32,1823090.0,22036.32,35510.51,26.81,0.9761,1324.57,271.52,917.3,1500.0,1172.84,1428.57,0.58,14.05,5.19,2.81,30.91,0.3692,0.1342,2.2945,2.9599,20.0,1.0,1.0,DATA_EXFILTRATION
26.9733,9.0,4.0,5.0,3433.78,2092.28,1341.5,127.3,0.33,0.2186,381.53,48.65,308.56,469.1,331.89,348.2,0.4047,16087.14,176.16,3217.43,35391.72,0.011,0.9328,2.2508,3.4584,25.0,0.0,0.0,C2_BEACONING
19.1393,72.0,25.0,47.0,70141.51,11457.81,58683.7,3664.78,3.76,-0.6733,974.19,468.51,271.42,1500.0,860.3,971.63,0.5325,265.82,439.02,53.16,584.81,1.6515,0.099,3.9393,2.9813,15.0,0.0,0.0,BENIGN_WEB
28.2534,46.0,17.0,29.0,35141.28,4518.3,30622.97,1243.79,1.63,-0.7428,763.94,391.63,176.5,1468.87,672.48,759.48,0.3584,614.2,735.82,122.84,1351.25,1.198,0.0395,4.8373,3.0538,16.0,0.0,0.0,BENIGN_WEB
50.1955,453.0,395.0,58.0,574860.22,557012.36,17847.86,11452.43,9.02,0.9379,1269.01,146.75,1048.89,1500.0,1414.08,1345.78,0.2404,32.38,11.32,6.48,71.24,0.3494,0.2135,2.8113,3.4178,21.0,1.0,0.0,DATA_EXFILTRATION
30.8968,63.0,19.0,44.0,55296.84,9700.73,45596.1,1789.73,2.04,-0.6491,877.73,557.82,41.0,1500.0,766.46,997.94,0.5205,490.43,567.78,98.09,1078.94,1.1577,0.0812,4.5436,2.7276,19.0,0.0,0.0,BENIGN_WEB
61.8879,25.0,12.0,13.0,6466.79,3577.8,2888.98,104.49,0.4,0.1065,258.67,60.72,167.6,367.96,266.55,245.9,0.4044,15841.76,1259.95,3168.35,34851.87,0.0795,0.9533,2.4712,3.7919,30.0,1.0,0.0,C2_BEACONING
64.1317,9.0,4.0,5.0,2453.59,1357.83,1095.76,38.26,0.14,0.1068,272.62,135.66,69.14,516.8,266.47,238.86,0.578,10819.55,1000.02,2163.91,23803.01,0.0924,0.9119,2.2359,3.4749,22.0,1.0,0.0,C2_BEACONING
54.6016,8.0,4.0,4.0,2902.69,1524.14,1378.55,53.16,0.15,0.0502,362.84,128.08,170.72,593.38,396.01,397.58,0.2401,11625.48,390.42,2325.1,25576.05,0.0336,0.9809,2.3416,4.0933,18.0,0.0,0.0,C2_BEACONING
40.0888,511.0,405.0,106.0,686100.08,674821.95,11278.13,17114.5,12.75,0.9671,1342.66,125.72,1154.08,1500.0,1468.01,1275.32,0.2994,18.24,5.61,3.65,40.13,0.3076,0.1481,2.3023,3.3513,25.0,0.0,1.0,DATA_EXFILTRATION
58.298,8.0,4.0,4.0,2149.15,1140.65,1008.5,36.86,0.14,0.0615,268.64,115.57,95.29,476.67,263.82,277.98,0.3291,8378.25,282.42,1675.65,18432.16,0.0337,0.919,2.3058,3.6594,27.0,0.0,0.0,C2_BEACONING
13.4214,48.0,15.0,33.0,49388.02,10656.81,38731.21,3679.79,3.58,-0.5684,1028.92,379.5,459.67,1500.0,1130.05,1121.36,0.2082,279.61,334.1,55.92,615.15,1.1949,0.1375,4.6868,2.6104,14.0,0.0,0.0,BENIGN_WEB
17.2998,49.0,19.0,30.0,52342.76,11527.06,40815.7,3025.64,2.83,-0.5596,1068.22,503.52,312.94,1500.0,1088.43,1036.31,0.4481,353.06,382.57,70.61,776.72,1.0836,0.05,3.8118,2.441,10.0,0.0,0.0,BENIGN_WEB
66.9523,20.0,10.0,10.0,5675.86,3536.53,2139.33,84.77,0.3,0.2462,283.79,123.84,98.03,506.71,303.76,269.76,0.1912,24116.26,690.67,4823.25,53055.77,0.0286,0.9231,2.3118,3.5544,20.0,1.0,0.0,C2_BEACONING
23.4802,59.0,20.0,39.0,46111.21,10844.08,35267.13,1963.83,2.51,-0.5297,781.55,519.26,40.0,1500.0,812.51,842.38,0.4677,397.97,403.83,79.59,875.53,1.0147,0.1276,3.6009,2.4912,17.0,0.0,0.0,BENIGN_WEB
17.9671,60.0,18.0,42.0,63629.31,16144.8,47484.51,3541.44,3.34,-0.4925,1060.49,568.49,207.75,1500.0,926.08,947.26,0.45,299.45,242.38,59.89,658.79,0.8094,0.1018,3.7168,2.8156,13.0,0.0,0.0,BENIGN_WEB
28.9834,40.0,13.0,27.0,41782.12,7959.81,33822.31,1441.59,1.38,-0.619,1044.55,510.14,279.35,1500.0,1064.51,1184.47,0.5489,724.59,1055.24,144.92,1594.09,1.4563,0.1081,4.3432,2.5959,9.0,0.0,0.0,BENIGN_WEB
31.5396,61.0,21.0,40.0,43285.57,8432.94,34852.63,1372.42,1.93,-0.6104,709.6,492.38,40.0,1500.0,813.57,815.07,0.1874,517.04,468.82,103.41,1137.49,0.9067,0.068,4.1662,2.1777,13.0,0.0,0.0,BENIGN_WEB
25.4762,48.0,19.0,29.0,49604.92,7770.34,41834.58,1947.11,1.88,-0.6867,1033.44,545.94,214.52,1500.0,1049.28,1134.68,0.3135,530.75,629.68,106.15,1167.66,1.1864,0.0406,4.2628,2.9582,17.0,0.0,0.0,BENIGN_WEB
4.686,59.0,20.0,39.0,57261.56,7657.06,49604.5,12219.82,12.59,-0.7326,970.53,345.25,452.66,1500.0,916.7,1090.42,0.3831,79.42,88.77,15.88,174.73,1.1176,0.0942,3.7554,2.4944,15.0,0.0,0.0,BENIGN_WEB
77.5447,8.0,4.0,4.0,3031.06,1648.04,1383.02,39.09,0.1,0.0874,378.88,67.2,278.08,499.84,410.91,346.25,0.3314,26958.89,2555.48,5391.78,59309.55,0.0948,0.9075,2.3208,3.5748,26.0,1.0,0.0,C2_BEACONING
20.8234,83.0,33.0,50.0,74371.06,7230.92,67140.14,3571.52,3.99,-0.8055,896.04,553.29,66.1,1500.0,975.54,950.27,0.5127,250.88,287.42,50.18,551.94,1.1456,0.1326,4.4418,3.0399,15.0,0.0,0.0,BENIGN_WEB
13.8434,73.0,28.0,45.0,47348.7,12645.98,34702.72,3420.3,5.27,-0.4658,648.61,423.8,40.0,1411.46,656.51,697.43,0.5721,189.64,282.85,37.93,417.2,1.4916,0.103,4.9268,3.0773,20.0,0.0,0.0,BENIGN_WEB
66.2606,12.0,6.0,6.0,2683.59,1571.03,1112.56,40.5,0.18,0.1708,223.63,118.33,46.13,436.63,200.87,255.08,0.4135,5759.29,76.69,1151.86,12670.43,0.0133,0.972,2.915,4.0427,18.0,1.0,0.0,C2_BEACONING
80.0623,18.0,9.0,9.0,5778.46,2698.98,3079.47,72.17,0.22,-0.0658,321.03,53.96,240.09,418.15,317.54,312.04,0.2894,22351.19,470.31,4470.24,49172.63,0.021,0.8869,2.656,3.6986,30.0,1.0,0.0,C2_BEACONING
49.4553,1418.0,1150.0,268.0,1985835.76,1896748.72,89087.04,40154.12,28.67,0.9103,1400.45,115.77,1226.79,1500.0,1444.98,1603.36,0.4485,10.69,2.51,2.14,23.51,0.2347,0.1227,2.4569,3.1664,17.0,1.0,1.0,DATA_EXFILTRATION
15.9699,34.0,12.0,22.0,32469.79,6548.21,25921.58,2033.19,2.13,-0.5967,954.99,357.07,419.39,1500.0,960.77,934.3,0.5123,469.7,675.69,93.94,1033.34,1.4386,0.0955,4.8763,2.6274,21.0,0.0,0.0,BENIGN_WEB
22.4652,33.0,13.0,20.0,27196.6,6872.6,20324.0,1210.61,1.47,-0.4946,824.14,430.27,178.74,1500.0,807.8,920.77,0.1847,680.76,970.28,136.15,1497.68,1.4253,0.1373,4.4988,2.3002,19.0,0.0,0.0,BENIGN_WEB
16.8423,49.0,20.0,29.0,35621.52,8637.75,26983.77,2115.01,2.91,-0.515,726.97,459.95,40.0,1500.0,726.97,627.0,0.3704,343.72,489.31,68.74,756.18,1.4236,0.137,4.8085,2.1162,20.0,0.0,0.0,BENIGN_WEB
35.8451,25.0,12.0,13.0,8437.62,4768.13,3669.49,235.39,0.7,0.1302,337.5,109.27,173.59,534.2,321.76,336.5,0.4971,13790.97,249.79,2758.19,30340.13,0.0181,0.946,2.8947,3.9672,19.0,1.0,0.0,C2_BEACONING
109.2359,15.0,7.0,8.0,5135.85,3211.49,1924.36,47.02,0.14,0.2506,342.39,139.19,133.6,592.93,311.27,344.93,0.5567,18993.76,750.94,3798.75,41786.27,0.0395,0.9898,2.9429,3.8545,19.0,1.0,1.0,C2_BEACONING
30.3215,21.0,10.0,11.0,5291.63,2377.42,2914.21,174.52,0.69,-0.1014,251.98,134.06,50.9,493.28,224.14,273.87,0.5505,27126.14,2972.42,5425.23,59677.51,0.1096,0.9431,2.5791,3.8918,32.0,1.0,1.0,C2_BEACONING
27.7406,57.0,16.0,41.0,36118.12,7116.72,29001.4,1302.0,2.05,-0.6059,633.65,532.45,40.0,1500.0,717.7,676.47,0.6121,486.68,385.66,97.34,1070.69,0.7924,0.0465,4.5803,3.0808,14.0,0.0,0.0,BENIGN_WEB
26.5083,30.0,11.0,19.0,28512.24,5627.62,22884.62,1075.6,1.13,-0.6052,950.41,340.19,440.13,1500.0,935.61,925.82,0.5472,883.61,1423.71,176.72,1943.94,1.6112,0.0932,3.886,2.6668,16.0,0.0,0.0,BENIGN_WEB
30.2822,1322.0,1125.0,197.0,1787021.93,1762102.76,24919.17,59012.27,43.66,0.9721,1351.76,237.19,995.97,1500.0,1151.02,1418.1,0.2881,24.0,12.46,4.8,52.79,0.5193,0.1554,2.0569,3.0882,19.0,1.0,0.0,DATA_EXFILTRATION
6.8999,71.0,29.0,42.0,56655.09,9695.17,46959.93,8211.0,10.29,-0.6577,797.96,478.55,80.14,1500.0,751.32,737.68,0.4513,97.18,119.08,19.44,213.8,1.2254,0.0631,4.3835,2.5165,21.0,0.0,0.0,BENIGN_WEB
13.4934,66.0,19.0,47.0,63282.85,7742.19,55540.65,4689.9,4.89,-0.7553,958.83,440.0,298.83,1500.0,1091.56,825.26,0.312,204.45,204.56,40.89,449.78,1.0006,0.1064,4.8104,2.9244,13.0,0.0,0.0,BENIGN_WEB
20.1285,41.0,12.0,29.0,36344.09,8949.77,27394.32,1805.61,2.04,-0.5075,886.44,386.27,307.04,1500.0,1008.08,940.36,0.3155,490.94,829.96,98.19,1080.06,1.6906,0.0717,4.8959,2.3606,11.0,0.0,0.0,BENIGN_WEB
11.2778,18.0,5.0,13.0,14109.43,1759.35,12350.07,1251.08,1.6,-0.7506,783.86,543.9,40.0,1500.0,669.4,789.65,0.4101,626.54,1052.37,125.31,1378.39,1.6796,0.1194,4.2068,2.7477,13.0,0.0,0.0,BENIGN_WEB
28.6115,51.0,20.0,31.0,49826.02,12509.38,37316.63,1741.47,1.78,-0.4979,976.98,497.54,230.66,1500.0,1121.03,1035.18,0.428,561.01,696.99,112.2,1234.22,1.2424,0.0596,3.7705,2.2414,19.0,0.0,0.0,BENIGN_WEB
36.7031,1420.0,1278.0,142.0,1930713.65,1844530.37,86183.28,52603.61,38.69,0.9107,1359.66,218.32,1032.18,1500.0,1506.72,1174.68,0.3698,47.18,19.37,9.44,103.79,0.4105,0.1569,1.9324,3.5185,24.0,0.0,0.0,DATA_EXFILTRATION
40.3786,1420.0,1243.0,177.0,1910215.1,1816241.7,93973.4,47307.57,35.17,0.9016,1345.22,158.27,1107.82,1500.0,1151.79,1422.87,0.4508,22.18,11.01,4.44,48.8,0.4965,0.2233,2.6547,3.4509,21.0,1.0,0.0,DATA_EXFILTRATION
66.3777,23.0,11.0,12.0,7132.07,3453.67,3678.4,107.45,0.35,-0.0315,310.09,62.32,216.61,422.27,318.71,343.82,0.3307,18832.35,1274.15,3766.47,41431.17,0.0677,0.9596,2.3926,3.6467,16.0,0.0,0.0,C2_BEACONING
41.5357,15.0,7.0,8.0,3170.59,1906.53,1264.06,76.33,0.36,0.2026,211.37,82.42,87.74,359.73,222.71,214.3,0.3578,11458.81,329.52,2291.76,25209.37,0.0288,0.8984,3.0877,3.8583,18.0,1.0,0.0,C2_BEACONING
7.1498,64.0,20.0,44.0,65889.9,11788.55,54101.35,9215.56,8.95,-0.6422,1029.53,503.24,274.67,1500.0,926.42,1163.34,0.5012,111.72,86.07,22.34,245.78,0.7705,0.0557,4.7516,2.5203,9.0,0.0,0.0,BENIGN_WEB
66.4129,25.0,12.0,13.0,6281.85,3285.58,2996.27,94.59,0.38,0.0461,251.27,45.36,183.23,332.93,257.19,216.68,0.3269,24062.56,499.23,4812.51,52937.62,0.0207,0.9193,2.2781,4.1825,23.0,0.0,1.0,C2_BEACONING
3.6755,76.0,27.0,49.0,79305.92,16257.89,63048.03,21576.94,20.68,-0.59,1043.5,542.53,229.7,1500.0,1073.25,1144.94,0.3733,48.36,42.46,9.67,106.4,0.878,0.1309,4.9405,2.8555,14.0,0.0,0.0,BENIGN_WEB
81.9155,23.0,11.0,12.0,6282.89,2917.71,3365.18,76.7,0.28,-0.0712,273.17,70.77,167.01,400.56,314.06,292.6,0.4081,26894.83,2492.54,5378.97,59168.62,0.0927,0.9299,2.6673,3.9964,15.0,1.0,0.0,C2_BEACONING
48.8062,22.0,11.0,11.0,8699.97,5369.22,3330.75,178.26,0.45,0.2343,395.45,68.59,292.57,518.91,401.83,414.29,0.5848,15217.81,1054.59,3043.56,33479.18,0.0693,0.9524,3.0671,3.6704,17.0,1.0,0.0,C2_BEACONING
73.0839,11.0,5.0,6.0,2366.45,1118.72,1247.73,32.38,0.15,-0.0545,215.13,95.77,71.47,387.52,241.1,184.19,0.5432,21825.44,1219.34,4365.09,48015.96,0.0559,0.8972,3.0145,3.6186,28.0,1.0,1.0,C2_BEACONING
19.1839,78.0,28.0,50.0,65864.46,7558.52,58305.94,3433.33,4.07,-0.7705,844.42,501.64,91.96,1500.0,809.59,892.12,0.3795,245.95,247.3,49.19,541.08,1.0055,0.0938,3.6226,2.3399,10.0,0.0,0.0,BENIGN_WEB
29.0483,67.0,24.0,43.0,61634.58,10000.94,51633.64,2121.8,2.31,-0.6755,919.92,578.74,51.8,1500.0,789.73,828.35,0.5588,433.56,561.15,86.71,953.83,1.2943,0.0912,3.9848,2.6921,12.0,0.0,0.0,BENIGN_WEB
54.5417,24.0,12.0,12.0,6105.02,3574.87,2530.15,111.93,0.44,0.1711,254.38,101.97,101.42,437.93,292.22,292.3,0.3418,21306.4,1079.43,4261.28,46874.09,0.0507,0.9242,2.7724,4.2425,32.0,1.0,0.0,C2_BEACONING
82.5963,23.0,11.0,12.0,5693.96,3541.95,2152.01,68.94,0.28,0.2441,247.56,83.7,122.01,398.23,247.85,222.95,0.3493,14514.9,1468.09,2902.98,31932.78,0.1011,0.8933,2.3601,3.7607,28.0,1.0,0.0,C2_BEACONING
16.9612,30.0,8.0,22.0,27211.11,3969.63,23241.48,1604.31,1.77,-0.7082,907.04,530.22,111.7,1500.0,823.64,984.51,0.3024,565.37,841.25,113.07,1243.82,1.4879,0.0547,4.2313,2.9411,9.0,0.0,0.0,BENIGN_WEB
65.253,18.0,9.0,9.0,3607.9,1760.89,1847.0,55.29,0.28,-0.0239,200.44,54.17,119.18,297.95,189.49,190.7,0.2312,8179.18,714.13,1635.84,17994.19,0.0873,0.918,2.297,3.8532,28.0,1.0,0.0,C2_BEACONING
27.2404,59.0,22.0,37.0,52082.88,7693.47,44389.41,1911.97,2.17,-0.7046,882.76,343.15,368.04,1500.0,966.72,920.46,0.4416,461.7,361.49,92.34,1015.75,0.7829,0.1303,4.7543,2.4188,8.0,0.0,0.0,BENIGN_WEB
2.1122,51.0,14.0,37.0,37496.1,6586.31,30909.78,17752.01,24.15,-0.6487,735.22,321.9,252.36,1314.65,770.35,818.17,0.3279,41.42,70.91,8.28,91.12,1.7122,0.093,3.9883,2.8115,9.0,0.0,0.0,BENIGN_WEB
29.6215,20.0,6.0,14.0,14041.45,1571.5,12469.95,474.03,0.68,-0.7762,702.07,575.45,40.0,1500.0,653.58,754.81,0.5704,1481.08,2185.7,296.22,3258.37,1.4758,0.048,5.0373,2.1464,21.0,0.0,0.0,BENIGN_WEB
12.8019,78.0,24.0,54.0,80316.21,15530.05,64786.16,6273.78,6.09,-0.6133,1029.69,331.69,532.16,1500.0,1061.68,895.89,0.3609,164.13,219.56,32.83,361.08,1.3377,0.1014,4.6859,2.7255,9.0,0.0,0.0,BENIGN_WEB
30.8971,1190.0,1011.0,179.0,1641034.19,1478328.35,162705.84,53112.93,38.51,0.8017,1379.02,185.05,1101.44,1500.0,1337.51,1487.6,0.5263,46.85,26.95,9.37,103.06,0.5752,0.1567,2.4775,3.8309,24.0,1.0,0.0,DATA_EXFILTRATION
7.4513,1405.0,1227.0,178.0,2009033.84,1878265.89,130767.94,269622.49,188.56,0.8698,1429.92,210.51,1114.15,1500.0,1384.43,1428.97,0.4196,28.94,9.8,5.79,63.67,0.3387,0.1506,2.5583,3.6417,27.0,1.0,0.0,DATA_EXFILTRATION
67.4436,15.0,7.0,8.0,4326.07,2020.59,2305.48,64.14,0.22,-0.0659,288.4,104.47,131.7,476.45,279.21,250.05,0.2515,18849.91,1463.35,3769.98,41469.8,0.0776,0.93,2.419,4.2169,22.0,0.0,0.0,C2_BEACONING
27.1389,80.0,28.0,52.0,71345.02,18150.98,53194.04,2628.88,2.95,-0.4912,891.81,533.64,91.35,1500.0,876.29,845.0,0.4675,339.24,333.65,67.85,746.32,0.9835,0.0695,4.2388,2.6208,9.0,0.0,0.0,BENIGN_WEB
21.1059,43.0,12.0,31.0,39747.74,3799.7,35948.04,1883.25,2.04,-0.8088,924.37,526.22,135.03,1500.0,902.79,874.1,0.5056,490.84,832.97,98.17,1079.84,1.697,0.1096,4.0197,2.9965,12.0,0.0,0.0,BENIGN_WEB
30.7388,78.0,30.0,48.0,71750.5,19456.57,52293.93,2334.2,2.54,-0.4577,919.88,562.33,76.38,1500.0,902.19,937.4,0.5712,394.09,564.88,78.82,866.99,1.4334,0.1041,3.7213,2.7526,20.0,0.0,0.0,BENIGN_WEB
4.3795,26.0,8.0,18.0,22399.62,2744.56,19655.07,5114.69,5.94,-0.7549,861.52,507.26,100.63,1500.0,794.33,760.94,0.2917,168.44,137.84,33.69,370.57,0.8183,0.0735,4.079,2.1633,12.0,0.0,0.0,BENIGN_WEB
3.5173,34.0,10.0,24.0,27020.59,3022.83,23997.77,7682.23,9.67,-0.7763,794.72,391.56,207.38,1499.53,830.3,783.09,0.3646,103.45,128.86,20.69,227.59,1.2456,0.1361,4.1713,2.7637,17.0,0.0,0.0,BENIGN_WEB
3.0601,59.0,19.0,40.0,36795.79,7657.74,29138.05,12024.52,19.28,-0.5838,623.66,369.54,69.35,1288.82,590.06,588.87,0.3113,51.87,68.08,10.37,114.1,1.3126,0.076,4.911,2.3867,21.0,0.0,0.0,BENIGN_WEB
9.3835,36.0,11.0,25.0,37791.18,5159.13,32632.06,4027.41,3.84,-0.727,1049.76,552.35,221.23,1500.0,1182.36,1047.54,0.3592,260.65,309.24,52.13,573.44,1.1864,0.0424,5.0051,2.6074,8.0,0.0,0.0,BENIGN_WEB
26.4125,76.0,27.0,49.0,57663.96,10823.66,46840.3,2183.21,2.88,-0.6246,758.74,399.17,159.98,1477.24,678.94,678.9,0.2253,347.53,497.49,69.51,764.57,1.4315,0.0176,3.7047,2.9564,9.0,0.0,0.0,BENIGN_WEB
24.3197,25.0,7.0,18.0,21503.19,4522.63,16980.56,884.19,1.03,-0.5794,860.13,339.22,351.3,1470.72,953.82,817.65,0.344,972.79,1112.02,194.56,2140.14,1.1431,0.1393,4.9628,2.7893,10.0,0.0,0.0,BENIGN_WEB
9.3454,54.0,18.0,36.0,56123.39,9939.88,46183.51,6005.45,5.78,-0.6458,1039.32,502.59,285.44,1500.0,1145.4,959.17,0.2564,173.06,241.26,34.61,380.74,1.3941,0.0659,4.1218,3.002,18.0,0.0,0.0,BENIGN_WEB
33.0741,20.0,10.0,10.0,7326.41,3544.48,3781.93,221.52,0.6,-0.0324,366.32,109.42,202.19,563.28,400.98,351.65,0.3535,20979.29,677.08,4195.86,46154.43,0.0323,0.9393,3.0403,3.6409,18.0,0.0,0.0,C2_BEACONING
23.8701,43.0,14.0,29.0,31343.15,8306.48,23036.67,1313.07,1.8,-0.47,728.91,502.59,40.0,1500.0,670.98,714.52,0.2692,555.12,682.98,111.02,1221.26,1.2303,0.0136,4.3321,2.7309,19.0,0.0,0.0,BENIGN_WEB
94.0775,21.0,10.0,11.0,7866.4,4967.48,2898.92,83.62,0.22,0.263,374.59,82.04,251.52,522.27,372.58,399.97,0.5539,19657.32,1543.44,3931.46,43246.1,0.0785,0.8928,2.2119,3.4632,18.0,0.0,0.0,C2_BEACONING
41.0973,22.0,11.0,11.0,4640.74,2548.17,2092.57,112.92,0.54,0.0982,210.94,78.58,93.07,352.39,207.01,213.26,0.5104,8540.85,556.98,1708.17,18789.88,0.0652,0.9712,2.5384,4.0021,18.0,1.0,0.0,C2_BEACONING
17.2797,15.0,5.0,10.0,9531.29,2599.05,6932.24,551.59,0.87,-0.4546,635.42,424.96,40.0,1400.35,547.21,655.33,0.3772,1151.98,1362.26,230.4,2534.36,1.1825,0.1151,3.9628,2.7083,21.0,0.0,0.0,BENIGN_WEB
19.1745,27.0,10.0,17.0,23597.66,4364.24,19233.41,1230.68,1.41,-0.6301,873.99,460.85,182.71,1500.0,811.41,834.23,0.2146,710.17,852.56,142.03,1562.37,1.2005,0.0902,4.349,2.7451,9.0,0.0,0.0,BENIGN_WEB
27.9388,26.0,8.0,18.0,25659.58,5652.19,20007.39,918.42,0.93,-0.5594,986.91,549.69,162.37,1500.0,1120.04,988.02,0.3088,1074.57,1000.51,214.91,2364.05,0.9311,0.0151,4.1491,3.0905,11.0,0.0,0.0,BENIGN_WEB
101.2695,13.0,6.0,7.0,2950.53,1340.61,1609.92,29.14,0.13,-0.0913,226.96,69.63,122.52,352.3,220.49,255.93,0.4698,27846.28,1430.69,5569.26,61261.81,0.0514,0.9142,2.6213,4.0134,29.0,1.0,0.0,C2_BEACONING
12.6436,82.0,26.0,56.0,52456.58,12841.76,39614.82,4148.87,6.49,-0.5104,639.71,536.52,40.0,1500.0,556.57,630.22,0.3163,154.19,246.23,30.84,339.22,1.5969,0.047,3.9504,2.747,15.0,0.0,0.0,BENIGN_WEB
24.7436,47.0,15.0,32.0,50170.01,14071.96,36098.05,2027.59,1.9,-0.439,1067.45,450.08,392.33,1500.0,1214.87,958.19,0.5257,526.46,597.42,105.29,1158.21,1.1348,0.0811,4.7324,2.6677,21.0,0.0,0.0,BENIGN_WEB
27.2576,83.0,26.0,57.0,64088.12,11224.13,52863.98,2351.2,3.05,-0.6497,772.15,443.14,107.43,1500.0,811.37,701.67,0.2529,328.4,317.62,65.68,722.49,0.9671,0.0812,4.8862,3.0317,17.0,0.0,0.0,BENIGN_WEB
102.9268,9.0,4.0,5.0,1847.86,1027.88,819.98,17.95,0.09,0.1125,205.32,113.24,40.0,409.16,231.92,222.74,0.5057,25366.95,1499.57,5073.39,55807.28,0.0591,0.9639,2.7937,3.5401,27.0,1.0,0.0,C2_BEACONING
43.7548,1067.0,861.0,206.0,1463897.25,1377100.68,86796.57,33456.81,24.39,0.8814,1371.97,181.01,1100.46,1500.0,1489.04,1229.26,0.4467,27.3,9.28,5.46,60.06,0.34,0.1702,2.3696,3.658,25.0,0.0,0.0,DATA_EXFILTRATION
21.0307,56.0,21.0,35.0,49313.23,10642.99,38670.24,2344.82,2.66,-0.5684,880.59,441.65,218.12,1500.0,931.16,877.89,0.5302,375.55,493.92,75.11,826.21,1.3152,0.0386,4.9506,3.0656,20.0,0.0,0.0,BENIGN_WEB
44.8782,15.0,7.0,8.0,4349.21,2116.55,2232.67,96.91,0.33,-0.0267,289.95,86.96,159.51,446.47,316.18,290.89,0.4367,10274.07,721.86,2054.81,22602.96,0.0703,0.925,2.3721,4.1802,15.0,1.0,0.0,C2_BEACONING
72.9982,15.0,7.0,8.0,5485.0,3406.85,2078.15,75.14,0.21,0.2422,365.67,80.03,245.63,509.72,363.11,374.98,0.542,12989.52,537.29,2597.9,28576.94,0.0414,0.988,2.3311,4.1853,16.0,1.0,0.0,C2_BEACONING
71.4445,18.0,9.0,9.0,6267.01,3243.86,3023.15,87.72,0.25,0.0352,348.17,64.5,251.42,464.26,296.57,346.48,0.3121,16331.21,488.02,3266.24,35928.67,0.0299,0.9613,2.8321,3.5057,28.0,0.0,0.0,C2_BEACONING
78.1735,22.0,11.0,11.0,6036.73,2701.47,3335.26,77.22,0.28,-0.105,274.4,110.35,108.87,473.03,292.35,287.72,0.5064,5066.04,398.4,1013.21,11145.29,0.0786,0.8825,2.9676,3.9296,33.0,1.0,0.0,C2_BEACONING
3.5233,26.0,9.0,17.0,20940.54,3983.1,16957.44,5943.5,7.38,-0.6196,805.41,573.4,40.0,1500.0,857.21,766.38,0.619,135.51,111.5,27.1,298.12,0.8228,0.1099,3.6281,2.1457,13.0,0.0,0.0,BENIGN_WEB
31.7148,68.0,21.0,47.0,50266.2,7953.77,42312.43,1584.94,2.14,-0.6835,739.21,507.5,40.0,1500.0,814.88,753.26,0.3652,466.39,589.67,93.28,1026.07,1.2643,0.1256,4.1229,2.3651,9.0,0.0,0.0,BENIGN_WEB
70.0308,11.0,5.0,6.0,3538.64,2191.38,1347.26,50.53,0.16,0.2385,321.69,69.01,218.17,445.92,286.03,357.44,0.468,21119.43,999.91,4223.89,46462.74,0.0473,0.9624,2.3874,4.1615,31.0,1.0,0.0,C2_BEACONING
14.0312,61.0,25.0,36.0,42355.53,10990.17,31365.36,3018.67,4.35,-0.4811,694.35,536.31,40.0,1500.0,612.07,723.19,0.566,230.02,249.5,46.0,506.04,1.0847,0.1219,4.8475,2.147,15.0,0.0,0.0,BENIGN_WEB
29.8933,11.0,5.0,6.0,2887.71,1849.67,1038.04,96.6,0.37,0.2811,262.52,121.52,80.24,481.26,268.69,300.8,0.2864,8624.93,534.59,1724.99,18974.85,0.062,0.8858,2.6881,3.9767,24.0,0.0,1.0,C2_BEACONING
25.7378,1487.0,1358.0,129.0,1856758.29,1833906.12,22852.17,72141.28,57.77,0.9754,1248.66,113.75,1078.04,1453.41,1373.24,1265.38,0.6136,40.08,22.23,8.02,88.17,0.5546,0.2055,2.3482,3.3581,15.0,1.0,0.0,DATA_EXFILTRATION
7.0453,54.0,15.0,39.0,56822.93,14597.78,42225.15,8065.32,7.66,-0.4862,1052.28,384.73,475.18,1500.0,1113.9,1180.87,0.35,130.47,168.67,26.09,287.03,1.2928,0.1211,3.8548,2.8586,19.0,0.0,0.0,BENIGN_WEB
25.2145,37.0,13.0,24.0,35481.63,7509.39,27972.24,1407.19,1.47,-0.5767,958.96,426.26,319.58,1500.0,909.0,938.03,0.228,681.47,825.25,136.29,1499.24,1.211,0.0494,4.3328,2.908,15.0,0.0,0.0,BENIGN_WEB
33.1576,13.0,6.0,7.0,3380.84,1915.0,1465.84,101.96,0.39,0.1329,260.06,139.03,51.51,510.32,259.69,298.19,0.2542,12515.97,306.36,2503.19,27535.12,0.0245,0.9642,2.4034,3.4731,20.0,1.0,0.0,C2_BEACONING
39.1223,189.0,148.0,41.0,241694.5,219055.74,22638.76,6177.93,4.83,0.8127,1278.81,231.86,931.02,1500.0,1285.29,1198.83,0.2544,45.02,17.23,9.0,99.05,0.3827,0.1908,2.3987,3.0935,28.0,1.0,0.0,DATA_EXFILTRATION
14.534,67.0,27.0,40.0,67257.64,7102.12,60155.52,4627.6,4.61,-0.7888,1003.85,429.32,359.87,1500.0,1018.39,1058.24,0.5768,216.93,242.21,43.39,477.24,1.1166,0.1289,4.0176,2.6285,19.0,0.0,0.0,BENIGN_WEB
104.1571,22.0,11.0,11.0,8746.64,4382.63,4364.0,83.98,0.21,0.0021,397.57,124.04,211.51,620.85,359.12,341.49,0.3557,17106.54,1634.2,3421.31,37634.39,0.0955,0.933,2.1246,3.6827,28.0,1.0,1.0,C2_BEACONING
65.2555,22.0,11.0,11.0,8471.4,3974.89,4496.51,129.82,0.34,-0.0616,385.06,50.64,309.1,476.22,328.6,396.11,0.3358,5733.11,341.91,1146.62,12612.83,0.0596,0.9606,2.9036,3.4956,19.0,0.0,0.0,C2_BEACONING
5.1142,49.0,13.0,36.0,37486.87,8912.67,28574.2,7329.94,9.58,-0.5245,765.04,395.22,172.21,1476.43,877.29,813.69,0.3994,104.37,130.13,20.87,229.62,1.2468,0.0854,4.1844,2.8495,9.0,0.0,0.0,BENIGN_WEB
25.7484,1520.0,1199.0,321.0,2108670.41,1940871.83,167798.58,81895.16,59.03,0.8408,1387.28,235.39,1034.2,1500.0,1283.76,1390.88,0.4323,21.53,9.27,4.31,47.36,0.4306,0.1731,2.5083,2.9864,15.0,1.0,0.0,DATA_EXFILTRATION
60.8542,21.0,10.0,11.0,7369.95,3496.84,3873.11,121.11,0.35,-0.0511,350.95,121.77,168.3,570.13,337.41,367.27,0.5793,17354.69,903.52,3470.94,38180.32,0.0521,0.9497,2.3474,3.9609,30.0,1.0,1.0,C2_BEACONING
16.0223,1026.0,878.0,148.0,1394590.05,1377679.16,16910.89,87040.68,64.04,0.9757,1359.25,166.57,1109.39,1500.0,1218.69,1340.49,0.2162,41.5,22.64,8.3,91.31,0.5456,0.2271,2.0801,3.5884,21.0,1.0,1.0,DATA_EXFILTRATION
46.605,714.0,646.0,68.0,893011.68,875253.5,17758.17,19161.3,15.32,0.9602,1250.72,127.85,1058.94,1480.85,1075.23,1375.92,0.33,21.21,11.85,4.24,46.65,0.5589,0.1228,2.719,3.4689,21.0,1.0,0.0,DATA_EXFILTRATION
67.9511,9.0,4.0,5.0,1960.36,1194.93,765.43,28.85,0.13,0.2191,217.82,84.36,91.27,369.67,243.23,250.14,0.2382,14399.48,1313.09,2879.9,31678.86,0.0912,0.895,2.2192,4.018,16.0,1.0,0.0,C2_BEACONING
28.5241,47.0,17.0,30.0,42933.23,11361.68,31571.55,1505.15,1.65,-0.4707,913.47,323.02,428.95,1494.91,952.72,875.13,0.2925,606.9,913.56,121.38,1335.17,1.5053,0.0308,4.5039,2.4334,16.0,0.0,0.0,BENIGN_WEB
17.7712,15.0,4.0,11.0,11951.72,2301.57,9650.15,672.53,0.84,-0.6149,796.78,514.28,40.0,1500.0,786.3,752.69,0.2943,1184.75,1694.52,236.95,2606.44,1.4303,0.0382,4.782,2.9063,15.0,0.0,0.0,BENIGN_WEB
99.086,25.0,12.0,13.0,5856.6,2847.76,3008.84,59.11,0.25,-0.0275,234.26,101.92,81.39,417.71,206.73,268.11,0.2837,12095.1,957.28,2419.02,26609.22,0.0791,0.8845,2.1862,3.8406,16.0,1.0,1.0,C2_BEACONING
20.6636,37.0,14.0,23.0,35872.45,6362.13,29510.32,1736.02,1.79,-0.6453,969.53,326.86,479.24,1500.0,851.34,1058.62,0.2346,558.47,677.96,111.69,1228.64,1.2139,0.0328,3.9021,2.688,20.0,0.0,0.0,BENIGN_WEB
91.2925,18.0,9.0,9.0,6278.13,2951.19,3326.94,68.77,0.2,-0.0599,348.78,63.27,253.88,462.67,345.98,382.08,0.5255,7186.65,179.76,1437.33,15810.64,0.025,0.8967,2.4461,3.5506,18.0,1.0,0.0,C2_BEACONING
30.913,68.0,25.0,43.0,58376.09,8453.43,49922.67,1888.4,2.2,-0.7104,858.47,419.9,228.62,1500.0,973.8,814.4,0.4543,454.6,706.0,90.92,1000.13,1.553,0.1182,4.8005,2.4676,9.0,0.0,0.0,BENIGN_WEB
33.5055,737.0,594.0,143.0,910833.24,829222.88,81610.37,27184.56,22.0,0.8208,1235.87,238.97,877.41,1500.0,1144.15,1110.15,0.5806,38.13,11.16,7.63,83.88,0.2927,0.241,2.6958,3.5038,25.0,0.0,1.0,DATA_EXFILTRATION
34.6113,13.0,6.0,7.0,3953.98,1923.03,2030.96,114.24,0.38,-0.0273,304.15,57.43,218.01,407.53,283.59,314.5,0.3313,20246.25,1225.81,4049.25,44541.76,0.0605,0.9014,3.0575,3.5344,30.0,1.0,0.0,C2_BEACONING
21.1259,33.0,12.0,21.0,31884.48,8044.62,23839.86,1509.26,1.56,-0.4954,966.2,549.16,142.46,1500.0,1063.62,918.24,0.5476,640.18,682.55,128.04,1408.39,1.0662,0.1194,4.6709,2.3282,20.0,0.0,0.0,BENIGN_WEB
11.4677,67.0,22.0,45.0,45981.36,6999.67,38981.68,4009.63,5.84,-0.6955,686.29,342.91,171.93,1303.52,711.71,692.88,0.5458,171.16,130.8,34.23,376.55,0.7642,0.0976,4.3568,2.4511,15.0,0.0,0.0,BENIGN_WEB
2.978,56.0,16.0,40.0,48821.61,12950.04,35871.57,16393.89,18.8,-0.4695,871.81,323.93,385.92,1454.89,854.88,857.91,0.4579,53.18,48.75,10.64,116.99,0.9168,0.046,4.7202,2.9984,21.0,0.0,0.0,BENIGN_WEB
22.1056,53.0,19.0,34.0,35116.67,8934.0,26182.68,1588.59,2.4,-0.4912,662.58,530.33,40.0,1500.0,720.77,641.16,0.3453,417.09,328.62,83.42,917.59,0.7879,0.1275,4.0046,2.4775,16.0,0.0,0.0,BENIGN_WEB
27.9682,1542.0,1235.0,307.0,2211162.48,2082993.99,128168.49,79059.96,55.13,0.8841,1433.96,164.67,1186.96,1500.0,1384.92,1353.38,0.4017,37.13,9.21,7.43,81.69,0.2481,0.2067,2.7046,3.4818,27.0,1.0,0.0,DATA_EXFILTRATION
5.9505,65.0,19.0,46.0,52519.52,8584.13,43935.38,8826.08,10.92,-0.6731,807.99,463.93,112.1,1500.0,912.62,894.88,0.3846,91.55,83.94,18.31,201.4,0.9169,0.1049,4.1967,2.796,19.0,0.0,0.0,BENIGN_WEB
11.3342,1163.0,928.0,235.0,1676877.55,1626189.67,50687.89,147948.68,102.61,0.9395,1441.86,184.62,1164.92,1500.0,1408.31,1513.53,0.5123,38.99,16.07,7.8,85.77,0.4121,0.2212,2.316,3.4661,24.0,1.0,1.0,DATA_EXFILTRATION
6.9641,1489.0,1296.0,193.0,1952897.91,1901314.61,51583.3,280421.58,213.81,0.9472,1311.55,213.3,991.6,1500.0,1341.17,1200.17,0.4815,15.28,5.38,3.06,33.61,0.3524,0.1754,2.618,3.0754,21.0,0.0,0.0,DATA_EXFILTRATION
14.71,1390.0,1275.0,115.0,1930844.66,1793196.69,137647.97,131260.73,94.49,0.8574,1389.1,173.59,1128.71,1500.0,1557.01,1246.94,0.5893,22.16,8.06,4.43,48.75,0.3637,0.2266,2.2072,3.0169,19.0,0.0,0.0,DATA_EXFILTRATION
11.6913,84.0,26.0,58.0,74192.76,18353.39,55839.38,6346.0,7.18,-0.5053,883.25,519.3,104.3,1500.0,860.66,938.46,0.3353,139.18,215.68,27.84,306.2,1.5497,0.0597,3.6256,2.1348,20.0,0.0,0.0,BENIGN_WEB
66.567,21.0,10.0,11.0,8233.06,5344.74,2888.31,123.68,0.32,0.2984,392.05,72.57,283.2,522.67,382.45,428.3,0.3267,18968.5,1319.0,3793.7,41730.7,0.0695,0.9103,2.7341,3.6555,23.0,0.0,0.0,C2_BEACONING
27.2402,81.0,31.0,50.0,60367.3,11839.01,48528.29,2216.11,2.97,-0.6078,745.28,556.18,40.0,1500.0,804.71,843.28,0.3917,336.3,317.51,67.26,739.86,0.9441,0.0232,4.968,3.0164,17.0,0.0,0.0,BENIGN_WEB
18.5221,48.0,14.0,34.0,39456.22,5151.97,34304.25,2130.22,2.59,-0.7389,822.0,356.89,286.66,1464.41,741.44,844.77,0.5026,385.88,671.24,77.18,848.93,1.7395,0.1031,4.5719,2.4529,8.0,0.0,0.0,BENIGN_WEB
75.3721,18.0,9.0,9.0,3984.7,2107.24,1877.47,52.87,0.24,0.0577,221.37,88.36,88.83,380.42,250.16,231.96,0.4307,16024.55,1103.01,3204.91,35254.0,0.0688,0.8865,2.8196,4.0655,19.0,0.0,1.0,C2_BEACONING
18.4329,57.0,20.0,37.0,41867.23,9379.38,32487.85,2271.33,3.09,-0.5519,734.51,359.55,195.19,1381.7,656.45,637.23,0.2509,323.38,358.35,64.68,711.45,1.1081,0.0248,4.5035,2.9742,8.0,0.0,0.0,BENIGN_WEB
37.755,1126.0,915.0,211.0,1492462.98,1435815.03,56647.95,39530.24,29.82,0.9241,1325.46,110.58,1159.59,1500.0,1335.88,1466.71,0.2444,27.83,17.53,5.57,61.23,0.6298,0.2675,2.0466,3.5994,19.0,0.0,1.0,DATA_EXFILTRATION
14.4666,49.0,14.0,35.0,34374.19,9749.44,24624.75,2376.1,3.39,-0.4327,701.51,493.26,40.0,1500.0,804.52,620.79,0.2528,295.24,455.16,59.05,649.52,1.5417,0.0888,3.9125,2.6512,20.0,0.0,0.0,BENIGN_WEB
28.0995,49.0,19.0,30.0,40192.52,9493.89,30698.63,1430.36,1.74,-0.5276,820.26,466.68,120.23,1500.0,895.76,746.86,0.3272,573.46,743.47,114.69,1261.61,1.2965,0.0122,4.1066,2.6409,11.0,0.0,0.0,BENIGN_WEB
9.7428,16.0,5.0,11.0,15039.01,3801.65,11237.36,1543.6,1.64,-0.4944,939.94,328.04,447.88,1500.0,883.33,1049.04,0.3309,608.92,919.24,121.78,1339.63,1.5096,0.0982,4.0432,2.5815,10.0,0.0,0.0,BENIGN_WEB
42.0111,861.0,682.0,179.0,1073080.77,980429.0,92651.77,25542.77,20.49,0.8273,1246.32,181.88,973.5,1500.0,1100.02,1233.81,0.5024,43.35,22.32,8.67,95.38,0.5149,0.2062,1.9095,3.2161,25.0,1.0,0.0,DATA_EXFILTRATION
50.3336,1065.0,900.0,165.0,1413912.13,1363212.28,50699.85,28090.84,21.16,0.9283,1327.62,175.57,1064.26,1500.0,1266.59,1224.91,0.4079,24.13,10.71,4.83,53.08,0.4439,0.1806,2.6875,3.5055,28.0,0.0,0.0,DATA_EXFILTRATION
20.1325,44.0,13.0,31.0,29236.62,5798.63,23437.99,1452.21,2.19,-0.6033,664.47,385.71,85.9,1358.75,747.43,676.44,0.5999,457.56,672.74,91.51,1006.63,1.4703,0.0176,4.5014,2.8834,20.0,0.0,0.0,BENIGN_WEB
74.4951,19.0,9.0,10.0,4030.32,1813.69,2216.63,54.1,0.26,-0.1,212.12,115.27,40.0,419.61,236.64,190.59,0.4644,21046.37,813.29,4209.27,46302.01,0.0386,0.9746,2.8804,3.989,18.0,1.0,1.0,C2_BEACONING
95.9826,17.0,8.0,9.0,5577.53,3413.91,2163.62,58.11,0.18,0.2242,328.09,63.0,233.58,441.5,343.98,290.8,0.5579,12486.21,521.39,2497.24,27469.67,0.0418,0.982,2.8084,3.5596,25.0,0.0,0.0,C2_BEACONING
47.2084,18.0,9.0,9.0,6870.57,3439.46,3431.1,145.54,0.38,0.0012,381.7,72.71,272.64,512.57,435.89,343.74,0.1881,24321.6,762.83,4864.32,53507.52,0.0314,0.9215,2.7473,3.4849,29.0,1.0,0.0,C2_BEACONING
2.8446,82.0,26.0,56.0,75831.38,20341.25,55490.14,26658.16,28.83,-0.4635,924.77,534.23,123.43,1500.0,884.28,1050.21,0.2396,34.69,49.96,6.94,76.32,1.4402,0.0672,3.6528,2.5733,16.0,0.0,0.0,BENIGN_WEB
11.299,35.0,13.0,22.0,32601.37,5964.18,26637.19,2885.33,3.1,-0.6341,931.47,574.64,69.5,1500.0,958.22,843.64,0.4377,322.83,389.52,64.57,710.22,1.2066,0.0987,4.5806,2.4597,15.0,0.0,0.0,BENIGN_WEB
14.6515,77.0,29.0,48.0,48439.26,9818.52,38620.74,3306.1,5.26,-0.5946,629.08,392.21,40.77,1335.06,548.02,597.53,0.2139,190.28,190.78,38.06,418.61,1.0026,0.101,4.2107,2.1084,20.0,0.0,0.0,BENIGN_WEB
24.8919,651.0,576.0,75.0,903803.99,862198.24,41605.75,36309.13,26.15,0.9079,1388.33,179.0,1119.82,1500.0,1395.38,1182.65,0.5686,30.45,6.95,6.09,66.99,0.2284,0.1388,2.8388,2.9277,26.0,0.0,0.0,DATA_EXFILTRATION
21.5402,27.0,7.0,20.0,24992.25,3831.04,21161.21,1160.26,1.25,-0.6934,925.64,554.97,93.19,1500.0,1034.76,928.96,0.3875,797.78,907.77,159.56,1755.13,1.1379,0.0315,3.8458,2.8786,14.0,0.0,0.0,BENIGN_WEB
85.6524,20.0,10.0,10.0,6036.99,3078.71,2958.29,70.48,0.23,0.0199,301.85,121.74,119.25,520.97,335.75,299.91,0.44,19290.71,2084.39,3858.14,42439.57,0.1081,0.973,2.3632,4.2018,19.0,1.0,1.0,C2_BEACONING
28.6509,12.0,6.0,6.0,3422.07,1566.86,1855.21,119.44,0.42,-0.0843,285.17,97.04,139.62,459.84,245.54,243.26,0.3904,13902.16,561.32,2780.43,30584.76,0.0404,0.8908,2.8082,3.8295,26.0,1.0,1.0,C2_BEACONING
55.3358,18.0,9.0,9.0,6579.72,2979.34,3600.38,118.91,0.33,-0.0944,365.54,104.27,209.14,553.22,327.64,384.82,0.2049,10702.17,679.51,2140.43,23544.77,0.0635,0.9174,2.1691,3.6423,27.0,0.0,1.0,C2_BEACONING
34.0096,1039.0,883.0,156.0,1365638.44,1291877.15,73761.29,40154.51,30.55,0.892,1314.38,127.26,1123.49,1500.0,1282.26,1466.7,0.5723,28.43,7.79,5.69,62.56,0.2741,0.1823,2.647,3.5006,14.0,0.0,0.0,DATA_EXFILTRATION
21.2623,1456.0,1258.0,198.0,2030092.13,1894283.01,135809.12,95478.33,68.48,0.8662,1394.29,172.98,1134.83,1500.0,1223.06,1205.71,0.4027,29.61,15.25,5.92,65.15,0.5149,0.2698,2.0253,3.0736,18.0,1.0,0.0,DATA_EXFILTRATION
40.6157,16.0,8.0,8.0,3646.17,1865.32,1780.85,89.77,0.39,0.0232,227.89,103.89,72.04,414.89,234.58,260.23,0.2361,24858.26,1669.22,4971.65,54688.17,0.0671,0.9872,2.1177,3.5448,31.0,1.0,1.0,C2_BEACONING
21.5667,30.0,11.0,19.0,20733.7,5293.44,15440.26,961.38,1.39,-0.4894,691.12,515.75,40.0,1500.0,794.68,779.19,0.2705,718.89,559.75,143.78,1581.56,0.7786,0.029,4.9941,2.2929,21.0,0.0,0.0,BENIGN_WEB
10.8858,255.0,219.0,36.0,347036.9,332039.58,14997.32,31879.69,23.42,0.9136,1360.93,156.44,1126.27,1500.0,1446.15,1243.16,0.5515,43.08,27.29,8.62,94.78,0.6334,0.2516,2.2521,3.7491,20.0,1.0,1.0,DATA_EXFILTRATION
10.7878,17.0,6.0,11.0,11071.95,2707.83,8364.13,1026.34,1.58,-0.5109,651.29,521.19,40.0,1500.0,567.69,698.75,0.5113,634.58,589.06,126.92,1396.07,0.9283,0.094,4.6492,2.4809,10.0,0.0,0.0,BENIGN_WEB
15.3029,1229.0,1109.0,120.0,1553043.31,1431993.27,121050.04,101486.72,80.31,0.8441,1263.66,243.92,897.78,1500.0,1093.32,1165.69,0.3426,22.83,8.19,4.57,50.22,0.3589,0.2168,2.4283,3.175,28.0,0.0,0.0,DATA_EXFILTRATION
25.4479,1414.0,1228.0,186.0,1974284.95,1768761.82,205523.13,77581.33,55.56,0.7918,1396.24,169.65,1141.77,1500.0,1513.33,1301.53,0.3445,17.85,9.44,3.57,39.26,0.529,0.2406,1.9167,3.5663,17.0,0.0,1.0,DATA_EXFILTRATION
18.3114,67.0,20.0,47.0,47023.27,7628.98,39394.29,2567.98,3.66,-0.6755,701.84,379.1,133.19,1384.22,786.74,801.54,0.3148,273.3,270.12,54.66,601.27,0.9883,0.0931,4.6506,3.1,13.0,0.0,0.0,BENIGN_WEB
7.2916,1470.0,1170.0,300.0,1893743.44,1700946.01,192797.42,259714.2,201.6,0.7964,1288.26,132.83,1089.02,1500.0,1463.15,1164.75,0.4115,14.2,5.23,2.84,31.25,0.3683,0.1389,2.2115,3.0351,29.0,0.0,0.0,DATA_EXFILTRATION
107.1512,11.0,5.0,6.0,3744.91,1765.79,1979.12,34.95,0.1,-0.057,340.45,125.0,152.95,565.44,331.8,389.64,0.5677,18055.89,1101.7,3611.18,39722.96,0.061,0.9141,2.1825,3.8198,15.0,1.0,1.0,C2_BEACONING
2.0255,36.0,14.0,22.0,34596.0,3726.14,30869.86,17080.42,17.77,-0.7846,961.0,575.75,97.38,1500.0,1025.9,1080.85,0.6118,56.26,91.37,11.25,123.78,1.624,0.1108,4.2269,2.5609,10.0,0.0,0.0,BENIGN_WEB
62.6057,23.0,11.0,12.0,5963.69,2778.33,3185.36,95.26,0.37,-0.0683,259.29,101.73,106.7,442.4,289.0,276.69,0.6037,7397.2,598.12,1479.44,16273.83,0.0809,0.8923,2.9565,3.5342,20.0,0.0,0.0,C2_BEACONING
16.5173,51.0,15.0,36.0,43823.03,4973.03,38850.0,2653.15,3.09,-0.773,859.28,465.53,160.98,1500.0,892.63,825.06,0.6193,323.87,255.63,64.77,712.51,0.7893,0.1369,4.9861,2.3903,8.0,0.0,0.0,BENIGN_WEB
86.9753,24.0,12.0,12.0,7158.83,3588.45,3570.39,82.31,0.28,0.0025,298.28,131.32,101.31,534.66,311.11,266.11,0.4174,17242.93,1323.88,3448.59,37934.45,0.0768,0.9658,2.7075,3.5816,28.0,1.0,0.0,C2_BEACONING
10.0414,30.0,8.0,22.0,24141.98,6337.95,17804.03,2404.25,2.99,-0.4749,804.73,372.28,246.31,1474.84,756.7,869.34,0.4387,334.71,374.51,66.94,736.37,1.1189,0.0866,3.8229,3.018,9.0,0.0,0.0,BENIGN_WEB
101.1827,18.0,9.0,9.0,5044.13,2787.84,2256.29,49.85,0.18,0.1054,280.23,100.47,129.52,461.08,246.37,312.47,0.475,19172.61,1631.55,3834.52,42179.75,0.0851,0.9129,2.9844,4.0648,27.0,1.0,0.0,C2_BEACONING
77.5543,15.0,7.0,8.0,4226.36,2080.58,2145.79,54.5,0.19,-0.0154,281.76,53.71,201.19,378.44,254.0,255.68,0.3416,15894.31,823.35,3178.86,34967.48,0.0518,0.9583,2.1648,3.8571,26.0,1.0,1.0,C2_BEACONING
12.4936,35.0,14.0,21.0,22033.48,3441.28,18592.19,1763.59,2.8,-0.6876,629.53,349.07,105.92,1257.86,578.97,646.16,0.5077,356.96,375.4,71.39,785.31,1.0517,0.0675,5.0237,2.6077,14.0,0.0,0.0,BENIGN_WEB
11.2804,42.0,16.0,26.0,42835.9,6658.62,36177.28,3797.39,3.72,-0.6891,1019.9,417.32,393.92,1500.0,988.28,1113.96,0.2903,268.58,189.78,53.72,590.88,0.7066,0.1093,4.7502,2.2567,13.0,0.0,0.0,BENIGN_WEB
68.8677,25.0,12.0,13.0,10110.83,6324.84,3786.0,146.82,0.36,0.2511,404.43,49.74,329.82,493.97,364.33,440.03,0.6084,8619.97,208.3,1723.99,18963.93,0.0242,0.8855,2.5044,3.8823,32.0,1.0,0.0,C2_BEACONING
6.1006,22.0,8.0,14.0,20287.45,2186.08,18101.37,3325.51,3.61,-0.7845,922.16,542.78,107.99,1500.0,1041.41,958.87,0.3839,277.3,307.84,55.46,610.06,1.1101,0.0619,3.8095,2.419,11.0,0.0,0.0,BENIGN_WEB
105.0593,18.0,9.0,9.0,7129.11,4536.82,2592.29,67.86,0.17,0.2728,396.06,47.82,324.32,482.15,338.92,360.31,0.2092,6710.49,718.42,1342.1,14763.07,0.1071,0.9437,2.6906,3.7053,33.0,0.0,0.0,C2_BEACONING
23.9884,29.0,8.0,21.0,22986.64,5118.92,17867.71,958.24,1.21,-0.5546,792.64,536.6,40.0,1500.0,720.98,901.44,0.4525,827.19,726.68,165.44,1819.81,0.8785,0.1138,4.0993,3.0895,16.0,0.0,0.0,BENIGN_WEB
64.7646,10.0,5.0,5.0,3937.06,1871.11,2065.95,60.79,0.15,-0.0495,393.71,115.92,219.83,602.35,342.76,374.04,0.2547,7411.09,611.48,1482.22,16304.4,0.0825,0.8827,2.4117,3.4608,24.0,1.0,0.0,C2_BEACONING
31.0483,11.0,5.0,6.0,3500.71,2005.78,1494.93,112.75,0.35,0.1459,318.25,56.57,233.39,420.07,287.12,314.64,0.3305,9663.89,139.95,1932.78,21260.55,0.0145,0.9087,2.7714,4.0955,32.0,1.0,1.0,C2_BEACONING
109.1404,25.0,12.0,13.0,5683.02,2609.43,3073.59,52.07,0.23,-0.0817,227.32,92.76,88.18,394.29,233.49,256.43,0.5429,26979.17,1619.7,5395.83,59354.17,0.06,0.948,2.1567,3.7815,31.0,1.0,0.0,C2_BEACONING
31.8654,54.0,16.0,38.0,54526.57,5703.35,48823.23,1711.15,1.69,-0.7908,1009.75,498.87,261.45,1500.0,881.6,896.97,0.5571,590.1,799.23,118.02,1298.22,1.3544,0.132,4.081,2.8815,18.0,0.0,0.0,BENIGN_WEB
31.7297,1183.0,925.0,258.0,1640057.61,1462889.12,177168.49,51688.46,37.28,0.7839,1386.35,169.09,1132.72,1500.0,1421.69,1593.3,0.3217,17.63,6.24,3.53,38.79,0.3542,0.1962,2.5257,3.2748,24.0,0.0,0.0,DATA_EXFILTRATION
7.1493,34.0,10.0,24.0,36334.68,4046.83,32287.85,5082.27,4.76,-0.7772,1068.67,422.81,434.45,1500.0,927.36,1156.12,0.3578,210.27,352.19,42.05,462.6,1.6749,0.0861,4.0212,3.0588,12.0,0.0,0.0,BENIGN_WEB
71.3902,23.0,11.0,12.0,7462.6,4465.6,2997.0,104.53,0.32,0.1968,324.46,80.79,203.27,469.89,355.73,351.8,0.415,20263.36,301.41,4052.67,44579.39,0.0149,0.8982,2.8368,3.7506,18.0,1.0,1.0,C2_BEACONING
11.4306,1059.0,940.0,119.0,1357450.29,1301866.4,55583.89,118756.2,92.65,0.9181,1281.82,241.4,919.72,1500.0,1114.14,1279.24,0.4479,25.43,7.55,5.09,55.95,0.2968,0.2048,2.8996,3.6957,29.0,0.0,0.0,DATA_EXFILTRATION
22.8037,28.0,9.0,19.0,27796.42,8031.9,19764.52,1218.95,1.23,-0.4221,992.73,407.24,381.87,1500.0,1116.04,998.92,0.4386,814.42,714.37,162.88,1791.72,0.8772,0.0452,4.3904,2.8838,20.0,0.0,0.0,BENIGN_WEB
46.8696,14.0,7.0,7.0,5733.09,3289.95,2443.14,122.32,0.3,0.1477,409.51,64.38,312.94,525.38,406.43,450.86,0.3757,6929.16,385.13,1385.83,15244.15,0.0556,0.942,3.0714,3.6819,19.0,1.0,0.0,C2_BEACONING
46.8622,1572.0,1231.0,341.0,1954272.37,1808494.73,145777.64,41702.53,33.55,0.8508,1243.18,270.12,838.0,1500.0,1104.18,1286.46,0.2366,36.43,13.84,7.29,80.16,0.38,0.1897,1.942,2.9244,19.0,1.0,1.0,DATA_EXFILTRATION
6.0136,1555.0,1316.0,239.0,2212957.33,2157847.19,55110.13,367992.51,258.58,0.9502,1423.12,126.76,1232.99,1500.0,1554.22,1438.91,0.5436,46.79,23.5,9.36,102.93,0.5022,0.2236,2.7117,3.4651,24.0,1.0,1.0,DATA_EXFILTRATION
88.0644,11.0,5.0,6.0,2314.29,1196.8,1117.49,26.28,0.12,0.0343,210.39,85.64,81.93,364.55,201.65,232.02,0.4311,14130.02,903.43,2826.0,31086.05,0.0639,0.9672,3.0024,4.1042,22.0,1.0,0.0,C2_BEACONING
30.5874,13.0,6.0,7.0,4297.06,2652.21,1644.86,140.48,0.43,0.2344,330.54,75.61,217.13,466.64,292.65,331.94,0.4064,9070.42,737.15,1814.08,19954.93,0.0813,0.9139,2.5058,3.7992,18.0,1.0,1.0,C2_BEACONING
3.6494,38.0,13.0,25.0,29667.74,4016.68,25651.05,8129.49,10.41,-0.7292,780.73,388.22,198.4,1479.53,780.47,684.99,0.3579,96.04,126.02,19.21,211.28,1.3122,0.1314,4.5546,2.6379,16.0,0.0,0.0,BENIGN_WEB
34.1836,16.0,8.0,8.0,5842.73,3271.19,2571.54,170.92,0.47,0.1197,365.17,121.14,183.46,583.22,310.98,363.07,0.6128,17478.98,699.39,3495.8,38453.75,0.04,0.9652,2.5075,3.8819,16.0,1.0,0.0,C2_BEACONING
1.8453,50.0,19.0,31.0,51749.93,14061.5,37688.43,28043.81,27.1,-0.4566,1035.0,324.1,548.85,1500.0,899.02,1054.7,0.3702,36.91,57.13,7.38,81.19,1.548,0.0429,4.0768,2.4208,15.0,0.0,0.0,BENIGN_WEB
30.3304,65.0,18.0,47.0,53736.14,14400.21,39335.92,1771.69,2.14,-0.464,826.71,560.2,40.0,1500.0,782.66,834.86,0.5397,466.62,392.26,93.32,1026.57,0.8406,0.0364,4.9646,2.3284,17.0,0.0,0.0,BENIGN_WEB
48.7972,1547.0,1250.0,297.0,1925763.91,1895179.17,30584.73,39464.66,31.7,0.9682,1244.84,218.56,916.99,1500.0,1225.68,1384.19,0.5977,32.0,8.95,6.4,70.4,0.2798,0.2371,2.3823,3.8384,27.0,0.0,0.0,DATA_EXFILTRATION
35.723,16.0,8.0,8.0,5902.6,3118.75,2783.86,165.23,0.45,0.0567,368.91,88.46,236.23,528.13,344.9,339.44,0.472,25793.14,1779.2,5158.63,56744.91,0.069,0.9793,3.0974,4.106,25.0,1.0,1.0,C2_BEACONING
28.2822,32.0,10.0,22.0,32813.59,5019.03,27794.56,1160.22,1.13,-0.6941,1025.42,379.83,455.68,1500.0,875.1,899.48,0.1947,883.82,966.34,176.76,1944.4,1.0934,0.0998,4.1988,2.1116,9.0,0.0,0.0,BENIGN_WEB
54.3237,567.0,468.0,99.0,741745.04,720177.03,21568.01,13654.18,10.44,0.9418,1308.19,147.6,1086.8,1500.0,1501.05,1162.8,0.397,24.1,10.07,4.82,53.02,0.4178,0.1344,1.9971,3.0873,20.0,1.0,1.0,DATA_EXFILTRATION
5.4932,34.0,11.0,23.0,26054.54,4819.87,21234.67,4743.02,6.19,-0.63,766.31,531.19,40.0,1500.0,871.65,821.71,0.5391,161.57,149.92,32.31,355.44,0.9279,0.097,4.2526,2.836,11.0,0.0,0.0,BENIGN_WEB
100.4815,22.0,11.0,11.0,8872.09,5008.53,3863.56,88.3,0.22,0.1291,403.28,55.08,320.65,502.42,453.13,347.49,0.4224,6633.09,430.52,1326.62,14592.79,0.0649,0.9818,2.9545,3.8165,28.0,1.0,0.0,C2_BEACONING
85.5071,25.0,12.0,13.0,5585.94,2516.12,3069.82,65.33,0.29,-0.0991,223.44,128.39,40.0,454.55,213.11,222.3,0.2254,15832.44,1558.58,3166.49,34831.38,0.0984,0.9662,2.9564,3.5849,30.0,1.0,1.0,C2_BEACONING
14.4167,57.0,21.0,36.0,35881.4,8265.03,27616.37,2488.88,3.95,-0.5393,629.5,512.06,40.0,1500.0,558.78,693.69,0.3522,252.92,205.06,50.58,556.43,0.8108,0.0251,3.9706,2.8439,21.0,0.0,0.0,BENIGN_WEB
14.465,53.0,20.0,33.0,35191.79,5868.6,29323.19,2432.89,3.66,-0.6665,664.0,381.13,92.3,1350.03,763.0,680.57,0.386,272.93,262.09,54.59,600.44,0.9603,0.0693,4.2883,2.7943,8.0,0.0,0.0,BENIGN_WEB
7.1526,18.0,7.0,11.0,13642.14,3441.07,10201.07,1907.29,2.52,-0.4955,757.9,448.37,85.34,1500.0,841.23,694.42,0.4414,397.37,487.54,79.47,874.21,1.2269,0.1215,3.7437,2.5503,17.0,0.0,0.0,BENIGN_WEB
16.7646,17.0,6.0,11.0,12965.46,3565.0,9400.46,773.38,1.01,-0.4501,762.67,541.5,40.0,1500.0,698.72,805.17,0.2345,986.15,901.66,197.23,2169.53,0.9143,0.0317,3.6887,2.5374,10.0,0.0,0.0,BENIGN_WEB
21.287,52.0,15.0,37.0,45313.33,6069.53,39243.8,2128.69,2.44,-0.7321,871.41,358.22,334.08,1500.0,845.6,781.11,0.2789,409.36,340.27,81.87,900.6,0.8312,0.0123,5.0772,2.454,14.0,0.0,0.0,BENIGN_WEB
14.6903,75.0,28.0,47.0,49545.65,11524.0,38021.65,3372.69,5.11,-0.5348,660.61,411.12,43.93,1400.62,611.55,578.65,0.5006,195.87,188.86,39.17,430.91,0.9642,0.0767,3.962,2.9841,18.0,0.0,0.0,BENIGN_WEB
57.5551,21.0,10.0,11.0,6972.47,4486.86,2485.61,121.14,0.36,0.287,332.02,114.32,160.54,537.8,284.71,288.43,0.3636,9502.93,576.67,1900.59,20906.46,0.0607,0.9563,2.7082,3.7433,32.0,1.0,0.0,C2_BEACONING
82.7914,19.0,9.0,10.0,5610.72,3235.37,2375.35,67.77,0.23,0.1533,295.3,78.83,177.06,437.19,260.44,274.03,0.3418,23112.6,1811.81,4622.52,50847.73,0.0784,0.9437,2.1986,3.7075,19.0,0.0,0.0,C2_BEACONING
100.9441,9.0,4.0,5.0,2496.93,1517.55,979.38,24.74,0.09,0.2155,277.44,80.42,156.81,422.18,244.48,316.66,0.3621,24223.79,1130.33,4844.76,53292.33,0.0467,0.9042,2.4889,4.1511,31.0,1.0,0.0,C2_BEACONING
8.5828,58.0,19.0,39.0,55047.34,7429.84,47617.5,6413.67,6.76,-0.7301,949.09,370.09,393.96,1500.0,928.47,979.92,0.2616,147.98,148.59,29.6,325.55,1.0042,0.0314,5.0834,2.9826,21.0,0.0,0.0,BENIGN_WEB
10.759,76.0,27.0,49.0,47192.96,11826.19,35366.77,4386.36,7.06,-0.4988,620.96,472.53,40.0,1471.51,620.64,568.21,0.4088,141.57,209.08,28.31,311.45,1.4769,0.1287,3.7453,2.7881,15.0,0.0,0.0,BENIGN_WEB
7.9897,58.0,23.0,35.0,47280.48,9723.25,37557.23,5917.71,7.26,-0.5887,815.18,360.71,274.12,1464.46,885.76,884.83,0.4524,137.75,119.24,27.55,303.06,0.8656,0.0952,5.0749,2.1932,17.0,0.0,0.0,BENIGN_WEB
19.9815,736.0,631.0,105.0,916458.61,854838.96,61619.65,45865.3,36.83,0.8655,1245.19,187.25,964.31,1500.0,1172.26,1323.56,0.4685,28.02,12.74,5.6,61.65,0.4546,0.1878,1.9488,2.9458,19.0,1.0,0.0,DATA_EXFILTRATION
17.8919,1252.0,1121.0,131.0,1551598.91,1497839.99,53758.92,86720.63,69.98,0.9307,1239.3,141.97,1026.34,1494.84,1167.21,1112.34,0.4771,11.68,6.35,2.34,25.7,0.5434,0.2142,2.2078,3.2375,25.0,1.0,0.0,DATA_EXFILTRATION
42.8794,1214.0,1017.0,197.0,1554243.09,1510928.23,43314.86,36246.88,28.31,0.9443,1280.27,117.5,1104.01,1491.77,1424.87,1098.81,0.4707,28.7,14.77,5.74,63.13,0.5148,0.1804,2.0415,3.3821,17.0,1.0,0.0,DATA_EXFILTRATION
23.5046,74.0,26.0,48.0,72128.21,8342.25,63785.96,3068.69,3.15,-0.7687,974.71,526.38,185.13,1500.0,976.54,971.0,0.307,317.63,231.59,63.53,698.78,0.7291,0.0492,4.805,2.9037,21.0,0.0,0.0,BENIGN_WEB
30.4876,22.0,11.0,11.0,6742.57,3261.58,3480.98,221.16,0.72,-0.0325,306.48,76.22,192.15,443.68,277.07,310.63,0.3509,17701.11,339.54,3540.22,38942.44,0.0192,0.9259,2.5888,4.1828,16.0,1.0,0.0,C2_BEACONING
4.7365,24.0,7.0,17.0,24809.96,4772.38,20037.59,5238.06,5.07,-0.6153,1033.75,420.09,403.61,1500.0,1169.25,1073.82,0.558,197.35,172.21,39.47,434.18,0.8726,0.0596,4.4887,2.3718,17.0,0.0,0.0,BENIGN_WEB
23.5491,24.0,12.0,12.0,5436.11,3141.34,2294.77,230.84,1.02,0.1557,226.5,79.41,107.39,369.44,248.1,203.87,0.3822,19968.31,541.98,3993.66,43930.29,0.0271,0.9016,2.6866,4.1127,16.0,1.0,0.0,C2_BEACONING
13.4243,990.0,777.0,213.0,1349120.41,1213516.67,135603.75,100498.48,73.75,0.799,1362.75,164.36,1116.21,1500.0,1179.4,1542.33,0.3957,44.81,19.81,8.96,98.59,0.442,0.245,2.1732,3.714,16.0,0.0,1.0,DATA_EXFILTRATION
34.2309,1263.0,1016.0,247.0,1828100.6,1661034.28,167066.33,53404.94,36.9,0.8172,1447.43,200.78,1146.25,1500.0,1429.18,1506.02,0.4979,17.16,4.0,3.43,37.76,0.2328,0.2193,2.6088,3.7107,18.0,0.0,0.0,DATA_EXFILTRATION
10.6036,684.0,613.0,71.0,910636.1,849148.31,61487.78,85879.85,64.51,0.865,1331.34,135.7,1127.78,1500.0,1249.35,1492.4,0.2985,47.58,15.46,9.52,104.68,0.325,0.1995,2.7446,3.8228,27.0,0.0,1.0,DATA_EXFILTRATION
16.3556,65.0,20.0,45.0,67711.19,11302.86,56408.33,4139.95,3.97,-0.6661,1041.71,477.74,325.11,1500.0,1138.26,997.3,0.3837,251.62,199.25,50.32,553.57,0.7919,0.0549,5.0938,2.2954,18.0,0.0,0.0,BENIGN_WEB
19.9758,18.0,6.0,12.0,18192.17,3497.71,14694.46,910.71,0.9,-0.6155,1010.68,391.95,422.75,1500.0,975.88,1009.86,0.6167,1109.77,1592.28,221.95,2441.48,1.4348,0.0558,4.1234,2.4153,13.0,0.0,0.0,BENIGN_WEB
50.0178,21.0,10.0,11.0,5895.07,2866.68,3028.4,117.86,0.42,-0.0274,280.72,107.09,120.08,473.49,267.92,286.82,0.5083,15495.98,1484.73,3099.2,34091.15,0.0958,0.9134,2.4108,4.1424,30.0,1.0,0.0,C2_BEACONING
9.6811,71.0,20.0,51.0,74953.04,7261.12,67691.91,7742.24,7.33,-0.8062,1055.68,424.24,419.32,1500.0,1094.89,1089.38,0.3012,136.35,120.22,27.27,299.98,0.8817,0.0674,4.9724,2.277,12.0,0.0,0.0,BENIGN_WEB
14.6204,73.0,23.0,50.0,73214.63,17568.54,55646.1,5007.71,4.99,-0.5201,1002.94,560.45,162.26,1500.0,961.3,1033.26,0.4964,200.28,213.25,40.06,440.61,1.0648,0.0815,4.7977,2.8441,18.0,0.0,0.0,BENIGN_WEB
48.2142,1114.0,913.0,201.0,1380929.56,1276205.56,104724.0,28641.57,23.11,0.8483,1239.61,137.19,1033.83,1486.55,1126.9,1191.31,0.4489,35.32,13.24,7.06,77.71,0.3748,0.1805,2.8509,3.5072,24.0,1.0,1.0,DATA_EXFILTRATION
9.1236,38.0,15.0,23.0,32671.98,7606.09,25065.9,3581.04,4.17,-0.5344,859.79,338.9,351.44,1469.81,841.17,855.68,0.4607,240.09,284.11,48.02,528.21,1.1833,0.0629,3.7668,2.5357,15.0,0.0,0.0,BENIGN_WEB
29.6635,35.0,12.0,23.0,26482.26,5710.34,20771.91,892.75,1.18,-0.5687,756.64,321.29,274.7,1334.96,722.81,855.63,0.2418,847.53,1016.79,169.51,1864.56,1.1997,0.1225,4.9013,2.7426,17.0,0.0,0.0,BENIGN_WEB
67.4581,24.0,12.0,12.0,9269.36,5990.35,3279.02,137.41,0.36,0.2925,386.22,50.81,310.01,477.69,362.6,424.75,0.3662,21317.87,975.65,4263.57,46899.31,0.0458,0.892,2.6208,3.4669,15.0,1.0,0.0,C2_BEACONING
22.8359,15.0,5.0,10.0,14121.42,2131.87,11989.55,618.39,0.66,-0.6981,941.43,473.77,230.77,1500.0,983.0,902.33,0.3405,1522.4,1889.57,304.48,3349.27,1.2412,0.1281,5.0598,2.9911,15.0,0.0,0.0,BENIGN_WEB
108.1807,21.0,10.0,11.0,5041.74,2571.41,2470.33,46.6,0.19,0.02,240.08,84.76,112.94,392.65,257.75,234.49,0.2181,6847.14,247.57,1369.43,15063.71,0.0362,0.9062,2.6592,3.7655,26.0,0.0,0.0,C2_BEACONING
9.2068,25.0,7.0,18.0,18631.58,2112.7,16518.88,2023.69,2.72,-0.7732,745.26,565.41,40.0,1500.0,769.75,647.92,0.3799,368.27,385.13,73.65,810.19,1.0458,0.0933,4.938,2.7016,9.0,0.0,0.0,BENIGN_WEB
27.5689,26.0,8.0,18.0,22396.57,5680.12,16716.45,812.39,0.94,-0.4928,861.41,567.24,40.0,1500.0,753.18,798.17,0.5598,1060.34,1725.64,212.07,2332.75,1.6274,0.1249,3.7392,2.545,21.0,0.0,0.0,BENIGN_WEB
42.6289,10.0,5.0,5.0,3775.19,2460.82,1314.36,88.56,0.23,0.3037,377.52,53.22,297.68,473.32,330.55,391.68,0.4024,24390.06,2188.07,4878.01,53658.14,0.0897,0.9464,2.9401,3.5604,21.0,1.0,0.0,C2_BEACONING
13.1907,59.0,17.0,42.0,36742.4,8270.74,28471.66,2785.48,4.47,-0.5498,622.75,514.42,40.0,1500.0,574.02,664.67,0.502,223.57,292.96,44.71,491.86,1.3104,0.0461,4.9698,2.257,8.0,0.0,0.0,BENIGN_WEB
44.388,1276.0,1159.0,117.0,1640238.69,1567569.49,72669.2,36952.32,28.75,0.9114,1285.45,157.17,1049.7,1500.0,1370.26,1205.05,0.498,11.98,4.96,2.4,26.35,0.4144,0.1625,2.369,3.4519,15.0,1.0,0.0,DATA_EXFILTRATION
24.8983,67.0,20.0,47.0,48191.63,5044.18,43147.45,1935.54,2.69,-0.7907,719.28,574.79,40.0,1500.0,767.49,768.75,0.5789,371.62,318.6,74.32,817.55,0.8573,0.093,3.8557,2.3906,15.0,0.0,0.0,BENIGN_WEB
45.5665,422.0,369.0,53.0,602277.12,540072.33,62204.79,13217.54,9.26,0.7934,1427.2,228.65,1084.22,1500.0,1453.3,1373.03,0.4665,42.29,20.13,8.46,93.03,0.476,0.2713,2.096,3.7845,24.0,1.0,0.0,DATA_EXFILTRATION
86.466,18.0,9.0,9.0,5262.4,2631.91,2630.49,60.86,0.21,0.0003,292.36,75.91,178.49,428.99,253.03,282.53,0.3356,12445.29,205.88,2489.06,27379.64,0.0165,0.9783,2.5048,3.9755,27.0,0.0,1.0,C2_BEACONING
25.1824,39.0,13.0,26.0,35391.22,5958.28,29432.94,1405.4,1.55,-0.6633,907.47,334.44,405.8,1500.0,927.92,1012.51,0.4381,645.7,599.45,129.14,1420.54,0.9284,0.0171,4.2746,2.4474,9.0,0.0,0.0,BENIGN_WEB
15.6675,1198.0,1053.0,145.0,1646639.8,1619433.73,27206.07,105099.37,76.46,0.967,1374.49,200.91,1073.12,1500.0,1405.02,1276.75,0.3074,21.8,10.21,4.36,47.96,0.4684,0.1402,2.7056,3.3999,21.0,0.0,1.0,DATA_EXFILTRATION
42.595,536.0,427.0,109.0,714510.79,687197.98,27312.81,16774.53,12.58,0.9235,1333.04,236.15,978.82,1500.0,1178.57,1317.47,0.605,40.37,19.77,8.07,88.81,0.4898,0.2261,2.8528,2.9609,15.0,0.0,1.0,DATA_EXFILTRATION
30.9239,53.0,15.0,38.0,37797.38,4893.08,32904.3,1222.27,1.71,-0.7411,713.16,491.3,40.0,1500.0,709.51,637.17,0.6112,583.47,514.21,116.69,1283.64,0.8813,0.0916,3.9344,2.3621,11.0,0.0,0.0,BENIGN_WEB
19.1309,18.0,7.0,11.0,16453.0,1593.99,14859.01,860.02,0.94,-0.8062,914.06,495.15,171.34,1500.0,902.81,840.33,0.3505,1062.83,1059.57,212.57,2338.22,0.9969,0.0603,4.5646,2.4259,20.0,0.0,0.0,BENIGN_WEB
24.2579,22.0,11.0,11.0,8414.98,3951.25,4463.73,346.9,0.91,-0.0609,382.5,74.04,271.44,515.78,360.97,345.63,0.3105,18030.48,1547.88,3606.1,39667.05,0.0858,0.9341,2.1079,4.1351,28.0,0.0,0.0,C2_BEACONING
10.5066,78.0,28.0,50.0,57720.48,13374.02,44346.47,5493.73,7.42,-0.5366,740.01,373.43,179.86,1412.18,834.25,813.05,0.3721,134.7,95.85,26.94,296.34,0.7116,0.0167,4.6725,2.3183,17.0,0.0,0.0,BENIGN_WEB
22.446,78.0,27.0,51.0,74721.13,17097.83,57623.3,3328.93,3.48,-0.5424,957.96,557.01,122.45,1500.0,843.65,872.96,0.3837,287.77,369.39,57.55,633.09,1.2836,0.065,4.1833,2.9119,15.0,0.0,0.0,BENIGN_WEB
60.3784,20.0,10.0,10.0,4461.7,2119.56,2342.14,73.9,0.33,-0.0499,223.08,118.25,45.7,435.94,246.61,255.05,0.2079,10401.79,309.48,2080.36,22883.93,0.0298,0.9039,3.0295,3.7946,17.0,1.0,0.0,C2_BEACONING
23.1666,52.0,19.0,33.0,38645.66,7312.23,31333.43,1668.16,2.24,-0.6216,743.19,546.16,40.0,1500.0,833.58,815.22,0.2131,445.51,369.4,89.1,980.13,0.8292,0.0915,3.9487,3.0265,17.0,0.0,0.0,BENIGN_WEB
31.7956,72.0,21.0,51.0,65528.89,17530.93,47997.96,2060.94,2.26,-0.4649,910.12,432.57,261.27,1500.0,824.73,913.7,0.4226,441.61,638.55,88.32,971.53,1.446,0.0108,4.5153,2.7945,19.0,0.0,0.0,BENIGN_WEB
2.8412,54.0,22.0,32.0,53034.51,14644.63,38389.88,18666.28,19.01,-0.4477,982.12,414.76,359.98,1500.0,1098.3,904.59,0.4633,52.61,54.61,10.52,115.75,1.0378,0.1196,4.6831,3.0705,12.0,0.0,0.0,BENIGN_WEB
25.8054,82.0,23.0,59.0,70408.73,11037.83,59370.89,2728.45,3.18,-0.6865,858.64,492.56,119.8,1500.0,944.13,947.18,0.2722,314.7,451.61,62.94,692.34,1.4351,0.1234,4.3117,3.0751,17.0,0.0,0.0,BENIGN_WEB
30.5838,59.0,24.0,35.0,59530.65,11310.44,48220.21,1946.47,1.93,-0.62,1008.99,487.34,277.98,1500.0,1108.23,894.69,0.4245,518.37,829.89,103.67,1140.41,1.601,0.0553,4.001,2.6457,11.0,0.0,0.0,BENIGN_WEB
8.7679,52.0,17.0,35.0,44804.63,6844.38,37960.26,5110.07,5.93,-0.6945,861.63,488.74,128.52,1500.0,756.21,777.55,0.5856,168.61,226.88,33.72,370.95,1.3456,0.0516,5.0772,2.3323,12.0,0.0,0.0,BENIGN_WEB
3.5836,60.0,23.0,37.0,43533.25,5839.82,37693.42,12147.78,16.74,-0.7317,725.55,523.86,40.0,1500.0,712.52,812.35,0.1886,59.73,100.59,11.95,131.4,1.6842,0.1329,4.0833,2.5593,14.0,0.0,0.0,BENIGN_WEB
30.5475,41.0,13.0,28.0,31081.07,4816.26,26264.81,1017.47,1.34,-0.6901,758.07,579.34,40.0,1500.0,783.54,859.78,0.4739,745.06,753.31,149.01,1639.13,1.0111,0.0596,3.8091,2.6187,9.0,0.0,0.0,BENIGN_WEB
52.0316,20.0,10.0,10.0,8077.96,3728.94,4349.02,155.25,0.38,-0.0768,403.9,100.76,252.76,585.27,351.28,355.86,0.593,12721.09,423.24,2544.22,27986.41,0.0333,0.9465,2.7031,3.6363,24.0,1.0,0.0,C2_BEACONING
7.0562,1062.0,835.0,227.0,1297252.03,1250894.61,46357.42,183844.53,150.5,0.9285,1221.52,143.73,1005.92,1480.24,1403.59,1129.16,0.573,32.21,13.74,6.44,70.87,0.4265,0.1637,2.2928,3.5424,15.0,1.0,0.0,DATA_EXFILTRATION
97.587,23.0,11.0,12.0,8786.54,3914.05,4872.49,90.04,0.24,-0.1091,382.02,106.16,222.79,573.1,390.23,362.52,0.2184,21059.73,316.82,4211.95,46331.41,0.015,0.9285,2.3038,3.672,15.0,1.0,0.0,C2_BEACONING
27.9746,55.0,17.0,38.0,52865.69,8814.51,44051.18,1889.77,1.97,-0.6665,961.19,388.12,379.02,1500.0,1007.93,934.34,0.2771,508.63,667.9,101.73,1118.99,1.3131,0.0792,4.1165,2.3923,16.0,0.0,0.0,BENIGN_WEB
26.7225,25.0,9.0,16.0,24281.41,6899.67,17381.74,908.65,0.94,-0.4317,971.26,508.79,208.07,1500.0,855.77,864.51,0.2606,1068.9,762.18,213.78,2351.58,0.713,0.0442,4.9202,2.37,11.0,0.0,0.0,BENIGN_WEB
16.3721,16.0,5.0,11.0,11946.57,2999.94,8946.63,729.69,0.98,-0.4978,746.66,469.66,42.17,1500.0,673.27,842.49,0.2481,1023.26,1275.06,204.65,2251.17,1.2461,0.1171,4.6159,2.9019,13.0,0.0,0.0,BENIGN_WEB
29.222,11.0,5.0,6.0,2821.75,1668.82,1152.94,96.56,0.38,0.1828,256.52,108.34,94.02,451.53,237.24,275.68,0.2698,6637.52,618.46,1327.5,14602.54,0.0932,0.9771,2.4874,3.4902,25.0,0.0,1.0,C2_BEACONING
95.676,8.0,4.0,4.0,2715.46,1348.99,1366.48,28.38,0.08,-0.0064,339.43,72.92,230.05,470.69,298.04,332.95,0.2061,25377.54,2435.06,5075.51,55830.58,0.096,0.9668,2.4208,3.7851,31.0,1.0,1.0,C2_BEACONING
44.3978,1511.0,1281.0,230.0,1895048.85,1791402.52,103646.34,42683.4,34.03,0.8906,1254.17,225.64,915.7,1500.0,1108.41,1097.26,0.2286,40.64,20.23,8.13,89.41,0.4977,0.1447,2.7029,3.7614,14.0,1.0,0.0,DATA_EXFILTRATION
21.6571,52.0,17.0,35.0,45981.75,5339.82,40641.92,2123.17,2.4,-0.7677,884.26,527.8,92.57,1500.0,921.76,787.87,0.6068,416.48,306.49,83.3,916.26,0.7359,0.1018,4.5468,2.478,11.0,0.0,0.0,BENIGN_WEB
11.238,63.0,18.0,45.0,57535.5,11286.52,46248.98,5119.71,5.61,-0.6077,913.26,522.83,129.02,1500.0,802.0,986.43,0.2806,178.38,219.5,35.68,392.44,1.2305,0.1193,3.9533,2.5471,21.0,0.0,0.0,BENIGN_WEB
13.2599,67.0,24.0,43.0,70668.14,15844.74,54823.4,5329.48,5.05,-0.5516,1054.75,377.28,488.83,1500.0,1177.48,961.33,0.5723,197.91,226.52,39.58,435.4,1.1446,0.103,5.0125,3.0965,8.0,0.0,0.0,BENIGN_WEB
52.3467,19.0,9.0,10.0,3651.77,1626.79,2024.98,69.76,0.36,-0.109,192.2,92.54,53.38,358.78,190.03,200.31,0.2331,19116.47,1016.89,3823.29,42056.24,0.0532,0.9338,2.4637,3.6885,20.0,1.0,0.0,C2_BEACONING
28.0828,76.0,25.0,51.0,75792.04,14744.75,61047.3,2698.88,2.71,-0.6109,997.26,461.75,304.64,1500.0,1105.54,905.67,0.4818,369.51,278.23,73.9,812.92,0.753,0.1262,4.6109,2.1584,20.0,0.0,0.0,BENIGN_WEB
31.6525,22.0,6.0,16.0,17995.24,4898.71,13096.53,568.52,0.7,-0.4556,817.97,508.84,54.7,1500.0,754.76,874.79,0.4258,1438.75,2295.96,287.75,3165.25,1.5958,0.0115,3.975,2.5192,12.0,0.0,0.0,BENIGN_WEB
10.6791,23.0,8.0,15.0,15031.08,2893.97,12137.11,1407.53,2.15,-0.6149,653.53,363.3,108.58,1307.46,745.55,740.56,0.4049,464.31,812.53,92.86,1021.48,1.75,0.0258,4.8833,2.4387,9.0,0.0,0.0,BENIGN_WEB
90.8544,19.0,9.0,10.0,4847.36,2508.95,2338.41,53.35,0.21,0.0352,255.12,134.13,53.93,496.56,280.67,280.91,0.3828,21789.73,1484.99,4357.95,47937.4,0.0682,0.9079,3.0183,4.1295,25.0,1.0,0.0,C2_BEACONING
72.6964,24.0,12.0,12.0,6666.12,4187.7,2478.43,91.7,0.33,0.2564,277.76,100.54,126.94,458.73,315.13,316.4,0.4629,24714.07,892.0,4942.81,54370.96,0.0361,0.9719,2.4838,3.4947,22.0,1.0,1.0,C2_BEACONING
15.1387,62.0,25.0,37.0,51992.17,12434.83,39557.34,3434.4,4.1,-0.5217,838.58,363.94,292.68,1493.67,822.28,931.12,0.4309,244.17,279.84,48.83,537.18,1.1461,0.0775,4.2356,3.0312,9.0,0.0,0.0,BENIGN_WEB
12.0145,37.0,15.0,22.0,23525.38,4781.4,18743.99,1958.09,3.08,-0.5935,635.82,332.08,137.71,1233.56,562.44,642.9,0.5681,324.72,451.02,64.94,714.37,1.389,0.1298,4.1927,2.982,14.0,0.0,0.0,BENIGN_WEB
35.1557,1032.0,842.0,190.0,1284827.39,1173441.82,111385.57,36546.74,29.36,0.8266,1244.99,278.76,826.85,1500.0,1095.41,1291.04,0.4147,15.22,8.37,3.04,33.48,0.5499,0.1747,2.0436,3.0187,25.0,1.0,0.0,DATA_EXFILTRATION
93.9271,20.0,10.0,10.0,7226.02,3482.35,3743.67,76.93,0.21,-0.0362,361.3,98.73,213.2,539.02,370.26,366.93,0.4849,21414.97,1332.23,4282.99,47112.93,0.0622,0.8801,2.9916,3.6888,30.0,1.0,0.0,C2_BEACONING
23.9783,59.0,18.0,41.0,62421.25,10272.3,52148.95,2603.24,2.46,-0.6709,1057.99,465.22,360.15,1500.0,961.12,1014.51,0.2422,406.41,569.64,81.28,894.11,1.4016,0.0165,4.2684,2.7131,19.0,0.0,0.0,BENIGN_WEB
53.5838,25.0,12.0,13.0,9422.62,5191.41,4231.21,175.85,0.47,0.1019,376.9,99.02,228.37,555.15,423.31,360.45,0.4488,14768.86,706.63,2953.77,32491.49,0.0478,0.9088,2.5443,3.4998,22.0,1.0,0.0,C2_BEACONING
42.2589,13.0,6.0,7.0,3642.93,2006.69,1636.24,86.21,0.31,0.1017,280.23,68.31,177.76,403.18,302.32,315.16,0.3095,8983.59,537.66,1796.72,19763.9,0.0598,0.9363,2.1235,4.0982,15.0,0.0,0.0,C2_BEACONING
57.344,12.0,6.0,6.0,2796.4,1731.7,1064.71,48.77,0.21,0.2385,233.03,79.82,113.31,376.7,208.59,265.39,0.2229,14591.98,564.49,2918.4,32102.36,0.0387,0.9208,2.7837,3.9605,23.0,0.0,0.0,C2_BEACONING
95.6304,22.0,11.0,11.0,8868.46,4151.22,4717.24,92.74,0.23,-0.0638,403.11,53.49,322.88,499.39,404.79,362.91,0.4763,16701.54,564.0,3340.31,36743.38,0.0338,0.8819,2.5608,4.036,19.0,1.0,0.0,C2_BEACONING
31.3418,49.0,14.0,35.0,33698.22,5769.92,27928.29,1075.19,1.56,-0.6576,687.72,465.33,40.0,1500.0,585.99,766.47,0.5592,639.63,1006.09,127.93,1407.18,1.5729,0.0328,3.9658,2.103,20.0,0.0,0.0,BENIGN_WEB
72.7034,8.0,4.0,4.0,1792.66,1116.38,676.28,24.66,0.11,0.2455,224.08,60.9,132.74,333.7,206.74,198.26,0.3449,14277.3,1237.96,2855.46,31410.07,0.0867,0.9632,2.5127,3.9193,28.0,1.0,0.0,C2_BEACONING
30.469,39.0,13.0,26.0,27083.98,2481.2,24602.79,888.9,1.28,-0.8168,694.46,374.0,133.46,1367.66,738.59,716.36,0.3682,781.26,707.07,156.25,1718.76,0.905,0.0195,4.3256,3.0564,11.0,0.0,0.0,BENIGN_WEB
92.5988,17.0,8.0,9.0,3664.28,2026.37,1637.91,39.57,0.18,0.106,215.55,105.41,57.43,405.28,243.05,229.49,0.6062,23231.05,2070.03,4646.21,51108.31,0.0891,0.9234,2.6266,4.1455,25.0,0.0,1.0,C2_BEACONING
24.2657,74.0,30.0,44.0,50775.38,13598.85,37176.53,2092.48,3.05,-0.4644,686.15,516.72,40.0,1500.0,654.74,720.52,0.4223,327.91,420.31,65.58,721.41,1.2818,0.0429,4.3748,2.1219,15.0,0.0,0.0,BENIGN_WEB
31.8865,153.0,127.0,26.0,200840.98,188793.32,12047.66,6298.62,4.8,0.88,1312.69,185.12,1035.01,1500.0,1304.35,1364.32,0.3438,36.23,14.78,7.25,79.7,0.4079,0.1754,2.8695,3.678,23.0,0.0,1.0,DATA_EXFILTRATION
15.2219,69.0,24.0,45.0,72773.02,8092.28,64680.74,4780.8,4.53,-0.7776,1054.68,482.61,330.77,1500.0,934.54,910.17,0.2272,220.61,204.62,44.12,485.34,0.9275,0.1338,3.6497,2.6675,13.0,0.0,0.0,BENIGN_WEB
21.6981,21.0,7.0,14.0,15546.78,2558.4,12988.38,716.5,0.97,-0.6709,740.32,321.59,257.94,1319.18,772.25,702.22,0.2021,1033.24,778.54,206.65,2273.14,0.7535,0.1004,4.1261,2.5152,13.0,0.0,0.0,BENIGN_WEB
88.6902,9.0,4.0,5.0,2187.78,1151.63,1036.14,24.67,0.1,0.0528,243.09,56.33,158.59,344.48,259.39,270.27,0.4667,20611.83,1881.97,4122.37,45346.03,0.0913,0.9433,3.0414,3.6027,28.0,1.0,0.0,C2_BEACONING
5.8544,48.0,16.0,32.0,38905.97,10211.91,28694.07,6645.59,8.2,-0.475,810.54,365.69,262.01,1468.78,744.61,808.15,0.241,121.97,87.58,24.39,268.33,0.7181,0.11,4.391,2.7219,11.0,0.0,0.0,BENIGN_WEB
37.6514,20.0,10.0,10.0,4832.03,2672.42,2159.61,128.34,0.53,0.1061,241.6,118.32,64.12,454.58,213.19,210.29,0.5363,10847.81,712.54,2169.56,23865.19,0.0657,0.9058,2.2454,3.7019,27.0,0.0,1.0,C2_BEACONING
74.5338,24.0,12.0,12.0,4604.61,2935.28,1669.33,61.78,0.32,0.2749,191.86,95.84,48.1,364.37,170.99,199.0,0.4073,27614.57,2875.61,5522.91,60752.05,0.1041,0.9708,2.9889,4.0917,19.0,1.0,0.0,C2_BEACONING
32.271,1464.0,1291.0,173.0,1821245.59,1683312.76,137932.83,56435.93,45.37,0.8485,1244.02,115.44,1070.86,1451.81,1323.34,1163.23,0.3683,23.22,10.63,4.64,51.07,0.4578,0.1497,2.17,3.1912,22.0,0.0,0.0,DATA_EXFILTRATION
83.2179,13.0,6.0,7.0,4215.59,1953.79,2261.8,50.66,0.16,-0.0731,324.28,65.53,225.99,442.22,335.53,294.71,0.3493,12551.55,919.44,2510.31,27613.41,0.0733,0.9859,2.958,4.025,24.0,1.0,0.0,C2_BEACONING
8.7274,74.0,27.0,47.0,71875.22,17214.99,54660.23,8235.57,8.48,-0.521,971.29,327.78,479.62,1500.0,860.89,1037.68,0.4382,117.94,182.58,23.59,259.46,1.5481,0.0866,3.7318,3.0046,13.0,0.0,0.0,BENIGN_WEB
27.5209,42.0,17.0,25.0,35035.0,4033.25,31001.76,1273.03,1.53,-0.7698,834.17,523.32,49.19,1500.0,720.26,927.29,0.5764,655.26,703.8,131.05,1441.57,1.0741,0.0897,4.202,2.3029,15.0,0.0,0.0,BENIGN_WEB
15.8541,37.0,14.0,23.0,29262.44,3559.89,25702.55,1845.73,2.33,-0.7567,790.88,444.33,124.39,1500.0,747.48,722.23,0.2053,428.49,415.31,85.7,942.68,0.9692,0.0334,5.0539,2.337,10.0,0.0,0.0,BENIGN_WEB
27.2577,39.0,14.0,25.0,36580.91,4971.54,31609.37,1342.04,1.43,-0.7282,937.97,396.66,342.98,1500.0,807.74,798.12,0.4084,698.92,519.84,139.78,1537.61,0.7438,0.0421,4.1677,2.7166,17.0,0.0,0.0,BENIGN_WEB
24.3726,16.0,8.0,8.0,3997.24,1849.69,2147.56,164.01,0.66,-0.0745,249.83,108.19,87.55,444.56,274.63,215.66,0.5397,12888.39,1294.52,2577.68,28354.45,0.1004,0.9179,2.2935,3.9387,31.0,1.0,1.0,C2_BEACONING
57.0827,24.0,12.0,12.0,8826.86,4119.19,4707.67,154.63,0.42,-0.0667,367.79,120.45,187.11,584.6,394.82,350.31,0.3579,12814.66,853.67,2562.93,28192.25,0.0666,0.9668,2.6162,4.0447,21.0,1.0,0.0,C2_BEACONING
24.5206,21.0,7.0,14.0,14120.75,2534.55,11586.2,575.87,0.86,-0.641,672.42,540.54,40.0,1500.0,703.24,709.12,0.1867,1167.65,1898.18,233.53,2568.83,1.6256,0.0332,3.8183,2.6981,8.0,0.0,0.0,BENIGN_WEB
16.9749,551.0,496.0,55.0,719364.87,659307.8,60057.07,42378.12,32.46,0.833,1305.56,183.98,1029.6,1500.0,1190.28,1448.96,0.5957,19.21,4.75,3.84,42.26,0.2471,0.1633,2.5063,3.1077,16.0,0.0,1.0,DATA_EXFILTRATION
2.6996,69.0,20.0,49.0,63822.02,18452.32,45369.7,23641.53,25.56,-0.4218,924.96,573.59,64.57,1500.0,1060.87,1055.91,0.3735,39.12,29.74,7.82,86.07,0.7601,0.016,4.239,2.3467,13.0,0.0,0.0,BENIGN_WEB
27.6407,58.0,19.0,39.0,48900.92,5225.44,43675.48,1769.16,2.1,-0.7863,843.12,322.14,359.91,1422.97,723.63,849.41,0.5392,476.56,781.65,95.31,1048.44,1.6402,0.0601,4.6627,2.5919,16.0,0.0,0.0,BENIGN_WEB
26.7698,82.0,33.0,49.0,74187.27,10151.32,64035.95,2771.31,3.06,-0.7263,904.72,320.65,423.75,1481.89,820.82,862.63,0.513,326.46,358.89,65.29,718.21,1.0993,0.119,4.1484,2.4313,13.0,0.0,0.0,BENIGN_WEB
108.3105,16.0,8.0,8.0,3528.6,1797.7,1730.9,32.58,0.15,0.0189,220.54,103.83,64.79,407.43,226.86,238.81,0.2676,21675.91,1411.73,4335.18,47687.0,0.0651,0.9869,2.9001,3.6129,30.0,1.0,0.0,C2_BEACONING
15.8348,79.0,24.0,55.0,71765.05,11672.65,60092.39,4532.12,4.99,-0.6747,908.42,542.33,94.93,1500.0,902.65,817.68,0.524,200.44,285.04,40.09,440.97,1.4221,0.0425,3.9718,2.9151,9.0,0.0,0.0,BENIGN_WEB
34.4812,198.0,159.0,39.0,255982.07,237385.37,18596.7,7423.82,5.74,0.8547,1292.84,240.92,931.46,1500.0,1145.88,1400.9,0.5442,9.07,5.02,1.81,19.94,0.5539,0.249,2.892,3.7803,22.0,0.0,0.0,DATA_EXFILTRATION
19.6183,72.0,22.0,50.0,57956.96,5322.67,52634.29,2954.22,3.67,-0.8163,804.96,454.46,123.27,1500.0,705.3,916.44,0.3649,272.48,229.75,54.5,599.45,0.8432,0.0813,3.6423,2.5978,16.0,0.0,0.0,BENIGN_WEB
29.7841,77.0,26.0,51.0,75172.81,14899.46,60273.35,2523.92,2.59,-0.6036,976.27,373.61,415.86,1500.0,1007.63,954.64,0.3654,386.81,612.07,77.36,850.98,1.5824,0.0586,4.6406,2.3416,15.0,0.0,0.0,BENIGN_WEB
69.8137,20.0,10.0,10.0,3881.84,2498.03,1383.81,55.6,0.29,0.287,194.09,89.75,59.46,355.65,184.03,177.01,0.53,6006.38,420.68,1201.28,13214.04,0.07,0.9656,2.4235,3.692,15.0,1.0,0.0,C2_BEACONING
75.0248,16.0,8.0,8.0,5824.75,2958.0,2866.75,77.64,0.21,0.0157,364.05,104.08,207.93,551.38,402.32,391.78,0.228,24404.46,1477.58,4880.89,53689.8,0.0605,0.9859,2.8275,3.9836,18.0,0.0,1.0,C2_BEACONING
18.8412,47.0,15.0,32.0,32221.69,3425.73,28795.96,1710.17,2.49,-0.7874,685.57,502.47,40.0,1500.0,599.51,681.52,0.328,400.88,620.59,80.18,881.93,1.5481,0.1364,4.9303,2.5607,15.0,0.0,0.0,BENIGN_WEB
20.1858,301.0,274.0,27.0,401872.04,389485.08,12386.97,19908.62,14.91,0.9384,1335.12,140.24,1124.76,1500.0,1171.13,1257.04,0.5119,42.38,23.01,8.48,93.24,0.5428,0.1639,2.2918,3.2035,25.0,0.0,0.0,DATA_EXFILTRATION
8.5489,78.0,31.0,47.0,65792.46,18184.83,47607.63,7695.98,9.12,-0.4472,843.49,415.2,220.69,1500.0,765.01,718.49,0.4217,109.6,124.02,21.92,241.12,1.1315,0.055,3.8397,2.3935,17.0,0.0,0.0,BENIGN_WEB
3.6777,82.0,28.0,54.0,71213.5,20201.39,51012.11,19363.86,22.3,-0.4327,868.46,397.56,272.12,1500.0,782.55,935.61,0.2809,44.85,54.95,8.97,98.67,1.2253,0.0195,4.16,2.7386,16.0,0.0,0.0,BENIGN_WEB
11.4831,44.0,14.0,30.0,41570.84,7618.06,33952.77,3620.19,3.83,-0.6335,944.79,404.92,337.41,1500.0,1036.68,857.37,0.4142,260.98,241.83,52.2,574.15,0.9266,0.0246,4.1707,2.5635,13.0,0.0,0.0,BENIGN_WEB
24.024,10.0,5.0,5.0,3857.91,1759.96,2097.95,160.59,0.42,-0.0876,385.79,117.18,210.02,596.72,335.93,359.01,0.4903,17050.01,475.77,3410.0,37510.02,0.0279,0.9826,2.2498,4.0405,20.0,0.0,0.0,C2_BEACONING
91.7824,18.0,9.0,9.0,4327.19,2810.31,1516.88,47.15,0.2,0.2989,240.4,85.33,112.41,393.99,212.66,267.25,0.6056,10426.01,183.66,2085.2,22937.22,0.0176,0.9382,2.1494,3.5575,26.0,1.0,1.0,C2_BEACONING
72.1102,18.0,9.0,9.0,4356.54,2837.25,1519.29,60.42,0.25,0.3025,242.03,53.88,161.21,339.01,239.53,270.08,0.3381,12922.87,1350.3,2584.57,28430.32,0.1045,0.9083,2.9654,4.0349,27.0,0.0,1.0,C2_BEACONING
22.0954,1003.0,845.0,158.0,1254730.97,1130985.73,123745.25,56786.86,45.39,0.8028,1250.98,178.85,982.71,1500.0,1210.45,1366.17,0.5201,45.03,24.85,9.01,99.08,0.5517,0.2642,2.6142,3.1162,22.0,1.0,0.0,DATA_EXFILTRATION
14.9775,18.0,5.0,13.0,18259.21,3895.47,14363.74,1219.11,1.2,-0.5733,1014.4,451.21,337.59,1500.0,1108.79,918.41,0.2821,832.09,1063.71,166.42,1830.59,1.2784,0.1221,5.0206,2.3344,18.0,0.0,0.0,BENIGN_WEB
102.7579,10.0,5.0,5.0,3056.81,1822.94,1233.87,29.75,0.1,0.1927,305.68,65.51,207.42,423.59,308.77,266.71,0.2872,12672.04,389.54,2534.41,27878.49,0.0307,0.9888,2.8024,3.9873,27.0,1.0,0.0,C2_BEACONING
12.7617,27.0,9.0,18.0,18890.55,2439.01,16451.54,1480.26,2.12,-0.7418,699.65,522.62,40.0,1500.0,607.28,804.45,0.2186,472.65,423.05,94.53,1039.84,0.8951,0.0348,4.0454,3.0705,17.0,0.0,0.0,BENIGN_WEB
68.3571,8.0,4.0,4.0,3259.54,1774.04,1485.5,47.68,0.12,0.0885,407.44,134.35,205.92,649.27,451.1,461.62,0.231,22605.83,2475.96,4521.17,49732.84,0.1095,0.9047,2.8447,3.6588,32.0,1.0,0.0,C2_BEACONING
89.8566,11.0,5.0,6.0,3444.53,2077.09,1367.44,38.33,0.12,0.206,313.14,66.12,213.96,432.16,349.53,341.31,0.2627,6823.72,198.96,1364.74,15012.18,0.0292,0.9876,2.154,3.5367,18.0,1.0,0.0,C2_BEACONING
6.0846,83.0,33.0,50.0,66279.86,14803.86,51476.0,10893.13,13.64,-0.5533,798.55,370.82,242.32,1466.03,864.54,730.6,0.3249,73.31,76.9,14.66,161.28,1.049,0.0541,4.818,2.6288,12.0,0.0,0.0,BENIGN_WEB
83.0894,15.0,7.0,8.0,3648.57,1824.92,1823.65,43.91,0.18,0.0003,243.24,85.67,114.73,397.45,254.63,262.59,0.2715,19612.26,387.97,3922.45,43146.96,0.0198,0.9426,2.2627,3.8757,33.0,1.0,0.0,C2_BEACONING
48.3501,10.0,5.0,5.0,2539.53,1276.11,1263.43,52.52,0.21,0.005,253.95,97.56,107.61,429.56,259.45,269.96,0.5503,25355.76,2234.8,5071.15,55782.68,0.0881,0.8995,2.3862,3.518,26.0,0.0,0.0,C2_BEACONING
8.9509,34.0,13.0,21.0,35404.43,5783.36,29621.07,3955.41,3.8,-0.6733,1041.31,351.88,513.49,1500.0,907.0,1101.22,0.2633,263.26,363.52,52.65,579.18,1.3808,0.069,4.1138,2.7363,20.0,0.0,0.0,BENIGN_WEB
53.9979,1426.0,1203.0,223.0,1884117.38,1807832.3,76285.07,34892.41,26.41,0.919,1321.26,212.19,1002.98,1500.0,1129.29,1338.08,0.1951,35.3,22.7,7.06,77.66,0.6431,0.248,2.8085,3.7431,23.0,1.0,0.0,DATA_EXFILTRATION
2.6705,76.0,29.0,47.0,54519.32,5348.06,49171.26,20415.62,28.46,-0.8038,717.36,562.72,40.0,1500.0,703.29,675.76,0.5552,35.14,33.49,7.03,77.3,0.9532,0.0559,4.671,2.2076,8.0,0.0,0.0,BENIGN_WEB
24.7684,50.0,20.0,30.0,41027.29,8388.87,32638.41,1656.43,2.02,-0.5911,820.55,326.48,330.82,1408.21,837.05,833.33,0.494,495.37,459.8,99.07,1089.81,0.9282,0.0557,3.8665,2.4417,16.0,0.0,0.0,BENIGN_WEB
5.959,59.0,18.0,41.0,47597.61,10353.99,37243.62,7987.58,9.9,-0.5649,806.74,488.26,74.35,1500.0,809.08,697.4,0.3518,101.0,136.05,20.2,222.2,1.347,0.0306,4.2999,3.097,17.0,0.0,0.0,BENIGN_WEB
26.4039,33.0,10.0,23.0,24321.78,6141.08,18180.69,921.14,1.25,-0.495,737.02,473.18,40.0,1500.0,670.99,810.82,0.5266,800.12,1353.22,160.02,1760.26,1.6913,0.0355,4.2258,2.2412,20.0,0.0,0.0,BENIGN_WEB
29.2506,48.0,15.0,33.0,30745.41,5388.76,25356.65,1051.1,1.64,-0.6495,640.53,324.85,153.25,1225.26,562.08,681.69,0.4702,609.39,514.94,121.88,1340.65,0.845,0.0496,3.8529,2.3787,8.0,0.0,0.0,BENIGN_WEB
88.2261,19.0,9.0,10.0,6992.37,4298.11,2694.26,79.26,0.22,0.2294,368.02,113.92,197.14,573.08,393.39,405.24,0.5978,13410.52,1412.94,2682.1,29503.15,0.1054,0.9503,2.7858,4.1275,15.0,0.0,1.0,C2_BEACONING
27.2755,72.0,29.0,43.0,53836.71,8661.69,45175.02,1973.81,2.64,-0.6782,747.73,545.77,40.0,1500.0,781.57,639.55,0.4594,378.83,289.88,75.77,833.42,0.7652,0.0838,4.1847,2.191,18.0,0.0,0.0,BENIGN_WEB
43.4331,22.0,11.0,11.0,5908.68,3256.99,2651.69,136.04,0.51,0.1024,268.58,130.17,73.33,502.87,242.77,235.88,0.3607,27351.03,2988.01,5470.21,60172.27,0.1092,0.8952,3.0362,4.0297,30.0,1.0,0.0,C2_BEACONING
10.3397,72.0,30.0,42.0,50374.97,13675.11,36699.86,4872.01,6.96,-0.4571,699.65,447.31,40.0,1500.0,643.35,761.27,0.5613,143.61,230.21,28.72,315.93,1.6031,0.0521,4.3844,2.1433,11.0,0.0,0.0,BENIGN_WEB
28.9579,997.0,849.0,148.0,1386974.25,1371639.56,15334.69,47896.25,34.43,0.9779,1391.15,204.52,1084.36,1500.0,1403.5,1457.82,0.5015,14.88,9.66,2.98,32.74,0.6492,0.2116,2.7904,3.7793,21.0,0.0,0.0,DATA_EXFILTRATION
67.553,8.0,4.0,4.0,2871.48,1295.05,1576.44,42.51,0.12,-0.098,358.94,126.41,169.32,586.48,362.98,312.73,0.5138,5266.15,63.28,1053.23,11585.54,0.012,0.9306,2.4483,3.845,21.0,1.0,0.0,C2_BEACONING
19.8073,76.0,29.0,47.0,70343.04,14579.67,55763.38,3551.37,3.84,-0.5855,925.57,369.3,371.61,1500.0,833.96,1028.81,0.189,260.62,237.18,52.12,573.37,0.9101,0.0241,3.9595,2.5713,11.0,0.0,0.0,BENIGN_WEB
24.3068,8.0,4.0,4.0,2065.12,1250.18,814.95,84.96,0.33,0.2108,258.14,109.61,93.73,455.44,265.28,239.16,0.404,24784.81,393.92,4956.96,54526.58,0.0159,0.946,2.7152,4.1333,18.0,1.0,0.0,C2_BEACONING
12.7705,50.0,17.0,33.0,36938.08,3606.16,33331.92,2892.46,3.92,-0.8047,738.76,481.81,40.0,1500.0,707.89,670.34,0.3042,255.41,223.81,51.08,561.9,0.8763,0.1041,4.2075,2.5834,9.0,0.0,0.0,BENIGN_WEB
9.7117,665.0,593.0,72.0,903572.22,893498.26,10073.96,93039.92,68.47,0.9777,1358.76,218.24,1031.39,1500.0,1431.33,1494.08,0.5902,18.85,9.0,3.77,41.46,0.4774,0.1689,2.1208,3.8425,22.0,0.0,0.0,DATA_EXFILTRATION
39.0104,444.0,351.0,93.0,596345.24,553482.09,42863.15,15286.81,11.38,0.8562,1343.12,210.99,1026.64,1500.0,1266.82,1537.88,0.6129,15.99,4.05,3.2,35.17,0.2535,0.1769,2.8812,3.3647,29.0,0.0,1.0,DATA_EXFILTRATION
55.7323,24.0,12.0,12.0,5188.82,2921.12,2267.7,93.1,0.43,0.1259,216.2,77.89,99.37,356.4,188.88,209.74,0.201,12703.99,1124.31,2540.8,27948.77,0.0885,0.973,2.4272,4.2418,31.0,1.0,1.0,C2_BEACONING
25.424,60.0,19.0,41.0,64494.4,13790.7,50703.7,2536.75,2.36,-0.5723,1074.91,394.28,483.48,1500.0,919.01,1132.79,0.4266,423.73,710.81,84.75,932.21,1.6775,0.0532,4.3372,2.1346,9.0,0.0,0.0,BENIGN_WEB
69.3209,18.0,9.0,9.0,5530.09,2821.93,2708.16,79.78,0.26,0.0206,307.23,83.23,182.38,457.04,285.65,331.92,0.4619,17049.76,1024.31,3409.95,37509.47,0.0601,0.9625,2.932,3.4846,26.0,1.0,1.0,C2_BEACONING
87.2875,18.0,9.0,9.0,4294.11,1955.47,2338.64,49.2,0.21,-0.0892,238.56,125.04,51.0,463.63,211.6,206.32,0.3476,8358.67,553.59,1671.73,18389.06,0.0662,0.9189,2.1627,3.8716,30.0,0.0,0.0,C2_BEACONING
25.9776,22.0,11.0,11.0,8451.14,4032.94,4418.2,325.32,0.85,-0.0456,384.14,122.01,201.13,603.76,352.13,389.82,0.3313,21431.49,1930.13,4286.3,47149.28,0.0901,0.9204,2.463,3.5395,29.0,1.0,0.0,C2_BEACONING
7.3891,68.0,22.0,46.0,42435.45,4503.21,37932.24,5743.0,9.2,-0.7878,624.05,443.72,40.0,1422.74,656.12,590.4,0.2272,108.66,187.65,21.73,239.06,1.7269,0.1343,4.9567,2.9509,21.0,0.0,0.0,BENIGN_WEB
28.0168,62.0,18.0,44.0,55828.47,10372.56,45455.91,1992.68,2.21,-0.6284,900.46,450.38,224.89,1500.0,958.24,904.51,0.4896,451.88,659.22,90.38,994.14,1.4588,0.061,3.6745,2.869,9.0,0.0,0.0,BENIGN_WEB
22.894,45.0,13.0,32.0,36125.56,9532.52,26593.04,1577.95,1.97,-0.4723,802.79,326.48,313.07,1390.45,733.0,706.33,0.1952,508.76,581.04,101.75,1119.26,1.1421,0.1085,3.9311,2.2277,18.0,0.0,0.0,BENIGN_WEB
104.4555,25.0,12.0,13.0,8910.99,3980.3,4930.69,85.31,0.24,-0.1067,356.44,103.96,200.5,543.57,350.17,319.5,0.5218,22631.33,425.92,4526.27,49788.94,0.0188,0.8896,2.7191,3.7555,15.0,1.0,1.0,C2_BEACONING
21.8429,36.0,12.0,24.0,34116.03,3643.69,30472.34,1561.88,1.65,-0.7864,947.67,505.57,189.31,1500.0,875.1,924.31,0.5298,606.75,895.53,121.35,1334.84,1.476,0.0449,3.9717,2.2319,8.0,0.0,0.0,BENIGN_WEB
36.4703,1356.0,1058.0,298.0,1844776.69,1822421.39,22355.3,50582.95,37.18,0.9758,1360.45,240.88,999.14,1500.0,1213.81,1161.68,0.3915,36.03,7.95,7.21,79.26,0.2206,0.1508,2.1863,3.734,16.0,1.0,0.0,DATA_EXFILTRATION
31.2839,16.0,4.0,12.0,15083.76,3030.42,12053.34,482.16,0.51,-0.5982,942.73,322.33,459.24,1500.0,839.9,815.01,0.3352,1955.24,1429.92,391.05,4301.53,0.7313,0.0515,3.9267,2.476,20.0,0.0,0.0,BENIGN_WEB
4.5672,22.0,7.0,15.0,22673.58,3965.4,18708.18,4964.47,4.82,-0.6502,1030.62,459.16,341.88,1500.0,952.34,1066.48,0.2417,207.6,147.87,41.52,456.72,0.7123,0.1295,4.0048,2.1453,21.0,0.0,0.0,BENIGN_WEB
23.7903,955.0,759.0,196.0,1200803.84,1126369.43,74434.41,50474.6,40.14,0.876,1257.39,189.28,973.47,1500.0,1235.61,1088.58,0.2867,19.7,5.61,3.94,43.33,0.2848,0.1375,2.2631,2.9187,25.0,0.0,0.0,DATA_EXFILTRATION
3.9633,56.0,23.0,33.0,35637.36,4183.66,31453.7,8991.9,14.13,-0.7652,636.38,421.71,40.0,1395.46,661.31,701.23,0.2488,70.77,123.15,14.15,155.7,1.7401,0.0926,4.5289,2.2308,14.0,0.0,0.0,BENIGN_WEB
8.8351,28.0,10.0,18.0,22658.86,4121.55,18537.31,2564.65,3.17,-0.6362,809.25,414.59,187.35,1500.0,758.0,791.02,0.3642,315.54,431.38,63.11,694.19,1.3671,0.0721,4.7776,2.5981,13.0,0.0,0.0,BENIGN_WEB
2.8342,42.0,15.0,27.0,35810.53,4593.53,31217.0,12635.14,14.82,-0.7435,852.63,482.74,128.52,1500.0,794.21,768.32,0.4528,67.48,107.07,13.5,148.46,1.5867,0.1092,3.9861,2.1409,19.0,0.0,0.0,BENIGN_WEB
26.4957,84.0,28.0,56.0,85019.77,23231.9,61787.88,3208.81,3.17,-0.4535,1012.14,355.44,478.98,1500.0,1022.6,1083.74,0.4158,315.43,521.24,63.09,693.94,1.6525,0.0264,4.7665,2.7108,19.0,0.0,0.0,BENIGN_WEB
15.499,60.0,24.0,36.0,41785.66,7366.76,34418.9,2696.02,3.87,-0.6474,696.43,434.67,44.42,1478.83,719.34,742.28,0.4156,258.32,203.94,51.66,568.3,0.7895,0.0651,4.8028,2.7603,15.0,0.0,0.0,BENIGN_WEB
25.7827,82.0,27.0,55.0,60380.41,13023.6,47356.82,2341.9,3.18,-0.5686,736.35,359.47,197.14,1383.4,846.1,686.15,0.5759,314.42,305.79,62.88,691.73,0.9725,0.0427,4.9973,2.4686,20.0,0.0,0.0,BENIGN_WEB
27.1673,13.0,6.0,7.0,2733.95,1462.05,1271.9,100.63,0.48,0.0696,210.3,137.77,40.0,458.3,209.9,203.67,0.5241,14009.15,659.91,2801.83,30820.14,0.0471,0.8974,2.1825,3.9893,19.0,1.0,1.0,C2_BEACONING
23.5405,61.0,22.0,39.0,40053.34,10797.02,29256.32,1701.46,2.59,-0.4609,656.61,569.9,40.0,1500.0,573.49,646.3,0.345,385.91,368.83,77.18,849.0,0.9557,0.0613,5.0657,2.1851,12.0,0.0,0.0,BENIGN_WEB
4.8457,57.0,19.0,38.0,47150.46,7859.97,39290.49,9730.45,11.76,-0.6666,827.2,523.9,41.35,1500.0,908.67,869.76,0.3633,85.01,126.28,17.0,187.03,1.4854,0.0868,4.9135,3.0446,15.0,0.0,0.0,BENIGN_WEB
8.8033,78.0,22.0,56.0,60352.94,8889.69,51463.25,6855.74,8.86,-0.7054,773.76,440.46,113.06,1500.0,888.89,689.48,0.4503,112.86,132.44,22.57,248.3,1.1734,0.1396,4.4774,2.5973,19.0,0.0,0.0,BENIGN_WEB
9.9355,439.0,342.0,97.0,551974.96,519326.39,32648.57,55555.77,44.18,0.8817,1257.35,202.22,954.01,1500.0,1203.46,1088.04,0.297,20.8,5.98,4.16,45.76,0.2875,0.2298,2.8673,3.7046,19.0,1.0,0.0,DATA_EXFILTRATION
7.5147,66.0,18.0,48.0,53974.63,11326.24,42648.39,7182.57,8.78,-0.5803,817.8,362.14,274.59,1469.64,851.26,868.88,0.3911,113.86,161.25,22.77,250.49,1.4162,0.0811,4.9431,2.9276,17.0,0.0,0.0,BENIGN_WEB
21.7498,1055.0,925.0,130.0,1436408.27,1378542.89,57865.37,66042.39,48.51,0.9194,1361.52,132.42,1162.89,1500.0,1503.83,1391.59,0.4046,37.64,14.2,7.53,82.8,0.3773,0.185,1.9496,3.5955,22.0,1.0,0.0,DATA_EXFILTRATION
2.5053,40.0,16.0,24.0,41646.63,6617.13,35029.5,16623.19,15.97,-0.6822,1041.17,334.95,538.74,1500.0,888.82,908.33,0.2076,62.63,59.96,12.53,137.79,0.9573,0.1043,5.0509,2.6382,16.0,0.0,0.0,BENIGN_WEB
51.0455,21.0,10.0,11.0,8359.03,5074.83,3284.2,163.76,0.41,0.2142,398.05,62.45,304.37,510.46,367.93,417.53,0.2412,13992.11,1379.16,2798.42,30782.65,0.0986,0.9763,2.3426,4.1459,25.0,0.0,1.0,C2_BEACONING
12.9184,46.0,14.0,32.0,44829.28,8840.84,35988.44,3470.18,3.56,-0.6056,974.55,468.01,272.54,1500.0,855.9,888.38,0.1927,280.84,361.72,56.17,617.84,1.288,0.0612,4.8644,2.6897,11.0,0.0,0.0,BENIGN_WEB
49.7307,477.0,390.0,87.0,634507.6,604706.72,29800.88,12758.86,9.59,0.9061,1330.2,150.98,1103.73,1500.0,1298.63,1186.07,0.431,23.26,9.13,4.65,51.18,0.3925,0.2404,2.6219,3.1026,16.0,1.0,0.0,DATA_EXFILTRATION
103.1368,24.0,12.0,12.0,5425.65,2745.06,2680.59,52.61,0.23,0.0119,226.07,110.41,60.45,424.81,202.56,256.3,0.3174,16137.55,1537.54,3227.51,35502.61,0.0953,0.9432,2.4243,4.1675,20.0,1.0,0.0,C2_BEACONING
2.4983,68.0,22.0,46.0,53251.18,10936.36,42314.82,21314.98,27.22,-0.5893,783.11,403.42,177.98,1500.0,895.2,784.63,0.5808,36.74,51.88,7.35,80.83,1.412,0.0525,3.9876,2.4212,13.0,0.0,0.0,BENIGN_WEB
23.5259,69.0,23.0,46.0,65763.28,6734.29,59028.98,2795.35,2.93,-0.7952,953.09,520.04,173.04,1500.0,1065.67,1032.36,0.2649,340.96,566.75,68.19,750.1,1.6622,0.139,3.971,2.3235,14.0,0.0,0.0,BENIGN_WEB
45.6332,716.0,589.0,127.0,920153.65,853220.44,66933.21,20164.13,15.69,0.8545,1285.13,198.44,987.47,1500.0,1373.01,1418.84,0.5505,10.95,6.35,2.19,24.09,0.5805,0.1644,2.3777,2.9451,23.0,1.0,0.0,DATA_EXFILTRATION
47.7603,24.0,12.0,12.0,8499.45,4228.69,4270.76,177.96,0.5,-0.005,354.14,137.58,147.78,601.78,384.0,375.61,0.1879,18655.8,504.18,3731.16,41042.76,0.027,0.9604,2.1606,4.0003,17.0,1.0,0.0,C2_BEACONING
12.3085,41.0,14.0,27.0,35157.49,3334.79,31822.7,2856.35,3.33,-0.8103,857.5,336.64,352.53,1463.46,909.16,936.24,0.516,300.21,232.44,60.04,660.46,0.7743,0.0861,4.4198,2.9158,17.0,0.0,0.0,BENIGN_WEB
19.8978,79.0,29.0,50.0,76845.73,22163.0,54682.73,3862.03,3.97,-0.4232,972.73,549.0,149.23,1500.0,1039.35,897.75,0.3683,251.87,274.15,50.37,554.11,1.0884,0.069,4.6771,2.4977,17.0,0.0,0.0,BENIGN_WEB
89.3126,17.0,8.0,9.0,5922.16,3441.61,2480.55,66.31,0.19,0.1623,348.36,90.6,212.46,511.44,352.85,365.09,0.3995,17214.88,865.15,3442.98,37872.75,0.0503,0.9241,2.435,3.4617,28.0,1.0,0.0,C2_BEACONING
22.945,597.0,498.0,99.0,856363.73,817682.81,38680.92,37322.49,26.02,0.9097,1434.45,268.83,1031.21,1500.0,1405.34,1319.94,0.296,25.96,16.05,5.19,57.11,0.6181,0.1318,2.4152,3.4695,24.0,0.0,0.0,DATA_EXFILTRATION
31.9516,19.0,7.0,12.0,16837.23,3162.37,13674.86,526.96,0.59,-0.6244,886.17,560.69,45.13,1500.0,762.32,843.81,0.6049,1681.67,1931.12,336.33,3699.66,1.1483,0.0719,4.0558,2.6524,18.0,0.0,0.0,BENIGN_WEB
44.8112,22.0,11.0,11.0,5767.3,2920.17,2847.13,128.7,0.49,0.0127,262.15,130.77,65.99,497.54,274.78,290.64,0.363,8342.9,163.85,1668.58,18354.39,0.0196,0.9842,2.8587,4.2254,27.0,1.0,0.0,C2_BEACONING
24.7451,50.0,20.0,30.0,37966.94,4330.69,33636.25,1534.32,2.02,-0.7719,759.34,478.32,41.86,1500.0,666.61,717.83,0.4916,494.9,655.14,98.98,1088.79,1.3238,0.1061,4.0791,2.8902,21.0,0.0,0.0,BENIGN_WEB
24.6643,467.0,422.0,45.0,672745.64,644289.18,28456.46,27276.13,18.93,0.9154,1440.57,254.2,1059.27,1500.0,1228.29,1372.8,0.5358,39.12,20.15,7.82,86.07,0.5149,0.1453,1.972,3.0086,25.0,0.0,0.0,DATA_EXFILTRATION
16.2751,45.0,16.0,29.0,29789.9,2757.6,27032.29,1830.39,2.76,-0.8149,662.0,578.21,40.0,1500.0,627.36,680.55,0.3004,361.67,380.72,72.33,795.67,1.0527,0.0726,4.5498,2.6675,14.0,0.0,0.0,BENIGN_WEB
34.8853,1321.0,1085.0,236.0,1824628.26,1668216.55,156411.71,52303.67,37.87,0.8286,1381.25,144.74,1164.14,1500.0,1298.56,1385.9,0.1881,11.74,5.48,2.35,25.83,0.4665,0.274,2.4964,3.7883,19.0,1.0,0.0,DATA_EXFILTRATION
16.2369,46.0,13.0,33.0,46040.87,6939.08,39101.8,2835.57,2.83,-0.6986,1000.89,419.09,372.25,1500.0,947.96,1064.06,0.3608,352.98,260.73,70.6,776.55,0.7387,0.0459,4.7815,2.156,12.0,0.0,0.0,BENIGN_WEB
35.1427,16.0,8.0,8.0,3215.73,1985.13,1230.6,91.5,0.46,0.2346,200.98,139.65,40.0,452.35,192.16,193.44,0.228,26448.57,1129.88,5289.71,58186.85,0.0427,0.907,2.5641,3.7556,21.0,0.0,0.0,C2_BEACONING
92.0323,13.0,6.0,7.0,4742.99,2739.87,2003.13,51.54,0.14,0.1553,364.85,98.59,216.96,542.31,312.5,325.99,0.4578,21521.36,371.63,4304.27,47346.99,0.0173,0.8889,2.6775,3.7883,27.0,0.0,0.0,C2_BEACONING
3.5331,73.0,29.0,44.0,55711.56,12480.8,43230.76,15768.31,20.66,-0.5519,763.17,480.62,42.24,1500.0,749.59,702.1,0.4056,48.4,48.46,9.68,106.48,1.0013,0.083,3.7027,2.4055,15.0,0.0,0.0,BENIGN_WEB
20.8807,66.0,23.0,43.0,62355.67,6174.21,56181.47,2986.28,3.16,-0.802,944.78,564.34,98.28,1500.0,810.39,820.95,0.2769,316.37,268.45,63.27,696.02,0.8485,0.1237,4.1945,2.3733,14.0,0.0,0.0,BENIGN_WEB
44.944,23.0,11.0,12.0,7944.2,3757.98,4186.22,176.76,0.51,-0.0539,345.4,58.99,256.92,451.57,300.57,384.33,0.343,21790.83,677.71,4358.17,47939.83,0.0311,0.9886,2.5528,3.9976,25.0,1.0,1.0,C2_BEACONING
20.5388,55.0,22.0,33.0,36197.78,6435.98,29761.8,1762.41,2.68,-0.6444,658.14,328.41,165.52,1249.29,718.79,586.1,0.3517,373.43,633.28,74.69,821.55,1.6958,0.0684,4.1096,2.9066,21.0,0.0,0.0,BENIGN_WEB
41.207,1083.0,990.0,93.0,1508554.49,1386471.06,122083.43,36609.16,26.28,0.8381,1392.94,179.12,1124.26,1500.0,1535.68,1513.62,0.2803,38.36,24.05,7.67,84.4,0.6269,0.1354,2.8098,3.3851,27.0,0.0,0.0,DATA_EXFILTRATION
30.411,38.0,11.0,27.0,32249.57,8767.61,23481.96,1060.46,1.25,-0.4563,848.67,449.48,174.45,1500.0,848.14,794.85,0.4569,800.29,1245.91,160.06,1760.64,1.5568,0.0108,4.4096,2.4558,15.0,0.0,0.0,BENIGN_WEB
2.2086,68.0,27.0,41.0,52929.92,11074.36,41855.56,23965.23,30.79,-0.5815,778.38,339.74,268.77,1389.91,847.62,758.99,0.3107,32.48,38.57,6.5,71.46,1.1875,0.0531,4.5222,2.1461,15.0,0.0,0.0,BENIGN_WEB
49.7391,17.0,8.0,9.0,5212.58,2413.98,2798.59,104.8,0.34,-0.0738,306.62,79.76,186.98,450.2,278.69,296.68,0.5108,21048.52,714.5,4209.7,46306.74,0.0339,0.9155,2.3369,3.7945,19.0,0.0,0.0,C2_BEACONING
70.4706,12.0,6.0,6.0,2475.61,1221.06,1254.55,35.13,0.17,-0.0135,206.3,95.34,63.3,377.91,201.98,193.58,0.3541,25081.81,2347.35,5016.36,55179.98,0.0936,0.939,2.7852,4.2108,21.0,1.0,1.0,C2_BEACONING
7.6435,61.0,22.0,39.0,63720.02,6882.55,56837.47,8336.48,7.98,-0.784,1044.59,572.14,186.38,1500.0,1001.98,1044.58,0.3911,125.3,155.6,25.06,275.67,1.2418,0.0986,3.785,2.254,8.0,0.0,0.0,BENIGN_WEB
63.8263,13.0,6.0,7.0,4679.73,2890.88,1788.84,73.32,0.2,0.2355,359.98,79.59,240.6,503.24,349.02,341.48,0.438,14447.02,665.72,2889.4,31783.44,0.0461,0.9897,2.9053,3.9504,31.0,1.0,0.0,C2_BEACONING
82.3908,24.0,12.0,12.0,9146.77,4113.13,5033.64,111.02,0.29,-0.1006,381.12,76.67,266.11,519.12,425.34,344.91,0.45,14952.62,1475.47,2990.52,32895.77,0.0987,0.9517,2.6357,3.8123,30.0,1.0,0.0,C2_BEACONING
38.5012,12.0,6.0,6.0,2304.6,1327.91,976.7,59.86,0.31,0.1524,192.05,133.52,40.0,432.38,180.18,198.8,0.33,21990.51,952.45,4398.1,48379.11,0.0433,0.9636,2.4927,3.8201,25.0,1.0,0.0,C2_BEACONING
94.248,19.0,9.0,10.0,6985.15,4046.11,2939.04,74.11,0.2,0.1585,367.64,75.58,254.27,503.68,399.15,322.14,0.5645,5948.89,193.22,1189.78,13087.57,0.0325,0.9061,2.4206,4.0012,30.0,1.0,1.0,C2_BEACONING
18.4979,42.0,17.0,25.0,37261.04,4918.34,32342.71,2014.34,2.27,-0.736,887.17,538.22,79.83,1500.0,802.32,998.6,0.2889,440.43,426.75,88.09,968.94,0.9689,0.0453,4.2879,2.1506,15.0,0.0,0.0,BENIGN_WEB
7.1965,73.0,21.0,52.0,76484.16,9160.42,67323.74,10627.94,10.14,-0.7605,1047.73,524.85,260.45,1500.0,1191.9,977.93,0.4321,98.58,106.73,19.72,216.88,1.0827,0.0321,4.8164,2.6511,9.0,0.0,0.0,BENIGN_WEB
9.2139,75.0,30.0,45.0,76699.35,13712.31,62987.04,8324.32,8.14,-0.6424,1022.66,399.38,423.59,1500.0,1161.98,946.23,0.2382,122.85,199.13,24.57,270.27,1.6209,0.0371,4.7453,2.2324,8.0,0.0,0.0,BENIGN_WEB
76.5211,10.0,5.0,5.0,2149.55,1323.93,825.62,28.09,0.13,0.2318,214.96,59.49,125.72,322.04,206.32,217.43,0.5672,22261.66,1054.44,4452.33,48975.66,0.0474,0.8913,2.2285,4.028,22.0,0.0,1.0,C2_BEACONING
47.16,20.0,10.0,10.0,6979.32,4104.85,2874.48,147.99,0.42,0.1763,348.97,67.72,247.38,470.87,364.29,338.85,0.5179,21996.71,246.65,4399.34,48392.76,0.0112,0.9603,3.0478,4.1357,18.0,0.0,0.0,C2_BEACONING
40.6389,12.0,6.0,6.0,3982.89,2376.58,1606.31,98.01,0.3,0.1934,331.91,91.9,194.06,497.33,350.98,330.58,0.2226,22499.39,1154.93,4499.88,49498.67,0.0513,0.9247,2.1587,3.9838,17.0,1.0,0.0,C2_BEACONING
25.6364,172.0,138.0,34.0,220127.37,203856.84,16270.53,8586.51,6.71,0.8522,1279.81,218.77,951.66,1500.0,1191.29,1146.73,0.3267,35.84,22.21,7.17,78.84,0.6198,0.2266,2.4114,3.5506,17.0,0.0,0.0,DATA_EXFILTRATION
15.9795,22.0,8.0,14.0,20291.27,2493.26,17798.01,1269.83,1.38,-0.7543,922.33,500.69,171.3,1500.0,1031.42,869.26,0.2083,726.34,791.26,145.27,1597.95,1.0894,0.0366,4.6852,2.3113,19.0,0.0,0.0,BENIGN_WEB
2.9383,72.0,26.0,46.0,65178.81,15632.05,49546.76,22182.37,24.5,-0.5203,905.26,371.8,347.56,1500.0,912.69,1033.16,0.2339,40.81,32.5,8.16,89.78,0.7963,0.1284,4.5632,2.782,15.0,0.0,0.0,BENIGN_WEB
14.2698,83.0,32.0,51.0,79871.86,20409.05,59462.81,5597.25,5.82,-0.489,962.31,578.57,94.46,1500.0,901.91,910.97,0.4769,171.93,236.9,34.39,378.24,1.3779,0.0103,4.3576,2.3694,9.0,0.0,0.0,BENIGN_WEB
33.3306,1212.0,1080.0,132.0,1525583.62,1490891.51,34692.11,45771.28,36.36,0.9545,1258.73,259.18,869.96,1500.0,1403.1,1283.03,0.19,42.88,15.91,8.58,94.33,0.371,0.2443,2.4706,3.6658,26.0,0.0,0.0,DATA_EXFILTRATION
29.3269,880.0,799.0,81.0,1185123.2,1143821.6,41301.6,40410.74,30.01,0.9303,1346.73,229.02,1003.21,1500.0,1420.12,1353.73,0.4056,13.43,5.88,2.69,29.54,0.4377,0.2385,2.7911,3.3187,19.0,1.0,1.0,DATA_EXFILTRATION
14.1478,82.0,29.0,53.0,69058.5,11951.38,57107.11,4881.23,5.8,-0.6539,842.18,448.45,169.51,1500.0,793.76,845.65,0.4544,172.53,210.25,34.51,379.57,1.2186,0.061,3.7131,2.5271,13.0,0.0,0.0,BENIGN_WEB
15.8249,1157.0,972.0,185.0,1492471.14,1465596.53,26874.61,94311.55,73.11,0.964,1289.95,199.04,991.39,1500.0,1262.46,1450.61,0.4054,15.5,4.35,3.1,34.1,0.2805,0.2558,2.2824,3.4203,26.0,0.0,0.0,DATA_EXFILTRATION
57.0003,17.0,8.0,9.0,6747.6,3843.4,2904.2,118.38,0.3,0.1392,396.92,53.27,317.01,492.81,418.58,432.0,0.319,20668.04,1832.72,4133.61,45469.68,0.0887,0.9667,2.2848,3.4505,33.0,1.0,0.0,C2_BEACONING
2.4457,33.0,12.0,21.0,33902.09,4259.25,29642.84,13861.72,13.49,-0.7487,1027.34,501.55,275.0,1500.0,1153.8,991.69,0.5442,74.11,69.94,14.82,163.05,0.9437,0.0886,3.6678,3.0117,14.0,0.0,0.0,BENIGN_WEB
79.6625,13.0,6.0,7.0,4760.9,2433.94,2326.96,59.76,0.16,0.0225,366.22,95.81,222.5,538.68,316.15,356.91,0.5459,13377.96,1095.47,2675.59,29431.51,0.0819,0.9352,2.4996,4.165,31.0,1.0,1.0,C2_BEACONING
22.7718,80.0,31.0,49.0,73240.23,6920.43,66319.81,3216.27,3.51,-0.811,915.5,483.82,189.78,1500.0,889.87,1049.95,0.248,284.65,331.73,56.93,626.22,1.1654,0.0598,4.331,2.9715,20.0,0.0,0.0,BENIGN_WEB
20.459,71.0,27.0,44.0,55039.75,13268.88,41770.88,2690.24,3.47,-0.5178,775.21,409.03,161.67,1500.0,693.01,778.25,0.532,288.16,385.42,57.63,633.94,1.3376,0.0792,3.9039,2.3043,8.0,0.0,0.0,BENIGN_WEB
21.8588,1559.0,1339.0,220.0,2184679.83,1946259.97,238419.85,99944.91,71.32,0.7817,1401.33,262.03,1008.29,1500.0,1542.12,1457.12,0.4278,33.94,13.3,6.79,74.67,0.3919,0.227,2.5972,2.907,19.0,0.0,0.0,DATA_EXFILTRATION
45.3255,14.0,7.0,7.0,3121.3,1561.68,1559.62,68.86,0.31,0.0007,222.95,89.31,88.98,383.71,231.5,210.1,0.4629,20266.73,2089.64,4053.35,44586.81,0.1031,0.89,2.2148,3.6831,16.0,0.0,0.0,C2_BEACONING
77.1263,18.0,9.0,9.0,6109.29,2692.67,3416.61,79.21,0.23,-0.1185,339.4,130.27,144.01,573.88,337.69,349.67,0.2989,5800.19,195.33,1160.04,12760.41,0.0337,0.9019,2.8065,4.1824,30.0,1.0,1.0,C2_BEACONING
52.4115,185.0,165.0,20.0,250066.17,223789.48,26276.69,4771.21,3.53,0.7898,1351.71,276.76,936.57,1500.0,1407.24,1213.16,0.2434,16.63,5.25,3.33,36.58,0.3155,0.2447,2.4968,3.0088,22.0,0.0,1.0,DATA_EXFILTRATION
16.2855,25.0,8.0,17.0,17488.52,1907.7,15580.82,1073.87,1.54,-0.7818,699.54,520.5,40.0,1500.0,795.15,691.9,0.237,651.42,723.63,130.28,1433.12,1.1108,0.098,5.0011,3.0851,18.0,0.0,0.0,BENIGN_WEB
2.7446,72.0,29.0,43.0,60001.4,10958.08,49043.32,21861.46,26.23,-0.6347,833.35,410.03,218.3,1500.0,711.13,890.51,0.4493,38.12,33.3,7.62,83.86,0.8737,0.074,4.9177,2.3602,11.0,0.0,0.0,BENIGN_WEB
71.7674,25.0,12.0,13.0,9530.59,6260.78,3269.81,132.8,0.35,0.3138,381.22,131.41,184.11,617.76,402.37,405.67,0.1976,5255.59,145.79,1051.12,11562.3,0.0277,0.888,2.8638,4.1793,25.0,1.0,1.0,C2_BEACONING
8.0109,36.0,11.0,25.0,23871.78,6644.56,17227.23,2979.92,4.49,-0.4433,663.11,339.13,154.4,1273.55,595.62,643.06,0.4359,222.52,158.7,44.5,489.55,0.7132,0.1065,4.7525,2.1616,13.0,0.0,0.0,BENIGN_WEB
20.2537,29.0,11.0,18.0,26323.53,4333.73,21989.79,1299.69,1.43,-0.6707,907.71,451.25,230.84,1500.0,915.21,869.86,0.3699,698.4,1192.33,139.68,1536.48,1.7072,0.0343,3.8648,2.5755,21.0,0.0,0.0,BENIGN_WEB
2.9025,26.0,7.0,19.0,22012.08,5486.59,16525.49,7583.72,8.96,-0.5015,846.62,459.64,157.16,1500.0,925.49,826.08,0.5004,111.64,81.57,22.33,245.6,0.7307,0.0164,4.292,2.268,15.0,0.0,0.0,BENIGN_WEB
19.9567,33.0,11.0,22.0,22602.9,2419.25,20183.65,1132.6,1.65,-0.7859,684.94,351.4,157.84,1317.45,735.96,676.52,0.2256,604.75,952.01,120.95,1330.45,1.5742,0.1038,4.6142,2.1464,15.0,0.0,0.0,BENIGN_WEB
47.9426,846.0,727.0,119.0,1140197.38,1050705.3,89492.08,23782.53,17.65,0.843,1347.75,214.73,1025.66,1500.0,1269.53,1533.26,0.3652,27.11,6.06,5.42,59.64,0.2235,0.1403,2.4209,3.4859,23.0,1.0,1.0,DATA_EXFILTRATION
5.8863,63.0,26.0,37.0,46408.82,10634.53,35774.29,7884.15,10.7,-0.5417,736.65,435.29,83.71,1500.0,654.57,785.51,0.5495,93.43,125.69,18.69,205.55,1.3452,0.0311,4.1214,3.0562,14.0,0.0,0.0,BENIGN_WEB
49.3336,22.0,11.0,11.0,6732.86,3702.14,3030.72,136.48,0.45,0.0997,306.04,53.34,226.02,402.06,289.19,280.0,0.5172,17154.06,1629.8,3430.81,37738.93,0.095,0.8919,2.245,3.5933,26.0,1.0,0.0,C2_BEACONING
44.4657,707.0,638.0,69.0,937340.06,873922.69,63417.37,21080.06,15.9,0.8647,1325.8,201.07,1024.2,1500.0,1286.06,1523.48,0.2689,18.51,5.57,3.7,40.72,0.3007,0.15,2.3216,3.2159,16.0,0.0,0.0,DATA_EXFILTRATION
9.0828,712.0,639.0,73.0,932423.72,883623.91,48799.81,102658.72,78.39,0.8953,1309.58,184.86,1032.3,1500.0,1296.95,1418.66,0.5594,20.19,4.69,4.04,44.43,0.2322,0.178,2.8615,3.3779,26.0,0.0,0.0,DATA_EXFILTRATION
29.2874,32.0,12.0,20.0,31014.58,3153.84,27860.74,1058.97,1.09,-0.7966,969.21,566.36,119.67,1500.0,1053.46,1042.41,0.5071,915.23,880.96,183.05,2013.51,0.9626,0.0552,4.052,2.3344,9.0,0.0,0.0,BENIGN_WEB
2.0402,29.0,9.0,20.0,17980.33,2988.57,14991.76,8812.85,14.21,-0.6676,620.01,374.11,58.85,1293.4,666.72,709.03,0.3338,70.35,72.39,14.07,154.78,1.029,0.0389,4.5151,3.0098,17.0,0.0,0.0,BENIGN_WEB
24.531,75.0,22.0,53.0,80548.5,15204.01,65344.49,3283.54,3.06,-0.6225,1073.98,534.12,272.8,1500.0,1227.72,1218.74,0.3646,327.08,506.29,65.42,719.57,1.5479,0.0493,4.6604,2.7811,11.0,0.0,0.0,BENIGN_WEB
18.4865,69.0,22.0,47.0,59540.03,14218.8,45321.23,3220.73,3.73,-0.5224,862.9,348.62,339.97,1490.42,807.04,798.41,0.3213,267.92,190.2,53.58,589.43,0.7099,0.0728,4.4086,2.1591,16.0,0.0,0.0,BENIGN_WEB
19.0701,64.0,19.0,45.0,47004.53,9706.3,37298.22,2464.82,3.36,-0.587,734.45,487.84,40.0,1500.0,810.0,756.65,0.4542,297.97,456.64,59.59,655.54,1.5325,0.0262,4.2574,2.9576,10.0,0.0,0.0,BENIGN_WEB
16.6346,63.0,20.0,43.0,50899.09,13231.33,37667.76,3059.83,3.79,-0.4801,807.92,480.7,86.87,1500.0,746.86,716.29,0.3978,264.04,245.62,52.81,580.89,0.9302,0.0367,5.0868,3.0025,11.0,0.0,0.0,BENIGN_WEB
75.1001,8.0,4.0,4.0,3033.37,1699.22,1334.14,40.39,0.11,0.1204,379.17,130.21,183.85,613.55,389.15,365.87,0.347,26297.67,607.5,5259.53,57854.88,0.0231,0.9858,2.3125,3.7915,15.0,1.0,0.0,C2_BEACONING
25.3185,84.0,31.0,53.0,64268.69,14513.72,49754.96,2538.41,3.32,-0.5483,765.1,481.36,43.07,1500.0,673.1,662.49,0.3719,301.41,320.93,60.28,663.1,1.0648,0.0182,4.1722,2.9572,19.0,0.0,0.0,BENIGN_WEB
5.5126,42.0,14.0,28.0,36637.13,7614.07,29023.06,6646.09,7.62,-0.5844,872.31,359.06,333.72,1500.0,793.19,810.93,0.311,131.25,203.85,26.25,288.75,1.5531,0.0744,4.2019,3.0335,8.0,0.0,0.0,BENIGN_WEB
69.5406,21.0,10.0,11.0,5628.18,2649.6,2978.58,80.93,0.3,-0.0585,268.01,92.51,129.25,434.52,265.15,254.8,0.5074,16657.5,1649.03,3331.5,36646.49,0.099,0.9248,2.4278,4.2085,31.0,1.0,0.0,C2_BEACONING
7.22,28.0,11.0,17.0,20455.05,2434.59,18020.46,2833.12,3.88,-0.762,730.54,438.24,73.18,1500.0,818.54,728.16,0.2489,257.86,447.09,51.57,567.28,1.7339,0.1268,4.0816,2.5136,19.0,0.0,0.0,BENIGN_WEB
21.5438,668.0,573.0,95.0,949221.97,862124.13,87097.84,44060.19,31.01,0.8165,1420.99,121.45,1238.81,1500.0,1564.86,1582.25,0.1839,36.93,22.09,7.39,81.24,0.5982,0.2415,2.036,3.1262,24.0,1.0,0.0,DATA_EXFILTRATION
89.8707,20.0,10.0,10.0,4151.96,2194.96,1957.01,46.2,0.22,0.0573,207.6,138.69,40.0,457.24,233.51,222.01,0.3697,14313.39,1350.87,2862.68,31489.46,0.0944,0.9368,2.3388,3.4821,27.0,0.0,1.0,C2_BEACONING
41.9621,906.0,784.0,122.0,1247508.36,1199163.84,48344.52,29729.39,21.59,0.9225,1376.94,251.05,1000.37,1500.0,1227.6,1549.86,0.4571,12.55,5.98,2.51,27.62,0.476,0.2671,2.4415,3.8217,29.0,0.0,0.0,DATA_EXFILTRATION
26.9721,21.0,10.0,11.0,5886.16,3349.22,2536.95,218.23,0.78,0.138,280.29,53.64,199.83,376.85,255.18,299.69,0.385,16477.48,298.34,3295.5,36250.45,0.0181,0.9392,2.9733,3.5895,19.0,1.0,0.0,C2_BEACONING
89.1846,20.0,10.0,10.0,6920.39,4323.67,2596.72,77.6,0.22,0.2495,346.02,79.19,227.24,488.56,313.27,306.43,0.2033,20830.55,1995.14,4166.11,45827.21,0.0958,0.911,2.322,3.8695,17.0,1.0,0.0,C2_BEACONING
54.9687,1098.0,857.0,241.0,1411716.01,1264889.05,146826.96,25682.17,19.97,0.792,1285.72,229.39,941.63,1500.0,1421.12,1203.01,0.5008,43.66,12.52,8.73,96.05,0.2867,0.176,2.1848,2.9296,14.0,1.0,0.0,DATA_EXFILTRATION
83.9656,11.0,5.0,6.0,2968.54,1880.03,1088.51,35.35,0.13,0.2666,269.87,48.68,196.84,357.5,240.57,268.37,0.4645,25999.26,763.15,5199.85,57198.38,0.0294,0.9109,2.4777,3.5156,32.0,1.0,1.0,C2_BEACONING
81.2128,24.0,12.0,12.0,7789.11,4772.37,3016.74,95.91,0.3,0.2254,324.55,125.77,135.89,550.93,307.61,332.62,0.6092,26235.74,618.84,5247.15,57718.62,0.0236,0.9716,2.3729,4.1028,31.0,1.0,0.0,C2_BEACONING
10.1068,22.0,7.0,15.0,23625.89,3155.32,20470.57,2337.63,2.18,-0.7329,1073.9,578.63,205.95,1500.0,1170.39,914.41,0.4897,459.4,651.02,91.88,1010.68,1.4171,0.1283,4.3851,2.5181,12.0,0.0,0.0,BENIGN_WEB
103.9228,23.0,11.0,12.0,5961.36,2803.27,3158.09,57.36,0.22,-0.0595,259.19,109.48,94.97,456.25,280.26,278.68,0.51,5993.45,83.2,1198.69,13185.58,0.0139,0.9333,3.0472,3.9703,33.0,0.0,0.0,C2_BEACONING
23.4497,72.0,29.0,43.0,49475.45,12873.46,36601.98,2109.85,3.07,-0.4796,687.16,340.92,175.78,1300.82,632.95,746.24,0.4161,325.69,265.95,65.14,716.52,0.8166,0.1099,4.1791,2.5263,9.0,0.0,0.0,BENIGN_WEB
30.2448,35.0,10.0,25.0,33638.89,6005.3,27633.59,1112.22,1.16,-0.643,961.11,332.42,462.48,1500.0,896.48,939.03,0.5453,864.14,1340.71,172.83,1901.1,1.5515,0.1029,4.0911,2.4995,18.0,0.0,0.0,BENIGN_WEB
36.6054,1392.0,1229.0,163.0,1757417.85,1610424.97,146992.87,48009.74,38.03,0.8327,1262.51,186.33,983.02,1500.0,1395.18,1118.16,0.5998,16.66,5.05,3.33,36.65,0.3031,0.2611,2.6199,3.4205,16.0,0.0,0.0,DATA_EXFILTRATION
46.9993,8.0,4.0,4.0,2792.05,1365.85,1426.2,59.41,0.17,-0.0216,349.01,137.31,143.05,596.16,350.44,334.34,0.5664,15052.35,291.89,3010.47,33115.17,0.0194,0.9218,3.0299,3.487,27.0,1.0,1.0,C2_BEACONING
46.7172,945.0,855.0,90.0,1199723.48,1142708.27,57015.21,25680.53,20.23,0.905,1269.55,230.12,924.37,1500.0,1220.41,1108.77,0.3828,38.63,20.88,7.73,84.99,0.5406,0.2734,2.6172,3.2883,15.0,0.0,0.0,DATA_EXFILTRATION
22.2225,34.0,13.0,21.0,21242.99,4766.71,16476.28,955.92,1.53,-0.5512,624.79,547.6,40.0,1500.0,649.37,713.56,0.378,653.6,1068.4,130.72,1437.93,1.6346,0.1257,4.1524,2.8936,14.0,0.0,0.0,BENIGN_WEB
90.1401,12.0,6.0,6.0,2693.29,1327.94,1365.35,29.88,0.13,-0.0139,224.44,59.73,134.85,331.95,208.28,241.28,0.5785,10577.94,427.8,2115.59,23271.47,0.0404,0.9209,2.7809,3.5396,16.0,1.0,0.0,C2_BEACONING
17.1657,61.0,19.0,42.0,55938.08,11115.93,44822.15,3258.72,3.55,-0.6026,917.02,503.01,162.5,1500.0,854.18,884.3,0.2485,281.4,362.4,56.28,619.09,1.2878,0.0853,4.1773,2.4356,13.0,0.0,0.0,BENIGN_WEB
21.7275,20.0,7.0,13.0,14886.01,4192.81,10693.2,685.12,0.92,-0.4367,744.3,530.21,40.0,1500.0,815.25,730.05,0.3369,1086.38,1706.06,217.28,2390.03,1.5704,0.0306,3.8379,2.4706,9.0,0.0,0.0,BENIGN_WEB
34.0185,1103.0,962.0,141.0,1521787.04,1458401.66,63385.38,44734.09,32.42,0.9167,1379.68,158.81,1141.46,1500.0,1352.83,1379.13,0.4219,29.97,14.39,5.99,65.93,0.4801,0.1694,2.4068,3.2251,20.0,1.0,0.0,DATA_EXFILTRATION
92.1024,22.0,11.0,11.0,6327.75,2901.31,3426.45,68.7,0.24,-0.083,287.63,131.57,90.27,524.45,271.17,321.14,0.2607,17663.24,1796.28,3532.65,38859.14,0.1017,0.9425,2.8279,4.1583,19.0,1.0,1.0,C2_BEACONING
28.6166,23.0,8.0,15.0,21867.77,5913.22,15954.54,764.16,0.8,-0.4592,950.77,532.33,152.28,1500.0,880.22,1053.23,0.4601,1244.2,1641.41,248.84,2737.24,1.3192,0.0206,4.3087,2.9254,18.0,0.0,0.0,BENIGN_WEB
5.2308,38.0,14.0,24.0,29350.67,4518.87,24831.8,5611.18,7.26,-0.6921,772.39,529.39,40.0,1500.0,847.19,838.63,0.4162,137.65,106.52,27.53,302.83,0.7739,0.1151,3.6539,2.9654,12.0,0.0,0.0,BENIGN_WEB
12.2348,50.0,17.0,33.0,51553.04,7816.15,43736.9,4213.63,4.09,-0.6968,1031.06,399.01,432.55,1500.0,1076.08,1161.63,0.2607,244.7,288.57,48.94,538.33,1.1793,0.0904,4.7449,2.3017,21.0,0.0,0.0,BENIGN_WEB
51.8394,16.0,8.0,8.0,4938.64,2215.01,2723.63,95.27,0.31,-0.103,308.67,49.88,233.85,398.45,282.66,352.05,0.5795,19968.87,2004.04,3993.77,43931.51,0.1004,0.8915,2.2055,3.7586,17.0,1.0,1.0,C2_BEACONING
18.1978,35.0,14.0,21.0,22975.31,5979.93,16995.38,1262.53,1.92,-0.4794,656.44,335.26,153.54,1259.91,610.19,643.7,0.443,519.94,575.35,103.99,1143.86,1.1066,0.0676,3.6454,2.1992,9.0,0.0,0.0,BENIGN_WEB
48.2567,764.0,602.0,162.0,1106547.34,995127.85,111419.49,22930.46,15.83,0.7986,1448.36,111.88,1280.54,1500.0,1395.27,1408.74,0.4426,47.55,26.57,9.51,104.61,0.5589,0.1238,2.5226,3.7847,29.0,0.0,0.0,DATA_EXFILTRATION
39.3996,1378.0,1096.0,282.0,1862981.51,1756308.01,106673.5,47284.32,34.98,0.8855,1351.95,268.29,949.52,1500.0,1397.48,1294.68,0.6031,21.06,6.51,4.21,46.34,0.3092,0.1407,1.924,3.4229,21.0,0.0,1.0,DATA_EXFILTRATION
22.8502,68.0,24.0,44.0,52570.51,10368.55,42201.96,2300.66,2.98,-0.6055,773.1,339.84,263.33,1384.81,731.13,729.24,0.198,336.03,327.79,67.21,739.27,0.9755,0.033,3.7785,2.8511,11.0,0.0,0.0,BENIGN_WEB
7.4635,1010.0,902.0,108.0,1283068.36,1201549.14,81519.22,171913.2,135.33,0.8729,1270.36,167.46,1019.18,1500.0,1143.03,1197.71,0.2875,28.38,17.54,5.68,62.45,0.6179,0.2234,2.6535,2.9218,22.0,1.0,0.0,DATA_EXFILTRATION
56.4206,16.0,8.0,8.0,5758.72,2813.64,2945.08,102.07,0.28,-0.0228,359.92,113.81,189.2,564.78,316.27,335.5,0.2581,15187.84,821.1,3037.57,33413.25,0.0541,0.9655,3.0648,3.4831,15.0,1.0,0.0,C2_BEACONING
49.0206,446.0,404.0,42.0,581330.13,571203.95,10126.18,11858.89,9.1,0.9652,1303.43,138.23,1096.08,1500.0,1126.5,1293.29,0.4406,36.52,11.41,7.3,80.35,0.3125,0.2411,2.6776,3.3545,29.0,0.0,1.0,DATA_EXFILTRATION
11.52,42.0,13.0,29.0,38857.85,10839.26,28018.59,3373.08,3.65,-0.4421,925.19,523.38,140.12,1500.0,853.36,875.01,0.2425,274.29,460.55,54.86,603.43,1.6791,0.0926,4.2103,2.6398,13.0,0.0,0.0,BENIGN_WEB
47.5782,725.0,618.0,107.0,1003427.48,933565.55,69861.93,21090.07,15.24,0.8608,1384.04,275.36,971.0,1500.0,1489.32,1200.5,0.5338,14.11,4.64,2.82,31.05,0.3289,0.2768,2.3053,3.6279,28.0,0.0,0.0,DATA_EXFILTRATION
7.9774,83.0,30.0,53.0,52154.27,9128.2,43026.07,6537.77,10.4,-0.65,628.36,383.8,52.66,1319.21,640.09,686.71,0.5638,96.11,106.14,19.22,211.45,1.1043,0.103,3.9316,2.7144,20.0,0.0,0.0,BENIGN_WEB
34.4377,1391.0,1195.0,196.0,1914531.83,1859406.24,55125.59,55594.13,40.39,0.9424,1376.37,234.16,1025.13,1500.0,1325.52,1516.39,0.4116,23.83,8.26,4.77,52.43,0.3465,0.224,2.0139,2.9814,28.0,1.0,1.0,DATA_EXFILTRATION
24.4697,778.0,687.0,91.0,1051909.27,1034340.39,17568.88,42988.15,31.79,0.9666,1352.07,275.01,939.55,1500.0,1463.87,1197.73,0.4762,29.28,11.31,5.86,64.41,0.3865,0.163,2.5373,3.2832,25.0,0.0,0.0,DATA_EXFILTRATION
8.2324,23.0,6.0,17.0,22381.01,2091.24,20289.77,2718.66,2.79,-0.8131,973.09,380.43,402.44,1500.0,927.19,1075.68,0.349,357.93,437.67,71.59,787.44,1.2228,0.0726,4.9021,2.9345,13.0,0.0,0.0,BENIGN_WEB
31.0663,12.0,6.0,6.0,4006.79,1830.23,2176.56,128.98,0.39,-0.0864,333.9,66.58,234.03,453.74,332.1,323.56,0.6167,5098.37,553.75,1019.67,11216.42,0.1086,0.943,2.8776,3.9214,15.0,0.0,1.0,C2_BEACONING
9.0202,33.0,11.0,22.0,27506.46,5769.72,21736.74,3049.42,3.66,-0.5805,833.53,330.8,337.33,1428.96,834.93,769.13,0.2052,273.34,402.61,54.67,601.35,1.4729,0.1339,4.1143,2.2976,16.0,0.0,0.0,BENIGN_WEB
104.9423,18.0,9.0,9.0,4826.79,3029.85,1796.94,45.99,0.17,0.2554,268.16,101.18,116.39,450.27,266.69,270.91,0.3059,18394.56,894.25,3678.91,40468.02,0.0486,0.8821,3.0096,4.1095,19.0,1.0,0.0,C2_BEACONING
43.3885,23.0,11.0,12.0,7992.45,3881.43,4111.02,184.21,0.53,-0.0287,347.5,78.18,230.22,488.23,300.48,398.25,0.5079,21909.89,233.42,4381.98,48201.77,0.0107,0.932,2.85,3.8217,29.0,1.0,1.0,C2_BEACONING
17.2123,49.0,18.0,31.0,52746.31,5236.94,47509.37,3064.45,2.85,-0.8014,1076.46,448.2,404.15,1500.0,1022.14,1182.09,0.5603,351.27,450.19,70.25,772.8,1.2816,0.0381,4.2322,2.1345,15.0,0.0,0.0,BENIGN_WEB
22.087,10.0,5.0,5.0,2784.98,1664.93,1120.06,126.09,0.45,0.1956,278.5,89.27,144.59,439.19,245.01,243.0,0.3593,24428.07,1850.18,4885.61,53741.76,0.0757,0.9782,2.139,4.1235,26.0,1.0,1.0,C2_BEACONING
6.1855,1043.0,868.0,175.0,1499916.87,1363681.77,136235.1,242487.83,168.62,0.8183,1438.08,247.03,1067.54,1500.0,1223.12,1545.46,0.3634,28.97,16.3,5.79,63.73,0.5627,0.2473,1.9325,3.4399,22.0,1.0,1.0,DATA_EXFILTRATION
30.1322,14.0,7.0,7.0,5119.29,2341.85,2777.43,169.89,0.46,-0.0851,365.66,71.83,257.91,494.96,377.6,372.03,0.2599,24253.66,909.79,4850.73,53358.05,0.0375,0.982,3.0085,4.1348,15.0,1.0,0.0,C2_BEACONING
29.4131,40.0,15.0,25.0,27827.5,6670.35,21157.15,946.09,1.36,-0.5206,695.69,358.42,158.06,1340.83,609.41,643.42,0.5955,735.33,595.57,147.07,1617.72,0.8099,0.05,4.8747,2.4544,15.0,0.0,0.0,BENIGN_WEB
97.2841,12.0,6.0,6.0,3748.99,2050.9,1698.09,38.54,0.12,0.0941,312.42,75.91,198.54,449.06,275.23,326.97,0.4867,4969.6,482.43,993.92,10933.12,0.0971,0.9325,2.6132,3.9021,22.0,1.0,1.0,C2_BEACONING
7.8761,1401.0,1134.0,267.0,1921630.78,1728687.14,192943.65,243981.6,177.88,0.7992,1371.61,250.02,996.58,1500.0,1515.38,1182.41,0.5593,33.29,11.72,6.66,73.23,0.3521,0.2346,1.9072,3.5008,24.0,0.0,0.0,DATA_EXFILTRATION
28.9532,22.0,11.0,11.0,6657.28,3619.49,3037.79,229.93,0.76,0.0874,302.6,69.98,197.63,428.58,275.41,269.37,0.1975,20899.89,1763.51,4179.98,45979.76,0.0844,0.9679,2.6432,3.7394,16.0,0.0,0.0,C2_BEACONING
3.3559,78.0,27.0,51.0,55622.32,14233.38,41388.94,16574.3,23.24,-0.4882,713.11,441.65,50.62,1500.0,810.19,774.32,0.2316,43.02,30.28,8.6,94.65,0.7037,0.0823,4.1462,2.4328,9.0,0.0,0.0,BENIGN_WEB
54.8611,1366.0,1208.0,158.0,1774102.27,1739833.68,34268.59,32338.07,24.9,0.9614,1298.76,184.29,1022.33,1500.0,1250.62,1138.98,0.2573,47.49,13.93,9.5,104.49,0.2932,0.277,2.4724,3.5132,22.0,0.0,1.0,DATA_EXFILTRATION
14.6946,27.0,9.0,18.0,20592.64,1883.57,18709.07,1401.37,1.84,-0.8171,762.69,431.58,115.32,1500.0,835.83,679.97,0.3837,544.24,767.07,108.85,1197.34,1.4094,0.0322,4.4252,2.725,21.0,0.0,0.0,BENIGN_WEB
25.8164,80.0,24.0,56.0,59540.05,7862.39,51677.66,2306.29,3.1,-0.7359,744.25,571.15,40.0,1500.0,836.13,754.5,0.232,322.71,244.63,64.54,709.95,0.7581,0.103,3.9013,2.6869,18.0,0.0,0.0,BENIGN_WEB
10.1479,42.0,16.0,26.0,40217.32,8821.26,31396.05,3963.11,4.14,-0.5613,957.56,524.01,171.54,1500.0,872.6,960.86,0.444,241.62,197.25,48.32,531.56,0.8164,0.0717,4.5046,2.8775,8.0,0.0,0.0,BENIGN_WEB
11.8508,19.0,7.0,12.0,19957.94,4331.2,15626.74,1684.09,1.6,-0.566,1050.42,430.28,405.0,1500.0,1140.85,1168.35,0.498,623.73,964.14,124.75,1372.2,1.5458,0.1065,5.0981,2.7812,19.0,0.0,0.0,BENIGN_WEB
23.7368,25.0,8.0,17.0,26196.45,4815.23,21381.21,1103.62,1.05,-0.6324,1047.86,542.82,233.62,1500.0,945.13,948.64,0.4508,949.47,1041.68,189.89,2088.84,1.0971,0.0131,4.178,3.0473,20.0,0.0,0.0,BENIGN_WEB
22.084,58.0,22.0,36.0,42323.96,11648.55,30675.42,1916.5,2.63,-0.4496,729.72,332.97,230.26,1329.08,706.83,638.69,0.2697,380.76,532.92,76.15,837.67,1.3996,0.0173,4.9882,2.311,13.0,0.0,0.0,BENIGN_WEB
60.0757,10.0,5.0,5.0,2945.21,1323.83,1621.38,49.03,0.17,-0.101,294.52,63.56,199.18,408.93,294.37,257.68,0.4708,12159.49,564.86,2431.9,26750.87,0.0465,0.9015,3.019,3.9574,32.0,1.0,0.0,C2_BEACONING
31.8557,282.0,242.0,40.0,361016.41,326823.1,34193.31,11332.87,8.85,0.8106,1280.2,127.41,1089.08,1500.0,1454.23,1309.04,0.3277,32.75,15.78,6.55,72.05,0.4819,0.2062,2.6154,3.7589,14.0,0.0,0.0,DATA_EXFILTRATION
28.1064,79.0,28.0,51.0,54111.44,6446.7,47664.74,1925.23,2.81,-0.7617,684.95,483.98,40.0,1500.0,662.87,689.29,0.4424,355.78,340.23,71.16,782.71,0.9563,0.0167,4.2016,2.378,17.0,0.0,0.0,BENIGN_WEB
27.022,817.0,751.0,66.0,1023460.82,928640.73,94820.09,37875.13,30.23,0.8147,1252.71,208.41,940.09,1500.0,1428.19,1400.15,0.607,44.17,12.89,8.83,97.17,0.2918,0.2705,2.7349,3.0139,19.0,1.0,0.0,DATA_EXFILTRATION
107.0374,11.0,5.0,6.0,3536.05,1961.39,1574.65,33.04,0.1,0.1094,321.46,69.65,216.99,446.82,363.83,298.18,0.4047,12057.23,957.72,2411.45,26525.91,0.0794,0.9832,2.9842,4.0751,21.0,1.0,0.0,C2_BEACONING
98.7652,8.0,4.0,4.0,2728.29,1771.22,957.07,27.62,0.08,0.2984,341.04,63.19,246.25,454.78,291.88,349.82,0.4782,17129.06,609.26,3425.81,37683.93,0.0356,0.9342,2.9221,3.4736,24.0,0.0,0.0,C2_BEACONING
109.2689,14.0,7.0,7.0,3480.02,1808.05,1671.97,31.85,0.13,0.0391,248.57,117.19,72.78,459.52,256.25,225.32,0.4886,10757.89,209.27,2151.58,23667.35,0.0195,0.9413,2.3901,3.4999,17.0,1.0,0.0,C2_BEACONING
35.0173,874.0,711.0,163.0,1135386.14,1104595.56,30790.58,32423.61,24.96,0.9458,1299.07,204.27,992.67,1500.0,1451.7,1384.31,0.5864,39.93,24.72,7.99,87.84,0.619,0.231,2.0765,3.7981,26.0,0.0,1.0,DATA_EXFILTRATION
102.9394,9.0,4.0,5.0,1757.34,1000.97,756.37,17.07,0.09,0.1392,195.26,58.64,107.31,300.8,206.43,172.95,0.3384,17513.68,972.18,3502.74,38530.1,0.0555,0.8997,2.3809,3.6411,22.0,1.0,0.0,C2_BEACONING
2.5655,47.0,17.0,30.0,42719.51,6275.63,36443.89,16651.37,18.32,-0.7062,908.93,472.86,199.63,1500.0,1009.84,955.88,0.2338,54.59,52.25,10.92,120.09,0.9571,0.1397,4.9303,2.4893,17.0,0.0,0.0,BENIGN_WEB
2.8008,45.0,18.0,27.0,29304.11,6522.97,22781.14,10462.83,16.07,-0.5548,651.2,579.71,40.0,1500.0,678.41,716.77,0.3318,62.24,65.05,12.45,136.93,1.0452,0.0586,4.2584,2.1033,9.0,0.0,0.0,BENIGN_WEB
58.8952,21.0,10.0,11.0,4987.72,3129.43,1858.3,84.69,0.36,0.2549,237.51,73.15,127.79,369.18,204.36,247.4,0.1879,24586.23,582.37,4917.25,54089.71,0.0237,0.9894,2.7134,4.1442,24.0,1.0,0.0,C2_BEACONING
12.9709,66.0,24.0,42.0,68490.79,14197.99,54292.8,5280.32,5.09,-0.5854,1037.74,433.5,387.49,1500.0,1189.5,981.81,0.6022,196.53,173.37,39.31,432.36,0.8822,0.0724,4.6913,3.0155,16.0,0.0,0.0,BENIGN_WEB
18.129,43.0,12.0,31.0,28134.37,6949.28,21185.09,1551.9,2.37,-0.506,654.29,324.24,167.93,1237.91,636.05,569.64,0.3398,421.6,475.35,84.32,927.53,1.1275,0.1148,5.077,2.607,8.0,0.0,0.0,BENIGN_WEB
17.0371,1080.0,912.0,168.0,1494969.68,1450922.14,44047.53,87747.91,63.39,0.9411,1384.23,159.72,1144.65,1500.0,1552.63,1206.54,0.6061,45.47,20.2,9.09,100.03,0.4443,0.2738,2.5137,3.0693,16.0,0.0,0.0,DATA_EXFILTRATION
37.3501,402.0,333.0,69.0,567422.64,516154.34,51268.3,15191.99,10.76,0.8193,1411.5,110.12,1246.32,1500.0,1245.86,1293.09,0.591,29.03,13.93,5.81,63.87,0.4799,0.2659,2.8797,3.6025,14.0,1.0,0.0,DATA_EXFILTRATION
31.0262,62.0,20.0,42.0,55603.63,9847.8,45755.83,1792.15,2.0,-0.6458,896.83,570.97,40.38,1500.0,995.81,1014.47,0.5199,500.42,741.63,100.08,1100.93,1.482,0.1147,3.9763,3.0721,14.0,0.0,0.0,BENIGN_WEB
13.1755,23.0,8.0,15.0,22055.52,5334.43,16721.08,1673.98,1.75,-0.5163,958.94,479.72,239.35,1500.0,1077.79,1032.92,0.5263,572.85,971.86,114.57,1260.27,1.6965,0.0252,5.0742,2.8289,21.0,0.0,0.0,BENIGN_WEB
3.8199,63.0,17.0,46.0,64293.85,7260.3,57033.55,16831.25,16.49,-0.7742,1020.54,517.35,244.51,1500.0,915.12,1066.24,0.3972,60.63,72.3,12.13,133.39,1.1924,0.0725,4.4952,2.9469,14.0,0.0,0.0,BENIGN_WEB
25.1199,84.0,30.0,54.0,82813.95,21591.26,61222.69,3296.75,3.34,-0.4786,985.88,427.04,345.32,1500.0,963.93,1090.22,0.5434,299.05,448.35,59.81,657.9,1.4993,0.0777,4.3918,2.5537,16.0,0.0,0.0,BENIGN_WEB
53.0322,1153.0,956.0,197.0,1665566.47,1516340.77,149225.7,31406.72,21.74,0.8208,1444.55,151.63,1217.11,1500.0,1542.85,1518.77,0.3262,9.12,5.9,1.82,20.07,0.6471,0.1883,2.6589,3.6087,27.0,1.0,1.0,DATA_EXFILTRATION
13.108,15.0,6.0,9.0,11596.03,3291.89,8304.14,884.65,1.14,-0.4322,773.07,404.45,166.39,1500.0,663.46,846.21,0.5023,873.87,762.67,174.77,1922.5,0.8728,0.1198,4.8241,3.0475,19.0,0.0,0.0,BENIGN_WEB
26.5179,69.0,20.0,49.0,58830.95,12611.43,46219.52,2218.54,2.6,-0.5713,852.62,367.92,300.74,1500.0,918.72,725.4,0.4201,384.32,591.49,76.86,845.5,1.5391,0.067,3.9986,3.0098,17.0,0.0,0.0,BENIGN_WEB
49.2585,16.0,8.0,8.0,3573.7,1742.34,1831.36,72.55,0.32,-0.0249,223.36,105.62,64.93,413.46,216.58,226.74,0.4984,18318.72,1858.2,3663.74,40301.18,0.1014,0.9547,2.2451,4.1225,26.0,0.0,0.0,C2_BEACONING
20.8812,82.0,24.0,58.0,60192.74,13561.93,46630.81,2882.63,3.93,-0.5494,734.06,357.72,197.48,1377.96,777.58,648.12,0.3893,254.65,305.93,50.93,560.23,1.2014,0.0733,4.1145,2.5005,11.0,0.0,0.0,BENIGN_WEB
19.7708,49.0,18.0,31.0,48820.9,7461.95,41358.95,2469.35,2.48,-0.6943,996.34,522.95,211.92,1500.0,900.27,1011.31,0.3766,403.48,649.6,80.7,887.67,1.61,0.0232,4.2481,2.1918,17.0,0.0,0.0,BENIGN_WEB
29.0984,56.0,22.0,34.0,49521.38,9392.64,40128.74,1701.86,1.92,-0.6207,884.31,321.03,402.77,1462.16,982.95,1006.03,0.4487,519.61,487.33,103.92,1143.15,0.9379,0.1058,4.2701,2.622,10.0,0.0,0.0,BENIGN_WEB
22.7949,38.0,14.0,24.0,37404.74,9303.91,28100.83,1640.93,1.67,-0.5025,984.34,469.18,280.57,1500.0,978.37,997.42,0.3394,599.86,543.3,119.97,1319.7,0.9057,0.0304,4.1356,2.7845,8.0,0.0,0.0,BENIGN_WEB
17.5455,72.0,24.0,48.0,51392.12,12594.74,38797.38,2929.07,4.1,-0.5099,713.78,544.06,40.0,1500.0,708.06,767.27,0.2455,243.69,363.07,48.74,536.11,1.4899,0.0915,4.4677,2.9993,16.0,0.0,0.0,BENIGN_WEB
78.4634,22.0,11.0,11.0,5830.69,3494.58,2336.11,74.31,0.28,0.1987,265.03,93.36,124.99,433.08,262.98,268.32,0.4691,17418.0,898.79,3483.6,38319.6,0.0516,0.9423,2.2995,3.5448,15.0,1.0,1.0,C2_BEACONING
37.1406,13.0,6.0,7.0,3451.01,1688.35,1762.65,92.92,0.35,-0.0215,265.46,99.21,116.64,444.05,237.35,244.86,0.2882,7035.28,273.87,1407.06,15477.63,0.0389,0.9465,2.8795,4.2477,25.0,0.0,1.0,C2_BEACONING
19.7879,42.0,17.0,25.0,34911.73,5531.25,29380.48,1764.3,2.12,-0.6831,831.23,543.56,40.0,1500.0,895.38,800.03,0.203,471.14,809.7,94.23,1036.51,1.7186,0.0847,4.9158,2.8058,8.0,0.0,0.0,BENIGN_WEB
8.509,30.0,11.0,19.0,21600.43,5075.37,16525.06,2538.53,3.53,-0.5301,720.01,353.16,190.28,1355.7,698.87,793.68,0.3112,283.63,494.58,56.73,624.0,1.7437,0.0928,3.9537,2.2532,11.0,0.0,0.0,BENIGN_WEB
22.1871,60.0,19.0,41.0,60633.59,8395.62,52237.97,2732.83,2.7,-0.7231,1010.56,509.08,246.95,1500.0,1047.12,898.72,0.4003,369.79,584.5,73.96,813.53,1.5806,0.0936,4.2424,2.2149,21.0,0.0,0.0,BENIGN_WEB
22.6614,1387.0,1120.0,267.0,1922827.28,1827199.3,95627.98,84850.21,61.21,0.9005,1386.32,121.72,1203.75,1500.0,1461.22,1527.16,0.2388,47.4,16.49,9.48,104.29,0.3478,0.2056,2.2722,3.7718,23.0,1.0,1.0,DATA_EXFILTRATION
49.2511,21.0,10.0,11.0,7964.82,3893.78,4071.04,161.72,0.43,-0.0223,379.28,54.71,297.21,477.76,333.5,384.2,0.3709,19189.01,1557.3,3837.8,42215.83,0.0812,0.887,3.0533,3.7993,22.0,1.0,0.0,C2_BEACONING
27.8733,48.0,14.0,34.0,42773.7,4244.39,38529.3,1534.57,1.72,-0.8015,891.12,358.41,353.5,1500.0,997.06,815.8,0.4719,580.69,920.26,116.14,1277.53,1.5848,0.122,3.91,2.5604,13.0,0.0,0.0,BENIGN_WEB
26.9194,36.0,11.0,25.0,25708.1,5990.51,19717.58,955.0,1.34,-0.534,714.11,442.11,50.94,1500.0,801.33,667.91,0.3087,747.76,613.42,149.55,1645.07,0.8203,0.0206,5.0643,2.8522,16.0,0.0,0.0,BENIGN_WEB
42.8076,21.0,10.0,11.0,6830.05,3992.4,2837.64,159.55,0.49,0.1691,325.24,71.43,218.1,453.81,369.92,327.1,0.4602,11166.2,829.54,2233.24,24565.65,0.0743,0.9447,2.2915,4.0877,17.0,1.0,0.0,C2_BEACONING
53.8647,24.0,12.0,12.0,7260.22,3635.7,3624.52,134.79,0.45,0.0015,302.51,87.72,170.93,460.41,277.91,340.17,0.4716,7755.01,761.28,1551.0,17061.01,0.0982,0.9451,3.0819,4.0011,28.0,1.0,0.0,C2_BEACONING
10.108,47.0,15.0,32.0,47212.48,8889.63,38322.85,4670.81,4.65,-0.6234,1004.52,365.34,456.51,1500.0,1048.04,1064.77,0.3297,215.06,318.34,43.01,473.14,1.4802,0.0693,4.9258,2.7595,13.0,0.0,0.0,BENIGN_WEB
45.1781,1536.0,1229.0,307.0,1933098.05,1904314.9,28783.15,42788.38,34.0,0.9702,1258.53,214.99,936.05,1500.0,1214.55,1098.35,0.4007,37.82,22.75,7.56,83.19,0.6016,0.231,1.9718,3.3233,19.0,0.0,0.0,DATA_EXFILTRATION
33.3586,950.0,824.0,126.0,1363119.98,1225664.17,137455.81,40862.58,28.48,0.7983,1434.86,169.15,1181.13,1500.0,1489.63,1222.39,0.3065,20.87,8.18,4.17,45.91,0.3918,0.1902,2.3741,3.7238,17.0,1.0,0.0,DATA_EXFILTRATION
76.4651,17.0,8.0,9.0,6334.49,3013.28,3321.21,82.84,0.22,-0.0486,372.62,99.96,222.68,552.54,328.43,346.36,0.4081,6797.78,243.69,1359.56,14955.11,0.0358,0.9323,2.6454,3.9113,30.0,1.0,0.0,C2_BEACONING
53.1003,9.0,4.0,5.0,2556.65,1237.2,1319.46,48.15,0.17,-0.0322,284.07,117.79,107.39,496.09,282.49,243.37,0.1845,13992.46,1259.31,2798.49,30783.42,0.09,0.9363,2.1601,4.0179,31.0,0.0,0.0,C2_BEACONING
44.1649,359.0,315.0,44.0,445243.13,396357.08,48886.05,10081.37,8.13,0.7804,1240.23,180.84,968.98,1500.0,1277.52,1106.32,0.4539,28.99,14.96,5.8,63.78,0.5161,0.1945,2.0769,3.1438,21.0,1.0,1.0,DATA_EXFILTRATION
12.6556,84.0,26.0,58.0,90147.61,14749.23,75398.38,7123.14,6.64,-0.6728,1073.19,575.53,209.9,1500.0,1180.4,1088.77,0.4269,150.66,262.87,30.13,331.46,1.7448,0.1168,4.7946,2.8418,12.0,0.0,0.0,BENIGN_WEB
4.3063,65.0,25.0,40.0,56319.05,9968.25,46350.8,13078.2,15.09,-0.646,866.45,433.86,215.65,1500.0,980.11,885.53,0.2447,66.25,89.33,13.25,145.75,1.3484,0.074,4.5828,3.033,19.0,0.0,0.0,BENIGN_WEB
40.1104,824.0,659.0,165.0,1086336.18,986477.71,99858.47,27083.64,20.54,0.8162,1318.37,260.57,927.52,1500.0,1162.67,1187.21,0.464,31.46,19.99,6.29,69.2,0.6354,0.2168,2.5128,2.9367,21.0,0.0,0.0,DATA_EXFILTRATION
19.0681,28.0,10.0,18.0,20716.99,5316.09,15400.9,1086.47,1.47,-0.4868,739.89,347.53,218.6,1365.45,761.68,833.42,0.274,681.0,1079.81,136.2,1498.21,1.5856,0.1219,4.2202,2.7368,12.0,0.0,0.0,BENIGN_WEB
31.7086,20.0,10.0,10.0,6835.36,3204.73,3630.62,215.57,0.63,-0.0623,341.77,69.19,237.98,466.32,295.76,319.48,0.4022,12528.35,1309.05,2505.67,27562.37,0.1045,0.9867,2.5358,3.9665,26.0,1.0,0.0,C2_BEACONING
13.0114,63.0,25.0,38.0,44946.6,10131.16,34815.44,3454.39,4.84,-0.5492,713.44,514.42,40.0,1500.0,751.76,643.8,0.2458,206.53,304.75,41.31,454.37,1.4756,0.0836,3.8456,2.7565,19.0,0.0,0.0,BENIGN_WEB
10.0361,82.0,29.0,53.0,67269.95,11531.63,55738.31,6702.79,8.17,-0.6572,820.37,568.04,40.0,1500.0,832.93,908.91,0.4744,122.39,201.35,24.48,269.26,1.6451,0.0319,3.9757,2.772,10.0,0.0,0.0,BENIGN_WEB
37.3158,245.0,209.0,36.0,325932.35,316187.67,9744.68,8734.43,6.57,0.9402,1330.34,211.74,1012.73,1500.0,1170.54,1449.06,0.3068,46.64,13.37,9.33,102.62,0.2867,0.1534,1.9941,3.4425,28.0,0.0,0.0,DATA_EXFILTRATION
21.8962,54.0,22.0,32.0,44629.22,5395.28,39233.94,2038.22,2.47,-0.7582,826.47,554.14,40.0,1500.0,905.37,730.48,0.1927,405.48,624.83,81.1,892.07,1.541,0.111,3.8941,2.2749,10.0,0.0,0.0,BENIGN_WEB
3.8028,53.0,15.0,38.0,47586.63,13133.57,34453.07,12513.42,13.94,-0.448,897.86,490.91,161.5,1500.0,844.58,991.15,0.2634,71.75,87.23,14.35,157.85,1.2157,0.0328,4.4868,2.1147,11.0,0.0,0.0,BENIGN_WEB
77.6085,20.0,10.0,10.0,6426.13,3121.09,3305.04,82.8,0.26,-0.0286,321.31,77.73,204.71,461.22,337.66,306.37,0.2715,12574.34,1246.15,2514.87,27663.55,0.0991,0.9228,2.5495,3.9763,19.0,1.0,0.0,C2_BEACONING
48.2604,20.0,10.0,10.0,4872.86,2817.38,2055.48,100.97,0.41,0.1564,243.64,64.45,146.97,359.65,274.72,275.4,0.4175,15911.18,1725.99,3182.24,35004.6,0.1085,0.9506,2.4246,4.1064,32.0,1.0,0.0,C2_BEACONING
46.8564,14.0,7.0,7.0,4910.46,2730.16,2180.3,104.8,0.3,0.112,350.75,75.05,238.17,485.84,395.65,303.03,0.554,11359.43,160.67,2271.89,24990.75,0.0141,0.8831,2.8198,3.6413,29.0,1.0,0.0,C2_BEACONING
24.7967,19.0,9.0,10.0,6194.71,2839.43,3355.29,249.82,0.77,-0.0833,326.04,50.76,249.9,417.41,363.2,315.38,0.3342,10846.34,426.4,2169.27,23861.96,0.0393,0.888,2.227,3.9641,30.0,1.0,1.0,C2_BEACONING
13.3728,593.0,497.0,96.0,764390.28,708125.85,56264.43,57159.89,44.34,0.8528,1289.02,277.6,872.63,1500.0,1138.19,1129.93,0.3302,37.82,14.01,7.56,83.2,0.3706,0.1773,2.4285,3.6564,16.0,1.0,0.0,DATA_EXFILTRATION
45.6097,858.0,677.0,181.0,1095563.11,977149.59,118413.51,24020.39,18.81,0.7838,1276.88,131.78,1079.21,1500.0,1395.57,1336.61,0.4822,36.05,10.92,7.21,79.31,0.3029,0.246,2.3762,3.7213,21.0,1.0,1.0,DATA_EXFILTRATION
26.3736,33.0,13.0,20.0,21432.67,4572.65,16860.02,812.66,1.25,-0.5733,649.47,374.46,87.78,1323.5,661.48,581.48,0.5612,799.2,768.98,159.84,1758.24,0.9622,0.0629,3.8086,3.0663,13.0,0.0,0.0,BENIGN_WEB
41.1482,1284.0,1174.0,110.0,1784945.53,1766644.04,18301.49,43378.51,31.2,0.9795,1390.14,231.31,1043.19,1500.0,1410.8,1366.7,0.3804,18.14,5.9,3.63,39.91,0.3252,0.1325,2.2365,3.0728,27.0,0.0,0.0,DATA_EXFILTRATION
13.7785,1124.0,971.0,153.0,1614546.1,1578380.13,36165.97,117179.02,81.58,0.9552,1436.43,243.12,1071.74,1500.0,1536.94,1635.65,0.4362,38.73,12.46,7.75,85.2,0.3216,0.1486,2.2316,3.5967,19.0,1.0,1.0,DATA_EXFILTRATION
34.888,1339.0,1052.0,287.0,1805448.93,1616591.71,188857.21,51749.82,38.38,0.7908,1348.36,168.72,1095.28,1500.0,1222.59,1174.05,0.4375,34.14,11.84,6.83,75.11,0.3468,0.1339,2.7652,3.3414,29.0,1.0,0.0,DATA_EXFILTRATION
8.5073,829.0,680.0,149.0,1087163.15,1070340.35,16822.8,127791.99,97.45,0.9691,1311.42,279.4,892.31,1500.0,1163.83,1190.4,0.2654,12.29,3.89,2.46,27.03,0.3164,0.1484,2.114,2.9127,29.0,1.0,0.0,DATA_EXFILTRATION
20.379,1251.0,1055.0,196.0,1691266.79,1605602.29,85664.5,82990.48,61.39,0.8987,1351.93,232.57,1003.08,1500.0,1553.27,1538.3,0.306,16.49,10.42,3.3,36.27,0.632,0.2012,2.4149,3.3259,15.0,0.0,0.0,DATA_EXFILTRATION
66.8404,22.0,11.0,11.0,7071.07,4478.66,2592.41,105.79,0.33,0.2668,321.41,69.11,217.75,445.81,301.89,323.32,0.5754,14278.23,1036.96,2855.65,31412.11,0.0726,0.9219,3.0448,3.476,27.0,1.0,0.0,C2_BEACONING
6.3695,30.0,11.0,19.0,23720.48,2863.93,20856.55,3724.06,4.71,-0.7585,790.68,400.56,189.84,1500.0,687.96,710.88,0.5509,212.32,323.66,42.46,467.1,1.5244,0.1151,3.928,3.0915,21.0,0.0,0.0,BENIGN_WEB
105.8435,9.0,4.0,5.0,3255.16,1789.46,1465.69,30.75,0.09,0.0995,361.68,76.57,246.83,499.51,377.14,349.25,0.44,7241.59,526.35,1448.32,15931.51,0.0727,0.9197,2.1903,3.6286,16.0,1.0,1.0,C2_BEACONING
45.462,1596.0,1415.0,181.0,2103416.2,1942297.91,161118.29,46267.54,35.11,0.8468,1317.93,179.25,1049.06,1500.0,1428.4,1213.26,0.5715,41.43,24.26,8.29,91.14,0.5857,0.1615,2.5115,3.6226,28.0,0.0,1.0,DATA_EXFILTRATION
15.59,49.0,17.0,32.0,34238.87,8921.51,25317.36,2196.21,3.14,-0.4789,698.75,364.93,151.35,1355.63,691.2,677.64,0.2417,318.16,372.97,63.63,699.96,1.1723,0.0633,3.8242,2.9911,8.0,0.0,0.0,BENIGN_WEB
16.1792,36.0,11.0,25.0,32206.61,6865.48,25341.13,1990.62,2.23,-0.5737,894.63,504.39,138.05,1500.0,849.57,828.39,0.206,449.42,712.04,89.88,988.73,1.5844,0.1361,4.0711,3.0166,21.0,0.0,0.0,BENIGN_WEB
64.0024,20.0,10.0,10.0,4455.02,2443.07,2011.95,69.61,0.31,0.0968,222.75,91.36,85.71,387.19,203.98,249.92,0.3105,6293.27,122.62,1258.65,13845.19,0.0195,0.8949,2.6041,4.004,31.0,1.0,0.0,C2_BEACONING
108.5664,24.0,12.0,12.0,4739.44,2375.4,2364.04,43.65,0.22,0.0024,197.48,111.46,40.0,398.11,197.28,190.88,0.449,6983.67,583.74,1396.73,15364.08,0.0836,0.9593,3.016,3.8477,15.0,1.0,0.0,C2_BEACONING
5.152,52.0,19.0,33.0,51370.42,14040.98,37329.44,9970.98,10.09,-0.4533,987.89,462.13,294.7,1500.0,950.11,906.24,0.4174,99.08,97.23,19.82,217.97,0.9813,0.1114,4.8309,2.4415,13.0,0.0,0.0,BENIGN_WEB
3.3175,20.0,8.0,12.0,19374.05,3901.35,15472.7,5839.93,6.03,-0.5973,968.7,378.32,401.22,1500.0,929.11,873.77,0.2401,165.88,249.33,33.18,364.93,1.5031,0.1314,4.581,2.5238,11.0,0.0,0.0,BENIGN_WEB
10.7141,68.0,24.0,44.0,48749.94,13997.8,34752.14,4550.06,6.35,-0.4257,716.91,330.56,221.07,1311.92,810.57,811.71,0.3105,157.56,135.01,31.51,346.63,0.8569,0.0604,3.7833,2.6099,16.0,0.0,0.0,BENIGN_WEB
7.0922,53.0,15.0,38.0,40526.07,9417.11,31108.96,5714.14,7.47,-0.5353,764.64,545.92,40.0,1500.0,723.06,762.92,0.265,133.82,145.8,26.76,294.39,1.0896,0.1198,4.2685,2.1754,12.0,0.0,0.0,BENIGN_WEB
11.9731,1406.0,1229.0,177.0,1772908.26,1736858.49,36049.76,148074.61,117.43,0.9593,1260.96,140.46,1050.27,1500.0,1071.91,1382.86,0.1875,44.93,18.29,8.99,98.84,0.407,0.2358,2.1482,3.3935,29.0,0.0,1.0,DATA_EXFILTRATION
98.4308,15.0,7.0,8.0,4356.56,2343.33,2013.23,44.26,0.15,0.0758,290.44,132.97,90.98,529.78,269.32,309.02,0.3459,12846.34,414.64,2569.27,28261.94,0.0323,0.9021,2.5186,4.1718,23.0,1.0,1.0,C2_BEACONING
10.3752,31.0,12.0,19.0,24289.44,4911.35,19378.09,2341.11,2.99,-0.5956,783.53,397.36,187.49,1498.78,792.74,701.37,0.3376,334.68,557.27,66.94,736.3,1.6651,0.0402,4.3267,2.4763,9.0,0.0,0.0,BENIGN_WEB
62.7597,24.0,12.0,12.0,7391.51,3789.41,3602.1,117.77,0.38,0.0253,307.98,132.72,108.9,546.87,332.44,302.15,0.3429,22171.01,1606.26,4434.2,48776.23,0.0724,0.9851,2.4377,4.1534,23.0,1.0,1.0,C2_BEACONING
24.3101,57.0,17.0,40.0,57507.46,7432.96,50074.5,2365.57,2.34,-0.7415,1008.9,471.08,302.28,1500.0,963.87,1112.65,0.2526,426.49,629.51,85.3,938.29,1.476,0.1296,4.3407,2.77,10.0,0.0,0.0,BENIGN_WEB
2.4442,27.0,8.0,19.0,19589.93,5624.43,13965.5,8014.84,11.05,-0.4258,725.55,323.83,239.81,1308.45,728.26,823.55,0.5015,90.53,146.49,18.11,199.16,1.6182,0.0496,3.6352,2.9022,8.0,0.0,0.0,BENIGN_WEB
51.2625,927.0,832.0,95.0,1337696.43,1291639.64,46056.8,26095.05,18.08,0.9311,1443.04,169.21,1189.22,1500.0,1398.02,1591.45,0.3455,11.96,6.37,2.39,26.32,0.5326,0.2268,2.4633,3.5362,26.0,0.0,0.0,DATA_EXFILTRATION
70.8038,22.0,11.0,11.0,5327.06,2766.24,2560.82,75.24,0.31,0.0386,242.14,137.9,40.0,490.36,224.81,267.18,0.303,14597.47,1154.17,2919.49,32114.44,0.0791,0.8845,2.5017,3.8563,23.0,1.0,0.0,C2_BEACONING
8.0909,35.0,13.0,22.0,36583.12,5866.91,30716.21,4521.52,4.33,-0.6793,1045.23,520.84,263.98,1500.0,1159.96,911.6,0.548,231.17,358.0,46.23,508.57,1.5487,0.0142,4.3066,3.0937,19.0,0.0,0.0,BENIGN_WEB
16.3065,56.0,17.0,39.0,41899.29,12144.5,29754.8,2569.48,3.43,-0.4203,748.2,396.2,153.91,1461.36,794.78,762.0,0.5443,291.19,499.71,58.24,640.61,1.7161,0.0802,3.6998,2.1435,18.0,0.0,0.0,BENIGN_WEB
37.7975,24.0,12.0,12.0,4854.33,2756.0,2098.33,128.43,0.63,0.1355,202.26,129.67,40.0,435.68,218.57,225.4,0.2119,25422.18,696.03,5084.44,55928.8,0.0274,0.9525,2.8357,3.7719,28.0,1.0,0.0,C2_BEACONING
25.9624,62.0,20.0,42.0,60795.82,7516.07,53279.75,2341.69,2.39,-0.7527,980.58,542.43,166.94,1500.0,998.77,903.88,0.58,418.75,559.98,83.75,921.24,1.3373,0.0549,4.4272,2.7674,12.0,0.0,0.0,BENIGN_WEB
37.9875,993.0,786.0,207.0,1389951.11,1287070.18,102880.93,36589.71,26.14,0.852,1399.75,172.14,1141.54,1500.0,1304.18,1426.14,0.4179,38.79,20.38,7.76,85.34,0.5254,0.1601,2.0,3.7129,17.0,0.0,0.0,DATA_EXFILTRATION
75.793,18.0,9.0,9.0,6751.47,3569.77,3181.69,89.08,0.24,0.0575,375.08,77.75,258.46,515.02,397.93,329.45,0.4299,6605.2,391.74,1321.04,14531.44,0.0593,0.9439,2.9162,4.1067,19.0,1.0,1.0,C2_BEACONING
45.7293,12.0,6.0,6.0,3144.87,1806.69,1338.18,68.77,0.26,0.149,262.07,65.47,163.86,379.92,263.13,284.85,0.5683,7487.87,376.04,1497.57,16473.32,0.0502,0.9656,2.9939,3.9901,21.0,0.0,0.0,C2_BEACONING
80.4615,23.0,11.0,12.0,5696.11,3251.49,2444.62,70.79,0.29,0.1417,247.66,58.46,159.96,352.89,261.45,267.61,0.2259,6933.12,694.03,1386.62,15252.86,0.1001,0.9649,2.3178,3.6924,24.0,1.0,1.0,C2_BEACONING
40.6437,1371.0,1221.0,150.0,1958160.02,1876665.34,81494.68,48178.66,33.73,0.9168,1428.27,147.79,1206.59,1500.0,1297.94,1503.29,0.5975,12.24,6.8,2.45,26.92,0.5553,0.2215,1.99,3.3588,28.0,1.0,0.0,DATA_EXFILTRATION
23.5719,30.0,8.0,22.0,24382.57,6738.37,17644.21,1034.39,1.27,-0.4473,812.75,372.76,253.61,1483.73,902.23,891.46,0.4893,785.73,827.59,157.15,1728.61,1.0533,0.0211,4.8242,2.8506,18.0,0.0,0.0,BENIGN_WEB
35.5604,10.0,5.0,5.0,2258.27,1341.91,916.37,63.51,0.28,0.1884,225.83,129.28,40.0,458.53,206.15,233.61,0.4816,15979.98,412.89,3196.0,35155.96,0.0258,0.9467,2.9078,3.8178,33.0,1.0,1.0,C2_BEACONING
45.6765,443.0,356.0,87.0,562864.51,519995.12,42869.39,12322.85,9.7,0.8477,1270.57,176.59,1005.69,1500.0,1216.62,1205.84,0.3991,20.88,9.98,4.18,45.94,0.4781,0.2689,2.4229,3.0805,18.0,0.0,0.0,DATA_EXFILTRATION
51.3022,1335.0,1109.0,226.0,1741171.8,1697541.54,43630.26,33939.53,26.02,0.9499,1304.25,210.5,988.5,1500.0,1169.96,1256.48,0.596,23.79,10.97,4.76,52.35,0.4609,0.2682,1.9475,3.577,29.0,1.0,0.0,DATA_EXFILTRATION
22.1947,64.0,22.0,42.0,49121.51,8027.07,41094.44,2213.21,2.88,-0.6732,767.52,474.89,55.19,1500.0,764.38,767.16,0.5643,346.79,265.65,69.36,762.94,0.766,0.0432,3.8373,2.9554,17.0,0.0,0.0,BENIGN_WEB
84.3521,14.0,7.0,7.0,5523.37,3549.12,1974.24,65.48,0.17,0.2851,394.53,122.27,211.12,614.62,452.25,422.2,0.345,17346.33,1727.78,3469.27,38161.93,0.0996,0.9187,3.033,3.8051,17.0,1.0,0.0,C2_BEACONING
14.1726,66.0,23.0,43.0,50126.37,14071.08,36055.29,3536.86,4.66,-0.4386,759.49,419.61,130.07,1500.0,740.03,722.45,0.5502,214.74,349.99,42.95,472.42,1.6299,0.1126,4.7666,3.0482,10.0,0.0,0.0,BENIGN_WEB
9.5562,46.0,19.0,27.0,37787.97,7978.77,29809.2,3954.27,4.81,-0.5777,821.48,384.14,245.27,1500.0,867.3,705.52,0.5476,207.74,247.95,41.55,457.04,1.1935,0.0162,4.9802,2.1976,13.0,0.0,0.0,BENIGN_WEB
14.927,77.0,27.0,50.0,50931.67,10425.75,40505.92,3412.04,5.16,-0.5906,661.45,419.52,40.0,1416.59,639.53,715.69,0.3231,193.86,196.13,38.77,426.49,1.0117,0.0619,4.7155,2.3431,16.0,0.0,0.0,BENIGN_WEB
66.972,11.0,5.0,6.0,3808.01,1711.58,2096.43,56.86,0.16,-0.1011,346.18,103.66,190.7,532.76,348.39,325.61,0.1824,18743.65,1532.31,3748.73,41236.04,0.0818,0.8878,2.2094,3.5257,29.0,1.0,0.0,C2_BEACONING
7.471,59.0,17.0,42.0,58856.69,5354.54,53502.15,7878.03,7.9,-0.818,997.57,362.9,453.22,1500.0,1112.24,1013.76,0.4608,126.63,206.44,25.33,278.58,1.6303,0.1249,3.8989,2.6547,20.0,0.0,0.0,BENIGN_WEB
18.6099,519.0,405.0,114.0,650402.03,643662.03,6740.0,34949.3,27.89,0.9793,1253.18,270.38,847.61,1500.0,1322.37,1386.59,0.6176,25.15,14.39,5.03,55.33,0.5723,0.23,2.3545,3.3953,21.0,0.0,1.0,DATA_EXFILTRATION
84.5407,25.0,12.0,13.0,8639.21,3914.93,4724.29,102.19,0.3,-0.0937,345.57,77.5,229.32,485.07,298.26,385.18,0.5878,5187.28,342.3,1037.46,11412.02,0.066,0.9207,2.157,3.8636,21.0,1.0,1.0,C2_BEACONING
53.1841,707.0,615.0,92.0,925019.12,866587.21,58431.91,17392.78,13.29,0.8737,1308.37,129.12,1114.69,1500.0,1341.31,1261.17,0.401,9.08,3.56,1.82,19.97,0.3916,0.1717,2.6577,3.5235,18.0,1.0,0.0,DATA_EXFILTRATION
26.2035,39.0,13.0,26.0,31442.3,7763.38,23678.93,1199.93,1.49,-0.5062,806.21,465.73,107.62,1500.0,850.22,749.32,0.2735,671.89,894.36,134.38,1478.15,1.3311,0.0582,3.8527,3.0686,11.0,0.0,0.0,BENIGN_WEB
9.0959,1448.0,1277.0,171.0,1835384.46,1675695.43,159689.03,201782.35,159.19,0.826,1267.53,160.18,1027.26,1500.0,1142.3,1276.6,0.3263,15.84,8.7,3.17,34.84,0.5494,0.1603,1.9379,3.6894,15.0,0.0,0.0,DATA_EXFILTRATION
109.2899,10.0,5.0,5.0,2467.51,1528.78,938.72,22.58,0.09,0.2391,246.75,55.49,163.51,346.64,211.3,280.1,0.4239,19194.85,1014.63,3838.97,42228.67,0.0529,0.9014,3.042,3.7474,25.0,1.0,1.0,C2_BEACONING
23.9401,40.0,14.0,26.0,30655.28,7417.5,23237.78,1280.5,1.67,-0.5161,766.38,428.25,124.0,1500.0,873.43,679.16,0.4404,598.5,626.09,119.7,1316.71,1.0461,0.0982,3.6527,3.0317,16.0,0.0,0.0,BENIGN_WEB
43.0292,1253.0,1091.0,162.0,1783349.36,1684342.6,99006.75,41445.07,29.12,0.889,1423.26,173.63,1162.82,1500.0,1338.76,1624.12,0.2843,12.85,3.73,2.57,28.26,0.2906,0.1353,2.3319,3.6899,24.0,1.0,0.0,DATA_EXFILTRATION
11.6116,22.0,7.0,15.0,17274.93,2007.43,15267.5,1487.74,1.89,-0.7676,785.22,355.31,252.26,1424.78,782.42,745.84,0.2479,527.8,850.2,105.56,1161.16,1.6108,0.0972,4.0609,2.4138,16.0,0.0,0.0,BENIGN_WEB
30.0793,62.0,20.0,42.0,60667.55,7651.17,53016.39,2016.92,2.06,-0.7478,978.51,564.22,132.17,1500.0,945.46,875.46,0.3418,485.15,358.69,97.03,1067.33,0.7393,0.1088,4.7926,3.0345,16.0,0.0,0.0,BENIGN_WEB
10.826,71.0,29.0,42.0,67236.83,10504.84,56731.99,6210.69,6.56,-0.6875,947.0,438.22,289.66,1500.0,1056.9,976.7,0.5119,152.48,207.43,30.5,335.45,1.3604,0.1082,4.6094,2.8238,10.0,0.0,0.0,BENIGN_WEB
6.6443,1581.0,1453.0,128.0,1952281.51,1794221.58,158059.93,293827.49,237.95,0.8381,1234.84,220.66,903.85,1500.0,1122.19,1260.42,0.2199,20.39,10.9,4.08,44.85,0.5347,0.2064,2.4368,2.9405,27.0,0.0,1.0,DATA_EXFILTRATION
33.2435,18.0,9.0,9.0,7173.18,4325.42,2847.77,215.78,0.54,0.206,398.51,136.87,193.21,644.87,453.77,343.06,0.5595,5444.5,98.47,1088.9,11977.91,0.0181,0.9209,2.5225,4.053,27.0,1.0,0.0,C2_BEACONING
24.2047,33.0,12.0,21.0,32524.44,8528.69,23995.76,1343.72,1.36,-0.4756,985.59,460.3,295.15,1500.0,1043.77,890.82,0.4991,733.48,657.47,146.7,1613.65,0.8964,0.08,4.6089,2.7154,12.0,0.0,0.0,BENIGN_WEB
44.5545,510.0,444.0,66.0,639820.95,593904.34,45916.61,14360.41,11.45,0.8565,1254.55,149.15,1030.83,1500.0,1145.49,1067.42,0.5386,37.27,10.56,7.45,81.99,0.2833,0.2565,2.1969,3.4636,16.0,0.0,1.0,DATA_EXFILTRATION
42.2212,1071.0,973.0,98.0,1447807.76,1314977.54,132830.23,34291.02,25.37,0.8165,1351.83,166.48,1102.1,1500.0,1153.6,1267.48,0.4114,47.06,22.25,9.41,103.53,0.4729,0.2087,2.3423,3.4024,24.0,1.0,0.0,DATA_EXFILTRATION
27.2832,72.0,29.0,43.0,53135.87,5426.48,47709.39,1947.56,2.64,-0.7958,738.0,550.12,40.0,1500.0,692.19,672.31,0.4484,378.93,406.03,75.79,833.65,1.0715,0.095,4.4494,2.8464,17.0,0.0,0.0,BENIGN_WEB
9.3897,919.0,826.0,93.0,1255019.63,1186433.86,68585.77,133659.74,97.87,0.8907,1365.64,153.88,1134.82,1500.0,1416.93,1450.6,0.4506,13.71,8.5,2.74,30.17,0.62,0.2069,2.0732,3.4741,16.0,0.0,1.0,DATA_EXFILTRATION
28.7574,72.0,27.0,45.0,71098.36,12537.67,58560.69,2472.35,2.5,-0.6473,987.48,538.06,180.39,1500.0,897.98,854.88,0.5332,399.41,613.55,79.88,878.7,1.5361,0.0313,4.7507,2.6951,11.0,0.0,0.0,BENIGN_WEB
30.1438,68.0,19.0,49.0,61780.03,7472.72,54307.31,2049.51,2.26,-0.7581,908.53,543.22,93.69,1500.0,909.61,963.53,0.4067,443.29,654.78,88.66,975.24,1.4771,0.1138,3.8785,2.71,18.0,0.0,0.0,BENIGN_WEB
52.3063,575.0,492.0,83.0,757977.66,735039.94,22937.73,14491.14,10.99,0.9395,1318.22,173.66,1057.73,1500.0,1149.97,1224.19,0.2849,35.78,21.77,7.16,78.72,0.6084,0.2182,2.2653,3.74,20.0,0.0,1.0,DATA_EXFILTRATION
7.9874,84.0,33.0,51.0,56284.61,11461.08,44823.52,7046.66,10.52,-0.5927,670.05,563.91,40.0,1500.0,580.82,576.88,0.3637,95.09,116.6,19.02,209.19,1.2262,0.0174,4.592,2.3467,11.0,0.0,0.0,BENIGN_WEB
30.2391,23.0,11.0,12.0,7724.59,3843.82,3880.77,255.45,0.76,-0.0048,335.85,106.95,175.42,528.37,304.57,315.02,0.1933,21537.16,1040.58,4307.43,47381.75,0.0483,0.9761,2.7579,4.2264,28.0,1.0,0.0,C2_BEACONING
27.7964,80.0,22.0,58.0,66195.5,8124.32,58071.18,2381.44,2.88,-0.7545,827.44,529.13,40.0,1500.0,749.92,869.83,0.3758,347.46,606.16,69.49,764.4,1.7446,0.025,4.6879,2.9231,20.0,0.0,0.0,BENIGN_WEB
25.3995,15.0,4.0,11.0,12266.01,1547.4,10718.61,482.92,0.59,-0.7477,817.73,403.81,212.02,1500.0,793.97,917.26,0.2519,1693.3,2535.3,338.66,3725.26,1.4973,0.1229,4.6361,2.2602,8.0,0.0,0.0,BENIGN_WEB
19.8183,83.0,26.0,57.0,52277.04,6348.69,45928.35,2637.82,4.19,-0.7571,629.84,422.91,40.0,1391.09,701.77,644.22,0.2315,238.77,325.91,47.75,525.3,1.3649,0.1155,4.9674,2.4329,8.0,0.0,0.0,BENIGN_WEB
49.084,11.0,5.0,6.0,2465.17,1253.82,1211.35,50.22,0.22,0.0172,224.11,85.58,95.73,378.16,243.17,254.51,0.527,7430.63,521.35,1486.13,16347.38,0.0702,0.9341,3.0379,3.8729,31.0,1.0,1.0,C2_BEACONING
16.9262,16.0,4.0,12.0,16785.86,3526.63,13259.22,991.71,0.95,-0.5798,1049.12,350.61,523.2,1500.0,1028.26,1016.33,0.2835,1057.89,966.21,211.58,2327.35,0.9133,0.0581,4.4704,2.7054,17.0,0.0,0.0,BENIGN_WEB
54.4851,1081.0,938.0,143.0,1324699.73,1254992.68,69707.05,24313.05,19.84,0.8948,1225.44,203.99,919.45,1500.0,1239.15,1304.53,0.2256,25.29,9.95,5.06,55.64,0.3935,0.2576,1.9992,3.5304,28.0,1.0,0.0,DATA_EXFILTRATION
26.7167,22.0,11.0,11.0,6008.63,3360.79,2647.85,224.9,0.82,0.1187,273.12,132.12,74.93,510.94,260.28,304.28,0.2153,25580.5,2692.59,5116.1,56277.1,0.1053,0.9631,2.7351,3.9924,33.0,1.0,0.0,C2_BEACONING
28.9417,846.0,745.0,101.0,1138527.14,1124952.35,13574.79,39338.59,29.23,0.9762,1345.78,143.42,1130.65,1500.0,1308.77,1508.58,0.4669,22.26,7.23,4.45,48.98,0.3249,0.2388,2.7588,2.9752,23.0,1.0,0.0,DATA_EXFILTRATION
19.6093,54.0,20.0,34.0,38458.74,11145.34,27313.41,1961.25,2.75,-0.4204,712.2,492.5,40.0,1500.0,608.5,732.93,0.4027,363.14,475.04,72.63,798.9,1.3082,0.1128,4.2293,2.1905,16.0,0.0,0.0,BENIGN_WEB
9.2449,19.0,7.0,12.0,13342.14,2475.01,10867.13,1443.18,2.06,-0.629,702.22,507.65,40.0,1500.0,703.02,633.95,0.5163,486.58,598.21,97.32,1070.47,1.2294,0.121,4.291,2.1838,21.0,0.0,0.0,BENIGN_WEB
73.5825,13.0,6.0,7.0,4896.1,3213.13,1682.97,66.54,0.18,0.3125,376.62,66.39,277.04,496.12,341.42,424.52,0.2135,14268.71,954.44,2853.74,31391.16,0.0669,0.9227,2.7281,4.129,23.0,1.0,0.0,C2_BEACONING
14.9682,74.0,26.0,48.0,71238.43,11972.3,59266.13,4759.33,4.94,-0.6639,962.68,355.05,430.11,1500.0,885.2,896.94,0.3009,202.27,268.64,40.45,445.0,1.3281,0.0206,4.4076,3.0575,12.0,0.0,0.0,BENIGN_WEB
40.4627,154.0,140.0,14.0,206579.87,192719.35,13860.52,5105.44,3.81,0.8658,1341.43,182.53,1067.63,1500.0,1394.27,1336.3,0.4278,39.53,12.51,7.91,86.96,0.3165,0.1704,2.809,3.1862,26.0,1.0,0.0,DATA_EXFILTRATION
103.7764,23.0,11.0,12.0,5169.62,2507.51,2662.11,49.81,0.22,-0.0299,224.77,95.28,81.85,396.26,258.24,228.95,0.5739,25718.62,1650.46,5143.72,56580.97,0.0642,0.8809,3.0225,4.2351,15.0,1.0,1.0,C2_BEACONING
16.7196,65.0,20.0,45.0,60714.2,11952.01,48762.18,3631.32,3.89,-0.6063,934.06,566.35,84.54,1500.0,897.94,879.24,0.5539,257.22,318.0,51.44,565.89,1.2363,0.1169,3.9812,2.5157,19.0,0.0,0.0,BENIGN_WEB
8.8509,795.0,657.0,138.0,970694.77,939997.46,30697.31,109671.49,89.82,0.9368,1221.0,148.2,998.7,1487.76,1117.16,1198.64,0.2079,30.9,7.3,6.18,67.98,0.2361,0.2174,2.8303,3.6026,19.0,0.0,0.0,DATA_EXFILTRATION
25.8856,63.0,23.0,40.0,46520.59,11674.33,34846.26,1797.16,2.43,-0.4981,738.42,329.85,243.65,1332.14,792.04,721.01,0.4005,410.88,661.77,82.18,903.94,1.6106,0.0187,4.5268,2.3049,19.0,0.0,0.0,BENIGN_WEB
14.1959,1454.0,1205.0,249.0,1977310.48,1945516.96,31793.52,139287.06,102.42,0.9678,1359.91,275.7,946.37,1500.0,1283.48,1215.15,0.3887,12.34,3.21,2.47,27.15,0.2602,0.2262,2.611,2.9179,16.0,0.0,1.0,DATA_EXFILTRATION
12.1167,30.0,11.0,19.0,31959.98,7178.1,24781.88,2637.67,2.48,-0.5508,1065.33,400.67,464.33,1500.0,1037.14,986.55,0.3753,403.89,457.04,80.78,888.56,1.1316,0.0699,4.5642,2.9442,17.0,0.0,0.0,BENIGN_WEB
26.0672,79.0,30.0,49.0,85166.68,13382.78,71783.9,3267.2,3.03,-0.6857,1078.06,418.99,449.57,1500.0,1194.81,953.71,0.2265,329.96,533.96,65.99,725.92,1.6182,0.0788,4.2029,2.9629,20.0,0.0,0.0,BENIGN_WEB
94.1465,22.0,11.0,11.0,8605.91,4907.33,3698.58,91.41,0.23,0.1405,391.18,89.43,257.04,552.15,334.13,418.45,0.4344,24637.23,360.94,4927.45,54201.91,0.0147,0.9004,2.7473,3.4796,22.0,1.0,1.0,C2_BEACONING
24.9631,17.0,6.0,11.0,10844.09,2363.03,8481.05,434.41,0.68,-0.5642,637.89,495.24,40.0,1500.0,651.85,721.08,0.1885,1468.42,2122.09,293.68,3230.52,1.4452,0.111,5.053,2.8812,17.0,0.0,0.0,BENIGN_WEB
27.7348,36.0,13.0,23.0,30925.76,8763.44,22162.32,1115.05,1.3,-0.4333,859.05,337.02,353.52,1465.68,785.46,818.36,0.1948,770.41,586.66,154.08,1694.91,0.7615,0.0461,3.9145,3.0604,16.0,0.0,0.0,BENIGN_WEB
41.8162,23.0,11.0,12.0,4473.85,2869.68,1604.17,106.99,0.55,0.2829,194.52,103.01,40.0,379.94,209.12,173.33,0.5725,16296.9,979.5,3259.38,35853.18,0.0601,0.9853,2.2073,3.6322,18.0,1.0,0.0,C2_BEACONING
29.0373,18.0,5.0,13.0,14176.9,1818.23,12358.67,488.23,0.62,-0.7435,787.61,340.09,277.47,1399.76,838.49,737.27,0.3738,1613.18,2396.2,322.64,3549.01,1.4854,0.0278,4.2222,2.8942,12.0,0.0,0.0,BENIGN_WEB
12.3787,84.0,25.0,59.0,74211.76,8583.89,65627.87,5995.11,6.79,-0.7687,883.47,459.06,194.89,1500.0,867.23,1011.98,0.4556,147.37,229.47,29.47,324.2,1.5572,0.0452,4.4514,2.4077,19.0,0.0,0.0,BENIGN_WEB
26.8149,50.0,14.0,36.0,42232.21,3915.1,38317.11,1574.95,1.86,-0.8146,844.64,384.22,268.32,1500.0,741.77,748.81,0.2864,536.3,675.12,107.26,1179.86,1.2588,0.0596,4.237,2.3143,11.0,0.0,0.0,BENIGN_WEB
25.9475,75.0,31.0,44.0,57928.07,8882.35,49045.71,2232.51,2.89,-0.6933,772.37,458.31,84.91,1500.0,660.19,808.28,0.3504,345.97,392.58,69.19,761.13,1.1347,0.0717,3.6784,2.8173,18.0,0.0,0.0,BENIGN_WEB
30.7615,39.0,13.0,26.0,29958.88,8290.63,21668.25,973.91,1.27,-0.4465,768.18,557.37,40.0,1500.0,858.62,810.26,0.3165,788.76,769.19,157.75,1735.26,0.9752,0.0304,4.0535,3.0888,12.0,0.0,0.0,BENIGN_WEB
16.4716,24.0,9.0,15.0,16293.19,1477.53,14815.65,989.17,1.46,-0.8186,678.88,345.24,161.03,1300.31,769.15,753.34,0.3437,686.32,777.7,137.26,1509.9,1.1331,0.0983,3.6005,2.6081,15.0,0.0,0.0,BENIGN_WEB
62.7433,19.0,9.0,10.0,4122.66,2311.79,1810.87,65.71,0.3,0.1215,216.98,66.02,117.96,335.81,190.42,234.03,0.3528,4773.75,69.68,954.75,10502.25,0.0146,0.9748,2.1386,4.1126,20.0,0.0,0.0,C2_BEACONING
16.6916,68.0,21.0,47.0,66110.28,19001.49,47108.79,3960.69,4.07,-0.4252,972.21,567.51,120.95,1500.0,864.84,963.78,0.4441,245.46,229.94,49.09,540.02,0.9368,0.1267,4.4977,2.1031,8.0,0.0,0.0,BENIGN_WEB
26.8822,17.0,6.0,11.0,18053.87,4883.73,13170.14,671.59,0.63,-0.459,1061.99,432.93,412.59,1500.0,954.52,913.05,0.4644,1581.3,2458.35,316.26,3478.87,1.5546,0.0137,4.3463,2.4072,15.0,0.0,0.0,BENIGN_WEB
6.0601,61.0,24.0,37.0,39764.81,10737.45,29027.36,6561.72,10.07,-0.46,651.88,402.33,48.39,1376.07,712.59,657.48,0.407,99.35,72.9,19.87,218.56,0.7338,0.0721,4.9695,2.3118,10.0,0.0,0.0,BENIGN_WEB
10.8831,32.0,12.0,20.0,24030.62,6526.41,17504.21,2208.07,2.94,-0.4568,750.96,478.58,40.0,1500.0,724.87,783.05,0.378,340.1,279.72,68.02,748.21,0.8225,0.0783,5.0859,2.1101,18.0,0.0,0.0,BENIGN_WEB
22.2536,49.0,16.0,33.0,35380.06,9471.73,25908.34,1589.86,2.2,-0.4646,722.04,559.17,40.0,1500.0,704.24,756.41,0.4198,454.15,741.5,90.83,999.14,1.6327,0.0143,4.819,2.6583,17.0,0.0,0.0,BENIGN_WEB
20.5051,60.0,17.0,43.0,38696.38,9329.13,29367.25,1887.16,2.93,-0.5178,644.94,378.42,77.31,1326.1,604.86,617.12,0.582,341.75,414.95,68.35,751.85,1.2142,0.0307,3.683,2.758,13.0,0.0,0.0,BENIGN_WEB
12.6495,20.0,7.0,13.0,16428.13,4675.83,11752.3,1298.71,1.58,-0.4308,821.41,420.93,190.01,1500.0,828.15,935.73,0.5961,632.48,611.46,126.5,1391.45,0.9668,0.0408,4.4441,2.8212,13.0,0.0,0.0,BENIGN_WEB
24.8937,15.0,4.0,11.0,14256.05,3284.84,10971.21,572.68,0.6,-0.5392,950.4,478.3,232.95,1500.0,1081.2,1010.11,0.5501,1659.58,2628.97,331.92,3651.08,1.5841,0.0755,4.8013,2.19,17.0,0.0,0.0,BENIGN_WEB
28.8911,17.0,6.0,11.0,11778.85,1481.09,10297.76,407.7,0.59,-0.7485,692.87,537.66,40.0,1500.0,742.95,621.75,0.5411,1699.48,1954.08,339.9,3738.85,1.1498,0.0145,4.2292,2.9009,8.0,0.0,0.0,BENIGN_WEB
73.0759,13.0,6.0,7.0,5030.84,2932.8,2098.04,68.84,0.18,0.1659,386.99,104.78,229.82,575.58,359.85,430.0,0.6055,10256.43,725.0,2051.29,22564.14,0.0707,0.8914,2.5991,3.55,24.0,1.0,0.0,C2_BEACONING
63.3149,8.0,4.0,4.0,2774.08,1551.53,1222.54,43.81,0.13,0.1186,346.76,138.26,139.36,595.64,332.48,313.72,0.5625,10612.05,613.33,2122.41,23346.52,0.0578,0.8802,2.5068,3.4575,24.0,0.0,0.0,C2_BEACONING
2.0228,15.0,4.0,11.0,13949.15,2692.6,11256.55,6895.8,7.42,-0.6139,929.94,337.25,424.07,1500.0,902.95,836.31,0.515,134.86,217.38,26.97,296.68,1.612,0.0985,4.7605,2.5166,11.0,0.0,0.0,BENIGN_WEB
9.9409,24.0,9.0,15.0,19161.13,2522.73,16638.4,1927.5,2.41,-0.7367,798.38,341.89,285.55,1413.78,901.89,798.52,0.4873,414.21,307.75,82.84,911.25,0.743,0.0776,5.0198,2.8668,14.0,0.0,0.0,BENIGN_WEB
46.4424,659.0,577.0,82.0,932515.22,866220.84,66294.38,20078.95,14.19,0.8578,1415.05,187.5,1133.79,1500.0,1285.82,1377.11,0.6026,46.18,15.3,9.24,101.6,0.3313,0.1293,2.5264,3.4009,22.0,1.0,0.0,DATA_EXFILTRATION
31.1887,584.0,466.0,118.0,738968.49,722521.22,16447.28,23693.44,18.72,0.9555,1265.36,263.67,869.86,1500.0,1277.33,1425.08,0.2657,9.62,5.57,1.92,21.16,0.5796,0.1565,2.1192,3.3994,17.0,0.0,0.0,DATA_EXFILTRATION
12.0969,1113.0,898.0,215.0,1393569.74,1317909.42,75660.32,115200.53,92.01,0.8914,1252.08,173.24,992.22,1500.0,1165.96,1290.41,0.259,42.99,15.31,8.6,94.58,0.3561,0.1952,2.1079,3.1838,24.0,0.0,1.0,DATA_EXFILTRATION
105.6687,17.0,8.0,9.0,5979.28,2654.7,3324.58,56.59,0.16,-0.112,351.72,132.19,153.44,589.66,386.7,304.79,0.5721,22740.45,1637.28,4548.09,50029.0,0.072,0.8879,3.0165,4.0019,32.0,1.0,0.0,C2_BEACONING
13.5448,41.0,15.0,26.0,25977.83,7175.53,18802.3,1917.92,3.03,-0.4476,633.61,408.77,40.0,1369.39,570.87,695.1,0.1975,330.36,289.48,66.07,726.79,0.8763,0.1293,3.9456,2.1703,15.0,0.0,0.0,BENIGN_WEB
4.3602,72.0,22.0,50.0,58245.19,12115.71,46129.48,13358.33,16.51,-0.584,808.96,494.37,67.41,1500.0,875.06,830.56,0.5515,60.56,66.77,12.11,133.23,1.1025,0.0118,4.3488,2.8049,21.0,0.0,0.0,BENIGN_WEB
92.2746,10.0,5.0,5.0,2063.26,983.57,1079.68,22.36,0.11,-0.0466,206.33,139.17,40.0,456.84,178.04,197.9,0.4517,16615.24,907.92,3323.05,36553.53,0.0546,0.9323,2.732,3.7384,20.0,1.0,0.0,C2_BEACONING
63.4626,24.0,12.0,12.0,5630.5,2643.72,2986.77,88.72,0.38,-0.0609,234.6,116.33,60.11,443.99,200.8,223.8,0.2437,10254.43,482.81,2050.89,22559.74,0.0471,0.9787,3.0675,3.977,33.0,1.0,0.0,C2_BEACONING
23.3766,23.0,11.0,12.0,7727.85,4435.14,3292.71,330.58,0.98,0.1478,335.99,121.46,153.8,554.62,383.53,323.24,0.4963,22187.3,1818.38,4437.46,48812.06,0.082,0.9736,2.7704,3.9148,29.0,1.0,0.0,C2_BEACONING
8.6525,59.0,20.0,39.0,49078.83,9888.9,39189.94,5672.21,6.82,-0.597,831.84,558.2,40.0,1500.0,729.21,829.07,0.2829,146.65,182.19,29.33,322.64,1.2423,0.0694,4.8691,2.7762,17.0,0.0,0.0,BENIGN_WEB
86.832,16.0,8.0,8.0,4017.95,1955.35,2062.6,46.27,0.18,-0.0267,251.12,133.37,51.07,491.19,217.75,234.1,0.3397,24608.7,2411.92,4921.74,54139.15,0.098,0.9834,2.5482,3.774,18.0,1.0,0.0,C2_BEACONING
14.2899,70.0,22.0,48.0,61122.31,12449.84,48672.47,4277.31,4.9,-0.5926,873.18,396.44,278.52,1500.0,980.65,836.34,0.4748,204.14,148.02,40.83,449.11,0.7251,0.0661,3.7668,2.7736,16.0,0.0,0.0,BENIGN_WEB
93.1359,16.0,8.0,8.0,5042.68,2346.7,2695.97,54.14,0.17,-0.0693,315.17,66.19,215.89,434.3,358.87,292.4,0.6075,8251.92,83.23,1650.38,18154.23,0.0101,0.9352,2.3572,3.4895,25.0,0.0,1.0,C2_BEACONING
18.1295,77.0,26.0,51.0,78574.3,16829.85,61744.45,4334.05,4.25,-0.5716,1020.45,482.79,296.26,1500.0,1048.3,888.64,0.1906,235.45,388.02,47.09,517.99,1.648,0.0847,4.7726,2.5888,14.0,0.0,0.0,BENIGN_WEB
26.2467,9.0,4.0,5.0,2242.31,1263.71,978.6,85.43,0.34,0.1272,249.15,60.45,158.46,357.96,273.6,224.01,0.3113,10959.12,442.69,2191.82,24110.07,0.0404,0.9311,2.1435,3.6135,25.0,0.0,0.0,C2_BEACONING
3.3717,80.0,24.0,56.0,51217.56,6572.43,44645.14,15190.24,23.73,-0.7434,640.22,449.94,40.0,1450.1,624.95,632.14,0.2856,42.15,31.79,8.43,92.72,0.7543,0.1133,3.7937,2.6823,19.0,0.0,0.0,BENIGN_WEB
17.8224,20.0,8.0,12.0,16432.97,2269.12,14163.85,922.04,1.12,-0.7238,821.65,357.65,285.17,1465.42,737.23,748.67,0.181,891.12,1297.42,178.22,1960.47,1.4559,0.1322,3.9366,3.054,11.0,0.0,0.0,BENIGN_WEB
31.1063,76.0,26.0,50.0,71836.74,11893.6,59943.14,2309.39,2.44,-0.6689,945.22,539.87,135.42,1500.0,1065.65,1046.38,0.2696,409.29,645.35,81.86,900.45,1.5767,0.0303,3.8363,2.7727,13.0,0.0,0.0,BENIGN_WEB
13.6035,993.0,787.0,206.0,1292959.22,1271015.33,21943.89,95045.8,73.0,0.9661,1302.07,183.63,1026.63,1500.0,1212.97,1225.45,0.5102,16.52,5.65,3.3,36.35,0.3422,0.2733,2.7448,3.3708,14.0,0.0,0.0,DATA_EXFILTRATION
38.6865,16.0,8.0,8.0,5198.97,2962.57,2236.41,134.39,0.41,0.1397,324.94,69.26,221.05,449.6,346.76,318.25,0.4402,12042.76,1138.49,2408.55,26494.08,0.0945,0.952,2.6542,3.4563,20.0,0.0,0.0,C2_BEACONING
96.3668,15.0,7.0,8.0,3749.26,1980.46,1768.8,38.91,0.16,0.0565,249.95,58.0,162.94,354.36,251.98,222.84,0.3835,14531.18,1535.55,2906.24,31968.59,0.1057,0.9483,2.5119,4.0344,33.0,1.0,0.0,C2_BEACONING
28.9109,25.0,9.0,16.0,20277.63,2030.06,18247.58,701.38,0.86,-0.7998,811.11,411.94,193.19,1500.0,862.25,808.78,0.366,1156.44,1519.2,231.29,2544.16,1.3137,0.122,3.808,2.5915,20.0,0.0,0.0,BENIGN_WEB
33.7357,1485.0,1221.0,264.0,2015354.25,1828582.74,186771.51,59739.45,44.02,0.8147,1357.14,179.55,1087.81,1500.0,1295.37,1421.68,0.4811,44.7,19.8,8.94,98.35,0.4429,0.1859,2.19,3.0197,17.0,0.0,0.0,DATA_EXFILTRATION
7.9129,1422.0,1299.0,123.0,1897428.85,1791032.29,106396.55,239790.26,179.71,0.8879,1334.34,166.1,1085.18,1500.0,1215.37,1264.11,0.3634,44.84,22.72,8.97,98.65,0.5067,0.1728,2.879,3.7817,18.0,1.0,0.0,DATA_EXFILTRATION
96.1048,15.0,7.0,8.0,4956.68,3111.57,1845.11,51.58,0.16,0.2555,330.45,118.34,152.94,543.45,342.39,374.02,0.3373,12194.2,1216.55,2438.84,26827.24,0.0998,0.8864,2.3607,4.1268,16.0,1.0,1.0,C2_BEACONING
23.8482,84.0,26.0,58.0,77513.75,14839.62,62674.13,3250.3,3.52,-0.6171,922.78,558.23,85.43,1500.0,1021.71,983.62,0.2317,283.91,228.14,56.78,624.59,0.8036,0.1125,3.6173,3.0987,13.0,0.0,0.0,BENIGN_WEB
50.948,19.0,9.0,10.0,5781.38,3478.87,2302.51,113.48,0.37,0.2035,304.28,62.17,211.03,416.18,308.35,260.05,0.4931,6580.06,190.34,1316.01,14476.12,0.0289,0.9414,2.2502,3.957,16.0,0.0,0.0,C2_BEACONING
41.0988,1548.0,1373.0,175.0,1997299.21,1929154.66,68144.55,48597.53,37.67,0.9318,1290.24,238.29,932.81,1500.0,1217.28,1096.85,0.1943,47.85,25.93,9.57,105.27,0.5419,0.2748,2.746,3.3394,14.0,1.0,0.0,DATA_EXFILTRATION
9.7577,68.0,25.0,43.0,71223.69,12675.77,58547.92,7299.23,6.97,-0.6441,1047.41,362.09,504.27,1500.0,1002.4,1081.76,0.3752,143.5,241.71,28.7,315.69,1.6844,0.0268,3.9576,3.0123,20.0,0.0,0.0,BENIGN_WEB
1.9134,44.0,12.0,32.0,28304.01,6757.2,21546.81,14792.42,23.0,-0.5225,643.27,343.21,128.46,1261.05,730.61,705.1,0.3109,43.49,38.96,8.7,95.67,0.8958,0.0414,4.4534,2.4768,21.0,0.0,0.0,BENIGN_WEB
22.1858,30.0,10.0,20.0,31853.91,5076.4,26777.51,1435.78,1.35,-0.6813,1061.8,394.83,469.55,1500.0,999.37,1132.8,0.4402,739.53,525.44,147.91,1626.96,0.7105,0.0375,4.2122,2.1596,11.0,0.0,0.0,BENIGN_WEB
8.6988,234.0,185.0,49.0,321205.35,307881.36,13323.99,36925.24,26.9,0.917,1372.67,180.36,1102.14,1500.0,1289.79,1428.06,0.3893,45.36,29.46,9.07,99.78,0.6495,0.1625,1.9601,3.5641,19.0,1.0,1.0,DATA_EXFILTRATION
22.8405,68.0,21.0,47.0,47633.66,8658.61,38975.05,2085.49,2.98,-0.6365,700.49,404.62,93.56,1428.82,647.36,683.96,0.5191,335.89,275.16,67.18,738.96,0.8192,0.0856,5.014,2.8341,18.0,0.0,0.0,BENIGN_WEB
74.4176,22.0,11.0,11.0,4340.77,2406.62,1934.15,58.33,0.3,0.1088,197.31,132.9,40.0,436.54,224.54,178.44,0.534,10439.86,847.89,2087.97,22967.7,0.0812,0.9363,2.146,4.2016,30.0,0.0,0.0,C2_BEACONING
21.7419,63.0,25.0,38.0,57607.17,10750.64,46856.54,2649.59,2.9,-0.6268,914.4,352.93,385.01,1500.0,991.76,992.67,0.5982,345.11,516.74,69.02,759.24,1.4973,0.1284,4.8863,2.1586,16.0,0.0,0.0,BENIGN_WEB
13.8153,84.0,32.0,52.0,90502.19,21249.43,69252.76,6550.88,6.08,-0.5304,1077.41,550.72,251.33,1500.0,941.89,1026.2,0.3602,164.47,200.21,32.89,361.83,1.2173,0.1162,4.1812,2.3557,10.0,0.0,0.0,BENIGN_WEB
12.9407,40.0,12.0,28.0,29150.35,4300.83,24849.51,2252.61,3.09,-0.7049,728.76,347.3,207.81,1353.89,801.02,793.02,0.354,323.52,560.62,64.7,711.74,1.7329,0.0649,4.2631,2.9366,18.0,0.0,0.0,BENIGN_WEB
12.1059,69.0,24.0,45.0,43106.77,11854.05,31252.71,3560.81,5.7,-0.45,624.74,549.25,40.0,1500.0,645.6,650.78,0.2997,175.45,160.77,35.09,385.99,0.9163,0.0626,4.4895,2.5959,21.0,0.0,0.0,BENIGN_WEB
16.0272,30.0,12.0,18.0,27031.17,2702.25,24328.92,1686.58,1.87,-0.8001,901.04,485.89,172.2,1500.0,778.45,948.8,0.4163,534.24,517.69,106.85,1175.33,0.969,0.0853,4.6827,2.8991,16.0,0.0,0.0,BENIGN_WEB
30.7132,54.0,22.0,32.0,37162.82,8742.41,28420.41,1209.99,1.76,-0.5295,688.2,347.01,167.69,1312.81,739.4,642.58,0.3654,568.76,884.42,113.75,1251.28,1.555,0.1365,4.3591,2.1105,18.0,0.0,0.0,BENIGN_WEB
33.7774,25.0,12.0,13.0,7665.86,3912.89,3752.97,226.95,0.74,0.0209,306.63,138.17,99.38,555.34,345.71,276.95,0.3765,9823.93,344.63,1964.79,21612.65,0.0351,0.9083,2.5728,3.479,24.0,1.0,0.0,C2_BEACONING
27.1498,53.0,17.0,36.0,48334.52,6243.93,42090.59,1780.29,1.95,-0.7416,911.97,523.84,126.22,1500.0,995.0,1037.47,0.3847,512.26,654.24,102.45,1126.97,1.2772,0.0742,4.8935,2.9212,12.0,0.0,0.0,BENIGN_WEB
98.3659,24.0,12.0,12.0,4742.34,2840.44,1901.91,48.21,0.24,0.1979,197.6,71.43,90.45,326.17,198.9,198.76,0.411,20899.63,1074.33,4179.93,45979.18,0.0514,0.9656,2.2031,3.4914,23.0,1.0,1.0,C2_BEACONING
15.0878,42.0,15.0,27.0,43201.03,12254.8,30946.23,2863.3,2.78,-0.4327,1028.6,569.07,174.99,1500.0,966.06,1033.98,0.6165,359.23,576.84,71.85,790.32,1.6057,0.0738,4.6769,3.0512,13.0,0.0,0.0,BENIGN_WEB
4.0287,23.0,8.0,15.0,17956.34,3220.39,14735.95,4457.11,5.71,-0.6413,780.71,321.22,298.88,1358.91,695.03,889.72,0.3228,175.16,292.47,35.03,385.35,1.6697,0.0145,3.8176,2.8713,14.0,0.0,0.0,BENIGN_WEB
84.7107,15.0,7.0,8.0,6077.6,2856.75,3220.85,71.75,0.18,-0.0599,405.17,86.92,274.79,561.63,365.34,415.27,0.6145,22464.37,910.7,4492.87,49421.61,0.0405,0.9459,2.4772,3.5939,26.0,1.0,0.0,C2_BEACONING
33.3066,25.0,12.0,13.0,9778.82,5113.28,4665.54,293.6,0.75,0.0458,391.15,79.09,272.52,533.51,449.04,425.41,0.5099,26393.26,536.46,5278.65,58065.17,0.0203,0.8885,2.8894,3.6023,27.0,0.0,0.0,C2_BEACONING
49.8349,258.0,204.0,54.0,326727.35,291057.84,35669.51,6556.19,5.18,0.7817,1266.39,151.22,1039.56,1500.0,1235.1,1234.11,0.317,21.28,6.79,4.26,46.82,0.3193,0.2629,2.5266,3.2046,19.0,0.0,0.0,DATA_EXFILTRATION
24.5754,40.0,16.0,24.0,41832.36,10279.61,31552.75,1702.2,1.63,-0.5085,1045.81,434.99,393.32,1500.0,1003.74,1015.39,0.3972,614.39,539.84,122.88,1351.65,0.8787,0.0464,4.6406,2.3896,16.0,0.0,0.0,BENIGN_WEB
87.5853,18.0,9.0,9.0,6903.77,3845.71,3058.06,78.82,0.21,0.1141,383.54,69.78,278.87,509.15,366.08,367.29,0.3172,11187.86,938.26,2237.57,24613.3,0.0839,0.8947,2.228,3.5764,22.0,1.0,0.0,C2_BEACONING
15.0,80.0,27.0,53.0,56027.18,9226.79,46800.39,3735.15,5.33,-0.6706,700.34,500.33,40.0,1500.0,645.84,712.29,0.3458,187.5,260.21,37.5,412.5,1.3878,0.0569,4.1997,2.8568,19.0,0.0,0.0,BENIGN_WEB
22.2574,24.0,12.0,12.0,4749.63,2421.52,2328.11,213.4,1.08,0.0197,197.9,126.68,40.0,425.93,187.89,169.58,0.6066,14832.78,1301.53,2966.56,32632.12,0.0877,0.9026,2.2322,3.9522,33.0,1.0,1.0,C2_BEACONING
43.8219,857.0,769.0,88.0,1124542.34,1056431.36,68110.98,25661.65,19.56,0.8789,1312.18,130.55,1116.37,1500.0,1186.7,1467.07,0.2119,19.59,7.27,3.92,43.11,0.3712,0.1325,2.8193,3.7129,20.0,1.0,0.0,DATA_EXFILTRATION
9.9425,75.0,24.0,51.0,55441.03,6082.78,49358.25,5576.15,7.54,-0.7806,739.21,446.24,69.85,1500.0,692.3,718.51,0.3478,132.57,196.26,26.51,291.65,1.4805,0.0271,4.4184,2.1495,11.0,0.0,0.0,BENIGN_WEB
15.832,21.0,7.0,14.0,20284.41,2090.15,18194.26,1281.23,1.33,-0.7939,965.92,462.62,271.99,1500.0,963.95,1010.44,0.3765,753.9,1004.58,150.78,1658.59,1.3325,0.0634,3.7138,2.1564,15.0,0.0,0.0,BENIGN_WEB
36.3404,24.0,12.0,12.0,7701.53,4022.88,3678.65,211.93,0.66,0.0447,320.9,51.57,243.54,413.73,313.82,295.13,0.3941,26162.53,1515.42,5232.51,57557.56,0.0579,0.9417,3.015,3.7633,33.0,1.0,0.0,C2_BEACONING
7.5221,84.0,26.0,58.0,76003.4,11866.99,64136.4,10104.02,11.17,-0.6877,904.8,513.43,134.65,1500.0,936.79,780.37,0.3738,89.55,73.49,17.91,197.01,0.8207,0.0596,3.7214,2.5,11.0,0.0,0.0,BENIGN_WEB
17.0179,22.0,7.0,15.0,22927.05,4812.94,18114.11,1347.23,1.29,-0.5802,1042.14,413.1,422.48,1500.0,1126.69,965.31,0.3552,773.54,695.0,154.71,1701.79,0.8985,0.0722,3.9116,2.4996,15.0,0.0,0.0,BENIGN_WEB
16.215,38.0,13.0,25.0,27470.5,3950.39,23520.11,1694.14,2.34,-0.7124,722.91,374.56,161.07,1397.12,766.16,819.97,0.2744,426.71,585.92,85.34,938.76,1.3731,0.0402,4.455,2.5363,17.0,0.0,0.0,BENIGN_WEB
31.5863,23.0,11.0,12.0,6355.13,3786.98,2568.15,201.2,0.73,0.1918,276.31,104.33,119.82,464.1,255.8,308.89,0.4571,17618.08,1500.34,3523.62,38759.77,0.0852,0.983,2.7132,3.8613,16.0,0.0,0.0,C2_BEACONING
1.8875,55.0,22.0,33.0,34499.59,6207.91,28291.68,18277.87,29.14,-0.6401,627.27,370.3,71.81,1293.81,635.92,595.09,0.5962,34.32,25.48,6.86,75.5,0.7425,0.0988,4.3371,2.6668,12.0,0.0,0.0,BENIGN_WEB
6.4177,20.0,6.0,14.0,13372.55,3617.92,9754.63,2083.69,3.12,-0.4589,668.63,500.21,40.0,1500.0,689.88,637.86,0.296,320.89,310.53,64.18,705.95,0.9677,0.0998,4.0201,2.9216,18.0,0.0,0.0,BENIGN_WEB
28.0343,48.0,16.0,32.0,42293.21,11953.34,30339.87,1508.62,1.71,-0.4347,881.11,505.12,123.43,1500.0,843.09,782.06,0.3804,584.05,942.48,116.81,1284.9,1.6137,0.0131,4.5916,2.2665,11.0,0.0,0.0,BENIGN_WEB
29.9089,70.0,22.0,48.0,65945.6,13836.98,52108.62,2204.88,2.34,-0.5804,942.08,391.81,354.37,1500.0,930.79,971.92,0.5447,427.27,689.0,85.45,940.0,1.6126,0.0398,4.3919,2.8357,16.0,0.0,0.0,BENIGN_WEB
33.1973,650.0,590.0,60.0,840653.97,809456.57,31197.4,25322.99,19.58,0.9258,1293.31,179.57,1023.95,1500.0,1370.01,1410.95,0.4234,12.54,4.39,2.51,27.58,0.3506,0.1493,2.3076,3.8111,18.0,0.0,0.0,DATA_EXFILTRATION
38.5127,15.0,7.0,8.0,3134.68,1970.73,1163.95,81.39,0.39,0.2574,208.98,60.77,117.83,318.36,187.26,206.78,0.4096,7053.71,87.12,1410.74,15518.17,0.0124,0.9122,2.7557,4.2464,16.0,0.0,0.0,C2_BEACONING
14.4804,40.0,12.0,28.0,38672.83,5143.8,33529.03,2670.71,2.76,-0.734,966.82,440.77,305.67,1500.0,1043.7,834.31,0.2255,362.01,589.97,72.4,796.42,1.6297,0.1027,4.5725,2.2247,20.0,0.0,0.0,BENIGN_WEB
77.0505,8.0,4.0,4.0,1752.84,904.9,847.93,22.75,0.1,0.0325,219.1,124.33,40.0,442.9,228.47,212.51,0.5905,19254.16,932.74,3850.83,42359.14,0.0484,0.988,2.8375,3.5242,18.0,1.0,1.0,C2_BEACONING
6.1273,27.0,8.0,19.0,17080.54,3683.8,13396.74,2787.63,4.41,-0.5687,632.61,349.74,108.0,1262.14,642.09,617.73,0.3679,226.94,185.01,45.39,499.26,0.8153,0.0241,3.6736,2.9972,15.0,0.0,0.0,BENIGN_WEB
43.7178,353.0,279.0,74.0,441424.89,409097.57,32327.32,10097.15,8.07,0.8535,1250.5,247.84,878.74,1500.0,1185.85,1120.35,0.2963,13.7,6.08,2.74,30.13,0.4442,0.1323,2.5453,3.5476,22.0,0.0,1.0,DATA_EXFILTRATION
13.5656,78.0,30.0,48.0,81022.24,8780.07,72242.17,5972.61,5.75,-0.7833,1038.75,545.67,220.24,1500.0,1119.34,1129.78,0.2801,173.92,125.74,34.78,382.62,0.723,0.0719,4.41,3.0782,13.0,0.0,0.0,BENIGN_WEB
60.5939,9.0,4.0,5.0,2142.36,959.67,1182.69,35.36,0.15,-0.1041,238.04,131.89,40.2,475.45,267.18,267.72,0.4913,24350.69,1239.81,4870.14,53571.52,0.0509,0.9713,2.7259,4.2283,30.0,1.0,0.0,C2_BEACONING
16.0543,39.0,14.0,25.0,29876.3,3157.25,26719.05,1860.95,2.43,-0.7886,766.06,414.68,144.04,1500.0,653.38,761.13,0.5128,411.65,659.83,82.33,905.63,1.6029,0.0197,4.2738,2.8529,8.0,0.0,0.0,BENIGN_WEB
38.7444,23.0,11.0,12.0,4430.74,2877.89,1552.85,114.36,0.59,0.2991,192.64,103.1,40.0,378.23,205.07,171.89,0.447,25969.77,371.98,5193.95,57133.49,0.0143,0.94,2.3899,4.0103,24.0,1.0,0.0,C2_BEACONING
17.3528,80.0,30.0,50.0,77645.64,12263.65,65381.99,4474.54,4.61,-0.6841,970.57,476.78,255.4,1500.0,950.82,1095.38,0.5969,216.91,229.02,43.38,477.2,1.0558,0.0407,4.4906,2.8153,8.0,0.0,0.0,BENIGN_WEB
47.4537,937.0,759.0,178.0,1293979.96,1219964.59,74015.37,27268.27,19.75,0.8856,1380.98,168.45,1128.31,1500.0,1508.32,1218.98,0.4775,17.65,9.5,3.53,38.83,0.5384,0.1828,2.2353,3.6295,23.0,1.0,0.0,DATA_EXFILTRATION
16.1063,1003.0,916.0,87.0,1303122.74,1161579.9,141542.84,80907.55,62.27,0.7828,1299.23,155.8,1065.52,1500.0,1250.58,1329.26,0.2539,26.29,8.01,5.26,57.85,0.3046,0.1528,2.7073,3.0518,29.0,1.0,0.0,DATA_EXFILTRATION
23.6152,18.0,5.0,13.0,18202.81,5266.27,12936.54,770.81,0.76,-0.4214,1011.27,335.39,508.19,1500.0,1138.7,1110.88,0.5814,1311.95,971.98,262.39,2886.3,0.7409,0.1291,3.951,2.7493,14.0,0.0,0.0,BENIGN_WEB
7.5156,74.0,25.0,49.0,67525.13,7046.73,60478.4,8984.71,9.85,-0.7913,912.5,467.92,210.62,1500.0,993.83,798.66,0.563,101.56,86.92,20.31,223.44,0.8558,0.0593,4.655,2.5697,11.0,0.0,0.0,BENIGN_WEB
15.5947,38.0,12.0,26.0,30567.01,7942.7,22624.31,1960.09,2.44,-0.4803,804.4,519.67,40.0,1500.0,703.57,749.12,0.592,410.39,461.82,82.08,902.85,1.1253,0.0413,3.9642,2.48,21.0,0.0,0.0,BENIGN_WEB
67.1817,12.0,6.0,6.0,3462.74,1687.09,1775.65,51.54,0.18,-0.0256,288.56,54.34,207.06,386.36,253.75,299.91,0.2286,15871.98,1007.86,3174.4,34918.35,0.0635,0.9614,2.848,3.4559,16.0,0.0,0.0,C2_BEACONING
17.1122,50.0,20.0,30.0,36550.85,4513.18,32037.67,2135.96,2.92,-0.753,731.02,535.24,40.0,1500.0,795.72,624.01,0.2709,342.24,476.58,68.45,752.93,1.3925,0.0316,4.9788,3.0548,11.0,0.0,0.0,BENIGN_WEB
8.5424,425.0,364.0,61.0,577802.68,532029.13,45773.55,67639.32,49.75,0.8416,1359.54,234.9,1007.19,1500.0,1397.75,1560.2,0.2691,23.99,14.06,4.8,52.77,0.5861,0.2296,2.7218,3.4039,27.0,1.0,1.0,DATA_EXFILTRATION
31.7122,15.0,4.0,11.0,15651.27,4459.66,11191.61,493.54,0.47,-0.4301,1043.42,344.35,526.9,1500.0,1085.89,934.18,0.4863,2114.15,2465.71,422.83,4651.12,1.1663,0.1013,4.4473,2.65,9.0,0.0,0.0,BENIGN_WEB
29.1826,1469.0,1307.0,162.0,2012512.8,1900679.46,111833.34,68962.66,50.34,0.8889,1369.99,137.51,1163.72,1500.0,1445.48,1357.1,0.286,32.92,21.15,6.58,72.42,0.6426,0.214,2.2957,3.549,20.0,0.0,0.0,DATA_EXFILTRATION
51.618,17.0,8.0,9.0,3279.85,1847.75,1432.1,63.54,0.33,0.1267,192.93,137.13,40.0,439.77,182.73,204.41,0.517,10653.38,1134.08,2130.68,23437.44,0.1065,0.9136,2.8518,3.4771,32.0,1.0,1.0,C2_BEACONING
27.0333,76.0,24.0,52.0,64941.15,13233.87,51707.29,2402.27,2.81,-0.5924,854.49,515.06,81.89,1500.0,796.61,894.22,0.2229,355.7,379.13,71.14,782.54,1.0659,0.1172,4.3879,2.1871,11.0,0.0,0.0,BENIGN_WEB
33.9348,1151.0,965.0,186.0,1489388.85,1443758.7,45630.15,43889.74,33.92,0.9387,1294.0,248.16,921.76,1500.0,1322.78,1395.73,0.3042,27.52,15.08,5.5,60.54,0.5481,0.185,2.6255,3.7164,29.0,1.0,1.0,DATA_EXFILTRATION
82.8341,25.0,12.0,13.0,9533.42,5588.64,3944.77,115.09,0.3,0.1724,381.34,101.78,228.66,564.55,434.65,377.36,0.447,17210.7,1327.16,3442.14,37863.54,0.0771,0.9583,2.4755,3.6059,33.0,1.0,1.0,C2_BEACONING
19.8041,767.0,693.0,74.0,982048.82,943815.4,38233.42,49588.05,38.73,0.9221,1280.38,267.17,879.62,1500.0,1392.12,1382.49,0.2924,12.34,6.41,2.47,27.16,0.5192,0.2014,2.7993,2.9326,21.0,1.0,0.0,DATA_EXFILTRATION
17.7886,888.0,735.0,153.0,1239195.99,1161648.09,77547.9,69662.26,49.92,0.8748,1395.49,212.16,1077.25,1500.0,1311.7,1432.75,0.5204,21.02,5.95,4.2,46.25,0.2829,0.2105,2.4035,3.455,27.0,1.0,0.0,DATA_EXFILTRATION
9.3668,18.0,6.0,12.0,12891.38,3722.06,9169.32,1376.28,1.92,-0.4226,716.19,523.35,40.0,1500.0,660.97,807.62,0.436,520.38,738.46,104.08,1144.83,1.4191,0.1308,4.7154,2.4587,17.0,0.0,0.0,BENIGN_WEB
8.0784,74.0,22.0,52.0,47275.25,9955.32,37319.94,5852.05,9.16,-0.5788,638.85,495.3,40.0,1500.0,676.83,713.73,0.3821,109.17,174.54,21.83,240.17,1.5988,0.0169,4.1928,2.3498,13.0,0.0,0.0,BENIGN_WEB
5.8157,67.0,19.0,48.0,68425.04,8340.09,60084.95,11765.61,11.52,-0.7562,1021.27,345.8,502.57,1500.0,892.93,893.59,0.219,86.8,103.33,17.36,190.96,1.1904,0.0511,4.6415,2.7244,9.0,0.0,0.0,BENIGN_WEB
15.6603,84.0,30.0,54.0,84117.82,14221.48,69896.34,5371.39,5.36,-0.6619,1001.4,362.38,457.83,1500.0,1108.7,1061.67,0.2063,186.43,191.71,37.29,410.15,1.0283,0.0582,4.457,2.7227,9.0,0.0,0.0,BENIGN_WEB
10.7051,60.0,18.0,42.0,48867.3,4774.42,44092.87,4564.85,5.6,-0.8046,814.45,510.41,48.84,1500.0,804.61,905.54,0.5841,178.42,150.0,35.68,392.52,0.8407,0.1265,4.2372,2.8047,13.0,0.0,0.0,BENIGN_WEB
16.6624,34.0,12.0,22.0,24465.93,5639.67,18826.26,1468.33,2.04,-0.539,719.59,438.52,61.81,1500.0,627.93,622.51,0.1873,490.07,606.98,98.01,1078.16,1.2386,0.0173,3.8979,2.6491,8.0,0.0,0.0,BENIGN_WEB
11.8165,687.0,613.0,74.0,901752.62,810994.47,90758.15,76313.24,58.14,0.7987,1312.59,185.37,1034.55,1500.0,1498.12,1331.8,0.5078,20.15,11.72,4.03,44.34,0.5814,0.1385,2.7509,3.0047,22.0,0.0,0.0,DATA_EXFILTRATION
6.8684,46.0,14.0,32.0,42790.58,7940.66,34849.92,6230.02,6.7,-0.6289,930.23,544.6,113.33,1500.0,956.31,896.81,0.5927,149.31,203.57,29.86,328.49,1.3634,0.1254,4.9961,2.8447,11.0,0.0,0.0,BENIGN_WEB
9.8331,53.0,19.0,34.0,40554.06,7157.34,33396.72,4124.24,5.39,-0.647,765.17,495.33,40.0,1500.0,681.46,718.07,0.5643,185.53,238.43,37.11,408.17,1.2851,0.0707,3.9877,2.6167,19.0,0.0,0.0,BENIGN_WEB
10.4688,15.0,5.0,10.0,9511.24,1645.16,7866.08,908.53,1.43,-0.6541,634.08,572.08,40.0,1500.0,686.39,651.65,0.5053,697.92,1047.0,139.58,1535.42,1.5002,0.0663,3.7634,2.5301,21.0,0.0,0.0,BENIGN_WEB
25.909,28.0,8.0,20.0,21516.45,5665.55,15850.9,830.46,1.08,-0.4734,768.44,529.37,40.0,1500.0,672.42,720.25,0.5913,925.32,1509.24,185.06,2035.71,1.631,0.0987,4.1837,2.4755,15.0,0.0,0.0,BENIGN_WEB
68.8874,19.0,9.0,10.0,6300.11,3241.53,3058.58,91.46,0.28,0.029,331.58,118.59,153.7,545.04,357.7,288.71,0.4288,4743.78,137.06,948.76,10436.32,0.0289,0.9265,2.292,3.9484,26.0,1.0,0.0,C2_BEACONING
60.8336,16.0,8.0,8.0,4432.21,2511.11,1921.1,72.86,0.26,0.1331,277.01,103.08,122.39,462.56,253.54,306.4,0.5761,20941.95,808.6,4188.39,46072.29,0.0386,0.9883,2.1162,4.1606,19.0,0.0,0.0,C2_BEACONING
52.6554,17.0,8.0,9.0,6494.37,3081.99,3412.38,123.34,0.32,-0.0509,382.02,136.05,177.94,626.92,342.52,351.85,0.1804,14662.72,1543.1,2932.54,32257.98,0.1052,0.9856,2.832,4.1768,29.0,0.0,0.0,C2_BEACONING
4.8098,79.0,31.0,48.0,66472.88,6211.21,60261.67,13820.39,16.42,-0.8131,841.43,452.25,163.06,1500.0,887.73,814.48,0.5391,60.88,88.6,12.18,133.94,1.4553,0.0518,4.5965,2.6406,14.0,0.0,0.0,BENIGN_WEB
19.8966,432.0,364.0,68.0,571891.54,533916.45,37975.08,28743.16,21.71,0.8672,1323.82,201.8,1021.12,1500.0,1467.99,1165.62,0.2818,24.79,15.38,4.96,54.54,0.6206,0.1585,2.0982,3.7769,23.0,1.0,0.0,DATA_EXFILTRATION
76.5904,15.0,7.0,8.0,3921.95,1973.61,1948.34,51.21,0.2,0.0064,261.46,138.34,53.96,510.47,242.13,243.7,0.3864,11830.45,624.28,2366.09,26027.0,0.0528,0.9266,2.255,4.2401,31.0,1.0,0.0,C2_BEACONING
19.3451,1220.0,994.0,226.0,1718876.37,1637025.97,81850.4,88853.48,63.07,0.9048,1408.92,137.69,1202.38,1500.0,1443.17,1618.17,0.2702,45.41,22.56,9.08,99.9,0.4968,0.2745,2.7096,3.1109,19.0,1.0,0.0,DATA_EXFILTRATION
33.9311,23.0,11.0,12.0,9019.34,5706.74,3312.6,265.81,0.68,0.2654,392.15,90.33,256.65,554.74,372.72,351.02,0.4925,18027.32,832.9,3605.46,39660.11,0.0462,0.9099,2.8331,4.2084,21.0,1.0,0.0,C2_BEACONING
2.6101,36.0,10.0,26.0,24955.12,4071.88,20883.24,9560.93,13.79,-0.6737,693.2,493.33,40.0,1500.0,660.12,660.39,0.4148,72.5,87.45,14.5,159.51,1.2061,0.0398,3.773,2.749,18.0,0.0,0.0,BENIGN_WEB
20.035,67.0,25.0,42.0,52649.89,15175.55,37474.34,2627.9,3.34,-0.4235,785.82,399.97,185.86,1500.0,883.2,869.41,0.4246,299.03,325.32,59.81,657.86,1.0879,0.048,4.1084,3.0212,20.0,0.0,0.0,BENIGN_WEB
20.6929,65.0,21.0,44.0,47079.77,9373.38,37706.39,2275.16,3.14,-0.6018,724.3,492.48,40.0,1500.0,672.33,683.81,0.413,318.35,326.88,63.67,700.38,1.0268,0.0983,4.8537,2.3292,19.0,0.0,0.0,BENIGN_WEB
65.708,8.0,4.0,4.0,2837.77,1697.25,1140.52,43.19,0.12,0.1962,354.72,104.96,197.29,543.64,403.41,315.24,0.2495,15408.38,1217.99,3081.68,33898.44,0.079,0.9439,2.6473,3.8858,18.0,1.0,0.0,C2_BEACONING
53.8121,1203.0,1050.0,153.0,1616074.89,1479439.12,136635.77,30031.79,22.36,0.8309,1343.37,207.97,1031.42,1500.0,1522.6,1534.66,0.2385,43.75,19.21,8.75,96.25,0.4391,0.1711,2.5748,2.9093,14.0,0.0,0.0,DATA_EXFILTRATION
28.6734,17.0,7.0,10.0,11135.78,1247.59,9888.19,388.37,0.59,-0.7759,655.05,559.89,40.0,1500.0,650.14,630.39,0.2565,1686.67,1446.23,337.33,3710.68,0.8574,0.0931,3.8386,2.3051,12.0,0.0,0.0,BENIGN_WEB
15.5761,316.0,289.0,27.0,398144.32,370779.99,27364.33,25561.23,20.29,0.8625,1259.95,211.13,943.26,1500.0,1375.55,1313.34,0.2553,9.93,4.06,1.99,21.85,0.4092,0.1726,2.3842,3.681,25.0,1.0,1.0,DATA_EXFILTRATION
93.1936,22.0,11.0,11.0,6549.41,3204.17,3345.25,70.28,0.24,-0.0215,297.7,96.44,153.05,471.28,311.02,298.66,0.2722,9860.3,238.13,1972.06,21692.67,0.0242,0.9018,3.024,3.703,33.0,0.0,0.0,C2_BEACONING
15.7213,354.0,287.0,67.0,480734.12,437717.41,43016.71,30578.5,22.52,0.821,1358.01,156.32,1123.52,1500.0,1229.64,1410.64,0.5146,21.08,5.02,4.22,46.38,0.2381,0.1697,2.2627,3.4694,18.0,0.0,0.0,DATA_EXFILTRATION
51.5457,972.0,873.0,99.0,1366522.96,1251431.32,115091.64,26510.9,18.86,0.8316,1405.89,149.02,1182.36,1500.0,1421.41,1424.88,0.3186,24.03,7.87,4.81,52.87,0.3277,0.1682,2.6315,3.4509,18.0,1.0,0.0,DATA_EXFILTRATION
51.7702,446.0,361.0,85.0,555552.51,525723.37,29829.14,10731.12,8.61,0.8926,1245.63,114.41,1074.02,1451.57,1240.8,1324.31,0.4212,41.18,12.99,8.24,90.6,0.3155,0.2187,2.6679,3.5773,25.0,0.0,0.0,DATA_EXFILTRATION
31.1831,76.0,22.0,54.0,82050.32,12332.02,69718.3,2631.25,2.44,-0.6994,1079.61,463.79,383.93,1500.0,1201.78,1236.88,0.5842,410.3,287.34,82.06,902.67,0.7003,0.0354,4.3657,2.312,20.0,0.0,0.0,BENIGN_WEB
42.388,292.0,239.0,53.0,414258.29,373695.1,40563.19,9773.01,6.89,0.8042,1418.69,114.54,1246.89,1500.0,1410.24,1243.34,0.3398,10.71,4.7,2.14,23.57,0.4383,0.2267,2.298,3.2377,18.0,0.0,0.0,DATA_EXFILTRATION
8.9795,528.0,428.0,100.0,729590.42,706431.85,23158.57,81251.05,58.8,0.9365,1381.8,172.77,1122.65,1500.0,1310.31,1290.76,0.3892,27.81,6.87,5.56,61.19,0.2469,0.1743,2.4433,2.9069,19.0,1.0,1.0,DATA_EXFILTRATION
3.8338,31.0,9.0,22.0,26673.07,7388.89,19284.18,6957.38,8.09,-0.446,860.42,340.96,348.98,1474.15,829.84,876.36,0.262,123.67,178.26,24.73,272.07,1.4414,0.0323,4.4928,2.2876,9.0,0.0,0.0,BENIGN_WEB
14.3451,58.0,17.0,41.0,62625.63,14120.37,48505.25,4365.64,4.04,-0.5491,1079.75,433.96,428.81,1500.0,1196.27,1021.75,0.2231,247.33,300.21,49.47,544.13,1.2138,0.0544,4.8395,2.2394,17.0,0.0,0.0,BENIGN_WEB
62.4357,22.0,11.0,11.0,5950.79,2760.75,3190.04,95.31,0.35,-0.0721,270.49,82.92,146.1,419.75,259.31,257.04,0.4572,8651.31,903.5,1730.26,19032.88,0.1044,0.9584,2.9785,4.2462,18.0,1.0,0.0,C2_BEACONING
10.4698,1300.0,1085.0,215.0,1873754.09,1758201.4,115552.69,178966.75,124.17,0.8767,1441.35,180.3,1170.89,1500.0,1295.27,1296.38,0.5647,17.99,8.88,3.6,39.57,0.4938,0.1868,1.9485,3.3062,19.0,0.0,1.0,DATA_EXFILTRATION
31.8255,78.0,29.0,49.0,76981.09,11253.73,65727.35,2418.85,2.45,-0.7076,986.94,575.3,123.99,1500.0,860.73,997.38,0.5992,408.02,567.24,81.6,897.64,1.3902,0.1096,4.1389,2.2113,8.0,0.0,0.0,BENIGN_WEB
15.9135,84.0,24.0,60.0,87866.34,10678.05,77188.29,5521.48,5.28,-0.7569,1046.03,460.91,354.66,1500.0,915.47,1166.87,0.541,189.45,168.94,37.89,416.78,0.8918,0.0953,4.0748,2.2745,18.0,0.0,0.0,BENIGN_WEB
74.9744,8.0,4.0,4.0,2107.35,1245.16,862.18,28.11,0.11,0.1817,263.42,49.37,189.36,352.29,231.86,266.21,0.3682,24889.62,2609.15,4977.92,54757.17,0.1048,0.9038,2.4935,3.4792,22.0,1.0,0.0,C2_BEACONING
18.194,65.0,23.0,42.0,50569.1,12047.22,38521.88,2779.44,3.57,-0.5235,777.99,496.62,40.0,1500.0,700.52,668.63,0.1897,279.91,261.03,55.98,615.8,0.9326,0.0251,4.4797,2.663,14.0,0.0,0.0,BENIGN_WEB
16.0714,378.0,313.0,65.0,485562.95,460787.1,24775.85,30212.78,23.52,0.898,1284.56,151.36,1057.51,1500.0,1146.7,1214.14,0.2066,45.09,10.85,9.02,99.21,0.2406,0.2714,2.4342,3.2714,26.0,1.0,1.0,DATA_EXFILTRATION
8.7135,19.0,6.0,13.0,20017.3,5367.65,14649.65,2297.26,2.18,-0.4637,1053.54,352.14,525.33,1500.0,940.97,941.24,0.4774,458.61,473.76,91.72,1008.94,1.033,0.1285,4.2763,2.51,12.0,0.0,0.0,BENIGN_WEB
14.0423,39.0,15.0,24.0,36662.53,5486.53,31176.01,2610.86,2.78,-0.7007,940.06,351.7,412.51,1500.0,810.95,992.61,0.215,360.06,490.76,72.01,792.13,1.363,0.0132,3.8459,2.9019,11.0,0.0,0.0,BENIGN_WEB
24.9374,50.0,20.0,30.0,49338.46,12152.5,37185.96,1978.5,2.01,-0.5074,986.77,332.22,488.43,1500.0,875.14,1025.13,0.5573,498.75,814.61,99.75,1097.24,1.6333,0.1148,4.3651,2.2896,12.0,0.0,0.0,BENIGN_WEB
62.4326,10.0,5.0,5.0,3197.19,1765.76,1431.43,51.21,0.16,0.1046,319.72,87.34,188.71,476.93,332.9,323.84,0.5535,14014.59,1151.88,2802.92,30832.1,0.0822,0.9114,2.704,4.183,16.0,1.0,1.0,C2_BEACONING
40.3405,372.0,315.0,57.0,517487.24,476820.42,40666.83,12828.0,9.22,0.8428,1391.09,250.62,1015.17,1500.0,1427.05,1295.63,0.3388,36.22,11.27,7.24,79.69,0.3111,0.173,2.2379,3.3772,18.0,0.0,0.0,DATA_EXFILTRATION
17.6953,31.0,10.0,21.0,25825.58,6117.54,19708.04,1459.46,1.75,-0.5262,833.08,492.25,94.71,1500.0,885.28,910.02,0.6105,570.82,987.91,114.16,1255.8,1.7307,0.1115,4.6626,2.9111,15.0,0.0,0.0,BENIGN_WEB
54.9904,862.0,698.0,164.0,1229530.45,1180310.78,49219.67,22359.0,15.68,0.9199,1426.37,259.99,1036.38,1500.0,1481.16,1429.2,0.6084,33.79,19.87,6.76,74.35,0.5879,0.1415,2.0185,3.7642,17.0,1.0,0.0,DATA_EXFILTRATION
26.8054,55.0,18.0,37.0,44819.25,11425.3,33393.95,1672.02,2.05,-0.4902,814.9,356.57,280.04,1456.72,871.34,823.02,0.2991,487.37,451.12,97.47,1072.21,0.9256,0.1337,4.5337,2.2439,21.0,0.0,0.0,BENIGN_WEB
47.6366,1408.0,1127.0,281.0,1851679.58,1698763.81,152915.77,38870.97,29.56,0.8348,1315.11,215.73,991.51,1500.0,1507.83,1464.26,0.5913,45.38,12.97,9.08,99.84,0.2859,0.1429,2.4191,3.2878,16.0,1.0,0.0,DATA_EXFILTRATION
10.8585,25.0,9.0,16.0,21155.72,3445.71,17710.01,1948.31,2.3,-0.6743,846.23,438.03,189.18,1500.0,776.16,972.34,0.4827,434.34,567.27,86.87,955.55,1.306,0.0552,3.9134,2.976,15.0,0.0,0.0,BENIGN_WEB
9.2115,24.0,7.0,17.0,23406.18,2367.26,21038.92,2540.98,2.61,-0.7977,975.26,400.01,375.25,1500.0,1114.56,1016.17,0.3319,383.81,597.7,76.76,844.38,1.5573,0.0863,4.4144,2.5794,19.0,0.0,0.0,BENIGN_WEB
6.2072,54.0,15.0,39.0,55763.45,6181.47,49581.98,8983.68,8.7,-0.7783,1032.66,474.5,320.91,1500.0,1092.32,1167.39,0.5077,114.95,200.12,22.99,252.89,1.7409,0.1362,3.6893,2.6554,8.0,0.0,0.0,BENIGN_WEB
22.6342,36.0,11.0,25.0,31663.82,5021.4,26642.41,1398.94,1.59,-0.6828,879.55,493.8,138.85,1500.0,858.97,898.68,0.3226,628.73,831.21,125.75,1383.2,1.3221,0.0946,4.8838,2.6696,9.0,0.0,0.0,BENIGN_WEB
15.7906,57.0,17.0,40.0,44838.43,11087.69,33750.73,2839.56,3.61,-0.5054,786.64,521.2,40.0,1500.0,793.97,784.97,0.2385,277.03,480.44,55.41,609.46,1.7343,0.0905,4.6715,3.0331,9.0,0.0,0.0,BENIGN_WEB
9.9727,521.0,421.0,100.0,636746.09,613201.31,23544.78,63848.64,52.24,0.926,1222.16,127.7,1030.61,1452.02,1295.07,1285.81,0.1905,44.71,21.92,8.94,98.36,0.4903,0.1461,2.3344,3.7164,26.0,1.0,1.0,DATA_EXFILTRATION
28.8987,951.0,770.0,181.0,1297730.61,1155815.24,141915.38,44906.14,32.91,0.7813,1364.6,230.33,1019.1,1500.0,1259.27,1511.23,0.5386,23.67,5.21,4.73,52.08,0.22,0.2417,1.9041,3.4787,25.0,0.0,0.0,DATA_EXFILTRATION
5.5193,23.0,7.0,16.0,16363.19,2015.99,14347.21,2964.71,4.17,-0.7536,711.44,499.65,40.0,1500.0,779.2,767.04,0.3707,239.97,274.01,47.99,527.94,1.1418,0.0391,4.0929,2.4052,13.0,0.0,0.0,BENIGN_WEB
84.4264,11.0,5.0,6.0,4340.03,2068.01,2272.02,51.41,0.13,-0.047,394.55,78.78,276.37,536.36,383.95,343.49,0.215,15631.68,755.57,3126.34,34389.7,0.0483,0.9855,2.3794,3.4617,31.0,1.0,0.0,C2_BEACONING
32.3184,1562.0,1271.0,291.0,2241373.76,2079206.95,162166.81,69352.82,48.33,0.8553,1434.94,228.16,1092.7,1500.0,1467.12,1405.56,0.4809,21.19,6.82,4.24,46.63,0.3218,0.1403,2.7041,3.5762,27.0,1.0,1.0,DATA_EXFILTRATION
7.2526,51.0,16.0,35.0,42121.64,10815.63,31306.01,5807.8,7.03,-0.4865,825.91,463.17,131.16,1500.0,873.0,730.12,0.323,142.21,202.44,28.44,312.86,1.4236,0.0109,4.9113,3.0001,14.0,0.0,0.0,BENIGN_WEB
17.2841,84.0,35.0,49.0,75607.64,9099.17,66508.47,4374.41,4.86,-0.7593,900.09,453.62,219.65,1500.0,813.57,783.19,0.3568,205.76,345.83,41.15,452.68,1.6807,0.0484,4.2949,2.9092,10.0,0.0,0.0,BENIGN_WEB
4.5041,76.0,24.0,52.0,58503.93,12152.23,46351.69,12988.91,16.87,-0.5846,769.79,505.46,40.0,1500.0,747.74,789.55,0.4301,59.27,68.38,11.85,130.38,1.1538,0.0195,4.7073,2.9032,16.0,0.0,0.0,BENIGN_WEB
2.743,25.0,7.0,18.0,22010.91,4068.76,17942.15,8024.33,9.11,-0.6303,880.44,472.98,170.97,1500.0,816.55,750.23,0.2421,109.72,91.44,21.94,241.39,0.8334,0.0835,3.9533,2.3204,9.0,0.0,0.0,BENIGN_WEB
19.2932,40.0,11.0,29.0,36518.92,6721.76,29797.16,1892.84,2.07,-0.6319,912.97,474.43,201.33,1500.0,869.34,930.56,0.1896,482.33,629.44,96.47,1061.13,1.305,0.0471,4.6651,2.8196,10.0,0.0,0.0,BENIGN_WEB
58.6901,19.0,9.0,10.0,3842.22,2522.54,1319.68,65.47,0.32,0.3131,202.22,72.55,93.4,332.81,203.36,223.45,0.2214,27227.73,648.15,5445.55,59901.01,0.0238,0.9385,2.3585,3.8057,33.0,0.0,0.0,C2_BEACONING
93.1841,9.0,4.0,5.0,2838.57,1432.02,1406.56,30.46,0.1,0.009,315.4,108.34,152.88,510.41,346.1,302.82,0.4853,5336.68,130.85,1067.34,11740.7,0.0245,0.918,3.0989,4.1928,16.0,1.0,0.0,C2_BEACONING
30.8093,76.0,30.0,46.0,51908.21,4709.31,47198.9,1684.82,2.47,-0.8186,683.0,385.84,104.25,1377.51,615.87,632.02,0.4673,405.39,669.08,81.08,891.85,1.6505,0.0839,4.4587,2.5878,10.0,0.0,0.0,BENIGN_WEB
51.2286,1406.0,1139.0,267.0,2032857.66,1968897.19,63960.47,39682.11,27.45,0.9371,1445.84,182.11,1172.67,1500.0,1412.96,1309.54,0.4802,33.18,10.95,6.64,72.99,0.3301,0.1638,1.9823,2.9691,18.0,1.0,0.0,DATA_EXFILTRATION
51.7399,8.0,4.0,4.0,1815.92,1155.67,660.25,35.1,0.15,0.2728,226.99,87.82,95.26,385.07,214.75,224.29,0.3123,9726.18,587.1,1945.24,21397.6,0.0604,0.9837,2.523,4.2105,26.0,1.0,0.0,C2_BEACONING
3.3201,34.0,12.0,22.0,23109.76,3065.84,20043.91,6960.53,10.24,-0.7347,679.7,340.43,169.05,1292.48,612.68,705.31,0.517,97.65,145.77,19.53,214.83,1.4928,0.1336,4.5992,2.5351,12.0,0.0,0.0,BENIGN_WEB
84.9477,8.0,4.0,4.0,2521.09,1355.03,1166.07,29.68,0.09,0.075,315.14,55.62,231.71,415.25,333.95,310.3,0.232,21770.59,1181.19,4354.12,47895.29,0.0543,0.8945,2.8158,3.8127,33.0,1.0,0.0,C2_BEACONING
42.7123,22.0,11.0,11.0,4524.82,2025.11,2499.71,105.94,0.52,-0.1049,205.67,79.04,87.11,347.95,187.32,225.75,0.4044,25243.3,1729.16,5048.66,55535.25,0.0685,0.9384,2.1986,4.1786,19.0,0.0,0.0,C2_BEACONING
28.1186,51.0,19.0,32.0,54195.55,12184.27,42011.28,1927.39,1.81,-0.5504,1062.66,471.32,355.68,1500.0,918.33,1055.15,0.5664,551.34,749.43,110.27,1212.96,1.3593,0.1116,3.6024,2.639,12.0,0.0,0.0,BENIGN_WEB
4.0772,84.0,33.0,51.0,55964.28,8805.4,47158.88,13726.3,20.6,-0.6853,666.24,408.74,53.12,1401.98,652.78,610.63,0.2349,48.54,35.48,9.71,106.78,0.7309,0.0352,4.6959,3.0343,13.0,0.0,0.0,BENIGN_WEB
6.3169,80.0,22.0,58.0,50139.72,5312.53,44827.19,7937.34,12.66,-0.7881,626.75,577.87,40.0,1500.0,570.78,676.31,0.2938,78.96,59.48,15.79,173.72,0.7533,0.1041,4.1963,2.699,20.0,0.0,0.0,BENIGN_WEB
84.5788,12.0,6.0,6.0,2828.25,1690.2,1138.05,33.44,0.14,0.1952,235.69,112.28,67.27,437.79,202.14,210.18,0.5586,12231.82,276.84,2446.36,26910.01,0.0226,0.9017,3.0091,3.912,31.0,1.0,0.0,C2_BEACONING
25.0287,32.0,10.0,22.0,24762.97,2336.61,22426.36,989.38,1.28,-0.8113,773.84,379.84,204.08,1457.56,867.83,785.89,0.6068,782.15,866.9,156.43,1720.73,1.1084,0.0311,3.7979,2.4124,10.0,0.0,0.0,BENIGN_WEB
36.987,928.0,842.0,86.0,1283084.36,1246502.67,36581.69,34690.17,25.09,0.943,1382.63,191.16,1095.9,1500.0,1483.87,1394.19,0.3438,47.41,27.24,9.48,104.3,0.5746,0.2736,2.05,3.2351,26.0,0.0,0.0,DATA_EXFILTRATION
30.7081,75.0,26.0,49.0,60061.6,12708.36,47353.24,1955.89,2.44,-0.5768,800.82,538.39,40.0,1500.0,844.85,821.19,0.5548,409.44,683.46,81.89,900.77,1.6692,0.1265,4.4765,2.6986,19.0,0.0,0.0,BENIGN_WEB
22.4853,72.0,27.0,45.0,75586.04,9035.3,66550.74,3361.57,3.2,-0.7609,1049.81,564.06,203.71,1500.0,1194.75,1062.0,0.3752,312.3,469.22,62.46,687.05,1.5025,0.1245,3.6989,3.0378,12.0,0.0,0.0,BENIGN_WEB
3.0376,30.0,8.0,22.0,28892.11,3115.02,25777.09,9511.62,9.88,-0.7844,963.07,347.63,441.62,1500.0,1057.15,947.77,0.4969,101.25,137.04,20.25,222.75,1.3535,0.1246,3.8485,2.1226,18.0,0.0,0.0,BENIGN_WEB
15.0897,909.0,790.0,119.0,1244696.95,1110969.68,133727.27,82486.39,60.24,0.7851,1369.3,180.43,1098.66,1500.0,1534.17,1406.91,0.4151,43.67,15.46,8.73,96.07,0.3541,0.267,2.5846,3.4146,25.0,1.0,0.0,DATA_EXFILTRATION
22.7111,20.0,10.0,10.0,5917.29,2819.44,3097.85,260.55,0.88,-0.047,295.86,52.11,217.7,389.66,335.58,290.57,0.3074,26457.07,2226.24,5291.41,58205.55,0.0841,0.973,2.409,3.5904,27.0,1.0,1.0,C2_BEACONING
11.9058,45.0,18.0,27.0,39569.87,11118.61,28451.26,3323.57,3.78,-0.438,879.33,347.43,358.19,1500.0,881.76,793.85,0.3958,264.57,370.96,52.91,582.06,1.4021,0.1273,4.8762,2.2235,19.0,0.0,0.0,BENIGN_WEB
23.5729,56.0,20.0,36.0,34904.86,9969.1,24935.76,1480.72,2.38,-0.4288,623.3,504.28,40.0,1500.0,609.31,660.87,0.38,420.94,445.19,84.19,926.08,1.0576,0.0204,3.6039,2.3617,14.0,0.0,0.0,BENIGN_WEB
31.8574,27.0,8.0,19.0,26126.29,6616.55,19509.74,820.1,0.85,-0.4935,967.64,381.54,395.33,1500.0,881.0,968.36,0.3077,1179.9,1855.32,235.98,2595.79,1.5724,0.0447,3.6318,2.2238,14.0,0.0,0.0,BENIGN_WEB
31.4734,49.0,20.0,29.0,43149.02,4634.92,38514.1,1370.97,1.56,-0.7852,880.59,425.99,241.61,1500.0,921.71,864.13,0.4148,642.31,502.04,128.46,1413.09,0.7816,0.0961,3.8709,2.7996,20.0,0.0,0.0,BENIGN_WEB
81.5612,22.0,11.0,11.0,6663.4,3122.07,3541.33,81.7,0.27,-0.0629,302.88,59.52,213.6,410.02,336.41,290.37,0.6167,14052.62,324.21,2810.52,30915.76,0.0231,0.9032,2.2515,4.0733,18.0,1.0,0.0,C2_BEACONING
8.7677,26.0,9.0,17.0,16560.1,2358.68,14201.42,1888.77,2.97,-0.7151,636.93,435.97,40.0,1421.66,706.0,630.85,0.2876,337.22,576.91,67.44,741.88,1.7108,0.1043,4.7309,2.2832,20.0,0.0,0.0,BENIGN_WEB
4.6298,27.0,8.0,19.0,23721.51,3090.54,20630.97,5123.6,5.83,-0.7394,878.57,332.8,379.38,1477.61,973.09,766.85,0.3804,171.48,228.98,34.3,377.25,1.3353,0.0321,4.7465,2.4282,19.0,0.0,0.0,BENIGN_WEB
95.7832,25.0,12.0,13.0,7597.62,3472.89,4124.73,79.32,0.26,-0.0858,303.9,60.69,212.86,413.15,342.38,330.43,0.5371,25597.81,1431.56,5119.56,56315.17,0.0559,0.9059,2.7751,3.5226,21.0,1.0,1.0,C2_BEACONING
10.3698,668.0,594.0,74.0,841743.99,800182.67,41561.32,81172.7,64.42,0.9012,1260.1,181.45,987.93,1500.0,1328.22,1446.97,0.4922,17.67,4.93,3.53,38.88,0.2791,0.1223,2.652,2.9115,19.0,1.0,0.0,DATA_EXFILTRATION
53.0345,580.0,461.0,119.0,765094.94,751202.26,13892.69,14426.35,10.94,0.9637,1319.13,117.51,1142.86,1500.0,1369.46,1429.38,0.4908,36.82,23.77,7.36,80.99,0.6456,0.1788,2.5346,3.7325,22.0,1.0,0.0,DATA_EXFILTRATION
25.5578,19.0,7.0,12.0,11888.17,1872.44,10015.72,465.15,0.74,-0.685,625.69,457.96,40.0,1450.02,603.29,554.84,0.2128,1345.15,1307.46,269.03,2959.32,0.972,0.02,5.0883,2.4971,8.0,0.0,0.0,BENIGN_WEB
34.1754,399.0,321.0,78.0,565002.21,532008.75,32993.46,16532.44,11.68,0.8832,1416.05,244.6,1049.15,1500.0,1415.44,1272.67,0.525,19.24,11.62,3.85,42.33,0.6041,0.2131,2.3945,3.6687,28.0,1.0,0.0,DATA_EXFILTRATION
54.6819,21.0,10.0,11.0,5693.83,3520.78,2173.06,104.13,0.38,0.2367,271.13,101.43,118.99,453.7,242.2,297.47,0.5672,6064.61,345.36,1212.92,13342.14,0.0569,0.9128,2.1587,3.6319,16.0,1.0,0.0,C2_BEACONING
11.1764,18.0,6.0,12.0,19047.73,3294.55,15753.18,1704.28,1.61,-0.6541,1058.21,360.31,517.74,1500.0,1181.79,1147.12,0.1941,620.91,531.61,124.18,1366.0,0.8562,0.0658,4.7886,2.6352,13.0,0.0,0.0,BENIGN_WEB
33.3688,629.0,494.0,135.0,776151.12,732653.25,43497.87,23259.76,18.85,0.8879,1233.94,242.15,870.72,1500.0,1411.94,1079.2,0.1801,44.69,22.13,8.94,98.32,0.4951,0.1758,2.3736,3.5126,26.0,1.0,0.0,DATA_EXFILTRATION
7.3962,33.0,12.0,21.0,21471.87,3677.49,17794.38,2903.09,4.46,-0.6575,650.66,385.78,72.0,1345.06,691.14,736.37,0.5881,224.13,237.49,44.83,493.08,1.0596,0.1366,4.9229,2.118,17.0,0.0,0.0,BENIGN_WEB
93.1356,24.0,12.0,12.0,5467.96,3598.46,1869.51,58.71,0.26,0.3162,227.83,82.41,104.22,376.17,228.38,237.17,0.2199,21487.35,1355.57,4297.47,47272.17,0.0631,0.9479,2.4498,3.5623,21.0,1.0,0.0,C2_BEACONING
26.2979,1578.0,1234.0,344.0,2251587.11,2205272.03,46315.08,85618.67,60.0,0.9589,1426.86,145.53,1208.57,1500.0,1426.96,1597.02,0.5838,17.17,11.14,3.43,37.77,0.6487,0.2133,2.1615,3.1487,24.0,0.0,1.0,DATA_EXFILTRATION
5.9917,23.0,9.0,14.0,19113.97,3447.37,15666.6,3190.05,3.84,-0.6393,831.04,557.46,40.0,1500.0,721.89,922.1,0.5201,260.51,359.89,52.1,573.12,1.3815,0.0615,4.0924,2.8286,20.0,0.0,0.0,BENIGN_WEB
37.9622,1315.0,1170.0,145.0,1636764.87,1478268.35,158496.52,43115.6,34.64,0.8063,1244.69,147.63,1023.25,1500.0,1153.81,1205.41,0.2397,13.12,3.29,2.62,28.85,0.2511,0.148,2.0623,3.0817,20.0,1.0,0.0,DATA_EXFILTRATION
49.3876,945.0,803.0,142.0,1343925.56,1224567.69,119357.87,27211.81,19.13,0.8224,1422.14,170.98,1165.68,1500.0,1320.88,1459.44,0.6116,43.38,28.04,8.68,95.43,0.6464,0.1772,2.1439,3.3303,17.0,1.0,0.0,DATA_EXFILTRATION
26.7222,14.0,7.0,7.0,4834.08,2326.54,2507.54,180.9,0.52,-0.0374,345.29,77.31,229.32,484.46,305.76,378.75,0.4517,11772.74,406.51,2354.55,25900.02,0.0345,0.882,2.297,3.5422,27.0,1.0,0.0,C2_BEACONING
8.0784,68.0,25.0,43.0,67616.93,13413.35,54203.58,8370.14,8.42,-0.6033,994.37,366.11,445.2,1500.0,907.65,903.64,0.5862,118.8,198.35,23.76,261.36,1.6697,0.1193,4.3337,2.8255,8.0,0.0,0.0,BENIGN_WEB
84.6691,18.0,9.0,9.0,6874.67,3104.99,3769.68,81.19,0.21,-0.0967,381.93,47.5,310.67,467.43,376.2,428.59,0.5112,14456.76,547.89,2891.35,31804.88,0.0379,0.921,3.0019,4.1328,25.0,1.0,0.0,C2_BEACONING
8.5898,671.0,593.0,78.0,890354.35,821221.71,69132.64,103652.77,78.12,0.8447,1326.91,155.47,1093.7,1500.0,1479.41,1485.97,0.4459,28.33,14.93,5.67,62.34,0.527,0.1873,2.334,3.6424,22.0,1.0,0.0,DATA_EXFILTRATION
37.1684,1014.0,826.0,188.0,1266634.31,1198274.92,68359.39,34078.27,27.28,0.8921,1249.15,158.89,1010.81,1500.0,1365.6,1411.84,0.4742,38.39,17.05,7.68,84.46,0.444,0.186,2.2402,3.7935,22.0,0.0,1.0,DATA_EXFILTRATION
105.9707,14.0,7.0,7.0,2680.36,1672.39,1007.96,25.29,0.13,0.2479,191.45,52.99,111.96,286.84,186.6,180.78,0.4587,6137.98,497.01,1227.6,13503.55,0.081,0.9408,2.1554,4.1604,22.0,1.0,0.0,C2_BEACONING
11.428,76.0,22.0,54.0,60852.24,12080.64,48771.6,5324.82,6.65,-0.603,800.69,477.35,84.67,1500.0,750.87,895.2,0.4152,150.37,126.57,30.07,330.81,0.8417,0.0535,5.0523,2.327,13.0,0.0,0.0,BENIGN_WEB
2.1855,29.0,10.0,19.0,30710.17,6348.68,24361.48,14051.47,13.27,-0.5865,1058.97,501.68,306.45,1500.0,1037.91,1161.23,0.4038,75.36,113.01,15.07,165.8,1.4995,0.0984,4.7957,2.7629,18.0,0.0,0.0,BENIGN_WEB
29.2069,24.0,9.0,15.0,19400.66,4890.97,14509.69,664.25,0.82,-0.4958,808.36,464.62,111.43,1500.0,687.52,786.19,0.3236,1216.95,1747.62,243.39,2677.3,1.4361,0.0496,4.1604,2.6734,21.0,0.0,0.0,BENIGN_WEB
63.9807,11.0,5.0,6.0,4018.17,2506.3,1511.87,62.8,0.17,0.2475,365.29,64.35,268.76,481.12,353.66,413.92,0.571,15634.58,660.09,3126.92,34396.07,0.0422,0.9776,2.406,3.8463,20.0,0.0,0.0,C2_BEACONING
27.9044,1226.0,1021.0,205.0,1618808.52,1598008.19,20800.32,58012.66,43.94,0.9743,1320.4,223.39,985.31,1500.0,1195.07,1189.04,0.5905,34.03,14.34,6.81,74.87,0.4213,0.1495,2.7941,3.6986,27.0,1.0,0.0,DATA_EXFILTRATION
10.1662,1564.0,1410.0,154.0,2098543.21,1944188.27,154354.94,206423.18,153.84,0.8529,1341.78,195.76,1048.14,1500.0,1527.33,1209.92,0.5468,38.75,16.01,7.75,85.26,0.4131,0.1812,2.6433,3.7775,29.0,1.0,1.0,DATA_EXFILTRATION
23.5516,22.0,7.0,15.0,14488.61,1348.59,13140.02,615.19,0.93,-0.8138,658.57,383.57,83.23,1348.99,728.53,579.93,0.2035,1070.53,872.26,214.11,2355.16,0.8148,0.081,4.917,2.859,9.0,0.0,0.0,BENIGN_WEB
