flow_duration,total_packets,fwd_packets,bwd_packets,total_bytes,fwd_bytes,bwd_bytes,bytes_per_sec,packets_per_sec,pcr,pkt_len_mean,pkt_len_std,pkt_len_min,pkt_len_max,fwd_pkt_len_mean,bwd_pkt_len_mean,bimodal_ratio,iat_mean_ms,iat_std_ms,iat_min_ms,iat_max_ms,iat_jitter_coeff,beaconing_score,pkt_size_entropy,sni_entropy,sni_length,ja3_threat_flag,is_suspicious_port,label
16.1914,61.0,22.0,39.0,58605.74,6903.03,51702.71,3619.55,3.77,-0.7644,960.75,428.5,318.0,1500.0,865.23,1009.63,0.4114,265.43,223.27,53.09,583.95,0.8412,0.028,4.2993,2.436,16.0,0.0,0.0,BENIGN_WEB
9.3049,22.0,7.0,15.0,17089.97,3166.43,13923.53,1836.66,2.36,-0.6294,776.82,512.34,40.0,1500.0,710.57,713.36,0.5332,422.95,402.52,84.59,930.49,0.9517,0.0701,4.1843,2.3632,18.0,0.0,0.0,BENIGN_WEB
30.1073,18.0,6.0,12.0,12185.44,3047.22,9138.22,404.73,0.6,-0.4999,676.97,334.15,175.75,1278.43,727.7,609.61,0.2991,1672.63,2294.87,334.53,3679.79,1.372,0.1264,3.9178,2.6856,14.0,0.0,0.0,BENIGN_WEB
5.4539,63.0,23.0,40.0,66958.87,17150.16,49808.71,12277.16,11.55,-0.4877,1062.84,328.98,569.37,1500.0,1035.97,1039.16,0.3211,86.57,67.79,17.31,190.46,0.7831,0.0398,4.4502,2.2526,13.0,0.0,0.0,BENIGN_WEB
12.0289,39.0,13.0,26.0,28308.09,5702.23,22605.86,2353.33,3.24,-0.5971,725.85,353.31,195.88,1361.81,828.58,617.14,0.5744,308.43,312.81,61.69,678.55,1.0142,0.0932,4.4401,2.6727,15.0,0.0,0.0,BENIGN_WEB
17.8423,31.0,9.0,22.0,29188.42,6169.69,23018.72,1635.91,1.74,-0.5773,941.56,437.75,284.93,1500.0,979.92,830.47,0.4147,575.56,405.83,115.11,1266.23,0.7051,0.0907,4.1917,2.1043,18.0,0.0,0.0,BENIGN_WEB
51.1026,1609.0,349.0,1260.0,2178459.93,191630.37,1986829.56,42629.13,31.49,-0.8241,1353.92,308.1,891.77,1500.0,1228.17,1529.41,0.2737,24.96,12.87,4.99,54.91,0.5158,0.1266,3.0249,2.2831,23.0,0.0,0.0,BENIGN_STREAMING
27.8191,43.0,14.0,29.0,32447.8,8535.15,23912.65,1166.39,1.55,-0.4739,754.6,478.33,40.0,1500.0,841.63,776.32,0.3225,646.96,796.23,129.39,1423.3,1.2307,0.1215,3.7606,2.5077,18.0,0.0,0.0,BENIGN_WEB
19.5884,38.0,12.0,26.0,25099.06,4279.02,20820.04,1281.32,1.94,-0.659,660.5,575.23,40.0,1500.0,755.2,580.88,0.2279,515.48,751.37,103.1,1134.07,1.4576,0.066,3.6437,2.9096,10.0,0.0,0.0,BENIGN_WEB
7.0634,37.0,13.0,24.0,35397.43,5419.7,29977.73,5011.41,5.24,-0.6938,956.69,531.19,159.9,1500.0,1037.98,1099.38,0.4596,190.9,323.45,38.18,419.98,1.6943,0.1004,4.6766,2.8939,17.0,0.0,0.0,BENIGN_WEB
17.278,58.0,20.0,38.0,49535.61,12156.52,37379.09,2866.97,3.36,-0.5092,854.06,323.25,369.19,1435.91,940.73,840.16,0.3235,297.9,482.94,59.58,655.37,1.6212,0.1208,4.2384,2.2293,19.0,0.0,0.0,BENIGN_WEB
12.2625,73.0,24.0,49.0,55299.61,12346.9,42952.71,4509.64,5.95,-0.5535,757.53,459.03,68.98,1500.0,864.88,785.39,0.2351,167.98,274.46,33.6,369.56,1.6339,0.0184,3.6018,2.4193,9.0,0.0,0.0,BENIGN_WEB
22.7504,33.0,13.0,20.0,22020.7,3266.97,18753.73,967.92,1.45,-0.7033,667.29,385.45,89.11,1361.11,748.46,707.39,0.5757,689.41,640.84,137.88,1516.7,0.9295,0.0413,5.0865,2.3408,14.0,0.0,0.0,BENIGN_WEB
22.7757,24.0,8.0,16.0,24472.31,5423.75,19048.56,1074.49,1.05,-0.5567,1019.68,414.82,397.45,1500.0,959.89,937.75,0.3902,948.99,1558.13,189.8,2087.77,1.6419,0.094,4.8099,2.9995,16.0,0.0,0.0,BENIGN_WEB
27.7581,56.0,19.0,37.0,56764.9,15174.85,41590.05,2044.98,2.02,-0.4653,1013.66,341.56,501.32,1500.0,1025.94,930.54,0.2455,495.68,560.04,99.14,1090.5,1.1298,0.1142,4.502,2.1714,8.0,0.0,0.0,BENIGN_WEB
4.9362,31.0,9.0,22.0,27182.9,3461.06,23721.84,5506.87,6.28,-0.7454,876.87,366.37,327.32,1500.0,899.83,906.27,0.1855,159.23,241.51,31.85,350.31,1.5167,0.1236,4.2951,2.4298,11.0,0.0,0.0,BENIGN_WEB
80.5973,955.0,203.0,752.0,1320628.98,111089.34,1209539.64,16385.52,11.85,-0.8318,1382.86,298.02,935.83,1500.0,1511.52,1326.36,0.2818,26.52,9.87,5.3,58.34,0.3724,0.0939,3.4038,2.9381,13.0,0.0,0.0,BENIGN_STREAMING
24.7925,15.0,4.0,11.0,11249.6,2900.43,8349.18,453.75,0.61,-0.4844,749.97,552.21,40.0,1500.0,848.98,713.27,0.3233,1652.83,1498.5,330.57,3636.24,0.9066,0.1246,3.7072,2.3005,21.0,0.0,0.0,BENIGN_WEB
75.9012,952.0,139.0,813.0,1178212.8,49479.38,1128733.42,15522.98,12.54,-0.916,1237.62,401.8,634.92,1500.0,1419.81,1129.48,0.4369,26.95,17.57,5.39,59.3,0.6518,0.1058,3.775,2.7844,15.0,0.0,0.0,BENIGN_STREAMING
16.8384,63.0,26.0,37.0,40406.23,9471.8,30934.43,2399.64,3.74,-0.5312,641.37,494.42,40.0,1500.0,658.54,735.69,0.5552,267.28,356.06,53.46,588.01,1.3322,0.0385,4.7946,2.6764,19.0,0.0,0.0,BENIGN_WEB
5.2584,41.0,12.0,29.0,42290.19,9223.95,33066.23,8042.46,7.8,-0.5638,1031.47,567.57,180.12,1500.0,926.08,1166.35,0.5807,128.25,202.87,25.65,282.16,1.5818,0.1104,4.3007,2.3044,21.0,0.0,0.0,BENIGN_WEB
10.6043,61.0,22.0,39.0,60475.0,14216.11,46258.89,5702.89,5.75,-0.5299,991.39,361.07,449.79,1500.0,1042.89,936.1,0.3101,173.84,270.6,34.77,382.45,1.5566,0.0101,3.8521,2.97,15.0,0.0,0.0,BENIGN_WEB
147.9337,2026.0,329.0,1697.0,2633669.91,140145.21,2493524.7,17803.04,13.7,-0.8936,1299.94,416.36,675.39,1500.0,1259.61,1176.12,0.3064,15.34,8.98,3.07,33.74,0.5852,0.0804,3.0454,2.7075,11.0,0.0,0.0,BENIGN_STREAMING
6.8744,65.0,20.0,45.0,41904.27,11476.33,30427.94,6095.73,9.46,-0.4523,644.68,565.91,40.0,1500.0,644.58,641.89,0.3241,105.76,82.84,21.15,232.67,0.7833,0.038,4.9245,2.5124,17.0,0.0,0.0,BENIGN_WEB
143.6139,653.0,97.0,556.0,808533.87,47252.75,761281.12,5629.91,4.55,-0.8831,1238.18,271.13,831.48,1500.0,1272.35,1193.23,0.3017,12.75,8.49,2.55,28.05,0.6662,0.0798,3.3285,2.2855,10.0,0.0,0.0,BENIGN_STREAMING
22.3851,62.0,21.0,41.0,56867.12,8861.88,48005.24,2540.4,2.77,-0.6883,917.21,506.9,156.87,1500.0,1048.2,1042.76,0.4093,361.05,349.23,72.21,794.31,0.9673,0.13,4.1598,3.0222,17.0,0.0,0.0,BENIGN_WEB
49.5686,1269.0,223.0,1046.0,1670235.04,93520.75,1576714.29,33695.41,25.6,-0.888,1316.18,378.74,748.08,1500.0,1127.66,1473.07,0.5484,14.43,6.65,2.89,31.74,0.4611,0.099,2.947,2.2698,17.0,0.0,0.0,BENIGN_STREAMING
25.5842,28.0,10.0,18.0,22362.57,3394.81,18967.76,874.08,1.09,-0.6964,798.66,342.09,285.53,1414.42,871.65,812.16,0.2524,913.72,735.83,182.74,2010.18,0.8053,0.0687,4.4392,2.1321,9.0,0.0,0.0,BENIGN_WEB
4.8805,60.0,24.0,36.0,38391.08,10448.81,27942.27,7866.22,12.29,-0.4557,639.85,416.23,40.0,1389.07,706.48,656.68,0.594,81.34,112.78,16.27,178.95,1.3864,0.0807,4.4666,2.2716,8.0,0.0,0.0,BENIGN_WEB
20.2369,35.0,11.0,24.0,34085.48,7965.1,26120.38,1684.32,1.73,-0.5326,973.87,465.01,276.36,1500.0,915.17,1016.03,0.3521,578.2,449.38,115.64,1272.04,0.7772,0.0644,3.6391,2.6763,10.0,0.0,0.0,BENIGN_WEB
145.5692,612.0,90.0,522.0,753632.2,62091.92,691540.28,5177.14,4.2,-0.8352,1231.43,327.64,739.97,1500.0,1155.29,1195.02,0.5362,23.54,14.47,4.71,51.8,0.6146,0.0675,3.2513,2.369,19.0,0.0,0.0,BENIGN_STREAMING
69.4537,810.0,128.0,682.0,998872.61,94069.1,904803.5,14381.84,11.66,-0.8116,1233.18,398.03,636.13,1500.0,1137.55,1405.66,0.1855,19.38,14.08,3.88,42.64,0.7263,0.1327,3.1031,2.6183,10.0,0.0,0.0,BENIGN_STREAMING
9.3449,50.0,19.0,31.0,50060.26,9916.55,40143.72,5356.95,5.35,-0.6038,1001.21,455.8,317.5,1500.0,936.07,1015.81,0.5943,186.9,147.39,37.38,411.18,0.7886,0.0958,4.4895,2.1299,8.0,0.0,0.0,BENIGN_WEB
15.1843,39.0,14.0,25.0,33983.8,3116.7,30867.1,2238.09,2.57,-0.8166,871.38,528.15,79.15,1500.0,963.42,971.5,0.3443,389.34,597.22,77.87,856.55,1.5339,0.0659,3.6615,2.117,20.0,0.0,0.0,BENIGN_WEB
47.4811,1645.0,198.0,1447.0,2239942.21,162674.06,2077268.15,47175.48,34.65,-0.8548,1361.67,408.66,748.68,1500.0,1421.77,1231.14,0.4294,23.29,10.94,4.66,51.24,0.4697,0.0875,3.2357,2.8248,20.0,0.0,0.0,BENIGN_STREAMING
88.9188,1120.0,194.0,926.0,1548302.84,116720.29,1431582.54,17412.54,12.6,-0.8492,1382.41,252.1,1004.26,1500.0,1452.73,1507.47,0.3555,20.22,7.85,4.04,44.47,0.3883,0.1525,3.7261,2.7309,10.0,0.0,0.0,BENIGN_STREAMING
20.8882,73.0,22.0,51.0,49925.5,11556.15,38369.35,2390.13,3.49,-0.5371,683.91,413.65,63.43,1428.49,707.68,634.66,0.4699,286.14,320.12,57.23,629.51,1.1187,0.1064,4.689,2.4921,11.0,0.0,0.0,BENIGN_WEB
27.1056,64.0,18.0,46.0,52725.47,12750.38,39975.1,1945.19,2.36,-0.5163,823.84,369.64,269.37,1489.19,878.29,719.68,0.1931,423.53,567.44,84.71,931.76,1.3398,0.095,4.7716,2.3154,21.0,0.0,0.0,BENIGN_WEB
2.2865,18.0,5.0,13.0,12310.9,1940.96,10369.94,5384.24,7.87,-0.6847,683.94,528.92,40.0,1500.0,685.39,588.85,0.2821,127.03,92.87,25.41,279.46,0.7311,0.095,4.4781,2.7146,20.0,0.0,0.0,BENIGN_WEB
13.356,67.0,28.0,39.0,65077.36,13995.89,51081.46,4872.51,5.02,-0.5699,971.3,354.77,439.15,1500.0,1116.43,885.09,0.4815,199.34,332.73,39.87,438.56,1.6691,0.1232,4.529,2.3813,8.0,0.0,0.0,BENIGN_WEB
12.1654,33.0,9.0,24.0,30832.15,7503.2,23328.95,2534.41,2.71,-0.5133,934.31,541.14,122.6,1500.0,908.28,1031.5,0.3514,368.65,332.75,73.73,811.03,0.9026,0.1314,4.3988,2.1788,19.0,0.0,0.0,BENIGN_WEB
12.6234,66.0,18.0,48.0,54582.16,6995.45,47586.71,4323.9,5.23,-0.7437,827.0,389.59,242.62,1500.0,878.45,858.62,0.5973,191.26,232.34,38.25,420.78,1.2148,0.0933,4.9998,2.5183,21.0,0.0,0.0,BENIGN_WEB
112.7219,995.0,171.0,824.0,1213852.58,98890.76,1114961.82,10768.56,8.83,-0.8371,1219.95,419.72,590.37,1500.0,1195.06,1380.56,0.403,13.17,7.73,2.63,28.97,0.5872,0.1647,3.1588,2.9243,10.0,0.0,0.0,BENIGN_STREAMING
130.4211,506.0,108.0,398.0,657021.32,67740.81,589280.5,5037.69,3.88,-0.7938,1298.46,295.8,854.77,1500.0,1414.48,1169.1,0.4653,23.34,8.76,4.67,51.35,0.3753,0.1566,3.1,2.3528,20.0,0.0,0.0,BENIGN_STREAMING
11.4112,53.0,14.0,39.0,42285.94,11896.23,30389.71,3705.64,4.64,-0.4373,797.85,337.39,291.76,1405.16,773.51,908.21,0.5662,215.31,311.42,43.06,473.67,1.4464,0.0275,3.8467,3.0845,17.0,0.0,0.0,BENIGN_WEB
42.7926,587.0,121.0,466.0,704697.45,52430.46,652266.99,16467.73,13.72,-0.8512,1200.51,361.43,658.36,1500.0,1321.33,1227.49,0.2188,16.16,10.71,3.23,35.56,0.6627,0.0875,3.6074,2.9965,17.0,0.0,0.0,BENIGN_STREAMING
21.9144,70.0,24.0,46.0,45837.93,12728.96,33108.97,2091.68,3.19,-0.4446,654.83,383.63,79.38,1345.36,691.95,575.18,0.3054,313.06,546.9,62.61,688.74,1.7469,0.1157,3.6865,2.9047,18.0,0.0,0.0,BENIGN_WEB
87.4622,643.0,103.0,540.0,761937.07,27592.08,734344.99,8711.61,7.35,-0.9276,1184.97,341.81,672.26,1500.0,1150.71,1333.26,0.5391,21.63,7.89,4.33,47.58,0.3649,0.1065,3.7331,2.8249,20.0,0.0,0.0,BENIGN_STREAMING
4.9444,20.0,6.0,14.0,15277.36,4071.6,11205.76,3089.83,4.04,-0.467,763.87,375.48,200.65,1439.73,716.65,784.05,0.305,247.22,218.68,49.44,543.88,0.8846,0.0333,4.6077,2.2946,21.0,0.0,0.0,BENIGN_WEB
54.4559,1812.0,221.0,1591.0,2463784.83,144500.56,2319284.27,45243.64,33.27,-0.8827,1359.7,384.78,782.53,1500.0,1548.34,1542.66,0.3525,24.47,14.28,4.89,53.82,0.5836,0.1726,3.1456,2.59,20.0,0.0,0.0,BENIGN_STREAMING
4.437,72.0,27.0,45.0,48592.77,12606.81,35985.96,10951.78,16.23,-0.4811,674.9,492.64,40.0,1500.0,618.92,688.61,0.4395,61.62,48.34,12.32,135.57,0.7845,0.115,4.1762,2.4373,9.0,0.0,0.0,BENIGN_WEB
23.2037,57.0,20.0,37.0,47320.13,5020.53,42299.59,2039.33,2.46,-0.7878,830.18,515.53,56.88,1500.0,896.08,830.52,0.3898,407.08,615.54,81.42,895.58,1.5121,0.078,3.7561,2.9811,9.0,0.0,0.0,BENIGN_WEB
2.3951,62.0,23.0,39.0,44823.88,4562.12,40261.76,18714.62,25.89,-0.7964,722.97,377.67,156.46,1402.77,693.1,648.34,0.2687,38.63,29.91,7.73,84.99,0.7743,0.1277,4.0488,2.2239,18.0,0.0,0.0,BENIGN_WEB
19.0638,22.0,8.0,14.0,17229.6,1644.33,15585.27,903.79,1.15,-0.8091,783.16,568.32,40.0,1500.0,789.68,693.88,0.2929,866.54,1186.21,173.31,1906.38,1.3689,0.0203,4.277,2.3896,17.0,0.0,0.0,BENIGN_WEB
12.8964,69.0,27.0,42.0,54892.43,13867.27,41025.16,4256.41,5.35,-0.4947,795.54,494.57,53.69,1500.0,861.09,771.11,0.2553,186.9,291.85,37.38,411.19,1.5615,0.0745,4.1873,2.8288,21.0,0.0,0.0,BENIGN_WEB
128.3046,1977.0,316.0,1661.0,2839652.91,155413.97,2684238.94,22132.11,15.41,-0.8905,1436.34,240.18,1076.07,1500.0,1614.16,1274.98,0.4437,15.91,9.94,3.18,35.0,0.6247,0.1031,3.0903,2.6428,14.0,0.0,0.0,BENIGN_STREAMING
13.9632,49.0,18.0,31.0,43531.31,12256.88,31274.43,3117.57,3.51,-0.4369,888.39,366.43,338.75,1500.0,875.12,854.33,0.44,284.96,412.1,56.99,626.92,1.4462,0.1278,4.7977,2.5997,13.0,0.0,0.0,BENIGN_WEB
17.2868,25.0,8.0,17.0,18713.02,4208.82,14504.2,1082.51,1.45,-0.5502,748.52,430.82,102.29,1500.0,835.39,652.52,0.2873,691.47,498.62,138.29,1521.23,0.7211,0.0639,4.2073,2.896,18.0,0.0,0.0,BENIGN_WEB
10.1638,21.0,7.0,14.0,18166.81,3147.84,15018.96,1787.4,2.07,-0.6535,865.09,493.97,124.12,1500.0,824.82,987.1,0.4293,483.99,410.11,96.8,1064.78,0.8473,0.0437,5.0006,2.5621,8.0,0.0,0.0,BENIGN_WEB
36.1954,1702.0,303.0,1399.0,2043742.6,123762.73,1919979.87,56464.16,47.02,-0.8789,1200.79,309.77,736.14,1500.0,1060.37,1298.41,0.4662,27.34,17.52,5.47,60.16,0.6408,0.1665,3.2651,2.639,11.0,0.0,0.0,BENIGN_STREAMING
17.0395,83.0,29.0,54.0,78280.03,13994.62,64285.4,4594.03,4.87,-0.6424,943.13,498.63,195.18,1500.0,866.82,881.95,0.2267,205.3,271.48,41.06,451.65,1.3224,0.0364,3.934,2.7726,15.0,0.0,0.0,BENIGN_WEB
21.5093,1793.0,266.0,1527.0,2476448.08,182629.39,2293818.68,115133.72,83.36,-0.8525,1381.18,407.54,769.87,1500.0,1274.44,1407.3,0.5386,15.27,6.37,3.05,33.59,0.417,0.1151,2.9078,2.5692,17.0,0.0,0.0,BENIGN_STREAMING
11.5113,67.0,25.0,42.0,60199.13,8537.3,51661.83,5229.58,5.82,-0.7164,898.49,434.31,247.03,1500.0,851.49,779.92,0.2278,171.81,135.61,34.36,377.98,0.7893,0.0654,3.6329,2.9624,17.0,0.0,0.0,BENIGN_WEB
108.1529,2094.0,293.0,1801.0,2802114.44,214798.07,2587316.38,25908.83,19.36,-0.8467,1338.16,383.18,763.39,1500.0,1331.53,1395.11,0.5078,22.65,17.48,4.53,49.84,0.7718,0.1485,2.9121,2.6246,19.0,0.0,0.0,BENIGN_STREAMING
9.9584,31.0,12.0,19.0,28804.59,5800.9,23003.68,2892.48,3.11,-0.5972,929.18,538.96,120.74,1500.0,813.19,800.37,0.5487,321.24,445.49,64.25,706.73,1.3868,0.1054,3.8526,2.149,13.0,0.0,0.0,BENIGN_WEB
17.834,61.0,21.0,40.0,42635.69,9309.05,33326.65,2390.7,3.42,-0.5633,698.95,434.51,47.19,1481.06,603.68,733.21,0.3641,292.36,385.76,58.47,643.19,1.3195,0.138,4.3878,2.6615,21.0,0.0,0.0,BENIGN_WEB
71.6531,645.0,96.0,549.0,855905.75,92128.04,763777.71,11945.13,9.0,-0.7847,1326.99,319.06,848.39,1500.0,1506.46,1503.27,0.1872,24.31,14.54,4.86,53.48,0.5981,0.1521,3.4044,2.9435,10.0,0.0,0.0,BENIGN_STREAMING
20.9232,30.0,10.0,20.0,26893.01,7672.64,19220.37,1285.32,1.43,-0.4294,896.43,506.12,137.26,1500.0,788.5,934.89,0.3299,697.44,770.27,139.49,1534.37,1.1044,0.0923,3.7532,2.8713,8.0,0.0,0.0,BENIGN_WEB
20.7607,32.0,9.0,23.0,31593.08,3012.29,28580.8,1521.77,1.54,-0.8093,987.28,476.9,271.93,1500.0,856.26,965.7,0.6026,648.77,683.03,129.75,1427.3,1.0528,0.1017,3.6032,2.246,19.0,0.0,0.0,BENIGN_WEB
15.7148,65.0,21.0,44.0,57376.04,15596.55,41779.49,3651.09,4.14,-0.4563,882.71,397.84,285.95,1500.0,836.22,820.73,0.4786,241.77,181.78,48.35,531.88,0.7519,0.1164,4.2338,2.8187,21.0,0.0,0.0,BENIGN_WEB
16.796,49.0,15.0,34.0,49787.22,12847.36,36939.86,2964.23,2.92,-0.4839,1016.07,383.97,440.11,1500.0,1006.2,944.06,0.2881,342.78,352.22,68.56,754.11,1.0276,0.1285,4.7154,2.1426,15.0,0.0,0.0,BENIGN_WEB
2.7822,62.0,24.0,38.0,40857.82,7522.87,33334.95,14685.23,22.28,-0.6318,659.0,484.67,40.0,1500.0,719.97,579.34,0.6139,44.87,44.74,8.97,98.72,0.9969,0.1106,4.5452,2.8268,8.0,0.0,0.0,BENIGN_WEB
114.6406,1113.0,165.0,948.0,1537678.99,123967.14,1413711.85,13413.05,9.71,-0.8388,1381.56,280.52,960.78,1500.0,1517.56,1324.53,0.3907,14.8,5.79,2.96,32.55,0.3915,0.1273,3.2382,2.5791,13.0,0.0,0.0,BENIGN_STREAMING
26.4838,78.0,22.0,56.0,62626.58,11047.38,51579.2,2364.72,2.95,-0.6472,802.9,461.31,110.94,1500.0,866.07,753.88,0.4356,339.54,516.87,67.91,746.98,1.5223,0.0914,4.802,2.146,12.0,0.0,0.0,BENIGN_WEB
108.8493,330.0,40.0,290.0,462735.34,28744.65,433990.69,4251.16,3.03,-0.8758,1402.23,345.94,883.32,1500.0,1533.04,1191.95,0.5558,26.1,16.24,5.22,57.42,0.6221,0.1426,2.9182,2.4572,16.0,0.0,0.0,BENIGN_STREAMING
29.4393,63.0,26.0,37.0,62672.18,8644.67,54027.52,2128.86,2.14,-0.7241,994.8,537.32,188.82,1500.0,880.61,966.48,0.6099,467.29,416.82,93.46,1028.04,0.892,0.0706,4.7618,2.7458,20.0,0.0,0.0,BENIGN_WEB
20.5195,15.0,4.0,11.0,10060.59,1397.68,8662.91,490.29,0.73,-0.7221,670.71,417.32,44.72,1421.89,696.74,659.27,0.5205,1367.97,1687.09,273.59,3009.53,1.2333,0.0748,4.1636,2.6464,13.0,0.0,0.0,BENIGN_WEB
21.4552,24.0,9.0,15.0,22459.74,6408.74,16051.0,1046.82,1.12,-0.4293,935.82,488.64,202.87,1500.0,893.45,991.48,0.355,893.96,822.04,178.79,1966.72,0.9195,0.0754,4.2418,2.9894,15.0,0.0,0.0,BENIGN_WEB
31.4036,70.0,27.0,43.0,53298.16,8408.05,44890.1,1697.2,2.23,-0.6845,761.4,391.61,173.99,1466.3,803.05,833.13,0.492,448.62,430.19,89.72,986.97,0.9589,0.111,4.4279,2.6185,21.0,0.0,0.0,BENIGN_WEB
4.9721,74.0,28.0,46.0,54558.5,13589.17,40969.33,10972.94,14.88,-0.5018,737.28,495.75,40.0,1500.0,798.81,801.67,0.445,67.19,77.44,13.44,147.82,1.1526,0.1213,4.2951,2.1342,14.0,0.0,0.0,BENIGN_WEB
4.9379,57.0,23.0,34.0,53263.37,13376.82,39886.56,10786.68,11.54,-0.4977,934.45,347.73,412.86,1500.0,1058.08,1044.96,0.5368,86.63,66.23,17.33,190.59,0.7645,0.125,4.5307,2.2155,13.0,0.0,0.0,BENIGN_WEB
7.5611,46.0,14.0,32.0,45731.89,6606.71,39125.18,6048.29,6.08,-0.7111,994.17,486.63,264.23,1500.0,907.78,1140.37,0.5232,164.37,118.95,32.87,361.62,0.7237,0.0759,4.2804,2.2831,15.0,0.0,0.0,BENIGN_WEB
10.5129,57.0,17.0,40.0,37850.39,6255.46,31594.93,3600.39,5.42,-0.6695,664.04,510.17,40.0,1500.0,761.03,736.57,0.293,184.44,149.48,36.89,405.76,0.8105,0.0342,4.3767,2.7236,16.0,0.0,0.0,BENIGN_WEB
12.7102,81.0,32.0,49.0,77596.09,16379.65,61216.44,6105.01,6.37,-0.5778,957.98,540.58,147.1,1500.0,824.05,1091.96,0.5266,156.92,224.43,31.38,345.22,1.4302,0.0738,4.3217,2.5673,10.0,0.0,0.0,BENIGN_WEB
133.0084,1362.0,197.0,1165.0,1857502.94,142033.22,1715469.72,13965.3,10.24,-0.8471,1363.81,358.43,826.17,1500.0,1515.4,1239.4,0.3883,27.35,15.9,5.47,60.18,0.5811,0.0584,3.7887,2.6721,10.0,0.0,0.0,BENIGN_STREAMING
141.894,1078.0,234.0,844.0,1498208.48,109087.74,1389120.74,10558.65,7.6,-0.8544,1389.8,319.78,910.14,1500.0,1444.08,1527.53,0.5627,18.81,12.14,3.76,41.38,0.6456,0.0915,3.827,2.8037,22.0,0.0,0.0,BENIGN_STREAMING
63.1105,630.0,124.0,506.0,779506.5,44236.93,735269.57,12351.45,9.98,-0.8865,1237.31,397.44,641.15,1500.0,1068.99,1398.22,0.5902,16.05,10.79,3.21,35.32,0.6722,0.1335,2.954,2.4183,17.0,0.0,0.0,BENIGN_STREAMING
21.1161,22.0,7.0,15.0,17154.61,3268.47,13886.14,812.4,1.04,-0.6189,779.76,551.64,40.0,1500.0,769.62,734.92,0.2764,959.82,1183.85,191.96,2111.61,1.2334,0.1211,3.6018,2.2294,10.0,0.0,0.0,BENIGN_WEB
75.6059,1825.0,269.0,1556.0,2346077.6,250272.38,2095805.21,31030.35,24.14,-0.7866,1285.52,241.38,923.46,1500.0,1290.15,1406.16,0.1989,21.5,16.18,4.3,47.3,0.7524,0.1304,3.6216,2.226,20.0,0.0,0.0,BENIGN_STREAMING
64.6147,2179.0,444.0,1735.0,2789930.09,168550.71,2621379.38,43177.93,33.72,-0.8792,1280.37,419.79,650.69,1500.0,1101.36,1388.45,0.3551,24.16,17.88,4.83,53.15,0.7402,0.1361,3.8093,2.2474,12.0,0.0,0.0,BENIGN_STREAMING
14.728,15.0,5.0,10.0,14206.21,3028.42,11177.79,964.57,1.02,-0.5736,947.08,325.66,458.59,1500.0,1033.71,963.91,0.2363,981.87,1448.19,196.37,2160.1,1.4749,0.0719,3.8943,2.5128,19.0,0.0,0.0,BENIGN_WEB
105.854,304.0,58.0,246.0,427654.89,26816.53,400838.36,4040.04,2.87,-0.8746,1406.76,274.85,994.48,1500.0,1462.06,1226.37,0.2232,12.3,5.14,2.46,27.07,0.4178,0.1598,3.6976,2.4195,18.0,0.0,0.0,BENIGN_STREAMING
22.5612,70.0,20.0,50.0,51894.67,13614.29,38280.39,2300.17,3.1,-0.4753,741.35,432.32,92.87,1500.0,806.67,702.3,0.2844,322.3,344.35,64.46,709.07,1.0684,0.1153,4.1268,2.8624,17.0,0.0,0.0,BENIGN_WEB
62.969,924.0,163.0,761.0,1231015.99,134091.08,1096924.91,19549.57,14.67,-0.7821,1332.27,341.2,820.46,1500.0,1275.67,1173.14,0.4681,21.65,7.6,4.33,47.62,0.3512,0.0917,2.9194,2.7367,13.0,0.0,0.0,BENIGN_STREAMING
132.3001,438.0,66.0,372.0,548446.77,16367.19,532079.58,4145.47,3.31,-0.9403,1252.16,408.16,639.92,1500.0,1434.99,1401.23,0.3622,17.67,8.63,3.53,38.88,0.4886,0.0576,3.2329,2.6601,18.0,0.0,0.0,BENIGN_STREAMING
31.4175,36.0,14.0,22.0,37973.93,5683.02,32290.91,1208.69,1.15,-0.7007,1054.83,465.22,357.0,1500.0,1103.31,1037.82,0.3609,872.71,1343.14,174.54,1919.96,1.539,0.1145,4.8059,2.3279,8.0,0.0,0.0,BENIGN_WEB
118.3762,351.0,64.0,287.0,494931.58,52569.12,442362.46,4181.01,2.97,-0.7876,1410.06,357.91,873.2,1500.0,1205.56,1382.96,0.6017,20.58,14.51,4.12,45.27,0.7052,0.098,3.3495,2.3432,14.0,0.0,0.0,BENIGN_STREAMING
82.3838,1343.0,262.0,1081.0,1760006.85,161333.06,1598673.78,21363.51,16.3,-0.8167,1310.5,297.38,864.43,1500.0,1207.92,1387.12,0.5009,24.89,15.03,4.98,54.76,0.6037,0.1698,2.9532,2.3052,10.0,0.0,0.0,BENIGN_STREAMING
8.7397,66.0,22.0,44.0,58781.41,7411.75,51369.66,6725.8,7.55,-0.7478,890.63,397.99,293.65,1500.0,948.08,808.68,0.58,132.42,174.57,26.48,291.32,1.3183,0.1383,4.7888,2.328,17.0,0.0,0.0,BENIGN_WEB
11.9145,35.0,10.0,25.0,29902.44,7624.7,22277.74,2509.75,2.94,-0.49,854.36,375.89,290.53,1500.0,902.84,947.78,0.579,340.41,418.19,68.08,748.91,1.2285,0.0259,4.0259,2.9006,13.0,0.0,0.0,BENIGN_WEB
22.6094,50.0,18.0,32.0,40797.54,9363.47,31434.07,1804.45,2.21,-0.541,815.95,562.75,40.0,1500.0,873.81,790.84,0.5774,452.19,367.17,90.44,994.81,0.812,0.0586,5.0906,2.8494,12.0,0.0,0.0,BENIGN_WEB
76.3602,729.0,110.0,619.0,954227.07,36112.95,918114.11,12496.39,9.55,-0.9243,1308.95,313.93,838.06,1500.0,1444.25,1327.19,0.1938,9.84,5.44,1.97,21.65,0.553,0.0993,3.0201,2.4405,15.0,0.0,0.0,BENIGN_STREAMING
91.6201,358.0,72.0,286.0,425592.97,26185.4,399407.57,4645.19,3.91,-0.8769,1188.81,278.24,771.44,1500.0,1108.63,1226.12,0.3678,9.1,3.39,1.82,20.02,0.3723,0.0773,3.2607,2.2907,14.0,0.0,0.0,BENIGN_STREAMING
100.4868,1587.0,198.0,1389.0,1989176.76,139545.3,1849631.46,19795.41,15.79,-0.8597,1253.42,251.12,876.73,1500.0,1081.73,1392.63,0.3089,9.17,3.8,1.83,20.17,0.4143,0.1657,3.8311,2.7806,11.0,0.0,0.0,BENIGN_STREAMING
18.6855,63.0,19.0,44.0,46159.2,9737.04,36422.17,2470.32,3.37,-0.5781,732.69,490.62,40.0,1500.0,786.76,787.88,0.5792,296.6,271.67,59.32,652.51,0.916,0.095,4.9261,2.8916,18.0,0.0,0.0,BENIGN_WEB
113.093,1214.0,200.0,1014.0,1618994.58,94449.06,1524545.52,14315.61,10.73,-0.8833,1333.6,288.22,901.27,1500.0,1291.05,1425.4,0.365,26.48,15.53,5.3,58.27,0.5865,0.1569,3.885,2.5933,16.0,0.0,0.0,BENIGN_STREAMING
10.566,75.0,22.0,53.0,53909.64,9191.38,44718.26,5102.19,7.1,-0.659,718.8,541.28,40.0,1500.0,717.98,656.07,0.6144,140.88,144.9,28.18,309.94,1.0286,0.0949,4.5351,2.5901,15.0,0.0,0.0,BENIGN_WEB
23.6268,45.0,18.0,27.0,41355.05,10091.92,31263.14,1750.34,1.9,-0.5119,919.0,576.94,53.59,1500.0,815.97,906.1,0.4625,525.04,502.99,105.01,1155.09,0.958,0.1193,3.7821,3.074,8.0,0.0,0.0,BENIGN_WEB
29.2795,17.0,5.0,12.0,17067.98,1670.95,15397.03,582.93,0.58,-0.8042,1004.0,560.58,163.13,1500.0,880.23,1139.51,0.3821,1722.32,2311.47,344.46,3789.11,1.3421,0.0903,3.7298,2.7744,20.0,0.0,0.0,BENIGN_WEB
29.9122,39.0,15.0,24.0,37202.59,6135.88,31066.71,1243.73,1.3,-0.6701,953.91,554.45,122.24,1500.0,1072.15,893.59,0.3227,766.98,669.62,153.4,1687.36,0.8731,0.1251,4.7974,2.5577,10.0,0.0,0.0,BENIGN_WEB
114.1236,1210.0,253.0,957.0,1651574.38,42247.66,1609326.72,14471.8,10.6,-0.9488,1364.94,400.79,763.75,1500.0,1551.17,1433.02,0.3163,7.38,5.1,1.48,16.23,0.6918,0.128,3.8657,2.83,14.0,0.0,0.0,BENIGN_STREAMING
64.5009,1454.0,220.0,1234.0,1999901.74,116630.28,1883271.45,31005.81,22.54,-0.8834,1375.45,263.98,979.47,1500.0,1346.64,1441.8,0.4413,6.05,4.67,1.21,13.3,0.7718,0.0563,3.0035,2.6073,22.0,0.0,0.0,BENIGN_STREAMING
4.5134,62.0,17.0,45.0,62631.98,9682.53,52949.45,13876.94,13.74,-0.6908,1010.19,526.35,220.67,1500.0,878.45,1112.35,0.3427,72.8,59.44,14.56,160.15,0.8166,0.0367,5.053,2.5386,11.0,0.0,0.0,BENIGN_WEB
134.8082,2022.0,425.0,1597.0,2603944.01,104183.36,2499760.65,19315.91,15.0,-0.92,1287.81,348.93,764.41,1500.0,1460.3,1343.15,0.2254,25.54,11.31,5.11,56.18,0.4428,0.0652,3.2399,2.996,11.0,0.0,0.0,BENIGN_STREAMING
146.9998,396.0,56.0,340.0,562933.52,61468.92,501464.61,3829.49,2.69,-0.7816,1421.55,409.96,806.62,1500.0,1541.16,1358.24,0.5123,16.02,9.95,3.2,35.25,0.6208,0.1249,3.5669,2.7205,18.0,0.0,0.0,BENIGN_STREAMING
17.7189,52.0,16.0,36.0,43024.26,4722.47,38301.79,2428.16,2.93,-0.7805,827.39,412.86,208.09,1500.0,750.78,834.99,0.6072,340.75,266.38,68.15,749.64,0.7817,0.0202,4.4798,2.7331,11.0,0.0,0.0,BENIGN_WEB
83.527,1793.0,280.0,1513.0,2189846.38,184490.71,2005355.67,26217.22,21.47,-0.8315,1221.33,386.19,642.05,1500.0,1229.3,1216.27,0.2975,21.19,10.49,4.24,46.63,0.495,0.1101,3.4764,2.5085,20.0,0.0,0.0,BENIGN_STREAMING
21.9156,54.0,15.0,39.0,39198.25,9524.68,29673.56,1788.6,2.46,-0.514,725.89,387.61,144.47,1423.6,705.13,694.22,0.4406,405.84,375.54,81.17,892.86,0.9253,0.1008,4.4981,2.7828,15.0,0.0,0.0,BENIGN_WEB
13.8954,56.0,18.0,38.0,37801.94,6323.57,31478.37,2720.47,4.03,-0.6654,675.03,405.12,67.35,1404.25,618.64,744.9,0.2379,248.13,242.8,49.63,545.89,0.9785,0.1193,4.7045,2.444,21.0,0.0,0.0,BENIGN_WEB
8.6595,84.0,31.0,53.0,74516.91,6995.26,67521.65,8605.2,9.7,-0.8123,887.11,348.79,363.92,1500.0,809.09,880.19,0.4258,103.09,152.28,20.62,226.8,1.4772,0.0504,3.8359,2.2128,18.0,0.0,0.0,BENIGN_WEB
26.2202,60.0,19.0,41.0,40428.43,5879.58,34548.86,1541.88,2.29,-0.7091,673.81,359.25,134.93,1320.47,732.36,676.75,0.5145,437.0,351.39,87.4,961.41,0.8041,0.0581,4.374,2.2697,20.0,0.0,0.0,BENIGN_WEB
4.3766,66.0,20.0,46.0,62058.01,15895.07,46162.94,14179.47,15.08,-0.4877,940.27,363.65,394.81,1500.0,1081.18,879.97,0.5634,66.31,85.85,13.26,145.89,1.2946,0.0964,4.4945,2.9436,21.0,0.0,0.0,BENIGN_WEB
82.7341,1512.0,272.0,1240.0,1923884.19,80786.75,1843097.44,23253.83,18.28,-0.916,1272.41,327.47,781.2,1500.0,1117.86,1248.19,0.5425,19.03,10.08,3.81,41.87,0.5296,0.0519,3.3572,2.8346,17.0,0.0,0.0,BENIGN_STREAMING
8.2952,56.0,19.0,37.0,35981.94,8379.58,27602.36,4337.69,6.75,-0.5342,642.53,448.84,40.0,1450.45,726.42,716.89,0.3393,148.13,194.24,29.63,325.88,1.3113,0.1159,4.4775,2.9918,19.0,0.0,0.0,BENIGN_WEB
37.4659,2134.0,467.0,1667.0,2907265.42,286478.95,2620786.47,77597.59,56.96,-0.8029,1362.35,245.94,993.45,1500.0,1461.69,1293.94,0.4238,15.02,9.83,3.0,33.05,0.6541,0.0505,3.8539,2.3956,10.0,0.0,0.0,BENIGN_STREAMING
69.4859,1929.0,259.0,1670.0,2684473.45,107287.7,2577185.75,38633.34,27.76,-0.9201,1391.64,245.04,1024.08,1500.0,1348.83,1567.64,0.2316,11.69,5.98,2.34,25.72,0.5114,0.1698,3.7061,2.8729,20.0,0.0,0.0,BENIGN_STREAMING
67.1979,341.0,45.0,296.0,425265.6,18133.28,407132.32,6328.55,5.07,-0.9147,1247.11,417.01,621.59,1500.0,1323.42,1411.22,0.5014,21.21,8.95,4.24,46.65,0.422,0.1479,3.6814,2.4584,14.0,0.0,0.0,BENIGN_STREAMING
3.8919,46.0,17.0,29.0,43237.45,5310.31,37927.14,11109.48,11.82,-0.7544,939.94,561.68,97.42,1500.0,910.73,842.66,0.4126,84.61,91.28,16.92,186.14,1.0789,0.0191,4.7146,2.4366,9.0,0.0,0.0,BENIGN_WEB
93.0664,1859.0,398.0,1461.0,2623612.81,99929.16,2523683.65,28190.77,19.97,-0.9238,1411.3,378.91,842.94,1500.0,1286.81,1242.85,0.4661,21.92,16.25,4.38,48.22,0.7412,0.1307,3.4465,2.7882,11.0,0.0,0.0,BENIGN_STREAMING
153.0322,432.0,86.0,346.0,557728.33,53859.27,503869.06,3644.52,2.82,-0.8069,1291.04,294.83,848.8,1500.0,1348.35,1215.6,0.2685,17.37,11.92,3.47,38.22,0.6864,0.1328,3.075,2.6613,19.0,0.0,0.0,BENIGN_STREAMING
58.0059,603.0,128.0,475.0,864977.44,61373.81,803603.62,14911.87,10.4,-0.8581,1434.46,379.43,865.31,1500.0,1270.14,1335.45,0.3016,11.33,7.18,2.27,24.93,0.6338,0.0723,3.8646,2.8753,10.0,0.0,0.0,BENIGN_STREAMING
27.6487,72.0,27.0,45.0,76239.0,21425.93,54813.07,2757.42,2.6,-0.4379,1058.87,483.32,333.89,1500.0,1136.31,1165.09,0.5689,384.01,664.98,76.8,844.82,1.7317,0.1141,3.8907,3.057,19.0,0.0,0.0,BENIGN_WEB
69.5835,1944.0,361.0,1583.0,2509347.9,209324.0,2300023.89,36062.42,27.94,-0.8332,1290.82,387.16,710.08,1500.0,1480.12,1147.12,0.4022,15.99,9.87,3.2,35.18,0.6171,0.1351,3.5316,2.566,18.0,0.0,0.0,BENIGN_STREAMING
121.998,1497.0,198.0,1299.0,2055874.56,64146.7,1991727.87,16851.71,12.27,-0.9376,1373.33,400.88,772.01,1500.0,1381.04,1283.18,0.2948,22.34,10.6,4.47,49.15,0.4746,0.0533,3.8242,2.487,19.0,0.0,0.0,BENIGN_STREAMING
27.0933,20.0,7.0,13.0,13146.86,3251.48,9895.39,485.24,0.74,-0.5054,657.34,390.12,72.16,1359.57,684.3,606.84,0.3168,1354.67,1414.67,270.93,2980.26,1.0443,0.0692,4.8612,2.4704,17.0,0.0,0.0,BENIGN_WEB
100.5393,1381.0,269.0,1112.0,1967998.0,208155.86,1759842.14,19574.42,13.74,-0.7885,1425.05,386.99,844.57,1500.0,1235.35,1446.98,0.6149,7.02,3.55,1.4,15.45,0.5053,0.068,3.7716,2.8964,20.0,0.0,0.0,BENIGN_STREAMING
19.8871,61.0,21.0,40.0,49227.15,8327.86,40899.29,2475.34,3.07,-0.6617,807.0,518.2,40.0,1500.0,925.98,818.24,0.2099,326.02,377.05,65.2,717.24,1.1565,0.0138,4.6254,2.496,8.0,0.0,0.0,BENIGN_WEB
80.8097,787.0,166.0,621.0,945273.25,44704.09,900569.16,11697.52,9.74,-0.9054,1201.11,298.94,752.7,1500.0,1320.59,1188.46,0.2746,14.89,11.08,2.98,32.75,0.7445,0.0872,3.716,2.36,10.0,0.0,0.0,BENIGN_STREAMING
25.587,52.0,15.0,37.0,50489.89,6533.29,43956.59,1973.27,2.03,-0.7412,970.96,578.7,102.92,1500.0,1039.46,1074.65,0.2638,492.06,762.77,98.41,1082.53,1.5502,0.0248,4.6607,2.7609,21.0,0.0,0.0,BENIGN_WEB
5.6238,63.0,19.0,44.0,44154.23,8214.42,35939.81,7851.3,11.2,-0.6279,700.86,399.9,101.02,1420.68,784.12,700.41,0.1806,89.27,101.62,17.85,196.39,1.1383,0.1261,4.7344,3.0701,9.0,0.0,0.0,BENIGN_WEB
27.0179,21.0,5.0,16.0,17885.43,5010.85,12874.58,661.98,0.78,-0.4397,851.69,481.48,129.47,1500.0,834.82,830.6,0.3368,1286.57,1846.66,257.31,2830.45,1.4353,0.0722,4.1295,2.2511,20.0,0.0,0.0,BENIGN_WEB
5.1762,51.0,20.0,31.0,51241.2,4903.88,46337.32,9899.35,9.85,-0.8086,1004.73,410.09,389.59,1500.0,1021.38,1018.56,0.2323,101.49,94.69,20.3,223.29,0.933,0.0286,4.5735,2.788,10.0,0.0,0.0,BENIGN_WEB
8.3421,58.0,17.0,41.0,57690.48,15391.4,42299.08,6915.54,6.95,-0.4664,994.66,482.92,270.29,1500.0,1063.43,929.9,0.3702,143.83,150.61,28.77,316.43,1.0472,0.1015,3.7782,2.5107,10.0,0.0,0.0,BENIGN_WEB
31.9916,50.0,18.0,32.0,32196.85,6060.35,26136.5,1006.42,1.56,-0.6235,643.94,563.72,40.0,1500.0,669.4,717.48,0.4118,639.83,1027.7,127.97,1407.63,1.6062,0.0133,3.9602,2.3121,8.0,0.0,0.0,BENIGN_WEB
30.1209,2012.0,376.0,1636.0,2760011.11,270851.71,2489159.4,91631.09,66.8,-0.8037,1371.77,363.74,826.17,1500.0,1498.92,1188.16,0.3531,21.6,13.94,4.32,47.51,0.6453,0.1021,3.7806,2.7015,22.0,0.0,0.0,BENIGN_STREAMING
15.1761,45.0,17.0,28.0,33293.64,5592.68,27700.97,2193.82,2.97,-0.664,739.86,377.58,173.49,1419.51,814.11,667.51,0.513,337.25,261.54,67.45,741.94,0.7755,0.1208,4.7782,2.6115,13.0,0.0,0.0,BENIGN_WEB
44.6384,1042.0,228.0,814.0,1284747.52,114544.81,1170202.71,28781.25,23.34,-0.8217,1232.96,307.08,772.34,1500.0,1263.71,1375.16,0.2864,12.02,9.01,2.4,26.45,0.7493,0.1569,3.3866,2.612,15.0,0.0,0.0,BENIGN_STREAMING
22.8625,57.0,17.0,40.0,44242.96,10689.72,33553.24,1935.18,2.49,-0.5168,776.19,574.25,40.0,1500.0,773.52,744.4,0.3164,401.1,610.37,80.22,882.41,1.5218,0.0919,4.9677,2.6373,15.0,0.0,0.0,BENIGN_WEB
5.3449,57.0,20.0,37.0,61020.25,7350.76,53669.49,11416.63,10.66,-0.7591,1070.53,506.18,311.26,1500.0,1017.55,970.67,0.5083,93.77,117.66,18.75,206.29,1.2547,0.0956,4.6051,2.105,19.0,0.0,0.0,BENIGN_WEB
25.6643,29.0,9.0,20.0,21517.72,4750.6,16767.11,838.43,1.13,-0.5584,741.99,427.75,100.36,1500.0,741.83,823.17,0.5706,884.98,1261.02,177.0,1946.95,1.4249,0.1293,4.4457,2.51,20.0,0.0,0.0,BENIGN_WEB
22.5432,25.0,8.0,17.0,15837.37,3162.85,12674.53,702.53,1.11,-0.6006,633.49,484.89,40.0,1500.0,662.58,571.77,0.3744,901.73,1201.23,180.35,1983.8,1.3321,0.1201,4.4585,2.9896,12.0,0.0,0.0,BENIGN_WEB
126.732,710.0,154.0,556.0,894086.72,70254.38,823832.34,7054.94,5.6,-0.8428,1259.28,386.56,679.44,1500.0,1238.52,1241.57,0.2005,7.91,5.25,1.58,17.41,0.6631,0.0849,3.4396,2.695,23.0,0.0,0.0,BENIGN_STREAMING
15.8184,53.0,16.0,37.0,52752.75,12501.84,40250.91,3334.91,3.35,-0.526,995.33,370.87,439.03,1500.0,939.83,869.17,0.2735,298.46,226.5,59.69,656.61,0.7589,0.1023,4.3191,2.76,16.0,0.0,0.0,BENIGN_WEB
14.8186,20.0,6.0,14.0,20262.01,5274.44,14987.57,1367.34,1.35,-0.4794,1013.1,478.24,295.75,1500.0,1101.73,1072.12,0.3895,740.93,821.54,148.19,1630.05,1.1088,0.1102,3.8395,2.6894,15.0,0.0,0.0,BENIGN_WEB
28.0492,80.0,28.0,52.0,85410.26,13683.12,71727.14,3045.01,2.85,-0.6796,1067.63,579.7,198.08,1500.0,1226.13,943.69,0.4994,350.62,419.05,70.12,771.35,1.1952,0.1339,4.3632,2.498,14.0,0.0,0.0,BENIGN_WEB
10.2543,83.0,30.0,53.0,55702.74,13807.88,41894.86,5432.14,8.09,-0.5042,671.12,498.5,40.0,1500.0,679.91,701.69,0.2338,123.55,182.52,24.71,271.8,1.4773,0.0439,4.2091,2.2669,20.0,0.0,0.0,BENIGN_WEB
22.3782,23.0,8.0,15.0,16453.89,4498.84,11955.05,735.27,1.03,-0.4532,715.39,517.16,40.0,1500.0,730.49,718.37,0.4188,972.96,1193.52,194.59,2140.52,1.2267,0.0888,4.0991,2.1429,8.0,0.0,0.0,BENIGN_WEB
22.4808,52.0,19.0,33.0,52513.7,12903.05,39610.65,2335.93,2.31,-0.5086,1009.88,379.03,441.34,1500.0,934.74,1078.58,0.5886,432.32,621.83,86.46,951.11,1.4383,0.1046,3.8529,2.1166,13.0,0.0,0.0,BENIGN_WEB
146.4093,1025.0,211.0,814.0,1313458.16,71292.69,1242165.47,8971.14,7.0,-0.8914,1281.42,337.8,774.72,1500.0,1108.39,1363.11,0.4908,12.67,8.61,2.53,27.88,0.6796,0.1402,3.3849,2.2418,21.0,0.0,0.0,BENIGN_STREAMING
7.6408,69.0,26.0,43.0,53397.69,10045.84,43351.85,6988.53,9.03,-0.6237,773.88,324.99,286.4,1358.86,854.14,744.95,0.2786,110.74,115.78,22.15,243.62,1.0456,0.0335,4.0733,2.4709,21.0,0.0,0.0,BENIGN_WEB
15.1771,57.0,18.0,39.0,59889.22,13843.4,46045.82,3946.02,3.76,-0.5377,1050.69,553.45,220.52,1500.0,982.63,1020.97,0.2017,266.27,430.31,53.25,585.78,1.6161,0.1124,4.7989,2.9784,14.0,0.0,0.0,BENIGN_WEB
30.1316,46.0,17.0,29.0,49489.32,13911.93,35577.39,1642.44,1.53,-0.4378,1075.85,480.32,355.37,1500.0,1136.38,1226.05,0.3884,655.03,791.36,131.01,1441.08,1.2081,0.0293,4.0764,2.9074,19.0,0.0,0.0,BENIGN_WEB
63.4196,1477.0,299.0,1178.0,1889924.01,123346.96,1766577.04,29800.29,23.29,-0.8695,1279.57,379.66,710.07,1500.0,1109.09,1159.21,0.4435,19.96,13.05,3.99,43.9,0.6538,0.0889,3.3258,2.4585,13.0,0.0,0.0,BENIGN_STREAMING
14.5372,45.0,18.0,27.0,44866.74,10962.45,33904.29,3086.34,3.1,-0.5113,997.04,361.32,455.05,1500.0,1121.96,938.52,0.1831,323.05,493.22,64.61,710.71,1.5268,0.0173,4.7665,2.9484,14.0,0.0,0.0,BENIGN_WEB
23.2957,69.0,20.0,49.0,72284.18,17332.45,54951.73,3102.9,2.96,-0.5204,1047.6,361.46,505.41,1500.0,1164.45,1076.51,0.1909,337.62,526.52,67.52,742.76,1.5595,0.073,4.5729,2.8626,12.0,0.0,0.0,BENIGN_WEB
31.2766,48.0,13.0,35.0,37968.42,7043.62,30924.8,1213.96,1.53,-0.629,791.01,526.29,40.0,1500.0,889.83,747.32,0.4334,651.6,1096.38,130.32,1433.51,1.6826,0.0586,4.494,2.4608,8.0,0.0,0.0,BENIGN_WEB
21.0357,38.0,15.0,23.0,29663.73,7829.82,21833.91,1410.16,1.81,-0.4721,780.62,407.67,169.12,1500.0,830.04,880.19,0.5656,553.57,524.36,110.71,1217.86,0.9472,0.0542,4.9903,2.1544,12.0,0.0,0.0,BENIGN_WEB
24.5774,47.0,17.0,30.0,46189.56,13063.74,33125.82,1879.35,1.91,-0.4343,982.76,353.36,452.72,1500.0,1023.67,1067.03,0.1998,522.92,490.86,104.58,1150.43,0.9387,0.0503,3.8839,2.7829,8.0,0.0,0.0,BENIGN_WEB
29.8528,61.0,23.0,38.0,58070.26,11992.03,46078.23,1945.22,2.04,-0.587,951.97,365.81,403.26,1500.0,965.66,856.1,0.1961,489.39,478.2,97.88,1076.66,0.9771,0.1166,4.7977,2.8773,9.0,0.0,0.0,BENIGN_WEB
12.2993,35.0,11.0,24.0,34027.88,7345.67,26682.21,2766.66,2.85,-0.5683,972.23,344.04,456.16,1500.0,1001.05,1004.03,0.511,351.41,318.91,70.28,773.1,0.9075,0.0188,4.2499,2.7219,13.0,0.0,0.0,BENIGN_WEB
57.6029,2030.0,430.0,1600.0,2607711.7,251091.69,2356620.02,45270.5,35.24,-0.8074,1284.59,343.32,769.61,1500.0,1244.1,1402.57,0.5532,8.44,4.08,1.69,18.57,0.4834,0.0996,3.3673,2.2082,16.0,0.0,0.0,BENIGN_STREAMING
104.8071,1318.0,275.0,1043.0,1791492.39,192075.32,1599417.07,17093.23,12.58,-0.7856,1359.25,397.68,762.73,1500.0,1520.0,1365.2,0.4694,17.14,7.17,3.43,37.7,0.4186,0.0734,2.9319,2.7373,11.0,0.0,0.0,BENIGN_STREAMING
108.7068,1909.0,360.0,1549.0,2272224.28,178139.66,2094084.62,20902.31,17.56,-0.8432,1190.27,254.25,808.89,1500.0,1283.07,1184.13,0.4197,18.78,7.13,3.76,41.32,0.3797,0.0851,3.838,2.8466,19.0,0.0,0.0,BENIGN_STREAMING
24.6574,72.0,27.0,45.0,61349.08,11305.79,50043.29,2488.06,2.92,-0.6314,852.07,436.07,197.97,1500.0,796.27,799.46,0.5716,342.46,277.62,68.49,753.42,0.8106,0.0241,3.9767,2.8367,15.0,0.0,0.0,BENIGN_WEB
23.4942,1649.0,236.0,1413.0,2261825.69,134523.68,2127302.01,96271.57,70.19,-0.881,1371.63,337.65,865.16,1500.0,1282.58,1527.28,0.5152,18.93,6.65,3.79,41.64,0.3513,0.0967,3.3578,2.28,16.0,0.0,0.0,BENIGN_STREAMING
25.5003,15.0,5.0,10.0,13328.92,3804.23,9524.69,522.7,0.59,-0.4292,888.59,349.72,364.02,1500.0,912.32,854.41,0.511,1700.02,2364.51,340.0,3740.04,1.3909,0.088,4.5475,2.9005,13.0,0.0,0.0,BENIGN_WEB
7.8592,24.0,9.0,15.0,22994.91,5849.41,17145.5,2925.85,3.05,-0.4912,958.12,356.24,423.76,1500.0,966.63,1032.03,0.5604,327.47,532.38,65.49,720.43,1.6258,0.1249,3.9288,2.9493,15.0,0.0,0.0,BENIGN_WEB
5.4673,59.0,18.0,41.0,39202.09,8650.88,30551.2,7170.23,10.79,-0.5587,664.44,431.31,40.0,1440.8,664.67,714.54,0.4497,92.67,118.55,18.53,203.87,1.2793,0.015,3.6312,2.9745,18.0,0.0,0.0,BENIGN_WEB
21.5898,30.0,9.0,21.0,28583.56,3531.27,25052.29,1323.94,1.39,-0.7529,952.79,482.17,229.53,1500.0,828.1,861.91,0.5096,719.66,552.33,143.93,1583.25,0.7675,0.0669,4.313,2.2991,17.0,0.0,0.0,BENIGN_WEB
26.4015,499.0,83.0,416.0,614608.05,50384.69,564223.35,23279.3,18.9,-0.836,1231.68,306.19,772.39,1500.0,1385.93,1178.88,0.5245,19.03,11.5,3.81,41.87,0.6045,0.102,3.2779,2.8685,13.0,0.0,0.0,BENIGN_STREAMING
68.2417,1761.0,235.0,1526.0,2290546.45,224260.48,2066285.98,33565.2,25.81,-0.8042,1300.71,285.84,871.94,1500.0,1307.26,1485.44,0.5987,7.53,5.11,1.51,16.57,0.6791,0.1478,3.361,2.8403,15.0,0.0,0.0,BENIGN_STREAMING
4.0225,36.0,11.0,25.0,35715.99,10064.63,25651.37,8879.07,8.95,-0.4364,992.11,473.8,281.41,1500.0,995.21,1021.78,0.226,111.74,182.86,22.35,245.82,1.6365,0.0351,4.2947,2.7215,13.0,0.0,0.0,BENIGN_WEB
62.0223,440.0,62.0,378.0,609533.05,30581.72,578951.32,9827.64,7.09,-0.8997,1385.3,349.52,861.03,1500.0,1356.53,1273.67,0.4682,14.58,8.12,2.92,32.08,0.5567,0.1505,3.0564,2.9972,16.0,0.0,0.0,BENIGN_STREAMING
26.1288,46.0,18.0,28.0,46257.33,11024.59,35232.73,1770.35,1.76,-0.5233,1005.59,535.73,202.0,1500.0,1016.7,868.06,0.2682,568.02,532.32,113.6,1249.64,0.9372,0.1277,4.451,2.7398,15.0,0.0,0.0,BENIGN_WEB
22.0434,20.0,6.0,14.0,19249.2,2472.07,16777.13,873.24,0.91,-0.7432,962.46,548.44,139.8,1500.0,1083.27,1074.76,0.2623,1102.17,1550.06,220.43,2424.78,1.4064,0.0341,4.7938,2.1978,13.0,0.0,0.0,BENIGN_WEB
25.6671,81.0,22.0,59.0,59988.83,12727.77,47261.06,2337.19,3.16,-0.5757,740.6,440.11,80.44,1500.0,825.58,715.79,0.3995,316.88,454.29,63.38,697.13,1.4336,0.0455,4.2242,2.3611,15.0,0.0,0.0,BENIGN_WEB
23.0494,48.0,15.0,33.0,45641.64,10018.22,35623.41,1980.16,2.08,-0.561,950.87,388.73,367.78,1500.0,955.86,887.6,0.3015,480.2,770.61,96.04,1056.43,1.6048,0.0936,4.9305,2.2317,9.0,0.0,0.0,BENIGN_WEB
28.3034,39.0,15.0,24.0,36658.93,8204.66,28454.27,1295.21,1.38,-0.5524,939.97,550.44,114.31,1500.0,947.96,920.24,0.3953,725.73,667.19,145.15,1596.6,0.9193,0.1257,3.8377,2.1023,8.0,0.0,0.0,BENIGN_WEB
8.1587,32.0,10.0,22.0,23272.75,5229.63,18043.12,2852.5,3.92,-0.5506,727.27,352.39,198.69,1361.57,754.78,701.61,0.5293,254.96,180.16,50.99,560.91,0.7066,0.019,4.5484,2.223,10.0,0.0,0.0,BENIGN_WEB
3.5939,26.0,10.0,16.0,24886.53,6856.23,18030.31,6924.58,7.23,-0.449,957.17,450.81,280.96,1500.0,885.6,1066.99,0.3622,138.23,159.06,27.65,304.1,1.1507,0.0671,4.1275,2.2731,9.0,0.0,0.0,BENIGN_WEB
106.2413,738.0,105.0,633.0,964312.66,44315.35,919997.32,9076.63,6.95,-0.9081,1306.66,288.7,873.61,1500.0,1231.63,1354.98,0.5714,12.63,7.58,2.53,27.78,0.5999,0.1329,3.6932,2.778,14.0,0.0,0.0,BENIGN_STREAMING
69.1555,583.0,76.0,507.0,831294.62,63982.51,767312.11,12020.66,8.43,-0.8461,1425.89,414.5,804.14,1500.0,1628.23,1549.91,0.2487,19.0,14.61,3.8,41.8,0.7689,0.1679,2.939,2.8461,11.0,0.0,0.0,BENIGN_STREAMING
13.3235,81.0,23.0,58.0,75506.62,18403.05,57103.57,5667.19,6.08,-0.5125,932.18,484.0,206.18,1500.0,1027.01,792.92,0.2146,164.49,140.41,32.9,361.87,0.8536,0.0883,4.1125,2.7789,10.0,0.0,0.0,BENIGN_WEB
2.0994,47.0,17.0,30.0,36437.18,5628.92,30808.26,17356.19,22.39,-0.691,775.26,487.67,43.76,1500.0,874.27,783.43,0.3725,44.67,61.4,8.93,98.27,1.3746,0.0539,5.0196,2.3961,9.0,0.0,0.0,BENIGN_WEB
84.1104,1808.0,284.0,1524.0,2249226.88,73142.15,2176084.73,26741.36,21.5,-0.935,1244.04,406.61,634.13,1500.0,1176.72,1258.84,0.2943,26.86,10.1,5.37,59.09,0.3762,0.1481,3.6436,2.8863,16.0,0.0,0.0,BENIGN_STREAMING
28.7792,54.0,19.0,35.0,43778.55,9191.41,34587.15,1521.19,1.88,-0.5801,810.71,408.29,198.28,1500.0,784.25,743.92,0.2401,532.95,783.16,106.59,1172.49,1.4695,0.1316,3.6468,2.533,15.0,0.0,0.0,BENIGN_WEB
8.0928,80.0,27.0,53.0,52637.42,4919.62,47717.79,6504.23,9.89,-0.8131,657.97,550.75,40.0,1500.0,595.43,727.03,0.3098,101.16,144.0,20.23,222.55,1.4235,0.0316,3.8609,2.6253,17.0,0.0,0.0,BENIGN_WEB
35.0264,1097.0,191.0,906.0,1343166.25,132902.15,1210264.1,38347.27,31.32,-0.8021,1224.4,275.58,811.03,1500.0,1107.61,1349.67,0.2389,22.48,7.96,4.5,49.46,0.3543,0.1462,3.3815,2.4554,12.0,0.0,0.0,BENIGN_STREAMING
11.1879,74.0,25.0,49.0,55339.44,14516.0,40823.44,4946.37,6.61,-0.4754,747.83,364.93,200.43,1404.71,851.52,809.8,0.3025,151.19,126.06,30.24,332.61,0.8338,0.1254,4.8228,2.7431,9.0,0.0,0.0,BENIGN_WEB
36.8716,1268.0,272.0,996.0,1708625.02,183735.59,1524889.42,46339.93,34.39,-0.7849,1347.5,361.42,805.36,1500.0,1269.94,1509.42,0.3223,8.48,5.9,1.7,18.65,0.6958,0.1354,3.1476,2.7788,21.0,0.0,0.0,BENIGN_STREAMING
12.6534,73.0,21.0,52.0,72442.83,17213.91,55228.92,5725.15,5.77,-0.5248,992.37,450.55,316.55,1500.0,980.27,994.35,0.3642,173.33,215.51,34.67,381.34,1.2433,0.1059,3.7472,2.8639,21.0,0.0,0.0,BENIGN_WEB
26.8201,82.0,32.0,50.0,68791.27,19048.51,49742.76,2564.91,3.06,-0.4462,838.92,559.57,40.0,1500.0,837.51,845.09,0.2559,327.07,522.87,65.41,719.56,1.5986,0.1114,4.9393,2.26,14.0,0.0,0.0,BENIGN_WEB
2.4769,40.0,14.0,26.0,27297.29,5681.87,21615.42,11020.62,16.15,-0.5837,682.43,503.94,40.0,1500.0,728.58,675.35,0.227,61.92,81.87,12.38,136.23,1.3221,0.052,4.4952,2.6762,8.0,0.0,0.0,BENIGN_WEB
30.7788,65.0,22.0,43.0,41282.49,6729.95,34552.54,1341.26,2.11,-0.674,635.12,559.27,40.0,1500.0,703.5,597.45,0.3143,473.52,371.66,94.7,1041.74,0.7849,0.1102,3.9364,3.0222,8.0,0.0,0.0,BENIGN_WEB
10.378,49.0,20.0,29.0,35359.9,4340.26,31019.64,3407.21,4.72,-0.7545,721.63,453.62,41.2,1500.0,711.34,820.83,0.3689,211.8,182.42,42.36,465.95,0.8613,0.1126,4.158,2.4206,8.0,0.0,0.0,BENIGN_WEB
113.8329,359.0,70.0,289.0,477270.68,29933.04,447337.64,4192.73,3.15,-0.8746,1329.44,346.23,810.1,1500.0,1468.93,1381.62,0.4124,15.83,9.0,3.17,34.83,0.5685,0.1383,2.9782,2.7348,11.0,0.0,0.0,BENIGN_STREAMING
4.3699,30.0,11.0,19.0,26378.93,6145.26,20233.67,6036.49,6.87,-0.5341,879.3,452.17,201.04,1500.0,912.46,986.14,0.3031,145.66,184.8,29.13,320.46,1.2687,0.0482,3.9665,2.7851,17.0,0.0,0.0,BENIGN_WEB
26.0915,47.0,15.0,32.0,49577.49,5524.96,44052.53,1900.14,1.8,-0.7771,1054.84,363.31,509.87,1500.0,1129.85,1201.07,0.3746,555.14,894.3,111.03,1221.3,1.611,0.0397,4.4833,2.2453,11.0,0.0,0.0,BENIGN_WEB
19.0843,73.0,27.0,46.0,58735.04,6380.89,52354.15,3077.67,3.83,-0.7827,804.59,392.54,215.78,1500.0,906.98,834.05,0.316,261.43,272.21,52.29,575.14,1.0412,0.0755,3.6691,2.1774,21.0,0.0,0.0,BENIGN_WEB
80.3242,544.0,101.0,443.0,657068.35,33922.1,623146.25,8180.21,6.77,-0.8967,1207.85,418.41,580.23,1500.0,1360.7,1037.97,0.5975,20.24,15.76,4.05,44.52,0.7789,0.1432,3.4816,2.5253,22.0,0.0,0.0,BENIGN_STREAMING
21.274,28.0,9.0,19.0,27657.43,6566.37,21091.06,1300.06,1.32,-0.5252,987.77,454.31,306.3,1500.0,989.04,1004.27,0.2929,759.78,635.45,151.96,1671.53,0.8364,0.1301,4.6649,2.9833,15.0,0.0,0.0,BENIGN_WEB
44.8127,1204.0,207.0,997.0,1677624.2,108593.81,1569030.39,37436.34,26.87,-0.8705,1393.38,307.95,931.46,1500.0,1449.7,1341.92,0.344,15.91,9.2,3.18,35.0,0.578,0.1266,2.9315,2.3559,16.0,0.0,0.0,BENIGN_STREAMING
18.4296,40.0,15.0,25.0,40299.32,6333.0,33966.33,2186.66,2.17,-0.6857,1007.48,376.18,443.21,1500.0,1025.85,899.99,0.4326,460.74,461.14,92.15,1013.63,1.0009,0.0901,3.9541,2.1267,21.0,0.0,0.0,BENIGN_WEB
64.4354,1148.0,205.0,943.0,1441403.05,118852.54,1322550.51,22369.75,17.82,-0.8351,1255.58,266.64,855.62,1500.0,1335.53,1302.21,0.4158,15.07,6.6,3.01,33.14,0.4382,0.0797,3.7952,2.7004,10.0,0.0,0.0,BENIGN_STREAMING
14.7295,37.0,14.0,23.0,25065.59,3123.64,21941.95,1701.73,2.51,-0.7508,677.45,332.23,179.1,1275.47,642.58,614.17,0.2791,398.09,530.87,79.62,875.81,1.3335,0.0339,5.0963,2.8753,13.0,0.0,0.0,BENIGN_WEB
17.8661,61.0,19.0,42.0,57117.17,9518.53,47598.64,3196.95,3.41,-0.6667,936.35,547.99,114.36,1500.0,1045.37,1017.5,0.4032,292.89,450.19,58.58,644.35,1.5371,0.1063,4.9146,2.2672,12.0,0.0,0.0,BENIGN_WEB
5.5816,67.0,25.0,42.0,42662.06,8520.97,34141.09,7643.36,12.0,-0.6005,636.75,530.7,40.0,1500.0,664.92,571.67,0.4031,83.31,127.72,16.66,183.28,1.5331,0.1265,4.4723,3.0563,14.0,0.0,0.0,BENIGN_WEB
6.0328,41.0,13.0,28.0,29995.35,5996.6,23998.76,4972.03,6.8,-0.6002,731.59,498.28,40.0,1500.0,751.57,691.02,0.4534,147.14,184.28,29.43,323.71,1.2524,0.1283,4.8286,2.6595,10.0,0.0,0.0,BENIGN_WEB
6.9837,80.0,30.0,50.0,81516.55,20905.95,60610.61,11672.44,11.46,-0.4871,1018.96,539.36,209.91,1500.0,1000.25,1142.78,0.4775,87.3,64.07,17.46,192.05,0.734,0.1285,4.6755,2.5083,19.0,0.0,0.0,BENIGN_WEB
11.4358,55.0,17.0,38.0,53235.62,9125.19,44110.43,4655.19,4.81,-0.6572,967.92,354.51,436.16,1500.0,985.06,897.49,0.4553,207.92,288.8,41.58,457.43,1.389,0.1398,4.0639,3.0018,18.0,0.0,0.0,BENIGN_WEB
26.3409,69.0,23.0,46.0,63056.55,12531.07,50525.48,2393.87,2.62,-0.6025,913.86,385.99,334.88,1500.0,1010.76,981.89,0.2505,381.75,398.12,76.35,839.85,1.0429,0.112,4.5528,2.2189,12.0,0.0,0.0,BENIGN_WEB
4.487,82.0,31.0,51.0,68532.4,11700.83,56831.58,15273.55,18.28,-0.6585,835.76,413.07,216.16,1500.0,952.42,835.42,0.2928,54.72,79.42,10.94,120.38,1.4514,0.0415,5.03,2.1416,10.0,0.0,0.0,BENIGN_WEB
17.6201,53.0,21.0,32.0,42481.36,7796.26,34685.1,2410.96,3.01,-0.633,801.54,378.39,233.95,1482.64,720.37,875.28,0.4054,332.46,508.86,66.49,731.4,1.5306,0.0213,3.9116,2.8706,16.0,0.0,0.0,BENIGN_WEB
7.8267,35.0,13.0,22.0,28165.6,5141.04,23024.56,3598.67,4.47,-0.6349,804.73,559.5,40.0,1500.0,781.23,880.17,0.5965,223.62,349.82,44.72,491.96,1.5643,0.1394,3.9614,2.9427,21.0,0.0,0.0,BENIGN_WEB
24.7686,289.0,57.0,232.0,349445.68,38034.11,311411.57,14108.42,11.67,-0.7823,1209.15,378.53,641.35,1500.0,1095.25,1041.53,0.4064,9.62,3.55,1.92,21.17,0.3688,0.1159,3.1689,2.2081,16.0,0.0,0.0,BENIGN_STREAMING
79.1276,1596.0,311.0,1285.0,2155531.85,98300.92,2057230.93,27241.2,20.17,-0.9088,1350.58,404.85,743.3,1500.0,1328.46,1409.53,0.2899,14.24,9.75,2.85,31.33,0.6848,0.0797,3.6316,2.7671,11.0,0.0,0.0,BENIGN_STREAMING
130.4798,839.0,107.0,732.0,1067042.47,109488.55,957553.92,8177.83,6.43,-0.7948,1271.8,352.48,743.08,1500.0,1294.55,1142.04,0.335,13.57,9.36,2.71,29.85,0.69,0.1193,3.3879,2.3912,20.0,0.0,0.0,BENIGN_STREAMING
15.6566,38.0,15.0,23.0,26389.72,3259.0,23130.72,1685.53,2.43,-0.753,694.47,458.65,40.0,1500.0,798.45,788.21,0.2188,412.02,425.56,82.4,906.43,1.0329,0.1363,4.161,2.1616,20.0,0.0,0.0,BENIGN_WEB
13.176,71.0,25.0,46.0,59063.03,11361.75,47701.28,4482.61,5.39,-0.6153,831.87,393.85,241.1,1500.0,838.59,948.23,0.4586,185.58,306.34,37.12,408.27,1.6507,0.0347,4.7514,2.1338,12.0,0.0,0.0,BENIGN_WEB
1.8338,39.0,12.0,27.0,26376.88,3482.3,22894.59,14383.81,21.27,-0.736,676.33,388.95,92.9,1376.44,689.96,648.04,0.3512,47.02,54.71,9.4,103.44,1.1635,0.0751,4.3947,2.3617,14.0,0.0,0.0,BENIGN_WEB
16.6535,46.0,15.0,31.0,30005.88,8618.27,21387.62,1801.77,2.76,-0.4256,652.3,372.95,92.88,1323.61,658.67,651.0,0.4109,362.03,404.77,72.41,796.47,1.118,0.0937,3.9884,2.6288,13.0,0.0,0.0,BENIGN_WEB
18.1407,46.0,18.0,28.0,32601.6,8792.19,23809.4,1797.15,2.54,-0.4606,708.73,502.04,40.0,1500.0,661.53,639.2,0.4159,394.36,317.24,78.87,867.6,0.8044,0.013,4.6935,2.9754,15.0,0.0,0.0,BENIGN_WEB
98.4504,646.0,139.0,507.0,786430.52,54027.64,732402.88,7988.08,6.56,-0.8626,1217.38,275.95,803.46,1500.0,1283.93,1139.95,0.2144,12.31,8.68,2.46,27.09,0.7047,0.0713,3.4159,2.3813,12.0,0.0,0.0,BENIGN_STREAMING
99.6548,2053.0,355.0,1698.0,2508833.53,78836.52,2429997.01,25175.23,20.6,-0.9372,1222.03,300.28,771.61,1500.0,1246.97,1256.3,0.5691,10.68,7.55,2.14,23.49,0.7069,0.0534,3.0751,2.4946,20.0,0.0,0.0,BENIGN_STREAMING
86.3016,1554.0,326.0,1228.0,2019869.12,169573.44,1850295.67,23404.77,18.01,-0.8321,1299.79,278.61,881.87,1500.0,1217.08,1366.43,0.5766,16.94,10.31,3.39,37.28,0.6083,0.162,3.2807,2.2871,17.0,0.0,0.0,BENIGN_STREAMING
23.2658,27.0,10.0,17.0,20564.05,2525.98,18038.07,883.88,1.16,-0.7543,761.63,395.35,168.61,1473.25,725.51,708.36,0.4321,861.7,767.07,172.34,1895.73,0.8902,0.1283,4.9151,3.0059,13.0,0.0,0.0,BENIGN_WEB
64.8694,1855.0,345.0,1510.0,2343143.02,146104.71,2197038.31,36120.93,28.6,-0.8753,1263.15,407.48,651.92,1500.0,1410.05,1084.5,0.2513,9.51,4.49,1.9,20.92,0.4726,0.083,3.3498,2.9044,17.0,0.0,0.0,BENIGN_STREAMING
23.6992,65.0,25.0,40.0,45268.84,10340.79,34928.05,1910.14,2.74,-0.5431,696.44,388.86,113.15,1396.4,795.9,758.56,0.3649,364.6,294.94,72.92,802.13,0.8089,0.0223,4.3304,2.1727,14.0,0.0,0.0,BENIGN_WEB
30.1723,40.0,13.0,27.0,34037.79,6190.9,27846.89,1128.11,1.33,-0.6362,850.94,364.49,304.21,1500.0,880.89,962.4,0.5165,754.31,569.02,150.86,1659.48,0.7544,0.0477,4.8496,2.2431,11.0,0.0,0.0,BENIGN_WEB
20.2326,1489.0,278.0,1211.0,1778564.06,132221.19,1646342.87,87905.8,73.59,-0.8513,1194.47,314.8,722.27,1500.0,1128.99,1255.99,0.6057,7.53,3.11,1.51,16.56,0.4133,0.133,2.9488,2.3471,19.0,0.0,0.0,BENIGN_STREAMING
23.9449,34.0,12.0,22.0,36713.57,5711.2,31002.37,1533.25,1.42,-0.6889,1079.81,462.91,385.44,1500.0,1086.48,943.76,0.4363,704.26,1005.2,140.85,1549.37,1.4273,0.1069,4.1392,2.5745,16.0,0.0,0.0,BENIGN_WEB
96.1272,2094.0,413.0,1681.0,2870418.74,239446.39,2630972.35,29860.63,21.78,-0.8332,1370.78,253.78,990.11,1500.0,1459.1,1561.77,0.3139,25.1,17.13,5.02,55.23,0.6825,0.0786,3.034,2.2502,19.0,0.0,0.0,BENIGN_STREAMING
10.5113,73.0,27.0,46.0,47548.69,10439.16,37109.53,4523.58,6.94,-0.5609,651.35,500.76,40.0,1500.0,586.96,690.14,0.2838,143.99,140.45,28.8,316.78,0.9754,0.0281,4.8996,2.1627,15.0,0.0,0.0,BENIGN_WEB
134.1621,1647.0,211.0,1436.0,2035240.63,182284.66,1852955.96,15170.01,12.28,-0.8209,1235.73,390.66,649.74,1500.0,1092.38,1215.92,0.5914,16.27,6.75,3.25,35.78,0.4151,0.0572,3.0826,2.4365,14.0,0.0,0.0,BENIGN_STREAMING
6.3823,84.0,33.0,51.0,59939.59,15382.93,44556.66,9391.56,13.16,-0.4867,713.57,501.46,40.0,1500.0,632.2,696.73,0.513,75.98,90.05,15.2,167.15,1.1852,0.0957,3.652,2.9998,14.0,0.0,0.0,BENIGN_WEB
80.7774,389.0,61.0,328.0,552773.44,16243.36,536530.08,6843.17,4.82,-0.9412,1421.01,349.13,897.31,1500.0,1349.88,1421.68,0.4524,11.35,7.45,2.27,24.97,0.6564,0.168,3.2639,2.4277,20.0,0.0,0.0,BENIGN_STREAMING
18.9023,61.0,23.0,38.0,45141.33,5181.24,39960.09,2388.14,3.23,-0.7704,740.02,489.33,40.0,1500.0,684.28,797.89,0.5858,309.87,291.01,61.97,681.72,0.9391,0.1136,5.0716,2.1866,18.0,0.0,0.0,BENIGN_WEB
133.6784,1928.0,332.0,1596.0,2467021.83,270853.05,2196168.77,18454.9,14.42,-0.7804,1279.58,333.75,778.94,1500.0,1104.86,1091.06,0.222,7.98,5.9,1.6,17.55,0.739,0.1638,3.2134,2.6027,18.0,0.0,0.0,BENIGN_STREAMING
21.455,16.0,5.0,11.0,16545.17,2724.74,13820.43,771.16,0.75,-0.6706,1034.07,516.82,258.84,1500.0,1002.62,990.48,0.3641,1340.94,1620.04,268.19,2950.06,1.2081,0.0704,4.7923,2.9955,21.0,0.0,0.0,BENIGN_WEB
3.0026,72.0,29.0,43.0,77075.4,14441.16,62634.24,25669.43,23.98,-0.6253,1070.49,554.2,239.19,1500.0,1018.91,1148.5,0.3086,41.7,40.14,8.34,91.75,0.9624,0.0937,4.5192,2.5833,13.0,0.0,0.0,BENIGN_WEB
139.1034,613.0,102.0,511.0,745804.72,41320.21,704484.5,5361.51,4.41,-0.8892,1216.65,382.24,643.29,1500.0,1350.17,1168.94,0.5521,11.03,5.68,2.21,24.26,0.515,0.1109,3.5958,2.6452,13.0,0.0,0.0,BENIGN_STREAMING
134.9977,1082.0,204.0,878.0,1413529.8,97135.47,1316394.33,10470.77,8.01,-0.8626,1306.4,323.84,820.65,1500.0,1208.23,1121.23,0.5241,20.88,11.34,4.18,45.93,0.5434,0.068,3.4778,2.976,14.0,0.0,0.0,BENIGN_STREAMING
19.5974,766.0,163.0,603.0,925018.2,30327.51,894690.69,47201.06,39.09,-0.9344,1207.6,417.36,581.55,1500.0,1051.13,1089.6,0.3347,8.6,5.08,1.72,18.93,0.5902,0.1724,3.4494,2.4323,15.0,0.0,0.0,BENIGN_STREAMING
153.0299,547.0,72.0,475.0,779606.51,65680.91,713925.61,5094.47,3.57,-0.8315,1425.24,399.66,825.75,1500.0,1607.07,1245.34,0.5143,22.74,11.34,4.55,50.03,0.4988,0.1588,2.9739,2.4885,18.0,0.0,0.0,BENIGN_STREAMING
24.1343,32.0,11.0,21.0,29819.15,5537.71,24281.44,1235.55,1.33,-0.6286,931.85,379.96,361.91,1500.0,828.55,814.46,0.3586,754.2,1016.66,150.84,1659.23,1.348,0.0702,4.0248,2.6477,8.0,0.0,0.0,BENIGN_WEB
42.0482,1781.0,377.0,1404.0,2515454.42,164667.33,2350787.08,59823.14,42.36,-0.8691,1412.38,408.13,800.19,1500.0,1272.68,1333.8,0.5126,18.09,6.96,3.62,39.81,0.3846,0.109,3.7641,2.3307,22.0,0.0,0.0,BENIGN_STREAMING
16.3088,53.0,17.0,36.0,50441.52,11079.69,39361.83,3092.9,3.25,-0.5607,951.73,333.53,451.43,1500.0,842.96,994.39,0.298,307.71,433.27,61.54,676.97,1.408,0.1351,4.1705,2.9961,8.0,0.0,0.0,BENIGN_WEB
14.9214,18.0,5.0,13.0,17575.5,3821.32,13754.18,1177.87,1.21,-0.5652,976.42,393.52,386.14,1500.0,1109.03,951.57,0.321,828.97,1124.95,165.79,1823.72,1.3571,0.0188,4.8758,2.7591,14.0,0.0,0.0,BENIGN_WEB
137.2113,536.0,64.0,472.0,719765.04,52687.75,667077.28,5245.67,3.91,-0.8536,1342.85,419.93,712.95,1500.0,1433.6,1407.66,0.3959,14.37,9.91,2.87,31.62,0.6894,0.1775,3.4797,2.4451,10.0,0.0,0.0,BENIGN_STREAMING
141.3685,1410.0,242.0,1168.0,1785150.31,46543.23,1738607.08,12627.63,9.97,-0.9479,1266.06,251.91,888.2,1500.0,1211.52,1224.2,0.3639,19.67,10.8,3.93,43.27,0.5492,0.0559,3.4214,2.806,13.0,0.0,0.0,BENIGN_STREAMING
8.9791,28.0,8.0,20.0,19780.67,4880.54,14900.14,2202.98,3.12,-0.5065,706.45,398.17,109.2,1423.15,620.48,746.08,0.2337,320.68,342.69,64.14,705.5,1.0686,0.0806,4.5098,2.7009,19.0,0.0,0.0,BENIGN_WEB
6.3227,25.0,10.0,15.0,20251.51,3084.95,17166.57,3203.0,3.95,-0.6953,810.06,469.87,105.26,1500.0,803.43,867.81,0.5329,252.91,243.4,50.58,556.4,0.9624,0.0372,4.2057,3.0534,12.0,0.0,0.0,BENIGN_WEB
8.3435,51.0,15.0,36.0,37983.93,6440.54,31543.38,4552.52,6.11,-0.6609,744.78,436.2,90.49,1500.0,659.58,658.22,0.2402,163.6,283.46,32.72,359.92,1.7327,0.0226,4.282,2.8501,15.0,0.0,0.0,BENIGN_WEB
31.7058,66.0,21.0,45.0,43736.69,12672.25,31064.44,1379.45,2.08,-0.4205,662.68,420.81,40.0,1420.14,645.23,720.05,0.5929,480.39,659.37,96.08,1056.86,1.3726,0.0858,4.3981,3.0107,19.0,0.0,0.0,BENIGN_WEB
143.002,708.0,135.0,573.0,936422.82,96212.15,840210.66,6548.32,4.95,-0.7945,1322.63,283.66,897.14,1500.0,1275.0,1232.54,0.2753,11.66,7.06,2.33,25.65,0.6055,0.106,3.1266,2.6133,22.0,0.0,0.0,BENIGN_STREAMING
24.8669,15.0,4.0,11.0,10956.82,1121.82,9835.0,440.62,0.6,-0.7952,730.45,406.36,120.92,1461.9,644.97,660.25,0.1998,1657.79,2178.64,331.56,3647.15,1.3142,0.1076,4.0619,2.3316,12.0,0.0,0.0,BENIGN_WEB
31.9997,29.0,11.0,18.0,29931.87,5843.37,24088.5,935.38,0.91,-0.6096,1032.13,369.74,477.52,1500.0,903.1,1166.87,0.4687,1103.44,1244.51,220.69,2427.57,1.1278,0.033,4.9521,2.5391,18.0,0.0,0.0,BENIGN_WEB
110.9263,1539.0,234.0,1305.0,1852368.84,197452.46,1654916.39,16699.1,13.87,-0.7868,1203.62,310.76,737.47,1500.0,1345.9,1294.78,0.4214,27.8,12.4,5.56,61.15,0.4463,0.154,3.1516,2.6727,17.0,0.0,0.0,BENIGN_STREAMING
42.6741,1323.0,240.0,1083.0,1771116.96,114775.55,1656341.41,41503.36,31.0,-0.8704,1338.71,270.36,933.18,1500.0,1220.59,1232.95,0.367,18.12,12.57,3.62,39.87,0.6934,0.1357,3.0871,2.7685,15.0,0.0,0.0,BENIGN_STREAMING
148.1996,1165.0,190.0,975.0,1397575.52,76677.33,1320898.2,9430.36,7.86,-0.8903,1199.64,325.6,711.24,1500.0,1217.41,1104.44,0.2046,21.6,11.49,4.32,47.52,0.5318,0.073,3.4494,2.782,17.0,0.0,0.0,BENIGN_STREAMING
27.3678,41.0,15.0,26.0,35056.51,8972.32,26084.19,1280.94,1.5,-0.4881,855.04,367.6,303.63,1500.0,827.97,980.56,0.4308,667.51,922.45,133.5,1468.52,1.3819,0.0711,4.8968,2.3857,16.0,0.0,0.0,BENIGN_WEB
21.5569,67.0,22.0,45.0,53551.61,9086.52,44465.09,2484.2,3.11,-0.6606,799.28,420.98,167.81,1500.0,837.62,861.35,0.4225,321.74,242.89,64.35,707.84,0.7549,0.0726,4.0629,2.9176,13.0,0.0,0.0,BENIGN_WEB
12.1672,25.0,8.0,17.0,23150.78,6642.27,16508.51,1902.72,2.05,-0.4262,926.03,527.78,134.37,1500.0,847.48,1001.03,0.2953,486.69,550.58,97.34,1070.72,1.1313,0.0791,4.5377,2.4853,17.0,0.0,0.0,BENIGN_WEB
2.7224,77.0,30.0,47.0,57874.17,10650.61,47223.56,21258.9,28.28,-0.6319,751.61,384.18,175.34,1443.14,801.15,725.09,0.4508,35.36,38.07,7.07,77.78,1.0767,0.0679,4.4628,2.6182,15.0,0.0,0.0,BENIGN_WEB
30.3012,35.0,10.0,25.0,28366.04,3889.23,24476.81,936.14,1.16,-0.7258,810.46,359.73,270.87,1457.96,838.87,771.62,0.2868,865.75,1445.76,173.15,1904.65,1.67,0.0283,3.7176,2.2316,10.0,0.0,0.0,BENIGN_WEB
120.217,605.0,130.0,475.0,813276.73,37087.61,776189.12,6765.07,5.03,-0.9088,1344.26,299.98,894.29,1500.0,1224.83,1391.92,0.4645,27.18,9.54,5.44,59.81,0.351,0.1287,3.4922,2.8143,13.0,0.0,0.0,BENIGN_STREAMING
129.7306,836.0,122.0,714.0,1008461.74,75368.41,933093.33,7773.5,6.44,-0.8505,1206.29,338.96,697.85,1500.0,1138.48,1039.97,0.5783,8.35,5.29,1.67,18.36,0.6335,0.1644,3.3631,2.7737,15.0,0.0,0.0,BENIGN_STREAMING
4.0382,25.0,7.0,18.0,25283.52,5479.15,19804.38,6261.01,6.19,-0.5666,1011.34,324.58,524.47,1500.0,1069.62,1120.77,0.2396,161.53,221.48,32.31,355.37,1.3712,0.0864,4.3497,2.2123,12.0,0.0,0.0,BENIGN_WEB
19.6883,51.0,16.0,35.0,32445.29,4921.2,27524.08,1647.95,2.59,-0.6966,636.18,347.98,114.22,1262.54,649.98,695.69,0.1982,386.04,546.98,77.21,849.3,1.4169,0.0358,4.0355,2.6747,18.0,0.0,0.0,BENIGN_WEB
158.0172,1107.0,191.0,916.0,1394600.26,140994.06,1253606.2,8825.62,7.01,-0.7978,1259.8,252.92,880.42,1500.0,1417.04,1446.46,0.4677,27.64,21.34,5.53,60.81,0.7721,0.0958,3.5971,2.8936,17.0,0.0,0.0,BENIGN_STREAMING
28.1688,52.0,17.0,35.0,36890.15,7392.89,29497.26,1309.61,1.85,-0.5992,709.43,483.38,40.0,1500.0,783.4,653.41,0.2054,541.71,926.66,108.34,1191.76,1.7106,0.1347,4.2245,2.5031,19.0,0.0,0.0,BENIGN_WEB
14.9756,79.0,22.0,57.0,49597.29,7997.93,41599.36,3311.87,5.28,-0.6775,627.81,484.32,40.0,1499.59,540.14,714.81,0.5896,189.56,234.13,37.91,417.04,1.2351,0.1304,4.6051,2.8212,9.0,0.0,0.0,BENIGN_WEB
18.3116,26.0,7.0,19.0,17340.26,2110.73,15229.53,946.95,1.42,-0.7566,666.93,413.17,47.18,1410.64,681.46,567.61,0.458,704.29,844.71,140.86,1549.44,1.1994,0.0252,3.6505,2.1327,12.0,0.0,0.0,BENIGN_WEB
85.7423,709.0,124.0,585.0,915917.29,93768.35,822148.94,10682.21,8.27,-0.7952,1291.84,406.18,682.58,1500.0,1213.37,1360.09,0.3,14.46,9.67,2.89,31.81,0.6689,0.1163,3.6342,2.4861,16.0,0.0,0.0,BENIGN_STREAMING
48.664,1737.0,220.0,1517.0,2424478.69,260543.65,2163935.04,49820.76,35.69,-0.7851,1395.79,339.47,886.57,1500.0,1402.81,1510.96,0.6075,6.75,4.62,1.35,14.85,0.6849,0.1258,3.1269,2.4262,17.0,0.0,0.0,BENIGN_STREAMING
29.1778,66.0,26.0,40.0,70919.72,14765.92,56153.8,2430.6,2.26,-0.5836,1074.54,386.43,494.89,1500.0,967.96,1179.43,0.5342,442.09,423.58,88.42,972.59,0.9581,0.0444,3.7171,2.6595,12.0,0.0,0.0,BENIGN_WEB
23.5439,41.0,15.0,26.0,43507.05,9818.39,33688.66,1847.91,1.74,-0.5487,1061.15,517.52,284.87,1500.0,1103.76,1198.34,0.3545,574.24,491.35,114.85,1263.33,0.8557,0.1229,4.097,2.8958,9.0,0.0,0.0,BENIGN_WEB
26.7739,38.0,12.0,26.0,35264.04,5162.48,30101.56,1317.1,1.42,-0.7072,928.0,332.48,429.29,1500.0,886.91,832.13,0.2339,704.58,1098.84,140.92,1550.07,1.5596,0.0931,5.0613,2.418,21.0,0.0,0.0,BENIGN_WEB
36.9831,1903.0,342.0,1561.0,2697945.84,279633.15,2418312.69,72950.84,51.46,-0.7927,1417.73,410.13,802.54,1500.0,1325.14,1445.64,0.2104,7.52,4.45,1.5,16.55,0.5909,0.0552,3.5948,2.7153,15.0,0.0,0.0,BENIGN_STREAMING
137.7109,1814.0,379.0,1435.0,2252669.54,223449.11,2029220.42,16357.96,13.17,-0.8016,1241.82,309.65,777.36,1500.0,1170.05,1214.44,0.543,10.94,8.18,2.19,24.07,0.7477,0.1441,3.896,2.8745,17.0,0.0,0.0,BENIGN_STREAMING
14.5279,78.0,30.0,48.0,70647.51,11608.97,59038.54,4862.87,5.37,-0.6714,905.74,441.08,244.12,1500.0,919.39,1013.55,0.4069,186.26,160.72,37.25,409.76,0.8629,0.0766,4.0557,2.5554,20.0,0.0,0.0,BENIGN_WEB
93.8011,2108.0,415.0,1693.0,2532080.42,181473.56,2350606.86,26994.14,22.47,-0.8567,1201.18,318.3,723.73,1500.0,1221.3,1117.98,0.2759,16.46,10.3,3.29,36.22,0.6256,0.1214,3.645,2.2215,11.0,0.0,0.0,BENIGN_STREAMING
153.8298,1012.0,153.0,859.0,1325388.04,63676.22,1261711.82,8615.94,6.58,-0.9039,1309.67,291.66,872.19,1500.0,1268.61,1454.07,0.4277,18.52,8.08,3.7,40.73,0.4365,0.1084,3.5822,2.8794,15.0,0.0,0.0,BENIGN_STREAMING
157.6637,600.0,97.0,503.0,856873.84,54112.66,802761.19,5434.82,3.81,-0.8737,1428.12,305.33,970.13,1500.0,1592.97,1538.46,0.4941,16.5,6.18,3.3,36.29,0.3747,0.1692,3.5674,2.9437,19.0,0.0,0.0,BENIGN_STREAMING
38.6015,737.0,96.0,641.0,887011.01,67656.37,819354.64,22978.66,19.09,-0.8475,1203.54,320.58,722.67,1500.0,1174.5,1167.58,0.254,7.44,4.59,1.49,16.37,0.6174,0.1111,3.879,2.4989,18.0,0.0,0.0,BENIGN_STREAMING
1.992,66.0,25.0,41.0,61955.72,15626.82,46328.9,31102.79,33.13,-0.4955,938.72,456.3,254.28,1500.0,1069.0,1078.63,0.4882,30.18,21.74,6.04,66.4,0.7202,0.1385,4.9085,2.1729,18.0,0.0,0.0,BENIGN_WEB
59.0494,441.0,65.0,376.0,603960.71,58806.88,545153.84,10228.06,7.47,-0.8053,1369.53,303.95,913.6,1500.0,1169.68,1537.15,0.4248,24.81,17.03,4.96,54.59,0.6865,0.1146,3.7617,2.2667,10.0,0.0,0.0,BENIGN_STREAMING
22.5872,34.0,10.0,24.0,29702.67,6192.47,23510.21,1315.02,1.51,-0.583,873.61,337.45,367.44,1481.01,982.91,898.43,0.613,664.33,1079.46,132.87,1461.52,1.6249,0.0479,4.2615,2.4677,16.0,0.0,0.0,BENIGN_WEB
130.2613,614.0,126.0,488.0,823767.26,60981.38,762785.88,6323.96,4.71,-0.8519,1341.64,301.65,889.16,1500.0,1415.73,1495.67,0.2693,8.8,3.14,1.76,19.36,0.3565,0.0816,3.7708,2.9081,15.0,0.0,0.0,BENIGN_STREAMING
8.7115,75.0,24.0,51.0,48121.65,10251.04,37870.61,5523.9,8.61,-0.574,641.62,563.01,40.0,1500.0,660.82,625.33,0.1833,116.15,166.3,23.23,255.54,1.4317,0.0337,4.755,3.0641,13.0,0.0,0.0,BENIGN_WEB
106.4271,612.0,107.0,505.0,802158.54,55125.1,747033.44,7537.17,5.75,-0.8626,1310.72,312.17,842.46,1500.0,1417.86,1266.16,0.5654,24.75,15.09,4.95,54.44,0.6096,0.1254,3.8498,2.9981,18.0,0.0,0.0,BENIGN_STREAMING
10.607,36.0,11.0,25.0,26489.32,6276.18,20213.14,2497.34,3.39,-0.5261,735.81,329.34,241.81,1328.62,824.28,643.27,0.4524,294.64,326.99,58.93,648.21,1.1098,0.064,4.2417,2.8633,10.0,0.0,0.0,BENIGN_WEB
11.2154,57.0,21.0,36.0,52479.84,6024.07,46455.77,4679.27,5.08,-0.7704,920.7,427.14,279.98,1500.0,1016.19,824.83,0.1935,196.76,338.96,39.35,432.87,1.7227,0.0577,4.0961,2.2939,14.0,0.0,0.0,BENIGN_WEB
29.3452,52.0,19.0,33.0,40078.06,10536.57,29541.49,1365.74,1.77,-0.4742,770.73,478.78,52.57,1500.0,754.96,721.72,0.1902,564.33,527.45,112.87,1241.53,0.9346,0.0567,4.7655,2.9552,11.0,0.0,0.0,BENIGN_WEB
32.3138,1217.0,179.0,1038.0,1683542.76,91435.63,1592107.13,52099.85,37.66,-0.8914,1383.35,272.86,974.06,1500.0,1196.62,1547.73,0.2186,15.4,11.54,3.08,33.88,0.7493,0.1018,3.5415,2.5906,19.0,0.0,0.0,BENIGN_STREAMING
12.0606,54.0,21.0,33.0,43249.21,9689.37,33559.84,3586.0,4.48,-0.5519,800.91,426.34,161.41,1500.0,719.85,750.32,0.2098,223.34,316.77,44.67,491.36,1.4183,0.0344,5.0948,2.8062,21.0,0.0,0.0,BENIGN_WEB
13.0592,44.0,17.0,27.0,29329.88,4331.11,24998.77,2245.93,3.37,-0.7047,666.59,320.15,186.37,1242.85,650.55,764.57,0.3305,296.8,284.29,59.36,652.96,0.9579,0.0774,4.2793,2.4215,20.0,0.0,0.0,BENIGN_WEB
25.8534,68.0,21.0,47.0,60299.67,16213.85,44085.82,2332.37,2.63,-0.4622,886.76,549.76,62.12,1500.0,804.44,914.99,0.2674,380.2,376.62,76.04,836.43,0.9906,0.1194,3.7422,2.4067,10.0,0.0,0.0,BENIGN_WEB
76.2468,1459.0,285.0,1174.0,1840121.01,73121.64,1766999.37,24133.75,19.14,-0.9205,1261.22,314.88,788.9,1500.0,1167.51,1139.9,0.3485,21.3,9.87,4.26,46.86,0.4634,0.118,3.2696,2.9271,19.0,0.0,0.0,BENIGN_STREAMING
5.7913,72.0,24.0,48.0,70393.94,8695.37,61698.57,12155.15,12.43,-0.753,977.69,384.98,400.22,1500.0,973.36,1065.78,0.4958,80.43,86.23,16.09,176.96,1.072,0.0905,4.6632,2.1919,13.0,0.0,0.0,BENIGN_WEB
83.8219,537.0,85.0,452.0,732967.78,71386.59,661581.2,8744.35,6.41,-0.8052,1364.93,260.24,974.57,1500.0,1511.07,1294.73,0.5481,7.35,2.93,1.47,16.17,0.3988,0.069,3.6117,2.4721,14.0,0.0,0.0,BENIGN_STREAMING
11.2722,52.0,21.0,31.0,37423.36,10233.51,27189.86,3319.98,4.61,-0.4531,719.68,441.91,56.82,1500.0,625.01,763.02,0.2141,216.77,203.53,43.35,476.9,0.9389,0.1064,3.6212,2.2013,15.0,0.0,0.0,BENIGN_WEB
16.3627,20.0,7.0,13.0,18959.21,2469.72,16489.49,1158.68,1.22,-0.7395,947.96,337.16,442.23,1500.0,938.64,1063.89,0.5429,818.14,685.81,163.63,1799.9,0.8383,0.0708,3.6424,2.8576,21.0,0.0,0.0,BENIGN_WEB
20.8553,28.0,9.0,19.0,26612.42,2602.66,24009.76,1276.05,1.34,-0.8044,950.44,382.36,376.9,1500.0,932.61,854.07,0.5704,744.83,1299.62,148.97,1638.63,1.7448,0.0985,4.8892,2.9645,12.0,0.0,0.0,BENIGN_WEB
96.0196,1931.0,419.0,1512.0,2759236.39,279483.05,2479753.34,28736.19,20.11,-0.7974,1428.92,411.43,811.77,1500.0,1369.66,1296.54,0.3765,23.21,12.73,4.64,51.07,0.5483,0.1628,3.407,2.9647,10.0,0.0,0.0,BENIGN_STREAMING
20.5233,23.0,7.0,16.0,23560.78,2690.5,20870.28,1148.0,1.12,-0.7716,1024.38,549.09,200.75,1500.0,940.63,1138.39,0.2259,892.32,955.5,178.46,1963.1,1.0708,0.0936,4.6821,2.3148,16.0,0.0,0.0,BENIGN_WEB
79.3835,1679.0,236.0,1443.0,2182737.28,170198.0,2012539.28,27496.11,21.15,-0.8441,1300.02,309.22,836.19,1500.0,1177.73,1117.92,0.1855,13.98,8.27,2.8,30.77,0.591,0.167,3.1089,2.2875,22.0,0.0,0.0,BENIGN_STREAMING
95.7373,1260.0,213.0,1047.0,1587795.07,160286.67,1427508.4,16584.91,13.16,-0.7981,1260.15,418.72,632.07,1500.0,1137.65,1360.25,0.5789,24.1,17.88,4.82,53.03,0.7417,0.0593,2.9507,2.3612,17.0,0.0,0.0,BENIGN_STREAMING
26.2284,32.0,9.0,23.0,20388.77,2625.86,17762.91,777.36,1.22,-0.7424,637.15,558.34,40.0,1500.0,725.81,648.08,0.5611,819.64,1395.77,163.93,1803.2,1.7029,0.0494,3.9444,2.6389,8.0,0.0,0.0,BENIGN_WEB
28.4226,73.0,23.0,50.0,50425.8,7238.95,43186.85,1774.14,2.57,-0.7129,690.76,509.06,40.0,1500.0,768.57,691.32,0.4515,389.35,364.33,77.87,856.57,0.9357,0.0737,4.2488,2.9942,18.0,0.0,0.0,BENIGN_WEB
107.3248,1767.0,379.0,1388.0,2406542.36,132882.99,2273659.37,22422.98,16.46,-0.8896,1361.94,246.8,991.74,1500.0,1413.8,1550.91,0.3697,15.05,7.6,3.01,33.11,0.5053,0.1233,3.322,2.3123,16.0,0.0,0.0,BENIGN_STREAMING
25.813,18.0,7.0,11.0,13068.09,3235.19,9832.9,506.26,0.7,-0.5049,726.01,569.79,40.0,1500.0,742.2,670.08,0.4852,1434.05,1940.66,286.81,3154.92,1.3533,0.0474,4.1695,3.0777,9.0,0.0,0.0,BENIGN_WEB
30.4701,57.0,20.0,37.0,48831.17,13100.25,35730.92,1602.59,1.87,-0.4634,856.69,416.27,232.28,1500.0,943.6,926.56,0.3794,534.56,838.24,106.91,1176.04,1.5681,0.0757,4.0824,2.3741,16.0,0.0,0.0,BENIGN_WEB
128.0632,2014.0,306.0,1708.0,2734302.94,230385.38,2503917.56,21351.2,15.73,-0.8315,1357.65,399.44,758.49,1500.0,1363.14,1457.42,0.4525,18.56,9.4,3.71,40.82,0.5065,0.1541,3.3609,2.3807,11.0,0.0,0.0,BENIGN_STREAMING
14.9065,68.0,27.0,41.0,47412.27,9857.82,37554.46,3180.65,4.56,-0.5842,697.24,513.96,40.0,1500.0,777.0,725.68,0.3473,219.21,320.15,43.84,482.27,1.4604,0.0195,4.6943,2.6804,13.0,0.0,0.0,BENIGN_WEB
26.6458,27.0,11.0,16.0,26726.92,6401.26,20325.66,1003.04,1.01,-0.521,989.89,482.66,265.9,1500.0,970.53,973.77,0.4423,986.88,1251.36,197.38,2171.14,1.268,0.1187,4.2557,2.8616,15.0,0.0,0.0,BENIGN_WEB
19.1897,47.0,15.0,32.0,42543.74,10385.57,32158.16,2217.01,2.45,-0.5118,905.19,335.07,402.57,1500.0,882.0,905.14,0.2947,408.29,626.57,81.66,898.24,1.5346,0.0912,4.3459,2.9799,10.0,0.0,0.0,BENIGN_WEB
13.0606,40.0,12.0,28.0,32603.13,3352.95,29250.18,2496.3,3.06,-0.7943,815.08,577.31,40.0,1500.0,735.13,793.6,0.5874,326.51,451.35,65.3,718.33,1.3823,0.0836,4.185,2.6623,11.0,0.0,0.0,BENIGN_WEB
15.7513,20.0,8.0,12.0,16010.55,3422.58,12587.97,1016.46,1.27,-0.5725,800.53,567.84,40.0,1500.0,851.68,733.64,0.2318,787.56,1159.81,157.51,1732.64,1.4727,0.1306,3.9084,3.0287,15.0,0.0,0.0,BENIGN_WEB
115.632,1174.0,231.0,943.0,1619674.04,40823.97,1578850.07,14007.15,10.15,-0.9496,1379.62,343.95,863.7,1500.0,1547.86,1351.83,0.4117,11.29,8.18,2.26,24.83,0.7246,0.1427,3.6856,2.4777,13.0,0.0,0.0,BENIGN_STREAMING
31.6483,43.0,13.0,30.0,36864.69,10136.31,26728.38,1164.82,1.36,-0.4501,857.32,458.93,168.93,1500.0,973.0,874.59,0.193,736.01,650.38,147.2,1619.22,0.8837,0.1032,4.2962,3.0116,19.0,0.0,0.0,BENIGN_WEB
43.6318,1058.0,130.0,928.0,1495224.42,79869.15,1415355.27,34269.12,24.25,-0.8932,1413.26,383.48,838.04,1500.0,1495.48,1373.44,0.4789,11.49,6.41,2.3,25.28,0.5575,0.0733,2.9034,2.5611,19.0,0.0,0.0,BENIGN_STREAMING
154.036,951.0,153.0,798.0,1148109.47,82927.26,1065182.21,7453.51,6.17,-0.8555,1207.27,402.04,604.21,1500.0,1156.11,1216.07,0.4547,8.03,6.14,1.61,17.66,0.7652,0.1507,3.0253,2.8021,11.0,0.0,0.0,BENIGN_STREAMING
16.5966,54.0,16.0,38.0,39096.65,7671.75,31424.9,2355.7,3.25,-0.6075,724.01,391.59,136.62,1428.88,732.52,645.01,0.2394,307.34,402.28,61.47,676.16,1.3089,0.051,3.8068,2.903,16.0,0.0,0.0,BENIGN_WEB
59.072,1330.0,260.0,1070.0,1786188.51,107680.65,1678507.86,30237.47,22.51,-0.8794,1343.0,334.57,841.14,1500.0,1262.41,1485.41,0.1994,18.51,11.38,3.7,40.73,0.6148,0.0888,3.8314,2.6664,10.0,0.0,0.0,BENIGN_STREAMING
19.8124,84.0,23.0,61.0,70780.47,7017.73,63762.74,3572.53,4.24,-0.8017,842.62,445.34,174.62,1500.0,877.96,926.95,0.2348,235.86,381.84,47.17,518.9,1.6189,0.0853,4.1105,2.8473,10.0,0.0,0.0,BENIGN_WEB
20.5475,977.0,189.0,788.0,1219019.06,116931.13,1102087.92,59326.8,47.55,-0.8082,1247.72,361.32,705.73,1500.0,1140.86,1103.2,0.4771,16.3,12.63,3.26,35.86,0.775,0.0872,3.5339,2.3326,13.0,0.0,0.0,BENIGN_STREAMING
100.492,1511.0,269.0,1242.0,1891932.64,193444.46,1698488.18,18826.69,15.04,-0.7955,1252.11,298.67,804.11,1500.0,1186.89,1115.54,0.2762,6.86,5.34,1.37,15.1,0.7774,0.0951,3.4695,2.9525,12.0,0.0,0.0,BENIGN_STREAMING
141.2828,807.0,142.0,665.0,1015363.33,96878.04,918485.29,7186.74,5.71,-0.8092,1258.19,272.58,849.32,1500.0,1415.97,1151.6,0.3589,19.66,14.54,3.93,43.26,0.7394,0.095,3.6774,2.7737,19.0,0.0,0.0,BENIGN_STREAMING
46.4889,1028.0,129.0,899.0,1285592.73,115305.94,1170286.79,27653.73,22.11,-0.8206,1250.58,374.45,688.9,1500.0,1279.19,1406.67,0.4182,18.14,12.17,3.63,39.92,0.6708,0.1033,2.9923,2.6371,15.0,0.0,0.0,BENIGN_STREAMING
12.0611,77.0,27.0,50.0,73676.49,7741.53,65934.95,6108.62,6.38,-0.7899,956.84,439.66,297.34,1500.0,1089.92,857.39,0.5837,156.64,215.04,31.33,344.6,1.3728,0.0291,3.8271,2.2629,17.0,0.0,0.0,BENIGN_WEB
9.0205,60.0,18.0,42.0,49255.38,13536.99,35718.39,5460.4,6.65,-0.4503,820.92,332.97,321.46,1420.27,913.18,797.07,0.2159,150.34,250.76,30.07,330.75,1.668,0.1099,4.1283,2.3143,12.0,0.0,0.0,BENIGN_WEB
2.8002,34.0,12.0,22.0,23509.55,3384.7,20124.85,8395.68,12.14,-0.7121,691.46,528.03,40.0,1500.0,635.07,723.76,0.4623,82.36,127.14,16.47,181.19,1.5438,0.1124,4.6276,2.9498,16.0,0.0,0.0,BENIGN_WEB
95.1561,677.0,110.0,567.0,835832.28,43774.32,792057.96,8783.8,7.11,-0.8953,1234.61,412.27,616.2,1500.0,1092.4,1090.8,0.4897,14.15,5.33,2.83,31.13,0.377,0.156,3.7107,2.2261,23.0,0.0,0.0,BENIGN_STREAMING
123.7668,680.0,92.0,588.0,959199.23,85624.37,873574.87,7750.05,5.49,-0.8215,1410.59,244.91,1043.22,1500.0,1574.38,1593.67,0.4473,16.54,10.28,3.31,36.39,0.6213,0.0707,3.5767,2.7783,12.0,0.0,0.0,BENIGN_STREAMING
18.4844,55.0,17.0,38.0,59008.81,6763.25,52245.56,3192.36,2.98,-0.7708,1072.89,534.98,270.42,1500.0,1105.66,1177.58,0.4485,336.08,422.14,67.22,739.38,1.2561,0.0693,4.5637,2.4913,21.0,0.0,0.0,BENIGN_WEB
17.5394,63.0,23.0,40.0,53974.41,14782.98,39191.44,3077.33,3.59,-0.4522,856.74,458.83,168.5,1500.0,765.06,818.18,0.59,278.4,258.23,55.68,612.49,0.9276,0.0886,4.1775,2.7955,12.0,0.0,0.0,BENIGN_WEB
76.049,1894.0,414.0,1480.0,2339045.45,162601.09,2176444.36,30757.1,24.91,-0.861,1234.98,283.52,809.69,1500.0,1397.55,1395.17,0.3802,20.7,12.61,4.14,45.55,0.6089,0.0683,3.2829,2.4469,17.0,0.0,0.0,BENIGN_STREAMING
23.6821,66.0,25.0,41.0,56555.21,5582.08,50973.13,2388.1,2.79,-0.8026,856.9,531.75,59.27,1500.0,914.34,934.31,0.2734,358.82,411.73,71.76,789.4,1.1474,0.0765,4.5337,3.0355,17.0,0.0,0.0,BENIGN_WEB
119.0817,453.0,65.0,388.0,632424.17,26357.18,606066.99,5310.84,3.8,-0.9166,1396.08,273.64,985.61,1500.0,1456.13,1325.59,0.4061,6.93,4.88,1.39,15.24,0.705,0.0693,2.9026,2.9483,18.0,0.0,0.0,BENIGN_STREAMING
25.5193,31.0,10.0,21.0,23302.39,5497.4,17804.99,913.13,1.21,-0.5282,751.69,503.41,40.0,1500.0,757.67,779.52,0.2717,823.2,1251.01,164.64,1811.05,1.5197,0.1382,5.0715,3.0033,19.0,0.0,0.0,BENIGN_WEB
157.5158,510.0,75.0,435.0,704855.92,64242.33,640613.59,4474.83,3.24,-0.8177,1382.07,290.85,945.8,1500.0,1563.52,1583.71,0.535,9.36,6.14,1.87,20.6,0.6552,0.1621,3.6827,2.875,12.0,0.0,0.0,BENIGN_STREAMING
100.5339,2131.0,394.0,1737.0,2877097.63,187674.95,2689422.68,28618.2,21.2,-0.8695,1350.12,275.97,936.16,1500.0,1169.6,1379.78,0.4002,16.06,6.07,3.21,35.34,0.3778,0.1489,2.9103,2.9921,15.0,0.0,0.0,BENIGN_STREAMING
110.3446,2002.0,370.0,1632.0,2836809.99,207581.85,2629228.14,25708.65,18.14,-0.8537,1416.99,375.44,853.83,1500.0,1525.68,1533.71,0.2673,9.09,3.52,1.82,19.99,0.3876,0.1726,2.952,2.237,14.0,0.0,0.0,BENIGN_STREAMING
8.4968,75.0,26.0,49.0,50026.75,10257.15,39769.61,5887.75,8.83,-0.5899,667.02,483.72,40.0,1500.0,645.92,748.66,0.3681,113.29,85.57,22.66,249.24,0.7553,0.0963,3.7793,2.5766,15.0,0.0,0.0,BENIGN_WEB
6.216,55.0,20.0,35.0,42486.87,4220.34,38266.53,6835.08,8.85,-0.8013,772.49,357.98,235.51,1416.86,754.9,880.15,0.3008,113.02,133.84,22.6,248.64,1.1842,0.043,3.9269,2.8535,17.0,0.0,0.0,BENIGN_WEB
42.5605,710.0,129.0,581.0,980470.52,80297.79,900172.73,23037.1,16.68,-0.8362,1380.94,327.48,889.72,1500.0,1537.46,1476.72,0.4599,16.5,11.09,3.3,36.3,0.6721,0.0504,3.0438,2.3125,19.0,0.0,0.0,BENIGN_STREAMING
124.0158,1320.0,212.0,1108.0,1610130.53,132736.02,1477394.52,12983.27,10.64,-0.8351,1219.8,341.04,708.24,1500.0,1258.46,1314.23,0.5029,14.78,6.12,2.96,32.51,0.4145,0.1033,3.5921,2.8535,23.0,0.0,0.0,BENIGN_STREAMING
13.1947,19.0,7.0,12.0,19914.72,4352.17,15562.55,1509.29,1.44,-0.5629,1048.14,532.22,249.82,1500.0,1188.47,996.4,0.2208,694.46,520.81,138.89,1527.81,0.7499,0.0213,4.089,2.7918,11.0,0.0,0.0,BENIGN_WEB
27.2999,15.0,5.0,10.0,16182.55,2443.6,13738.96,592.77,0.55,-0.698,1078.84,447.99,406.85,1500.0,1056.64,1138.89,0.4773,1819.99,3034.84,364.0,4003.98,1.6675,0.1241,3.9433,2.1253,14.0,0.0,0.0,BENIGN_WEB
138.9782,1698.0,321.0,1377.0,2340564.39,189020.15,2151544.24,16841.23,12.22,-0.8385,1378.42,284.94,951.02,1500.0,1507.26,1551.98,0.5513,18.51,6.71,3.7,40.73,0.3627,0.0974,3.8544,2.848,22.0,0.0,0.0,BENIGN_STREAMING
26.8414,45.0,13.0,32.0,43586.14,6671.54,36914.6,1623.84,1.68,-0.6939,968.58,366.32,419.11,1500.0,1065.12,940.55,0.5581,596.48,832.42,119.3,1312.25,1.3956,0.0329,3.6658,2.4099,8.0,0.0,0.0,BENIGN_WEB
25.973,77.0,23.0,54.0,80773.07,18565.24,62207.83,3109.89,2.96,-0.5403,1049.0,422.58,415.12,1500.0,1017.88,935.49,0.5091,337.31,498.26,67.46,742.09,1.4772,0.0795,4.0364,2.608,13.0,0.0,0.0,BENIGN_WEB
17.8335,82.0,30.0,52.0,54363.5,15193.48,39170.02,3048.38,4.6,-0.441,662.97,445.35,40.0,1464.6,678.25,629.45,0.2389,217.48,379.13,43.5,478.46,1.7432,0.0812,4.4824,2.8779,18.0,0.0,0.0,BENIGN_WEB
4.687,59.0,22.0,37.0,61777.33,16036.22,45741.11,13180.58,12.59,-0.4808,1047.07,404.21,440.76,1500.0,1073.26,1125.21,0.3525,79.44,77.36,15.89,174.77,0.9738,0.0403,4.6336,2.9335,14.0,0.0,0.0,BENIGN_WEB
123.8381,1695.0,228.0,1467.0,2434851.29,229718.02,2205133.27,19661.56,13.69,-0.8113,1436.49,363.72,890.9,1500.0,1645.93,1226.59,0.5456,13.46,5.32,2.69,29.61,0.3953,0.1606,3.2781,2.3663,18.0,0.0,0.0,BENIGN_STREAMING
23.2779,83.0,25.0,58.0,80269.49,10663.97,69605.52,3448.31,3.57,-0.7343,967.1,553.9,136.25,1500.0,1057.98,932.95,0.3181,280.46,235.13,56.09,617.01,0.8384,0.0761,4.1334,2.5506,15.0,0.0,0.0,BENIGN_WEB
23.5804,56.0,19.0,37.0,49185.9,9381.89,39804.01,2085.88,2.37,-0.6185,878.32,408.36,265.78,1500.0,937.79,937.86,0.3403,421.08,337.49,84.22,926.37,0.8015,0.1354,3.7466,2.7996,16.0,0.0,0.0,BENIGN_WEB
4.6057,48.0,16.0,32.0,32537.08,5101.59,27435.49,7064.55,10.42,-0.6864,677.86,501.47,40.0,1500.0,725.82,582.03,0.5058,95.95,97.28,19.19,211.09,1.0138,0.0979,4.832,2.2285,20.0,0.0,0.0,BENIGN_WEB
21.908,52.0,21.0,31.0,44518.7,7856.24,36662.46,2032.07,2.37,-0.6471,856.13,395.29,263.19,1500.0,917.06,829.18,0.3426,421.31,581.15,84.26,926.88,1.3794,0.0613,4.1187,2.9194,16.0,0.0,0.0,BENIGN_WEB
83.0931,757.0,141.0,616.0,985059.45,36965.61,948093.84,11854.9,9.11,-0.9249,1301.27,414.43,679.63,1500.0,1256.97,1149.1,0.49,16.98,6.79,3.4,37.36,0.4,0.1616,3.6562,2.8641,15.0,0.0,0.0,BENIGN_STREAMING
139.0837,595.0,99.0,496.0,729583.55,63096.58,666486.98,5245.64,4.28,-0.827,1226.19,333.27,726.29,1500.0,1174.99,1078.69,0.4724,17.54,10.03,3.51,38.59,0.5717,0.0864,3.7403,2.6818,16.0,0.0,0.0,BENIGN_STREAMING
6.625,39.0,15.0,24.0,36997.03,5383.31,31613.72,5584.42,5.89,-0.709,948.64,566.73,98.54,1500.0,810.79,822.41,0.3325,169.87,256.7,33.97,373.72,1.5111,0.1187,4.5013,2.5333,16.0,0.0,0.0,BENIGN_WEB
151.1895,1739.0,317.0,1422.0,2172844.05,78996.26,2093847.79,14371.66,11.5,-0.9273,1249.48,392.98,660.01,1500.0,1434.7,1404.4,0.3354,21.19,8.37,4.24,46.63,0.3948,0.0781,2.9572,2.2904,13.0,0.0,0.0,BENIGN_STREAMING
58.3764,1626.0,203.0,1423.0,1974039.28,183734.76,1790304.52,33815.71,27.85,-0.8138,1214.05,262.36,820.5,1500.0,1244.74,1271.61,0.3984,18.19,7.87,3.64,40.02,0.4329,0.1637,3.8909,2.3915,17.0,0.0,0.0,BENIGN_STREAMING
144.8605,999.0,147.0,852.0,1311287.17,115721.13,1195566.04,9052.07,6.9,-0.8235,1312.6,340.54,801.8,1500.0,1473.88,1250.35,0.4379,22.74,12.83,4.55,50.03,0.5642,0.1699,3.5597,2.3385,22.0,0.0,0.0,BENIGN_STREAMING
23.4823,78.0,28.0,50.0,56994.85,11436.06,45558.8,2427.14,3.32,-0.5987,730.7,449.14,57.0,1500.0,641.82,720.23,0.4846,301.06,293.85,60.21,662.32,0.9761,0.052,4.1056,3.0739,20.0,0.0,0.0,BENIGN_WEB
12.2262,52.0,20.0,32.0,54526.49,14861.63,39664.86,4459.82,4.25,-0.4549,1048.59,528.87,255.28,1500.0,1163.92,895.16,0.6114,235.12,306.65,47.02,517.26,1.3042,0.0646,4.153,2.2928,9.0,0.0,0.0,BENIGN_WEB
38.1067,1622.0,250.0,1372.0,1966325.19,141076.18,1825249.01,51600.46,42.56,-0.8565,1212.28,311.44,745.12,1500.0,1254.69,1079.25,0.3011,27.89,12.0,5.58,61.36,0.4304,0.089,2.9677,2.4616,15.0,0.0,0.0,BENIGN_STREAMING
23.5929,81.0,33.0,48.0,73784.82,10830.85,62953.97,3127.42,3.43,-0.7064,910.92,540.19,100.63,1500.0,919.99,936.94,0.6083,291.27,377.13,58.25,640.79,1.2948,0.063,3.7701,2.7062,11.0,0.0,0.0,BENIGN_WEB
79.914,496.0,73.0,423.0,649525.99,45420.33,604105.65,8127.82,6.21,-0.8601,1309.53,342.09,796.39,1500.0,1475.31,1406.97,0.3928,8.67,5.42,1.73,19.06,0.6252,0.0531,2.9183,2.5866,21.0,0.0,0.0,BENIGN_STREAMING
23.9984,31.0,12.0,19.0,26898.89,5870.58,21028.31,1120.86,1.29,-0.5635,867.71,442.66,203.72,1500.0,963.5,971.11,0.5092,774.14,786.46,154.83,1703.12,1.0159,0.0906,4.6909,2.3559,10.0,0.0,0.0,BENIGN_WEB
112.2168,1543.0,274.0,1269.0,2119225.04,99502.66,2019722.39,18885.1,13.75,-0.9061,1373.44,330.6,877.54,1500.0,1232.66,1430.98,0.5137,9.43,5.31,1.89,20.76,0.5628,0.0918,2.9489,2.8242,19.0,0.0,0.0,BENIGN_STREAMING
26.77,84.0,33.0,51.0,69404.75,7681.37,61723.39,2592.63,3.14,-0.7787,826.25,560.45,40.0,1500.0,716.46,896.16,0.5124,318.69,388.89,63.74,701.12,1.2203,0.1134,3.7274,2.3735,8.0,0.0,0.0,BENIGN_WEB
8.751,72.0,25.0,47.0,48870.74,5927.75,42942.99,5584.57,8.23,-0.7574,678.76,505.2,40.0,1500.0,767.39,693.68,0.3513,121.54,139.68,24.31,267.39,1.1492,0.0227,5.0074,2.3872,19.0,0.0,0.0,BENIGN_WEB
96.6566,1164.0,228.0,936.0,1573130.95,148827.38,1424303.57,16275.47,12.04,-0.8108,1351.49,282.0,928.48,1500.0,1191.29,1431.49,0.4687,8.29,6.26,1.66,18.25,0.7543,0.1448,3.0989,2.5129,15.0,0.0,0.0,BENIGN_STREAMING
120.5744,1196.0,198.0,998.0,1576411.85,170614.98,1405796.87,13074.19,9.92,-0.7835,1318.07,276.54,903.26,1500.0,1355.66,1476.97,0.336,13.62,7.43,2.72,29.97,0.5451,0.0619,3.3165,2.8065,14.0,0.0,0.0,BENIGN_STREAMING
5.1663,39.0,11.0,28.0,35209.8,6449.12,28760.69,6815.27,7.55,-0.6337,902.82,499.1,154.17,1500.0,789.73,952.72,0.5699,132.47,220.74,26.49,291.43,1.6663,0.0211,4.0602,2.799,12.0,0.0,0.0,BENIGN_WEB
31.2494,77.0,28.0,49.0,67035.99,10330.78,56705.21,2145.2,2.46,-0.6918,870.6,484.67,143.6,1500.0,818.35,820.43,0.5256,405.84,578.79,81.17,892.84,1.4262,0.1381,4.9894,2.7223,20.0,0.0,0.0,BENIGN_WEB
2.0701,24.0,9.0,15.0,23017.78,6065.85,16951.93,11119.07,11.59,-0.4729,959.07,358.87,420.77,1500.0,919.99,857.31,0.5351,86.25,122.59,17.25,189.76,1.4213,0.052,4.6429,2.251,18.0,0.0,0.0,BENIGN_WEB
22.0995,23.0,7.0,16.0,22470.81,4937.8,17533.01,1016.8,1.04,-0.5605,976.99,556.19,142.7,1500.0,835.04,861.66,0.6021,960.85,1161.95,192.17,2113.87,1.2093,0.1202,4.1823,2.3571,9.0,0.0,0.0,BENIGN_WEB
152.7307,1671.0,330.0,1341.0,1973923.68,158104.84,1815818.83,12924.21,10.94,-0.8398,1181.28,295.17,738.52,1500.0,1045.0,1235.33,0.3038,25.69,11.94,5.14,56.51,0.4649,0.1294,3.7256,2.9436,15.0,0.0,0.0,BENIGN_STREAMING
19.6848,82.0,27.0,55.0,71649.36,7044.87,64604.49,3639.83,4.17,-0.8034,873.77,341.57,361.42,1488.6,824.71,988.58,0.2279,240.06,355.2,48.01,528.13,1.4796,0.093,4.2951,2.538,13.0,0.0,0.0,BENIGN_WEB
18.884,76.0,24.0,52.0,49626.48,9572.38,40054.1,2627.97,4.02,-0.6142,652.98,519.91,40.0,1500.0,619.2,687.17,0.3977,248.47,279.17,49.69,546.64,1.1235,0.0392,3.7337,2.1031,19.0,0.0,0.0,BENIGN_WEB
69.127,1577.0,202.0,1375.0,2207486.41,214917.6,1992568.82,31933.8,22.81,-0.8053,1399.8,414.01,778.79,1500.0,1388.98,1439.43,0.584,17.86,7.51,3.57,39.29,0.4203,0.0876,3.5981,2.508,18.0,0.0,0.0,BENIGN_STREAMING
22.6798,45.0,14.0,31.0,33774.76,3862.66,29912.11,1489.2,1.98,-0.7713,750.55,514.97,40.0,1500.0,745.86,772.42,0.3594,504.0,753.6,100.8,1108.79,1.4953,0.0201,4.3874,2.6414,20.0,0.0,0.0,BENIGN_WEB
31.1229,65.0,21.0,44.0,49703.76,8415.28,41288.48,1597.02,2.09,-0.6614,764.67,466.53,64.88,1500.0,721.83,845.53,0.2782,478.81,653.97,95.76,1053.39,1.3658,0.0572,4.661,2.3168,20.0,0.0,0.0,BENIGN_WEB
13.4173,63.0,18.0,45.0,60919.08,9441.21,51477.87,4540.34,4.7,-0.69,966.97,325.99,477.98,1500.0,875.56,899.06,0.3586,212.97,352.84,42.59,468.54,1.6567,0.0906,4.2124,2.7206,13.0,0.0,0.0,BENIGN_WEB
29.1749,84.0,25.0,59.0,82890.5,9257.06,73633.43,2841.16,2.88,-0.7766,986.79,487.51,255.52,1500.0,1074.81,975.58,0.2753,347.32,543.09,69.46,764.1,1.5636,0.1053,3.8338,2.9181,16.0,0.0,0.0,BENIGN_WEB
28.4054,75.0,23.0,52.0,66691.2,8156.95,58534.25,2347.84,2.64,-0.7554,889.22,344.6,372.31,1500.0,945.93,1009.98,0.4166,378.74,627.53,75.75,833.22,1.6569,0.0785,4.4383,2.6999,20.0,0.0,0.0,BENIGN_WEB
47.3864,861.0,157.0,704.0,1049502.06,36133.47,1013368.58,22147.75,18.17,-0.9311,1218.93,313.07,749.34,1500.0,1197.72,1202.75,0.4326,22.33,12.11,4.47,49.12,0.5426,0.0957,3.2975,2.8333,14.0,0.0,0.0,BENIGN_STREAMING
24.0516,38.0,15.0,23.0,32741.15,7726.37,25014.78,1361.29,1.58,-0.528,861.61,391.04,275.04,1500.0,792.38,807.89,0.3322,632.94,1068.5,126.59,1392.46,1.6882,0.1161,4.3524,2.2564,10.0,0.0,0.0,BENIGN_WEB
15.6317,52.0,15.0,37.0,38130.41,4825.68,33304.74,2439.3,3.33,-0.7469,733.28,573.2,40.0,1500.0,833.56,669.06,0.3536,300.61,393.54,60.12,661.34,1.3091,0.0615,4.6823,2.1858,12.0,0.0,0.0,BENIGN_WEB
22.4682,59.0,20.0,39.0,38134.42,5825.12,32309.31,1697.26,2.63,-0.6945,646.35,530.36,40.0,1500.0,563.63,641.75,0.181,380.82,510.15,76.16,837.8,1.3396,0.092,4.7817,2.8997,15.0,0.0,0.0,BENIGN_WEB
10.1052,24.0,8.0,16.0,22722.23,5308.44,17413.79,2248.56,2.38,-0.5328,946.76,528.81,153.54,1500.0,1034.04,957.8,0.4553,421.05,627.08,84.21,926.31,1.4893,0.0134,4.8974,2.7942,8.0,0.0,0.0,BENIGN_WEB
29.692,51.0,15.0,36.0,34971.83,7978.79,26993.05,1177.82,1.72,-0.5437,685.72,404.97,78.27,1414.66,659.08,728.08,0.264,582.2,596.52,116.44,1280.83,1.0246,0.0872,3.7152,2.1959,15.0,0.0,0.0,BENIGN_WEB
22.0668,382.0,55.0,327.0,527882.93,55375.2,472507.73,23922.02,17.31,-0.7902,1381.89,415.08,759.28,1500.0,1518.52,1195.04,0.4307,8.17,4.93,1.63,17.98,0.6033,0.1198,3.7617,2.8633,22.0,0.0,0.0,BENIGN_STREAMING
8.7432,18.0,7.0,11.0,17127.99,4151.84,12976.15,1959.02,2.06,-0.5152,951.56,328.27,459.15,1500.0,1011.19,960.17,0.2265,485.73,432.59,97.15,1068.61,0.8906,0.0884,4.7394,2.8822,15.0,0.0,0.0,BENIGN_WEB
15.5039,58.0,16.0,42.0,42657.78,8915.85,33741.93,2751.42,3.74,-0.582,735.48,402.75,131.35,1460.43,728.59,752.51,0.2121,267.31,348.13,53.46,588.08,1.3023,0.1387,4.7424,2.3683,15.0,0.0,0.0,BENIGN_WEB
27.0828,84.0,29.0,55.0,71218.32,9442.35,61775.97,2629.65,3.1,-0.7348,847.84,525.94,58.93,1500.0,802.43,784.82,0.4343,322.41,329.2,64.48,709.31,1.021,0.0321,4.4079,2.8727,11.0,0.0,0.0,BENIGN_WEB
24.4001,1563.0,328.0,1235.0,2174800.55,197999.96,1976800.59,89130.95,64.06,-0.8179,1391.43,275.06,978.83,1500.0,1289.36,1469.25,0.6154,7.73,4.98,1.55,17.01,0.6444,0.1133,3.7981,2.5691,23.0,0.0,0.0,BENIGN_STREAMING
45.8085,483.0,72.0,411.0,599830.51,61171.77,538658.74,13094.32,10.54,-0.796,1241.89,249.86,867.1,1500.0,1228.53,1055.92,0.4561,10.18,7.68,2.04,22.4,0.7546,0.0959,2.9797,2.7052,19.0,0.0,0.0,BENIGN_STREAMING
28.1507,21.0,6.0,15.0,14207.79,2925.11,11282.68,504.7,0.75,-0.5882,676.56,521.57,40.0,1500.0,579.63,744.8,0.5267,1340.51,1833.61,268.1,2949.12,1.3678,0.0965,4.9736,2.2385,16.0,0.0,0.0,BENIGN_WEB
29.8872,36.0,13.0,23.0,38184.38,9255.57,28928.81,1277.62,1.2,-0.5152,1060.68,487.98,328.7,1500.0,1170.36,1204.14,0.2064,830.2,1209.28,166.04,1826.44,1.4566,0.0335,4.4577,2.8932,13.0,0.0,0.0,BENIGN_WEB
13.2049,79.0,24.0,55.0,83917.17,18602.74,65314.44,6355.02,5.98,-0.5566,1062.24,417.13,436.54,1500.0,1041.56,982.63,0.4233,167.15,203.28,33.43,367.73,1.2162,0.0899,5.0562,2.3821,9.0,0.0,0.0,BENIGN_WEB
23.8891,61.0,21.0,40.0,44265.9,5775.08,38490.82,1852.97,2.55,-0.7391,725.67,557.68,40.0,1500.0,640.31,805.04,0.2526,391.62,401.01,78.32,861.57,1.024,0.1261,4.9892,2.6693,10.0,0.0,0.0,BENIGN_WEB
88.8714,1406.0,215.0,1191.0,1756325.11,130277.65,1626047.47,19762.54,15.82,-0.8516,1249.16,337.6,742.76,1500.0,1222.1,1121.45,0.3689,22.86,15.88,4.57,50.28,0.6947,0.0689,3.05,2.6081,21.0,0.0,0.0,BENIGN_STREAMING
9.5541,48.0,19.0,29.0,38954.21,5432.97,33521.25,4077.24,5.02,-0.7211,811.55,502.76,57.41,1500.0,869.4,873.7,0.3198,199.04,314.18,39.81,437.89,1.5785,0.0997,4.8539,2.3214,16.0,0.0,0.0,BENIGN_WEB
29.0135,43.0,12.0,31.0,36239.39,3502.01,32737.38,1249.05,1.48,-0.8067,842.78,439.08,184.16,1500.0,783.89,869.58,0.2182,674.73,988.65,134.95,1484.41,1.4653,0.0558,4.3689,2.5321,13.0,0.0,0.0,BENIGN_WEB
28.389,75.0,30.0,45.0,73242.76,8500.8,64741.97,2579.97,2.64,-0.7679,976.57,537.52,170.29,1500.0,1097.56,920.51,0.6167,378.52,654.66,75.7,832.75,1.7295,0.1307,4.1944,2.6727,18.0,0.0,0.0,BENIGN_WEB
80.8952,1741.0,261.0,1480.0,2370483.34,240567.58,2129915.77,29303.15,21.52,-0.797,1361.56,419.59,732.17,1500.0,1348.98,1320.85,0.319,26.47,19.45,5.29,58.24,0.7348,0.1626,3.2057,2.5349,11.0,0.0,0.0,BENIGN_STREAMING
91.2264,1969.0,287.0,1682.0,2736229.52,124351.98,2611877.54,29993.83,21.58,-0.9091,1389.65,412.2,771.36,1500.0,1266.37,1399.99,0.3213,13.11,5.04,2.62,28.85,0.3845,0.0509,3.5292,2.5215,16.0,0.0,0.0,BENIGN_STREAMING
86.4752,1909.0,276.0,1633.0,2553423.47,94389.03,2459034.44,29527.8,22.08,-0.9261,1337.57,304.36,881.04,1500.0,1480.26,1158.0,0.5224,12.44,5.21,2.49,27.37,0.4185,0.0603,3.7305,2.4098,16.0,0.0,0.0,BENIGN_STREAMING
5.4452,39.0,12.0,27.0,36070.9,8137.13,27933.77,6624.3,7.16,-0.5488,924.89,380.86,353.6,1500.0,921.61,812.42,0.4509,139.62,211.33,27.92,307.17,1.5136,0.1263,3.9784,2.8035,16.0,0.0,0.0,BENIGN_WEB
20.9168,32.0,10.0,22.0,31960.28,4035.5,27924.77,1527.97,1.53,-0.7475,998.76,528.98,205.29,1500.0,993.63,923.74,0.4227,653.65,906.25,130.73,1438.03,1.3864,0.0145,4.8655,2.4194,21.0,0.0,0.0,BENIGN_WEB
26.8197,34.0,11.0,23.0,27193.26,4433.59,22759.67,1013.93,1.27,-0.6739,799.8,554.29,40.0,1500.0,804.0,909.66,0.5672,788.82,697.16,157.76,1735.39,0.8838,0.0183,3.9185,2.4801,8.0,0.0,0.0,BENIGN_WEB
7.0861,76.0,26.0,50.0,70770.25,11318.0,59452.24,9987.16,10.73,-0.6801,931.19,455.05,248.61,1500.0,877.71,863.32,0.3356,93.24,147.0,18.65,205.12,1.5766,0.1,4.3783,2.8162,21.0,0.0,0.0,BENIGN_WEB
17.6191,35.0,13.0,22.0,32310.08,4336.13,27973.95,1833.81,1.99,-0.7316,923.15,531.23,126.3,1500.0,1019.33,1007.17,0.5473,503.4,489.56,100.68,1107.49,0.9725,0.043,3.9394,2.1231,19.0,0.0,0.0,BENIGN_WEB
26.0073,59.0,23.0,36.0,40180.32,4018.04,36162.28,1544.96,2.27,-0.8,681.02,453.7,40.0,1497.69,693.7,663.53,0.5417,440.8,512.16,88.16,969.77,1.1619,0.0681,5.0833,2.8289,12.0,0.0,0.0,BENIGN_WEB
111.238,1032.0,163.0,869.0,1440886.25,151305.22,1289581.04,12953.19,9.28,-0.79,1396.21,369.61,841.79,1500.0,1348.68,1547.74,0.3217,22.14,16.61,4.43,48.71,0.7503,0.1095,3.7389,2.4497,11.0,0.0,0.0,BENIGN_STREAMING
142.0292,666.0,106.0,560.0,801110.46,76906.54,724203.92,5640.46,4.69,-0.808,1202.87,279.55,783.55,1500.0,1178.72,1149.63,0.4509,13.5,7.76,2.7,29.71,0.5744,0.1692,2.9739,2.457,19.0,0.0,0.0,BENIGN_STREAMING
30.7633,77.0,26.0,51.0,72043.64,8890.56,63153.08,2341.87,2.5,-0.7532,935.63,406.9,325.29,1500.0,955.44,1017.96,0.4317,399.52,343.89,79.9,878.95,0.8607,0.0994,4.8617,2.4832,12.0,0.0,0.0,BENIGN_WEB
22.4912,60.0,24.0,36.0,59795.29,7557.14,52238.15,2658.61,2.67,-0.7472,996.59,363.4,451.49,1500.0,959.28,1132.77,0.5078,374.85,586.88,74.97,824.68,1.5656,0.1101,4.4319,3.0406,14.0,0.0,0.0,BENIGN_WEB
110.4641,1855.0,303.0,1552.0,2514381.13,104722.02,2409659.11,22761.98,16.79,-0.9167,1355.46,274.71,943.39,1500.0,1229.77,1493.8,0.2679,20.16,12.58,4.03,44.36,0.6238,0.1127,3.406,2.2472,18.0,0.0,0.0,BENIGN_STREAMING
88.6933,1932.0,413.0,1519.0,2537069.31,208664.63,2328404.67,28604.97,21.78,-0.8355,1313.18,242.1,950.04,1500.0,1316.25,1480.31,0.3865,22.26,7.94,4.45,48.96,0.3568,0.0761,3.3966,2.6414,20.0,0.0,0.0,BENIGN_STREAMING
138.8438,1486.0,271.0,1215.0,2000995.86,190316.67,1810679.18,14411.84,10.7,-0.8098,1346.57,301.05,894.99,1500.0,1376.8,1147.43,0.2333,15.56,10.55,3.11,34.23,0.6778,0.1118,3.7085,2.3408,13.0,0.0,0.0,BENIGN_STREAMING
17.959,61.0,22.0,39.0,60362.94,8765.14,51597.8,3361.15,3.4,-0.7096,989.56,495.85,245.78,1500.0,991.49,1126.89,0.2277,294.41,448.44,58.88,647.7,1.5232,0.0286,4.1289,2.9342,11.0,0.0,0.0,BENIGN_WEB
16.0755,27.0,8.0,19.0,21660.66,4152.68,17507.97,1347.43,1.68,-0.6166,802.25,421.77,169.59,1500.0,750.81,892.39,0.607,595.39,848.48,119.08,1309.86,1.4251,0.0917,4.5906,2.3347,15.0,0.0,0.0,BENIGN_WEB
29.6268,62.0,21.0,41.0,44137.45,11160.48,32976.97,1489.78,2.09,-0.4943,711.89,551.49,40.0,1500.0,772.15,724.66,0.5745,477.85,494.96,95.57,1051.27,1.0358,0.0834,4.5241,2.9466,16.0,0.0,0.0,BENIGN_WEB
29.3101,78.0,27.0,51.0,74571.19,21546.95,53024.23,2544.21,2.66,-0.4221,956.04,478.23,238.7,1500.0,1043.0,1083.03,0.3608,375.77,511.69,75.15,826.7,1.3617,0.0643,5.0935,2.9758,18.0,0.0,0.0,BENIGN_WEB
19.6842,63.0,25.0,38.0,47313.07,10726.12,36586.94,2403.61,3.2,-0.5466,751.0,330.57,255.14,1346.03,847.65,844.61,0.2284,312.45,514.56,62.49,687.38,1.6469,0.033,4.0194,2.4986,12.0,0.0,0.0,BENIGN_WEB
15.2564,22.0,7.0,15.0,22073.12,2479.12,19594.0,1446.81,1.44,-0.7754,1003.32,328.94,509.92,1500.0,875.82,896.39,0.4328,693.47,982.01,138.69,1525.64,1.4161,0.1321,3.6578,2.2342,13.0,0.0,0.0,BENIGN_WEB
25.0327,1009.0,207.0,802.0,1362286.89,108597.72,1253689.18,54420.29,40.31,-0.8406,1350.14,245.81,981.41,1500.0,1311.03,1176.67,0.547,11.25,4.06,2.25,24.74,0.3607,0.1572,3.1572,2.6523,18.0,0.0,0.0,BENIGN_STREAMING
75.1584,581.0,83.0,498.0,779939.13,30990.69,748948.44,10377.28,7.73,-0.9205,1342.41,284.59,915.53,1500.0,1414.37,1330.6,0.1802,15.81,12.13,3.16,34.79,0.7673,0.0833,3.5967,2.9946,13.0,0.0,0.0,BENIGN_STREAMING
11.563,82.0,31.0,51.0,77112.77,6957.36,70155.41,6668.94,7.09,-0.8196,940.4,394.95,347.97,1500.0,853.7,940.76,0.4359,141.01,148.46,28.2,310.23,1.0528,0.0229,4.2623,3.067,14.0,0.0,0.0,BENIGN_WEB
123.134,1564.0,190.0,1374.0,2192179.55,70784.7,2121394.85,17803.2,12.7,-0.9354,1401.65,281.79,978.96,1500.0,1517.3,1316.51,0.2182,26.11,14.27,5.22,57.44,0.5467,0.0859,3.0978,2.2489,22.0,0.0,0.0,BENIGN_STREAMING
12.7358,30.0,11.0,19.0,20522.84,3487.08,17035.75,1611.43,2.36,-0.6602,684.09,510.78,40.0,1500.0,756.97,716.45,0.6166,424.53,523.28,84.91,933.96,1.2326,0.0937,4.0918,2.5383,19.0,0.0,0.0,BENIGN_WEB
1.912,58.0,23.0,35.0,37298.63,7132.72,30165.91,19507.84,30.34,-0.6175,643.08,565.85,40.0,1500.0,721.62,705.28,0.4956,32.97,35.74,6.59,72.52,1.0843,0.0201,4.8871,2.654,8.0,0.0,0.0,BENIGN_WEB
123.0474,2156.0,350.0,1806.0,2635061.0,249499.01,2385561.99,21415.01,17.52,-0.8106,1222.2,390.68,636.18,1500.0,1152.02,1247.49,0.2141,9.65,4.34,1.93,21.23,0.45,0.1789,3.5178,2.2584,15.0,0.0,0.0,BENIGN_STREAMING
26.3547,28.0,8.0,20.0,23417.81,6723.37,16694.44,888.56,1.06,-0.4258,836.35,385.59,257.97,1500.0,850.34,873.34,0.1834,941.24,1289.71,188.25,2070.73,1.3702,0.1125,4.5177,2.7491,18.0,0.0,0.0,BENIGN_WEB
71.0627,974.0,151.0,823.0,1161901.38,103644.77,1058256.61,16350.37,13.71,-0.8216,1192.92,315.51,719.65,1500.0,1045.88,1322.71,0.3702,15.46,6.86,3.09,34.0,0.4438,0.1093,3.3442,2.8369,17.0,0.0,0.0,BENIGN_STREAMING
138.4415,535.0,83.0,452.0,699204.99,18585.26,680619.74,5050.54,3.86,-0.9468,1306.93,389.76,722.28,1500.0,1381.13,1239.3,0.6154,16.45,12.67,3.29,36.2,0.77,0.1498,3.3746,2.3176,14.0,0.0,0.0,BENIGN_STREAMING
26.3989,48.0,15.0,33.0,40015.72,9618.5,30397.22,1515.81,1.82,-0.5193,833.66,321.85,350.88,1413.0,774.73,943.09,0.3311,549.98,661.14,110.0,1209.95,1.2021,0.1147,4.6188,2.714,17.0,0.0,0.0,BENIGN_WEB
11.3487,71.0,23.0,48.0,69997.05,12505.66,57491.4,6167.87,6.26,-0.6427,985.87,399.29,386.94,1500.0,910.42,1129.4,0.3843,159.84,162.44,31.97,351.65,1.0162,0.0477,4.1011,2.558,19.0,0.0,0.0,BENIGN_WEB
7.5132,84.0,31.0,53.0,55305.46,8519.17,46786.29,7361.07,11.18,-0.6919,658.4,566.91,40.0,1500.0,719.92,591.97,0.5765,89.44,84.0,17.89,196.78,0.9392,0.0176,3.8573,2.784,20.0,0.0,0.0,BENIGN_WEB
17.6172,47.0,13.0,34.0,34887.36,6327.14,28560.22,1980.3,2.67,-0.6373,742.28,344.07,226.18,1361.61,706.87,772.63,0.2145,374.83,395.47,74.97,824.64,1.0551,0.1334,3.8416,2.4525,8.0,0.0,0.0,BENIGN_WEB
30.412,25.0,7.0,18.0,17344.1,3904.67,13439.43,570.3,0.82,-0.5497,693.76,395.61,100.34,1405.87,722.53,686.98,0.2838,1216.48,1491.33,243.3,2676.26,1.2259,0.0244,4.3766,2.9563,13.0,0.0,0.0,BENIGN_WEB
20.3402,65.0,23.0,42.0,60616.2,13881.31,46734.89,2980.12,3.2,-0.542,932.56,502.22,179.23,1500.0,1014.32,844.52,0.3732,312.93,276.79,62.59,688.44,0.8845,0.0494,4.5368,2.4061,8.0,0.0,0.0,BENIGN_WEB
22.516,24.0,7.0,17.0,24992.13,6130.57,18861.56,1109.97,1.07,-0.5094,1041.34,412.89,422.01,1500.0,1160.25,1011.47,0.5702,938.16,1513.1,187.63,2063.96,1.6128,0.1134,4.5602,3.0286,13.0,0.0,0.0,BENIGN_WEB
7.7243,56.0,18.0,38.0,38925.8,4675.98,34249.82,5039.39,7.25,-0.7597,695.1,352.5,166.36,1329.6,759.62,649.57,0.3694,137.93,240.15,27.59,303.45,1.7411,0.0413,3.8015,2.2106,18.0,0.0,0.0,BENIGN_WEB
31.0041,43.0,16.0,27.0,28767.82,5080.71,23687.11,927.87,1.39,-0.6468,669.02,524.43,40.0,1500.0,759.37,732.4,0.442,721.03,849.85,144.21,1586.26,1.1787,0.078,3.7652,2.3459,16.0,0.0,0.0,BENIGN_WEB
127.6315,2047.0,347.0,1700.0,2912439.87,190994.82,2721445.05,22819.14,16.04,-0.8688,1422.78,253.43,1042.64,1500.0,1596.59,1251.96,0.5158,25.24,14.43,5.05,55.53,0.5717,0.1042,3.3417,2.8754,19.0,0.0,0.0,BENIGN_STREAMING
155.9495,877.0,187.0,690.0,1127501.62,107302.5,1020199.12,7229.92,5.62,-0.8097,1285.63,263.92,889.76,1500.0,1418.9,1095.07,0.2548,13.62,10.13,2.72,29.96,0.7441,0.128,3.1904,2.7299,13.0,0.0,0.0,BENIGN_STREAMING
25.7787,57.0,20.0,37.0,42629.6,9259.23,33370.37,1653.68,2.21,-0.5656,747.89,421.12,116.21,1500.0,651.08,823.94,0.1801,452.26,640.08,90.45,994.97,1.4153,0.1173,4.4971,2.828,15.0,0.0,0.0,BENIGN_WEB
18.1485,45.0,17.0,28.0,38388.06,10631.84,27756.22,2115.22,2.48,-0.4461,853.07,377.36,287.03,1500.0,826.41,907.88,0.2807,403.3,635.22,80.66,887.26,1.5751,0.0653,4.7526,3.058,17.0,0.0,0.0,BENIGN_WEB
4.6194,26.0,10.0,16.0,24784.35,4480.46,20303.89,5365.29,5.63,-0.6384,953.24,416.5,328.5,1500.0,979.53,853.28,0.2889,177.67,294.14,35.53,390.87,1.6555,0.0134,3.9523,2.8021,19.0,0.0,0.0,BENIGN_WEB
4.6059,42.0,14.0,28.0,40099.23,6747.06,33352.17,8705.98,9.12,-0.6635,954.74,508.2,192.44,1500.0,909.25,1030.37,0.2798,109.67,103.4,21.93,241.26,0.9429,0.1164,4.4547,2.9941,15.0,0.0,0.0,BENIGN_WEB
24.4165,69.0,20.0,49.0,57797.06,7853.96,49943.11,2367.13,2.83,-0.7282,837.64,353.34,307.62,1473.66,736.86,919.43,0.2038,353.86,460.41,70.77,778.5,1.3011,0.0283,3.9831,2.2468,11.0,0.0,0.0,BENIGN_WEB
22.9292,60.0,19.0,41.0,45667.75,6086.95,39580.8,1991.68,2.62,-0.7334,761.13,521.42,40.0,1500.0,775.92,874.69,0.2829,382.15,647.29,76.43,840.74,1.6938,0.0208,4.0994,3.0214,16.0,0.0,0.0,BENIGN_WEB
97.5687,1972.0,276.0,1696.0,2815154.19,140685.03,2674469.16,28853.06,20.21,-0.9001,1427.56,275.58,1014.2,1500.0,1528.46,1329.69,0.3653,25.81,19.35,5.16,56.78,0.7498,0.1102,3.7721,2.3303,12.0,0.0,0.0,BENIGN_STREAMING
132.1518,597.0,84.0,513.0,739736.58,69152.95,670583.63,5597.63,4.52,-0.813,1239.09,247.0,868.6,1500.0,1199.01,1398.7,0.5085,10.61,7.89,2.12,23.34,0.7437,0.1153,2.916,2.4487,11.0,0.0,0.0,BENIGN_STREAMING
13.2163,35.0,11.0,24.0,28058.52,4942.6,23115.92,2123.03,2.65,-0.6477,801.67,442.32,138.2,1500.0,771.17,822.02,0.3519,377.61,375.19,75.52,830.74,0.9936,0.0323,3.7065,2.9722,21.0,0.0,0.0,BENIGN_WEB
22.5743,65.0,21.0,44.0,54070.41,10876.55,43193.86,2395.22,2.88,-0.5977,831.85,560.92,40.0,1500.0,707.9,940.8,0.6072,347.3,441.43,69.46,764.05,1.271,0.1076,3.6896,3.0222,9.0,0.0,0.0,BENIGN_WEB
13.5738,29.0,11.0,18.0,28383.14,3605.79,24777.35,2091.02,2.14,-0.7459,978.73,548.82,155.5,1500.0,1067.39,1035.4,0.4171,468.06,366.89,93.61,1029.74,0.7838,0.0285,4.3952,2.269,20.0,0.0,0.0,BENIGN_WEB
17.7392,66.0,19.0,47.0,66872.7,16105.45,50767.26,3769.77,3.72,-0.5183,1013.22,479.98,293.25,1500.0,1134.92,1115.34,0.4868,268.78,293.42,53.76,591.31,1.0917,0.115,4.6001,2.4007,8.0,0.0,0.0,BENIGN_WEB
20.9446,72.0,21.0,51.0,57791.89,14443.71,43348.19,2759.27,3.44,-0.5001,802.67,539.81,40.0,1500.0,893.2,858.42,0.5198,290.9,474.29,58.18,639.97,1.6304,0.1133,4.3164,2.6848,16.0,0.0,0.0,BENIGN_WEB
27.8322,18.0,5.0,13.0,14447.78,1968.48,12479.3,519.1,0.65,-0.7275,802.65,561.99,40.0,1500.0,836.47,866.66,0.4746,1546.23,2260.77,309.25,3401.71,1.4621,0.0552,4.8181,2.6574,17.0,0.0,0.0,BENIGN_WEB
10.8701,36.0,13.0,23.0,32295.56,5963.29,26332.26,2971.04,3.31,-0.6307,897.1,458.89,208.76,1500.0,1030.35,794.55,0.4205,301.95,415.25,60.39,664.29,1.3752,0.0124,4.7861,2.6918,10.0,0.0,0.0,BENIGN_WEB
147.3268,924.0,194.0,730.0,1194095.43,91911.74,1102183.7,8105.08,6.27,-0.8461,1292.31,386.37,712.75,1500.0,1198.45,1204.22,0.2965,9.76,5.61,1.95,21.48,0.5745,0.1494,3.6862,2.5638,14.0,0.0,0.0,BENIGN_STREAMING
120.4208,1076.0,214.0,862.0,1316303.17,123652.07,1192651.1,10930.86,8.94,-0.8121,1223.33,354.08,692.21,1500.0,1132.89,1133.05,0.5015,8.56,3.56,1.71,18.82,0.4155,0.1033,3.2961,2.2001,11.0,0.0,0.0,BENIGN_STREAMING
14.7776,78.0,29.0,49.0,63316.3,12063.42,51252.89,4284.6,5.28,-0.6189,811.75,452.12,133.56,1500.0,757.26,833.77,0.4306,189.46,158.44,37.89,416.81,0.8363,0.0981,4.5714,2.7026,11.0,0.0,0.0,BENIGN_WEB
19.3448,45.0,13.0,32.0,40020.51,4988.0,35032.52,2068.8,2.33,-0.7507,889.34,366.86,339.06,1500.0,852.61,874.28,0.5161,429.88,394.29,85.98,945.75,0.9172,0.0704,4.4936,2.7668,12.0,0.0,0.0,BENIGN_WEB
108.4872,1642.0,323.0,1319.0,2118044.17,140826.93,1977217.24,19523.45,15.14,-0.867,1289.92,375.83,726.17,1500.0,1475.23,1311.03,0.3143,14.35,5.47,2.87,31.57,0.381,0.074,3.4125,2.4204,10.0,0.0,0.0,BENIGN_STREAMING
109.2978,2007.0,271.0,1736.0,2534322.36,131033.72,2403288.64,23187.32,18.36,-0.8966,1262.74,292.53,823.94,1500.0,1340.55,1102.57,0.4192,12.57,6.01,2.51,27.66,0.4782,0.0995,3.5708,2.3694,11.0,0.0,0.0,BENIGN_STREAMING
69.0704,1731.0,353.0,1378.0,2426288.56,121482.65,2304805.91,35127.74,25.06,-0.8999,1401.67,261.16,1009.92,1500.0,1337.43,1562.05,0.2097,11.39,5.33,2.28,25.07,0.4682,0.1396,3.0647,2.4875,12.0,0.0,0.0,BENIGN_STREAMING
30.8052,61.0,20.0,41.0,39328.93,6146.34,33182.59,1276.7,1.98,-0.6874,644.74,482.41,40.0,1500.0,646.75,731.78,0.3448,505.0,665.67,101.0,1111.01,1.3182,0.0416,4.888,2.3922,11.0,0.0,0.0,BENIGN_WEB
101.5645,983.0,158.0,825.0,1200834.48,109675.13,1091159.35,11823.37,9.68,-0.8173,1221.6,381.64,649.13,1500.0,1130.19,1219.51,0.4151,15.94,11.19,3.19,35.06,0.702,0.1142,3.3333,2.2769,21.0,0.0,0.0,BENIGN_STREAMING
12.8263,72.0,29.0,43.0,45070.71,7844.31,37226.41,3513.93,5.61,-0.6519,625.98,345.59,107.6,1248.04,661.08,712.51,0.4577,178.14,223.74,35.63,391.91,1.256,0.1319,4.1914,2.9239,13.0,0.0,0.0,BENIGN_WEB
59.7727,1791.0,226.0,1565.0,2527887.54,112525.55,2415362.0,42291.68,29.96,-0.911,1411.44,371.02,854.9,1500.0,1312.67,1286.04,0.4561,17.4,10.35,3.48,38.28,0.5952,0.1731,3.8705,2.4898,22.0,0.0,0.0,BENIGN_STREAMING
2.1135,66.0,19.0,47.0,53142.06,12446.44,40695.62,25144.1,31.23,-0.5316,805.18,498.75,57.05,1500.0,740.25,888.43,0.3706,32.02,36.17,6.4,70.45,1.1295,0.0736,4.6565,2.6083,18.0,0.0,0.0,BENIGN_WEB
26.8329,1938.0,413.0,1525.0,2360016.11,126375.69,2233640.42,87952.19,72.22,-0.8929,1217.76,277.08,802.13,1500.0,1205.11,1330.57,0.2939,18.84,14.52,3.77,41.45,0.7706,0.1518,3.1905,2.7566,10.0,0.0,0.0,BENIGN_STREAMING
104.3185,2026.0,359.0,1667.0,2580765.31,66655.54,2514109.77,24739.28,19.42,-0.9483,1273.82,331.01,777.3,1500.0,1460.37,1349.35,0.3026,25.33,13.22,5.07,55.72,0.5218,0.1627,3.6208,2.9401,18.0,0.0,0.0,BENIGN_STREAMING
5.1825,29.0,8.0,21.0,30581.33,5066.86,25514.48,5900.92,5.6,-0.6686,1054.53,342.36,540.99,1500.0,978.9,926.72,0.5579,178.71,299.93,35.74,393.15,1.6784,0.1277,4.888,2.7614,17.0,0.0,0.0,BENIGN_WEB
3.4128,36.0,13.0,23.0,28250.68,6060.14,22190.53,8277.96,10.55,-0.571,784.74,412.51,165.98,1500.0,702.34,697.64,0.3979,94.8,146.5,18.96,208.56,1.5454,0.1032,4.6965,2.8518,17.0,0.0,0.0,BENIGN_WEB
19.1024,39.0,11.0,28.0,30341.11,6803.68,23537.42,1588.34,2.04,-0.5515,777.98,462.36,84.43,1500.0,726.02,730.28,0.6157,489.81,842.39,97.96,1077.57,1.7198,0.0535,4.8962,2.3764,11.0,0.0,0.0,BENIGN_WEB
18.9574,84.0,26.0,58.0,77517.4,17548.84,59968.56,4089.04,4.43,-0.5472,922.83,337.76,416.18,1500.0,880.74,983.15,0.617,225.68,178.32,45.14,496.5,0.7901,0.0773,3.7779,2.2345,15.0,0.0,0.0,BENIGN_WEB
39.8107,1727.0,379.0,1348.0,2217225.76,228191.68,1989034.09,55694.24,43.38,-0.7942,1283.86,251.32,906.88,1500.0,1374.13,1313.49,0.1844,24.83,11.83,4.97,54.63,0.4764,0.0804,3.6137,2.7133,13.0,0.0,0.0,BENIGN_STREAMING
17.3522,18.0,6.0,12.0,11239.76,2257.0,8982.76,647.74,1.04,-0.5984,624.43,437.78,40.0,1412.43,560.38,677.75,0.3238,964.01,692.9,192.8,2120.83,0.7188,0.1367,4.0423,2.1703,20.0,0.0,0.0,BENIGN_WEB
44.3605,2091.0,319.0,1772.0,2903867.38,206522.73,2697344.65,65460.63,47.14,-0.8578,1388.75,394.47,797.04,1500.0,1361.9,1249.22,0.5726,13.21,7.17,2.64,29.07,0.5424,0.1011,3.47,2.8835,22.0,0.0,0.0,BENIGN_STREAMING
16.3865,73.0,21.0,52.0,71002.69,16530.18,54472.5,4333.01,4.45,-0.5344,972.64,550.99,146.15,1500.0,979.71,876.92,0.6002,224.47,323.24,44.89,493.84,1.44,0.095,4.9088,2.7256,13.0,0.0,0.0,BENIGN_WEB
67.9873,1945.0,395.0,1550.0,2681564.02,286263.53,2395300.49,39442.16,28.61,-0.7865,1378.7,294.92,936.32,1500.0,1379.13,1367.8,0.3099,10.51,5.55,2.1,23.13,0.5282,0.0505,3.2606,2.7107,20.0,0.0,0.0,BENIGN_STREAMING
24.4288,47.0,18.0,29.0,47835.68,9522.12,38313.56,1958.16,1.92,-0.6019,1017.78,474.43,306.14,1500.0,946.48,1018.16,0.519,519.76,715.6,103.95,1143.48,1.3768,0.0792,4.7866,2.2998,11.0,0.0,0.0,BENIGN_WEB
157.2881,823.0,154.0,669.0,1153584.77,71153.6,1082431.17,7334.22,5.23,-0.8766,1401.68,389.8,816.99,1500.0,1509.44,1226.12,0.5591,20.8,9.06,4.16,45.77,0.4355,0.1021,3.1596,2.2382,14.0,0.0,0.0,BENIGN_STREAMING
31.6892,1234.0,237.0,997.0,1458998.56,122372.91,1336625.65,46040.83,38.94,-0.8323,1182.33,396.18,588.07,1500.0,1093.33,1095.99,0.4736,8.08,3.55,1.62,17.77,0.44,0.1094,3.7974,2.9961,11.0,0.0,0.0,BENIGN_STREAMING
26.6118,1966.0,410.0,1556.0,2622614.64,227193.1,2395421.55,98550.74,73.88,-0.8267,1333.99,350.41,808.38,1500.0,1146.13,1221.46,0.3272,6.69,3.69,1.34,14.72,0.5519,0.1137,3.3497,2.8827,23.0,0.0,0.0,BENIGN_STREAMING
20.4286,69.0,19.0,50.0,56810.24,11404.49,45405.75,2780.91,3.38,-0.5985,823.34,510.73,57.24,1500.0,783.98,930.44,0.5307,296.07,499.38,59.21,651.35,1.6867,0.1281,5.0342,2.4727,9.0,0.0,0.0,BENIGN_WEB
78.5898,1364.0,218.0,1146.0,1804445.29,88538.83,1715906.45,22960.3,17.36,-0.9019,1322.91,244.97,955.46,1500.0,1403.87,1360.75,0.5958,12.12,4.72,2.42,26.66,0.3894,0.0988,3.5869,2.5439,22.0,0.0,0.0,BENIGN_STREAMING
42.1046,1823.0,228.0,1595.0,2357766.9,163399.55,2194367.35,55997.82,43.3,-0.8614,1293.34,280.54,872.54,1500.0,1208.47,1333.43,0.3192,9.15,3.65,1.83,20.12,0.3994,0.1198,3.2757,2.8154,19.0,0.0,0.0,BENIGN_STREAMING
30.5055,24.0,9.0,15.0,17598.02,4465.62,13132.39,576.88,0.79,-0.4925,733.25,505.63,40.0,1500.0,777.24,697.06,0.3266,1271.06,1612.85,254.21,2796.34,1.2689,0.0462,4.8519,2.1129,8.0,0.0,0.0,BENIGN_WEB
15.9396,39.0,11.0,28.0,38542.62,5771.38,32771.24,2418.05,2.45,-0.7005,988.27,352.54,459.47,1500.0,1077.01,1005.0,0.4642,408.71,411.94,81.74,899.16,1.0079,0.0927,4.9815,2.131,17.0,0.0,0.0,BENIGN_WEB
91.5044,828.0,177.0,651.0,1067863.93,97830.53,970033.4,11670.08,9.05,-0.8168,1289.69,250.31,914.23,1500.0,1140.61,1199.88,0.193,7.8,5.37,1.56,17.16,0.6881,0.0728,3.1602,2.9418,11.0,0.0,0.0,BENIGN_STREAMING
28.0647,65.0,23.0,42.0,61084.73,9506.99,51577.73,2176.57,2.32,-0.6887,939.77,511.24,172.91,1500.0,1056.94,1011.7,0.2673,431.76,674.58,86.35,949.88,1.5624,0.0621,4.688,2.8237,17.0,0.0,0.0,BENIGN_WEB
22.5448,73.0,30.0,43.0,55679.65,11553.14,44126.51,2469.74,3.24,-0.585,762.73,505.11,40.0,1500.0,723.17,670.69,0.2487,308.83,485.97,61.77,679.43,1.5736,0.0355,5.0709,2.1397,16.0,0.0,0.0,BENIGN_WEB
126.3962,1448.0,186.0,1262.0,1876554.17,55908.05,1820646.12,14846.6,11.46,-0.9404,1295.96,389.45,711.78,1500.0,1209.49,1236.93,0.1974,16.18,6.22,3.24,35.59,0.3845,0.1736,3.1312,2.3885,10.0,0.0,0.0,BENIGN_STREAMING
157.5499,1750.0,286.0,1464.0,2148417.67,219550.19,1928867.48,13636.43,11.11,-0.7956,1227.67,347.39,706.58,1500.0,1099.27,1203.89,0.5625,9.72,6.17,1.94,21.38,0.6346,0.1267,3.265,2.946,20.0,0.0,0.0,BENIGN_STREAMING
6.5652,48.0,16.0,32.0,41451.94,5255.33,36196.61,6313.89,7.31,-0.7464,863.58,476.65,148.61,1500.0,850.4,854.18,0.4781,136.77,105.46,27.35,300.9,0.7711,0.0192,4.1934,2.6036,16.0,0.0,0.0,BENIGN_WEB
11.5989,42.0,16.0,26.0,45341.64,9446.93,35894.71,3909.13,3.62,-0.5833,1079.56,569.29,225.63,1500.0,1230.88,1045.3,0.4263,276.16,422.51,55.23,607.56,1.5299,0.1363,3.9011,3.0606,14.0,0.0,0.0,BENIGN_WEB
30.1542,68.0,23.0,45.0,50999.97,11282.36,39717.61,1691.31,2.26,-0.5576,750.0,437.4,93.9,1500.0,638.17,666.94,0.2561,443.44,512.09,88.69,975.58,1.1548,0.0651,4.3209,2.5685,14.0,0.0,0.0,BENIGN_WEB
23.429,63.0,20.0,43.0,40435.41,5193.55,35241.86,1725.87,2.69,-0.7431,641.83,542.66,40.0,1500.0,634.4,571.48,0.2573,371.89,538.68,74.38,818.15,1.4485,0.0407,3.8844,2.9572,16.0,0.0,0.0,BENIGN_WEB
19.1591,74.0,21.0,53.0,48601.34,11224.73,37376.62,2536.73,3.86,-0.5381,656.77,426.05,40.0,1423.67,688.49,655.38,0.3978,258.91,314.2,51.78,569.59,1.2135,0.0219,5.0453,2.4305,21.0,0.0,0.0,BENIGN_WEB
11.9325,47.0,16.0,31.0,36799.83,3864.39,32935.44,3083.99,3.94,-0.79,782.98,427.64,141.51,1500.0,778.97,847.8,0.5216,253.88,189.47,50.78,558.54,0.7463,0.1134,4.4164,2.2688,10.0,0.0,0.0,BENIGN_WEB
23.4753,63.0,19.0,44.0,47277.51,4629.97,42647.54,2013.92,2.68,-0.8041,750.44,506.5,40.0,1500.0,843.69,767.66,0.3855,372.62,509.76,74.52,819.77,1.368,0.0421,3.9463,2.583,8.0,0.0,0.0,BENIGN_WEB
2.4812,56.0,18.0,38.0,50453.04,4740.9,45712.14,20333.81,22.57,-0.8121,900.95,489.36,166.91,1500.0,952.54,1030.21,0.2605,44.31,54.37,8.86,97.48,1.2271,0.0978,4.5792,2.9942,18.0,0.0,0.0,BENIGN_WEB
66.0244,649.0,138.0,511.0,923530.26,100175.62,823354.63,13987.71,9.83,-0.7831,1423.01,395.0,830.5,1500.0,1244.92,1372.05,0.5111,7.98,5.45,1.6,17.56,0.6832,0.0922,3.0066,2.2041,17.0,0.0,0.0,BENIGN_STREAMING
29.375,34.0,11.0,23.0,32916.55,6983.08,25933.47,1120.57,1.16,-0.5757,968.13,450.43,292.5,1500.0,1081.46,1088.22,0.2984,863.97,1342.12,172.79,1900.73,1.5534,0.0943,5.0486,2.8401,14.0,0.0,0.0,BENIGN_WEB
5.6087,75.0,22.0,53.0,68195.55,8700.4,59495.16,12158.8,13.37,-0.7448,909.27,469.68,204.75,1500.0,857.19,896.61,0.4805,74.78,66.77,14.96,164.52,0.8928,0.1281,4.3885,3.0367,9.0,0.0,0.0,BENIGN_WEB
113.2139,907.0,156.0,751.0,1260254.33,68911.69,1191342.64,11131.62,8.01,-0.8906,1389.48,292.71,950.41,1500.0,1478.12,1434.22,0.6093,20.03,11.16,4.01,44.06,0.5574,0.1007,3.8414,2.8681,20.0,0.0,0.0,BENIGN_STREAMING
2.0123,30.0,11.0,19.0,30447.14,6124.83,24322.32,15130.34,14.91,-0.5977,1014.9,334.0,513.91,1500.0,980.46,984.26,0.3946,67.08,80.77,13.42,147.57,1.2041,0.1371,4.4104,2.3705,20.0,0.0,0.0,BENIGN_WEB
24.7433,21.0,6.0,15.0,18921.37,2110.86,16810.51,764.71,0.85,-0.7769,901.02,565.32,53.04,1500.0,998.96,927.77,0.4047,1178.25,1221.7,235.65,2592.16,1.0369,0.0326,4.2812,2.9454,21.0,0.0,0.0,BENIGN_WEB
135.337,1419.0,253.0,1166.0,1753412.4,60103.07,1693309.33,12955.9,10.48,-0.9314,1235.67,249.44,861.51,1500.0,1263.29,1254.96,0.1968,24.03,14.32,4.81,52.86,0.5961,0.0628,2.9451,2.6643,10.0,0.0,0.0,BENIGN_STREAMING
68.9452,2058.0,366.0,1692.0,2493276.78,221826.5,2271450.28,36163.14,29.85,-0.8221,1211.5,252.28,833.09,1500.0,1037.34,1344.65,0.5507,8.42,6.05,1.68,18.52,0.7193,0.1598,3.2419,2.3992,10.0,0.0,0.0,BENIGN_STREAMING
7.2476,82.0,28.0,54.0,55301.06,6756.77,48544.29,7630.23,11.31,-0.7556,674.4,562.8,40.0,1500.0,580.89,727.93,0.3407,88.39,101.37,17.68,194.45,1.1469,0.1123,4.2082,2.8875,11.0,0.0,0.0,BENIGN_WEB
50.1718,1445.0,297.0,1148.0,1865045.92,167324.03,1697721.89,37173.16,28.8,-0.8206,1290.69,341.6,778.29,1500.0,1195.26,1337.48,0.4502,26.85,17.51,5.37,59.06,0.6522,0.1414,3.1202,2.2544,18.0,0.0,0.0,BENIGN_STREAMING
110.6998,391.0,70.0,321.0,482985.27,46431.9,436553.37,4363.02,3.53,-0.8077,1235.26,325.19,747.47,1500.0,1203.0,1303.27,0.2177,13.51,9.85,2.7,29.73,0.7291,0.066,3.0201,2.3686,17.0,0.0,0.0,BENIGN_STREAMING
3.7387,54.0,21.0,33.0,37754.8,8372.2,29382.6,10098.45,14.44,-0.5565,699.16,561.02,40.0,1500.0,702.85,718.59,0.2977,69.23,79.32,13.85,152.32,1.1457,0.1065,4.3636,2.2832,21.0,0.0,0.0,BENIGN_WEB
108.5737,970.0,153.0,817.0,1268708.12,95563.02,1173145.1,11685.22,8.93,-0.8494,1307.95,368.01,755.93,1500.0,1349.98,1210.97,0.4466,21.34,12.65,4.27,46.94,0.593,0.1513,3.121,2.9834,16.0,0.0,0.0,BENIGN_STREAMING
7.2752,64.0,22.0,42.0,68044.98,16435.15,51609.83,9352.96,8.8,-0.5169,1063.2,322.14,579.99,1500.0,1134.84,1076.4,0.3341,113.68,138.15,22.74,250.09,1.2153,0.0347,5.0903,2.2817,15.0,0.0,0.0,BENIGN_WEB
19.5132,43.0,15.0,28.0,39508.49,5454.12,34054.36,2024.71,2.2,-0.7239,918.8,513.42,148.67,1500.0,1004.55,841.88,0.5716,453.8,777.67,90.76,998.35,1.7137,0.0536,4.1479,3.0433,13.0,0.0,0.0,BENIGN_WEB
24.5736,19.0,7.0,12.0,19224.19,2790.71,16433.48,782.31,0.77,-0.7097,1011.8,404.55,404.98,1500.0,1150.93,977.17,0.5331,1293.35,2239.72,258.67,2845.36,1.7317,0.124,4.6984,2.8175,19.0,0.0,0.0,BENIGN_WEB
12.0338,31.0,10.0,21.0,32809.44,5831.69,26977.75,2726.44,2.58,-0.6445,1058.37,412.53,439.57,1500.0,1078.57,1205.24,0.432,388.19,598.01,77.64,854.01,1.5405,0.0796,4.2469,2.5941,9.0,0.0,0.0,BENIGN_WEB
8.8142,56.0,19.0,37.0,38245.42,10174.36,28071.06,4339.08,6.35,-0.4679,682.95,393.56,92.62,1391.36,611.66,750.33,0.5912,157.4,169.75,31.48,346.27,1.0785,0.1067,5.0064,2.1485,9.0,0.0,0.0,BENIGN_WEB
8.3945,64.0,26.0,38.0,55050.9,10616.7,44434.21,6557.97,7.62,-0.6143,860.17,427.95,218.25,1500.0,844.77,933.21,0.2,131.16,194.43,26.23,288.56,1.4823,0.1206,4.6341,2.9634,8.0,0.0,0.0,BENIGN_WEB
69.9163,1099.0,200.0,899.0,1504101.85,159430.81,1344671.04,21512.88,15.72,-0.788,1368.61,241.69,1006.07,1500.0,1245.22,1250.51,0.506,18.73,11.53,3.75,41.21,0.6155,0.1578,3.8357,2.4329,14.0,0.0,0.0,BENIGN_STREAMING
21.0534,41.0,14.0,27.0,28571.4,4594.83,23976.57,1357.09,1.95,-0.6784,696.86,509.42,40.0,1500.0,733.4,665.18,0.6119,513.5,426.93,102.7,1129.7,0.8314,0.0183,3.9999,2.3359,12.0,0.0,0.0,BENIGN_WEB
24.4918,58.0,17.0,41.0,48365.66,11472.59,36893.08,1974.77,2.37,-0.5256,833.89,508.08,71.77,1500.0,835.74,783.05,0.4584,422.27,379.99,84.45,929.0,0.8999,0.0231,5.0085,2.7198,19.0,0.0,0.0,BENIGN_WEB
68.8872,879.0,170.0,709.0,1190878.72,80494.25,1110384.46,17287.36,12.76,-0.8648,1354.81,384.94,777.4,1500.0,1532.27,1279.96,0.4093,26.81,11.85,5.36,58.98,0.4421,0.1782,2.9813,2.6504,22.0,0.0,0.0,BENIGN_STREAMING
127.4228,1023.0,191.0,832.0,1450081.27,96585.89,1353495.38,11380.07,8.03,-0.8668,1417.48,412.88,798.16,1500.0,1545.61,1500.38,0.3729,15.88,7.9,3.18,34.94,0.4974,0.1413,3.5307,2.9772,20.0,0.0,0.0,BENIGN_STREAMING
25.7284,43.0,12.0,31.0,37198.4,9805.48,27392.92,1445.81,1.67,-0.4728,865.08,439.28,206.16,1500.0,846.08,944.96,0.2446,598.33,988.63,119.67,1316.33,1.6523,0.1005,4.1247,2.9846,18.0,0.0,0.0,BENIGN_WEB
10.2787,18.0,5.0,13.0,13201.8,1234.39,11967.41,1284.39,1.75,-0.813,733.43,445.68,64.92,1500.0,711.32,832.35,0.2725,571.04,419.23,114.21,1256.28,0.7341,0.0646,4.5564,2.859,8.0,0.0,0.0,BENIGN_WEB
23.8518,35.0,13.0,22.0,36030.79,8233.03,27797.76,1510.61,1.47,-0.543,1029.45,488.51,296.69,1500.0,992.58,924.58,0.2177,681.48,930.43,136.3,1499.26,1.3653,0.106,4.1178,2.8658,21.0,0.0,0.0,BENIGN_WEB
115.1998,2115.0,374.0,1741.0,2763402.21,112301.67,2651100.54,23987.91,18.36,-0.9187,1306.57,402.15,703.36,1500.0,1183.59,1372.83,0.3089,9.33,5.14,1.87,20.53,0.5506,0.1621,3.6835,2.6759,13.0,0.0,0.0,BENIGN_STREAMING
53.1072,343.0,48.0,295.0,411213.65,20020.12,391193.53,7743.09,6.46,-0.9026,1198.87,331.0,702.37,1500.0,1089.83,1204.86,0.6151,12.49,7.25,2.5,27.48,0.5803,0.0985,3.3264,2.9556,21.0,0.0,0.0,BENIGN_STREAMING
23.3454,34.0,9.0,25.0,34481.35,8768.78,25712.57,1477.01,1.46,-0.4914,1014.16,510.04,249.1,1500.0,965.07,1039.93,0.4848,686.63,1007.08,137.33,1510.58,1.4667,0.0494,4.7953,2.6279,18.0,0.0,0.0,BENIGN_WEB
122.5768,640.0,80.0,560.0,887759.11,24934.83,862824.28,7242.47,5.22,-0.9438,1387.12,331.38,890.05,1500.0,1540.65,1549.31,0.2827,17.51,7.23,3.5,38.52,0.413,0.0959,3.4736,2.8328,14.0,0.0,0.0,BENIGN_STREAMING
130.5179,1863.0,273.0,1590.0,2419231.46,235187.71,2184043.75,18535.62,14.27,-0.8056,1298.57,321.73,815.97,1500.0,1318.34,1239.97,0.3759,22.65,11.6,4.53,49.82,0.5122,0.1513,3.1816,2.606,21.0,0.0,0.0,BENIGN_STREAMING
113.119,357.0,74.0,283.0,499143.43,49724.71,449418.72,4412.55,3.16,-0.8008,1398.16,245.5,1029.91,1500.0,1276.31,1242.99,0.3673,12.99,9.13,2.6,28.59,0.7024,0.0619,3.5053,2.9892,15.0,0.0,0.0,BENIGN_STREAMING
10.7746,47.0,17.0,30.0,32706.8,8504.95,24201.86,3035.54,4.36,-0.4799,695.89,469.27,40.0,1500.0,760.06,635.54,0.2629,229.25,249.97,45.85,504.34,1.0904,0.08,4.7413,2.2022,14.0,0.0,0.0,BENIGN_WEB
2.1702,42.0,12.0,30.0,38305.48,8932.86,29372.63,17650.36,19.35,-0.5336,912.04,407.93,300.13,1500.0,940.78,802.76,0.5502,51.67,74.42,10.33,113.68,1.4403,0.0881,3.6819,2.3906,12.0,0.0,0.0,BENIGN_WEB
18.8762,35.0,11.0,24.0,24401.49,6568.87,17832.63,1292.71,1.85,-0.4616,697.19,549.98,40.0,1500.0,738.85,764.6,0.3182,539.32,908.35,107.86,1186.5,1.6843,0.0641,3.8173,2.5727,13.0,0.0,0.0,BENIGN_WEB
23.6661,45.0,13.0,32.0,36169.84,8719.93,27449.92,1528.34,1.9,-0.5178,803.77,520.67,40.0,1500.0,691.39,836.54,0.3031,525.91,479.35,105.18,1157.01,0.9115,0.1302,4.9684,2.5454,20.0,0.0,0.0,BENIGN_WEB
56.7344,2021.0,264.0,1757.0,2427232.93,147508.92,2279724.01,42782.4,35.62,-0.8785,1201.01,381.26,629.11,1500.0,1155.21,1122.73,0.5143,16.74,12.2,3.35,36.82,0.7288,0.0505,3.0741,2.5127,11.0,0.0,0.0,BENIGN_STREAMING
13.6919,65.0,22.0,43.0,58935.47,5304.81,53630.66,4304.42,4.75,-0.82,906.7,387.36,325.66,1500.0,849.31,865.91,0.3317,210.64,362.21,42.13,463.42,1.7196,0.067,3.6115,3.096,20.0,0.0,0.0,BENIGN_WEB
10.1676,42.0,17.0,25.0,40527.07,5719.13,34807.94,3985.89,4.13,-0.7178,964.93,394.18,373.66,1500.0,1065.58,983.57,0.3434,242.09,329.88,48.42,532.59,1.3627,0.0665,4.9025,2.9725,19.0,0.0,0.0,BENIGN_WEB
41.4821,850.0,178.0,672.0,1209875.19,39563.6,1170311.6,29166.18,20.49,-0.9346,1423.38,289.11,989.72,1500.0,1472.64,1474.94,0.2172,11.21,7.65,2.24,24.66,0.6828,0.1715,3.828,2.2599,20.0,0.0,0.0,BENIGN_STREAMING
25.6967,45.0,17.0,28.0,47260.95,9561.89,37699.07,1839.19,1.75,-0.5954,1050.24,476.86,334.95,1500.0,992.61,894.12,0.3089,571.04,606.83,114.21,1256.28,1.0627,0.0847,4.2747,2.2432,16.0,0.0,0.0,BENIGN_WEB
15.8685,43.0,12.0,31.0,37939.0,8019.42,29919.58,2390.84,2.71,-0.5772,882.3,336.78,377.13,1488.52,833.6,949.85,0.2401,369.03,626.27,73.81,811.88,1.697,0.059,4.4049,2.7963,8.0,0.0,0.0,BENIGN_WEB
25.4317,25.0,9.0,16.0,23265.62,6176.81,17088.81,914.83,0.98,-0.469,930.62,410.03,315.58,1500.0,1017.94,911.54,0.6081,1017.27,1238.23,203.45,2237.99,1.2172,0.0242,4.9012,2.2694,20.0,0.0,0.0,BENIGN_WEB
11.2804,76.0,23.0,53.0,59149.16,14542.81,44606.35,5243.55,6.74,-0.5083,778.28,430.05,133.2,1500.0,665.61,880.98,0.5006,148.43,170.3,29.69,326.54,1.1474,0.0605,4.4303,2.8316,17.0,0.0,0.0,BENIGN_WEB
119.7671,1319.0,191.0,1128.0,1751156.96,120544.48,1630612.47,14621.35,11.01,-0.8623,1327.64,294.94,885.23,1500.0,1451.75,1209.68,0.369,9.96,6.6,1.99,21.92,0.6623,0.103,3.7162,2.7349,10.0,0.0,0.0,BENIGN_STREAMING
27.8534,65.0,26.0,39.0,48445.22,10432.4,38012.82,1739.29,2.33,-0.5693,745.31,387.85,163.54,1443.44,797.57,835.75,0.3437,428.51,570.81,85.7,942.73,1.3321,0.0959,3.7909,2.7311,18.0,0.0,0.0,BENIGN_WEB
99.8347,1679.0,300.0,1379.0,2270188.3,101768.12,2168420.18,22739.48,16.82,-0.9103,1352.11,335.31,849.14,1500.0,1439.66,1256.58,0.268,18.91,12.75,3.78,41.61,0.674,0.0639,3.3713,2.8169,13.0,0.0,0.0,BENIGN_STREAMING
144.4001,1116.0,155.0,961.0,1601296.22,88828.68,1512467.53,11089.3,7.73,-0.8891,1434.85,240.81,1073.64,1500.0,1417.96,1402.42,0.5605,26.31,12.82,5.26,57.88,0.4871,0.0643,3.4953,2.2096,16.0,0.0,0.0,BENIGN_STREAMING
31.1695,68.0,25.0,43.0,64077.54,15142.79,48934.76,2055.77,2.18,-0.5274,942.32,517.98,165.35,1500.0,1051.55,1071.24,0.2083,458.38,582.52,91.68,1008.43,1.2708,0.1179,4.2687,2.8176,13.0,0.0,0.0,BENIGN_WEB
28.9176,77.0,31.0,46.0,53901.58,9215.47,44686.11,1863.97,2.66,-0.6581,700.02,453.61,40.0,1500.0,596.03,698.4,0.5523,375.55,398.32,75.11,826.22,1.0606,0.1117,4.8853,2.5487,19.0,0.0,0.0,BENIGN_WEB
25.5789,19.0,5.0,14.0,19624.46,4827.89,14796.57,767.21,0.74,-0.508,1032.87,499.37,283.81,1500.0,977.16,900.09,0.3525,1346.26,2151.9,269.25,2961.77,1.5984,0.1049,4.9836,2.376,9.0,0.0,0.0,BENIGN_WEB
51.1789,909.0,114.0,795.0,1141291.63,70586.72,1070704.92,22300.04,17.76,-0.8763,1255.55,400.73,654.45,1500.0,1263.25,1301.51,0.5914,19.55,14.63,3.91,43.0,0.7486,0.1706,3.0265,2.6533,14.0,0.0,0.0,BENIGN_STREAMING
17.457,24.0,7.0,17.0,23924.42,2413.39,21511.04,1370.48,1.37,-0.7982,996.85,376.09,432.71,1500.0,884.77,1141.74,0.2411,727.37,1090.31,145.47,1600.22,1.499,0.1229,4.276,2.7315,19.0,0.0,0.0,BENIGN_WEB
48.2447,408.0,74.0,334.0,523897.08,16125.08,507772.0,10859.16,8.46,-0.9384,1284.06,249.79,909.37,1500.0,1092.14,1404.16,0.2701,23.97,17.97,4.79,52.73,0.7496,0.0599,3.7092,2.7676,16.0,0.0,0.0,BENIGN_STREAMING
16.028,30.0,9.0,21.0,21115.05,3509.92,17605.13,1317.39,1.87,-0.6675,703.84,486.15,40.0,1500.0,600.41,663.45,0.3786,534.27,435.34,106.85,1175.39,0.8148,0.0875,3.8334,2.6942,15.0,0.0,0.0,BENIGN_WEB
3.6033,67.0,20.0,47.0,43913.67,6056.99,37856.68,12186.95,18.59,-0.7241,655.43,439.39,40.0,1446.32,650.29,596.07,0.2047,53.78,46.36,10.76,118.32,0.8619,0.0645,4.8341,2.465,17.0,0.0,0.0,BENIGN_WEB
56.2061,700.0,145.0,555.0,950821.05,90355.97,860465.08,16916.7,12.45,-0.8099,1358.32,415.11,735.65,1500.0,1405.6,1192.79,0.2645,11.09,6.88,2.22,24.39,0.6209,0.169,3.2421,2.9465,14.0,0.0,0.0,BENIGN_STREAMING
6.7864,44.0,13.0,31.0,34014.76,5847.04,28167.72,5012.21,6.48,-0.6562,773.06,398.82,174.83,1490.94,853.29,786.52,0.4015,154.24,174.71,30.85,339.32,1.1328,0.1199,5.0107,2.5739,17.0,0.0,0.0,BENIGN_WEB
13.2359,24.0,9.0,15.0,19642.61,2899.02,16743.59,1484.04,1.81,-0.7048,818.44,472.8,109.24,1500.0,926.77,801.61,0.3171,551.5,852.44,110.3,1213.29,1.5457,0.0833,4.7698,2.2335,8.0,0.0,0.0,BENIGN_WEB
138.6487,1499.0,285.0,1214.0,2031065.62,195842.38,1835223.24,14649.01,10.81,-0.8072,1354.95,401.19,753.16,1500.0,1163.62,1556.02,0.4246,18.41,10.8,3.68,40.51,0.5866,0.1711,3.6627,2.2153,19.0,0.0,0.0,BENIGN_STREAMING
15.3834,34.0,11.0,23.0,28037.47,2543.56,25493.91,1822.59,2.21,-0.8186,824.63,371.01,268.12,1492.44,725.98,903.62,0.2837,452.45,547.63,90.49,995.39,1.2104,0.0255,5.0385,2.1181,11.0,0.0,0.0,BENIGN_WEB
7.1294,82.0,33.0,49.0,67617.36,13876.86,53740.5,9484.31,11.5,-0.5895,824.6,431.44,177.44,1500.0,792.42,881.89,0.3992,86.94,67.77,17.39,191.28,0.7795,0.0896,3.8832,2.2508,11.0,0.0,0.0,BENIGN_WEB
11.9365,56.0,21.0,35.0,52133.76,8865.9,43267.86,4367.59,4.69,-0.6599,930.96,357.93,394.06,1500.0,910.65,805.44,0.3319,213.15,198.2,42.63,468.93,0.9299,0.0995,4.4555,3.046,14.0,0.0,0.0,BENIGN_WEB
44.0472,301.0,45.0,256.0,388602.99,30778.29,357824.71,8822.42,6.83,-0.8416,1291.04,410.87,674.74,1500.0,1312.75,1374.66,0.5256,18.71,13.94,3.74,41.15,0.7453,0.1055,3.7612,2.8246,21.0,0.0,0.0,BENIGN_STREAMING
20.1907,39.0,15.0,24.0,29085.04,6868.29,22216.75,1440.52,1.93,-0.5277,745.77,456.19,61.48,1500.0,815.6,805.11,0.4198,517.71,811.8,103.54,1138.96,1.5681,0.0313,3.7536,2.7127,15.0,0.0,0.0,BENIGN_WEB
14.4774,37.0,13.0,24.0,38119.06,8712.56,29406.5,2633.01,2.56,-0.5429,1030.24,323.5,544.99,1500.0,971.67,989.72,0.2114,391.28,625.09,78.26,860.82,1.5975,0.0366,4.5781,2.8045,18.0,0.0,0.0,BENIGN_WEB
10.3721,44.0,17.0,27.0,29286.32,8193.16,21093.16,2823.57,4.24,-0.4405,665.6,478.8,40.0,1500.0,593.19,755.4,0.3417,235.73,298.52,47.15,518.6,1.2664,0.0127,4.9682,2.4657,17.0,0.0,0.0,BENIGN_WEB
8.11,46.0,18.0,28.0,45801.54,5004.67,40796.87,5647.56,5.67,-0.7815,995.69,499.27,246.78,1500.0,1033.02,1110.14,0.6169,176.3,168.02,35.26,387.87,0.953,0.0557,4.1196,2.4062,9.0,0.0,0.0,BENIGN_WEB
6.704,56.0,23.0,33.0,60277.34,5849.06,54428.28,8991.31,8.35,-0.8059,1076.38,324.3,589.93,1500.0,1012.11,1228.92,0.3868,119.71,201.85,23.94,263.37,1.6862,0.1208,4.2317,2.9849,11.0,0.0,0.0,BENIGN_WEB
23.6034,27.0,9.0,18.0,21381.22,6092.23,15288.99,905.85,1.14,-0.4301,791.9,443.05,127.32,1500.0,890.2,900.38,0.3437,874.2,894.73,174.84,1923.24,1.0235,0.0613,4.8392,2.5759,16.0,0.0,0.0,BENIGN_WEB
94.5855,1330.0,163.0,1167.0,1576103.68,100182.84,1475920.84,16663.27,14.06,-0.8729,1185.04,311.66,717.55,1500.0,1332.12,1306.45,0.3581,8.64,6.24,1.73,19.0,0.7225,0.1499,3.6608,2.5836,17.0,0.0,0.0,BENIGN_STREAMING
22.7215,75.0,29.0,46.0,60424.78,9944.29,50480.49,2659.36,3.3,-0.6709,805.66,380.49,234.93,1490.54,775.58,808.12,0.2034,302.95,215.08,60.59,666.5,0.7099,0.0319,4.7745,2.2884,8.0,0.0,0.0,BENIGN_WEB
107.7261,1314.0,163.0,1151.0,1837402.05,142105.36,1695296.7,17056.24,12.2,-0.8453,1398.33,248.58,1025.46,1500.0,1423.01,1332.59,0.4107,7.68,3.58,1.54,16.89,0.4662,0.1772,3.2122,2.8811,10.0,0.0,0.0,BENIGN_STREAMING
41.232,523.0,107.0,416.0,736686.31,72513.05,664173.27,17866.88,12.68,-0.8031,1408.58,258.47,1020.87,1500.0,1604.69,1594.57,0.5295,26.69,16.15,5.34,58.73,0.6051,0.1396,3.7775,2.995,15.0,0.0,0.0,BENIGN_STREAMING
108.4248,1982.0,266.0,1716.0,2469778.09,233394.0,2236384.09,22778.72,18.28,-0.811,1246.1,288.91,812.73,1500.0,1089.27,1246.86,0.5439,20.97,10.15,4.19,46.14,0.4838,0.1299,2.96,2.3625,11.0,0.0,0.0,BENIGN_STREAMING
120.8379,2191.0,435.0,1756.0,3041044.57,107052.55,2933992.02,25166.31,18.13,-0.9296,1387.97,384.98,810.51,1500.0,1335.03,1374.97,0.3743,12.68,6.87,2.54,27.89,0.5416,0.1794,3.8461,2.641,11.0,0.0,0.0,BENIGN_STREAMING
127.8778,755.0,158.0,597.0,1038173.37,90031.03,948142.34,8118.48,5.9,-0.8266,1375.06,375.92,811.18,1500.0,1424.24,1201.08,0.5845,13.93,10.75,2.79,30.64,0.7721,0.0829,2.9367,2.4511,19.0,0.0,0.0,BENIGN_STREAMING
85.0557,612.0,80.0,532.0,827170.04,70173.23,756996.81,9725.04,7.2,-0.8303,1351.59,385.02,774.05,1500.0,1174.94,1223.42,0.3056,12.45,5.34,2.49,27.4,0.4292,0.0973,3.563,2.6234,10.0,0.0,0.0,BENIGN_STREAMING
20.3154,72.0,22.0,50.0,58779.51,8871.73,49907.78,2893.35,3.54,-0.6981,816.38,491.76,78.74,1500.0,861.11,783.31,0.2237,282.16,320.8,56.43,620.75,1.1369,0.0983,4.6915,2.833,21.0,0.0,0.0,BENIGN_WEB
95.9935,610.0,92.0,518.0,755946.86,74466.73,681480.13,7874.98,6.35,-0.803,1239.26,355.11,706.6,1500.0,1332.27,1177.54,0.2646,15.74,11.23,3.15,34.62,0.7133,0.0558,3.6729,2.9945,20.0,0.0,0.0,BENIGN_STREAMING
136.989,1943.0,259.0,1684.0,2551506.06,67088.38,2484417.68,18625.63,14.18,-0.9474,1313.18,304.31,856.71,1500.0,1494.92,1431.32,0.4615,15.46,9.95,3.09,34.02,0.6433,0.1649,2.904,2.7914,17.0,0.0,0.0,BENIGN_STREAMING
52.4327,264.0,54.0,210.0,353676.45,24719.31,328957.14,6745.34,5.04,-0.8602,1339.68,301.84,886.93,1500.0,1311.86,1174.87,0.5575,9.75,5.47,1.95,21.44,0.5615,0.0683,3.244,2.9884,12.0,0.0,0.0,BENIGN_STREAMING
10.2284,70.0,21.0,49.0,73248.85,7240.24,66008.6,7161.33,6.84,-0.8023,1046.41,320.17,566.15,1500.0,1065.25,1063.72,0.5788,146.12,146.55,29.22,321.46,1.003,0.0839,5.0811,2.4028,9.0,0.0,0.0,BENIGN_WEB
13.5309,24.0,8.0,16.0,24139.53,2642.81,21496.72,1784.03,1.77,-0.781,1005.81,367.65,454.34,1500.0,971.54,867.7,0.513,563.79,815.8,112.76,1240.33,1.447,0.127,4.2739,2.4247,20.0,0.0,0.0,BENIGN_WEB
30.6334,29.0,8.0,21.0,24461.68,2972.83,21488.85,798.53,0.95,-0.7569,843.51,400.19,243.23,1500.0,749.68,759.85,0.426,1056.32,1793.16,211.26,2323.91,1.6976,0.1149,5.0401,2.3733,16.0,0.0,0.0,BENIGN_WEB
17.017,48.0,18.0,30.0,40734.02,9653.89,31080.13,2393.73,2.82,-0.526,848.63,365.05,301.05,1500.0,743.15,948.4,0.3148,354.52,298.15,70.9,779.94,0.841,0.1304,5.0211,3.0298,20.0,0.0,0.0,BENIGN_WEB
18.4699,2095.0,325.0,1770.0,2774664.26,74721.65,2699942.61,150226.43,113.43,-0.9461,1324.42,408.06,712.33,1500.0,1465.59,1415.59,0.6001,22.12,12.69,4.42,48.65,0.574,0.156,3.4923,2.3134,18.0,0.0,0.0,BENIGN_STREAMING
14.59,38.0,15.0,23.0,25236.26,2600.68,22635.59,1729.69,2.6,-0.7939,664.11,398.86,65.83,1382.05,752.6,721.89,0.5539,383.95,502.05,76.79,844.69,1.3076,0.1044,3.8563,2.5741,8.0,0.0,0.0,BENIGN_WEB
116.0711,2105.0,304.0,1801.0,2772770.04,291734.33,2481035.71,23888.55,18.14,-0.7896,1317.23,324.46,830.54,1500.0,1246.12,1193.82,0.5074,17.92,11.51,3.58,39.42,0.6422,0.1455,3.1883,2.8457,22.0,0.0,0.0,BENIGN_STREAMING
68.633,1951.0,300.0,1651.0,2347224.67,141167.14,2206057.54,34199.66,28.43,-0.8797,1203.09,400.43,602.45,1500.0,1244.6,1220.92,0.4134,25.98,13.36,5.2,57.16,0.5141,0.0953,3.6123,2.9033,15.0,0.0,0.0,BENIGN_STREAMING
10.0731,26.0,9.0,17.0,24554.63,4047.52,20507.11,2437.64,2.58,-0.6703,944.41,498.32,196.93,1500.0,824.02,1060.88,0.3698,387.43,564.41,77.49,852.34,1.4568,0.0577,4.0498,2.5013,15.0,0.0,0.0,BENIGN_WEB
142.3657,345.0,68.0,277.0,459092.53,42861.02,416231.51,3224.74,2.42,-0.8133,1330.7,339.57,821.35,1500.0,1350.9,1155.67,0.3353,16.14,7.92,3.23,35.5,0.4907,0.1266,3.7616,2.8393,14.0,0.0,0.0,BENIGN_STREAMING
24.8946,27.0,10.0,17.0,17648.11,2270.57,15377.54,708.91,1.08,-0.7427,653.63,494.89,40.0,1500.0,634.47,731.35,0.4185,922.02,956.68,184.4,2028.45,1.0376,0.1366,4.551,2.666,9.0,0.0,0.0,BENIGN_WEB
68.2101,1275.0,260.0,1015.0,1524613.48,76994.43,1447619.05,22351.72,18.69,-0.899,1195.78,380.93,624.39,1500.0,1284.39,1277.1,0.5889,22.84,14.97,4.57,50.24,0.6556,0.0791,3.8091,2.9481,13.0,0.0,0.0,BENIGN_STREAMING
24.1561,32.0,10.0,22.0,25237.63,6986.24,18251.39,1044.77,1.32,-0.4464,788.68,571.74,40.0,1500.0,850.06,672.56,0.3502,754.88,636.59,150.98,1660.73,0.8433,0.1143,5.0681,2.4792,11.0,0.0,0.0,BENIGN_WEB
23.5139,63.0,18.0,45.0,55013.33,10111.25,44902.09,2339.61,2.68,-0.6324,873.23,482.73,149.13,1500.0,905.32,757.13,0.3371,373.24,631.38,74.65,821.12,1.6916,0.1021,4.7122,3.0216,12.0,0.0,0.0,BENIGN_WEB
13.9368,64.0,18.0,46.0,43919.27,8296.85,35622.42,3151.31,4.59,-0.6222,686.24,549.86,40.0,1500.0,783.49,717.69,0.5883,217.76,307.32,43.55,479.08,1.4113,0.0808,4.5041,2.6634,9.0,0.0,0.0,BENIGN_WEB
23.9327,52.0,16.0,36.0,35282.74,6134.81,29147.93,1474.25,2.17,-0.6522,678.51,445.82,40.0,1480.99,654.25,767.86,0.491,460.24,567.59,92.05,1012.54,1.2332,0.1378,5.0842,2.6752,8.0,0.0,0.0,BENIGN_WEB
24.2663,33.0,13.0,20.0,25332.8,6073.42,19259.38,1043.95,1.36,-0.5205,767.66,479.29,48.72,1500.0,665.48,862.11,0.3179,735.34,562.36,147.07,1617.75,0.7648,0.1141,5.0325,2.7487,19.0,0.0,0.0,BENIGN_WEB
30.8167,20.0,5.0,15.0,20806.39,4516.43,16289.95,675.17,0.65,-0.5659,1040.32,393.63,449.88,1500.0,914.37,999.53,0.3777,1540.83,1798.44,308.17,3389.84,1.1672,0.0839,4.5174,2.8645,12.0,0.0,0.0,BENIGN_WEB
31.7588,69.0,20.0,49.0,47809.54,9854.79,37954.76,1505.4,2.17,-0.5877,692.89,510.04,40.0,1500.0,706.98,632.45,0.2312,460.27,615.72,92.05,1012.6,1.3377,0.0973,3.8318,2.4206,10.0,0.0,0.0,BENIGN_WEB
4.0123,42.0,17.0,25.0,31009.33,7428.3,23581.03,7728.56,10.47,-0.5209,738.32,497.78,40.0,1500.0,830.4,698.35,0.4963,95.53,117.64,19.11,210.17,1.2314,0.1047,4.8269,2.8192,13.0,0.0,0.0,BENIGN_WEB
6.1865,55.0,17.0,38.0,46196.6,6315.04,39881.56,7467.35,8.89,-0.7266,839.94,557.47,40.0,1500.0,952.96,815.56,0.2356,112.48,133.11,22.5,247.46,1.1834,0.0556,4.0674,3.0843,10.0,0.0,0.0,BENIGN_WEB
95.7711,836.0,180.0,656.0,1157333.83,73537.98,1083795.85,12084.38,8.73,-0.8729,1384.37,253.71,1003.81,1500.0,1458.12,1377.63,0.4213,23.77,9.88,4.75,52.29,0.4156,0.1232,3.6782,2.6084,13.0,0.0,0.0,BENIGN_STREAMING
121.8426,1641.0,351.0,1290.0,2199077.25,156281.87,2042795.38,18048.52,13.47,-0.8579,1340.08,374.22,778.75,1500.0,1361.25,1303.38,0.2698,15.29,8.64,3.06,33.64,0.5649,0.1029,3.3897,2.5022,12.0,0.0,0.0,BENIGN_STREAMING
21.6104,29.0,11.0,18.0,18346.11,2109.47,16236.64,848.95,1.34,-0.77,632.62,417.93,40.0,1384.91,553.96,611.08,0.4868,745.19,891.03,149.04,1639.41,1.1957,0.0344,3.7202,2.6991,12.0,0.0,0.0,BENIGN_WEB
118.8524,972.0,154.0,818.0,1230738.73,82162.37,1148576.36,10355.18,8.18,-0.8665,1266.19,338.62,758.26,1500.0,1438.77,1177.9,0.3577,17.84,10.17,3.57,39.24,0.5699,0.1439,3.4887,2.4776,17.0,0.0,0.0,BENIGN_STREAMING
3.7274,19.0,5.0,14.0,14840.98,3099.99,11741.0,3981.61,5.1,-0.5822,781.1,349.05,257.53,1409.4,874.57,726.86,0.3112,196.18,172.55,39.24,431.59,0.8796,0.0197,4.5964,2.4298,17.0,0.0,0.0,BENIGN_WEB
3.156,29.0,9.0,20.0,31180.58,5753.11,25427.47,9879.68,9.19,-0.631,1075.19,342.44,561.53,1500.0,1148.36,967.91,0.5722,108.83,106.52,21.77,239.42,0.9788,0.0431,4.4342,2.1229,18.0,0.0,0.0,BENIGN_WEB
106.0313,1182.0,243.0,939.0,1475051.03,131725.19,1343325.85,13911.47,11.15,-0.8214,1247.93,291.18,811.15,1500.0,1257.42,1209.19,0.2973,15.19,6.63,3.04,33.42,0.4367,0.1211,2.9861,2.8515,18.0,0.0,0.0,BENIGN_STREAMING
6.0163,48.0,13.0,35.0,49160.18,11815.22,37344.96,8171.11,7.98,-0.5193,1024.17,392.63,435.23,1500.0,1147.1,1086.27,0.3077,125.34,164.58,25.07,275.75,1.3131,0.057,4.0349,2.7422,14.0,0.0,0.0,BENIGN_WEB
85.9649,2136.0,412.0,1724.0,2729471.84,252265.49,2477206.36,31751.01,24.85,-0.8152,1277.84,356.55,743.02,1500.0,1402.81,1165.45,0.2926,27.38,19.25,5.48,60.24,0.7029,0.0616,2.9768,2.9545,11.0,0.0,0.0,BENIGN_STREAMING
6.8224,83.0,32.0,51.0,77701.59,13328.33,64373.25,11389.17,12.17,-0.6569,936.16,368.14,383.95,1500.0,908.89,888.64,0.452,82.2,112.6,16.44,180.84,1.3699,0.0566,4.6498,2.6198,21.0,0.0,0.0,BENIGN_WEB
142.5981,583.0,96.0,487.0,767797.35,32994.42,734802.92,5384.34,4.09,-0.9141,1316.98,301.94,864.06,1500.0,1496.5,1179.26,0.4661,7.95,5.15,1.59,17.5,0.6476,0.1254,3.5397,2.9755,19.0,0.0,0.0,BENIGN_STREAMING
73.5878,1076.0,227.0,849.0,1311772.11,109514.21,1202257.9,17825.94,14.62,-0.833,1219.12,288.59,786.23,1500.0,1107.02,1286.4,0.297,22.9,10.7,4.58,50.37,0.4674,0.1606,3.3929,2.9057,20.0,0.0,0.0,BENIGN_STREAMING
15.4941,42.0,13.0,29.0,35205.65,4277.83,30927.83,2272.2,2.71,-0.757,838.23,462.95,143.8,1500.0,858.42,791.77,0.5251,368.91,400.43,73.78,811.59,1.0855,0.0853,3.9844,3.019,16.0,0.0,0.0,BENIGN_WEB
17.6108,23.0,9.0,14.0,23767.54,2378.02,21389.51,1349.6,1.31,-0.7999,1033.37,435.73,379.77,1500.0,1121.43,892.65,0.615,765.69,548.04,153.14,1684.51,0.7157,0.089,4.8386,2.1019,10.0,0.0,0.0,BENIGN_WEB
26.6681,49.0,17.0,32.0,46576.83,6315.87,40260.96,1746.53,1.84,-0.7288,950.55,470.1,245.39,1500.0,1014.74,857.69,0.3587,544.25,806.32,108.85,1197.35,1.4815,0.0411,4.172,2.8889,20.0,0.0,0.0,BENIGN_WEB
70.8485,1890.0,398.0,1492.0,2503985.73,168792.85,2335192.89,35342.83,26.68,-0.8652,1324.86,304.05,868.79,1500.0,1299.58,1265.49,0.3585,8.37,5.47,1.67,18.42,0.6529,0.1347,3.2586,2.8832,16.0,0.0,0.0,BENIGN_STREAMING
34.7343,741.0,109.0,632.0,1047079.55,114876.91,932202.64,30145.37,21.33,-0.7806,1413.06,341.02,901.53,1500.0,1619.31,1471.61,0.208,24.22,15.46,4.84,53.29,0.6384,0.0672,3.6659,2.6564,20.0,0.0,0.0,BENIGN_STREAMING
67.3196,901.0,173.0,728.0,1193530.98,70103.71,1123427.28,17729.31,13.38,-0.8825,1324.67,272.37,916.12,1500.0,1432.55,1299.59,0.3967,9.72,7.39,1.94,21.38,0.7611,0.1524,2.9252,2.8874,21.0,0.0,0.0,BENIGN_STREAMING
26.5287,65.0,24.0,41.0,47535.53,5926.79,41608.73,1791.86,2.45,-0.7506,731.32,449.72,56.73,1500.0,746.4,779.04,0.5925,408.13,636.86,81.63,897.89,1.5604,0.029,4.7651,2.7366,10.0,0.0,0.0,BENIGN_WEB
10.4986,20.0,7.0,13.0,12668.71,1374.83,11293.88,1206.7,1.91,-0.783,633.44,362.0,90.44,1285.03,677.74,587.08,0.3234,524.93,748.36,104.99,1154.85,1.4256,0.0618,4.9407,3.0113,10.0,0.0,0.0,BENIGN_WEB
45.8666,2167.0,336.0,1831.0,3004969.39,180701.83,2824267.56,65515.48,47.25,-0.8797,1386.7,251.3,1009.74,1500.0,1225.67,1181.3,0.2695,26.77,18.37,5.35,58.89,0.6863,0.0827,3.4738,2.9659,19.0,0.0,0.0,BENIGN_STREAMING
19.829,27.0,10.0,17.0,19522.59,1825.82,17696.77,984.55,1.36,-0.813,723.06,443.02,58.53,1500.0,657.71,782.9,0.514,734.41,637.29,146.88,1615.7,0.8678,0.06,4.7483,2.7812,16.0,0.0,0.0,BENIGN_WEB
25.81,74.0,21.0,53.0,52868.17,11535.82,41332.34,2048.36,2.87,-0.5636,714.43,341.35,202.41,1328.86,730.79,637.65,0.4566,348.78,565.75,69.76,767.32,1.6221,0.0385,4.735,2.9232,14.0,0.0,0.0,BENIGN_WEB
119.5188,601.0,100.0,501.0,763732.44,59461.79,704270.64,6390.06,5.03,-0.8443,1270.77,303.19,815.98,1500.0,1429.54,1411.47,0.392,17.89,13.49,3.58,39.36,0.7543,0.1428,3.1347,2.5508,16.0,0.0,0.0,BENIGN_STREAMING
25.5556,1480.0,212.0,1268.0,2028235.6,133265.51,1894970.08,79365.57,57.91,-0.8686,1370.43,384.92,793.05,1500.0,1372.27,1538.28,0.369,27.49,14.64,5.5,60.48,0.5325,0.1345,3.1409,2.4063,22.0,0.0,0.0,BENIGN_STREAMING
50.8975,2031.0,333.0,1698.0,2432486.98,122576.98,2309910.01,47791.91,39.9,-0.8992,1197.68,277.46,781.49,1500.0,1252.06,1119.55,0.5758,22.98,14.47,4.6,50.55,0.6299,0.0966,3.8101,2.6673,14.0,0.0,0.0,BENIGN_STREAMING
14.4786,57.0,17.0,40.0,60224.0,6055.99,54168.02,4159.52,3.94,-0.7989,1056.56,378.39,488.98,1500.0,1176.6,1016.47,0.4604,254.01,260.24,50.8,558.82,1.0245,0.0768,4.4523,2.8338,16.0,0.0,0.0,BENIGN_WEB
15.8331,40.0,13.0,27.0,42573.96,9833.17,32740.8,2688.92,2.53,-0.5381,1064.35,570.35,208.82,1500.0,1131.78,923.33,0.5839,395.83,548.97,79.17,870.82,1.3869,0.0821,4.5972,2.1105,11.0,0.0,0.0,BENIGN_WEB
48.4353,2099.0,456.0,1643.0,2711792.67,94423.5,2617369.17,55987.96,43.34,-0.9304,1291.95,248.5,919.2,1500.0,1195.47,1437.92,0.3977,9.52,3.52,1.9,20.94,0.3694,0.1188,3.0223,2.7224,12.0,0.0,0.0,BENIGN_STREAMING
13.4923,59.0,18.0,41.0,60393.48,10828.97,49564.51,4476.15,4.37,-0.6414,1023.62,404.7,416.57,1500.0,1078.7,1111.25,0.4938,228.68,189.67,45.74,503.1,0.8294,0.0275,3.6421,2.849,9.0,0.0,0.0,BENIGN_WEB
4.8699,30.0,8.0,22.0,31839.25,7488.27,24350.98,6537.93,6.16,-0.5296,1061.31,409.11,447.65,1500.0,1064.16,941.05,0.4274,162.33,262.7,32.47,357.13,1.6183,0.1396,4.6832,2.4907,21.0,0.0,0.0,BENIGN_WEB
30.0557,50.0,19.0,31.0,35677.12,7065.44,28611.67,1187.03,1.66,-0.6039,713.54,336.12,209.36,1318.57,783.87,694.84,0.4893,601.11,644.21,120.22,1322.45,1.0717,0.1018,4.1284,2.5856,13.0,0.0,0.0,BENIGN_WEB
83.3379,834.0,111.0,723.0,1118689.58,98703.91,1019985.67,13423.53,10.01,-0.8235,1341.35,394.04,750.3,1500.0,1542.49,1235.36,0.2654,14.33,7.48,2.87,31.53,0.5221,0.0822,3.4947,2.8416,17.0,0.0,0.0,BENIGN_STREAMING
35.07,553.0,75.0,478.0,792855.75,36545.59,756310.16,22607.8,15.77,-0.9078,1433.74,260.33,1043.24,1500.0,1381.52,1323.85,0.5567,6.58,4.16,1.32,14.47,0.6322,0.1166,3.0748,2.3123,18.0,0.0,0.0,BENIGN_STREAMING
153.5366,724.0,104.0,620.0,867342.12,53765.87,813576.25,5649.09,4.72,-0.876,1197.99,275.92,784.1,1500.0,1270.17,1072.34,0.4199,25.35,12.11,5.07,55.78,0.4777,0.1217,3.4826,2.4066,21.0,0.0,0.0,BENIGN_STREAMING
94.8849,980.0,142.0,838.0,1389842.51,120491.7,1269350.81,14647.67,10.33,-0.8266,1418.21,326.87,927.9,1500.0,1328.29,1302.36,0.4065,19.89,12.46,3.98,43.76,0.6263,0.1795,3.4028,2.7741,10.0,0.0,0.0,BENIGN_STREAMING
7.8138,23.0,7.0,16.0,18924.37,4500.05,14424.32,2421.93,2.94,-0.5244,822.8,444.25,156.43,1500.0,710.36,763.88,0.2838,339.73,366.04,67.95,747.4,1.0775,0.0572,3.7349,2.9053,14.0,0.0,0.0,BENIGN_WEB
23.2165,25.0,8.0,17.0,21984.2,5863.07,16121.13,946.92,1.08,-0.4666,879.37,522.05,96.3,1500.0,945.07,816.24,0.4023,928.66,737.73,185.73,2043.05,0.7944,0.1125,4.6256,2.5204,21.0,0.0,0.0,BENIGN_WEB
20.3646,44.0,15.0,29.0,40528.27,8467.55,32060.72,1990.13,2.16,-0.5821,921.1,471.25,214.21,1500.0,876.75,819.77,0.5529,462.83,475.61,92.57,1018.23,1.0276,0.0808,4.4864,2.1242,14.0,0.0,0.0,BENIGN_WEB
22.5296,65.0,18.0,47.0,61649.98,16338.57,45311.41,2736.4,2.89,-0.47,948.46,532.11,150.3,1500.0,1073.52,1040.3,0.6033,346.61,306.19,69.32,762.54,0.8834,0.0916,4.2463,2.7687,10.0,0.0,0.0,BENIGN_WEB
87.5369,1318.0,261.0,1057.0,1876558.15,189475.03,1687083.12,21437.34,15.06,-0.7981,1423.79,327.78,932.13,1500.0,1628.9,1509.98,0.5591,12.77,9.87,2.55,28.09,0.7727,0.1283,3.2784,2.6331,14.0,0.0,0.0,BENIGN_STREAMING
7.5163,31.0,10.0,21.0,20444.91,5494.01,14950.9,2720.09,4.12,-0.4626,659.51,357.71,122.94,1303.4,749.16,729.55,0.1863,242.46,245.34,48.49,533.41,1.0119,0.0666,4.368,2.6949,8.0,0.0,0.0,BENIGN_WEB
101.5882,1897.0,287.0,1610.0,2580214.78,273997.62,2306217.16,25398.76,18.67,-0.7876,1360.16,346.22,840.83,1500.0,1157.5,1419.41,0.3982,23.24,17.7,4.65,51.12,0.7619,0.1486,3.504,2.3163,10.0,0.0,0.0,BENIGN_STREAMING
24.6458,75.0,30.0,45.0,58288.52,14866.36,43422.16,2365.05,3.04,-0.4899,777.18,373.24,217.31,1449.02,783.57,877.53,0.4085,328.61,267.9,65.72,722.94,0.8153,0.0718,4.1122,2.8562,11.0,0.0,0.0,BENIGN_WEB
14.3152,70.0,22.0,48.0,70796.91,18639.75,52157.15,4945.58,4.89,-0.4734,1011.38,446.16,342.15,1500.0,1036.52,882.31,0.5015,204.5,264.76,40.9,449.91,1.2947,0.077,4.6267,2.1946,17.0,0.0,0.0,BENIGN_WEB
130.602,1344.0,209.0,1135.0,1887295.73,96300.77,1790994.96,14450.74,10.29,-0.8979,1404.24,403.11,799.58,1500.0,1460.36,1590.9,0.5112,24.41,9.68,4.88,53.71,0.3966,0.1443,3.2643,2.9357,12.0,0.0,0.0,BENIGN_STREAMING
19.3333,27.0,9.0,18.0,26665.95,5009.53,21656.43,1379.28,1.4,-0.6243,987.63,370.0,432.63,1500.0,877.88,850.02,0.4707,716.05,942.0,143.21,1575.31,1.3156,0.1379,4.4875,2.1273,15.0,0.0,0.0,BENIGN_WEB
28.0938,84.0,30.0,54.0,71247.44,8778.65,62468.79,2536.06,2.99,-0.7536,848.18,475.21,135.36,1500.0,798.88,890.89,0.2321,334.45,414.51,66.89,735.79,1.2394,0.0955,4.1863,2.1422,16.0,0.0,0.0,BENIGN_WEB
23.2469,24.0,8.0,16.0,19039.93,1753.52,17286.4,819.03,1.03,-0.8158,793.33,395.73,199.73,1500.0,681.64,896.25,0.1807,968.62,1099.08,193.72,2130.97,1.1347,0.0793,4.9565,2.37,13.0,0.0,0.0,BENIGN_WEB
139.9875,487.0,83.0,404.0,635013.42,31082.38,603931.05,4536.21,3.48,-0.9021,1303.93,261.61,911.52,1500.0,1498.31,1449.78,0.2156,12.85,8.58,2.57,28.28,0.6676,0.0582,3.0337,2.5775,14.0,0.0,0.0,BENIGN_STREAMING
28.0976,26.0,9.0,17.0,19881.18,3345.43,16535.76,707.58,0.93,-0.6635,764.66,377.83,197.92,1444.75,745.69,651.96,0.4063,1080.68,824.63,216.14,2377.49,0.7631,0.0965,4.9295,2.9668,12.0,0.0,0.0,BENIGN_WEB
15.5184,77.0,30.0,47.0,74570.93,19846.31,54724.63,4805.33,4.96,-0.4677,968.45,438.66,310.46,1500.0,981.3,976.99,0.217,201.54,251.08,40.31,443.38,1.2458,0.0428,4.2856,2.502,10.0,0.0,0.0,BENIGN_WEB
9.7149,22.0,7.0,15.0,16167.25,3532.01,12635.24,1664.17,2.26,-0.5631,734.87,440.53,74.08,1500.0,705.4,787.27,0.1975,441.59,331.42,88.32,971.49,0.7505,0.0354,4.4794,2.8008,8.0,0.0,0.0,BENIGN_WEB
20.5223,1076.0,210.0,866.0,1547341.26,112166.18,1435175.09,75397.99,52.43,-0.855,1438.05,334.27,936.64,1500.0,1478.39,1557.89,0.2839,26.08,16.44,5.22,57.38,0.6302,0.0775,2.9325,2.3701,15.0,0.0,0.0,BENIGN_STREAMING
28.7007,40.0,11.0,29.0,36075.67,6927.92,29147.75,1256.96,1.39,-0.6159,901.89,405.06,294.31,1500.0,841.14,912.56,0.5502,717.52,1119.83,143.5,1578.54,1.5607,0.1344,3.6425,2.6851,11.0,0.0,0.0,BENIGN_WEB
13.2613,34.0,11.0,23.0,24393.56,3161.42,21232.14,1839.45,2.56,-0.7408,717.46,464.8,40.0,1500.0,752.54,694.35,0.5518,390.04,566.03,78.01,858.09,1.4512,0.0832,4.9911,2.2467,12.0,0.0,0.0,BENIGN_WEB
16.1872,31.0,8.0,23.0,23617.52,2852.93,20764.59,1459.03,1.92,-0.7584,761.86,351.87,234.05,1395.23,799.27,800.29,0.4008,522.17,482.03,104.43,1148.77,0.9231,0.0485,3.7884,2.4693,15.0,0.0,0.0,BENIGN_WEB
5.9197,53.0,20.0,33.0,38361.39,3910.46,34450.94,6480.29,8.95,-0.7961,723.8,523.79,40.0,1500.0,821.03,679.06,0.3238,111.69,158.59,22.34,245.72,1.4199,0.094,4.6997,3.0753,17.0,0.0,0.0,BENIGN_WEB
3.3277,57.0,18.0,39.0,43878.51,8602.73,35275.78,13185.67,17.13,-0.6079,769.8,404.36,163.27,1497.64,687.7,786.25,0.4281,58.38,102.1,11.68,128.44,1.7488,0.074,3.8635,2.8202,20.0,0.0,0.0,BENIGN_WEB
30.8846,32.0,12.0,20.0,31120.62,6907.8,24212.82,1007.64,1.04,-0.5561,972.52,447.49,301.29,1500.0,992.34,1049.64,0.3451,965.14,1558.42,193.03,2123.32,1.6147,0.0545,3.696,2.9782,14.0,0.0,0.0,BENIGN_WEB
5.3868,51.0,21.0,30.0,35346.53,8102.81,27243.72,6561.67,9.47,-0.5415,693.07,439.26,40.0,1483.73,749.58,695.29,0.2444,105.62,78.39,21.12,232.37,0.7421,0.0245,4.5702,2.1232,19.0,0.0,0.0,BENIGN_WEB
20.7829,60.0,17.0,43.0,60508.5,8106.2,52402.3,2911.46,2.89,-0.7321,1008.47,397.94,411.57,1500.0,895.45,1047.71,0.2793,346.38,577.58,69.28,762.04,1.6675,0.0437,4.4428,2.7185,10.0,0.0,0.0,BENIGN_WEB
24.0632,1976.0,373.0,1603.0,2510787.16,255956.8,2254830.36,104341.57,82.12,-0.7961,1270.64,365.69,722.1,1500.0,1324.81,1152.26,0.5561,7.61,2.95,1.52,16.74,0.3883,0.1468,3.769,2.6508,22.0,0.0,0.0,BENIGN_STREAMING
65.124,1409.0,196.0,1213.0,1926305.71,184120.34,1742185.38,29579.03,21.64,-0.8088,1367.14,385.61,788.73,1500.0,1365.93,1315.41,0.3427,10.96,5.34,2.19,24.11,0.4875,0.0737,3.3816,2.4279,12.0,0.0,0.0,BENIGN_STREAMING
123.2931,1598.0,283.0,1315.0,2043455.57,192380.5,1851075.08,16573.96,12.96,-0.8117,1278.76,255.5,895.51,1500.0,1128.71,1168.11,0.2014,26.61,20.68,5.32,58.55,0.777,0.0556,2.9592,2.4108,23.0,0.0,0.0,BENIGN_STREAMING
8.0453,53.0,19.0,34.0,54777.11,4982.27,49794.84,6808.61,6.59,-0.8181,1033.53,349.99,508.54,1500.0,1068.61,1109.46,0.4365,151.8,123.93,30.36,333.95,0.8164,0.0876,4.6352,2.5006,11.0,0.0,0.0,BENIGN_WEB
10.7527,51.0,21.0,30.0,51255.26,13305.41,37949.85,4766.75,4.74,-0.4808,1005.01,401.79,402.32,1500.0,1013.16,1034.97,0.2324,210.84,335.28,42.17,463.84,1.5903,0.0509,4.6181,2.3018,13.0,0.0,0.0,BENIGN_WEB
23.4894,48.0,17.0,31.0,35098.01,8179.87,26918.14,1494.21,2.04,-0.5339,731.21,461.53,40.0,1500.0,773.58,651.08,0.4437,489.36,687.72,97.87,1076.6,1.4053,0.0105,3.8826,2.9684,14.0,0.0,0.0,BENIGN_WEB
8.8515,75.0,27.0,48.0,47052.72,4401.85,42650.86,5315.81,8.47,-0.8129,627.37,431.82,40.0,1404.65,594.94,695.48,0.3035,118.02,106.76,23.6,259.64,0.9046,0.0879,4.1453,2.1212,8.0,0.0,0.0,BENIGN_WEB
24.3932,1975.0,373.0,1602.0,2514970.9,275548.41,2239422.48,103101.16,80.97,-0.7809,1273.4,309.42,809.27,1500.0,1401.43,1301.87,0.5383,12.05,4.87,2.41,26.52,0.4041,0.1539,3.473,2.8569,21.0,0.0,0.0,BENIGN_STREAMING
58.3626,309.0,41.0,268.0,428825.7,13287.19,415538.51,7347.61,5.29,-0.938,1387.79,419.54,758.48,1500.0,1512.81,1505.22,0.5263,10.74,4.87,2.15,23.63,0.4532,0.1561,2.9714,2.7433,21.0,0.0,0.0,BENIGN_STREAMING
30.1964,72.0,21.0,51.0,71082.25,7642.83,63439.42,2354.0,2.38,-0.785,987.25,412.0,369.25,1500.0,989.87,1047.55,0.1916,419.39,492.42,83.88,922.67,1.1741,0.1353,3.8995,2.6097,18.0,0.0,0.0,BENIGN_WEB
26.5239,20.0,7.0,13.0,19070.3,2153.77,16916.53,718.99,0.75,-0.7741,953.51,501.26,201.63,1500.0,1001.99,1067.36,0.4321,1326.19,2271.4,265.24,2917.62,1.7127,0.0636,3.6558,2.3557,13.0,0.0,0.0,BENIGN_WEB
48.7574,2029.0,266.0,1763.0,2841563.27,244374.85,2597188.43,58279.69,41.61,-0.828,1400.47,364.7,853.42,1500.0,1197.99,1510.66,0.2559,13.93,9.86,2.79,30.64,0.7081,0.0888,3.0505,2.4287,20.0,0.0,0.0,BENIGN_STREAMING
23.3848,58.0,17.0,41.0,61825.81,14880.9,46944.9,2643.84,2.48,-0.5186,1065.96,476.48,351.25,1500.0,1133.7,908.33,0.1839,403.19,503.89,80.64,887.01,1.2498,0.0565,4.6456,2.4194,18.0,0.0,0.0,BENIGN_WEB
4.4565,46.0,18.0,28.0,36886.98,6783.3,30103.68,8277.03,10.32,-0.6322,801.89,347.09,281.25,1426.65,776.86,803.69,0.494,96.88,142.72,19.38,213.14,1.4732,0.0307,5.0666,2.6302,19.0,0.0,0.0,BENIGN_WEB
21.047,69.0,23.0,46.0,57013.46,12315.32,44698.13,2708.87,3.28,-0.568,826.28,478.44,108.62,1500.0,830.34,752.88,0.3691,305.03,489.71,61.01,671.06,1.6054,0.0997,4.4859,2.1334,13.0,0.0,0.0,BENIGN_WEB
56.566,1012.0,208.0,804.0,1294216.89,35005.14,1259211.75,22879.78,17.89,-0.9459,1278.87,329.92,783.99,1500.0,1300.28,1343.91,0.3806,20.86,10.51,4.17,45.89,0.5039,0.0777,3.3042,2.8273,19.0,0.0,0.0,BENIGN_STREAMING
2.3762,71.0,25.0,46.0,62533.49,13881.64,48651.85,26317.07,29.88,-0.556,880.75,330.79,384.56,1476.18,954.22,993.77,0.3494,33.47,58.41,6.69,73.63,1.7454,0.0392,4.4672,2.3511,17.0,0.0,0.0,BENIGN_WEB
43.4991,527.0,78.0,449.0,629101.55,53020.79,576080.75,14462.41,12.12,-0.8314,1193.74,255.8,810.04,1500.0,1354.5,1240.5,0.2238,10.81,5.37,2.16,23.78,0.4968,0.1798,3.6022,2.7141,15.0,0.0,0.0,BENIGN_STREAMING
19.321,65.0,27.0,38.0,66593.52,13573.07,53020.46,3446.7,3.36,-0.5924,1024.52,515.46,251.33,1500.0,1169.08,1006.12,0.2156,297.25,337.0,59.45,653.94,1.1337,0.1363,4.6208,2.1566,13.0,0.0,0.0,BENIGN_WEB
11.7221,57.0,22.0,35.0,61101.22,9367.51,51733.71,5212.49,4.86,-0.6934,1071.95,329.13,578.25,1500.0,1144.57,943.72,0.2952,205.65,341.06,41.13,452.43,1.6585,0.0393,4.7577,2.4267,12.0,0.0,0.0,BENIGN_WEB
139.5878,1412.0,225.0,1187.0,1934915.01,84037.02,1850877.99,13861.64,10.12,-0.9131,1370.34,307.57,908.98,1500.0,1209.75,1251.76,0.324,7.37,4.56,1.47,16.22,0.618,0.0894,3.8676,2.4941,11.0,0.0,0.0,BENIGN_STREAMING
9.7369,76.0,25.0,51.0,69570.95,12268.35,57302.6,7145.09,7.81,-0.6473,915.41,552.49,86.67,1500.0,1040.99,983.44,0.6116,128.12,130.77,25.62,281.86,1.0207,0.0721,4.2841,2.928,17.0,0.0,0.0,BENIGN_WEB
34.0377,945.0,184.0,761.0,1125632.42,50964.62,1074667.81,33070.14,27.76,-0.9094,1191.15,358.22,653.82,1500.0,1300.02,1284.98,0.502,17.32,9.96,3.46,38.11,0.575,0.0821,2.9156,2.3616,23.0,0.0,0.0,BENIGN_STREAMING
8.1734,71.0,21.0,50.0,50763.11,5381.41,45381.7,6210.77,8.69,-0.788,714.97,357.18,179.21,1357.89,656.04,816.28,0.3204,115.12,167.09,23.02,253.26,1.4515,0.0574,4.2614,2.4851,19.0,0.0,0.0,BENIGN_WEB
30.7186,63.0,26.0,37.0,53672.65,12926.95,40745.7,1747.23,2.05,-0.5183,851.95,502.08,98.83,1500.0,891.97,893.85,0.5484,487.6,419.8,97.52,1072.71,0.8609,0.0786,4.5335,2.6558,12.0,0.0,0.0,BENIGN_WEB
25.6291,40.0,13.0,27.0,29068.46,3849.44,25219.02,1134.2,1.56,-0.7351,726.71,455.81,43.0,1500.0,818.04,635.71,0.2963,640.73,1033.29,128.15,1409.6,1.6127,0.0459,4.4267,2.1517,12.0,0.0,0.0,BENIGN_WEB
149.3165,1726.0,267.0,1459.0,2164718.0,64567.73,2100150.27,14497.52,11.56,-0.9403,1254.18,267.02,853.66,1500.0,1101.1,1312.6,0.5974,27.89,9.95,5.58,61.36,0.3568,0.157,3.4712,2.7363,16.0,0.0,0.0,BENIGN_STREAMING
8.3343,19.0,7.0,12.0,12627.66,3157.01,9470.65,1515.15,2.28,-0.5,664.61,558.66,40.0,1500.0,671.84,628.19,0.3697,438.64,338.51,87.73,965.02,0.7717,0.1039,5.0481,2.2695,19.0,0.0,0.0,BENIGN_WEB
25.6602,61.0,22.0,39.0,58043.43,6265.84,51777.59,2262.0,2.38,-0.7841,951.53,497.13,205.84,1500.0,1011.56,989.82,0.293,420.66,663.05,84.13,925.45,1.5762,0.0398,3.9697,2.4358,20.0,0.0,0.0,BENIGN_WEB
29.6731,79.0,31.0,48.0,49124.74,13258.18,35866.56,1655.53,2.66,-0.4602,621.83,425.16,40.0,1387.13,541.8,583.67,0.4954,375.61,428.45,75.12,826.34,1.1407,0.0408,3.7628,2.7356,21.0,0.0,0.0,BENIGN_WEB
6.9466,58.0,23.0,35.0,56542.99,10800.07,45742.92,8139.62,8.35,-0.618,974.88,364.93,427.49,1500.0,991.83,879.85,0.259,119.77,185.17,23.95,263.49,1.5461,0.1037,3.7581,2.9644,21.0,0.0,0.0,BENIGN_WEB
120.0435,2121.0,446.0,1675.0,2720966.2,101966.41,2618999.79,22666.51,17.67,-0.9251,1282.87,240.63,921.93,1500.0,1460.05,1363.6,0.3278,20.12,15.55,4.02,44.26,0.7729,0.1152,3.4931,2.4557,23.0,0.0,0.0,BENIGN_STREAMING
14.4287,35.0,14.0,21.0,22690.36,6202.76,16487.6,1572.58,2.43,-0.4533,648.3,458.65,40.0,1473.87,592.15,567.09,0.2848,412.25,431.22,82.45,906.95,1.046,0.1141,3.9452,2.5477,15.0,0.0,0.0,BENIGN_WEB
147.5802,1017.0,158.0,859.0,1379997.49,57742.66,1322254.83,9350.83,6.89,-0.9163,1356.93,345.24,839.07,1500.0,1283.98,1164.96,0.3311,17.39,11.48,3.48,38.25,0.6602,0.0718,3.5827,2.8151,10.0,0.0,0.0,BENIGN_STREAMING
30.1182,31.0,11.0,20.0,32021.92,4981.79,27040.13,1063.21,1.03,-0.6889,1032.97,573.97,172.01,1500.0,1155.89,1027.23,0.2492,971.55,872.27,194.31,2137.42,0.8978,0.0987,4.4712,2.1093,17.0,0.0,0.0,BENIGN_WEB
68.7526,1831.0,374.0,1457.0,2433810.86,262325.59,2171485.28,35399.55,26.63,-0.7844,1329.22,266.26,929.84,1500.0,1423.81,1229.71,0.2652,20.69,8.23,4.14,45.52,0.3978,0.1669,3.0942,2.5443,21.0,0.0,0.0,BENIGN_STREAMING
8.8003,64.0,20.0,44.0,61146.97,6028.46,55118.51,6948.3,7.27,-0.8028,955.42,514.11,184.25,1500.0,916.28,824.83,0.54,137.5,162.55,27.5,302.51,1.1821,0.0466,4.9637,2.4725,19.0,0.0,0.0,BENIGN_WEB
2.5516,68.0,22.0,46.0,52651.84,7128.78,45523.07,20635.07,26.65,-0.7292,774.29,504.93,40.0,1500.0,739.83,761.39,0.2495,37.52,27.13,7.5,82.55,0.723,0.0219,4.7877,2.3745,13.0,0.0,0.0,BENIGN_WEB
5.32,33.0,10.0,23.0,21079.09,5775.64,15303.45,3962.22,6.2,-0.452,638.76,349.25,114.88,1267.42,602.49,716.75,0.2428,161.21,152.97,32.24,354.67,0.9488,0.0197,4.7882,2.5421,16.0,0.0,0.0,BENIGN_WEB
139.4134,1211.0,147.0,1064.0,1725499.75,181032.3,1544467.45,12376.86,8.69,-0.7902,1424.86,379.03,856.31,1500.0,1343.66,1335.29,0.1878,14.07,9.31,2.81,30.95,0.662,0.0825,3.194,2.6039,21.0,0.0,0.0,BENIGN_STREAMING
29.2724,39.0,13.0,26.0,41057.35,8362.46,32694.89,1402.59,1.33,-0.5926,1052.75,420.2,422.45,1500.0,916.35,1006.65,0.5581,750.58,1188.33,150.12,1651.27,1.5832,0.0994,4.0847,2.2553,20.0,0.0,0.0,BENIGN_WEB
2.2588,18.0,5.0,13.0,16243.33,1734.33,14508.99,7190.98,7.97,-0.7865,902.41,430.52,256.63,1500.0,792.39,858.43,0.3125,125.49,116.69,25.1,276.08,0.9299,0.016,4.8856,2.2406,18.0,0.0,0.0,BENIGN_WEB
14.1788,61.0,23.0,38.0,44181.18,5814.95,38366.23,3116.01,4.3,-0.7368,724.28,346.43,204.64,1347.85,759.43,770.49,0.5744,232.44,226.47,46.49,511.37,0.9743,0.0256,5.0975,2.4165,8.0,0.0,0.0,BENIGN_WEB
8.7409,24.0,8.0,16.0,20109.08,1933.4,18175.68,2300.57,2.75,-0.8077,837.88,416.66,212.9,1500.0,906.21,944.22,0.3764,364.2,462.28,72.84,801.25,1.2693,0.0397,4.4054,2.1526,16.0,0.0,0.0,BENIGN_WEB
152.6895,2178.0,372.0,1806.0,2918517.21,156996.91,2761520.3,19114.06,14.26,-0.8924,1340.0,304.57,883.14,1500.0,1528.82,1225.87,0.602,17.36,11.21,3.47,38.2,0.6456,0.075,2.9188,2.2288,15.0,0.0,0.0,BENIGN_STREAMING
2.6976,23.0,7.0,16.0,21562.5,4287.41,17275.09,7993.36,8.53,-0.6023,937.5,506.21,178.18,1500.0,831.08,917.69,0.2804,117.28,111.92,23.46,258.03,0.9542,0.0577,4.4038,2.1313,16.0,0.0,0.0,BENIGN_WEB
62.6489,1084.0,224.0,860.0,1372149.29,135577.72,1236571.57,21902.2,17.3,-0.8024,1265.82,400.78,664.65,1500.0,1261.82,1184.91,0.227,10.15,4.04,2.03,22.33,0.3978,0.1388,3.1393,2.3969,12.0,0.0,0.0,BENIGN_STREAMING
55.1091,766.0,95.0,671.0,915175.16,62794.93,852380.23,16606.61,13.9,-0.8628,1194.75,355.14,662.04,1500.0,1218.32,1183.2,0.1808,7.4,3.43,1.48,16.29,0.463,0.1735,3.7028,2.3942,13.0,0.0,0.0,BENIGN_STREAMING
130.7852,1424.0,233.0,1191.0,1732070.28,136169.18,1595901.1,13243.63,10.89,-0.8428,1216.34,310.09,751.21,1500.0,1334.51,1306.64,0.3533,15.03,6.31,3.01,33.08,0.4198,0.1234,3.4004,2.7683,10.0,0.0,0.0,BENIGN_STREAMING
28.9848,1057.0,190.0,867.0,1506377.83,156451.9,1349925.93,51971.39,36.47,-0.7923,1425.14,328.07,933.04,1500.0,1635.25,1325.61,0.4681,10.52,4.77,2.1,23.15,0.4531,0.1759,3.1217,2.5096,21.0,0.0,0.0,BENIGN_STREAMING
3.6087,73.0,21.0,52.0,51132.82,10973.66,40159.16,14169.33,20.23,-0.5708,700.45,478.33,40.0,1500.0,688.73,725.35,0.365,49.43,45.28,9.89,108.76,0.9159,0.1165,4.2772,2.982,16.0,0.0,0.0,BENIGN_WEB
23.6865,1751.0,222.0,1529.0,2518679.81,190342.9,2328336.92,106334.0,73.92,-0.8489,1438.42,358.62,900.5,1500.0,1292.41,1636.93,0.3289,14.79,10.12,2.96,32.54,0.6844,0.1553,3.4258,2.6412,11.0,0.0,0.0,BENIGN_STREAMING
25.6027,52.0,16.0,36.0,40400.92,10375.98,30024.94,1577.99,2.03,-0.4863,776.94,551.45,40.0,1500.0,770.61,833.69,0.3136,492.36,827.24,98.47,1083.19,1.6801,0.0166,3.7257,2.7943,20.0,0.0,0.0,BENIGN_WEB
77.3134,1938.0,387.0,1551.0,2700965.89,288412.62,2412553.27,34935.29,25.07,-0.7864,1393.69,362.02,850.66,1500.0,1543.21,1525.64,0.4555,18.51,13.35,3.7,40.71,0.7212,0.1735,3.6602,2.8834,23.0,0.0,0.0,BENIGN_STREAMING
19.086,15.0,5.0,10.0,14766.38,2765.96,12000.42,773.68,0.79,-0.6254,984.43,337.19,478.64,1500.0,950.85,1027.02,0.4019,1272.4,1370.24,254.48,2799.28,1.0769,0.1016,4.9784,2.5399,18.0,0.0,0.0,BENIGN_WEB
13.3208,69.0,25.0,44.0,67452.94,8176.48,59276.46,5063.72,5.18,-0.7576,977.58,536.05,173.5,1500.0,877.17,833.4,0.5815,193.06,139.85,38.61,424.72,0.7244,0.0964,3.7068,2.2452,10.0,0.0,0.0,BENIGN_WEB
23.8319,630.0,109.0,521.0,803700.36,27927.11,775773.25,33723.79,26.44,-0.9305,1275.71,400.57,674.87,1500.0,1212.89,1259.6,0.5371,7.5,3.52,1.5,16.49,0.469,0.0729,3.0424,2.8748,23.0,0.0,0.0,BENIGN_STREAMING
68.0295,822.0,142.0,680.0,1064551.47,57195.08,1007356.39,15648.38,12.08,-0.8925,1295.07,372.79,735.9,1500.0,1328.29,1161.63,0.3012,20.63,7.37,4.13,45.38,0.357,0.1307,2.9733,2.5275,18.0,0.0,0.0,BENIGN_STREAMING
28.4062,43.0,13.0,30.0,29635.48,3908.83,25726.65,1043.27,1.51,-0.7362,689.2,369.49,134.96,1354.28,708.11,592.5,0.4236,660.61,766.77,132.12,1453.34,1.1607,0.0646,4.7185,2.5544,18.0,0.0,0.0,BENIGN_WEB
8.9187,75.0,27.0,48.0,65356.6,11422.26,53934.34,7328.0,8.41,-0.6505,871.42,568.99,40.0,1500.0,884.44,829.85,0.5367,118.92,150.81,23.78,261.62,1.2682,0.0223,4.5632,2.5941,13.0,0.0,0.0,BENIGN_WEB
25.9249,52.0,16.0,36.0,40178.45,9245.52,30932.93,1549.8,2.01,-0.5398,772.66,427.35,131.64,1500.0,803.65,747.24,0.4936,498.56,857.33,99.71,1096.82,1.7196,0.0143,4.3909,3.0347,12.0,0.0,0.0,BENIGN_WEB
101.2092,944.0,146.0,798.0,1249831.15,114393.33,1135437.82,12348.99,9.33,-0.8169,1323.97,353.82,793.25,1500.0,1455.22,1331.25,0.3592,13.68,9.98,2.74,30.09,0.7297,0.0556,3.017,2.5956,22.0,0.0,0.0,BENIGN_STREAMING
67.569,1407.0,170.0,1237.0,1963918.22,125466.77,1838451.44,29065.35,20.82,-0.8722,1395.82,366.9,845.47,1500.0,1294.95,1415.79,0.2504,6.89,5.24,1.38,15.17,0.7595,0.1681,3.4468,2.5265,12.0,0.0,0.0,BENIGN_STREAMING
118.7291,1258.0,161.0,1097.0,1793978.39,82996.79,1710981.61,15109.85,10.6,-0.9075,1426.06,298.67,978.06,1500.0,1295.27,1245.91,0.3002,19.3,14.38,3.86,42.46,0.7451,0.179,3.6589,2.76,17.0,0.0,0.0,BENIGN_STREAMING
20.3313,56.0,22.0,34.0,57853.41,7875.93,49977.48,2845.54,2.75,-0.7277,1033.1,531.35,236.07,1500.0,1003.85,968.2,0.3529,363.06,444.68,72.61,798.73,1.2248,0.0701,4.0335,2.1155,13.0,0.0,0.0,BENIGN_WEB
25.5322,24.0,6.0,18.0,25194.07,4929.54,20264.53,986.76,0.94,-0.6087,1049.75,351.58,522.38,1500.0,1036.37,1055.32,0.4355,1063.84,1142.84,212.77,2340.45,1.0743,0.1304,4.1051,2.1908,8.0,0.0,0.0,BENIGN_WEB
112.3528,1226.0,180.0,1046.0,1706149.82,152907.07,1553242.75,15185.65,10.91,-0.8208,1391.64,297.86,944.85,1500.0,1311.59,1429.75,0.223,21.78,9.92,4.36,47.92,0.4553,0.139,3.3135,2.388,19.0,0.0,0.0,BENIGN_STREAMING
11.8956,16.0,5.0,11.0,17023.98,1853.12,15170.85,1431.12,1.35,-0.7823,1064.0,557.11,228.33,1500.0,982.06,950.59,0.2237,743.48,874.38,148.7,1635.65,1.1761,0.0157,4.2754,2.2062,13.0,0.0,0.0,BENIGN_WEB
26.7955,51.0,15.0,36.0,32881.91,7750.45,25131.46,1227.14,1.9,-0.5286,644.74,463.07,40.0,1478.26,633.97,721.99,0.1968,525.4,812.74,105.08,1155.88,1.5469,0.1263,4.9474,2.1928,8.0,0.0,0.0,BENIGN_WEB
27.3334,1790.0,240.0,1550.0,2364791.9,171901.19,2192890.71,86516.52,65.49,-0.8546,1321.11,260.57,930.25,1500.0,1167.96,1258.45,0.4555,12.26,6.98,2.45,26.98,0.5691,0.1389,3.5253,2.6645,22.0,0.0,0.0,BENIGN_STREAMING
96.8628,1920.0,274.0,1646.0,2377554.33,147546.94,2230007.39,24545.58,19.82,-0.8759,1238.31,282.43,814.67,1500.0,1164.32,1410.33,0.5245,24.33,18.19,4.87,53.54,0.7474,0.0658,3.8374,2.9411,10.0,0.0,0.0,BENIGN_STREAMING
46.1999,669.0,145.0,524.0,934053.56,101778.21,832275.36,20217.66,14.48,-0.7821,1396.19,350.75,870.06,1500.0,1262.43,1245.84,0.4292,19.57,8.19,3.91,43.06,0.4183,0.123,3.2371,2.2018,22.0,0.0,0.0,BENIGN_STREAMING
22.1159,62.0,25.0,37.0,59075.02,8321.5,50753.52,2671.16,2.8,-0.7183,952.82,373.53,392.53,1500.0,997.74,962.87,0.3554,356.71,554.06,71.34,784.76,1.5533,0.0981,5.0042,2.6337,9.0,0.0,0.0,BENIGN_WEB
8.7168,50.0,18.0,32.0,48291.22,4636.7,43654.52,5540.04,5.74,-0.808,965.82,456.11,281.66,1500.0,860.12,824.1,0.444,174.34,210.96,34.87,383.54,1.2101,0.088,4.3,2.5508,16.0,0.0,0.0,BENIGN_WEB
8.5594,59.0,21.0,38.0,40785.92,10797.38,29988.54,4765.07,6.89,-0.4705,691.29,439.84,40.0,1483.0,701.17,655.18,0.2182,145.07,173.89,29.01,319.16,1.1986,0.0773,3.8141,2.667,14.0,0.0,0.0,BENIGN_WEB
146.5972,1094.0,210.0,884.0,1427257.62,130496.17,1296761.46,9735.91,7.46,-0.8171,1304.62,381.43,732.48,1500.0,1365.56,1171.88,0.5714,12.63,5.4,2.53,27.8,0.4272,0.1346,3.4196,2.9476,20.0,0.0,0.0,BENIGN_STREAMING
8.0835,70.0,26.0,44.0,72063.52,9881.37,62182.15,8914.85,8.66,-0.7258,1029.48,470.58,323.6,1500.0,919.67,968.36,0.3141,115.48,163.6,23.1,254.05,1.4167,0.0985,3.8444,2.8355,13.0,0.0,0.0,BENIGN_WEB
91.7004,1554.0,263.0,1291.0,2082337.45,89024.98,1993312.47,22708.05,16.95,-0.9145,1339.99,255.55,956.67,1500.0,1245.77,1234.77,0.5569,26.86,15.38,5.37,59.09,0.5725,0.0715,3.7816,2.5648,19.0,0.0,0.0,BENIGN_STREAMING
121.418,1204.0,250.0,954.0,1423935.79,66113.8,1357822.0,11727.56,9.92,-0.9071,1182.67,376.77,617.51,1500.0,1203.92,1230.69,0.5637,13.47,10.01,2.69,29.64,0.7431,0.09,2.9516,2.7725,21.0,0.0,0.0,BENIGN_STREAMING
87.854,1740.0,244.0,1496.0,2432046.02,68953.31,2363092.71,27682.81,19.81,-0.9433,1397.73,374.36,836.19,1500.0,1226.27,1537.77,0.2655,6.31,2.35,1.26,13.89,0.3717,0.0847,2.9549,2.6858,11.0,0.0,0.0,BENIGN_STREAMING
23.0296,34.0,13.0,21.0,24161.93,6164.93,17997.0,1049.17,1.48,-0.4897,710.64,402.44,106.98,1435.04,753.62,669.46,0.5595,677.34,636.07,135.47,1490.15,0.9391,0.0725,3.6163,2.4109,13.0,0.0,0.0,BENIGN_WEB
4.0131,79.0,26.0,53.0,73076.01,14922.66,58153.36,18209.21,19.69,-0.5916,925.01,459.51,235.75,1500.0,1055.95,842.48,0.2985,50.8,69.5,10.16,111.76,1.3682,0.0471,3.9917,2.2348,18.0,0.0,0.0,BENIGN_WEB
21.8284,31.0,10.0,21.0,27782.98,4606.56,23176.42,1272.79,1.42,-0.6684,896.23,567.26,45.33,1500.0,966.38,917.09,0.5894,704.14,1178.46,140.83,1549.11,1.6736,0.0204,4.1031,2.4475,21.0,0.0,0.0,BENIGN_WEB
24.426,73.0,22.0,51.0,77586.02,18099.13,59486.89,3176.37,2.99,-0.5334,1062.82,384.47,486.12,1500.0,1178.41,1161.89,0.5515,334.6,274.72,66.92,736.13,0.821,0.0581,3.8634,2.5727,13.0,0.0,0.0,BENIGN_WEB
14.0692,46.0,19.0,27.0,43052.28,5294.72,37757.56,3060.04,3.27,-0.754,935.92,541.59,123.54,1500.0,1051.36,929.72,0.3144,305.85,409.89,61.17,672.87,1.3402,0.0311,3.6686,3.0629,18.0,0.0,0.0,BENIGN_WEB
118.3743,1598.0,262.0,1336.0,2284894.6,234092.67,2050801.93,19302.29,13.5,-0.7951,1429.85,371.26,872.96,1500.0,1253.32,1249.67,0.2558,19.55,11.94,3.91,43.01,0.6107,0.0844,3.1811,2.9271,19.0,0.0,0.0,BENIGN_STREAMING
33.1088,1526.0,290.0,1236.0,1997927.55,141633.23,1856294.33,60344.34,46.09,-0.8582,1309.26,348.63,786.31,1500.0,1328.31,1139.34,0.2055,18.88,7.45,3.78,41.53,0.3944,0.1614,3.2911,2.5799,12.0,0.0,0.0,BENIGN_STREAMING
83.8646,1230.0,229.0,1001.0,1695803.52,184637.17,1511166.35,20220.72,14.67,-0.7822,1378.7,369.78,824.03,1500.0,1551.85,1521.06,0.537,19.91,11.73,3.98,43.81,0.5892,0.1068,3.523,2.7143,15.0,0.0,0.0,BENIGN_STREAMING
75.002,1896.0,252.0,1644.0,2392689.33,134419.81,2258269.52,31901.67,25.28,-0.8876,1261.97,403.53,656.67,1500.0,1349.07,1274.59,0.2409,26.18,19.01,5.24,57.61,0.7259,0.1653,3.6675,2.5745,22.0,0.0,0.0,BENIGN_STREAMING
26.1257,18.0,5.0,13.0,16581.22,2733.98,13847.25,634.67,0.69,-0.6702,921.18,400.14,320.96,1500.0,938.18,793.23,0.6194,1451.43,1916.06,290.29,3193.14,1.3201,0.0322,3.7379,2.6481,9.0,0.0,0.0,BENIGN_WEB
14.4469,15.0,5.0,10.0,14834.24,2026.72,12807.52,1026.81,1.04,-0.7268,988.95,397.3,393.0,1500.0,1094.82,1010.49,0.2828,963.12,1613.05,192.62,2118.87,1.6748,0.0617,3.7395,3.0409,17.0,0.0,0.0,BENIGN_WEB
31.9713,1423.0,217.0,1206.0,1956208.55,168382.39,1787826.17,61186.49,44.51,-0.8278,1374.71,263.71,979.15,1500.0,1335.59,1531.82,0.5573,25.53,12.56,5.11,56.16,0.4919,0.1236,3.1928,2.6748,12.0,0.0,0.0,BENIGN_STREAMING
47.9112,1338.0,216.0,1122.0,1670839.57,52365.9,1618473.67,34873.66,27.93,-0.9373,1248.76,415.96,624.82,1500.0,1181.66,1074.53,0.5596,25.74,13.57,5.15,56.63,0.5273,0.0583,2.9347,2.816,13.0,0.0,0.0,BENIGN_STREAMING
142.0376,697.0,123.0,574.0,919310.99,52142.18,867168.81,6472.31,4.91,-0.8866,1318.95,254.95,936.53,1500.0,1266.18,1136.67,0.5341,12.27,8.89,2.45,26.99,0.7244,0.0552,3.093,2.2319,21.0,0.0,0.0,BENIGN_STREAMING
18.9284,51.0,16.0,35.0,32519.67,5907.3,26612.37,1718.03,2.69,-0.6367,637.64,417.0,40.0,1388.25,682.46,721.51,0.5144,371.15,585.54,74.23,816.52,1.5777,0.0436,5.0013,2.7486,20.0,0.0,0.0,BENIGN_WEB
67.3885,560.0,71.0,489.0,663285.54,34451.73,628833.81,9842.71,8.31,-0.8961,1184.44,393.56,594.09,1500.0,1036.54,1108.55,0.4793,24.85,10.07,4.97,54.66,0.4055,0.1306,3.0354,2.7391,22.0,0.0,0.0,BENIGN_STREAMING
61.4679,740.0,149.0,591.0,952742.83,54873.08,897869.75,15499.84,12.04,-0.8848,1287.49,320.24,807.13,1500.0,1458.17,1311.78,0.4178,24.72,9.85,4.94,54.38,0.3986,0.1286,3.1966,2.4184,16.0,0.0,0.0,BENIGN_STREAMING
52.0689,2091.0,377.0,1714.0,2690434.95,252583.84,2437851.11,51670.69,40.16,-0.8122,1286.67,413.02,667.15,1500.0,1198.6,1221.94,0.5524,8.52,3.51,1.7,18.74,0.4116,0.1032,3.4031,2.7185,18.0,0.0,0.0,BENIGN_STREAMING
119.5187,1900.0,294.0,1606.0,2674669.45,103616.02,2571053.43,22378.67,15.9,-0.9225,1407.72,278.66,989.73,1500.0,1321.48,1246.99,0.1952,8.8,3.1,1.76,19.37,0.3516,0.1203,2.9914,2.8064,22.0,0.0,0.0,BENIGN_STREAMING
26.0414,19.0,7.0,12.0,19923.04,3906.84,16016.2,765.05,0.73,-0.6078,1048.58,346.52,528.8,1500.0,1056.94,1072.33,0.3518,1370.6,1398.12,274.12,3015.32,1.0201,0.0319,3.8485,2.1243,20.0,0.0,0.0,BENIGN_WEB
90.5199,1326.0,172.0,1154.0,1895495.46,168897.3,1726598.16,20940.1,14.65,-0.8218,1429.48,389.65,845.01,1500.0,1297.83,1609.25,0.2993,12.85,9.09,2.57,28.27,0.7077,0.09,2.9178,2.3305,10.0,0.0,0.0,BENIGN_STREAMING
2.7742,68.0,28.0,40.0,42176.34,6269.74,35906.6,15203.18,24.51,-0.7027,620.24,462.02,40.0,1451.88,609.63,690.93,0.5443,40.8,42.05,8.16,89.75,1.0308,0.0713,4.037,2.9298,13.0,0.0,0.0,BENIGN_WEB
114.1315,1637.0,337.0,1300.0,2268011.8,162242.51,2105769.29,19871.92,14.34,-0.8569,1385.47,364.48,838.74,1500.0,1205.88,1290.22,0.1813,7.29,5.45,1.46,16.04,0.7475,0.1444,3.0985,2.3955,21.0,0.0,0.0,BENIGN_STREAMING
16.6712,19.0,6.0,13.0,19156.0,2419.9,16736.1,1149.05,1.14,-0.7473,1008.21,323.04,523.65,1500.0,954.74,1118.09,0.4808,877.43,982.73,175.49,1930.35,1.12,0.0622,4.6096,2.3218,12.0,0.0,0.0,BENIGN_WEB
8.9122,36.0,14.0,22.0,23655.8,4653.04,19002.76,2654.33,4.04,-0.6066,657.11,385.63,78.67,1351.23,747.84,561.8,0.1923,247.56,310.95,49.51,544.63,1.2561,0.0913,4.1613,2.2266,11.0,0.0,0.0,BENIGN_WEB
128.9811,1080.0,203.0,877.0,1396463.12,145769.83,1250693.29,10826.89,8.37,-0.7912,1293.02,263.83,897.28,1500.0,1387.32,1261.49,0.224,13.81,10.55,2.76,30.38,0.7636,0.1691,3.83,2.2919,12.0,0.0,0.0,BENIGN_STREAMING
31.9464,76.0,25.0,51.0,56352.99,13079.53,43273.47,1763.98,2.38,-0.5358,741.49,456.0,57.49,1500.0,643.39,737.36,0.5572,420.35,593.04,84.07,924.77,1.4108,0.0232,4.4308,2.1104,17.0,0.0,0.0,BENIGN_WEB
26.2714,62.0,17.0,45.0,42082.13,6111.29,35970.84,1601.82,2.36,-0.7096,678.74,350.68,152.73,1309.96,649.47,697.86,0.322,423.73,373.3,84.75,932.21,0.881,0.0452,4.3884,2.5159,9.0,0.0,0.0,BENIGN_WEB
19.4747,81.0,23.0,58.0,71784.3,20508.7,51275.6,3686.03,4.16,-0.4286,886.23,551.28,59.31,1500.0,1011.82,899.56,0.408,240.43,311.48,48.09,528.94,1.2955,0.0981,4.7416,2.8847,13.0,0.0,0.0,BENIGN_WEB
7.5525,41.0,13.0,28.0,37210.23,4854.86,32355.37,4926.87,5.43,-0.7391,907.57,543.53,92.27,1500.0,935.45,940.87,0.4351,184.21,247.39,36.84,405.26,1.343,0.0384,4.7869,2.5845,12.0,0.0,0.0,BENIGN_WEB
7.2999,19.0,6.0,13.0,20434.12,5902.17,14531.95,2799.22,2.6,-0.4223,1075.48,437.67,418.98,1500.0,1139.41,1103.63,0.5261,384.21,631.77,76.84,845.26,1.6444,0.1113,3.6878,2.2898,14.0,0.0,0.0,BENIGN_WEB
63.2018,540.0,101.0,439.0,714849.72,25394.36,689455.36,11310.58,8.54,-0.929,1323.8,358.18,786.53,1500.0,1498.82,1334.48,0.4744,7.42,3.46,1.48,16.33,0.4663,0.1646,3.4265,2.2663,22.0,0.0,0.0,BENIGN_STREAMING
23.9002,53.0,18.0,35.0,56390.89,6856.96,49533.93,2359.43,2.22,-0.7568,1063.98,550.82,237.75,1500.0,1021.92,974.53,0.4044,450.95,525.68,90.19,992.08,1.1657,0.072,4.3495,2.5478,21.0,0.0,0.0,BENIGN_WEB
8.2991,76.0,29.0,47.0,71195.04,15138.64,56056.4,8578.64,9.16,-0.5747,936.78,572.11,78.61,1500.0,802.67,874.86,0.5537,109.2,92.67,21.84,240.24,0.8487,0.1148,5.0957,2.3966,16.0,0.0,0.0,BENIGN_WEB
93.7515,1163.0,249.0,914.0,1624410.8,167939.63,1456471.16,17326.77,12.41,-0.7932,1396.74,283.77,971.09,1500.0,1400.58,1511.89,0.5603,12.24,4.58,2.45,26.92,0.3744,0.0769,3.318,2.4093,15.0,0.0,0.0,BENIGN_STREAMING
21.8294,79.0,25.0,54.0,61136.88,17515.68,43621.2,2800.66,3.62,-0.427,773.88,361.96,230.95,1425.41,839.69,662.2,0.3027,276.32,209.91,55.26,607.91,0.7597,0.1164,5.0451,2.7209,17.0,0.0,0.0,BENIGN_WEB
10.5657,45.0,16.0,29.0,29702.54,7913.61,21788.93,2811.21,4.26,-0.4671,660.06,484.6,40.0,1500.0,590.58,670.99,0.4487,234.79,208.69,46.96,516.55,0.8888,0.0739,4.1938,2.4771,10.0,0.0,0.0,BENIGN_WEB
45.8188,767.0,149.0,618.0,1099882.26,63115.73,1036766.53,24005.03,16.74,-0.8852,1434.01,331.83,936.26,1500.0,1401.41,1636.94,0.2402,19.89,12.56,3.98,43.75,0.6313,0.0838,3.2968,2.7299,22.0,0.0,0.0,BENIGN_STREAMING
106.0386,1822.0,228.0,1594.0,2156000.3,115352.05,2040648.26,20332.22,17.18,-0.893,1183.32,336.8,678.11,1500.0,1309.12,1141.02,0.182,9.12,3.85,1.82,20.05,0.4226,0.1744,3.0611,2.3352,15.0,0.0,0.0,BENIGN_STREAMING
28.5252,65.0,21.0,44.0,50797.65,9340.71,41456.93,1780.8,2.28,-0.6322,781.5,493.8,40.81,1500.0,898.64,732.05,0.2091,438.85,430.15,87.77,965.47,0.9802,0.0459,4.9532,2.9436,10.0,0.0,0.0,BENIGN_WEB
18.8153,15.0,4.0,11.0,12791.87,2984.65,9807.21,679.87,0.8,-0.5334,852.79,564.41,40.0,1500.0,929.69,877.68,0.4433,1254.35,2010.27,250.87,2759.58,1.6026,0.0585,3.8548,2.6919,12.0,0.0,0.0,BENIGN_WEB
15.0491,22.0,7.0,15.0,15209.52,3526.25,11683.27,1010.66,1.46,-0.5363,691.34,499.66,40.0,1500.0,631.41,776.74,0.418,684.05,586.19,136.81,1504.91,0.8569,0.079,3.9349,2.8668,10.0,0.0,0.0,BENIGN_WEB
10.7929,17.0,6.0,11.0,15063.71,3886.3,11177.41,1395.71,1.58,-0.484,886.1,476.08,171.98,1500.0,956.67,855.23,0.4288,634.87,531.33,126.97,1396.72,0.8369,0.1144,3.8673,2.4698,17.0,0.0,0.0,BENIGN_WEB
28.104,22.0,8.0,14.0,23118.36,3609.23,19509.12,822.6,0.78,-0.6878,1050.83,385.77,472.18,1500.0,1149.22,961.18,0.2701,1277.45,1734.44,255.49,2810.4,1.3577,0.0398,5.073,2.7779,18.0,0.0,0.0,BENIGN_WEB
92.3738,1781.0,252.0,1529.0,2205896.11,236610.92,1969285.19,23880.11,19.28,-0.7855,1238.57,283.78,812.9,1500.0,1424.2,1347.08,0.292,15.63,8.77,3.13,34.39,0.5612,0.1154,3.7108,2.7748,11.0,0.0,0.0,BENIGN_STREAMING
148.7807,663.0,126.0,537.0,834762.04,86538.72,748223.32,5610.69,4.46,-0.7927,1259.07,252.57,880.21,1500.0,1385.77,1446.85,0.4247,7.19,5.11,1.44,15.82,0.7108,0.1066,3.6329,2.9153,19.0,0.0,0.0,BENIGN_STREAMING
18.5633,40.0,13.0,27.0,30131.87,3873.31,26258.56,1623.2,2.15,-0.7429,753.3,410.0,138.3,1491.29,778.9,818.58,0.2854,464.08,430.62,92.82,1020.98,0.9279,0.027,4.4165,2.5832,8.0,0.0,0.0,BENIGN_WEB
119.4044,1595.0,254.0,1341.0,2123000.57,204263.08,1918737.49,17779.91,13.36,-0.8076,1331.03,376.04,766.98,1500.0,1136.13,1259.41,0.1976,15.04,6.13,3.01,33.08,0.4076,0.0754,3.3674,2.8085,14.0,0.0,0.0,BENIGN_STREAMING
18.2192,23.0,9.0,14.0,23425.4,3778.31,19647.09,1285.75,1.26,-0.6774,1018.5,457.54,332.19,1500.0,1056.76,931.39,0.4328,792.14,770.92,158.43,1742.71,0.9732,0.0125,4.604,2.9952,9.0,0.0,0.0,BENIGN_WEB
16.8145,36.0,10.0,26.0,35534.47,6393.15,29141.32,2113.32,2.14,-0.6402,987.07,379.46,417.87,1500.0,971.44,987.85,0.3966,467.07,356.6,93.41,1027.55,0.7635,0.0682,3.6506,2.7586,11.0,0.0,0.0,BENIGN_WEB
41.3342,844.0,115.0,729.0,1042617.52,36134.15,1006483.37,25224.11,20.42,-0.9307,1235.33,331.91,737.46,1500.0,1165.59,1360.37,0.2983,22.28,14.08,4.46,49.02,0.6318,0.1447,3.1502,2.384,12.0,0.0,0.0,BENIGN_STREAMING
19.6049,50.0,18.0,32.0,36759.11,6188.32,30570.79,1874.99,2.55,-0.6633,735.18,359.04,196.62,1381.46,690.21,744.02,0.5337,392.1,520.98,78.42,862.62,1.3287,0.0688,3.9645,2.3447,13.0,0.0,0.0,BENIGN_WEB
6.1004,37.0,14.0,23.0,29043.63,3591.53,25452.1,4760.91,6.07,-0.7527,784.96,349.67,260.46,1414.37,795.36,828.43,0.598,164.88,233.92,32.98,362.73,1.4187,0.0148,4.99,3.0618,18.0,0.0,0.0,BENIGN_WEB
12.7528,49.0,16.0,33.0,46874.82,9608.97,37265.85,3675.65,3.84,-0.59,956.63,391.68,369.1,1500.0,889.23,895.67,0.2667,260.26,396.18,52.05,572.57,1.5222,0.0879,4.9571,2.5832,8.0,0.0,0.0,BENIGN_WEB
28.9472,27.0,9.0,18.0,24498.12,2705.92,21792.2,846.3,0.93,-0.7791,907.34,579.22,40.0,1500.0,800.58,971.93,0.3322,1072.12,1070.83,214.42,2358.66,0.9988,0.1168,5.033,2.731,10.0,0.0,0.0,BENIGN_WEB
13.0283,48.0,17.0,31.0,41249.19,6389.16,34860.04,3166.12,3.68,-0.6902,859.36,394.33,267.86,1500.0,936.62,788.72,0.6087,271.42,378.5,54.28,597.13,1.3945,0.1253,4.6682,2.1692,14.0,0.0,0.0,BENIGN_WEB
94.493,2186.0,315.0,1871.0,2648678.02,128491.27,2520186.75,28030.41,23.13,-0.903,1211.66,417.88,584.83,1500.0,1158.31,1038.34,0.5486,18.7,11.59,3.74,41.13,0.6197,0.0569,3.6657,2.3607,23.0,0.0,0.0,BENIGN_STREAMING
6.1733,16.0,6.0,10.0,13151.2,1803.88,11347.32,2130.33,2.59,-0.7257,821.95,494.53,80.16,1500.0,891.73,939.86,0.2261,385.83,569.37,77.17,848.83,1.4757,0.0182,4.5607,2.8606,16.0,0.0,0.0,BENIGN_WEB
4.7723,23.0,6.0,17.0,15267.9,2181.72,13086.18,3199.26,4.82,-0.7142,663.82,363.87,118.01,1318.79,708.21,650.25,0.5911,207.49,291.54,41.5,456.48,1.4051,0.0897,3.6354,2.4858,16.0,0.0,0.0,BENIGN_WEB
4.6317,61.0,21.0,40.0,40836.29,7946.54,32889.74,8816.78,13.17,-0.6108,669.45,339.87,159.64,1281.22,754.48,643.61,0.6083,75.93,128.31,15.19,167.04,1.6899,0.0996,4.3689,3.0569,18.0,0.0,0.0,BENIGN_WEB
62.5689,1305.0,282.0,1023.0,1593764.47,123890.66,1469873.81,25472.16,20.86,-0.8445,1221.28,415.34,598.27,1500.0,1091.07,1366.28,0.2768,7.97,4.77,1.59,17.54,0.5977,0.1402,3.0774,2.4045,17.0,0.0,0.0,BENIGN_STREAMING
29.3986,68.0,27.0,41.0,71496.91,15960.53,55536.37,2431.99,2.31,-0.5535,1051.43,499.19,302.64,1500.0,1164.63,1005.88,0.5816,432.33,547.02,86.47,951.13,1.2653,0.1379,4.1666,2.7235,15.0,0.0,0.0,BENIGN_WEB
25.816,48.0,15.0,33.0,31929.02,2996.7,28932.31,1236.79,1.86,-0.8123,665.19,425.6,40.0,1431.27,745.43,744.2,0.6081,537.83,430.89,107.57,1183.23,0.8012,0.138,4.5914,2.2284,13.0,0.0,0.0,BENIGN_WEB
26.8577,71.0,29.0,42.0,44879.46,8742.96,36136.5,1671.01,2.64,-0.6104,632.11,419.98,40.0,1388.07,663.08,699.59,0.5663,378.28,411.5,75.66,832.21,1.0878,0.1032,4.3092,2.6013,16.0,0.0,0.0,BENIGN_WEB
153.5099,311.0,52.0,259.0,389440.6,30302.5,359138.1,2536.91,2.03,-0.8444,1252.22,336.72,747.15,1500.0,1432.85,1156.68,0.2668,23.7,10.65,4.74,52.14,0.4495,0.0553,3.599,2.8519,11.0,0.0,0.0,BENIGN_STREAMING
30.3098,44.0,17.0,27.0,46505.07,4347.42,42157.65,1534.33,1.45,-0.813,1056.93,355.5,523.68,1500.0,989.5,1149.71,0.3801,688.86,598.29,137.77,1515.49,0.8685,0.0933,4.0156,2.6416,10.0,0.0,0.0,BENIGN_WEB
23.2938,56.0,19.0,37.0,59300.57,7342.34,51958.23,2545.77,2.4,-0.7524,1058.94,408.33,446.45,1500.0,1190.2,986.54,0.4699,415.96,586.04,83.19,915.11,1.4089,0.0681,4.5021,3.0278,14.0,0.0,0.0,BENIGN_WEB
9.9929,36.0,14.0,22.0,32323.53,4736.72,27586.81,3234.64,3.6,-0.7069,897.88,553.69,67.34,1500.0,997.69,884.47,0.4011,277.58,433.51,55.52,610.68,1.5617,0.0998,4.0015,2.7829,14.0,0.0,0.0,BENIGN_WEB
4.4064,31.0,9.0,22.0,25506.95,7381.78,18125.18,5788.56,7.04,-0.4212,822.8,391.57,235.44,1500.0,942.91,734.3,0.5812,142.14,224.84,28.43,312.72,1.5818,0.0352,4.7336,2.654,9.0,0.0,0.0,BENIGN_WEB
25.1859,35.0,13.0,22.0,26311.5,3891.43,22420.07,1044.69,1.39,-0.7042,751.76,411.23,134.91,1491.98,683.18,707.1,0.6083,719.6,661.62,143.92,1583.11,0.9194,0.0841,4.8447,2.3242,8.0,0.0,0.0,BENIGN_WEB
5.9916,16.0,4.0,12.0,16004.36,2826.0,13178.35,2671.15,2.67,-0.6468,1000.27,342.32,486.8,1500.0,959.14,950.38,0.3533,374.47,355.22,74.89,823.84,0.9486,0.0354,3.7051,2.1325,17.0,0.0,0.0,BENIGN_WEB
30.5373,58.0,20.0,38.0,39726.37,5074.5,34651.86,1300.91,1.9,-0.7445,684.94,439.44,40.0,1475.93,652.79,682.28,0.4769,526.51,666.69,105.3,1158.31,1.2662,0.0271,4.0407,2.6294,12.0,0.0,0.0,BENIGN_WEB
99.364,1574.0,201.0,1373.0,1881416.18,49250.38,1832165.8,18934.59,15.84,-0.9476,1195.31,409.57,580.96,1500.0,1149.71,1159.36,0.2933,8.25,4.36,1.65,18.14,0.5288,0.0612,3.3538,2.4926,14.0,0.0,0.0,BENIGN_STREAMING
25.6566,1529.0,280.0,1249.0,1829729.04,168239.98,1661489.06,71316.23,59.59,-0.8161,1196.68,381.33,624.69,1500.0,1291.02,1264.95,0.2492,26.62,16.71,5.32,58.55,0.6277,0.1208,3.6772,2.2472,20.0,0.0,0.0,BENIGN_STREAMING
129.6882,2098.0,363.0,1735.0,2636012.94,280503.96,2355508.98,20325.77,16.18,-0.7872,1256.44,386.47,676.74,1500.0,1228.75,1216.82,0.2536,25.38,12.53,5.08,55.84,0.4938,0.1043,3.849,2.6744,23.0,0.0,0.0,BENIGN_STREAMING
132.1371,792.0,148.0,644.0,1011185.43,48409.15,962776.28,7652.55,5.99,-0.9043,1276.75,340.83,765.5,1500.0,1252.57,1182.16,0.6083,25.9,12.76,5.18,56.99,0.4926,0.0807,3.6013,2.7463,19.0,0.0,0.0,BENIGN_STREAMING
59.2323,1617.0,269.0,1348.0,1945805.44,190704.71,1755100.73,32850.4,27.3,-0.804,1203.34,331.75,705.72,1500.0,1304.22,1343.86,0.407,8.82,3.69,1.76,19.41,0.4177,0.177,3.1599,2.8661,13.0,0.0,0.0,BENIGN_STREAMING
24.6697,1967.0,400.0,1567.0,2463158.86,217031.89,2246126.97,99845.4,79.73,-0.8238,1252.24,413.93,631.35,1500.0,1189.25,1277.36,0.2533,12.86,5.04,2.57,28.3,0.3919,0.0651,3.5442,2.3791,18.0,0.0,0.0,BENIGN_STREAMING
19.502,84.0,30.0,54.0,62149.15,9773.38,52375.76,3186.81,4.31,-0.6855,739.87,470.54,40.0,1500.0,663.16,646.41,0.4981,232.17,389.47,46.43,510.77,1.6775,0.1271,3.9036,2.4918,15.0,0.0,0.0,BENIGN_WEB
18.6192,78.0,23.0,55.0,76479.03,12486.25,63992.78,4107.54,4.19,-0.6735,980.5,477.96,263.57,1500.0,1112.93,870.96,0.5234,238.71,383.45,47.74,525.16,1.6064,0.0681,4.4366,2.9446,14.0,0.0,0.0,BENIGN_WEB
8.6112,54.0,20.0,34.0,42826.03,6469.17,36356.86,4973.32,6.27,-0.6979,793.07,331.64,295.61,1390.03,687.86,696.34,0.6102,159.47,174.01,31.89,350.82,1.0912,0.0729,4.9312,2.4433,11.0,0.0,0.0,BENIGN_WEB
113.6438,538.0,89.0,449.0,695750.79,45360.91,650389.88,6122.21,4.73,-0.8696,1293.22,282.27,869.8,1500.0,1156.54,1167.4,0.4868,19.89,7.14,3.98,43.75,0.359,0.0596,3.2175,2.2043,21.0,0.0,0.0,BENIGN_STREAMING
80.5513,995.0,143.0,852.0,1217710.29,47067.8,1170642.49,15117.2,12.35,-0.9227,1223.83,294.52,782.04,1500.0,1069.79,1093.59,0.2726,10.02,4.8,2.0,22.04,0.4792,0.1415,3.0675,2.3362,10.0,0.0,0.0,BENIGN_STREAMING
140.9266,910.0,138.0,772.0,1254072.82,97894.87,1156177.94,8898.77,6.46,-0.8439,1378.1,270.02,973.08,1500.0,1184.21,1396.43,0.2134,22.88,14.01,4.58,50.33,0.6125,0.135,3.5622,2.4196,15.0,0.0,0.0,BENIGN_STREAMING
27.0945,48.0,16.0,32.0,36697.25,6240.9,30456.34,1354.42,1.77,-0.6599,764.53,416.0,140.53,1500.0,838.2,773.74,0.2954,564.47,579.8,112.89,1241.83,1.0272,0.1016,4.576,2.433,8.0,0.0,0.0,BENIGN_WEB
28.2811,46.0,13.0,33.0,31127.84,3250.81,27877.03,1100.66,1.63,-0.7911,676.69,433.32,40.0,1456.67,771.66,668.82,0.3739,614.81,636.34,122.96,1352.58,1.035,0.1047,4.7998,2.2624,17.0,0.0,0.0,BENIGN_WEB
2.9687,67.0,22.0,45.0,51006.64,8120.58,42886.07,17181.73,22.57,-0.6816,761.29,335.62,257.86,1365.42,767.78,699.29,0.2217,44.31,40.31,8.86,97.48,0.9097,0.0805,3.7896,2.5139,11.0,0.0,0.0,BENIGN_WEB
84.5935,1405.0,223.0,1182.0,1811219.15,112185.65,1699033.5,21410.87,16.61,-0.8761,1289.12,351.66,761.63,1500.0,1315.2,1435.84,0.4083,18.75,10.15,3.75,41.25,0.5415,0.1292,3.4223,2.3555,14.0,0.0,0.0,BENIGN_STREAMING
139.866,576.0,114.0,462.0,742874.87,41885.99,700988.88,5311.33,4.12,-0.8872,1289.71,413.8,669.02,1500.0,1400.25,1263.37,0.5506,26.18,14.54,5.24,57.59,0.5553,0.1653,3.591,2.7635,12.0,0.0,0.0,BENIGN_STREAMING
29.7259,43.0,13.0,30.0,42032.44,11268.41,30764.03,1414.0,1.45,-0.4638,977.5,423.2,342.69,1500.0,897.96,861.81,0.2724,691.3,697.98,138.26,1520.86,1.0097,0.0812,5.0765,2.7581,12.0,0.0,0.0,BENIGN_WEB
15.8785,45.0,16.0,29.0,31678.39,5965.89,25712.5,1995.05,2.83,-0.6233,703.96,540.58,40.0,1500.0,635.23,757.28,0.3095,352.86,440.44,70.57,776.28,1.2482,0.0535,4.259,2.1888,17.0,0.0,0.0,BENIGN_WEB
90.8969,1964.0,395.0,1569.0,2553958.35,215196.14,2338762.21,28097.32,21.61,-0.8315,1300.39,289.41,866.27,1500.0,1335.92,1133.07,0.312,16.56,11.58,3.31,36.44,0.6989,0.0719,3.1345,2.9088,17.0,0.0,0.0,BENIGN_STREAMING
139.1876,664.0,141.0,523.0,875078.01,28588.21,846489.8,6287.04,4.77,-0.9347,1317.89,353.39,787.8,1500.0,1501.67,1398.02,0.4654,7.22,3.03,1.44,15.89,0.419,0.1092,3.7036,2.607,21.0,0.0,0.0,BENIGN_STREAMING
8.6583,17.0,5.0,12.0,18165.54,1855.93,16309.61,2098.05,1.96,-0.7957,1068.56,576.35,204.04,1500.0,1121.52,1027.29,0.2553,509.31,862.15,101.86,1120.49,1.6928,0.1112,4.5445,2.1717,18.0,0.0,0.0,BENIGN_WEB
81.5391,1978.0,242.0,1736.0,2673469.45,248177.3,2425292.15,32787.56,24.26,-0.8143,1351.6,366.45,801.92,1500.0,1359.37,1516.42,0.4351,16.01,9.1,3.2,35.21,0.5684,0.1426,3.2126,2.6124,19.0,0.0,0.0,BENIGN_STREAMING
23.654,57.0,20.0,37.0,48443.27,6246.59,42196.68,2048.0,2.41,-0.7421,849.88,503.89,94.05,1500.0,862.14,828.86,0.2487,414.98,558.65,83.0,912.96,1.3462,0.019,4.7545,2.5168,14.0,0.0,0.0,BENIGN_WEB
6.0948,70.0,22.0,48.0,63782.63,10794.39,52988.23,10465.16,11.49,-0.6615,911.18,382.23,337.83,1500.0,802.99,873.74,0.5544,87.07,62.02,17.41,191.55,0.7123,0.0867,3.8077,2.1863,8.0,0.0,0.0,BENIGN_WEB
4.7264,37.0,10.0,27.0,26929.61,2598.9,24330.71,5697.71,7.83,-0.807,727.83,573.49,40.0,1500.0,761.49,769.54,0.4673,127.74,123.9,25.55,281.03,0.97,0.1314,5.0693,2.9681,10.0,0.0,0.0,BENIGN_WEB
19.7127,44.0,14.0,30.0,29171.74,6596.39,22575.35,1479.84,2.23,-0.5478,662.99,339.16,154.25,1273.49,598.85,689.94,0.4139,448.02,600.57,89.6,985.64,1.3405,0.1055,4.9348,2.3426,9.0,0.0,0.0,BENIGN_WEB
18.7182,79.0,32.0,47.0,58492.22,11146.0,47346.22,3124.88,4.22,-0.6189,740.41,493.57,40.0,1500.0,688.26,726.34,0.3002,236.94,173.95,47.39,521.27,0.7342,0.0594,5.0682,2.5736,16.0,0.0,0.0,BENIGN_WEB
36.733,569.0,76.0,493.0,688569.14,17749.89,670819.25,18745.22,15.49,-0.9484,1210.14,406.77,599.99,1500.0,1345.75,1306.84,0.2344,11.08,4.2,2.22,24.38,0.3792,0.1521,3.814,2.5885,14.0,0.0,0.0,BENIGN_STREAMING
15.0403,34.0,14.0,20.0,24979.58,6008.99,18970.59,1660.85,2.26,-0.5189,734.69,400.42,134.06,1455.45,745.23,667.36,0.313,442.36,458.46,88.47,973.19,1.0364,0.0337,3.7288,2.1592,19.0,0.0,0.0,BENIGN_WEB
97.5942,1090.0,233.0,857.0,1520046.75,69089.95,1450956.8,15575.18,11.17,-0.9091,1394.54,376.71,829.47,1500.0,1328.1,1271.55,0.4208,16.39,8.1,3.28,36.05,0.4943,0.131,3.1322,2.3871,16.0,0.0,0.0,BENIGN_STREAMING
26.2998,23.0,8.0,15.0,18885.61,4507.1,14378.5,718.09,0.87,-0.5227,821.11,505.1,63.46,1500.0,910.11,718.26,0.2799,1143.47,1541.73,228.69,2515.63,1.3483,0.0679,4.2992,2.5679,9.0,0.0,0.0,BENIGN_WEB
76.2349,1890.0,294.0,1596.0,2699730.78,83431.03,2616299.74,35413.34,24.79,-0.9382,1428.43,304.07,972.32,1500.0,1439.78,1223.45,0.2931,25.19,17.87,5.04,55.41,0.7097,0.1389,3.6393,2.8893,15.0,0.0,0.0,BENIGN_STREAMING
78.1385,1236.0,208.0,1028.0,1705476.99,145403.98,1560073.01,21826.35,15.82,-0.8295,1379.84,360.2,839.54,1500.0,1359.31,1245.18,0.3038,27.65,19.26,5.53,60.82,0.6966,0.1703,3.3203,2.3011,10.0,0.0,0.0,BENIGN_STREAMING
17.3798,76.0,25.0,51.0,50475.3,12868.32,37606.98,2904.25,4.37,-0.4901,664.15,359.29,125.22,1310.87,752.19,655.99,0.5221,228.68,358.46,45.74,503.1,1.5675,0.0618,4.7312,2.2128,14.0,0.0,0.0,BENIGN_WEB
20.2276,35.0,10.0,25.0,22639.69,5050.91,17588.78,1119.25,1.73,-0.5538,646.85,451.79,40.0,1460.07,589.26,645.93,0.4095,577.93,432.3,115.59,1271.45,0.748,0.0948,4.4696,2.2705,17.0,0.0,0.0,BENIGN_WEB
44.2858,652.0,111.0,541.0,897512.85,74636.56,822876.28,20266.39,14.72,-0.8337,1376.55,391.7,789.01,1500.0,1419.89,1364.17,0.3456,24.72,17.38,4.94,54.38,0.7033,0.0613,3.5435,2.9676,22.0,0.0,0.0,BENIGN_STREAMING
155.1944,858.0,168.0,690.0,1135077.2,109162.8,1025914.4,7313.91,5.53,-0.8077,1322.93,392.26,734.54,1500.0,1440.57,1255.74,0.3208,21.74,12.03,4.35,47.83,0.5534,0.0903,3.6144,2.6811,14.0,0.0,0.0,BENIGN_STREAMING
15.2285,69.0,21.0,48.0,44464.89,4333.39,40131.5,2919.85,4.53,-0.8051,644.42,325.57,156.07,1230.44,549.37,589.63,0.399,220.7,238.08,44.14,485.55,1.0787,0.0707,4.9371,2.7568,16.0,0.0,0.0,BENIGN_WEB
29.0267,18.0,5.0,13.0,12071.53,2012.3,10059.24,415.88,0.62,-0.6666,670.64,438.05,40.0,1459.13,699.8,609.07,0.433,1612.6,1406.09,322.52,3547.71,0.8719,0.0939,4.9341,3.0393,11.0,0.0,0.0,BENIGN_WEB
9.7848,56.0,16.0,40.0,46318.79,6295.6,40023.2,4733.73,5.72,-0.7282,827.12,402.44,223.46,1500.0,804.26,848.8,0.3896,174.73,155.1,34.95,384.4,0.8877,0.0678,4.381,2.688,21.0,0.0,0.0,BENIGN_WEB
4.8518,71.0,27.0,44.0,61326.58,15561.34,45765.24,12639.9,14.63,-0.4925,863.75,546.25,44.37,1500.0,825.31,823.85,0.2043,68.34,62.46,13.67,150.34,0.914,0.0431,4.0193,2.5734,11.0,0.0,0.0,BENIGN_WEB
6.6481,33.0,11.0,22.0,27335.72,7521.07,19814.65,4111.82,4.96,-0.4497,828.36,376.45,263.68,1500.0,871.37,788.63,0.2973,201.46,174.53,40.29,443.21,0.8663,0.0144,4.2985,2.2291,17.0,0.0,0.0,BENIGN_WEB
25.503,50.0,15.0,35.0,33597.24,8376.19,25221.05,1317.38,1.96,-0.5014,671.94,495.84,40.0,1500.0,595.67,671.67,0.4969,510.06,517.35,102.01,1122.13,1.0143,0.0425,4.6226,2.1267,15.0,0.0,0.0,BENIGN_WEB
94.9717,1188.0,173.0,1015.0,1575595.22,129926.11,1445669.11,16590.15,12.51,-0.8351,1326.26,391.11,739.6,1500.0,1383.94,1166.35,0.2668,27.33,20.48,5.47,60.14,0.7493,0.1602,3.3137,2.7948,22.0,0.0,0.0,BENIGN_STREAMING
2.6545,47.0,14.0,33.0,50144.47,9255.37,40889.1,18890.03,17.71,-0.6309,1066.9,529.06,273.31,1500.0,1062.16,1078.25,0.3061,56.48,59.1,11.3,124.26,1.0464,0.0691,3.7751,2.6126,15.0,0.0,0.0,BENIGN_WEB
13.788,58.0,16.0,42.0,59535.73,16686.03,42849.7,4317.93,4.21,-0.4395,1026.48,434.02,375.46,1500.0,1153.34,1036.71,0.3137,237.72,379.63,47.54,522.99,1.5969,0.0806,3.6662,2.3227,14.0,0.0,0.0,BENIGN_WEB
29.4656,78.0,23.0,55.0,49249.87,4919.03,44330.84,1671.43,2.65,-0.8002,631.41,502.48,40.0,1500.0,615.33,675.06,0.2484,377.76,339.59,75.55,831.08,0.899,0.135,4.0955,2.6893,21.0,0.0,0.0,BENIGN_WEB
124.4866,2158.0,440.0,1718.0,2979016.4,86387.74,2892628.67,23930.41,17.34,-0.942,1380.45,361.41,838.34,1500.0,1345.18,1497.94,0.2801,14.82,5.6,2.96,32.6,0.3775,0.1647,3.3106,2.7858,15.0,0.0,0.0,BENIGN_STREAMING
11.7932,69.0,20.0,49.0,55943.94,14172.95,41770.98,4743.74,5.85,-0.4933,810.78,431.94,162.87,1500.0,869.53,858.52,0.5329,170.92,270.94,34.18,376.02,1.5852,0.0359,3.8889,3.0851,18.0,0.0,0.0,BENIGN_WEB
56.1428,1615.0,207.0,1408.0,1930101.15,164296.97,1765804.18,34378.45,28.77,-0.8298,1195.11,392.58,606.24,1500.0,1267.03,1240.17,0.3716,9.9,6.19,1.98,21.77,0.6256,0.0586,3.5935,2.9677,12.0,0.0,0.0,BENIGN_STREAMING
19.2834,67.0,24.0,43.0,71880.07,19305.29,52574.78,3727.56,3.47,-0.4628,1072.84,451.18,396.07,1500.0,929.87,1187.53,0.2393,287.81,337.34,57.56,633.19,1.1721,0.0373,4.3281,2.6512,17.0,0.0,0.0,BENIGN_WEB
2.6532,58.0,19.0,39.0,38422.62,6689.78,31732.84,14481.67,21.86,-0.6518,662.46,555.12,40.0,1500.0,692.79,760.43,0.3976,45.74,75.09,9.15,100.64,1.6415,0.0602,4.4855,2.811,11.0,0.0,0.0,BENIGN_WEB
35.8546,682.0,99.0,583.0,908116.33,54350.92,853765.41,25327.72,19.02,-0.8803,1331.55,346.16,812.31,1500.0,1243.95,1277.55,0.447,26.61,17.2,5.32,58.53,0.6466,0.157,3.3581,2.7054,14.0,0.0,0.0,BENIGN_STREAMING
26.7236,18.0,6.0,12.0,13555.72,2459.65,11096.06,507.26,0.67,-0.6371,753.1,429.17,109.34,1500.0,781.06,647.92,0.1877,1484.64,2013.51,296.93,3266.22,1.3562,0.1184,3.754,2.6327,17.0,0.0,0.0,BENIGN_WEB
7.0482,19.0,7.0,12.0,13235.58,3690.37,9545.21,1877.88,2.7,-0.4424,696.61,516.83,40.0,1500.0,744.25,661.97,0.4535,370.96,418.76,74.19,816.1,1.1289,0.1118,4.6268,3.0383,20.0,0.0,0.0,BENIGN_WEB
25.2487,40.0,13.0,27.0,36613.06,4710.34,31902.72,1450.09,1.58,-0.7427,915.33,373.88,354.5,1500.0,849.8,855.86,0.5239,631.22,452.6,126.24,1388.68,0.717,0.0996,4.5048,2.7945,9.0,0.0,0.0,BENIGN_WEB
18.4898,20.0,6.0,14.0,19935.61,4371.85,15563.75,1078.2,1.08,-0.5614,996.78,501.97,243.83,1500.0,883.05,879.62,0.4864,924.49,663.77,184.9,2033.87,0.718,0.0535,4.1629,2.7217,8.0,0.0,0.0,BENIGN_WEB
124.5469,912.0,127.0,785.0,1268036.46,67571.1,1200465.36,10181.2,7.32,-0.8934,1390.39,321.29,908.46,1500.0,1454.04,1275.76,0.3921,22.1,15.04,4.42,48.61,0.6807,0.0839,2.9093,2.9065,20.0,0.0,0.0,BENIGN_STREAMING
4.7611,71.0,20.0,51.0,62808.24,16248.37,46559.88,13191.97,14.91,-0.4826,884.62,436.63,229.68,1500.0,951.89,854.01,0.3883,67.06,60.23,13.41,147.53,0.8982,0.097,4.4677,2.7115,9.0,0.0,0.0,BENIGN_WEB
73.6709,1580.0,324.0,1256.0,2249165.09,83242.85,2165922.24,30529.9,21.45,-0.926,1423.52,343.07,908.91,1500.0,1391.52,1377.14,0.4274,10.11,5.22,2.02,22.24,0.516,0.1539,3.6924,2.4496,12.0,0.0,0.0,BENIGN_STREAMING
150.9881,330.0,59.0,271.0,467126.37,31581.42,435544.95,3093.8,2.19,-0.8648,1415.53,264.83,1018.29,1500.0,1318.11,1572.39,0.2481,23.63,18.17,4.73,51.99,0.769,0.0996,3.0517,2.8469,18.0,0.0,0.0,BENIGN_STREAMING
23.3498,30.0,9.0,21.0,28071.74,2709.55,25362.19,1202.23,1.28,-0.807,935.72,455.33,252.73,1500.0,913.92,890.2,0.5271,778.33,812.39,155.67,1712.32,1.0438,0.0292,4.9835,2.743,14.0,0.0,0.0,BENIGN_WEB
108.8577,1422.0,304.0,1118.0,1904662.71,84507.85,1820154.86,17496.81,13.06,-0.9113,1339.43,407.46,728.24,1500.0,1186.73,1436.41,0.5058,19.13,8.37,3.83,42.09,0.4373,0.0838,3.1323,2.3498,22.0,0.0,0.0,BENIGN_STREAMING
3.5208,50.0,20.0,30.0,37179.21,7165.88,30013.33,10559.88,14.2,-0.6145,743.58,541.37,40.0,1500.0,678.99,653.62,0.2984,70.42,82.95,14.08,154.92,1.178,0.0997,3.7764,2.9441,11.0,0.0,0.0,BENIGN_WEB
4.3257,20.0,7.0,13.0,20138.42,3701.36,16437.06,4655.56,4.62,-0.6324,1006.92,395.24,414.06,1500.0,1112.13,1059.16,0.184,216.28,208.77,43.26,475.82,0.9652,0.0442,4.8712,2.93,15.0,0.0,0.0,BENIGN_WEB
45.2071,998.0,136.0,862.0,1234028.49,66803.96,1167224.53,27297.23,22.08,-0.8917,1236.5,300.78,785.33,1500.0,1414.84,1121.82,0.5944,25.26,15.54,5.05,55.58,0.6149,0.1496,3.3782,2.8061,18.0,0.0,0.0,BENIGN_STREAMING
142.1122,266.0,54.0,212.0,334279.85,12099.36,322180.49,2352.23,1.87,-0.9276,1256.69,294.27,815.29,1500.0,1282.12,1292.32,0.1981,25.53,18.01,5.11,56.16,0.7057,0.1512,3.5864,2.3119,20.0,0.0,0.0,BENIGN_STREAMING
31.5217,81.0,29.0,52.0,51133.76,8246.72,42887.04,1622.18,2.57,-0.6774,631.28,503.44,40.0,1500.0,719.39,711.55,0.1968,389.16,387.96,77.83,856.15,0.9969,0.1303,4.5851,3.0678,17.0,0.0,0.0,BENIGN_WEB
3.0988,43.0,12.0,31.0,45619.87,8993.36,36626.51,14721.67,13.88,-0.6057,1060.93,322.93,576.53,1500.0,1055.73,1120.8,0.2453,72.07,113.55,14.41,158.54,1.5757,0.1101,3.9436,2.3846,13.0,0.0,0.0,BENIGN_WEB
132.9621,2142.0,342.0,1800.0,3066700.58,313273.16,2753427.42,23064.47,16.11,-0.7957,1431.7,377.63,865.25,1500.0,1455.01,1270.99,0.6175,22.08,15.64,4.42,48.58,0.7081,0.1674,3.771,2.9822,18.0,0.0,0.0,BENIGN_STREAMING
26.031,32.0,11.0,21.0,32558.16,3976.38,28581.78,1250.75,1.23,-0.7557,1017.44,380.54,446.63,1500.0,1146.83,1136.07,0.289,813.47,872.98,162.69,1789.63,1.0732,0.0653,4.8521,2.1182,19.0,0.0,0.0,BENIGN_WEB
7.5581,75.0,29.0,46.0,62440.06,16848.98,45591.08,8261.34,9.92,-0.4603,832.53,542.11,40.0,1500.0,835.62,929.78,0.5884,100.77,106.47,20.15,221.7,1.0565,0.0398,4.283,2.2317,13.0,0.0,0.0,BENIGN_WEB
22.8869,25.0,10.0,15.0,17209.01,2366.17,14842.84,751.92,1.09,-0.725,688.36,571.37,40.0,1500.0,590.43,741.41,0.5173,915.48,970.22,183.1,2014.05,1.0598,0.0174,3.7999,2.1104,10.0,0.0,0.0,BENIGN_WEB
100.137,895.0,141.0,754.0,1221413.31,40061.26,1181352.05,12197.43,8.94,-0.9344,1364.71,249.5,990.46,1500.0,1188.79,1517.07,0.4451,9.12,4.65,1.82,20.06,0.5103,0.1721,3.2783,2.6395,17.0,0.0,0.0,BENIGN_STREAMING
86.9634,1445.0,176.0,1269.0,1982511.65,84223.12,1898288.52,22797.09,16.62,-0.915,1371.98,288.9,938.63,1500.0,1546.0,1424.09,0.5295,8.36,4.3,1.67,18.39,0.5148,0.1719,3.8983,2.4014,23.0,0.0,0.0,BENIGN_STREAMING
17.1874,70.0,28.0,42.0,74912.2,15101.13,59811.07,4358.55,4.07,-0.5968,1070.17,460.82,378.94,1500.0,1120.21,974.67,0.5305,245.53,420.09,49.11,540.18,1.7109,0.0834,3.7996,2.5391,8.0,0.0,0.0,BENIGN_WEB
64.0843,832.0,143.0,689.0,1069759.61,110228.49,959531.12,16693.0,12.98,-0.7939,1285.77,382.21,712.45,1500.0,1252.33,1274.08,0.5674,7.25,3.38,1.45,15.95,0.4658,0.1587,3.6662,2.8238,19.0,0.0,0.0,BENIGN_STREAMING
31.8624,68.0,19.0,49.0,49816.97,8221.46,41595.51,1563.5,2.13,-0.6699,732.6,349.33,208.61,1361.39,631.75,693.73,0.3414,468.56,477.23,93.71,1030.84,1.0185,0.0925,4.0088,2.3466,15.0,0.0,0.0,BENIGN_WEB
21.9702,61.0,19.0,42.0,57497.31,13086.38,44410.93,2617.06,2.78,-0.5448,942.58,324.95,455.16,1500.0,964.88,926.63,0.6052,360.17,509.33,72.03,792.37,1.4142,0.0341,4.3223,2.5926,21.0,0.0,0.0,BENIGN_WEB
30.3308,45.0,17.0,28.0,39307.03,4611.0,34696.03,1295.94,1.48,-0.7654,873.49,352.64,344.52,1500.0,985.87,974.6,0.3112,674.02,652.52,134.8,1482.84,0.9681,0.0204,4.8022,2.1333,17.0,0.0,0.0,BENIGN_WEB
30.7941,81.0,32.0,49.0,71896.59,16375.28,55521.31,2334.75,2.63,-0.5445,887.61,367.45,336.43,1500.0,1001.74,963.06,0.184,380.17,596.94,76.03,836.38,1.5702,0.0783,3.6951,3.0887,14.0,0.0,0.0,BENIGN_WEB
9.807,69.0,28.0,41.0,47702.16,5849.82,41852.34,4864.08,7.04,-0.7547,691.34,431.0,44.84,1467.13,606.76,781.18,0.3477,142.13,157.63,28.43,312.69,1.109,0.0253,5.0063,2.5519,8.0,0.0,0.0,BENIGN_WEB
134.5975,1609.0,351.0,1258.0,2079123.01,181296.18,1897826.83,15446.97,11.95,-0.8256,1292.18,366.59,742.3,1500.0,1251.54,1250.68,0.5274,25.18,18.6,5.04,55.39,0.7385,0.1065,3.5211,2.2354,17.0,0.0,0.0,BENIGN_STREAMING
8.6742,64.0,25.0,39.0,59483.52,10541.06,48942.46,6857.55,7.38,-0.6456,929.43,367.92,377.55,1500.0,875.99,996.35,0.5595,135.53,180.32,27.11,298.17,1.3304,0.1123,4.2991,2.24,9.0,0.0,0.0,BENIGN_WEB
4.5065,30.0,9.0,21.0,30322.96,2825.91,27497.06,6728.65,6.66,-0.8136,1010.77,424.09,374.63,1500.0,991.3,1079.88,0.3023,150.22,250.78,30.04,330.48,1.6694,0.01,4.6155,2.9273,13.0,0.0,0.0,BENIGN_WEB
9.2077,52.0,19.0,33.0,55535.66,14645.38,40890.28,6031.46,5.65,-0.4726,1067.99,541.36,255.95,1500.0,921.97,974.74,0.4384,177.07,297.03,35.41,389.56,1.6774,0.1139,4.0241,2.5933,10.0,0.0,0.0,BENIGN_WEB
5.69,37.0,12.0,25.0,33370.44,4389.59,28980.85,5864.78,6.5,-0.7369,901.9,460.76,210.77,1500.0,795.75,783.97,0.4516,153.78,129.67,30.76,338.32,0.8432,0.1257,4.271,2.2933,20.0,0.0,0.0,BENIGN_WEB
23.542,78.0,26.0,52.0,57625.34,12752.13,44873.21,2447.76,3.31,-0.5574,738.79,437.97,81.83,1500.0,672.05,747.59,0.5294,301.82,221.86,60.36,664.01,0.7351,0.1195,5.0626,2.8936,10.0,0.0,0.0,BENIGN_WEB
133.4212,771.0,141.0,630.0,1070133.18,103423.44,966709.75,8020.71,5.78,-0.8067,1387.98,245.92,1019.11,1500.0,1593.69,1223.93,0.1977,16.71,9.41,3.34,36.77,0.5627,0.1737,3.6745,2.3466,19.0,0.0,0.0,BENIGN_STREAMING
28.0052,46.0,18.0,28.0,40496.52,11206.79,29289.74,1446.03,1.64,-0.4465,880.36,412.71,261.29,1500.0,757.9,895.5,0.2132,608.81,833.01,121.76,1339.38,1.3683,0.1299,3.9536,2.3441,21.0,0.0,0.0,BENIGN_WEB
23.1672,54.0,18.0,36.0,53472.9,9889.71,43583.19,2308.13,2.33,-0.6301,990.24,575.45,127.06,1500.0,1013.34,924.59,0.4069,429.02,475.44,85.8,943.85,1.1082,0.0985,4.879,2.1317,8.0,0.0,0.0,BENIGN_WEB
10.223,48.0,17.0,31.0,34429.11,6058.42,28370.69,3367.81,4.7,-0.6481,717.27,339.15,208.55,1327.74,649.04,771.82,0.3731,212.98,317.73,42.6,468.55,1.4918,0.0395,3.7673,3.0948,12.0,0.0,0.0,BENIGN_WEB
14.5455,43.0,12.0,31.0,34849.19,3488.65,31360.53,2395.88,2.96,-0.7998,810.45,522.2,40.0,1500.0,894.91,851.49,0.3546,338.27,501.79,67.65,744.19,1.4834,0.126,4.0035,2.3025,9.0,0.0,0.0,BENIGN_WEB
23.9975,46.0,14.0,32.0,34324.12,6835.91,27488.21,1430.32,1.92,-0.6017,746.18,550.73,40.0,1500.0,710.36,758.41,0.3743,521.68,460.66,104.34,1147.71,0.883,0.1194,3.9998,2.4253,11.0,0.0,0.0,BENIGN_WEB
11.5771,51.0,20.0,31.0,44205.43,10077.12,34128.31,3818.35,4.41,-0.5441,866.77,465.86,167.98,1500.0,750.29,861.42,0.6144,227.0,195.54,45.4,499.4,0.8614,0.0298,4.3049,2.549,17.0,0.0,0.0,BENIGN_WEB
13.5621,33.0,9.0,24.0,25157.6,5448.79,19708.81,1854.99,2.43,-0.5668,762.35,556.21,40.0,1500.0,747.16,715.58,0.2145,410.97,423.87,82.19,904.14,1.0314,0.047,3.7766,2.5253,14.0,0.0,0.0,BENIGN_WEB
98.6444,1225.0,155.0,1070.0,1693872.88,135664.54,1558208.34,17171.51,12.42,-0.8398,1382.75,385.22,804.92,1500.0,1457.6,1211.15,0.4723,17.35,6.35,3.47,38.17,0.3661,0.1097,3.2542,2.2679,19.0,0.0,0.0,BENIGN_STREAMING
28.3721,68.0,23.0,45.0,67313.56,16170.91,51142.65,2372.52,2.4,-0.5195,989.91,325.81,501.19,1500.0,1070.94,884.79,0.6065,417.24,425.12,83.45,917.92,1.0189,0.0411,3.6571,2.173,10.0,0.0,0.0,BENIGN_WEB
4.2124,18.0,7.0,11.0,17670.32,4918.0,12752.32,4194.85,4.27,-0.4434,981.68,338.35,474.16,1500.0,914.12,888.32,0.2242,234.02,387.77,46.8,514.85,1.657,0.0289,4.9383,2.6423,21.0,0.0,0.0,BENIGN_WEB
143.2761,1396.0,190.0,1206.0,1767071.09,51248.4,1715822.69,12333.32,9.74,-0.942,1265.81,247.18,895.05,1500.0,1226.12,1159.9,0.4149,8.11,5.32,1.62,17.84,0.6561,0.094,3.1535,2.4291,19.0,0.0,0.0,BENIGN_STREAMING
62.3414,1949.0,237.0,1712.0,2365017.23,65073.19,2299944.04,37936.52,31.26,-0.945,1213.45,271.06,806.86,1500.0,1391.03,1144.47,0.335,9.96,4.01,1.99,21.92,0.4028,0.1376,3.0417,2.892,21.0,0.0,0.0,BENIGN_STREAMING
21.4596,61.0,24.0,37.0,55672.9,13462.52,42210.38,2594.32,2.84,-0.5164,912.67,440.1,252.52,1500.0,890.13,852.16,0.2638,351.8,259.54,70.36,773.95,0.7377,0.1345,5.069,2.4611,9.0,0.0,0.0,BENIGN_WEB
8.7474,23.0,7.0,16.0,20645.56,4021.15,16624.41,2360.19,2.63,-0.6105,897.63,565.07,50.03,1500.0,904.25,943.42,0.4623,380.32,314.16,76.06,836.71,0.826,0.1384,4.7926,2.2081,8.0,0.0,0.0,BENIGN_WEB
12.9108,35.0,13.0,22.0,34183.67,6137.05,28046.62,2647.68,2.71,-0.6409,976.68,410.78,360.5,1500.0,1083.44,925.79,0.2961,368.88,302.74,73.78,811.54,0.8207,0.0507,4.5667,2.4079,8.0,0.0,0.0,BENIGN_WEB
84.2541,515.0,79.0,436.0,695945.26,54167.47,641777.79,8260.07,6.11,-0.8443,1351.35,245.31,983.38,1500.0,1223.17,1253.39,0.5419,9.21,3.29,1.84,20.26,0.3569,0.0834,3.1837,2.2969,10.0,0.0,0.0,BENIGN_STREAMING
30.1521,78.0,26.0,52.0,77944.35,13502.69,64441.66,2585.03,2.59,-0.6535,999.29,534.88,196.97,1500.0,1138.69,1023.17,0.2354,386.57,341.77,77.31,850.45,0.8841,0.0928,4.8497,2.95,21.0,0.0,0.0,BENIGN_WEB
2.7543,41.0,13.0,28.0,42650.91,10044.09,32606.82,15485.11,14.89,-0.529,1040.27,513.55,269.94,1500.0,917.56,903.76,0.4737,67.18,110.76,13.44,147.79,1.6488,0.0741,3.9921,2.9216,19.0,0.0,0.0,BENIGN_WEB
46.3953,2136.0,344.0,1792.0,3024366.86,122533.04,2901833.83,65186.9,46.04,-0.919,1415.9,397.69,819.37,1500.0,1457.07,1572.99,0.602,10.0,6.82,2.0,21.99,0.6822,0.1037,3.1557,2.8982,22.0,0.0,0.0,BENIGN_STREAMING
48.1512,402.0,76.0,326.0,500920.26,26262.55,474657.71,10403.07,8.35,-0.8951,1246.07,347.65,724.59,1500.0,1080.48,1276.55,0.4294,26.99,19.73,5.4,59.38,0.7309,0.071,3.3065,2.6836,11.0,0.0,0.0,BENIGN_STREAMING
101.9506,1358.0,194.0,1164.0,1806522.34,124616.26,1681906.08,17719.58,13.32,-0.862,1330.28,245.48,962.06,1500.0,1509.08,1180.97,0.512,7.41,5.09,1.48,16.3,0.6877,0.1012,3.5901,2.2246,12.0,0.0,0.0,BENIGN_STREAMING
2.1969,66.0,27.0,39.0,71115.97,9324.65,61791.32,32371.24,30.04,-0.7378,1077.51,557.93,240.61,1500.0,1039.06,1127.32,0.3921,33.29,32.3,6.66,73.23,0.9702,0.0524,4.7583,2.3545,13.0,0.0,0.0,BENIGN_WEB
2.6052,37.0,14.0,23.0,29177.47,7586.2,21591.26,11199.57,14.2,-0.48,788.58,495.13,45.89,1500.0,853.86,750.72,0.3097,70.41,121.79,14.08,154.91,1.7296,0.0348,4.2729,2.8987,11.0,0.0,0.0,BENIGN_WEB
21.5156,72.0,26.0,46.0,67034.77,14381.29,52653.48,3115.63,3.35,-0.5709,931.04,473.15,221.31,1500.0,898.54,1059.79,0.3954,298.83,466.06,59.77,657.42,1.5596,0.0348,4.7271,2.8012,17.0,0.0,0.0,BENIGN_WEB
15.4453,52.0,16.0,36.0,40068.95,7618.72,32450.23,2594.25,3.37,-0.6197,770.56,507.3,40.0,1500.0,857.63,765.19,0.2303,297.03,312.1,59.41,653.46,1.0508,0.0987,3.8407,2.8773,15.0,0.0,0.0,BENIGN_WEB
22.357,46.0,16.0,30.0,35118.83,5847.24,29271.58,1570.82,2.06,-0.667,763.45,576.82,40.0,1500.0,816.45,782.81,0.2248,486.02,460.3,97.2,1069.25,0.9471,0.1376,4.4715,2.3188,16.0,0.0,0.0,BENIGN_WEB
17.6526,68.0,20.0,48.0,57041.16,16287.97,40753.19,3231.31,3.85,-0.4289,838.84,474.85,126.57,1500.0,951.03,865.01,0.5739,259.6,210.25,51.92,571.11,0.8099,0.117,4.4084,2.9936,14.0,0.0,0.0,BENIGN_WEB
8.8423,53.0,16.0,37.0,33883.82,4580.46,29303.37,3832.01,5.99,-0.7296,639.32,445.4,40.0,1441.04,564.64,568.14,0.3118,166.84,237.84,33.37,367.04,1.4256,0.0792,3.6308,2.7853,13.0,0.0,0.0,BENIGN_WEB
7.8372,76.0,29.0,47.0,76308.62,20326.86,55981.76,9736.67,9.7,-0.4672,1004.06,496.65,259.08,1500.0,976.34,1131.65,0.2789,103.12,157.81,20.62,226.87,1.5304,0.0229,4.7728,2.3539,10.0,0.0,0.0,BENIGN_WEB
146.9753,2198.0,483.0,1715.0,3139262.72,159793.5,2979469.21,21359.12,14.95,-0.8982,1428.24,255.93,1044.35,1500.0,1392.95,1322.4,0.3442,20.31,11.74,4.06,44.67,0.5782,0.1097,3.3561,2.4658,19.0,0.0,0.0,BENIGN_STREAMING
119.9486,1764.0,356.0,1408.0,2305491.01,63416.42,2242074.58,19220.66,14.71,-0.945,1306.97,355.63,773.52,1500.0,1120.88,1324.17,0.284,22.86,14.06,4.57,50.29,0.6151,0.0843,3.071,2.8437,17.0,0.0,0.0,BENIGN_STREAMING
66.1172,1947.0,398.0,1549.0,2603885.32,206263.7,2397621.61,39382.85,29.45,-0.8416,1337.38,346.92,817.01,1500.0,1431.11,1210.56,0.5496,15.38,8.98,3.08,33.84,0.5837,0.1185,3.3745,2.275,16.0,0.0,0.0,BENIGN_STREAMING
132.3586,1025.0,210.0,815.0,1402885.34,125644.52,1277240.82,10599.12,7.74,-0.8209,1368.67,247.56,997.32,1500.0,1346.7,1321.12,0.2713,8.39,6.45,1.68,18.45,0.7686,0.1553,3.3959,2.8737,21.0,0.0,0.0,BENIGN_STREAMING
23.0729,29.0,9.0,20.0,27920.22,7021.71,20898.51,1210.09,1.26,-0.497,962.77,356.45,428.1,1500.0,936.63,867.01,0.3321,795.62,1190.26,159.12,1750.36,1.496,0.1308,4.2439,2.4416,15.0,0.0,0.0,BENIGN_WEB
29.11,75.0,24.0,51.0,59572.79,6721.91,52850.88,2046.47,2.58,-0.7743,794.3,358.01,257.28,1438.73,895.6,784.08,0.3717,388.13,385.38,77.63,853.89,0.9929,0.0406,3.7122,2.7143,9.0,0.0,0.0,BENIGN_WEB
7.1799,69.0,28.0,41.0,59500.12,16670.95,42829.17,8287.04,9.61,-0.4396,862.32,428.2,220.02,1500.0,792.84,973.28,0.2842,104.06,86.51,20.81,228.92,0.8314,0.0235,4.1024,3.08,18.0,0.0,0.0,BENIGN_WEB
53.2931,391.0,47.0,344.0,532473.38,52456.93,480016.45,9991.42,7.34,-0.803,1361.82,256.89,976.48,1500.0,1485.26,1166.31,0.2076,16.15,11.59,3.23,35.53,0.7176,0.0703,3.355,2.479,23.0,0.0,0.0,BENIGN_STREAMING
145.369,1189.0,236.0,953.0,1476313.76,58333.78,1417979.97,10155.63,8.18,-0.921,1241.64,242.29,878.21,1500.0,1164.62,1357.4,0.4103,26.89,10.28,5.38,59.16,0.3822,0.109,3.8517,2.8603,19.0,0.0,0.0,BENIGN_STREAMING
92.4585,660.0,109.0,551.0,795521.96,60945.83,734576.13,8604.1,7.14,-0.8468,1205.34,388.83,622.1,1500.0,1228.94,1366.54,0.4728,12.64,4.48,2.53,27.8,0.3548,0.0844,3.7686,2.7317,16.0,0.0,0.0,BENIGN_STREAMING
14.856,23.0,9.0,14.0,21869.93,2141.46,19728.47,1472.13,1.55,-0.8042,950.87,417.32,324.89,1500.0,1038.8,852.61,0.4373,645.91,899.82,129.18,1421.01,1.3931,0.051,4.0953,2.5852,18.0,0.0,0.0,BENIGN_WEB
17.9296,52.0,15.0,37.0,41994.9,10035.73,31959.17,2342.21,2.9,-0.5221,807.59,461.8,114.9,1500.0,748.48,913.37,0.296,344.8,568.41,68.96,758.56,1.6485,0.0699,5.0205,2.5709,19.0,0.0,0.0,BENIGN_WEB
4.7841,63.0,23.0,40.0,47519.94,5554.32,41965.62,9932.84,13.17,-0.7662,754.28,371.93,196.38,1423.76,764.22,807.1,0.1832,75.94,102.4,15.19,167.06,1.3484,0.1213,4.897,2.3683,19.0,0.0,0.0,BENIGN_WEB
25.8233,48.0,18.0,30.0,41803.19,5366.76,36436.44,1618.82,1.86,-0.7432,870.9,475.91,157.04,1500.0,954.97,976.39,0.398,537.99,771.04,107.6,1183.57,1.4332,0.1207,3.7981,2.5686,17.0,0.0,0.0,BENIGN_WEB
24.299,66.0,19.0,47.0,59958.5,15673.25,44285.25,2467.53,2.72,-0.4772,908.46,438.72,250.38,1500.0,841.89,821.91,0.6161,368.17,286.44,73.63,809.97,0.778,0.126,4.1402,2.1135,17.0,0.0,0.0,BENIGN_WEB
19.2103,62.0,19.0,43.0,44702.61,10202.43,34500.18,2327.01,3.23,-0.5435,721.01,527.81,40.0,1500.0,824.46,749.12,0.3151,309.84,271.43,61.97,681.66,0.876,0.1172,5.0118,2.2391,14.0,0.0,0.0,BENIGN_WEB
10.2508,54.0,18.0,36.0,51285.19,6824.16,44461.03,5003.05,5.27,-0.7339,949.73,578.24,82.36,1500.0,987.09,1006.82,0.5537,189.83,317.36,37.97,417.62,1.6718,0.1127,4.605,2.9278,17.0,0.0,0.0,BENIGN_WEB
27.3552,84.0,31.0,53.0,87006.48,11248.83,75757.65,3180.62,3.07,-0.7414,1035.79,541.93,222.89,1500.0,966.53,1101.29,0.5708,325.66,512.49,65.13,716.45,1.5737,0.0538,4.3503,3.0192,21.0,0.0,0.0,BENIGN_WEB
11.1348,61.0,17.0,44.0,44649.96,4143.01,40506.95,4009.96,5.48,-0.8144,731.97,357.85,195.19,1376.09,838.47,787.43,0.2317,182.54,232.66,36.51,401.58,1.2746,0.0613,4.4368,2.9025,18.0,0.0,0.0,BENIGN_WEB
30.267,83.0,25.0,58.0,71158.95,15791.92,55367.03,2351.04,2.74,-0.5562,857.34,559.01,40.0,1500.0,744.88,850.21,0.6007,364.66,424.13,72.93,802.26,1.1631,0.0118,4.0271,2.1311,20.0,0.0,0.0,BENIGN_WEB
30.2036,29.0,10.0,19.0,25903.09,6642.78,19260.31,857.61,0.96,-0.4871,893.21,323.47,408.01,1475.45,898.56,925.75,0.4331,1041.5,951.6,208.3,2291.31,0.9137,0.0785,4.147,2.7666,12.0,0.0,0.0,BENIGN_WEB
27.24,70.0,25.0,45.0,74504.85,16460.05,58044.8,2735.13,2.57,-0.5581,1064.36,369.17,510.6,1500.0,1024.16,1033.91,0.602,389.14,372.6,77.83,856.11,0.9575,0.079,4.0308,2.1631,17.0,0.0,0.0,BENIGN_WEB
47.2643,1839.0,278.0,1561.0,2231899.31,223656.07,2008243.24,47221.69,38.91,-0.7996,1213.65,257.0,828.14,1500.0,1283.1,1329.16,0.3628,7.16,3.06,1.43,15.76,0.4275,0.1236,3.7776,2.9917,19.0,0.0,0.0,BENIGN_STREAMING
84.5032,2108.0,457.0,1651.0,2998344.61,312636.68,2685707.93,35482.04,24.95,-0.7915,1422.36,355.42,889.24,1500.0,1322.67,1387.67,0.2607,11.88,5.97,2.38,26.14,0.5028,0.0874,3.5822,2.9216,15.0,0.0,0.0,BENIGN_STREAMING
22.692,45.0,13.0,32.0,36935.14,4191.92,32743.22,1627.67,1.98,-0.773,820.78,333.15,321.05,1420.46,883.91,734.76,0.349,504.27,695.52,100.85,1109.39,1.3793,0.0744,4.5684,2.3455,14.0,0.0,0.0,BENIGN_WEB
59.1551,1563.0,318.0,1245.0,2188956.7,96643.03,2092313.67,37003.67,26.42,-0.9117,1400.48,318.96,922.04,1500.0,1519.41,1198.09,0.4907,11.72,5.27,2.34,25.78,0.4498,0.0706,3.5498,2.6274,17.0,0.0,0.0,BENIGN_STREAMING
25.8249,66.0,18.0,48.0,66557.25,15062.78,51494.47,2577.25,2.56,-0.5474,1008.44,488.9,275.1,1500.0,939.81,1071.07,0.5035,391.29,339.38,78.26,860.83,0.8674,0.1373,4.1104,2.8652,18.0,0.0,0.0,BENIGN_WEB
25.4014,74.0,30.0,44.0,68070.56,10979.51,57091.04,2679.8,2.91,-0.6774,919.87,492.86,180.58,1500.0,953.95,1005.94,0.5939,343.26,535.5,68.65,755.18,1.56,0.0992,4.0429,2.322,10.0,0.0,0.0,BENIGN_WEB
99.1433,1729.0,249.0,1480.0,2059695.0,137175.28,1922519.72,20774.92,17.44,-0.8668,1191.26,340.35,680.75,1500.0,1047.45,1216.62,0.3132,6.21,3.21,1.24,13.67,0.5166,0.0819,3.6731,2.7389,17.0,0.0,0.0,BENIGN_STREAMING
12.702,62.0,22.0,40.0,44074.74,6452.11,37622.63,3469.91,4.88,-0.7072,710.88,335.43,207.74,1314.65,702.77,771.01,0.2583,204.87,172.53,40.97,450.72,0.8421,0.1398,3.6033,2.7151,8.0,0.0,0.0,BENIGN_WEB
28.0249,31.0,11.0,20.0,28263.44,3030.91,25232.53,1008.51,1.11,-0.7855,911.72,437.05,256.15,1500.0,938.36,849.16,0.4157,904.03,881.56,180.81,1988.87,0.9751,0.0895,3.8259,2.6457,15.0,0.0,0.0,BENIGN_WEB
29.2773,42.0,13.0,29.0,44233.61,11117.55,33116.06,1510.85,1.43,-0.4973,1053.18,502.66,299.2,1500.0,1142.31,957.88,0.2602,697.08,517.72,139.42,1533.57,0.7427,0.1398,5.0769,2.7782,14.0,0.0,0.0,BENIGN_WEB
17.48,70.0,23.0,47.0,43890.85,5160.98,38729.87,2510.92,4.0,-0.7648,627.01,578.26,40.0,1500.0,565.22,542.53,0.4793,249.71,432.79,49.94,549.37,1.7331,0.0548,4.6549,2.7532,12.0,0.0,0.0,BENIGN_WEB
24.1975,58.0,24.0,34.0,41667.46,8228.76,33438.7,1721.97,2.4,-0.605,718.4,561.85,40.0,1500.0,805.98,770.78,0.5924,417.2,314.91,83.44,917.84,0.7548,0.0775,4.2465,2.7168,14.0,0.0,0.0,BENIGN_WEB
27.8226,47.0,18.0,29.0,48365.1,9471.35,38893.76,1738.34,1.69,-0.6083,1029.04,454.23,347.7,1500.0,1102.49,1123.84,0.3535,591.97,698.33,118.39,1302.33,1.1797,0.0755,4.7069,2.863,16.0,0.0,0.0,BENIGN_WEB
98.1073,1882.0,272.0,1610.0,2324909.04,216842.02,2108067.01,23697.63,19.18,-0.8135,1235.34,316.49,760.61,1500.0,1385.71,1311.3,0.5105,10.09,5.13,2.02,22.19,0.5085,0.052,3.5739,2.8022,14.0,0.0,0.0,BENIGN_STREAMING
17.278,19.0,7.0,12.0,13736.1,2189.88,11546.22,795.01,1.1,-0.6811,722.95,452.85,43.68,1500.0,658.81,627.94,0.4615,909.37,1423.52,181.87,2000.61,1.5654,0.0963,4.4852,2.4128,13.0,0.0,0.0,BENIGN_WEB
123.5875,1142.0,241.0,901.0,1584236.49,150094.4,1434142.09,12818.75,9.24,-0.8105,1387.25,414.8,765.05,1500.0,1294.22,1545.79,0.278,8.76,5.49,1.75,19.26,0.6267,0.1195,3.3644,2.4007,17.0,0.0,0.0,BENIGN_STREAMING
18.9773,52.0,18.0,34.0,41635.14,10470.24,31164.9,2193.94,2.74,-0.497,800.68,381.67,228.17,1487.68,868.75,728.6,0.5934,364.95,292.16,72.99,802.89,0.8006,0.0443,4.2296,2.1299,18.0,0.0,0.0,BENIGN_WEB
26.1129,39.0,10.0,29.0,30666.79,4222.27,26444.52,1174.39,1.49,-0.7246,786.33,340.01,276.31,1398.35,856.86,797.4,0.4029,669.56,1156.49,133.91,1473.03,1.7272,0.115,4.0366,2.9961,20.0,0.0,0.0,BENIGN_WEB
12.2293,36.0,12.0,24.0,34468.87,3448.54,31020.33,2818.54,2.94,-0.7999,957.47,383.87,381.66,1500.0,1056.29,892.31,0.5074,339.7,518.56,67.94,747.35,1.5265,0.1212,4.2269,2.7241,14.0,0.0,0.0,BENIGN_WEB
66.5588,899.0,185.0,714.0,1064596.62,93541.71,971054.91,15994.82,13.51,-0.8243,1184.2,256.91,798.83,1500.0,1259.23,1211.59,0.4069,19.05,8.11,3.81,41.92,0.4257,0.139,3.821,2.2348,20.0,0.0,0.0,BENIGN_STREAMING
109.2983,1757.0,229.0,1528.0,2345130.7,131546.8,2213583.9,21456.24,16.08,-0.8878,1334.74,323.4,849.64,1500.0,1269.01,1297.34,0.4206,17.77,7.54,3.55,39.1,0.4243,0.1102,3.5364,2.2076,12.0,0.0,0.0,BENIGN_STREAMING
29.2367,60.0,20.0,40.0,48026.67,10993.74,37032.93,1642.68,2.05,-0.5422,800.44,500.32,49.97,1500.0,700.99,786.5,0.3264,487.28,538.22,97.46,1072.01,1.1045,0.0738,4.6902,2.3463,11.0,0.0,0.0,BENIGN_WEB
28.0722,36.0,12.0,24.0,33605.98,9649.75,23956.22,1197.13,1.28,-0.4257,933.5,532.45,134.82,1500.0,810.37,861.96,0.311,779.78,1195.37,155.96,1715.53,1.5329,0.1213,4.582,2.1503,19.0,0.0,0.0,BENIGN_WEB
105.1938,1542.0,230.0,1312.0,2014040.87,124544.99,1889495.88,19146.01,14.66,-0.8763,1306.12,349.73,781.53,1500.0,1152.97,1293.2,0.5782,12.51,5.67,2.5,27.52,0.4534,0.1007,3.4763,2.378,13.0,0.0,0.0,BENIGN_STREAMING
12.9616,20.0,7.0,13.0,13874.89,1923.74,11951.15,1070.46,1.54,-0.7227,693.74,431.89,45.91,1471.15,607.67,617.2,0.26,648.08,852.17,129.62,1425.77,1.3149,0.0392,5.0046,2.9481,11.0,0.0,0.0,BENIGN_WEB
23.0943,1870.0,314.0,1556.0,2670617.94,153341.86,2517276.08,115639.54,80.97,-0.8852,1428.14,276.31,1013.67,1500.0,1372.24,1371.24,0.2131,16.7,8.27,3.34,36.74,0.4954,0.1776,3.0757,2.8552,13.0,0.0,0.0,BENIGN_STREAMING
20.8077,66.0,21.0,45.0,64666.65,8782.0,55884.65,3107.82,3.17,-0.7284,979.8,492.41,241.18,1500.0,1014.21,989.05,0.367,315.27,520.2,63.05,693.59,1.65,0.0883,3.6662,2.9639,8.0,0.0,0.0,BENIGN_WEB
119.9779,1011.0,217.0,794.0,1219809.22,61131.29,1158677.93,10166.95,8.43,-0.8998,1206.54,248.59,833.65,1500.0,1127.87,1101.34,0.2503,25.78,14.78,5.16,56.73,0.5733,0.0898,3.7648,2.8328,15.0,0.0,0.0,BENIGN_STREAMING
3.136,67.0,24.0,43.0,55065.77,12512.73,42553.04,17559.13,21.36,-0.5455,821.88,368.51,269.11,1485.19,746.78,866.42,0.2255,46.81,43.18,9.36,102.97,0.9226,0.1038,4.7744,2.151,17.0,0.0,0.0,BENIGN_WEB
28.1254,57.0,17.0,40.0,55379.28,7015.61,48363.67,1969.01,2.03,-0.7466,971.57,571.06,114.97,1500.0,1049.7,986.44,0.3258,493.43,450.01,98.69,1085.54,0.912,0.0982,3.6022,2.9567,13.0,0.0,0.0,BENIGN_WEB
24.222,78.0,23.0,55.0,72855.12,18047.77,54807.35,3007.81,3.22,-0.5046,934.04,551.07,107.43,1500.0,1045.64,919.69,0.4827,310.54,340.1,62.11,683.18,1.0952,0.0631,3.727,2.8304,10.0,0.0,0.0,BENIGN_WEB
126.4629,1809.0,254.0,1555.0,2317712.32,163545.71,2154166.61,18327.21,14.3,-0.8589,1281.21,385.9,702.36,1500.0,1167.34,1183.58,0.2112,13.75,8.47,2.75,30.26,0.6156,0.112,3.3954,2.3849,18.0,0.0,0.0,BENIGN_STREAMING
141.5428,1393.0,206.0,1187.0,1921420.55,123295.73,1798124.82,13574.83,9.84,-0.8717,1379.34,348.94,855.93,1500.0,1534.07,1331.13,0.3407,14.3,8.54,2.86,31.46,0.5974,0.0553,3.2277,2.4408,23.0,0.0,0.0,BENIGN_STREAMING
25.6772,70.0,20.0,50.0,65205.45,16652.34,48553.1,2539.43,2.73,-0.4892,931.51,407.89,319.67,1500.0,950.24,976.74,0.2926,366.82,292.25,73.36,807.0,0.7967,0.0308,4.9803,2.6287,10.0,0.0,0.0,BENIGN_WEB
21.5669,80.0,25.0,55.0,67982.4,11871.69,56110.72,3152.16,3.71,-0.6507,849.78,399.25,250.91,1500.0,915.65,750.45,0.2553,269.59,366.26,53.92,593.09,1.3586,0.0723,4.9914,2.221,10.0,0.0,0.0,BENIGN_WEB
68.9992,1444.0,281.0,1163.0,1761490.19,136772.04,1624718.15,25529.15,20.93,-0.8447,1219.87,266.79,819.68,1500.0,1307.12,1265.02,0.2413,23.67,15.62,4.73,52.08,0.6598,0.1258,3.7072,2.9555,20.0,0.0,0.0,BENIGN_STREAMING
77.5683,1467.0,313.0,1154.0,1973962.13,200408.84,1773553.3,25448.05,18.91,-0.7969,1345.58,346.51,825.81,1500.0,1493.55,1508.13,0.3371,20.23,11.48,4.05,44.51,0.5676,0.095,3.7833,2.6917,21.0,0.0,0.0,BENIGN_STREAMING
154.0004,1314.0,253.0,1061.0,1832538.98,120047.89,1712491.09,11899.58,8.53,-0.869,1394.63,322.53,910.83,1500.0,1559.46,1322.25,0.5966,16.97,11.9,3.39,37.34,0.7009,0.1369,3.1469,2.781,22.0,0.0,0.0,BENIGN_STREAMING
135.4346,1363.0,298.0,1065.0,1950857.36,184531.97,1766325.39,14404.42,10.06,-0.8108,1431.3,409.41,817.18,1500.0,1442.46,1451.52,0.5865,21.35,14.11,4.27,46.97,0.6611,0.1074,3.3067,2.746,19.0,0.0,0.0,BENIGN_STREAMING
83.4317,1283.0,160.0,1123.0,1717419.65,116410.97,1601008.68,20584.73,15.38,-0.8644,1338.6,412.52,719.82,1500.0,1148.12,1459.86,0.2747,6.93,3.0,1.39,15.24,0.4332,0.0742,3.3147,2.7248,17.0,0.0,0.0,BENIGN_STREAMING
2.6566,35.0,14.0,21.0,23067.14,4741.06,18326.08,8683.08,13.17,-0.5889,659.06,388.32,76.58,1358.04,745.49,684.62,0.5404,75.9,101.41,15.18,166.98,1.3361,0.0133,3.8112,2.4913,18.0,0.0,0.0,BENIGN_WEB
8.006,25.0,8.0,17.0,26609.38,6079.8,20529.58,3323.69,3.12,-0.543,1064.38,443.56,399.03,1500.0,1197.71,1153.16,0.2432,320.24,530.41,64.05,704.53,1.6563,0.066,3.7124,2.4015,14.0,0.0,0.0,BENIGN_WEB
116.6624,1397.0,201.0,1196.0,1703465.94,61592.94,1641873.01,14601.67,11.97,-0.9277,1219.37,298.74,771.27,1500.0,1351.64,1042.42,0.52,24.87,14.47,4.97,54.72,0.5819,0.0928,3.7343,2.3937,11.0,0.0,0.0,BENIGN_STREAMING
15.755,63.0,18.0,45.0,58824.62,7658.34,51166.27,3733.71,4.0,-0.7396,933.72,374.96,371.29,1500.0,955.01,908.41,0.5602,250.08,372.19,50.02,550.18,1.4883,0.0149,4.4223,2.6781,8.0,0.0,0.0,BENIGN_WEB
28.364,1092.0,207.0,885.0,1318899.67,50145.62,1268754.05,46499.05,38.5,-0.924,1207.78,375.83,644.05,1500.0,1068.63,1124.66,0.5947,22.74,12.58,4.55,50.02,0.5531,0.0756,3.3605,2.3302,12.0,0.0,0.0,BENIGN_STREAMING
16.4157,59.0,20.0,39.0,47447.03,13358.16,34088.87,2890.34,3.59,-0.4369,804.19,329.32,310.2,1396.97,728.84,733.94,0.4859,278.23,472.8,55.65,612.11,1.6993,0.0361,4.5796,2.5276,15.0,0.0,0.0,BENIGN_WEB
147.8245,714.0,148.0,566.0,848624.92,61568.29,787056.63,5740.76,4.83,-0.8549,1188.55,284.52,761.77,1500.0,1058.4,1136.42,0.4044,19.99,8.26,4.0,43.97,0.4132,0.1702,3.6311,2.8684,14.0,0.0,0.0,BENIGN_STREAMING
20.1799,34.0,10.0,24.0,33996.66,8972.48,25024.18,1684.68,1.68,-0.4722,999.9,470.92,293.52,1500.0,1140.94,1026.51,0.2334,593.53,912.88,118.71,1305.76,1.5381,0.0132,5.0259,2.1836,14.0,0.0,0.0,BENIGN_WEB
17.3533,74.0,26.0,48.0,56923.31,12484.46,44438.86,3280.26,4.26,-0.5614,769.23,364.95,221.8,1426.15,755.56,813.88,0.3564,234.5,345.81,46.9,515.91,1.4747,0.0418,4.0403,3.0818,10.0,0.0,0.0,BENIGN_WEB
2.1014,19.0,6.0,13.0,17481.58,5010.46,12471.12,8319.2,9.04,-0.4268,920.08,473.41,209.97,1500.0,843.87,893.34,0.2546,110.6,149.97,22.12,243.31,1.356,0.0393,3.6052,2.3219,9.0,0.0,0.0,BENIGN_WEB
31.9811,16.0,4.0,12.0,13153.4,2762.81,10390.59,411.29,0.5,-0.5799,822.09,411.03,205.55,1500.0,895.16,788.43,0.5412,1998.82,2087.19,399.76,4397.4,1.0442,0.021,5.0077,2.3346,17.0,0.0,0.0,BENIGN_WEB
145.1787,548.0,87.0,461.0,749041.05,54948.0,694093.05,5159.44,3.77,-0.8533,1366.86,382.91,792.5,1500.0,1471.91,1418.68,0.4974,17.96,9.65,3.59,39.52,0.5371,0.1649,3.4199,2.4908,16.0,0.0,0.0,BENIGN_STREAMING
7.1209,46.0,15.0,31.0,49062.93,8392.35,40670.58,6890.02,6.46,-0.6579,1066.59,562.02,223.56,1500.0,1195.54,1223.54,0.3149,154.8,119.38,30.96,340.56,0.7712,0.0661,4.9553,3.002,12.0,0.0,0.0,BENIGN_WEB
9.058,39.0,15.0,24.0,26474.81,3854.04,22620.77,2922.82,4.31,-0.7089,678.84,325.96,189.9,1265.57,668.05,664.57,0.2267,232.26,381.55,46.45,510.96,1.6428,0.1086,4.549,2.5609,13.0,0.0,0.0,BENIGN_WEB
6.3843,21.0,5.0,16.0,21065.0,2556.95,18508.05,3299.48,3.29,-0.7572,1003.1,481.35,281.07,1500.0,1131.61,875.43,0.3153,304.02,313.0,60.8,668.84,1.0295,0.0742,4.7081,2.4095,9.0,0.0,0.0,BENIGN_WEB
24.7122,39.0,15.0,24.0,37567.96,8567.51,29000.45,1520.22,1.58,-0.5439,963.28,406.75,353.15,1500.0,1080.68,1065.51,0.1801,633.65,761.84,126.73,1394.02,1.2023,0.1234,3.6338,3.0519,16.0,0.0,0.0,BENIGN_WEB
14.4079,65.0,19.0,46.0,65523.64,9790.52,55733.11,4547.76,4.51,-0.7012,1008.06,523.7,222.5,1500.0,1067.52,886.32,0.4809,221.66,318.41,44.33,487.65,1.4365,0.0884,3.9284,2.3257,13.0,0.0,0.0,BENIGN_WEB
29.8247,35.0,11.0,24.0,25754.77,3956.02,21798.74,863.54,1.17,-0.6928,735.85,554.5,40.0,1500.0,803.79,829.04,0.4536,852.13,802.95,170.43,1874.69,0.9423,0.089,4.6021,2.3289,13.0,0.0,0.0,BENIGN_WEB
27.4566,1697.0,289.0,1408.0,2319723.88,142500.79,2177223.1,84486.86,61.81,-0.8771,1366.96,313.31,896.99,1500.0,1478.18,1568.82,0.1979,26.18,13.58,5.24,57.59,0.5186,0.0506,3.8245,2.4517,23.0,0.0,0.0,BENIGN_STREAMING
19.7342,68.0,24.0,44.0,49741.0,12219.11,37521.89,2520.55,3.45,-0.5087,731.49,520.29,40.0,1500.0,821.24,761.24,0.5775,290.21,431.82,58.04,638.46,1.488,0.0327,4.2673,2.6735,8.0,0.0,0.0,BENIGN_WEB
9.8037,57.0,16.0,41.0,61401.58,14987.73,46413.85,6263.08,5.81,-0.5118,1077.22,491.11,340.55,1500.0,1147.92,1046.31,0.3215,172.0,251.89,34.4,378.39,1.4645,0.0537,3.9758,2.6109,13.0,0.0,0.0,BENIGN_WEB
17.6366,39.0,14.0,25.0,25965.79,4940.55,21025.24,1472.27,2.21,-0.6195,665.79,362.9,121.44,1319.01,695.5,738.42,0.4347,452.22,590.4,90.44,994.89,1.3056,0.0737,4.7349,2.403,19.0,0.0,0.0,BENIGN_WEB
26.251,35.0,13.0,22.0,27807.92,6093.73,21714.19,1059.31,1.33,-0.5617,794.51,465.41,96.4,1500.0,830.72,677.44,0.3539,750.03,786.32,150.01,1650.07,1.0484,0.0562,5.016,2.1134,11.0,0.0,0.0,BENIGN_WEB
22.202,34.0,12.0,22.0,30541.89,6144.45,24397.44,1375.64,1.53,-0.5976,898.29,485.17,170.53,1500.0,831.47,850.48,0.3242,653.0,1002.12,130.6,1436.6,1.5346,0.0148,4.329,2.9846,18.0,0.0,0.0,BENIGN_WEB
149.0655,2041.0,434.0,1607.0,2870418.22,128527.96,2741890.26,19256.09,13.69,-0.9104,1406.38,367.15,855.65,1500.0,1457.77,1502.59,0.3237,7.2,5.1,1.44,15.84,0.7088,0.1723,2.9398,2.2152,11.0,0.0,0.0,BENIGN_STREAMING
6.1699,23.0,6.0,17.0,21222.78,5599.83,15622.95,3439.75,3.73,-0.4723,922.73,403.07,318.12,1500.0,945.48,1001.54,0.5948,268.26,314.98,53.65,590.16,1.1742,0.1352,4.7501,2.6118,15.0,0.0,0.0,BENIGN_WEB
3.9617,78.0,26.0,52.0,59049.81,8037.07,51012.74,14905.12,19.69,-0.7278,757.05,457.43,70.91,1500.0,834.86,759.99,0.5493,50.79,47.52,10.16,111.74,0.9356,0.1277,3.6998,2.1619,16.0,0.0,0.0,BENIGN_WEB
23.1252,1412.0,299.0,1113.0,1905155.7,104279.03,1800876.67,82384.31,61.06,-0.8905,1349.26,335.11,846.6,1500.0,1513.46,1415.8,0.3652,6.21,3.94,1.24,13.66,0.6347,0.0716,3.1057,2.8774,13.0,0.0,0.0,BENIGN_STREAMING
46.7401,989.0,141.0,848.0,1406309.02,147624.54,1258684.48,30087.88,21.16,-0.7901,1421.95,399.82,822.22,1500.0,1430.49,1613.99,0.5376,25.27,14.71,5.05,55.6,0.5822,0.1678,3.8267,2.5217,19.0,0.0,0.0,BENIGN_STREAMING
78.1256,614.0,90.0,524.0,801748.22,49456.47,752291.75,10262.3,7.86,-0.8766,1305.78,392.42,717.14,1500.0,1184.84,1197.71,0.324,10.58,5.04,2.12,23.29,0.4761,0.1134,3.7738,2.9651,11.0,0.0,0.0,BENIGN_STREAMING
6.7604,27.0,8.0,19.0,27029.13,3602.05,23427.07,3998.13,3.99,-0.7335,1001.08,455.69,317.55,1500.0,966.42,948.04,0.6095,250.39,375.44,50.08,550.85,1.4994,0.1304,4.3268,2.4442,20.0,0.0,0.0,BENIGN_WEB
17.2448,24.0,6.0,18.0,18933.14,2963.74,15969.4,1097.9,1.39,-0.6869,788.88,461.86,96.09,1500.0,876.43,835.72,0.2414,718.53,859.66,143.71,1580.77,1.1964,0.1039,4.4222,2.5642,17.0,0.0,0.0,BENIGN_WEB
23.7059,2073.0,439.0,1634.0,2534872.09,222400.06,2312472.03,106929.79,87.45,-0.8245,1222.8,288.39,790.21,1500.0,1305.48,1136.05,0.3738,22.46,8.6,4.49,49.42,0.3828,0.1499,3.2917,2.7841,15.0,0.0,0.0,BENIGN_STREAMING
27.335,439.0,94.0,345.0,630516.22,36862.53,593653.69,23066.27,16.06,-0.8831,1436.26,305.36,978.22,1500.0,1329.19,1441.02,0.4567,15.91,11.07,3.18,34.99,0.696,0.169,3.6793,2.3177,13.0,0.0,0.0,BENIGN_STREAMING
24.9586,78.0,29.0,49.0,52766.87,5101.84,47665.03,2114.17,3.13,-0.8066,676.5,331.0,180.0,1272.29,773.78,658.5,0.2617,319.98,420.51,64.0,703.96,1.3142,0.1315,3.6925,2.87,11.0,0.0,0.0,BENIGN_WEB
10.3318,56.0,21.0,35.0,46480.34,4489.16,41991.18,4498.76,5.42,-0.8068,830.01,440.72,168.92,1500.0,884.07,794.86,0.5184,184.5,259.35,36.9,405.89,1.4057,0.0871,4.6089,2.9986,18.0,0.0,0.0,BENIGN_WEB
17.8981,63.0,23.0,40.0,67771.4,16913.54,50857.85,3786.52,3.52,-0.5009,1075.74,374.52,513.96,1500.0,973.44,1125.01,0.5163,284.1,281.18,56.82,625.01,0.9898,0.1116,3.6124,2.7943,13.0,0.0,0.0,BENIGN_WEB
31.7618,57.0,20.0,37.0,43554.45,7454.1,36100.35,1371.28,1.79,-0.6577,764.11,330.2,268.82,1358.47,840.91,671.28,0.2675,557.23,545.86,111.45,1225.9,0.9796,0.1125,4.9838,2.6211,16.0,0.0,0.0,BENIGN_WEB
27.5338,64.0,21.0,43.0,48178.27,10240.55,37937.72,1749.78,2.32,-0.5749,752.79,454.82,70.55,1500.0,798.53,783.06,0.2985,430.22,566.16,86.04,946.48,1.316,0.0918,4.9963,2.3904,10.0,0.0,0.0,BENIGN_WEB
97.7504,786.0,116.0,670.0,1039663.94,73096.79,966567.15,10635.91,8.04,-0.8594,1322.73,359.74,783.12,1500.0,1423.91,1193.29,0.474,17.9,11.53,3.58,39.38,0.644,0.1109,3.3962,2.4349,22.0,0.0,0.0,BENIGN_STREAMING
16.7607,57.0,19.0,38.0,42225.74,9289.16,32936.58,2519.33,3.4,-0.56,740.8,351.75,213.17,1373.96,700.04,847.66,0.3927,294.05,391.04,58.81,646.9,1.3298,0.0259,4.4611,2.13,20.0,0.0,0.0,BENIGN_WEB
61.4324,1803.0,285.0,1518.0,2252121.09,68832.39,2183288.7,36660.12,29.35,-0.9389,1249.1,299.79,799.42,1500.0,1074.01,1219.37,0.225,20.04,8.03,4.01,44.08,0.401,0.0775,3.2536,2.8815,13.0,0.0,0.0,BENIGN_STREAMING
9.1074,45.0,17.0,28.0,43091.23,7551.34,35539.88,4731.43,4.94,-0.6495,957.58,432.79,308.4,1500.0,936.91,854.42,0.4969,202.39,166.11,40.48,445.25,0.8207,0.0338,3.7746,2.2053,17.0,0.0,0.0,BENIGN_WEB
9.2542,22.0,8.0,14.0,15858.72,2252.41,13606.31,1713.68,2.38,-0.7159,720.85,431.2,74.05,1497.01,616.26,719.53,0.4341,420.65,516.99,84.13,925.42,1.2291,0.096,3.6531,2.6657,15.0,0.0,0.0,BENIGN_WEB
17.2414,70.0,22.0,48.0,52847.58,7908.08,44939.5,3065.16,4.06,-0.7007,754.97,579.36,40.0,1500.0,724.16,713.35,0.5619,246.31,183.35,49.26,541.87,0.7444,0.0505,3.8543,2.1889,14.0,0.0,0.0,BENIGN_WEB
17.075,43.0,12.0,31.0,29552.33,5692.93,23859.4,1730.73,2.52,-0.6147,687.26,410.35,71.74,1425.9,788.47,648.7,0.4784,397.09,469.71,79.42,873.61,1.1829,0.0903,3.7255,3.0921,13.0,0.0,0.0,BENIGN_WEB
56.378,1106.0,200.0,906.0,1400748.91,38919.33,1361829.59,24845.65,19.62,-0.9444,1266.5,314.25,795.12,1500.0,1209.68,1281.53,0.2071,23.13,13.97,4.63,50.88,0.6043,0.0979,3.3303,2.4229,16.0,0.0,0.0,BENIGN_STREAMING
121.7439,366.0,53.0,313.0,441228.53,38737.82,402490.7,3624.23,3.01,-0.8244,1205.54,255.37,822.49,1500.0,1357.8,1120.5,0.3303,21.43,15.81,4.29,47.15,0.7374,0.1275,3.5585,2.2973,22.0,0.0,0.0,BENIGN_STREAMING
13.8968,62.0,21.0,41.0,57849.47,14866.96,42982.51,4162.78,4.46,-0.486,933.06,543.27,118.15,1500.0,986.2,828.37,0.4234,224.14,283.5,44.83,493.11,1.2648,0.1266,4.7396,2.9354,19.0,0.0,0.0,BENIGN_WEB
11.2873,62.0,17.0,45.0,43358.52,4062.66,39295.86,3841.37,5.49,-0.8126,699.33,550.63,40.0,1500.0,753.88,630.17,0.556,182.05,179.03,36.41,400.52,0.9834,0.1126,4.0612,3.0555,19.0,0.0,0.0,BENIGN_WEB
8.514,28.0,8.0,20.0,19975.86,2018.0,17957.86,2346.23,3.29,-0.798,713.42,500.22,40.0,1500.0,612.73,753.73,0.4339,304.07,355.69,60.81,668.96,1.1698,0.0532,4.1894,2.7197,12.0,0.0,0.0,BENIGN_WEB
19.6479,1392.0,243.0,1149.0,1706278.24,151120.13,1555158.11,86842.56,70.85,-0.8229,1225.77,256.47,841.08,1500.0,1085.38,1334.66,0.4681,10.37,6.44,2.07,22.81,0.6211,0.0513,3.3269,2.7099,23.0,0.0,0.0,BENIGN_STREAMING
114.7225,892.0,184.0,708.0,1154140.61,62808.53,1091332.09,10060.28,7.78,-0.8912,1293.88,388.77,710.73,1500.0,1333.75,1161.48,0.5772,12.65,5.4,2.53,27.83,0.4268,0.0586,3.5869,2.9174,16.0,0.0,0.0,BENIGN_STREAMING
106.4252,1759.0,243.0,1516.0,2339392.66,234114.27,2105278.4,21981.56,16.53,-0.7999,1329.96,275.65,916.48,1500.0,1206.85,1441.19,0.4484,23.11,11.3,4.62,50.84,0.4889,0.0864,3.8601,2.6149,16.0,0.0,0.0,BENIGN_STREAMING
20.4314,33.0,9.0,24.0,29296.24,4209.48,25086.76,1433.88,1.62,-0.7126,887.76,459.37,198.71,1500.0,817.33,764.44,0.3037,619.13,1081.7,123.83,1362.1,1.7471,0.0305,3.8136,2.7725,20.0,0.0,0.0,BENIGN_WEB
111.9402,1898.0,363.0,1535.0,2545157.99,152600.55,2392557.44,22736.76,16.96,-0.8801,1340.97,410.03,725.92,1500.0,1486.51,1181.51,0.4469,23.88,18.47,4.78,52.54,0.7735,0.1608,3.6349,2.7721,19.0,0.0,0.0,BENIGN_STREAMING
61.2832,527.0,65.0,462.0,673695.83,36061.85,637633.97,10993.16,8.6,-0.8929,1278.36,309.8,813.66,1500.0,1120.57,1369.4,0.5356,25.33,16.63,5.07,55.73,0.6566,0.0693,3.8163,2.7017,22.0,0.0,0.0,BENIGN_STREAMING
9.4647,62.0,25.0,37.0,61917.54,9831.79,52085.75,6541.92,6.55,-0.6824,998.67,448.31,326.21,1500.0,1087.59,862.87,0.4902,152.66,154.11,30.53,335.85,1.0095,0.0959,3.9796,2.2888,18.0,0.0,0.0,BENIGN_WEB
98.8193,392.0,83.0,309.0,489505.43,23078.03,466427.4,4953.54,3.97,-0.9057,1248.74,391.64,661.28,1500.0,1292.3,1393.29,0.3895,13.09,6.74,2.62,28.8,0.5152,0.1248,3.0875,2.3372,11.0,0.0,0.0,BENIGN_STREAMING
20.9389,36.0,12.0,24.0,25259.04,3408.68,21850.36,1206.32,1.72,-0.7301,701.64,544.32,40.0,1500.0,794.68,615.52,0.5794,581.63,591.22,116.33,1279.6,1.0165,0.1005,4.6804,2.6012,21.0,0.0,0.0,BENIGN_WEB
24.5009,50.0,15.0,35.0,50910.31,8608.92,42301.39,2077.89,2.04,-0.6618,1018.21,371.2,461.4,1500.0,1088.77,907.34,0.5846,490.02,693.26,98.0,1078.04,1.4148,0.0277,4.0209,2.7881,21.0,0.0,0.0,BENIGN_WEB
157.7131,278.0,40.0,238.0,373618.36,39862.76,333755.6,2368.97,1.76,-0.7866,1343.95,297.51,897.69,1500.0,1496.38,1406.57,0.438,16.43,6.61,3.29,36.14,0.4022,0.0645,2.9593,2.2172,18.0,0.0,0.0,BENIGN_STREAMING
70.6864,1576.0,286.0,1290.0,2113242.75,158424.68,1954818.07,29896.03,22.3,-0.8501,1340.89,280.45,920.22,1500.0,1352.35,1508.4,0.4852,18.02,12.84,3.6,39.65,0.7122,0.0774,3.3322,2.8363,14.0,0.0,0.0,BENIGN_STREAMING
25.5444,44.0,17.0,27.0,27590.28,4034.58,23555.71,1080.09,1.72,-0.7075,627.05,524.77,40.0,1500.0,658.69,541.9,0.5796,580.56,811.9,116.11,1277.22,1.3985,0.1022,4.8689,2.7613,20.0,0.0,0.0,BENIGN_WEB
25.4895,73.0,26.0,47.0,46875.62,7672.48,39203.15,1839.02,2.86,-0.6726,642.13,413.04,40.0,1385.61,567.73,638.62,0.5793,349.17,248.72,69.83,768.18,0.7123,0.1234,4.0668,2.1866,12.0,0.0,0.0,BENIGN_WEB
7.8907,30.0,9.0,21.0,25226.44,2961.38,22265.05,3196.99,3.8,-0.7652,840.88,534.99,40.0,1500.0,754.78,864.05,0.5223,263.02,390.45,52.6,578.65,1.4845,0.0918,3.6693,3.0219,19.0,0.0,0.0,BENIGN_WEB
31.0873,67.0,20.0,47.0,54381.45,9945.87,44435.58,1749.31,2.16,-0.6342,811.66,517.07,40.0,1500.0,909.5,879.09,0.3113,463.99,412.94,92.8,1020.78,0.89,0.1227,4.528,3.0445,16.0,0.0,0.0,BENIGN_WEB
121.8648,1973.0,417.0,1556.0,2553731.9,207963.53,2345768.37,20955.45,16.19,-0.8371,1294.34,360.23,754.0,1500.0,1458.56,1407.19,0.5843,22.59,9.0,4.52,49.7,0.3986,0.0931,3.1114,2.8144,20.0,0.0,0.0,BENIGN_STREAMING
5.9924,29.0,9.0,20.0,26161.97,6066.07,20095.9,4365.89,4.84,-0.5363,902.14,322.4,418.54,1482.45,936.83,961.83,0.3125,206.63,295.91,41.33,454.59,1.4321,0.0518,4.0535,2.9628,8.0,0.0,0.0,BENIGN_WEB
31.1071,58.0,16.0,42.0,45088.0,12091.94,32996.05,1449.44,1.86,-0.4636,777.38,466.74,77.27,1500.0,777.26,673.7,0.565,536.33,745.52,107.27,1179.93,1.39,0.1181,4.6723,2.1453,17.0,0.0,0.0,BENIGN_WEB
13.9515,41.0,15.0,26.0,39355.91,8714.98,30640.93,2820.91,2.94,-0.5571,959.9,450.05,284.83,1500.0,1039.92,1092.1,0.2217,340.28,333.65,68.06,748.62,0.9805,0.0158,4.5672,2.8229,20.0,0.0,0.0,BENIGN_WEB
22.2122,42.0,13.0,29.0,29863.11,8380.96,21482.15,1344.45,1.89,-0.4387,711.03,535.27,40.0,1500.0,757.45,680.79,0.3911,528.86,464.12,105.77,1163.5,0.8776,0.0442,4.2526,2.5764,15.0,0.0,0.0,BENIGN_WEB
66.4614,1899.0,228.0,1671.0,2335369.36,245419.88,2089949.48,35138.74,28.57,-0.7898,1229.79,265.31,831.82,1500.0,1265.56,1257.64,0.2326,25.51,19.71,5.1,56.12,0.7728,0.154,3.7953,2.7017,21.0,0.0,0.0,BENIGN_STREAMING
60.4373,1830.0,312.0,1518.0,2214747.9,147802.43,2066945.47,36645.37,30.28,-0.8665,1210.24,308.27,747.84,1500.0,1358.74,1280.72,0.4862,10.17,6.86,2.03,22.38,0.6745,0.141,3.3435,2.2909,19.0,0.0,0.0,BENIGN_STREAMING
14.7787,64.0,22.0,42.0,64024.8,16415.1,47609.7,4332.24,4.33,-0.4872,1000.39,527.71,208.83,1500.0,897.43,871.79,0.4299,230.92,164.09,46.18,508.02,0.7106,0.0469,4.2295,2.966,10.0,0.0,0.0,BENIGN_WEB
25.7939,27.0,8.0,19.0,25562.3,5158.05,20404.24,991.02,1.05,-0.5964,946.75,337.17,440.99,1500.0,942.34,1071.18,0.3348,955.33,1433.96,191.07,2101.72,1.501,0.1046,3.6712,2.7965,17.0,0.0,0.0,BENIGN_WEB
117.0444,647.0,130.0,517.0,810793.48,60259.87,750533.62,6927.23,5.53,-0.8514,1253.16,248.94,879.74,1500.0,1128.26,1121.4,0.5965,7.75,2.93,1.55,17.04,0.3778,0.1757,3.2518,2.3328,15.0,0.0,0.0,BENIGN_STREAMING
25.5339,24.0,8.0,16.0,25102.3,3142.69,21959.61,983.1,0.94,-0.7496,1045.93,433.26,396.04,1500.0,1152.49,1080.87,0.2614,1063.91,1563.98,212.78,2340.61,1.47,0.1284,4.6692,3.0156,20.0,0.0,0.0,BENIGN_WEB
26.5512,33.0,10.0,23.0,32194.76,7324.59,24870.17,1212.56,1.24,-0.545,975.6,395.18,382.83,1500.0,850.58,957.45,0.4795,804.58,1220.56,160.92,1770.08,1.517,0.0739,4.0706,2.2798,11.0,0.0,0.0,BENIGN_WEB
10.7794,46.0,17.0,29.0,46794.24,12879.67,33914.56,4341.07,4.27,-0.4495,1017.27,429.98,372.3,1500.0,981.55,930.88,0.3083,234.34,390.91,46.87,515.54,1.6682,0.0916,4.6795,2.6554,12.0,0.0,0.0,BENIGN_WEB
9.2858,39.0,14.0,25.0,26696.98,6129.79,20567.18,2875.03,4.2,-0.5408,684.54,491.67,40.0,1500.0,732.33,658.98,0.555,238.1,399.28,47.62,523.81,1.677,0.0387,3.8511,2.8514,21.0,0.0,0.0,BENIGN_WEB
5.3465,18.0,6.0,12.0,16578.19,4274.58,12303.61,3100.73,3.37,-0.4843,921.01,481.25,199.13,1500.0,867.26,966.37,0.5631,297.03,270.4,59.41,653.47,0.9103,0.0603,3.8733,2.1304,17.0,0.0,0.0,BENIGN_WEB
19.1036,82.0,25.0,57.0,79966.99,9866.58,70100.41,4185.96,4.29,-0.7532,975.21,446.97,304.76,1500.0,910.16,943.12,0.4956,232.97,315.68,46.59,512.54,1.355,0.0947,4.5865,2.4561,21.0,0.0,0.0,BENIGN_WEB
24.069,83.0,30.0,53.0,84565.44,11634.44,72931.0,3513.46,3.45,-0.7248,1018.86,501.49,266.63,1500.0,1056.16,933.55,0.2809,289.99,493.14,58.0,637.97,1.7005,0.026,4.0489,2.4818,15.0,0.0,0.0,BENIGN_WEB
21.6455,46.0,15.0,31.0,31811.33,6931.44,24879.89,1469.65,2.13,-0.5642,691.55,432.09,43.41,1469.31,789.89,657.23,0.526,470.56,772.67,94.11,1035.22,1.642,0.0289,4.9915,2.7754,19.0,0.0,0.0,BENIGN_WEB
19.5802,42.0,12.0,30.0,27172.91,5082.85,22090.06,1387.78,2.15,-0.6259,646.97,480.22,40.0,1500.0,739.24,727.14,0.4049,466.19,770.87,93.24,1025.63,1.6535,0.1184,5.0481,2.6076,15.0,0.0,0.0,BENIGN_WEB
40.4816,820.0,128.0,692.0,1109823.75,111285.46,998538.29,27415.48,20.26,-0.7995,1353.44,366.79,803.26,1500.0,1295.84,1439.32,0.402,17.59,11.86,3.52,38.7,0.6744,0.1284,3.6183,2.4875,16.0,0.0,0.0,BENIGN_STREAMING
110.5829,2157.0,472.0,1685.0,2857132.12,262359.92,2594772.2,25837.01,19.51,-0.8163,1324.59,409.32,710.61,1500.0,1480.18,1364.16,0.2545,8.39,6.45,1.68,18.47,0.7683,0.1266,3.1081,2.4792,12.0,0.0,0.0,BENIGN_STREAMING
34.219,331.0,39.0,292.0,455914.46,12676.2,443238.26,13323.42,9.67,-0.9444,1377.39,242.32,1013.91,1500.0,1534.88,1276.58,0.3284,17.37,8.26,3.47,38.22,0.4752,0.0694,3.8048,2.6702,14.0,0.0,0.0,BENIGN_STREAMING
26.1537,17.0,5.0,12.0,16610.45,2791.94,13818.5,635.11,0.65,-0.6638,977.09,493.38,237.02,1500.0,1097.92,983.24,0.2646,1538.45,1432.64,307.69,3384.59,0.9312,0.1355,4.9316,2.8902,21.0,0.0,0.0,BENIGN_WEB
28.3347,47.0,16.0,31.0,44270.21,12055.26,32214.95,1562.41,1.66,-0.4554,941.92,533.97,140.97,1500.0,825.52,985.02,0.4305,602.87,843.69,120.57,1326.3,1.3995,0.054,3.8642,2.9134,21.0,0.0,0.0,BENIGN_WEB
71.3876,1636.0,198.0,1438.0,2345066.93,147112.9,2197954.04,32849.79,22.92,-0.8745,1433.41,302.82,979.18,1500.0,1239.26,1304.46,0.207,20.31,9.73,4.06,44.67,0.4792,0.0922,2.9743,2.6051,10.0,0.0,0.0,BENIGN_STREAMING
14.2258,43.0,15.0,28.0,38431.74,4236.65,34195.09,2701.54,3.02,-0.7795,893.76,447.23,222.91,1500.0,952.3,998.68,0.1871,330.83,511.5,66.17,727.83,1.5461,0.0933,4.4098,2.978,9.0,0.0,0.0,BENIGN_WEB
7.0356,69.0,21.0,48.0,68069.87,13349.21,54720.66,9675.11,9.81,-0.6078,986.52,428.66,343.54,1500.0,1025.26,967.34,0.554,101.96,157.64,20.39,224.32,1.5461,0.0506,5.0608,2.154,15.0,0.0,0.0,BENIGN_WEB
27.9663,1485.0,235.0,1250.0,2069932.85,216461.71,1853471.13,74015.2,53.1,-0.7909,1393.89,286.76,963.76,1500.0,1207.1,1499.92,0.3274,12.54,5.93,2.51,27.59,0.4731,0.1441,3.049,2.9923,10.0,0.0,0.0,BENIGN_STREAMING
34.1488,618.0,133.0,485.0,762366.98,63758.83,698608.15,22324.83,18.1,-0.8327,1233.6,275.82,819.88,1500.0,1329.05,1061.5,0.5483,23.72,16.65,4.74,52.19,0.7018,0.1574,3.6893,2.9666,18.0,0.0,0.0,BENIGN_STREAMING
22.8533,36.0,11.0,25.0,27441.09,4399.67,23041.42,1200.75,1.58,-0.6793,762.25,493.08,40.0,1500.0,772.86,655.22,0.4792,634.81,696.65,126.96,1396.59,1.0974,0.1055,3.7867,2.9155,20.0,0.0,0.0,BENIGN_WEB
29.0619,15.0,5.0,10.0,11703.71,1668.56,10035.15,402.72,0.52,-0.7149,780.25,374.45,218.57,1454.26,790.36,834.19,0.5711,1937.46,2330.38,387.49,4262.41,1.2028,0.1215,4.5243,2.3229,13.0,0.0,0.0,BENIGN_WEB
28.8342,17.0,4.0,13.0,10848.79,2797.85,8050.94,376.25,0.59,-0.4842,638.16,546.91,40.0,1500.0,654.89,584.32,0.1844,1696.13,1750.44,339.23,3731.49,1.032,0.0308,4.0335,2.84,17.0,0.0,0.0,BENIGN_WEB
4.2739,44.0,15.0,29.0,44831.67,8853.04,35978.64,10489.63,10.3,-0.6051,1018.9,463.64,323.44,1500.0,1086.83,1023.48,0.4879,97.13,138.18,19.43,213.7,1.4226,0.0815,4.1288,2.4315,19.0,0.0,0.0,BENIGN_WEB
30.9617,83.0,23.0,60.0,71378.41,17405.04,53973.37,2305.37,2.68,-0.5123,859.98,407.52,248.7,1500.0,951.27,816.66,0.4825,373.03,319.62,74.61,820.67,0.8568,0.0868,4.9636,2.765,17.0,0.0,0.0,BENIGN_WEB
27.6533,1686.0,345.0,1341.0,2038696.5,128767.84,1909928.67,73723.38,60.97,-0.8737,1209.19,378.27,641.79,1500.0,1159.17,1242.45,0.3356,17.76,10.57,3.55,39.07,0.5954,0.1004,2.9237,2.7063,10.0,0.0,0.0,BENIGN_STREAMING
122.064,1526.0,315.0,1211.0,1985694.95,145417.48,1840277.48,16267.65,12.5,-0.8535,1301.24,313.44,831.08,1500.0,1183.14,1398.92,0.4381,22.96,11.39,4.59,50.51,0.4963,0.0877,2.9955,2.9383,16.0,0.0,0.0,BENIGN_STREAMING
134.901,2135.0,455.0,1680.0,2747265.96,80785.66,2666480.3,20365.05,15.83,-0.9412,1286.78,306.15,827.55,1500.0,1169.32,1173.71,0.55,23.87,17.35,4.77,52.52,0.7269,0.1735,3.7504,2.2519,17.0,0.0,0.0,BENIGN_STREAMING
107.3022,1213.0,259.0,954.0,1696385.2,58211.08,1638174.12,15809.41,11.3,-0.9314,1398.5,316.98,923.03,1500.0,1273.65,1419.68,0.6146,12.18,4.53,2.44,26.8,0.3719,0.1126,3.3979,2.8922,18.0,0.0,0.0,BENIGN_STREAMING
23.2634,17.0,6.0,11.0,18159.43,2340.15,15819.28,780.6,0.73,-0.7423,1068.2,322.59,584.32,1500.0,1097.11,1002.65,0.4618,1368.44,1047.51,273.69,3010.56,0.7655,0.0445,4.9051,2.436,19.0,0.0,0.0,BENIGN_WEB
4.7145,36.0,13.0,23.0,36126.9,8658.49,27468.41,7662.87,7.64,-0.5207,1003.52,398.5,405.78,1500.0,1025.65,1086.86,0.6062,130.96,166.81,26.19,288.11,1.2737,0.0624,4.9714,2.7689,10.0,0.0,0.0,BENIGN_WEB
28.558,1199.0,195.0,1004.0,1572419.79,123042.24,1449377.55,55060.49,41.98,-0.8435,1311.44,360.21,771.13,1500.0,1142.47,1219.6,0.3312,27.14,9.91,5.43,59.72,0.365,0.126,3.0696,2.7701,19.0,0.0,0.0,BENIGN_STREAMING
20.8386,22.0,8.0,14.0,15816.67,4315.99,11500.68,759.01,1.06,-0.4542,718.94,416.19,94.66,1468.08,785.78,716.81,0.6053,947.21,1444.62,189.44,2083.86,1.5251,0.084,4.7594,2.3326,20.0,0.0,0.0,BENIGN_WEB
42.8926,1455.0,241.0,1214.0,2065959.22,224026.62,1841932.6,48165.9,33.92,-0.7831,1419.9,300.67,968.89,1500.0,1355.63,1461.13,0.3078,15.03,10.88,3.01,33.06,0.7237,0.1518,3.4868,2.7177,17.0,0.0,0.0,BENIGN_STREAMING
13.5086,64.0,20.0,44.0,63209.01,15776.14,47432.87,4679.18,4.74,-0.5008,987.64,441.15,325.92,1500.0,1066.08,1004.56,0.5577,211.07,261.99,42.21,464.36,1.2412,0.0824,4.0773,2.8147,10.0,0.0,0.0,BENIGN_WEB
13.5892,70.0,23.0,47.0,48097.26,4382.25,43715.01,3539.38,5.15,-0.8178,687.1,508.74,40.0,1500.0,657.05,639.3,0.3675,194.13,163.2,38.83,427.09,0.8407,0.0645,4.514,2.3135,21.0,0.0,0.0,BENIGN_WEB
19.105,15.0,5.0,10.0,9695.57,2031.07,7664.5,507.49,0.79,-0.581,646.37,500.61,40.0,1500.0,643.97,613.02,0.5052,1273.66,1339.89,254.73,2802.06,1.052,0.1375,4.9382,2.2508,18.0,0.0,0.0,BENIGN_WEB
13.1926,72.0,21.0,51.0,54235.57,14108.57,40127.0,4111.07,5.46,-0.4797,753.27,534.03,40.0,1500.0,852.83,836.57,0.4445,183.23,188.2,36.65,403.11,1.0271,0.1355,3.6655,2.4888,17.0,0.0,0.0,BENIGN_WEB
10.7328,81.0,27.0,54.0,81115.86,15763.36,65352.5,7557.72,7.55,-0.6113,1001.43,490.24,266.08,1500.0,1105.13,1036.62,0.2851,132.5,182.64,26.5,291.51,1.3784,0.1064,3.8441,2.5992,13.0,0.0,0.0,BENIGN_WEB
19.3158,54.0,16.0,38.0,57041.7,8238.62,48803.08,2953.11,2.8,-0.7111,1056.33,420.0,426.34,1500.0,934.09,1033.35,0.4865,357.7,537.56,71.54,786.94,1.5028,0.0658,4.7806,2.4035,17.0,0.0,0.0,BENIGN_WEB
17.3606,83.0,31.0,52.0,62776.1,13245.64,49530.47,3616.01,4.78,-0.578,756.34,383.45,181.17,1446.54,761.0,715.58,0.499,209.16,265.65,41.83,460.16,1.2701,0.0271,3.9428,2.8406,21.0,0.0,0.0,BENIGN_WEB
145.5862,1910.0,403.0,1507.0,2528245.58,136703.13,2391542.45,17365.97,13.12,-0.8919,1323.69,355.94,789.78,1500.0,1501.66,1287.98,0.3052,13.65,5.46,2.73,30.02,0.4003,0.1459,3.7347,2.3765,17.0,0.0,0.0,BENIGN_STREAMING
43.535,1940.0,411.0,1529.0,2688216.79,280111.97,2408104.81,61748.46,44.56,-0.7916,1385.68,318.76,907.54,1500.0,1484.78,1246.52,0.4242,10.09,3.79,2.02,22.21,0.3752,0.1178,3.4913,2.7572,14.0,0.0,0.0,BENIGN_STREAMING
14.1033,77.0,25.0,52.0,82813.59,12825.82,69987.78,5871.92,5.46,-0.6902,1075.5,497.05,329.93,1500.0,1076.68,1132.66,0.5459,183.16,307.03,36.63,402.95,1.6763,0.0675,4.9469,3.0943,14.0,0.0,0.0,BENIGN_WEB
3.3898,78.0,25.0,53.0,68344.09,8118.75,60225.35,20161.63,23.01,-0.7624,876.21,323.42,391.07,1458.37,869.51,967.08,0.3937,43.46,59.88,8.69,95.61,1.3778,0.0524,4.8491,2.1917,11.0,0.0,0.0,BENIGN_WEB
73.5515,332.0,44.0,288.0,453160.86,49241.06,403919.81,6161.14,4.51,-0.7827,1364.94,292.32,926.47,1500.0,1536.76,1457.73,0.4945,6.08,3.42,1.22,13.38,0.5624,0.1581,3.7053,2.8303,21.0,0.0,0.0,BENIGN_STREAMING
5.8096,25.0,10.0,15.0,19371.81,1854.46,17517.34,3334.44,4.3,-0.8085,774.87,555.31,40.0,1500.0,730.04,661.52,0.2304,232.38,387.07,46.48,511.25,1.6657,0.0144,4.0919,2.8051,17.0,0.0,0.0,BENIGN_WEB
73.3533,378.0,71.0,307.0,462994.97,25613.83,437381.13,6311.85,5.15,-0.8894,1224.85,258.45,837.17,1500.0,1406.99,1126.36,0.5304,21.09,13.36,4.22,46.41,0.6335,0.0763,2.9844,2.4059,13.0,0.0,0.0,BENIGN_STREAMING
141.9462,2031.0,392.0,1639.0,2592379.49,111102.99,2481276.5,18263.11,14.31,-0.9143,1276.41,381.58,704.03,1500.0,1439.57,1138.41,0.4229,26.45,16.86,5.29,58.2,0.6372,0.1302,3.2666,2.2089,14.0,0.0,0.0,BENIGN_STREAMING
27.2685,83.0,29.0,54.0,87462.88,13011.33,74451.54,3207.47,3.04,-0.7025,1053.77,506.97,293.31,1500.0,1158.17,1021.24,0.4288,328.54,495.34,65.71,722.78,1.5077,0.0609,5.0924,2.6769,21.0,0.0,0.0,BENIGN_WEB
15.8814,72.0,21.0,51.0,67965.9,7674.99,60290.9,4279.58,4.53,-0.7742,943.97,380.88,372.65,1500.0,950.97,858.97,0.2977,220.58,344.42,44.12,485.27,1.5615,0.0321,5.0463,2.862,12.0,0.0,0.0,BENIGN_WEB
30.8977,1945.0,332.0,1613.0,2410151.2,193284.18,2216867.01,78004.23,62.95,-0.8396,1239.15,288.78,805.99,1500.0,1241.79,1406.91,0.3177,25.25,11.68,5.05,55.55,0.4626,0.0536,3.1159,2.5111,14.0,0.0,0.0,BENIGN_STREAMING
74.2521,644.0,95.0,549.0,821124.15,30080.03,791044.12,11058.59,8.67,-0.9267,1275.04,251.05,898.46,1500.0,1096.5,1368.67,0.6064,22.51,9.85,4.5,49.53,0.4376,0.1405,3.555,2.2758,15.0,0.0,0.0,BENIGN_STREAMING
19.7746,54.0,19.0,35.0,49454.67,14025.56,35429.11,2500.92,2.73,-0.4328,915.83,385.65,337.35,1500.0,1006.15,936.19,0.226,366.2,453.89,73.24,805.63,1.2395,0.1355,4.9891,2.7636,9.0,0.0,0.0,BENIGN_WEB
26.7474,67.0,23.0,44.0,47492.72,10839.93,36652.8,1775.6,2.5,-0.5435,708.85,434.36,57.31,1490.69,632.56,656.12,0.4049,399.22,514.94,79.84,878.27,1.2899,0.0962,3.974,2.4726,9.0,0.0,0.0,BENIGN_WEB
22.7476,61.0,18.0,43.0,58313.12,16474.08,41839.04,2563.49,2.68,-0.435,955.95,336.37,451.4,1500.0,1088.88,1011.99,0.197,372.91,263.69,74.58,820.4,0.7071,0.0104,4.4456,2.8669,20.0,0.0,0.0,BENIGN_WEB
23.1781,25.0,7.0,18.0,15532.3,2191.13,13341.17,670.13,1.08,-0.7179,621.29,569.98,40.0,1500.0,586.64,571.45,0.493,927.12,661.06,185.42,2039.67,0.713,0.089,4.0048,2.6571,21.0,0.0,0.0,BENIGN_WEB
19.1416,39.0,15.0,24.0,33981.39,9363.7,24617.69,1775.26,2.04,-0.4489,871.32,339.77,361.66,1482.9,842.0,950.74,0.466,490.81,557.81,98.16,1079.78,1.1365,0.1398,4.5776,2.8964,20.0,0.0,0.0,BENIGN_WEB
27.5714,25.0,9.0,16.0,17159.84,1826.5,15333.34,622.38,0.91,-0.7871,686.39,517.48,40.0,1500.0,725.21,635.02,0.5171,1102.86,973.31,220.57,2426.28,0.8825,0.1101,4.7622,2.3671,21.0,0.0,0.0,BENIGN_WEB
6.5298,56.0,21.0,35.0,53292.62,12268.25,41024.37,8161.48,8.58,-0.5396,951.65,394.94,359.24,1500.0,980.45,813.81,0.4326,116.6,194.28,23.32,256.53,1.6661,0.0707,3.8811,2.3708,9.0,0.0,0.0,BENIGN_WEB
18.0213,20.0,6.0,14.0,15187.24,1516.72,13670.52,842.74,1.11,-0.8003,759.36,444.95,91.93,1500.0,746.33,765.66,0.42,901.07,1000.88,180.21,1982.35,1.1108,0.0837,4.0404,3.0024,9.0,0.0,0.0,BENIGN_WEB
20.1205,46.0,16.0,30.0,45745.31,5865.95,39879.36,2273.57,2.29,-0.7435,994.46,563.75,148.83,1500.0,944.47,955.82,0.403,437.4,513.61,87.48,962.28,1.1742,0.0303,4.673,2.5885,21.0,0.0,0.0,BENIGN_WEB
65.2835,1025.0,221.0,804.0,1471731.95,145118.4,1326613.54,22543.69,15.7,-0.8028,1435.84,265.83,1037.09,1500.0,1601.57,1365.69,0.2363,27.98,19.4,5.6,61.55,0.6935,0.1319,3.7904,2.2007,15.0,0.0,0.0,BENIGN_STREAMING
113.9157,1285.0,246.0,1039.0,1777587.5,159452.88,1618134.62,15604.41,11.28,-0.8206,1383.34,321.64,900.88,1500.0,1523.7,1570.45,0.2808,7.5,3.53,1.5,16.5,0.47,0.1799,3.8954,2.7076,11.0,0.0,0.0,BENIGN_STREAMING
18.4852,2019.0,426.0,1593.0,2647382.95,251224.6,2396158.36,143216.33,109.22,-0.8102,1311.23,289.85,876.46,1500.0,1439.79,1170.38,0.5859,10.98,8.4,2.2,24.15,0.7654,0.1047,2.9978,2.3393,12.0,0.0,0.0,BENIGN_STREAMING
23.4544,45.0,13.0,32.0,47533.91,12252.89,35281.02,2026.65,1.92,-0.4845,1056.31,405.11,448.64,1500.0,1073.44,1009.33,0.249,521.21,677.12,104.24,1146.66,1.2991,0.1029,4.4234,2.4937,20.0,0.0,0.0,BENIGN_WEB
31.9102,28.0,11.0,17.0,27727.62,7619.89,20107.73,868.93,0.88,-0.4504,990.27,413.2,370.47,1500.0,853.64,907.43,0.3269,1139.65,1514.27,227.93,2507.23,1.3287,0.1113,4.8156,2.5552,11.0,0.0,0.0,BENIGN_WEB
3.4559,61.0,18.0,43.0,52223.7,12753.35,39470.35,15111.61,17.65,-0.5116,856.13,409.42,242.0,1500.0,819.91,896.76,0.4965,56.65,86.31,11.33,124.64,1.5235,0.0851,3.7515,2.6691,20.0,0.0,0.0,BENIGN_WEB
27.0084,79.0,31.0,48.0,64935.66,14308.58,50627.08,2404.27,2.93,-0.5593,821.97,415.93,198.07,1500.0,917.87,716.26,0.3381,341.88,362.9,68.38,752.13,1.0615,0.045,4.6527,2.2359,17.0,0.0,0.0,BENIGN_WEB
9.6518,45.0,13.0,32.0,36707.89,8141.78,28566.11,3803.23,4.66,-0.5564,815.73,419.22,186.9,1500.0,876.8,871.39,0.5328,214.48,374.7,42.9,471.86,1.747,0.0693,4.1997,2.8888,21.0,0.0,0.0,BENIGN_WEB
26.8036,49.0,17.0,32.0,39727.63,6440.26,33287.37,1482.17,1.83,-0.6758,810.77,564.93,40.0,1500.0,921.73,894.17,0.4316,547.01,402.57,109.4,1203.43,0.7359,0.1042,4.7809,2.3157,14.0,0.0,0.0,BENIGN_WEB
11.4061,27.0,8.0,19.0,17369.79,3985.88,13383.9,1522.85,2.37,-0.5411,643.33,339.45,134.16,1254.33,620.62,622.35,0.4005,422.45,417.65,84.49,929.39,0.9886,0.0623,4.6137,3.0233,17.0,0.0,0.0,BENIGN_WEB
17.5292,44.0,18.0,26.0,36627.41,8399.84,28227.57,2089.51,2.51,-0.5413,832.44,356.93,297.05,1474.91,926.34,836.12,0.6102,398.39,665.68,79.68,876.46,1.6709,0.0499,4.7775,2.8749,16.0,0.0,0.0,BENIGN_WEB
37.7588,1651.0,272.0,1379.0,2245959.56,121601.62,2124357.94,59481.71,43.72,-0.8917,1360.36,401.08,758.74,1500.0,1434.22,1306.91,0.4379,15.81,11.53,3.16,34.78,0.7293,0.1517,3.4844,2.9056,11.0,0.0,0.0,BENIGN_STREAMING
75.0825,1012.0,143.0,869.0,1321128.92,45828.4,1275300.52,17595.69,13.48,-0.9306,1305.46,310.84,839.21,1500.0,1348.41,1468.31,0.4581,7.31,3.89,1.46,16.08,0.5315,0.1033,3.893,2.3337,17.0,0.0,0.0,BENIGN_STREAMING
27.8265,55.0,19.0,36.0,51435.66,8500.06,42935.6,1848.44,1.98,-0.6695,935.19,386.2,355.9,1500.0,869.54,897.17,0.465,505.94,677.77,101.19,1113.06,1.3396,0.077,3.7772,2.1584,11.0,0.0,0.0,BENIGN_WEB
9.8862,40.0,14.0,26.0,32139.2,3518.77,28620.43,3250.92,4.05,-0.781,803.48,345.87,284.67,1426.05,889.35,772.43,0.2149,247.15,184.58,49.43,543.74,0.7468,0.0319,4.1567,3.0913,10.0,0.0,0.0,BENIGN_WEB
24.8523,33.0,13.0,20.0,28353.06,4846.69,23506.36,1140.86,1.33,-0.6581,859.18,334.71,357.12,1461.66,781.28,915.77,0.4933,753.1,1089.13,150.62,1656.82,1.4462,0.0304,4.7279,2.5428,19.0,0.0,0.0,BENIGN_WEB
14.4984,70.0,26.0,44.0,44907.28,11689.69,33217.58,3097.4,4.83,-0.4794,641.53,505.33,40.0,1500.0,681.04,569.41,0.4266,207.12,228.84,41.42,455.66,1.1049,0.018,3.6032,3.0284,18.0,0.0,0.0,BENIGN_WEB
4.4211,70.0,28.0,42.0,63269.45,7581.78,55687.67,14310.81,15.83,-0.7603,903.85,368.74,350.75,1500.0,824.64,797.74,0.3595,63.16,103.93,12.63,138.95,1.6455,0.109,4.4473,2.9089,10.0,0.0,0.0,BENIGN_WEB
15.0619,80.0,31.0,49.0,75812.87,17903.29,57909.57,5033.43,5.31,-0.5277,947.66,578.69,79.63,1500.0,941.62,893.11,0.3238,188.27,210.75,37.65,414.2,1.1194,0.1348,4.0245,2.4777,15.0,0.0,0.0,BENIGN_WEB
24.8336,34.0,11.0,23.0,29594.94,4142.55,25452.38,1191.73,1.37,-0.72,870.44,375.29,307.5,1500.0,969.06,816.11,0.4751,730.4,783.99,146.08,1606.88,1.0734,0.0185,3.9048,2.581,16.0,0.0,0.0,BENIGN_WEB
21.5929,27.0,8.0,19.0,25943.78,2523.79,23419.99,1201.49,1.25,-0.8054,960.88,570.58,105.02,1500.0,885.98,825.65,0.3133,799.74,1143.99,159.95,1759.42,1.4305,0.0838,4.2629,2.8834,9.0,0.0,0.0,BENIGN_WEB
2.3166,46.0,15.0,31.0,46881.98,5690.99,41190.99,20237.37,19.86,-0.7572,1019.17,525.19,231.39,1500.0,935.9,1052.09,0.2419,50.36,84.71,10.07,110.79,1.682,0.0248,4.3375,2.9072,9.0,0.0,0.0,BENIGN_WEB
22.8563,67.0,27.0,40.0,59707.41,16618.81,43088.6,2612.29,2.93,-0.4433,891.16,449.61,216.75,1500.0,798.64,783.37,0.5694,341.14,403.16,68.23,750.51,1.1818,0.1085,3.8133,2.9601,11.0,0.0,0.0,BENIGN_WEB
28.4101,61.0,18.0,43.0,47127.33,13322.57,33804.77,1658.82,2.15,-0.4346,772.58,556.21,40.0,1500.0,737.65,727.24,0.2511,465.74,417.63,93.15,1024.63,0.8967,0.0599,3.8296,2.2281,11.0,0.0,0.0,BENIGN_WEB
27.947,350.0,71.0,279.0,451834.51,32934.76,418899.75,16167.52,12.52,-0.8542,1290.96,381.46,718.77,1500.0,1186.35,1314.29,0.3951,8.75,3.83,1.75,19.25,0.4373,0.0724,3.8026,2.8859,14.0,0.0,0.0,BENIGN_STREAMING
20.1289,62.0,25.0,37.0,47961.88,6425.39,41536.49,2382.74,3.08,-0.7321,773.58,346.33,254.08,1396.98,698.01,815.64,0.3482,324.66,306.24,64.93,714.25,0.9433,0.1083,3.9059,2.2854,15.0,0.0,0.0,BENIGN_WEB
31.7171,66.0,21.0,45.0,70290.5,7304.51,62985.99,2216.17,2.08,-0.7922,1065.01,352.27,536.6,1500.0,1116.15,1203.49,0.1818,480.56,401.63,96.11,1057.24,0.8357,0.1059,3.7067,2.146,12.0,0.0,0.0,BENIGN_WEB
8.7562,53.0,20.0,33.0,45858.08,7797.61,38060.47,5237.21,6.05,-0.6599,865.25,494.49,123.51,1500.0,793.2,844.72,0.5098,165.21,253.22,33.04,363.46,1.5327,0.0903,5.0497,3.0984,21.0,0.0,0.0,BENIGN_WEB
17.4969,25.0,9.0,16.0,21888.13,3819.36,18068.78,1250.97,1.43,-0.651,875.53,374.81,313.31,1500.0,932.92,825.26,0.5667,699.87,806.87,139.97,1539.72,1.1529,0.0235,4.2568,2.7776,16.0,0.0,0.0,BENIGN_WEB
44.9043,526.0,74.0,452.0,683870.16,52206.99,631663.17,15229.5,11.71,-0.8473,1300.13,344.37,783.57,1500.0,1481.91,1359.55,0.3832,21.65,12.53,4.33,47.63,0.5786,0.0717,3.6114,2.3769,14.0,0.0,0.0,BENIGN_STREAMING
109.506,970.0,158.0,812.0,1369696.38,104229.91,1265466.47,12507.96,8.86,-0.8478,1412.06,403.68,806.53,1500.0,1553.79,1509.78,0.2885,22.51,14.36,4.5,49.52,0.638,0.1455,3.234,2.4029,11.0,0.0,0.0,BENIGN_STREAMING
13.2888,23.0,7.0,16.0,19987.14,2903.69,17083.45,1504.06,1.73,-0.7094,869.01,441.6,206.6,1500.0,879.89,929.62,0.6029,577.77,603.29,115.55,1271.1,1.0442,0.1078,4.4746,2.3261,12.0,0.0,0.0,BENIGN_WEB
50.1379,1616.0,315.0,1301.0,1969402.52,51501.81,1917900.72,39279.7,32.23,-0.9477,1218.69,337.02,713.16,1500.0,1103.3,1125.6,0.3034,15.97,11.73,3.19,35.14,0.7344,0.129,3.4422,2.8389,14.0,0.0,0.0,BENIGN_STREAMING
23.5264,35.0,12.0,23.0,23083.21,4060.11,19023.1,981.16,1.49,-0.6482,659.52,515.37,40.0,1500.0,713.67,656.94,0.5217,672.18,528.6,134.44,1478.81,0.7864,0.0301,4.2244,2.4981,12.0,0.0,0.0,BENIGN_WEB
23.8276,16.0,4.0,12.0,15429.13,3476.22,11952.91,647.53,0.67,-0.5494,964.32,418.19,337.04,1500.0,978.21,874.94,0.3747,1489.22,1907.67,297.84,3276.29,1.281,0.076,4.6754,2.9779,17.0,0.0,0.0,BENIGN_WEB
81.2575,588.0,82.0,506.0,785116.66,62484.65,722632.02,9662.08,7.24,-0.8408,1335.23,356.09,801.1,1500.0,1374.46,1243.06,0.4133,27.81,15.49,5.56,61.18,0.5571,0.0781,3.0206,2.4751,23.0,0.0,0.0,BENIGN_STREAMING
28.5469,33.0,12.0,21.0,26620.71,5073.5,21547.21,932.53,1.16,-0.6188,806.69,549.44,40.0,1500.0,857.83,730.49,0.5143,865.06,1314.25,173.01,1903.13,1.5193,0.1027,3.9532,2.2647,16.0,0.0,0.0,BENIGN_WEB
14.1973,56.0,21.0,35.0,42908.98,8960.87,33948.11,3022.33,3.94,-0.5823,766.23,545.58,40.0,1500.0,862.65,711.89,0.4478,253.52,382.66,50.7,557.75,1.5094,0.1222,4.5237,2.6616,20.0,0.0,0.0,BENIGN_WEB
72.0354,627.0,95.0,532.0,836339.62,28219.52,808120.1,11610.11,8.7,-0.9325,1333.87,254.69,951.84,1500.0,1436.15,1408.06,0.554,24.45,14.4,4.89,53.78,0.5891,0.1375,3.2657,2.3773,14.0,0.0,0.0,BENIGN_STREAMING
20.9437,18.0,7.0,11.0,17736.0,4449.6,13286.4,846.84,0.86,-0.4982,985.33,527.99,193.35,1500.0,960.53,1056.68,0.317,1163.54,1821.37,232.71,2559.78,1.5654,0.0755,4.6291,2.812,12.0,0.0,0.0,BENIGN_WEB
18.6402,57.0,21.0,36.0,39356.04,4932.53,34423.51,2111.36,3.06,-0.7493,690.46,392.88,101.13,1397.64,698.12,709.35,0.3428,327.02,526.66,65.4,719.45,1.6105,0.1223,4.236,2.3997,15.0,0.0,0.0,BENIGN_WEB
13.8847,82.0,28.0,54.0,54995.83,11139.53,43856.3,3960.9,5.91,-0.5949,670.68,350.26,145.29,1301.15,706.96,749.84,0.5788,169.33,231.69,33.87,372.52,1.3683,0.0483,4.1549,2.6949,10.0,0.0,0.0,BENIGN_WEB
140.3377,1287.0,221.0,1066.0,1827041.36,138060.22,1688981.14,13018.89,9.17,-0.8489,1419.61,287.33,988.62,1500.0,1577.09,1510.78,0.4587,12.22,5.75,2.44,26.89,0.47,0.1008,3.5617,2.558,21.0,0.0,0.0,BENIGN_STREAMING
142.4776,906.0,141.0,765.0,1231199.34,40059.11,1191140.22,8641.35,6.36,-0.9349,1358.94,320.01,878.92,1500.0,1315.24,1206.57,0.2323,8.14,3.1,1.63,17.9,0.3813,0.1782,2.9766,2.8784,23.0,0.0,0.0,BENIGN_STREAMING
3.8967,75.0,26.0,49.0,76972.95,7809.58,69163.37,19753.57,19.25,-0.7971,1026.31,332.64,527.34,1500.0,923.77,1172.75,0.4151,51.96,78.53,10.39,114.3,1.5115,0.1293,4.966,2.3225,17.0,0.0,0.0,BENIGN_WEB
5.1223,38.0,12.0,26.0,36143.63,3777.1,32366.53,7056.09,7.42,-0.791,951.15,480.3,230.7,1500.0,904.51,848.26,0.5141,134.8,230.81,26.96,296.56,1.7123,0.0402,4.8095,2.3553,14.0,0.0,0.0,BENIGN_WEB
24.9105,15.0,5.0,10.0,15897.72,3266.75,12630.98,638.19,0.6,-0.589,1059.85,388.0,477.85,1500.0,1172.41,998.0,0.2981,1660.7,1229.88,332.14,3653.55,0.7406,0.0757,4.3802,2.4562,18.0,0.0,0.0,BENIGN_WEB
108.0235,519.0,74.0,445.0,726655.7,55251.5,671404.2,6726.83,4.8,-0.8479,1400.11,298.4,952.5,1500.0,1276.33,1339.52,0.6008,16.03,6.06,3.21,35.27,0.3777,0.1567,3.787,2.8171,19.0,0.0,0.0,BENIGN_STREAMING
7.3396,66.0,27.0,39.0,56151.52,15630.69,40520.83,7650.47,8.99,-0.4433,850.78,542.68,40.0,1500.0,921.55,829.04,0.3976,111.21,78.72,22.24,244.65,0.7079,0.0138,4.1925,2.7751,21.0,0.0,0.0,BENIGN_WEB
6.6378,58.0,23.0,35.0,55796.62,12765.02,43031.6,8405.91,8.74,-0.5424,962.01,340.72,450.94,1500.0,870.97,988.12,0.3735,114.44,187.15,22.89,251.78,1.6353,0.0293,4.3851,2.1375,14.0,0.0,0.0,BENIGN_WEB
2.3265,63.0,23.0,40.0,40160.6,11075.24,29085.35,17262.16,27.08,-0.4485,637.47,481.87,40.0,1500.0,710.75,646.04,0.3454,36.93,31.66,7.39,81.24,0.8572,0.0175,3.6966,2.3294,12.0,0.0,0.0,BENIGN_WEB
42.3817,524.0,103.0,421.0,733043.23,21870.23,711172.99,17296.21,12.36,-0.9403,1398.94,300.47,948.23,1500.0,1577.63,1306.98,0.514,7.13,3.61,1.43,15.68,0.5064,0.0832,3.717,2.7249,22.0,0.0,0.0,BENIGN_STREAMING
31.6606,62.0,22.0,40.0,61791.71,6664.57,55127.14,1951.69,1.96,-0.7843,996.64,374.13,435.44,1500.0,1030.72,1133.19,0.2817,510.65,421.37,102.13,1123.44,0.8252,0.1117,4.2468,2.3007,8.0,0.0,0.0,BENIGN_WEB
6.176,16.0,5.0,11.0,13538.24,3582.48,9955.75,2192.05,2.59,-0.4708,846.14,451.54,168.83,1500.0,760.02,768.98,0.4448,386.0,533.79,77.2,849.21,1.3829,0.1147,4.3972,2.8747,15.0,0.0,0.0,BENIGN_WEB
11.0518,82.0,31.0,51.0,69280.02,14613.36,54666.66,6268.67,7.42,-0.5781,844.88,396.33,250.38,1500.0,840.15,865.17,0.3832,134.78,152.44,26.96,296.51,1.1311,0.0486,3.9908,2.1804,13.0,0.0,0.0,BENIGN_WEB
91.4301,911.0,127.0,784.0,1118283.73,112050.74,1006232.99,12231.03,9.96,-0.7996,1227.53,241.79,864.85,1500.0,1088.23,1320.6,0.265,6.61,4.94,1.32,14.55,0.7472,0.1027,3.4745,2.9776,10.0,0.0,0.0,BENIGN_STREAMING
27.3274,822.0,142.0,680.0,1008124.0,39072.61,969051.39,36890.58,30.08,-0.9225,1226.43,412.33,607.93,1500.0,1271.11,1341.17,0.4038,16.38,7.05,3.28,36.04,0.4301,0.1694,3.0322,2.5459,15.0,0.0,0.0,BENIGN_STREAMING
7.8018,45.0,17.0,28.0,37675.32,6452.19,31223.14,4829.04,5.77,-0.6575,837.23,501.23,85.38,1500.0,920.78,961.52,0.4244,173.37,252.05,34.67,381.42,1.4538,0.0185,4.575,2.5989,20.0,0.0,0.0,BENIGN_WEB
137.0111,1607.0,194.0,1413.0,2074329.31,120905.15,1953424.16,15139.87,11.73,-0.8834,1290.81,254.68,908.78,1500.0,1392.51,1318.56,0.2266,25.64,9.58,5.13,56.4,0.3738,0.1182,3.1923,2.3373,19.0,0.0,0.0,BENIGN_STREAMING
19.6456,17.0,4.0,13.0,13141.51,2336.01,10805.5,668.93,0.87,-0.6445,773.03,522.14,40.0,1500.0,732.03,770.38,0.423,1155.62,1882.93,231.12,2542.37,1.6294,0.0749,3.817,2.49,20.0,0.0,0.0,BENIGN_WEB
19.0929,53.0,20.0,33.0,44461.8,8762.72,35699.08,2328.71,2.78,-0.6058,838.9,533.71,40.0,1500.0,847.97,867.48,0.2571,360.24,284.48,72.05,792.53,0.7897,0.0636,4.8417,2.1464,17.0,0.0,0.0,BENIGN_WEB
140.3737,1906.0,345.0,1561.0,2646381.3,166999.91,2479381.39,18852.4,13.58,-0.8738,1388.45,417.5,762.2,1500.0,1567.12,1468.13,0.5768,23.71,12.39,4.74,52.16,0.5224,0.1302,3.4415,2.6532,11.0,0.0,0.0,BENIGN_STREAMING
80.8058,391.0,52.0,339.0,476809.52,13894.23,462915.29,5900.68,4.84,-0.9417,1219.46,372.96,660.02,1500.0,1264.28,1362.92,0.3946,17.66,10.38,3.53,38.84,0.5879,0.1642,3.2876,2.7768,12.0,0.0,0.0,BENIGN_STREAMING
143.9422,1344.0,275.0,1069.0,1918645.15,67591.47,1851053.67,13329.28,9.34,-0.9295,1427.56,318.22,950.23,1500.0,1363.99,1482.81,0.4355,23.95,17.71,4.79,52.69,0.7396,0.0548,3.3775,2.3226,23.0,0.0,0.0,BENIGN_STREAMING
3.9163,74.0,24.0,50.0,69557.14,17416.32,52140.82,17760.89,18.9,-0.4992,939.96,485.43,211.81,1500.0,831.53,1043.84,0.2253,52.92,60.37,10.58,116.43,1.1407,0.0516,4.0908,2.9798,8.0,0.0,0.0,BENIGN_WEB
89.7563,1469.0,286.0,1183.0,2070873.16,182382.27,1888490.89,23072.17,16.37,-0.8239,1409.72,310.35,944.19,1500.0,1483.75,1429.54,0.3932,12.4,7.19,2.48,27.27,0.5796,0.1349,3.5899,2.9402,14.0,0.0,0.0,BENIGN_STREAMING
20.5523,22.0,6.0,16.0,15448.69,2272.12,13176.58,751.68,1.07,-0.7059,702.21,438.42,44.59,1491.36,695.54,636.56,0.4136,934.2,820.06,186.84,2055.23,0.8778,0.0429,5.0485,3.0378,19.0,0.0,0.0,BENIGN_WEB
11.0695,38.0,15.0,23.0,26939.42,7298.07,19641.36,2433.66,3.43,-0.4582,708.93,569.06,40.0,1500.0,608.52,698.75,0.5263,291.3,419.28,58.26,640.87,1.4393,0.0204,4.3607,2.6549,15.0,0.0,0.0,BENIGN_WEB
24.852,28.0,10.0,18.0,25099.21,5033.51,20065.7,1009.95,1.13,-0.5989,896.4,553.73,65.8,1500.0,872.35,957.32,0.4272,887.57,839.97,177.51,1952.66,0.9464,0.0786,4.271,2.4709,13.0,0.0,0.0,BENIGN_WEB
80.1528,1507.0,241.0,1266.0,2020251.66,156392.83,1863858.82,25204.99,18.8,-0.8452,1340.58,269.03,937.03,1500.0,1281.6,1282.28,0.4514,23.75,12.25,4.75,52.24,0.5158,0.1285,3.2958,2.9345,15.0,0.0,0.0,BENIGN_STREAMING
94.6912,1498.0,297.0,1201.0,2028920.98,203554.19,1825366.79,21426.71,15.82,-0.7993,1354.42,390.41,768.8,1500.0,1475.04,1211.72,0.3307,7.37,2.61,1.47,16.21,0.3545,0.1103,3.6712,2.5934,23.0,0.0,0.0,BENIGN_STREAMING
5.6765,26.0,8.0,18.0,25855.36,4166.06,21689.31,4554.83,4.58,-0.6777,994.44,370.51,438.67,1500.0,891.57,1142.92,0.4497,218.33,157.16,43.67,480.32,0.7198,0.0407,3.7272,2.803,19.0,0.0,0.0,BENIGN_WEB
11.5538,53.0,16.0,37.0,38284.65,10191.52,28093.13,3313.61,4.59,-0.4676,722.35,526.58,40.0,1500.0,632.58,651.48,0.2407,218.0,227.66,43.6,479.59,1.0443,0.0605,3.6695,2.3331,13.0,0.0,0.0,BENIGN_WEB
51.6673,1229.0,236.0,993.0,1495412.31,77661.09,1417751.22,28943.11,23.79,-0.8961,1216.77,394.79,624.58,1500.0,1260.8,1228.27,0.5843,9.25,3.59,1.85,20.35,0.3887,0.1259,3.4244,2.7781,14.0,0.0,0.0,BENIGN_STREAMING
10.3547,83.0,29.0,54.0,68439.45,10096.45,58343.0,6609.53,8.02,-0.705,824.57,479.1,105.92,1500.0,753.27,843.78,0.5267,124.75,202.52,24.95,274.46,1.6233,0.0601,4.4028,2.6738,8.0,0.0,0.0,BENIGN_WEB
28.3696,19.0,7.0,12.0,15577.65,1997.26,13580.39,549.1,0.67,-0.7436,819.88,466.82,119.64,1500.0,931.58,925.2,0.5784,1493.14,2437.12,298.63,3284.9,1.6322,0.0919,3.6224,2.4147,9.0,0.0,0.0,BENIGN_WEB
2.8145,28.0,7.0,21.0,18856.51,5255.66,13600.85,6699.76,9.95,-0.4426,673.45,560.75,40.0,1500.0,742.41,679.32,0.3137,100.52,174.29,20.1,221.14,1.7339,0.0661,4.3849,2.2523,17.0,0.0,0.0,BENIGN_WEB
107.3079,509.0,103.0,406.0,613051.87,52788.38,560263.48,5713.02,4.74,-0.8278,1204.42,372.97,644.96,1500.0,1341.31,1249.95,0.398,13.16,6.36,2.63,28.94,0.4838,0.1571,3.3301,2.5203,17.0,0.0,0.0,BENIGN_STREAMING
11.7424,20.0,8.0,12.0,20379.51,2609.93,17769.58,1735.55,1.7,-0.7439,1018.98,507.17,258.22,1500.0,941.57,1101.68,0.3272,587.12,915.09,117.42,1291.67,1.5586,0.1232,3.9867,2.9413,13.0,0.0,0.0,BENIGN_WEB
14.7139,52.0,15.0,37.0,52148.56,14726.63,37421.92,3544.18,3.53,-0.4352,1002.86,346.27,483.45,1500.0,968.55,915.15,0.4624,282.96,370.41,56.59,622.51,1.3091,0.1014,4.8709,2.2717,19.0,0.0,0.0,BENIGN_WEB
3.5458,78.0,29.0,49.0,84133.69,13756.73,70376.96,23727.5,22.0,-0.673,1078.64,398.77,480.49,1500.0,1038.52,1018.23,0.5177,45.46,64.16,9.09,100.01,1.4113,0.0407,3.8766,2.5898,15.0,0.0,0.0,BENIGN_WEB
70.7954,894.0,182.0,712.0,1136009.2,30499.37,1105509.83,16046.36,12.63,-0.9463,1270.7,333.56,770.37,1500.0,1102.38,1223.64,0.2565,11.4,4.39,2.28,25.07,0.385,0.1702,3.0556,2.498,22.0,0.0,0.0,BENIGN_STREAMING
10.7325,66.0,19.0,47.0,56369.24,13010.38,43358.86,5252.21,6.15,-0.5384,854.08,357.44,317.92,1497.47,826.22,938.21,0.39,162.61,231.68,32.52,357.75,1.4247,0.0464,3.8307,2.9915,14.0,0.0,0.0,BENIGN_WEB
23.5691,41.0,11.0,30.0,27605.26,6956.92,20648.34,1171.25,1.74,-0.496,673.3,543.29,40.0,1500.0,681.67,703.17,0.3137,574.86,566.36,114.97,1264.68,0.9852,0.097,4.2806,2.9317,15.0,0.0,0.0,BENIGN_WEB
9.2508,35.0,13.0,22.0,23749.16,5416.26,18332.9,2567.26,3.78,-0.5439,678.55,542.97,40.0,1500.0,666.9,604.64,0.3561,264.31,432.31,52.86,581.48,1.6356,0.0531,4.9399,2.9786,8.0,0.0,0.0,BENIGN_WEB
62.2809,981.0,148.0,833.0,1266614.33,105298.82,1161315.5,20337.12,15.75,-0.8337,1291.15,366.23,741.79,1500.0,1420.53,1289.75,0.4969,9.32,6.93,1.86,20.5,0.7442,0.1419,3.2616,2.7067,16.0,0.0,0.0,BENIGN_STREAMING
11.0225,18.0,6.0,12.0,17048.57,4070.9,12977.67,1546.71,1.63,-0.5224,947.14,347.18,426.37,1500.0,834.58,968.55,0.235,612.36,623.61,122.47,1347.19,1.0184,0.0306,4.7479,2.9865,20.0,0.0,0.0,BENIGN_WEB
10.732,58.0,19.0,39.0,41023.14,4594.33,36428.81,3822.5,5.4,-0.776,707.3,556.79,40.0,1500.0,674.36,808.09,0.1854,185.03,226.23,37.01,407.08,1.2226,0.0268,4.4494,2.4971,16.0,0.0,0.0,BENIGN_WEB
25.1331,33.0,11.0,22.0,29850.49,7176.74,22673.75,1187.7,1.31,-0.5192,904.56,568.37,52.0,1500.0,846.12,966.69,0.4594,761.61,1191.91,152.32,1675.54,1.565,0.1251,3.8164,2.3167,8.0,0.0,0.0,BENIGN_WEB
13.4951,56.0,16.0,40.0,54337.99,8066.8,46271.19,4026.49,4.15,-0.7031,970.32,418.87,342.02,1500.0,851.42,1062.36,0.5747,240.98,351.75,48.2,530.17,1.4596,0.1348,4.538,2.5382,15.0,0.0,0.0,BENIGN_WEB
9.5897,58.0,21.0,37.0,48048.95,5540.46,42508.49,5010.48,6.05,-0.7694,828.43,370.72,272.35,1495.73,754.6,813.03,0.2546,165.34,193.79,33.07,363.75,1.172,0.0523,4.8226,2.8244,12.0,0.0,0.0,BENIGN_WEB
2.0357,32.0,11.0,21.0,22470.51,4720.15,17750.36,11038.46,15.72,-0.5799,702.2,371.32,145.22,1370.59,759.37,657.92,0.2506,63.61,86.68,12.72,139.95,1.3626,0.0346,4.5361,2.7434,20.0,0.0,0.0,BENIGN_WEB
20.555,37.0,10.0,27.0,33940.29,5457.42,28482.87,1651.19,1.8,-0.6784,917.31,367.51,366.04,1500.0,1051.91,814.88,0.4786,555.54,458.4,111.11,1222.19,0.8251,0.0806,4.5632,2.618,19.0,0.0,0.0,BENIGN_WEB
12.5783,42.0,17.0,25.0,43356.98,9210.36,34146.62,3446.97,3.34,-0.5751,1032.31,401.69,429.78,1500.0,934.96,1045.19,0.5621,299.48,438.65,59.9,658.86,1.4647,0.1399,4.1081,2.6042,14.0,0.0,0.0,BENIGN_WEB
15.7037,61.0,19.0,42.0,45346.65,10354.98,34991.67,2887.65,3.88,-0.5433,743.39,577.38,40.0,1500.0,804.33,669.53,0.5591,257.44,353.99,51.49,566.36,1.375,0.0312,4.0677,2.4192,14.0,0.0,0.0,BENIGN_WEB
5.6139,74.0,30.0,44.0,78197.02,15534.08,62662.94,13929.3,13.18,-0.6027,1056.72,489.95,321.8,1500.0,969.51,1060.66,0.5158,75.86,111.27,15.17,166.9,1.4667,0.0609,3.8029,2.8104,21.0,0.0,0.0,BENIGN_WEB
9.9161,61.0,24.0,37.0,61270.86,11861.65,49409.21,6178.94,6.15,-0.6128,1004.44,327.94,512.52,1500.0,909.38,853.95,0.2645,162.56,246.26,32.51,357.63,1.5149,0.0339,3.6267,2.8164,11.0,0.0,0.0,BENIGN_WEB
3.9979,44.0,17.0,27.0,43693.9,4622.28,39071.61,10929.23,11.01,-0.7884,993.04,414.01,372.03,1500.0,1020.82,907.64,0.2886,90.86,69.46,18.17,199.89,0.7644,0.0384,5.0192,2.3742,19.0,0.0,0.0,BENIGN_WEB
47.09,359.0,50.0,309.0,424580.8,11419.87,413160.93,9016.36,7.62,-0.9462,1182.68,396.99,587.19,1500.0,1317.62,1078.06,0.3895,19.16,7.0,3.83,42.15,0.3656,0.0643,3.5031,2.3294,12.0,0.0,0.0,BENIGN_STREAMING
27.8562,39.0,14.0,25.0,27878.79,8055.35,19823.43,1000.81,1.4,-0.4221,714.84,418.5,87.08,1468.15,646.77,781.55,0.1944,714.26,809.13,142.85,1571.38,1.1328,0.0835,4.84,2.2402,14.0,0.0,0.0,BENIGN_WEB
23.2802,84.0,26.0,58.0,77865.16,13884.78,63980.39,3344.69,3.61,-0.6434,926.97,513.24,157.1,1500.0,863.68,810.52,0.2618,277.15,301.41,55.43,609.72,1.0876,0.0883,3.6029,2.5357,8.0,0.0,0.0,BENIGN_WEB
130.9813,2098.0,255.0,1843.0,2984554.4,235892.31,2748662.09,22786.11,16.02,-0.8419,1422.57,310.75,956.45,1500.0,1254.03,1392.49,0.4754,21.52,14.05,4.3,47.35,0.653,0.1568,3.3443,2.3879,23.0,0.0,0.0,BENIGN_STREAMING
28.3352,75.0,28.0,47.0,76218.42,7396.98,68821.44,2689.88,2.65,-0.8059,1016.25,382.98,441.78,1500.0,1121.54,869.38,0.4233,377.8,589.62,75.56,831.17,1.5607,0.1013,4.1941,2.8209,9.0,0.0,0.0,BENIGN_WEB
20.3911,38.0,12.0,26.0,27836.01,3366.9,24469.11,1365.11,1.86,-0.7581,732.53,465.43,40.0,1500.0,638.02,772.69,0.4666,536.61,558.95,107.32,1180.54,1.0416,0.0329,4.5402,2.8928,16.0,0.0,0.0,BENIGN_WEB
5.8321,67.0,27.0,40.0,49481.9,9889.6,39592.3,8484.36,11.49,-0.6003,738.54,323.95,252.62,1321.64,820.59,655.4,0.5507,87.05,139.68,17.41,191.5,1.6047,0.0442,5.0665,2.4462,16.0,0.0,0.0,BENIGN_WEB
7.689,37.0,10.0,27.0,30969.26,7510.46,23458.8,4027.76,4.81,-0.515,837.01,432.6,188.11,1500.0,801.76,789.99,0.319,207.81,283.8,41.56,457.18,1.3657,0.1112,4.9488,2.7375,14.0,0.0,0.0,BENIGN_WEB
31.0015,34.0,13.0,21.0,35752.17,4661.62,31090.55,1153.24,1.1,-0.7392,1051.53,504.75,294.41,1500.0,919.41,922.76,0.2918,911.81,985.99,182.36,2005.98,1.0814,0.0199,4.0559,3.0783,20.0,0.0,0.0,BENIGN_WEB
116.7398,357.0,46.0,311.0,475329.85,32580.98,442748.87,4071.7,3.06,-0.8629,1331.46,308.57,868.61,1500.0,1152.97,1525.71,0.4441,22.59,13.7,4.52,49.69,0.6067,0.1287,3.2799,2.9566,13.0,0.0,0.0,BENIGN_STREAMING
5.4169,34.0,13.0,21.0,31866.33,9168.11,22698.22,5882.71,6.28,-0.4246,937.24,446.86,266.96,1500.0,1056.53,1029.38,0.2762,159.32,233.39,31.86,350.51,1.4649,0.0109,3.8051,2.2029,16.0,0.0,0.0,BENIGN_WEB
131.235,1763.0,240.0,1523.0,2258748.0,152695.77,2106052.24,17211.48,13.43,-0.8648,1281.2,305.03,823.65,1500.0,1226.67,1329.35,0.3166,9.38,6.25,1.88,20.64,0.6665,0.0631,3.7293,2.5313,21.0,0.0,0.0,BENIGN_STREAMING
25.3575,51.0,15.0,36.0,32250.27,4520.5,27729.77,1271.82,2.01,-0.7197,632.36,380.36,61.82,1317.01,672.97,615.46,0.2331,497.21,429.01,99.44,1093.85,0.8628,0.1036,4.7403,2.7239,20.0,0.0,0.0,BENIGN_WEB
30.0621,35.0,10.0,25.0,27281.96,3706.03,23575.93,907.52,1.16,-0.7283,779.48,406.97,169.02,1500.0,775.82,878.01,0.3266,858.92,966.39,171.78,1889.62,1.1251,0.0788,4.6809,2.6248,16.0,0.0,0.0,BENIGN_WEB
24.8643,31.0,11.0,20.0,21427.11,2668.78,18758.34,861.76,1.25,-0.7509,691.2,394.78,99.03,1401.8,713.18,597.54,0.4634,802.07,574.22,160.41,1764.56,0.7159,0.0587,3.84,2.1775,16.0,0.0,0.0,BENIGN_WEB
16.9212,63.0,18.0,45.0,49607.7,6838.75,42768.95,2931.69,3.72,-0.7243,787.42,495.1,44.77,1500.0,793.17,679.68,0.3359,268.59,193.12,53.72,590.9,0.719,0.0777,3.8576,2.9299,13.0,0.0,0.0,BENIGN_WEB
15.0041,30.0,9.0,21.0,22738.08,5608.02,17130.06,1515.46,2.0,-0.5067,757.94,350.34,232.43,1388.54,825.39,823.65,0.4113,500.14,400.2,100.03,1100.3,0.8002,0.1141,3.9261,2.1806,15.0,0.0,0.0,BENIGN_WEB
17.099,19.0,7.0,12.0,15536.41,3538.69,11997.72,908.62,1.11,-0.5445,817.71,539.63,40.0,1500.0,896.9,776.58,0.4813,899.95,1266.59,179.99,1979.88,1.4074,0.0284,4.6791,2.7269,20.0,0.0,0.0,BENIGN_WEB
3.8957,74.0,21.0,53.0,78994.58,13790.76,65203.82,20277.23,19.0,-0.6508,1067.49,414.43,445.85,1500.0,1055.26,920.58,0.5825,52.64,74.28,10.53,115.82,1.4109,0.0483,4.412,2.161,15.0,0.0,0.0,BENIGN_WEB
28.3722,63.0,18.0,45.0,55187.87,8648.26,46539.61,1945.14,2.22,-0.6866,876.0,497.58,129.63,1500.0,995.19,796.79,0.3006,450.35,704.64,90.07,990.77,1.5646,0.0222,4.8858,2.5308,19.0,0.0,0.0,BENIGN_WEB
3.5852,37.0,15.0,22.0,25666.49,6928.8,18737.7,7158.92,10.32,-0.4601,693.69,498.8,40.0,1500.0,763.75,733.56,0.4702,96.9,149.82,19.38,213.18,1.5462,0.0883,3.7097,2.8372,8.0,0.0,0.0,BENIGN_WEB
4.1207,39.0,14.0,25.0,37895.44,4485.32,33410.13,9196.45,9.46,-0.7633,971.68,459.25,282.8,1500.0,935.52,1092.55,0.422,105.66,135.67,21.13,232.45,1.284,0.0965,4.3394,2.6692,12.0,0.0,0.0,BENIGN_WEB
143.7306,454.0,74.0,380.0,545935.19,54977.62,490957.58,3798.32,3.16,-0.7986,1202.5,365.37,654.45,1500.0,1025.29,1196.93,0.2974,6.66,2.82,1.33,14.65,0.4231,0.0739,3.1455,2.6777,19.0,0.0,0.0,BENIGN_STREAMING
7.3359,38.0,11.0,27.0,33927.07,6498.83,27428.24,4624.81,5.18,-0.6169,892.82,391.71,305.25,1500.0,913.84,859.34,0.2758,193.05,327.48,38.61,424.71,1.6963,0.1014,4.4145,3.0496,16.0,0.0,0.0,BENIGN_WEB
27.1971,1792.0,306.0,1486.0,2297814.89,210195.86,2087619.03,84487.6,65.89,-0.817,1282.26,389.52,697.98,1500.0,1411.42,1442.53,0.5076,20.57,10.35,4.11,45.26,0.5032,0.097,3.6016,2.8083,10.0,0.0,0.0,BENIGN_STREAMING
6.4727,28.0,9.0,19.0,18230.33,2360.71,15869.62,2816.49,4.33,-0.741,651.08,322.68,167.06,1231.91,711.68,684.18,0.3123,231.17,237.98,46.23,508.57,1.0295,0.1018,3.6106,2.6234,10.0,0.0,0.0,BENIGN_WEB
3.1398,69.0,26.0,43.0,55308.6,12342.18,42966.42,17615.08,21.98,-0.5537,801.57,386.7,221.52,1497.64,850.96,831.47,0.2149,45.5,41.39,9.1,100.11,0.9097,0.138,4.5522,2.6262,8.0,0.0,0.0,BENIGN_WEB
21.873,65.0,23.0,42.0,68847.61,11222.6,57625.01,3147.6,2.97,-0.674,1059.19,560.85,217.92,1500.0,1063.16,1027.3,0.4983,336.51,253.35,67.3,740.32,0.7529,0.0804,4.1462,2.7474,17.0,0.0,0.0,BENIGN_WEB
31.8962,53.0,21.0,32.0,33672.82,4553.8,29119.02,1055.7,1.66,-0.7295,635.34,398.59,40.0,1352.8,649.48,716.94,0.4287,601.82,485.01,120.36,1324.0,0.8059,0.127,4.2675,2.542,11.0,0.0,0.0,BENIGN_WEB
8.3598,77.0,31.0,46.0,66701.53,12939.18,53762.34,7978.88,9.21,-0.612,866.25,448.92,192.88,1500.0,858.5,764.49,0.4322,108.57,87.38,21.71,238.85,0.8048,0.0351,4.1275,3.0415,18.0,0.0,0.0,BENIGN_WEB
18.9168,71.0,27.0,44.0,48171.35,8494.96,39676.39,2546.48,3.75,-0.6473,678.47,522.92,40.0,1500.0,679.52,610.94,0.3129,266.43,462.39,53.29,586.16,1.7355,0.1352,3.6078,2.9725,14.0,0.0,0.0,BENIGN_WEB
129.0182,1674.0,253.0,1421.0,2378900.91,70623.74,2308277.17,18438.49,12.97,-0.9406,1421.09,402.13,817.89,1500.0,1567.31,1387.07,0.5538,13.61,8.16,2.72,29.95,0.5995,0.1265,2.9272,2.7819,23.0,0.0,0.0,BENIGN_STREAMING
11.3597,61.0,17.0,44.0,58360.43,13059.51,45300.92,5137.52,5.37,-0.5525,956.73,471.85,248.95,1500.0,902.8,887.79,0.4317,186.22,320.86,37.24,409.69,1.723,0.0423,4.0442,2.2459,8.0,0.0,0.0,BENIGN_WEB
26.7037,66.0,24.0,42.0,67290.57,7691.23,59599.34,2519.9,2.47,-0.7714,1019.55,575.1,156.9,1500.0,994.75,974.73,0.458,404.6,573.86,80.92,890.12,1.4183,0.1031,4.749,2.796,8.0,0.0,0.0,BENIGN_WEB
7.1464,29.0,11.0,18.0,19045.54,4735.53,14310.01,2665.05,4.06,-0.5027,656.74,350.09,131.6,1286.91,573.09,742.69,0.3162,246.43,211.38,49.29,542.14,0.8578,0.0803,4.0807,3.0408,15.0,0.0,0.0,BENIGN_WEB
46.5552,1508.0,291.0,1217.0,1979088.18,134933.02,1844155.16,42510.6,32.39,-0.8636,1312.39,267.52,911.12,1500.0,1342.64,1383.95,0.4207,23.36,15.51,4.67,51.39,0.6639,0.1719,3.6612,2.3384,11.0,0.0,0.0,BENIGN_STREAMING
72.1667,1759.0,218.0,1541.0,2477103.96,228635.78,2248468.18,34324.74,24.37,-0.8154,1408.25,262.1,1015.1,1500.0,1298.14,1230.15,0.2799,14.16,8.83,2.83,31.14,0.6239,0.1023,3.796,2.2919,16.0,0.0,0.0,BENIGN_STREAMING
156.3382,440.0,89.0,351.0,623774.49,35891.11,587883.38,3989.9,2.81,-0.8849,1417.67,313.76,947.03,1500.0,1497.84,1348.83,0.4061,7.3,2.65,1.46,16.06,0.3634,0.1444,2.9685,2.904,13.0,0.0,0.0,BENIGN_STREAMING
146.1476,1000.0,165.0,835.0,1276543.1,42321.65,1234221.45,8734.61,6.84,-0.9337,1276.54,285.06,848.95,1500.0,1088.76,1101.68,0.2537,18.24,12.93,3.65,40.13,0.7088,0.0828,3.5574,2.787,15.0,0.0,0.0,BENIGN_STREAMING
18.3497,26.0,7.0,19.0,17335.24,2360.73,14974.51,944.72,1.42,-0.7276,666.74,324.95,179.31,1251.65,640.74,749.88,0.4391,705.76,1009.71,141.15,1552.66,1.4307,0.0635,3.6242,2.5478,14.0,0.0,0.0,BENIGN_WEB
109.8855,676.0,110.0,566.0,913329.02,69373.41,843955.61,8311.64,6.15,-0.8481,1351.08,274.18,939.8,1500.0,1283.43,1228.81,0.4574,13.94,8.78,2.79,30.66,0.6302,0.1588,3.5531,2.8799,18.0,0.0,0.0,BENIGN_STREAMING
147.3268,2114.0,440.0,1674.0,2995307.24,315727.67,2679579.56,20331.04,14.35,-0.7892,1416.89,281.25,995.01,1500.0,1238.66,1444.18,0.3231,7.43,3.19,1.49,16.36,0.4292,0.0909,3.7139,2.7331,21.0,0.0,0.0,BENIGN_STREAMING
5.2087,55.0,17.0,38.0,44721.78,4698.21,40023.57,8586.02,10.56,-0.7899,813.12,449.72,138.55,1500.0,735.31,727.42,0.2248,94.7,146.23,18.94,208.35,1.544,0.0902,5.0545,2.5074,9.0,0.0,0.0,BENIGN_WEB
10.3359,56.0,23.0,33.0,42475.63,5857.99,36617.64,4109.51,5.42,-0.7242,758.49,565.68,40.0,1500.0,717.35,814.48,0.5792,184.57,164.69,36.91,406.05,0.8923,0.052,4.5778,2.9824,9.0,0.0,0.0,BENIGN_WEB
86.6671,1014.0,167.0,847.0,1373096.48,128729.19,1244367.28,15843.35,11.7,-0.8125,1354.14,327.11,863.48,1500.0,1556.44,1516.47,0.524,7.6,5.15,1.52,16.72,0.6782,0.0721,3.1657,2.607,19.0,0.0,0.0,BENIGN_STREAMING
14.5101,62.0,25.0,37.0,39184.11,6830.58,32353.52,2700.47,4.27,-0.6514,632.0,353.0,102.5,1267.41,690.36,664.72,0.3193,234.03,398.1,46.81,514.87,1.701,0.1076,3.9351,2.6173,12.0,0.0,0.0,BENIGN_WEB
144.5359,1179.0,216.0,963.0,1563042.2,138708.95,1424333.25,10814.22,8.16,-0.8225,1325.74,371.05,769.16,1500.0,1345.18,1145.74,0.3522,20.35,11.94,4.07,44.76,0.5869,0.1576,3.8804,2.5113,19.0,0.0,0.0,BENIGN_STREAMING
9.3608,73.0,22.0,51.0,76845.48,13249.99,63595.49,8209.33,7.8,-0.6552,1052.68,339.87,542.88,1500.0,958.97,1068.34,0.511,128.23,182.03,25.65,282.1,1.4196,0.0799,3.702,2.636,13.0,0.0,0.0,BENIGN_WEB
145.046,275.0,37.0,238.0,364394.62,23843.5,340551.12,2512.27,1.9,-0.8691,1325.07,257.38,939.0,1500.0,1283.96,1263.33,0.5163,14.12,9.23,2.82,31.07,0.6534,0.1056,2.9734,2.4575,23.0,0.0,0.0,BENIGN_STREAMING
150.5624,662.0,82.0,580.0,788356.08,66347.29,722008.79,5236.07,4.4,-0.8317,1190.87,268.62,787.94,1500.0,1252.38,1328.76,0.4036,14.33,5.09,2.87,31.53,0.3549,0.0651,3.0325,2.5528,19.0,0.0,0.0,BENIGN_STREAMING
13.197,62.0,17.0,45.0,53522.86,6728.84,46794.02,4055.69,4.7,-0.7486,863.27,567.57,40.0,1500.0,816.67,844.78,0.5938,212.85,221.76,42.57,468.28,1.0418,0.0128,4.0772,2.9362,14.0,0.0,0.0,BENIGN_WEB
23.1798,1928.0,323.0,1605.0,2655960.81,124357.56,2531603.25,114580.64,83.18,-0.9064,1377.57,404.24,771.22,1500.0,1302.39,1366.07,0.4828,18.41,10.23,3.68,40.49,0.5559,0.1576,3.7032,2.8077,20.0,0.0,0.0,BENIGN_STREAMING
4.4511,26.0,7.0,19.0,26961.58,4690.57,22271.01,6057.25,5.84,-0.6521,1036.98,467.15,336.26,1500.0,1022.7,984.58,0.6131,171.2,187.27,34.24,376.63,1.0939,0.0339,4.7293,2.2408,10.0,0.0,0.0,BENIGN_WEB
15.7069,21.0,6.0,15.0,16841.29,4600.74,12240.55,1072.22,1.34,-0.4536,801.97,459.4,112.87,1500.0,715.03,751.27,0.3094,747.95,991.08,149.59,1645.48,1.3251,0.1291,4.3734,2.1253,11.0,0.0,0.0,BENIGN_WEB
24.1242,25.0,8.0,17.0,19388.99,3125.28,16263.72,803.71,1.04,-0.6776,775.56,445.06,107.97,1500.0,838.14,791.1,0.3016,964.97,860.67,192.99,2122.93,0.8919,0.131,3.9494,3.0565,20.0,0.0,0.0,BENIGN_WEB
25.4848,17.0,6.0,11.0,16281.46,3490.19,12791.27,638.87,0.67,-0.5713,957.73,361.65,415.25,1500.0,1072.47,912.03,0.3562,1499.11,1519.74,299.82,3298.03,1.0138,0.094,4.0718,3.0179,20.0,0.0,0.0,BENIGN_WEB
147.999,1227.0,192.0,1035.0,1492271.56,152341.4,1339930.16,10082.99,8.29,-0.7958,1216.2,417.24,590.33,1500.0,1176.88,1222.24,0.3774,20.47,12.05,4.09,45.04,0.5885,0.1589,3.0055,2.8386,10.0,0.0,0.0,BENIGN_STREAMING
25.8328,30.0,10.0,20.0,28657.41,4633.73,24023.68,1109.34,1.16,-0.6766,955.25,394.41,363.64,1500.0,877.26,915.84,0.3663,861.09,776.18,172.22,1894.4,0.9014,0.0302,4.6005,2.8067,8.0,0.0,0.0,BENIGN_WEB
55.25,1518.0,326.0,1192.0,1975245.25,176678.48,1798566.77,35751.05,27.48,-0.8211,1301.22,312.58,832.34,1500.0,1358.86,1352.63,0.3568,15.45,10.82,3.09,33.99,0.7005,0.175,3.6827,2.8457,16.0,0.0,0.0,BENIGN_STREAMING
2.7634,31.0,11.0,20.0,25477.69,3182.01,22295.68,9219.55,11.22,-0.7502,821.86,330.38,326.29,1416.54,799.24,721.02,0.5131,89.14,73.7,17.83,196.12,0.8268,0.1236,3.9644,2.2271,8.0,0.0,0.0,BENIGN_WEB
147.7483,1141.0,171.0,970.0,1507121.89,40730.56,1466391.33,10200.6,7.72,-0.9459,1320.88,266.68,920.86,1500.0,1257.45,1203.16,0.1985,7.1,5.51,1.42,15.63,0.7756,0.1463,3.5175,2.737,16.0,0.0,0.0,BENIGN_STREAMING
38.9936,869.0,188.0,681.0,1054526.01,87970.27,966555.75,27043.54,22.29,-0.8332,1213.49,377.19,647.71,1500.0,1372.63,1263.88,0.3745,14.57,9.23,2.91,32.06,0.6332,0.16,3.8237,2.9607,12.0,0.0,0.0,BENIGN_STREAMING
24.3121,17.0,4.0,13.0,13738.31,3781.14,9957.16,565.08,0.7,-0.4495,808.14,559.66,40.0,1500.0,919.71,712.89,0.5435,1430.12,1713.5,286.02,3146.27,1.1981,0.0446,3.788,2.6981,12.0,0.0,0.0,BENIGN_WEB
145.6202,2110.0,340.0,1770.0,2729421.35,223476.25,2505945.1,18743.43,14.49,-0.8362,1293.56,364.97,746.1,1500.0,1442.04,1302.76,0.3499,13.47,8.59,2.69,29.63,0.6376,0.0659,3.1457,2.6422,15.0,0.0,0.0,BENIGN_STREAMING
16.4768,49.0,16.0,33.0,46794.28,13179.72,33614.56,2840.01,2.97,-0.4367,954.99,572.7,95.94,1500.0,1073.83,971.53,0.5639,336.26,552.54,67.25,739.78,1.6432,0.0651,3.9109,2.2056,20.0,0.0,0.0,BENIGN_WEB
28.1113,50.0,15.0,35.0,31992.85,5863.27,26129.58,1138.08,1.78,-0.6335,639.86,437.15,40.0,1426.72,585.98,572.99,0.4581,562.23,681.31,112.45,1236.9,1.2118,0.0284,3.6048,2.3748,9.0,0.0,0.0,BENIGN_WEB
36.2309,1024.0,189.0,835.0,1422598.29,121618.96,1300979.34,39264.81,28.26,-0.829,1389.26,260.26,998.87,1500.0,1454.52,1306.76,0.54,21.68,9.61,4.34,47.69,0.4432,0.1325,3.5075,2.7017,17.0,0.0,0.0,BENIGN_STREAMING
18.0315,50.0,19.0,31.0,43208.14,5816.53,37391.61,2396.26,2.77,-0.7308,864.16,555.23,40.0,1500.0,987.07,838.38,0.5891,360.63,482.02,72.13,793.39,1.3366,0.0226,4.5454,2.9526,21.0,0.0,0.0,BENIGN_WEB
4.0182,43.0,13.0,30.0,45104.79,12627.33,32477.46,11225.17,10.7,-0.4401,1048.95,466.19,349.66,1500.0,1061.36,1063.7,0.2873,93.45,147.77,18.69,205.58,1.5813,0.024,4.1612,2.397,20.0,0.0,0.0,BENIGN_WEB
20.3366,15.0,5.0,10.0,15510.67,1456.62,14054.05,762.7,0.74,-0.8122,1034.04,407.15,423.31,1500.0,1122.36,902.8,0.3288,1355.77,2046.78,271.15,2982.7,1.5097,0.121,3.9647,2.4839,15.0,0.0,0.0,BENIGN_WEB
12.1979,15.0,5.0,10.0,14968.94,2122.34,12846.6,1227.17,1.23,-0.7164,997.93,502.96,243.49,1500.0,1022.86,1065.41,0.3332,813.19,1397.88,162.64,1789.03,1.719,0.023,4.3911,2.8404,15.0,0.0,0.0,BENIGN_WEB
8.7834,60.0,19.0,41.0,46700.65,11939.72,34760.93,5316.93,6.83,-0.4887,778.34,347.79,256.66,1404.37,817.73,740.24,0.3314,146.39,220.21,29.28,322.06,1.5043,0.0583,3.9548,2.9119,17.0,0.0,0.0,BENIGN_WEB
22.3917,598.0,109.0,489.0,780928.64,26823.93,754104.71,34875.75,26.71,-0.9313,1305.9,358.26,768.51,1500.0,1446.82,1328.71,0.5772,6.79,2.52,1.36,14.94,0.3708,0.1597,3.3368,2.7957,21.0,0.0,0.0,BENIGN_STREAMING
23.1732,28.0,8.0,20.0,19124.47,2973.11,16151.36,825.29,1.21,-0.6891,683.02,502.3,40.0,1500.0,652.22,651.6,0.2824,827.61,792.03,165.52,1820.75,0.957,0.0208,3.67,2.4827,16.0,0.0,0.0,BENIGN_WEB
78.3649,1702.0,212.0,1490.0,2323909.06,206764.95,2117144.11,29654.96,21.72,-0.8221,1365.4,332.28,866.98,1500.0,1189.63,1319.58,0.4938,21.59,11.17,4.32,47.49,0.5174,0.1342,3.7857,2.9145,18.0,0.0,0.0,BENIGN_STREAMING
143.9333,524.0,111.0,413.0,680102.18,46640.43,633461.75,4725.12,3.64,-0.8628,1297.9,315.31,824.94,1500.0,1462.59,1387.31,0.485,25.71,20.01,5.14,56.57,0.7781,0.074,3.6246,2.8404,12.0,0.0,0.0,BENIGN_STREAMING
18.9481,84.0,24.0,60.0,70478.55,19598.19,50880.36,3719.55,4.43,-0.4439,839.03,525.79,50.35,1500.0,765.04,778.91,0.5775,225.57,209.25,45.11,496.26,0.9276,0.1373,4.1586,2.9656,19.0,0.0,0.0,BENIGN_WEB
8.1293,81.0,33.0,48.0,71228.58,10789.02,60439.56,8761.91,9.96,-0.6971,879.37,454.41,197.75,1500.0,869.01,812.83,0.37,100.36,121.02,20.07,220.8,1.2059,0.1034,3.9346,2.7724,19.0,0.0,0.0,BENIGN_WEB
148.2412,1980.0,314.0,1666.0,2519676.12,76989.51,2442686.61,16997.13,13.36,-0.9389,1272.56,361.24,730.7,1500.0,1372.11,1191.76,0.5053,23.55,11.2,4.71,51.81,0.4756,0.1165,3.1215,2.625,17.0,0.0,0.0,BENIGN_STREAMING
18.8003,36.0,10.0,26.0,28255.69,3110.4,25145.29,1502.94,1.91,-0.7798,784.88,541.31,40.0,1500.0,805.03,817.99,0.5768,522.23,578.88,104.45,1148.9,1.1085,0.1308,4.8496,2.802,18.0,0.0,0.0,BENIGN_WEB
12.4938,37.0,11.0,26.0,36407.2,5201.25,31205.95,2914.02,2.96,-0.7143,983.98,350.32,458.49,1500.0,843.75,876.24,0.4644,337.67,438.24,67.53,742.87,1.2978,0.0427,3.7154,3.0065,11.0,0.0,0.0,BENIGN_WEB
16.5513,16.0,6.0,10.0,14777.31,3546.4,11230.91,892.82,0.97,-0.52,923.58,432.69,274.55,1500.0,886.31,970.72,0.579,1034.46,1547.26,206.89,2275.8,1.4957,0.1136,4.433,2.8033,11.0,0.0,0.0,BENIGN_WEB
15.6081,22.0,9.0,13.0,18219.91,4182.74,14037.17,1167.34,1.41,-0.5409,828.18,532.44,40.0,1500.0,829.62,837.18,0.5806,709.46,950.62,141.89,1560.81,1.3399,0.0764,4.3214,2.5603,21.0,0.0,0.0,BENIGN_WEB
16.7302,69.0,21.0,48.0,56373.54,12884.63,43488.91,3369.57,4.12,-0.5429,817.01,507.74,55.39,1500.0,727.86,836.95,0.5298,242.47,190.64,48.49,533.43,0.7863,0.1065,4.8039,2.2784,19.0,0.0,0.0,BENIGN_WEB
94.9497,822.0,101.0,721.0,975603.07,103579.34,872023.74,10274.94,8.66,-0.7877,1186.87,405.22,579.04,1500.0,1029.49,1036.61,0.2793,27.5,16.99,5.5,60.49,0.618,0.0782,3.1401,2.3456,14.0,0.0,0.0,BENIGN_STREAMING
5.5616,76.0,25.0,51.0,74184.03,12661.71,61522.32,13338.67,13.67,-0.6586,976.11,333.75,475.48,1500.0,980.29,947.35,0.2416,73.18,92.22,14.64,160.99,1.2602,0.0844,3.6536,2.6502,15.0,0.0,0.0,BENIGN_WEB
45.5861,1605.0,314.0,1291.0,2075300.7,97100.54,1978200.15,45524.86,35.21,-0.9064,1293.02,343.68,777.5,1500.0,1386.3,1419.34,0.5525,21.59,13.73,4.32,47.5,0.6361,0.1525,3.3243,2.8294,23.0,0.0,0.0,BENIGN_STREAMING
14.9383,29.0,11.0,18.0,25147.05,6919.47,18227.58,1683.4,1.94,-0.4497,867.14,481.89,144.3,1500.0,758.3,986.56,0.527,515.11,372.0,103.02,1133.25,0.7222,0.0324,4.7439,2.3966,11.0,0.0,0.0,BENIGN_WEB
5.6604,73.0,23.0,50.0,57502.78,12936.08,44566.7,10158.84,12.9,-0.5501,787.71,372.65,228.74,1458.47,758.96,761.13,0.2789,77.54,131.31,15.51,170.59,1.6934,0.104,3.7581,2.9282,10.0,0.0,0.0,BENIGN_WEB
98.4796,1899.0,392.0,1507.0,2638056.87,178000.37,2460056.5,26787.86,19.28,-0.8651,1389.18,301.74,936.58,1500.0,1234.67,1499.02,0.1864,19.34,13.64,3.87,42.56,0.7053,0.1732,3.2792,2.9673,14.0,0.0,0.0,BENIGN_STREAMING
65.2454,1167.0,153.0,1014.0,1457460.34,149340.25,1308120.09,22338.14,17.89,-0.7951,1248.89,311.71,781.33,1500.0,1192.88,1118.06,0.3845,21.42,16.49,4.28,47.13,0.7697,0.0636,3.5396,2.9927,15.0,0.0,0.0,BENIGN_STREAMING
16.7494,82.0,26.0,56.0,88111.38,25147.2,62964.17,5260.57,4.9,-0.4292,1074.53,418.02,447.51,1500.0,1107.21,1177.18,0.227,204.26,182.47,40.85,449.37,0.8933,0.1136,4.3542,2.8912,16.0,0.0,0.0,BENIGN_WEB
12.9308,20.0,5.0,15.0,20886.12,5350.89,15535.23,1615.22,1.55,-0.4876,1044.31,575.83,180.57,1500.0,912.81,1075.49,0.2291,646.54,711.81,129.31,1422.39,1.1009,0.1017,4.0687,2.8794,17.0,0.0,0.0,BENIGN_WEB
16.7413,68.0,20.0,48.0,53268.8,13011.98,40256.82,3181.88,4.06,-0.5115,783.36,358.03,246.31,1427.83,805.03,668.83,0.3071,246.2,378.96,49.24,541.63,1.5392,0.0769,4.4258,3.0578,16.0,0.0,0.0,BENIGN_WEB
37.8988,527.0,68.0,459.0,723968.63,69818.32,654150.31,19102.69,13.91,-0.8071,1373.75,271.65,966.28,1500.0,1343.85,1476.29,0.368,13.26,9.67,2.65,29.16,0.7291,0.1377,3.484,2.7994,23.0,0.0,0.0,BENIGN_STREAMING
26.2536,51.0,18.0,33.0,51735.84,6242.69,45493.15,1970.62,1.94,-0.7587,1014.43,488.99,280.94,1500.0,972.15,1015.79,0.4206,514.78,737.45,102.96,1132.51,1.4326,0.049,4.9995,3.0598,9.0,0.0,0.0,BENIGN_WEB
64.353,1379.0,236.0,1143.0,1697522.81,128144.47,1569378.34,26378.3,21.43,-0.849,1230.98,313.25,761.11,1500.0,1241.66,1221.91,0.3811,7.91,4.03,1.58,17.39,0.5102,0.1023,3.8573,2.4482,17.0,0.0,0.0,BENIGN_STREAMING
20.2892,21.0,7.0,14.0,14797.71,4026.09,10771.62,729.34,1.04,-0.4558,704.65,393.45,114.48,1412.86,735.73,644.37,0.4788,966.15,804.0,193.23,2125.54,0.8322,0.0286,4.2771,2.7067,14.0,0.0,0.0,BENIGN_WEB
14.0996,43.0,17.0,26.0,31325.48,3890.81,27434.67,2221.73,3.05,-0.7516,728.5,503.45,40.0,1500.0,650.12,821.48,0.6024,327.9,557.45,65.58,721.38,1.7001,0.0215,4.7041,2.9397,11.0,0.0,0.0,BENIGN_WEB
61.4494,1366.0,220.0,1146.0,1947523.21,84529.71,1862993.5,31693.14,22.23,-0.9132,1425.71,257.45,1039.54,1500.0,1415.91,1488.27,0.3301,27.21,11.7,5.44,59.85,0.4301,0.1289,2.9451,2.6016,21.0,0.0,0.0,BENIGN_STREAMING
31.448,64.0,22.0,42.0,49655.15,9435.48,40219.68,1578.96,2.04,-0.62,775.86,491.93,40.0,1500.0,676.37,790.45,0.5951,491.37,751.49,98.27,1081.02,1.5294,0.0116,4.4514,2.6161,13.0,0.0,0.0,BENIGN_WEB
13.8154,73.0,29.0,44.0,73006.01,13417.51,59588.5,5284.41,5.28,-0.6324,1000.08,321.99,517.1,1500.0,1142.51,867.46,0.3742,189.25,295.99,37.85,416.35,1.564,0.1132,4.9293,2.4712,17.0,0.0,0.0,BENIGN_WEB
23.5248,1961.0,426.0,1535.0,2435020.21,194229.88,2240790.33,103508.78,83.36,-0.8405,1241.72,383.9,665.87,1500.0,1174.43,1173.22,0.2901,17.47,8.97,3.49,38.44,0.5132,0.0798,3.8815,2.6776,13.0,0.0,0.0,BENIGN_STREAMING
27.0198,29.0,8.0,21.0,24068.23,5540.79,18527.44,890.76,1.07,-0.5396,829.94,484.12,103.77,1500.0,885.34,844.73,0.2441,931.72,1456.01,186.34,2049.78,1.5627,0.1051,4.2879,2.2515,9.0,0.0,0.0,BENIGN_WEB
18.1745,55.0,22.0,33.0,40811.99,11096.55,29715.44,2245.56,3.03,-0.4562,742.04,533.0,40.0,1500.0,786.9,794.13,0.4047,330.45,378.54,66.09,726.98,1.1455,0.0729,3.9382,2.1782,15.0,0.0,0.0,BENIGN_WEB
4.4867,15.0,4.0,11.0,12459.03,1819.44,10639.59,2776.91,3.34,-0.7079,830.6,438.84,172.34,1500.0,860.11,955.03,0.3356,299.11,223.11,59.82,658.04,0.7459,0.0151,3.658,2.4138,10.0,0.0,0.0,BENIGN_WEB
30.1828,45.0,14.0,31.0,43224.32,6113.96,37110.36,1432.08,1.49,-0.7171,960.54,378.39,392.95,1500.0,922.76,843.06,0.4987,670.73,903.21,134.15,1475.6,1.3466,0.0318,4.9739,3.095,21.0,0.0,0.0,BENIGN_WEB
6.0466,55.0,16.0,39.0,51965.25,7564.52,44400.73,8594.16,9.1,-0.7089,944.82,573.39,84.73,1500.0,964.41,1014.56,0.4184,109.94,109.23,21.99,241.86,0.9935,0.0241,4.0905,3.0772,9.0,0.0,0.0,BENIGN_WEB
41.1702,959.0,161.0,798.0,1330865.8,133051.92,1197813.88,32325.98,23.29,-0.8001,1387.76,303.27,932.86,1500.0,1440.26,1291.32,0.2921,25.36,11.39,5.07,55.79,0.4493,0.0895,3.2144,2.9386,17.0,0.0,0.0,BENIGN_STREAMING
7.3586,57.0,17.0,40.0,52492.79,9241.45,43251.35,7133.53,7.75,-0.6479,920.93,514.67,148.92,1500.0,1022.59,1003.6,0.3757,129.1,122.3,25.82,284.02,0.9474,0.0668,5.0101,2.9592,19.0,0.0,0.0,BENIGN_WEB
2.4547,84.0,35.0,49.0,67687.69,15847.27,51840.42,27575.27,34.22,-0.5318,805.81,518.96,40.0,1500.0,740.27,828.71,0.4833,29.22,30.09,5.84,64.29,1.0298,0.0482,4.6,2.9458,10.0,0.0,0.0,BENIGN_WEB
13.9736,47.0,18.0,29.0,30749.95,5669.18,25080.77,2200.58,3.36,-0.6313,654.25,348.44,131.6,1281.44,631.4,688.19,0.3416,297.31,477.89,59.46,654.08,1.6074,0.0134,5.0892,2.8597,14.0,0.0,0.0,BENIGN_WEB
140.4673,1558.0,234.0,1324.0,1992873.95,61613.15,1931260.8,14187.45,11.09,-0.9382,1279.12,356.4,744.53,1500.0,1446.88,1288.32,0.3004,9.25,5.28,1.85,20.34,0.571,0.0578,3.6916,2.4253,23.0,0.0,0.0,BENIGN_STREAMING
108.6561,1322.0,287.0,1035.0,1586424.07,52199.86,1534224.21,14600.42,12.17,-0.9342,1200.02,256.81,814.8,1500.0,1258.6,1204.71,0.3059,26.98,16.59,5.4,59.35,0.6149,0.161,3.0717,2.312,14.0,0.0,0.0,BENIGN_STREAMING
41.6115,355.0,49.0,306.0,482442.68,40527.16,441915.52,11593.97,8.53,-0.832,1358.99,327.87,867.19,1500.0,1361.32,1318.57,0.2783,21.19,8.39,4.24,46.62,0.3959,0.1565,3.317,2.6544,23.0,0.0,0.0,BENIGN_STREAMING
10.7163,61.0,25.0,36.0,43340.97,8275.64,35065.33,4044.38,5.69,-0.6181,710.51,571.72,40.0,1500.0,711.81,734.23,0.3278,175.68,220.35,35.14,386.49,1.2543,0.0298,4.7545,2.9471,8.0,0.0,0.0,BENIGN_WEB
158.2245,644.0,124.0,520.0,883669.5,54763.09,828906.41,5584.91,4.07,-0.8761,1372.16,305.14,914.44,1500.0,1460.06,1378.31,0.4693,8.01,3.04,1.6,17.61,0.3802,0.1006,3.3651,2.7749,22.0,0.0,0.0,BENIGN_STREAMING
19.4315,19.0,6.0,13.0,18345.23,2777.37,15567.87,944.1,0.98,-0.6972,965.54,322.63,481.59,1500.0,1048.02,966.09,0.468,1022.71,1497.41,204.54,2249.96,1.4642,0.1195,4.7373,2.1069,14.0,0.0,0.0,BENIGN_WEB
2.6867,31.0,13.0,18.0,33313.43,5967.83,27345.59,12399.36,11.54,-0.6417,1074.63,459.72,385.05,1500.0,1045.65,1068.12,0.398,86.67,92.44,17.33,190.67,1.0666,0.1351,4.4027,2.712,17.0,0.0,0.0,BENIGN_WEB
5.2721,31.0,11.0,20.0,33369.67,8236.23,25133.44,6329.43,5.88,-0.5064,1076.44,526.47,286.74,1500.0,1060.57,1019.36,0.1864,170.07,182.46,34.01,374.15,1.0729,0.0445,5.082,2.5409,10.0,0.0,0.0,BENIGN_WEB
103.8229,1189.0,186.0,1003.0,1419726.83,108727.95,1310998.88,13674.51,11.45,-0.8468,1194.05,372.31,635.59,1500.0,1017.37,1118.04,0.2036,13.05,7.31,2.61,28.7,0.5606,0.1589,3.7986,2.3658,20.0,0.0,0.0,BENIGN_STREAMING
9.2426,42.0,15.0,27.0,30276.43,4506.32,25770.11,3275.74,4.54,-0.7023,720.87,538.2,40.0,1500.0,697.14,696.62,0.355,220.06,309.62,44.01,484.14,1.407,0.0457,5.0472,2.6359,17.0,0.0,0.0,BENIGN_WEB
152.3018,476.0,69.0,407.0,642828.09,41357.58,601470.51,4220.75,3.13,-0.8713,1350.48,328.18,858.21,1500.0,1476.99,1267.84,0.4469,16.08,10.64,3.22,35.37,0.662,0.0798,3.5989,2.7985,19.0,0.0,0.0,BENIGN_STREAMING
127.0561,948.0,147.0,801.0,1225811.6,97231.25,1128580.35,9647.8,7.46,-0.8414,1293.05,353.62,762.62,1500.0,1448.25,1339.12,0.5215,16.57,7.57,3.31,36.46,0.4566,0.0823,3.5615,2.768,19.0,0.0,0.0,BENIGN_STREAMING
16.4676,64.0,21.0,43.0,54702.36,12322.48,42379.88,3321.82,3.89,-0.5495,854.72,349.15,330.99,1483.2,850.55,770.01,0.2722,257.31,306.66,51.46,566.07,1.1918,0.1391,5.0255,2.3622,13.0,0.0,0.0,BENIGN_WEB
20.017,34.0,12.0,22.0,25942.53,4146.08,21796.45,1296.02,1.7,-0.6804,763.02,527.39,40.0,1500.0,774.41,722.36,0.3044,588.74,498.55,117.75,1295.22,0.8468,0.0751,4.0048,3.0199,9.0,0.0,0.0,BENIGN_WEB
38.6251,1313.0,248.0,1065.0,1808650.19,149228.87,1659421.32,46825.75,33.99,-0.835,1377.49,248.05,1005.41,1500.0,1546.05,1418.72,0.2888,12.23,6.96,2.45,26.91,0.5689,0.0839,3.8127,2.8597,14.0,0.0,0.0,BENIGN_STREAMING
150.0626,1433.0,246.0,1187.0,1823639.54,195801.07,1627838.47,12152.53,9.55,-0.7853,1272.6,418.9,644.25,1500.0,1342.9,1339.13,0.2677,23.08,10.7,4.62,50.77,0.4638,0.1272,3.5799,2.7826,11.0,0.0,0.0,BENIGN_STREAMING
17.4352,43.0,17.0,26.0,38132.13,3433.31,34698.82,2187.08,2.47,-0.8199,886.79,562.25,43.42,1500.0,902.06,908.86,0.5538,405.47,651.81,81.09,892.03,1.6075,0.0199,3.8567,2.7165,21.0,0.0,0.0,BENIGN_WEB
93.9704,882.0,177.0,705.0,1044999.14,81292.38,963706.75,11120.51,9.39,-0.8444,1184.81,340.65,673.82,1500.0,1323.29,1015.94,0.2201,6.87,2.66,1.37,15.1,0.387,0.1566,3.4746,2.7885,11.0,0.0,0.0,BENIGN_STREAMING
7.0976,52.0,20.0,32.0,36849.17,4421.31,32427.86,5191.8,7.33,-0.76,708.64,337.21,202.83,1315.61,776.8,735.59,0.4669,136.49,105.39,27.3,300.28,0.7721,0.0524,4.9362,2.7631,15.0,0.0,0.0,BENIGN_WEB
40.3783,1329.0,168.0,1161.0,1663097.31,179089.8,1484007.52,41187.91,32.91,-0.7846,1251.39,253.32,871.41,1500.0,1232.99,1159.91,0.3571,13.66,9.45,2.73,30.05,0.6918,0.082,3.78,2.8494,13.0,0.0,0.0,BENIGN_STREAMING
74.0247,2141.0,300.0,1841.0,2669354.25,261859.43,2407494.82,36060.33,28.92,-0.8038,1246.78,344.52,729.99,1500.0,1287.32,1108.91,0.4854,21.0,14.83,4.2,46.2,0.706,0.1765,3.4319,2.4933,18.0,0.0,0.0,BENIGN_STREAMING
48.3596,304.0,40.0,264.0,430780.13,31610.54,399169.59,8907.86,6.29,-0.8532,1417.04,390.0,832.04,1500.0,1366.26,1485.61,0.3252,26.46,18.31,5.29,58.2,0.6921,0.1365,3.0215,2.5892,21.0,0.0,0.0,BENIGN_STREAMING
131.4086,444.0,57.0,387.0,539649.11,31042.59,508606.51,4106.65,3.38,-0.885,1215.43,356.32,680.94,1500.0,1187.58,1103.17,0.4039,13.14,8.79,2.63,28.9,0.6692,0.1646,3.7573,2.3477,16.0,0.0,0.0,BENIGN_STREAMING
71.3718,1060.0,175.0,885.0,1394252.86,125463.24,1268789.62,19535.07,14.85,-0.82,1315.33,325.62,826.9,1500.0,1287.1,1260.65,0.1917,16.51,8.75,3.3,36.33,0.5302,0.1431,3.7652,2.861,16.0,0.0,0.0,BENIGN_STREAMING
18.2321,42.0,13.0,29.0,41669.78,5208.1,36461.68,2285.51,2.3,-0.75,992.14,472.63,283.2,1500.0,993.58,1064.98,0.3879,434.1,551.59,86.82,955.02,1.2707,0.0311,4.247,2.8443,15.0,0.0,0.0,BENIGN_WEB
22.2902,78.0,28.0,50.0,58158.06,11184.7,46973.36,2609.13,3.5,-0.6154,745.62,555.17,40.0,1500.0,823.99,688.49,0.2216,285.77,288.06,57.15,628.7,1.008,0.0502,3.9233,2.1016,21.0,0.0,0.0,BENIGN_WEB
148.413,1495.0,182.0,1313.0,1955034.22,111845.09,1843189.13,13172.93,10.07,-0.8856,1307.72,295.55,864.39,1500.0,1474.92,1330.97,0.5516,27.44,11.09,5.49,60.36,0.4041,0.1018,3.6104,2.3387,23.0,0.0,0.0,BENIGN_STREAMING
63.5432,1439.0,277.0,1162.0,1942399.06,154885.36,1787513.71,30568.18,22.65,-0.8405,1349.83,282.47,926.12,1500.0,1184.26,1358.83,0.5957,22.99,15.93,4.6,50.58,0.6927,0.1784,3.7132,2.4995,13.0,0.0,0.0,BENIGN_STREAMING
22.1251,32.0,11.0,21.0,22484.25,5808.55,16675.7,1016.23,1.45,-0.4833,702.63,518.87,40.0,1500.0,765.01,713.74,0.4495,691.41,1112.63,138.28,1521.1,1.6092,0.0982,3.7335,2.8158,15.0,0.0,0.0,BENIGN_WEB
29.2228,68.0,26.0,42.0,57965.53,16152.89,41812.64,1983.57,2.33,-0.4427,852.43,440.53,191.63,1500.0,944.51,949.33,0.473,429.75,326.2,85.95,945.44,0.7591,0.0981,4.3905,2.2255,16.0,0.0,0.0,BENIGN_WEB
19.9375,83.0,24.0,59.0,76398.44,10504.92,65893.52,3831.89,4.16,-0.725,920.46,476.71,205.41,1500.0,856.38,1028.32,0.5274,240.21,348.94,48.04,528.46,1.4526,0.0734,4.3604,2.9501,18.0,0.0,0.0,BENIGN_WEB
6.5367,54.0,21.0,33.0,51581.68,14698.96,36882.72,7891.03,8.26,-0.4301,955.22,357.48,418.99,1500.0,906.43,936.45,0.4316,121.05,183.77,24.21,266.31,1.5181,0.0732,5.0611,2.6022,11.0,0.0,0.0,BENIGN_WEB
27.6374,30.0,10.0,20.0,29329.53,6780.43,22549.1,1061.23,1.09,-0.5376,977.65,391.79,389.96,1500.0,910.59,970.59,0.2862,921.25,723.57,184.25,2026.74,0.7854,0.1271,5.0155,2.3773,12.0,0.0,0.0,BENIGN_WEB
92.7888,2158.0,406.0,1752.0,2642925.06,135616.1,2507308.96,28483.24,23.26,-0.8974,1224.71,343.08,710.09,1500.0,1375.92,1186.78,0.4449,18.22,9.84,3.64,40.09,0.5402,0.07,3.1613,2.5414,17.0,0.0,0.0,BENIGN_STREAMING
11.9426,47.0,16.0,31.0,32615.97,7034.44,25581.53,2731.07,3.94,-0.5687,693.96,371.44,136.8,1362.55,703.83,772.42,0.3809,254.1,214.82,50.82,559.01,0.8454,0.0448,4.5561,2.1833,15.0,0.0,0.0,BENIGN_WEB
66.811,611.0,120.0,491.0,771994.45,74285.83,697708.61,11554.9,9.15,-0.8075,1263.49,355.66,730.01,1500.0,1311.96,1164.94,0.414,17.48,11.1,3.5,38.46,0.6347,0.0553,2.9623,2.407,22.0,0.0,0.0,BENIGN_STREAMING
27.1193,2121.0,445.0,1676.0,2828414.3,133208.26,2695206.04,104295.26,78.21,-0.9058,1333.53,412.94,714.13,1500.0,1305.23,1311.03,0.2693,22.44,9.99,4.49,49.37,0.4453,0.1387,3.0126,2.4072,14.0,0.0,0.0,BENIGN_STREAMING
96.9873,1119.0,189.0,930.0,1415180.89,57356.95,1357823.93,14591.41,11.54,-0.9189,1264.68,288.01,832.67,1500.0,1220.31,1352.37,0.2077,24.65,16.37,4.93,54.23,0.6643,0.0602,2.9887,2.4256,20.0,0.0,0.0,BENIGN_STREAMING
30.9601,19.0,7.0,12.0,15666.96,1823.96,13843.0,506.04,0.61,-0.7672,824.58,325.96,335.64,1411.31,850.28,715.84,0.2873,1629.48,1913.63,325.9,3584.85,1.1744,0.0412,4.9128,2.7257,10.0,0.0,0.0,BENIGN_WEB
8.1696,43.0,13.0,30.0,34057.37,7757.4,26299.97,4168.79,5.26,-0.5445,792.03,420.24,161.67,1500.0,900.86,749.59,0.5841,189.99,137.85,38.0,417.98,0.7255,0.0583,4.4716,2.971,19.0,0.0,0.0,BENIGN_WEB
14.6257,30.0,9.0,21.0,31532.49,7657.5,23874.99,2155.96,2.05,-0.5143,1051.08,324.49,564.34,1500.0,1108.35,1051.92,0.2572,487.52,434.93,97.5,1072.55,0.8921,0.0418,3.7089,2.2803,16.0,0.0,0.0,BENIGN_WEB
18.573,46.0,17.0,29.0,29368.49,3635.89,25732.6,1581.25,2.48,-0.7524,638.45,431.32,40.0,1414.83,620.43,563.8,0.2594,403.76,441.67,80.75,888.27,1.0939,0.0378,4.6844,2.3555,16.0,0.0,0.0,BENIGN_WEB
54.0076,1395.0,201.0,1194.0,1661540.92,150074.95,1511465.97,30764.96,25.83,-0.8194,1191.07,269.19,787.28,1500.0,1336.53,1187.57,0.541,15.04,8.68,3.01,33.08,0.577,0.1609,3.8397,2.7829,11.0,0.0,0.0,BENIGN_STREAMING
117.7015,1263.0,250.0,1013.0,1505127.15,68644.13,1436483.02,12787.66,10.73,-0.9088,1191.71,354.26,660.32,1500.0,1237.56,1194.03,0.2085,23.84,16.01,4.77,52.45,0.6716,0.0943,3.1687,2.7762,15.0,0.0,0.0,BENIGN_STREAMING
156.0069,2095.0,269.0,1826.0,2559492.7,146561.62,2412931.09,16406.28,13.43,-0.8855,1221.71,240.22,861.39,1500.0,1381.58,1311.56,0.4042,16.78,7.16,3.36,36.92,0.4264,0.1587,3.8358,2.3868,17.0,0.0,0.0,BENIGN_STREAMING
25.7132,37.0,11.0,26.0,28435.66,5385.62,23050.05,1105.88,1.44,-0.6212,768.53,365.46,220.35,1426.35,814.99,689.03,0.4565,694.95,674.07,138.99,1528.89,0.97,0.1326,4.8486,2.2702,9.0,0.0,0.0,BENIGN_WEB
75.5507,1964.0,326.0,1638.0,2466279.87,73439.22,2392840.65,32644.04,26.0,-0.9404,1255.74,327.94,763.84,1500.0,1200.25,1079.74,0.5019,12.46,7.3,2.49,27.42,0.5861,0.1263,3.6898,2.3775,20.0,0.0,0.0,BENIGN_STREAMING
16.3177,64.0,19.0,45.0,45502.71,9571.03,35931.68,2788.55,3.92,-0.5793,710.98,480.1,40.0,1500.0,698.11,731.48,0.2336,254.96,330.53,50.99,560.92,1.2964,0.083,3.7184,2.9084,12.0,0.0,0.0,BENIGN_WEB
29.4565,54.0,17.0,37.0,34458.78,4233.34,30225.44,1169.82,1.83,-0.7543,638.13,409.93,40.0,1376.0,611.17,705.22,0.1973,545.49,412.49,109.1,1200.08,0.7562,0.1062,4.7279,2.5376,8.0,0.0,0.0,BENIGN_WEB
111.2075,1912.0,252.0,1660.0,2544354.4,64342.14,2480012.26,22879.34,17.19,-0.9494,1330.73,304.0,874.73,1500.0,1163.1,1436.61,0.3391,25.46,14.65,5.09,56.01,0.5754,0.0741,3.5394,2.4332,17.0,0.0,0.0,BENIGN_STREAMING
137.6564,1523.0,305.0,1218.0,2029178.03,98680.05,1930497.98,14740.89,11.06,-0.9027,1332.36,390.42,746.73,1500.0,1279.29,1207.02,0.552,18.46,8.01,3.69,40.6,0.4342,0.1617,3.1885,2.9393,10.0,0.0,0.0,BENIGN_STREAMING
95.4939,872.0,158.0,714.0,1217612.86,105249.22,1112363.64,12750.69,9.13,-0.8271,1396.35,396.07,802.24,1500.0,1363.99,1479.79,0.2555,20.4,13.91,4.08,44.87,0.6818,0.1544,3.1745,2.4496,11.0,0.0,0.0,BENIGN_STREAMING
9.4449,58.0,20.0,38.0,45059.46,9965.2,35094.25,4770.77,6.14,-0.5577,776.89,326.77,286.74,1365.07,757.37,677.84,0.2396,162.84,210.01,32.57,358.26,1.2896,0.1263,4.2624,2.3457,19.0,0.0,0.0,BENIGN_WEB
137.4104,1792.0,386.0,1406.0,2297103.38,171218.99,2125884.39,16717.1,13.04,-0.8509,1281.87,253.3,901.92,1500.0,1093.17,1246.17,0.4921,16.27,12.4,3.25,35.79,0.7625,0.0927,3.776,2.9963,21.0,0.0,0.0,BENIGN_STREAMING
18.3855,39.0,12.0,27.0,29750.79,7040.27,22710.51,1618.17,2.12,-0.5267,762.84,351.06,236.25,1394.74,768.98,828.47,0.615,471.42,597.47,94.28,1037.13,1.2674,0.0416,4.6228,2.2666,19.0,0.0,0.0,BENIGN_WEB
23.0107,69.0,21.0,48.0,69724.65,13125.12,56599.53,3030.1,3.0,-0.6235,1010.5,380.48,439.78,1500.0,867.94,1015.5,0.5466,333.49,541.27,66.7,733.67,1.623,0.0891,4.2766,2.2462,19.0,0.0,0.0,BENIGN_WEB
20.2916,69.0,19.0,50.0,55769.73,15298.03,40471.71,2748.41,3.4,-0.4514,808.26,470.51,102.49,1500.0,890.36,834.28,0.6186,294.08,229.65,58.82,646.98,0.7809,0.126,5.0033,3.0304,17.0,0.0,0.0,BENIGN_WEB
36.1999,1715.0,258.0,1457.0,2087429.73,100612.69,1986817.04,57664.01,47.38,-0.9036,1217.16,277.57,800.8,1500.0,1179.51,1379.94,0.5886,7.72,6.0,1.54,16.99,0.7767,0.139,3.6793,2.8117,22.0,0.0,0.0,BENIGN_STREAMING
80.8696,519.0,67.0,452.0,642418.88,63897.4,578521.48,7943.89,6.42,-0.8011,1237.8,322.07,754.69,1500.0,1151.09,1094.02,0.3028,14.06,5.26,2.81,30.93,0.374,0.1072,3.0219,2.5,21.0,0.0,0.0,BENIGN_STREAMING
4.3546,25.0,9.0,16.0,20790.61,5267.38,15523.23,4774.39,5.74,-0.4933,831.62,411.56,214.29,1500.0,821.36,853.29,0.2446,174.18,194.64,34.84,383.21,1.1175,0.0961,3.7789,2.5138,13.0,0.0,0.0,BENIGN_WEB
8.6058,68.0,25.0,43.0,54735.74,6992.47,47743.28,6360.32,7.9,-0.7445,804.94,537.87,40.0,1500.0,869.54,924.32,0.4379,126.56,162.15,25.31,278.42,1.2813,0.0529,4.3554,2.5056,17.0,0.0,0.0,BENIGN_WEB
11.3281,53.0,20.0,33.0,43415.24,11981.43,31433.82,3832.51,4.68,-0.4481,819.16,355.9,285.31,1459.77,753.99,733.54,0.305,213.74,348.52,42.75,470.22,1.6306,0.0926,4.0573,2.1168,16.0,0.0,0.0,BENIGN_WEB
14.928,49.0,18.0,31.0,34206.33,5006.49,29199.84,2291.43,3.28,-0.7073,698.09,463.2,40.0,1500.0,777.19,595.41,0.4122,304.65,426.23,60.93,670.23,1.3991,0.0405,3.6119,2.3195,17.0,0.0,0.0,BENIGN_WEB
14.6491,37.0,13.0,24.0,37028.6,4802.72,32225.88,2527.71,2.53,-0.7406,1000.77,456.51,316.0,1500.0,1021.53,1085.34,0.3822,395.92,518.83,79.18,871.03,1.3104,0.0899,3.6916,2.5856,12.0,0.0,0.0,BENIGN_WEB
30.0917,19.0,6.0,13.0,18612.95,2260.88,16352.07,618.54,0.63,-0.7571,979.63,374.87,417.32,1500.0,998.62,951.96,0.3317,1583.78,1652.7,316.76,3484.31,1.0435,0.1309,3.7848,2.3015,20.0,0.0,0.0,BENIGN_WEB
63.9543,1850.0,406.0,1444.0,2210025.92,189881.56,2020144.36,34556.31,28.93,-0.8282,1194.61,308.88,731.29,1500.0,1122.0,1229.13,0.5872,10.42,5.69,2.08,22.92,0.5465,0.0825,3.0273,2.2089,23.0,0.0,0.0,BENIGN_STREAMING
13.1979,74.0,25.0,49.0,64357.24,10612.52,53744.72,4876.31,5.61,-0.6702,869.69,467.67,168.19,1500.0,908.23,838.5,0.4262,178.35,257.06,35.67,392.37,1.4413,0.0513,3.8894,2.2487,19.0,0.0,0.0,BENIGN_WEB
13.299,78.0,30.0,48.0,67022.57,12158.75,54863.82,5039.68,5.87,-0.6372,859.26,457.27,173.36,1500.0,942.15,741.69,0.2212,170.5,129.4,34.1,375.1,0.7589,0.042,4.603,2.7338,9.0,0.0,0.0,BENIGN_WEB
128.6298,2084.0,315.0,1769.0,2615550.7,234917.61,2380633.09,20333.93,16.2,-0.8204,1255.06,249.95,880.14,1500.0,1342.67,1247.49,0.4439,21.63,7.69,4.33,47.58,0.3554,0.1255,3.7133,2.418,11.0,0.0,0.0,BENIGN_STREAMING
5.4705,35.0,10.0,25.0,23707.44,5549.56,18157.88,4333.72,6.4,-0.5318,677.36,389.03,93.81,1377.61,600.7,627.54,0.2743,156.3,147.52,31.26,343.86,0.9438,0.0868,4.264,2.4591,17.0,0.0,0.0,BENIGN_WEB
156.0326,1504.0,193.0,1311.0,2081539.75,172150.63,1909389.12,13340.42,9.64,-0.8346,1384.0,352.02,855.98,1500.0,1535.25,1410.58,0.2212,24.18,9.71,4.84,53.2,0.4014,0.1519,3.3316,2.6474,19.0,0.0,0.0,BENIGN_STREAMING
30.3637,20.0,7.0,13.0,15463.46,1892.05,13571.41,509.28,0.66,-0.7553,773.17,451.79,95.49,1500.0,781.55,813.55,0.5109,1518.18,2567.39,303.64,3340.0,1.6911,0.0367,3.7457,2.9977,18.0,0.0,0.0,BENIGN_WEB
122.8275,911.0,161.0,750.0,1234009.33,56824.4,1177184.93,10046.69,7.42,-0.9079,1354.57,356.15,820.35,1500.0,1447.79,1515.31,0.592,20.95,7.89,4.19,46.1,0.3766,0.1289,3.6818,2.5127,18.0,0.0,0.0,BENIGN_STREAMING
8.7339,23.0,8.0,15.0,19345.48,1783.91,17561.57,2214.99,2.63,-0.8156,841.11,478.43,123.46,1500.0,846.02,922.63,0.3942,379.73,344.8,75.95,835.41,0.908,0.0299,3.9529,2.1205,8.0,0.0,0.0,BENIGN_WEB
159.0191,2138.0,282.0,1856.0,2555818.97,274363.36,2281455.61,16072.4,13.44,-0.7853,1195.43,359.32,656.44,1500.0,1186.65,1165.88,0.5815,11.87,8.89,2.37,26.11,0.749,0.1298,3.64,2.9948,13.0,0.0,0.0,BENIGN_STREAMING
85.5255,1290.0,255.0,1035.0,1818470.54,73110.1,1745360.44,21262.32,15.08,-0.9196,1409.67,405.22,801.84,1500.0,1301.66,1507.05,0.5083,23.62,15.09,4.72,51.97,0.6388,0.069,2.9533,2.5083,19.0,0.0,0.0,BENIGN_STREAMING
20.8838,72.0,29.0,43.0,54064.86,10534.67,43530.19,2588.85,3.45,-0.6103,750.9,379.57,181.54,1434.13,841.42,650.07,0.4478,290.05,280.43,58.01,638.11,0.9668,0.0149,4.5744,2.587,17.0,0.0,0.0,BENIGN_WEB
37.197,846.0,112.0,734.0,1037301.78,91121.01,946180.77,27886.72,22.74,-0.8243,1226.13,401.57,623.77,1500.0,1395.8,1043.02,0.4462,22.44,10.45,4.49,49.38,0.4654,0.1406,2.9823,2.6688,14.0,0.0,0.0,BENIGN_STREAMING
28.153,16.0,5.0,11.0,15299.44,3751.55,11547.9,543.44,0.57,-0.5096,956.22,337.28,450.29,1500.0,914.1,924.59,0.5886,1759.56,2475.13,351.91,3871.04,1.4067,0.0468,3.7275,2.4834,8.0,0.0,0.0,BENIGN_WEB
8.6243,53.0,17.0,36.0,47140.5,4922.89,42217.61,5466.0,6.15,-0.7911,889.44,548.09,67.3,1500.0,906.66,809.68,0.2254,162.72,189.96,32.54,357.99,1.1674,0.09,4.0979,3.0429,14.0,0.0,0.0,BENIGN_WEB
5.5262,46.0,18.0,28.0,40497.23,7621.54,32875.69,7328.19,8.32,-0.6236,880.37,432.15,232.15,1500.0,1009.32,885.41,0.4782,120.14,191.5,24.03,264.3,1.5941,0.0284,4.8879,2.9339,8.0,0.0,0.0,BENIGN_WEB
3.3708,58.0,21.0,37.0,59774.76,11450.67,48324.09,17733.29,17.21,-0.6169,1030.6,381.52,458.32,1500.0,1089.42,953.93,0.5159,58.12,43.64,11.62,127.86,0.7508,0.0344,5.0607,2.1674,11.0,0.0,0.0,BENIGN_WEB
59.7887,691.0,121.0,570.0,962738.0,104449.89,858288.12,16102.33,11.56,-0.783,1393.25,270.36,987.72,1500.0,1314.05,1427.87,0.357,23.58,14.53,4.72,51.88,0.6161,0.0977,3.239,2.2606,19.0,0.0,0.0,BENIGN_STREAMING
126.2192,1711.0,238.0,1473.0,2254791.42,117981.25,2136810.17,17864.1,13.56,-0.8954,1317.82,399.85,718.05,1500.0,1382.13,1494.06,0.2098,19.74,10.73,3.95,43.42,0.5436,0.0612,3.7059,2.4377,15.0,0.0,0.0,BENIGN_STREAMING
56.408,484.0,77.0,407.0,620171.57,17828.23,602343.33,10994.39,8.58,-0.9425,1281.35,320.76,800.21,1500.0,1292.02,1401.49,0.2115,11.46,8.58,2.29,25.21,0.7485,0.062,3.8147,2.2585,18.0,0.0,0.0,BENIGN_STREAMING
51.3688,1897.0,334.0,1563.0,2692646.23,69706.02,2622940.22,52417.93,36.93,-0.9482,1419.42,305.73,960.83,1500.0,1243.43,1518.38,0.6009,25.21,17.86,5.04,55.46,0.7083,0.0689,2.9231,2.9582,19.0,0.0,0.0,BENIGN_STREAMING
31.0151,32.0,11.0,21.0,26455.4,3967.84,22487.56,852.98,1.03,-0.7,826.73,402.01,223.71,1500.0,729.87,847.49,0.6019,969.22,1694.19,193.84,2132.29,1.748,0.1376,3.8221,2.9536,21.0,0.0,0.0,BENIGN_WEB
120.9205,1999.0,387.0,1612.0,2447483.42,202891.07,2244592.35,20240.43,16.53,-0.8342,1224.35,273.15,814.63,1500.0,1097.05,1347.89,0.3737,21.75,11.08,4.35,47.86,0.5092,0.0772,3.6444,2.857,21.0,0.0,0.0,BENIGN_STREAMING
159.9426,796.0,160.0,636.0,1033503.16,80715.57,952787.6,6461.71,4.98,-0.8438,1298.37,286.76,868.22,1500.0,1486.58,1282.2,0.4314,12.94,6.94,2.59,28.47,0.5361,0.0587,3.7186,2.2323,23.0,0.0,0.0,BENIGN_STREAMING
65.4729,721.0,133.0,588.0,856030.29,71846.52,784183.77,13074.58,11.01,-0.8321,1187.28,341.03,675.74,1500.0,1243.02,1268.75,0.1876,22.87,8.13,4.57,50.31,0.3555,0.0558,3.5037,2.9886,13.0,0.0,0.0,BENIGN_STREAMING
110.9017,1595.0,256.0,1339.0,2128179.99,155045.08,1973134.9,19189.79,14.38,-0.8543,1334.28,300.64,883.32,1500.0,1349.6,1408.34,0.478,20.71,11.5,4.14,45.55,0.5552,0.1757,3.6362,2.8107,17.0,0.0,0.0,BENIGN_STREAMING
10.7552,53.0,17.0,36.0,45984.53,12525.21,33459.32,4275.55,4.93,-0.4552,867.63,551.6,40.23,1500.0,868.8,898.64,0.2009,202.93,188.8,40.59,446.44,0.9304,0.0962,4.0101,2.9633,21.0,0.0,0.0,BENIGN_WEB
30.4076,30.0,9.0,21.0,28214.05,4633.95,23580.09,927.86,0.99,-0.6715,940.47,328.58,447.59,1500.0,906.24,883.49,0.2789,1013.59,1076.12,202.72,2229.89,1.0617,0.0593,4.0938,2.1679,8.0,0.0,0.0,BENIGN_WEB
18.4544,48.0,19.0,29.0,49209.88,9762.55,39447.33,2666.56,2.6,-0.6032,1025.21,510.9,258.85,1500.0,1044.36,925.41,0.5539,384.47,430.89,76.89,845.83,1.1207,0.0309,4.8936,2.2742,10.0,0.0,0.0,BENIGN_WEB
94.3763,1855.0,405.0,1450.0,2519660.03,145424.76,2374235.27,26698.02,19.66,-0.8846,1358.31,359.2,819.51,1500.0,1204.11,1367.79,0.4962,25.72,10.6,5.14,56.57,0.4123,0.0887,3.3126,2.8598,12.0,0.0,0.0,BENIGN_STREAMING
92.0336,1130.0,217.0,913.0,1584144.9,46267.76,1537877.14,17212.67,12.28,-0.9416,1401.9,396.55,807.08,1500.0,1494.67,1423.91,0.4295,6.71,2.87,1.34,14.76,0.4272,0.0949,3.1516,2.7598,14.0,0.0,0.0,BENIGN_STREAMING
25.1891,21.0,6.0,15.0,22018.23,3270.74,18747.49,874.12,0.83,-0.7029,1048.49,444.6,381.59,1500.0,1145.65,1149.01,0.1893,1199.48,1126.59,239.9,2638.86,0.9392,0.0848,3.8397,2.3699,18.0,0.0,0.0,BENIGN_WEB
24.8605,50.0,17.0,33.0,39350.84,10254.64,29096.2,1582.87,2.01,-0.4788,787.02,563.6,40.0,1500.0,701.25,895.17,0.4283,497.21,814.63,99.44,1093.86,1.6384,0.0272,4.4813,3.0168,11.0,0.0,0.0,BENIGN_WEB
10.0318,35.0,12.0,23.0,32437.13,3930.74,28506.4,3233.42,3.49,-0.7576,926.78,377.26,360.88,1500.0,908.18,802.95,0.5813,286.62,331.65,57.32,630.57,1.1571,0.075,4.7345,2.8377,18.0,0.0,0.0,BENIGN_WEB
81.8894,1679.0,300.0,1379.0,2400803.49,203624.8,2197178.69,29317.65,20.5,-0.8304,1429.9,404.95,822.48,1500.0,1597.72,1369.5,0.2187,13.32,10.39,2.66,29.31,0.7797,0.0721,3.2231,2.4683,12.0,0.0,0.0,BENIGN_STREAMING
145.3499,487.0,58.0,429.0,581240.16,55269.02,525971.14,3998.9,3.35,-0.8098,1193.51,394.57,601.66,1500.0,1341.36,1275.42,0.3273,20.62,8.08,4.12,45.36,0.3917,0.0899,3.7604,2.7441,19.0,0.0,0.0,BENIGN_STREAMING
22.0955,37.0,10.0,27.0,23042.88,6238.4,16804.48,1042.88,1.67,-0.4585,622.78,365.11,75.11,1279.99,562.95,619.7,0.5396,597.17,434.95,119.43,1313.78,0.7283,0.0754,4.2998,2.8676,12.0,0.0,0.0,BENIGN_WEB
3.9259,65.0,24.0,41.0,68049.57,16609.03,51440.54,17333.42,16.56,-0.5119,1046.92,511.17,280.16,1500.0,956.73,1141.26,0.337,60.4,100.62,12.08,132.88,1.6659,0.0697,3.6938,2.4526,19.0,0.0,0.0,BENIGN_WEB
13.0467,22.0,6.0,16.0,17300.91,3571.75,13729.16,1326.07,1.69,-0.5871,786.4,541.27,40.0,1500.0,700.46,780.76,0.3875,593.03,458.07,118.61,1304.67,0.7724,0.0476,4.0133,2.3199,8.0,0.0,0.0,BENIGN_WEB
31.6703,48.0,18.0,30.0,36493.55,6097.61,30395.94,1152.29,1.52,-0.6658,760.28,397.37,164.23,1475.55,712.24,703.91,0.4243,659.8,711.34,131.96,1451.56,1.0781,0.0558,4.03,2.986,20.0,0.0,0.0,BENIGN_WEB
1.9772,26.0,7.0,19.0,27791.34,7595.56,20195.78,14055.71,13.15,-0.4534,1068.9,465.93,370.0,1500.0,1169.2,1063.45,0.5477,76.05,114.77,15.21,167.3,1.5092,0.0312,4.5493,3.0744,15.0,0.0,0.0,BENIGN_WEB
11.251,61.0,17.0,44.0,40047.02,10408.26,29638.77,3559.42,5.42,-0.4802,656.51,465.8,40.0,1494.95,693.03,608.09,0.3361,184.44,151.82,36.89,405.77,0.8232,0.0967,4.0584,3.096,21.0,0.0,0.0,BENIGN_WEB
17.1108,23.0,9.0,14.0,17775.63,3969.03,13806.6,1038.86,1.34,-0.5534,772.85,445.57,104.5,1500.0,668.51,718.33,0.5176,743.95,737.69,148.79,1636.68,0.9916,0.1198,5.0845,2.7245,13.0,0.0,0.0,BENIGN_WEB
105.8504,1568.0,341.0,1227.0,2132319.31,59424.16,2072895.15,20144.65,14.81,-0.9443,1359.9,409.9,745.05,1500.0,1558.01,1418.5,0.4439,19.39,7.96,3.88,42.65,0.4107,0.098,3.0802,2.397,18.0,0.0,0.0,BENIGN_STREAMING
10.9558,51.0,18.0,33.0,46935.69,8746.99,38188.7,4284.09,4.66,-0.6273,920.31,567.45,69.13,1500.0,1013.27,871.88,0.5171,214.82,210.3,42.96,472.6,0.979,0.1165,4.7823,2.1018,10.0,0.0,0.0,BENIGN_WEB
2.6641,42.0,15.0,27.0,36723.71,7622.78,29100.92,13784.65,15.77,-0.5849,874.37,435.52,221.1,1500.0,889.03,964.77,0.2028,63.43,46.38,12.69,139.55,0.7311,0.0505,4.9478,3.0943,11.0,0.0,0.0,BENIGN_WEB
26.1999,56.0,18.0,38.0,36636.76,5912.75,30724.01,1398.36,2.14,-0.6772,654.23,529.96,40.0,1500.0,691.35,566.92,0.3012,467.86,416.73,93.57,1029.28,0.8907,0.1137,4.5834,2.5277,12.0,0.0,0.0,BENIGN_WEB
14.7312,27.0,8.0,19.0,18220.07,5160.17,13059.9,1236.83,1.83,-0.4336,674.82,432.45,40.0,1453.23,684.61,590.92,0.5706,545.6,662.26,109.12,1200.32,1.2138,0.059,4.9003,2.7893,9.0,0.0,0.0,BENIGN_WEB
19.7357,61.0,24.0,37.0,65368.7,11475.06,53893.64,3312.21,3.09,-0.6489,1071.62,435.26,418.73,1500.0,1132.95,972.21,0.4436,323.54,319.21,64.71,711.78,0.9866,0.0329,4.5271,2.1953,8.0,0.0,0.0,BENIGN_WEB
1.9527,63.0,18.0,45.0,46041.76,11055.33,34986.43,23578.01,32.26,-0.5198,730.82,366.78,180.66,1391.02,674.3,630.08,0.5277,31.0,54.21,6.2,68.19,1.7488,0.1178,3.8927,2.4958,19.0,0.0,0.0,BENIGN_WEB
58.3486,564.0,76.0,488.0,763120.73,51210.23,711910.49,13078.66,9.67,-0.8658,1353.05,366.92,802.68,1500.0,1531.92,1455.4,0.4011,21.37,15.3,4.27,47.02,0.7158,0.0569,3.1768,2.6297,16.0,0.0,0.0,BENIGN_STREAMING
24.0787,56.0,16.0,40.0,46072.74,13237.53,32835.21,1913.42,2.33,-0.4254,822.73,499.59,73.35,1500.0,756.21,777.09,0.3655,429.98,324.76,86.0,945.95,0.7553,0.1048,4.8613,3.0927,14.0,0.0,0.0,BENIGN_WEB
5.1386,47.0,18.0,29.0,36542.17,9577.33,26964.84,7111.36,9.15,-0.4758,777.49,531.36,40.0,1500.0,816.87,763.22,0.2192,109.33,95.55,21.87,240.53,0.8739,0.1075,4.0863,2.2484,20.0,0.0,0.0,BENIGN_WEB
8.6613,66.0,25.0,41.0,54399.43,11765.79,42633.64,6280.75,7.62,-0.5674,824.23,335.31,321.26,1427.8,947.55,915.56,0.5675,131.23,183.12,26.25,288.71,1.3954,0.0961,4.7592,2.1473,20.0,0.0,0.0,BENIGN_WEB
22.9921,1755.0,357.0,1398.0,2322899.24,195354.72,2127544.52,101030.29,76.33,-0.8318,1323.59,310.41,857.98,1500.0,1451.13,1220.41,0.303,20.82,9.34,4.16,45.8,0.4488,0.062,3.3185,2.2969,10.0,0.0,0.0,BENIGN_STREAMING
19.3978,45.0,16.0,29.0,33115.33,7977.43,25137.9,1707.17,2.32,-0.5182,735.9,500.45,40.0,1500.0,675.61,818.3,0.5218,431.06,378.56,86.21,948.34,0.8782,0.0804,3.8776,3.04,19.0,0.0,0.0,BENIGN_WEB
29.8208,83.0,32.0,51.0,58566.89,14629.01,43937.88,1963.96,2.78,-0.5004,705.63,494.5,40.0,1500.0,704.41,612.33,0.4604,359.29,307.1,71.86,790.43,0.8547,0.107,4.9065,2.2969,17.0,0.0,0.0,BENIGN_WEB
60.9811,996.0,168.0,828.0,1305364.79,45351.12,1260013.66,21406.05,16.33,-0.9305,1310.61,281.24,888.75,1500.0,1361.95,1495.26,0.4468,16.71,9.59,3.34,36.75,0.5742,0.1521,3.206,2.901,10.0,0.0,0.0,BENIGN_STREAMING
122.6774,2007.0,387.0,1620.0,2676718.2,218528.93,2458189.28,21819.17,16.36,-0.8367,1333.69,378.42,766.07,1500.0,1446.6,1166.21,0.3012,6.48,4.0,1.3,14.25,0.6175,0.0796,3.2057,2.7148,15.0,0.0,0.0,BENIGN_STREAMING
30.0159,79.0,30.0,49.0,50984.55,11269.88,39714.67,1698.59,2.63,-0.5579,645.37,487.68,40.0,1500.0,695.19,601.3,0.6105,379.95,354.71,75.99,835.89,0.9336,0.1058,4.6996,2.9627,9.0,0.0,0.0,BENIGN_WEB
52.0058,555.0,91.0,464.0,794889.92,29121.69,765768.23,15284.63,10.67,-0.9267,1432.23,406.99,821.75,1500.0,1611.2,1355.82,0.3187,17.55,13.09,3.51,38.62,0.7457,0.1066,3.2481,2.9533,13.0,0.0,0.0,BENIGN_STREAMING
30.3258,51.0,18.0,33.0,32290.79,8203.29,24087.5,1064.8,1.68,-0.4919,633.15,384.96,55.72,1326.07,647.23,614.3,0.3578,594.62,583.88,118.92,1308.17,0.9819,0.0116,3.6075,2.7129,15.0,0.0,0.0,BENIGN_WEB
26.7135,39.0,12.0,27.0,33388.38,6135.06,27253.32,1249.87,1.46,-0.6325,856.11,413.09,236.48,1500.0,968.27,816.33,0.406,684.96,950.94,136.99,1506.92,1.3883,0.0958,4.6178,2.2454,19.0,0.0,0.0,BENIGN_WEB
26.3358,29.0,12.0,17.0,31311.09,4149.2,27161.89,1188.92,1.1,-0.735,1079.69,496.21,335.38,1500.0,1234.33,1047.56,0.2158,908.13,1583.76,181.63,1997.89,1.744,0.0304,4.0506,2.1841,10.0,0.0,0.0,BENIGN_WEB
28.4814,36.0,14.0,22.0,24592.56,4203.81,20388.75,863.46,1.26,-0.6581,683.13,576.26,40.0,1500.0,653.12,587.43,0.5115,791.15,890.02,158.23,1740.53,1.125,0.1346,4.4258,2.9616,19.0,0.0,0.0,BENIGN_WEB
7.8549,16.0,4.0,12.0,14200.43,3131.45,11068.98,1807.85,2.04,-0.559,887.53,510.91,121.16,1500.0,989.29,928.51,0.4377,490.93,353.52,98.19,1080.05,0.7201,0.1371,3.6134,2.8623,17.0,0.0,0.0,BENIGN_WEB
26.4407,79.0,29.0,50.0,66574.27,17163.83,49410.44,2517.87,2.99,-0.4844,842.71,495.35,99.69,1500.0,727.48,737.69,0.286,334.69,378.54,66.94,736.32,1.131,0.0747,4.968,2.2337,9.0,0.0,0.0,BENIGN_WEB
110.9296,1065.0,179.0,886.0,1518629.23,96261.4,1422367.83,13690.02,9.6,-0.8732,1425.94,419.19,797.16,1500.0,1523.98,1533.7,0.3095,19.4,7.58,3.88,42.68,0.3907,0.0636,3.449,2.9623,19.0,0.0,0.0,BENIGN_STREAMING
7.762,32.0,11.0,21.0,24243.5,2611.07,21632.43,3123.36,4.12,-0.7846,757.61,399.12,158.93,1476.02,737.16,799.49,0.3924,242.56,278.21,48.51,533.64,1.147,0.1112,4.4324,2.9672,9.0,0.0,0.0,BENIGN_WEB
61.6481,551.0,100.0,451.0,749637.29,41366.86,708270.44,12159.95,8.94,-0.8896,1360.5,254.11,979.34,1500.0,1530.5,1409.76,0.5995,22.51,11.45,4.5,49.52,0.5086,0.1251,3.6006,2.9856,17.0,0.0,0.0,BENIGN_STREAMING
18.2231,59.0,18.0,41.0,58510.89,13326.29,45184.6,3210.82,3.24,-0.5445,991.71,478.85,273.44,1500.0,893.91,900.34,0.5908,308.87,311.76,61.77,679.5,1.0094,0.0483,3.7777,3.0739,15.0,0.0,0.0,BENIGN_WEB
21.1267,18.0,7.0,11.0,19001.14,4748.08,14253.06,899.39,0.85,-0.5002,1055.62,332.9,556.27,1500.0,1001.92,1158.51,0.2267,1173.71,1197.46,234.74,2582.15,1.0202,0.0564,4.3524,3.0808,15.0,0.0,0.0,BENIGN_WEB
23.7796,930.0,197.0,733.0,1149067.9,45180.64,1103887.27,48321.62,39.11,-0.9214,1235.56,298.58,787.68,1500.0,1144.5,1341.67,0.2411,12.54,4.73,2.51,27.58,0.3776,0.1093,3.6395,2.7069,21.0,0.0,0.0,BENIGN_STREAMING
141.3875,631.0,135.0,496.0,845824.78,44771.34,801053.44,5982.32,4.46,-0.8941,1340.45,251.94,962.53,1500.0,1220.71,1176.02,0.6123,10.88,7.6,2.18,23.93,0.6986,0.0771,3.6758,2.8687,15.0,0.0,0.0,BENIGN_STREAMING
100.841,1018.0,145.0,873.0,1304773.85,92909.42,1211864.43,12938.92,10.1,-0.8576,1281.7,297.24,835.84,1500.0,1347.39,1123.66,0.2216,12.41,6.08,2.48,27.3,0.4898,0.0725,3.6947,2.7928,12.0,0.0,0.0,BENIGN_STREAMING
18.3443,31.0,9.0,22.0,19281.22,5180.18,14101.04,1051.07,1.69,-0.4627,621.97,326.42,132.35,1209.53,573.13,694.8,0.2005,591.75,479.43,118.35,1301.86,0.8102,0.0581,4.192,2.4278,12.0,0.0,0.0,BENIGN_WEB
51.1627,575.0,101.0,474.0,728712.34,52570.67,676141.66,14243.05,11.24,-0.8557,1267.33,346.55,747.51,1500.0,1218.44,1116.42,0.4773,6.2,2.92,1.24,13.65,0.4706,0.0929,3.7044,2.8074,11.0,0.0,0.0,BENIGN_STREAMING
127.344,830.0,119.0,711.0,1083232.0,110931.69,972300.3,8506.34,6.52,-0.7952,1305.1,248.96,931.66,1500.0,1190.92,1324.35,0.2391,27.3,14.87,5.46,60.06,0.5447,0.1433,2.94,2.4768,15.0,0.0,0.0,BENIGN_STREAMING
17.7632,54.0,16.0,38.0,49067.0,5623.72,43443.28,2762.28,3.04,-0.7708,908.65,428.68,265.63,1500.0,849.08,997.74,0.3644,328.95,307.0,65.79,723.69,0.9333,0.0141,5.0966,3.0001,18.0,0.0,0.0,BENIGN_WEB
1.8505,26.0,8.0,18.0,24659.46,3144.88,21514.58,13326.18,14.05,-0.7449,948.44,569.57,94.09,1500.0,987.93,825.74,0.5355,71.17,86.12,14.23,156.58,1.2101,0.0575,4.5789,2.3965,8.0,0.0,0.0,BENIGN_WEB
94.7103,322.0,67.0,255.0,404406.53,34174.88,370231.65,4269.93,3.4,-0.831,1255.92,384.3,679.46,1500.0,1416.65,1237.12,0.366,23.75,10.47,4.75,52.25,0.4408,0.0509,2.938,2.3258,12.0,0.0,0.0,BENIGN_STREAMING
19.8925,72.0,21.0,51.0,56220.35,15495.26,40725.09,2826.21,3.62,-0.4488,780.84,386.43,201.19,1476.42,699.04,793.13,0.3021,276.28,383.63,55.26,607.83,1.3885,0.0398,4.8839,2.4924,9.0,0.0,0.0,BENIGN_WEB
3.5413,69.0,25.0,44.0,72365.13,20034.21,52330.92,20434.66,19.48,-0.4463,1048.77,473.03,339.23,1500.0,1018.62,968.62,0.3135,51.32,41.61,10.26,112.91,0.8107,0.0147,3.6455,2.7734,13.0,0.0,0.0,BENIGN_WEB
99.4112,1766.0,366.0,1400.0,2524226.29,63258.17,2460968.12,25391.77,17.76,-0.9499,1429.35,255.03,1046.81,1500.0,1352.3,1379.57,0.5447,26.2,20.42,5.24,57.63,0.7796,0.1601,3.1149,2.5043,13.0,0.0,0.0,BENIGN_STREAMING
24.5106,529.0,94.0,435.0,741082.92,23326.65,717756.27,30235.21,21.58,-0.937,1400.91,261.47,1008.7,1500.0,1500.6,1444.44,0.2425,27.14,11.51,5.43,59.71,0.4241,0.0743,3.3552,2.3758,21.0,0.0,0.0,BENIGN_STREAMING
25.5678,43.0,12.0,31.0,31411.91,6107.39,25304.53,1228.57,1.68,-0.6111,730.51,569.68,40.0,1500.0,763.8,694.47,0.3992,594.6,768.79,118.92,1308.12,1.293,0.1253,4.7896,2.779,21.0,0.0,0.0,BENIGN_WEB
80.8862,1275.0,277.0,998.0,1751973.12,110134.38,1641838.74,21659.73,15.76,-0.8743,1374.1,316.08,899.98,1500.0,1223.95,1469.18,0.1934,9.82,5.83,1.96,21.61,0.593,0.1727,3.1332,2.7148,12.0,0.0,0.0,BENIGN_STREAMING
120.9925,752.0,112.0,640.0,1030273.83,82551.89,947721.93,8515.18,6.22,-0.8397,1370.04,306.17,910.79,1500.0,1328.87,1389.27,0.4293,8.26,4.26,1.65,18.18,0.5151,0.1244,3.7829,2.6462,13.0,0.0,0.0,BENIGN_STREAMING
14.0029,32.0,13.0,19.0,26631.22,3837.1,22794.12,1901.84,2.29,-0.7118,832.23,369.06,278.63,1496.54,916.72,821.04,0.5014,437.59,663.48,87.52,962.7,1.5162,0.1061,3.9304,2.1429,20.0,0.0,0.0,BENIGN_WEB
3.2572,53.0,17.0,36.0,51244.4,4939.58,46304.82,15732.44,16.27,-0.8072,966.88,574.23,105.54,1500.0,921.56,923.31,0.1988,61.46,84.34,12.29,135.21,1.3723,0.0687,4.6792,2.642,11.0,0.0,0.0,BENIGN_WEB
10.4128,63.0,18.0,45.0,39388.59,6518.85,32869.74,3782.72,6.05,-0.669,625.22,541.58,40.0,1500.0,715.96,603.11,0.5242,165.28,165.17,33.06,363.62,0.9993,0.1185,4.5482,2.4109,20.0,0.0,0.0,BENIGN_WEB
16.3763,66.0,25.0,41.0,55399.09,8781.57,46617.52,3382.87,4.03,-0.683,839.38,505.49,81.14,1500.0,829.45,795.32,0.2058,248.13,373.25,49.63,545.88,1.5043,0.127,4.3477,2.7026,17.0,0.0,0.0,BENIGN_WEB
31.4565,51.0,17.0,34.0,39608.67,7678.36,31930.31,1259.16,1.62,-0.6123,776.64,464.16,80.4,1500.0,838.53,821.87,0.1831,616.79,675.62,123.36,1356.95,1.0954,0.0516,4.2854,2.4565,14.0,0.0,0.0,BENIGN_WEB
29.3869,42.0,13.0,29.0,43193.94,5971.13,37222.81,1469.84,1.43,-0.7235,1028.43,436.31,373.96,1500.0,886.77,1137.38,0.6103,699.69,1214.7,139.94,1539.31,1.7361,0.1253,4.5013,2.6036,14.0,0.0,0.0,BENIGN_WEB
3.8254,68.0,28.0,40.0,71377.91,14689.87,56688.04,18658.96,17.78,-0.5884,1049.68,479.24,330.82,1500.0,925.23,1181.89,0.6075,56.26,85.5,11.25,123.76,1.5198,0.0189,5.0993,3.0178,14.0,0.0,0.0,BENIGN_WEB
153.7489,641.0,105.0,536.0,807305.15,65198.39,742106.76,5250.8,4.17,-0.8385,1259.45,259.18,870.68,1500.0,1303.02,1339.55,0.388,19.85,13.46,3.97,43.68,0.6781,0.149,3.3825,2.6861,17.0,0.0,0.0,BENIGN_STREAMING
128.0284,592.0,79.0,513.0,825291.76,69393.07,755898.69,6446.16,4.62,-0.8318,1394.07,310.78,927.9,1500.0,1590.09,1523.83,0.3667,24.8,11.64,4.96,54.56,0.4694,0.0605,3.3467,2.4496,16.0,0.0,0.0,BENIGN_STREAMING
8.7002,36.0,15.0,21.0,26196.83,4972.74,21224.09,3011.08,4.14,-0.6204,727.69,337.47,221.49,1335.13,828.36,775.08,0.3834,241.67,212.14,48.33,531.68,0.8778,0.1183,3.8264,2.7816,19.0,0.0,0.0,BENIGN_WEB
50.1937,1514.0,186.0,1328.0,2151632.81,156311.16,1995321.65,42866.58,30.16,-0.8547,1421.16,348.04,899.1,1500.0,1239.89,1629.38,0.2578,19.69,12.07,3.94,43.33,0.6129,0.0705,3.6834,2.9414,23.0,0.0,0.0,BENIGN_STREAMING
16.018,39.0,15.0,24.0,37923.33,4897.06,33026.27,2367.55,2.43,-0.7417,972.39,405.79,363.71,1500.0,1109.14,954.56,0.4029,410.72,440.69,82.14,903.58,1.073,0.1026,4.1569,2.1634,9.0,0.0,0.0,BENIGN_WEB
25.4505,1173.0,213.0,960.0,1591050.93,112603.15,1478447.78,62515.46,46.09,-0.8585,1356.39,334.55,854.56,1500.0,1244.08,1317.04,0.5754,16.0,12.45,3.2,35.21,0.7778,0.1045,3.328,2.2712,16.0,0.0,0.0,BENIGN_STREAMING
25.1934,78.0,30.0,48.0,50232.72,9797.84,40434.88,1993.88,3.1,-0.6099,644.01,576.28,40.0,1500.0,661.39,578.39,0.6066,322.99,417.48,64.6,710.58,1.2926,0.0182,4.5891,2.9848,16.0,0.0,0.0,BENIGN_WEB
3.9433,65.0,25.0,40.0,41000.74,10951.59,30049.15,10397.55,16.48,-0.4658,630.78,358.25,93.41,1275.63,627.23,653.79,0.5347,60.67,95.33,12.13,133.47,1.5713,0.0822,4.8646,2.9043,10.0,0.0,0.0,BENIGN_WEB
6.2828,55.0,20.0,35.0,54381.2,13430.91,40950.3,8655.63,8.75,-0.506,988.75,340.69,477.72,1500.0,1051.85,1092.15,0.2166,114.23,192.4,22.85,251.31,1.6843,0.0615,4.1129,2.4829,10.0,0.0,0.0,BENIGN_WEB
17.365,31.0,12.0,19.0,23895.75,3850.36,20045.39,1376.09,1.79,-0.6777,770.83,463.5,75.59,1500.0,811.87,679.7,0.4699,560.16,962.57,112.03,1232.35,1.7184,0.0341,4.397,3.0907,21.0,0.0,0.0,BENIGN_WEB
25.3344,47.0,13.0,34.0,40406.21,4638.66,35767.55,1594.91,1.86,-0.7704,859.71,437.79,203.03,1500.0,867.1,838.22,0.5567,539.03,414.5,107.81,1185.87,0.769,0.1143,4.0901,2.6752,11.0,0.0,0.0,BENIGN_WEB
18.0346,49.0,14.0,35.0,35386.12,4261.83,31124.29,1962.13,2.72,-0.7591,722.17,365.38,174.09,1379.86,658.24,679.89,0.6196,368.05,485.17,73.61,809.72,1.3182,0.1332,4.4028,2.6453,10.0,0.0,0.0,BENIGN_WEB
15.0289,82.0,26.0,56.0,74618.09,16008.2,58609.89,4964.99,5.46,-0.5709,909.98,415.58,286.61,1500.0,1041.04,902.88,0.4229,183.28,235.2,36.66,403.21,1.2833,0.1299,4.8169,2.2602,11.0,0.0,0.0,BENIGN_WEB
23.8351,50.0,16.0,34.0,36485.6,9614.39,26871.21,1530.75,2.1,-0.473,729.71,484.83,40.0,1500.0,620.41,783.67,0.3925,476.7,532.65,95.34,1048.74,1.1174,0.0831,4.7449,2.9055,9.0,0.0,0.0,BENIGN_WEB
98.5014,999.0,166.0,833.0,1386653.23,37125.01,1349528.22,14077.5,10.14,-0.9465,1388.04,258.26,1000.66,1500.0,1414.85,1384.14,0.5875,20.18,15.41,4.04,44.4,0.7637,0.0825,2.9685,2.5357,18.0,0.0,0.0,BENIGN_STREAMING
19.7491,43.0,13.0,30.0,29716.24,7523.53,22192.72,1504.69,2.18,-0.4936,691.08,416.34,66.57,1440.49,607.6,728.85,0.4802,459.28,624.59,91.86,1010.42,1.3599,0.0849,4.1757,3.0876,9.0,0.0,0.0,BENIGN_WEB
99.9188,1667.0,256.0,1411.0,2320275.62,154236.34,2166039.28,23221.61,16.68,-0.8671,1391.89,323.04,907.32,1500.0,1334.65,1218.91,0.6098,6.64,3.26,1.33,14.61,0.4913,0.0765,3.3561,2.3189,12.0,0.0,0.0,BENIGN_STREAMING
69.7449,1420.0,309.0,1111.0,1995099.96,143971.9,1851128.06,28605.68,20.36,-0.8557,1405.0,390.94,818.6,1500.0,1329.54,1481.98,0.5193,27.12,19.25,5.42,59.66,0.7097,0.1071,3.5707,2.2658,21.0,0.0,0.0,BENIGN_STREAMING
13.7553,22.0,8.0,14.0,16472.79,3351.32,13121.47,1197.56,1.6,-0.5931,748.76,394.9,156.41,1459.59,787.79,693.23,0.183,625.24,863.79,125.05,1375.53,1.3815,0.042,3.6697,2.6796,13.0,0.0,0.0,BENIGN_WEB
14.0938,74.0,25.0,49.0,65989.95,15481.62,50508.33,4682.2,5.25,-0.5308,891.76,417.15,266.03,1500.0,846.25,893.71,0.3304,190.46,327.85,38.09,419.0,1.7214,0.1103,3.8072,2.6874,8.0,0.0,0.0,BENIGN_WEB
13.9161,84.0,34.0,50.0,60792.04,13866.64,46925.4,4368.46,6.04,-0.5438,723.71,485.84,40.0,1500.0,736.95,726.89,0.3341,165.67,146.68,33.13,364.47,0.8854,0.1095,4.4925,2.5609,17.0,0.0,0.0,BENIGN_WEB
23.4652,78.0,32.0,46.0,65355.5,9966.02,55389.48,2785.21,3.32,-0.695,837.89,507.38,76.82,1500.0,887.82,862.77,0.5044,300.84,446.78,60.17,661.84,1.4851,0.03,4.0133,2.3128,8.0,0.0,0.0,BENIGN_WEB
27.9085,31.0,12.0,19.0,27966.77,5642.91,22323.86,1002.09,1.11,-0.5965,902.15,572.54,43.35,1500.0,930.41,983.92,0.3518,900.27,1041.99,180.05,1980.6,1.1574,0.037,4.7013,2.8806,15.0,0.0,0.0,BENIGN_WEB
143.4127,1413.0,271.0,1142.0,1765854.36,105573.54,1660280.81,12313.1,9.85,-0.8804,1249.72,305.59,791.33,1500.0,1234.2,1091.4,0.5124,23.8,16.06,4.76,52.36,0.6749,0.1275,3.6314,2.75,17.0,0.0,0.0,BENIGN_STREAMING
104.1974,1098.0,217.0,881.0,1360202.5,109118.35,1251084.16,13054.09,10.54,-0.8396,1238.8,405.27,630.89,1500.0,1088.39,1369.28,0.6199,13.62,4.79,2.72,29.97,0.3516,0.1755,3.3325,2.5418,19.0,0.0,0.0,BENIGN_STREAMING
20.3012,24.0,8.0,16.0,24126.98,4282.51,19844.47,1188.45,1.18,-0.645,1005.29,406.57,395.44,1500.0,1128.91,1123.16,0.4552,845.88,913.72,169.18,1860.94,1.0802,0.0724,4.4659,2.8797,9.0,0.0,0.0,BENIGN_WEB
33.3125,1398.0,182.0,1216.0,1661027.62,79767.24,1581260.37,49862.03,41.97,-0.904,1188.15,330.03,693.11,1500.0,1318.67,1360.72,0.535,26.08,13.77,5.22,57.37,0.5281,0.125,3.3401,2.6697,13.0,0.0,0.0,BENIGN_STREAMING
33.1244,1587.0,299.0,1288.0,2190503.78,219249.04,1971254.74,66129.66,47.91,-0.7998,1380.28,245.21,1012.47,1500.0,1383.32,1332.94,0.2093,9.61,4.08,1.92,21.14,0.425,0.139,3.2762,2.5685,17.0,0.0,0.0,BENIGN_STREAMING
28.7415,16.0,6.0,10.0,12134.23,1150.06,10984.16,422.18,0.56,-0.8104,758.39,344.96,240.95,1379.32,813.31,821.87,0.5612,1796.34,2435.36,359.27,3951.96,1.3557,0.1331,4.6318,2.5681,16.0,0.0,0.0,BENIGN_WEB
24.5707,1369.0,243.0,1126.0,1958675.68,68147.6,1890528.08,79716.05,55.72,-0.9304,1430.73,391.04,844.17,1500.0,1465.55,1405.26,0.3257,8.25,4.69,1.65,18.15,0.5685,0.155,3.8074,2.814,21.0,0.0,0.0,BENIGN_STREAMING
1.9605,32.0,11.0,21.0,23837.99,5801.5,18036.49,12159.25,16.32,-0.5133,744.94,483.68,40.0,1500.0,804.5,697.41,0.4896,61.27,56.04,12.25,134.78,0.9146,0.1031,4.5452,2.359,19.0,0.0,0.0,BENIGN_WEB
12.1812,36.0,14.0,22.0,28618.68,6952.73,21665.95,2349.42,2.96,-0.5141,794.96,561.43,40.0,1500.0,737.68,866.94,0.3663,338.37,427.24,67.67,744.4,1.2627,0.1284,4.3302,2.6364,13.0,0.0,0.0,BENIGN_WEB
6.9712,27.0,9.0,18.0,17898.53,3450.18,14448.35,2567.5,3.87,-0.6145,662.91,396.56,68.07,1376.71,565.52,699.04,0.1809,258.19,266.69,51.64,568.02,1.0329,0.0642,3.8566,2.1016,11.0,0.0,0.0,BENIGN_WEB
16.2813,47.0,16.0,31.0,50569.23,5109.86,45459.36,3105.97,2.89,-0.7979,1075.94,385.64,497.49,1500.0,1182.67,1077.08,0.2398,346.41,246.46,69.28,762.1,0.7115,0.056,4.9246,2.9117,17.0,0.0,0.0,BENIGN_WEB
2.7417,59.0,23.0,36.0,62813.83,12447.32,50366.5,22910.82,21.52,-0.6037,1064.64,337.1,559.0,1500.0,907.36,1015.52,0.4044,46.47,80.51,9.29,102.23,1.7326,0.0931,4.361,2.238,13.0,0.0,0.0,BENIGN_WEB
12.7863,68.0,21.0,47.0,54884.78,5952.4,48932.39,4292.47,5.32,-0.7831,807.13,480.79,85.95,1500.0,784.93,738.09,0.4667,188.03,247.81,37.61,413.67,1.3179,0.033,4.1112,2.7637,8.0,0.0,0.0,BENIGN_WEB
46.3973,893.0,156.0,737.0,1186394.56,84486.87,1101907.69,25570.32,19.25,-0.8576,1328.55,363.57,783.19,1500.0,1195.55,1151.11,0.394,6.24,3.05,1.25,13.73,0.4893,0.1722,3.1129,2.5886,21.0,0.0,0.0,BENIGN_STREAMING
41.1206,1285.0,222.0,1063.0,1665678.76,43421.01,1622257.75,40507.12,31.25,-0.9479,1296.25,382.89,721.92,1500.0,1162.31,1197.33,0.4617,19.46,13.54,3.89,42.81,0.6958,0.0702,3.6142,2.5742,13.0,0.0,0.0,BENIGN_STREAMING
119.9267,1130.0,247.0,883.0,1360959.98,111937.37,1249022.6,11348.27,9.42,-0.8355,1204.39,415.98,580.41,1500.0,1285.58,1319.75,0.3415,14.26,8.66,2.85,31.37,0.6071,0.1113,3.1294,2.9585,10.0,0.0,0.0,BENIGN_STREAMING
157.5291,1471.0,265.0,1206.0,1758299.64,59198.99,1699100.66,11161.74,9.34,-0.9327,1195.31,287.13,764.62,1500.0,1310.95,1324.55,0.5556,16.99,10.34,3.4,37.38,0.6083,0.1623,3.8253,2.5265,19.0,0.0,0.0,BENIGN_STREAMING
20.377,63.0,26.0,37.0,40825.79,11386.85,29438.95,2003.52,3.09,-0.4422,648.03,520.69,40.0,1500.0,584.14,656.16,0.2776,323.44,423.4,64.69,711.58,1.309,0.1361,4.3942,2.2033,11.0,0.0,0.0,BENIGN_WEB
13.7821,36.0,13.0,23.0,27983.63,5889.04,22094.59,2030.43,2.61,-0.5791,777.32,558.66,40.0,1500.0,813.9,781.22,0.2397,382.84,535.1,76.57,842.24,1.3977,0.0508,4.4643,2.1049,15.0,0.0,0.0,BENIGN_WEB
25.5771,83.0,27.0,56.0,68907.88,12678.52,56229.36,2694.13,3.25,-0.632,830.22,530.88,40.0,1500.0,853.91,808.03,0.2932,308.16,227.02,61.63,677.95,0.7367,0.0425,4.5896,2.2226,11.0,0.0,0.0,BENIGN_WEB
30.0209,63.0,18.0,45.0,61209.56,13511.81,47697.75,2038.9,2.1,-0.5585,971.58,385.42,393.45,1500.0,1078.98,979.53,0.3209,476.52,603.68,95.3,1048.35,1.2668,0.0774,3.792,3.0474,10.0,0.0,0.0,BENIGN_WEB
21.9123,52.0,17.0,35.0,36907.68,5047.57,31860.11,1684.34,2.37,-0.7265,709.76,458.96,40.0,1500.0,646.27,800.57,0.5162,421.39,733.65,84.28,927.06,1.741,0.0644,4.4289,2.1346,11.0,0.0,0.0,BENIGN_WEB
19.6611,51.0,20.0,31.0,49820.93,12720.03,37100.9,2533.99,2.59,-0.4894,976.88,402.02,373.85,1500.0,1024.11,836.72,0.4195,385.51,459.04,77.1,848.12,1.1907,0.0663,4.243,3.0695,12.0,0.0,0.0,BENIGN_WEB
13.073,66.0,21.0,45.0,42771.99,5026.89,37745.1,3271.77,5.05,-0.7649,648.06,481.34,40.0,1500.0,626.34,554.3,0.1859,198.08,330.96,39.62,435.77,1.6708,0.0935,4.597,2.435,11.0,0.0,0.0,BENIGN_WEB
55.3038,1837.0,253.0,1584.0,2170378.5,85506.48,2084872.02,39244.63,33.22,-0.9212,1181.48,365.6,633.08,1500.0,1068.81,1061.06,0.449,27.73,18.7,5.55,61.01,0.6741,0.0684,3.0378,2.8493,18.0,0.0,0.0,BENIGN_STREAMING
116.0497,915.0,149.0,766.0,1305507.42,128162.83,1177344.59,11249.55,7.88,-0.8037,1426.78,378.12,859.6,1500.0,1510.28,1590.63,0.2184,23.34,17.16,4.67,51.35,0.735,0.1459,3.2812,2.5815,23.0,0.0,0.0,BENIGN_STREAMING
120.1859,1442.0,263.0,1179.0,1773810.96,189874.01,1583936.95,14758.89,12.0,-0.7859,1230.1,398.38,632.54,1500.0,1225.4,1262.09,0.5741,25.53,10.78,5.11,56.16,0.4224,0.1164,3.3946,2.57,15.0,0.0,0.0,BENIGN_STREAMING
81.1905,746.0,152.0,594.0,1054779.52,86201.78,968577.74,12991.42,9.19,-0.8366,1413.91,321.05,932.34,1500.0,1474.83,1469.83,0.3962,23.83,14.34,4.77,52.43,0.6018,0.093,3.7026,2.527,18.0,0.0,0.0,BENIGN_STREAMING
12.005,72.0,21.0,51.0,68912.92,19220.79,49692.13,5740.33,6.0,-0.4422,957.12,344.73,440.03,1500.0,824.52,1042.67,0.4985,166.74,147.23,33.35,366.82,0.883,0.1385,4.5976,2.2408,18.0,0.0,0.0,BENIGN_WEB
9.9076,75.0,21.0,54.0,50315.7,12492.74,37822.96,5078.48,7.57,-0.5034,670.88,351.36,143.83,1303.33,675.44,580.0,0.4755,132.1,191.0,26.42,290.62,1.4459,0.0236,4.1652,2.2848,17.0,0.0,0.0,BENIGN_WEB
27.7903,81.0,30.0,51.0,66486.26,18822.92,47663.34,2392.43,2.91,-0.4338,820.82,498.85,72.54,1500.0,722.52,815.1,0.6179,343.09,529.41,68.62,754.8,1.5431,0.0321,3.889,2.1823,17.0,0.0,0.0,BENIGN_WEB
64.4301,1583.0,326.0,1257.0,2162204.65,166911.37,1995293.28,33558.94,24.57,-0.8456,1365.89,345.94,846.99,1500.0,1442.61,1378.14,0.2552,11.93,6.19,2.39,26.24,0.5191,0.1768,3.7884,2.7131,21.0,0.0,0.0,BENIGN_STREAMING
27.5635,67.0,27.0,40.0,44107.13,9517.49,34589.64,1600.2,2.43,-0.5684,658.32,475.13,40.0,1500.0,643.46,683.62,0.2148,411.4,415.64,82.28,905.07,1.0103,0.0697,4.8309,3.0251,21.0,0.0,0.0,BENIGN_WEB
29.5352,82.0,27.0,55.0,71660.48,10567.99,61092.48,2426.27,2.78,-0.7051,873.91,401.94,271.0,1500.0,744.82,900.54,0.2928,360.19,552.71,72.04,792.41,1.5345,0.1156,3.8026,2.9692,18.0,0.0,0.0,BENIGN_WEB
24.9186,33.0,10.0,23.0,24655.65,6138.34,18517.31,989.45,1.32,-0.5021,747.14,511.93,40.0,1500.0,676.93,848.47,0.211,755.11,1256.58,151.02,1661.24,1.6641,0.0948,4.4144,2.4816,13.0,0.0,0.0,BENIGN_WEB
18.6644,2084.0,450.0,1634.0,2897464.48,145015.52,2752448.96,155240.15,111.66,-0.8999,1390.34,297.9,943.5,1500.0,1419.92,1348.68,0.372,7.33,3.48,1.47,16.13,0.4746,0.1219,3.3142,2.9348,22.0,0.0,0.0,BENIGN_STREAMING
9.3336,37.0,11.0,26.0,26098.05,3679.74,22418.31,2796.13,3.96,-0.718,705.35,484.0,40.0,1500.0,798.64,748.96,0.5486,252.26,279.23,50.45,554.97,1.1069,0.0309,5.0763,2.3943,16.0,0.0,0.0,BENIGN_WEB
9.3402,66.0,27.0,39.0,44232.2,7062.11,37170.09,4735.7,7.07,-0.6807,670.18,429.69,40.0,1443.63,677.43,647.82,0.3006,141.52,161.56,28.3,311.34,1.1416,0.0451,4.7605,2.4034,19.0,0.0,0.0,BENIGN_WEB
94.4303,618.0,133.0,485.0,818080.87,28560.32,789520.56,8663.33,6.54,-0.9302,1323.76,402.42,720.13,1500.0,1349.26,1496.25,0.5466,12.81,9.55,2.56,28.18,0.746,0.0761,2.9614,2.2575,12.0,0.0,0.0,BENIGN_STREAMING
110.1678,1581.0,213.0,1368.0,2236170.28,77257.51,2158912.77,20297.85,14.35,-0.9309,1414.4,267.71,1012.83,1500.0,1386.2,1573.66,0.5321,23.23,8.82,4.65,51.1,0.3795,0.0549,3.3519,2.733,22.0,0.0,0.0,BENIGN_STREAMING
8.351,61.0,18.0,43.0,42923.61,6898.64,36024.97,5139.96,7.3,-0.6786,703.67,549.6,40.0,1500.0,782.22,668.44,0.4573,136.9,125.42,27.38,301.18,0.9162,0.0216,4.4855,2.7145,11.0,0.0,0.0,BENIGN_WEB
15.8919,29.0,10.0,19.0,30054.16,7126.63,22927.53,1891.16,1.82,-0.5257,1036.35,421.81,403.64,1500.0,1116.73,883.02,0.465,548.0,398.11,109.6,1205.59,0.7265,0.1006,3.6062,2.5036,10.0,0.0,0.0,BENIGN_WEB
63.492,910.0,114.0,796.0,1087054.97,46148.51,1040906.46,17121.12,14.33,-0.9151,1194.57,412.78,575.4,1500.0,1310.05,1052.53,0.4635,19.46,6.93,3.89,42.8,0.356,0.0871,3.483,2.2292,17.0,0.0,0.0,BENIGN_STREAMING
23.6013,77.0,29.0,48.0,52382.58,12668.01,39714.57,2219.48,3.26,-0.5163,680.29,449.06,40.0,1488.6,646.97,653.07,0.2032,306.51,391.0,61.3,674.32,1.2756,0.1144,3.9326,2.1474,10.0,0.0,0.0,BENIGN_WEB
20.3804,22.0,8.0,14.0,14523.79,2006.06,12517.73,712.64,1.08,-0.7238,660.17,520.72,40.0,1500.0,683.45,578.02,0.3235,926.38,1382.07,185.28,2038.04,1.4919,0.1082,3.7124,2.6137,13.0,0.0,0.0,BENIGN_WEB
8.7196,82.0,34.0,48.0,63452.1,15544.17,47907.92,7276.92,9.4,-0.5101,773.81,466.51,74.04,1500.0,815.35,807.2,0.2239,106.34,171.11,21.27,233.94,1.6092,0.1333,4.8029,2.4416,19.0,0.0,0.0,BENIGN_WEB
17.7757,51.0,19.0,32.0,52569.21,11820.2,40749.01,2957.37,2.87,-0.5503,1030.77,503.02,276.25,1500.0,985.34,1071.11,0.5867,348.54,510.46,69.71,766.79,1.4646,0.0829,4.4977,2.4138,16.0,0.0,0.0,BENIGN_WEB
31.2359,47.0,15.0,32.0,34142.26,6472.71,27669.55,1093.05,1.5,-0.6208,726.43,383.7,150.89,1417.08,624.38,763.45,0.3608,664.59,885.55,132.92,1462.11,1.3325,0.063,3.6018,3.0014,18.0,0.0,0.0,BENIGN_WEB
150.7101,506.0,83.0,423.0,612892.08,26211.29,586680.79,4066.69,3.36,-0.9145,1211.25,278.19,793.97,1500.0,1215.95,1334.6,0.467,20.59,8.7,4.12,45.29,0.4227,0.1525,3.4028,2.6726,17.0,0.0,0.0,BENIGN_STREAMING
8.0161,67.0,19.0,48.0,66661.66,16462.75,50198.91,8315.99,8.36,-0.5061,994.95,517.66,218.46,1500.0,918.81,1001.85,0.5216,119.64,99.73,23.93,263.21,0.8335,0.0589,5.0977,2.4233,21.0,0.0,0.0,BENIGN_WEB
27.4134,53.0,19.0,34.0,51607.15,5910.49,45696.66,1882.55,1.93,-0.7709,973.72,549.97,148.77,1500.0,958.22,930.3,0.2125,517.23,599.46,103.45,1137.92,1.159,0.0331,4.4337,3.0921,21.0,0.0,0.0,BENIGN_WEB
23.9769,60.0,18.0,42.0,61692.61,10791.48,50901.13,2573.0,2.5,-0.6502,1028.21,577.35,162.18,1500.0,876.38,1036.37,0.5077,399.62,642.36,79.92,879.15,1.6075,0.1012,4.3372,2.9864,14.0,0.0,0.0,BENIGN_WEB
20.3915,44.0,17.0,27.0,35425.38,7706.82,27718.57,1737.26,2.16,-0.5649,805.12,545.25,40.0,1500.0,839.54,899.43,0.5986,463.44,776.74,92.69,1019.57,1.676,0.0219,4.0547,2.7072,14.0,0.0,0.0,BENIGN_WEB
3.7167,59.0,21.0,38.0,58736.24,8566.62,50169.62,15803.21,15.87,-0.7083,995.53,339.98,485.56,1500.0,967.8,966.21,0.3066,63.0,72.06,12.6,138.59,1.1438,0.0149,5.08,2.6651,19.0,0.0,0.0,BENIGN_WEB
5.5411,33.0,12.0,21.0,21422.16,3902.27,17519.89,3866.03,5.96,-0.6357,649.16,396.63,54.22,1363.08,659.55,690.78,0.4401,167.91,283.75,33.58,369.41,1.6899,0.02,4.1915,2.5358,11.0,0.0,0.0,BENIGN_WEB
72.7748,1076.0,231.0,845.0,1479168.03,97879.14,1381288.89,20325.28,14.79,-0.8677,1374.69,348.6,851.79,1500.0,1321.45,1177.69,0.2899,11.09,6.23,2.22,24.4,0.5616,0.1634,3.3278,2.2033,10.0,0.0,0.0,BENIGN_STREAMING
157.1004,732.0,115.0,617.0,979903.33,66169.25,913734.08,6237.43,4.66,-0.8649,1338.67,411.41,721.54,1500.0,1416.96,1488.89,0.198,8.77,4.83,1.75,19.3,0.551,0.057,3.2758,2.9325,11.0,0.0,0.0,BENIGN_STREAMING
14.0968,15.0,5.0,10.0,9890.74,2864.33,7026.41,701.63,1.06,-0.4208,659.38,540.47,40.0,1500.0,737.09,662.93,0.2222,939.79,1176.84,187.96,2067.53,1.2522,0.0936,4.4405,2.1366,17.0,0.0,0.0,BENIGN_WEB
145.845,1505.0,266.0,1239.0,1880502.02,93776.21,1786725.82,12893.84,10.32,-0.9003,1249.5,352.86,720.21,1500.0,1123.42,1333.5,0.4485,16.67,6.78,3.33,36.68,0.4067,0.0747,2.9392,2.8458,16.0,0.0,0.0,BENIGN_STREAMING
5.1149,62.0,18.0,44.0,52550.78,4936.38,47614.41,10274.04,12.12,-0.8121,847.59,477.46,131.4,1500.0,850.01,817.88,0.3114,82.5,60.34,16.5,181.5,0.7314,0.0519,4.9966,2.2415,11.0,0.0,0.0,BENIGN_WEB
12.0168,38.0,15.0,23.0,32443.24,3709.96,28733.28,2699.82,3.16,-0.7713,853.77,575.15,40.0,1500.0,755.48,884.85,0.3813,316.23,494.51,63.25,695.71,1.5638,0.0912,3.8988,2.6737,14.0,0.0,0.0,BENIGN_WEB
40.0113,538.0,85.0,453.0,770808.03,54709.81,716098.22,19264.77,13.45,-0.858,1432.73,256.55,1047.91,1500.0,1521.32,1566.01,0.5493,24.8,12.3,4.96,54.57,0.4958,0.1351,3.3258,2.8895,12.0,0.0,0.0,BENIGN_STREAMING
17.786,62.0,22.0,40.0,59357.77,13832.5,45525.27,3337.32,3.49,-0.5339,957.38,497.33,211.39,1500.0,834.32,880.14,0.4028,286.87,264.12,57.37,631.12,0.9207,0.0321,4.9118,2.5418,16.0,0.0,0.0,BENIGN_WEB
11.6548,16.0,6.0,10.0,11377.06,1417.97,9959.09,976.17,1.37,-0.7507,711.07,518.28,40.0,1500.0,712.04,782.12,0.4932,728.42,704.9,145.68,1602.53,0.9677,0.08,5.0237,2.2115,8.0,0.0,0.0,BENIGN_WEB
30.2146,71.0,27.0,44.0,73332.34,7249.0,66083.34,2427.05,2.35,-0.8023,1032.85,365.76,484.2,1500.0,1107.4,974.21,0.4194,425.56,469.24,85.11,936.23,1.1026,0.0616,4.8721,2.1,8.0,0.0,0.0,BENIGN_WEB
25.5508,47.0,16.0,31.0,43376.78,4623.36,38753.42,1697.67,1.84,-0.7868,922.91,346.2,403.61,1500.0,1046.86,1060.99,0.4943,543.63,576.51,108.73,1196.0,1.0605,0.0769,4.0295,2.7213,17.0,0.0,0.0,BENIGN_WEB
12.3297,56.0,20.0,36.0,59863.83,11317.15,48546.68,4855.24,4.54,-0.6219,1069.0,391.95,481.08,1500.0,981.67,1217.84,0.4734,220.17,183.29,44.03,484.38,0.8325,0.11,4.3671,3.0999,18.0,0.0,0.0,BENIGN_WEB
18.8933,74.0,29.0,45.0,58439.6,14939.86,43499.74,3093.13,3.92,-0.4887,789.72,375.26,226.83,1465.2,884.76,739.02,0.5111,255.32,216.51,51.06,561.69,0.848,0.0315,4.5777,3.0651,20.0,0.0,0.0,BENIGN_WEB
21.1922,71.0,20.0,51.0,53024.33,13961.78,39062.55,2502.07,3.35,-0.4734,746.82,432.15,98.6,1500.0,740.45,797.18,0.4244,298.48,286.89,59.7,656.66,0.9612,0.011,4.1386,2.6594,15.0,0.0,0.0,BENIGN_WEB
29.8489,22.0,6.0,16.0,13982.67,3458.75,10523.92,468.45,0.74,-0.5053,635.58,527.12,40.0,1500.0,612.52,585.05,0.4998,1356.77,2087.43,271.35,2984.89,1.5385,0.0354,4.3692,2.8037,16.0,0.0,0.0,BENIGN_WEB
103.685,1798.0,236.0,1562.0,2458704.91,139814.33,2318890.59,23713.23,17.34,-0.8863,1367.47,249.55,993.15,1500.0,1532.58,1566.08,0.5018,7.22,2.75,1.44,15.88,0.3812,0.1207,3.04,2.5685,12.0,0.0,0.0,BENIGN_STREAMING
31.5256,23.0,7.0,16.0,18426.43,5268.17,13158.25,584.49,0.73,-0.4282,801.15,379.05,232.57,1483.44,773.39,868.89,0.2284,1370.68,1547.99,274.14,3015.49,1.1294,0.0459,4.8407,2.7736,11.0,0.0,0.0,BENIGN_WEB
2.0965,24.0,8.0,16.0,22327.48,3897.99,18429.49,10649.69,11.45,-0.6508,930.31,414.72,308.24,1500.0,1007.11,1024.99,0.3271,87.36,148.26,17.47,192.18,1.6972,0.0486,4.2609,2.3748,21.0,0.0,0.0,BENIGN_WEB
135.7285,1153.0,168.0,985.0,1514486.24,152006.69,1362479.55,11158.2,8.49,-0.7993,1313.52,315.77,839.86,1500.0,1347.13,1466.61,0.319,9.86,3.54,1.97,21.7,0.3592,0.1782,3.7127,2.9467,18.0,0.0,0.0,BENIGN_STREAMING
30.2434,456.0,60.0,396.0,648449.92,63860.32,584589.6,21441.07,15.08,-0.803,1422.04,373.75,861.41,1500.0,1629.2,1620.25,0.2323,6.6,4.47,1.32,14.51,0.6781,0.1405,3.0052,2.7604,10.0,0.0,0.0,BENIGN_STREAMING
152.9056,1821.0,315.0,1506.0,2176728.53,78448.3,2098280.23,14235.76,11.91,-0.9279,1195.35,405.64,586.88,1500.0,1105.75,1295.79,0.2921,18.05,8.98,3.61,39.72,0.4974,0.1277,3.1084,2.3996,23.0,0.0,0.0,BENIGN_STREAMING
12.8285,68.0,27.0,41.0,69945.57,6944.67,63000.89,5452.36,5.3,-0.8014,1028.61,480.71,307.55,1500.0,879.28,891.05,0.3456,188.65,291.97,37.73,415.04,1.5476,0.0837,3.9663,2.6746,15.0,0.0,0.0,BENIGN_WEB
5.6469,41.0,13.0,28.0,31822.66,6702.19,25120.47,5635.4,7.26,-0.5788,776.16,483.18,51.39,1500.0,839.19,702.7,0.4755,137.73,194.45,27.55,303.01,1.4118,0.0493,4.8512,2.3173,16.0,0.0,0.0,BENIGN_WEB
7.9464,15.0,4.0,11.0,11851.42,1522.84,10328.58,1491.42,1.89,-0.743,790.09,565.59,40.0,1500.0,727.06,773.07,0.3759,529.76,698.82,105.95,1165.47,1.3191,0.0899,3.7738,2.2248,18.0,0.0,0.0,BENIGN_WEB
18.3225,50.0,17.0,33.0,41398.05,8613.5,32784.55,2259.41,2.73,-0.5839,827.96,338.44,320.3,1437.15,749.91,878.38,0.2207,366.45,403.19,73.29,806.19,1.1003,0.0952,4.9982,2.2032,13.0,0.0,0.0,BENIGN_WEB
14.3298,52.0,19.0,33.0,34383.38,9949.58,24433.8,2399.42,3.63,-0.4213,661.22,544.61,40.0,1500.0,627.78,626.7,0.52,275.57,326.49,55.11,606.26,1.1848,0.0795,4.5698,2.3695,21.0,0.0,0.0,BENIGN_WEB
13.4329,24.0,9.0,15.0,14882.6,2508.96,12373.64,1107.92,1.79,-0.6628,620.11,459.17,40.0,1446.61,621.53,593.74,0.4501,559.7,907.93,111.94,1231.35,1.6222,0.1307,4.565,2.9489,8.0,0.0,0.0,BENIGN_WEB
24.4291,38.0,15.0,23.0,28615.3,7878.39,20736.91,1171.36,1.56,-0.4494,753.03,561.53,40.0,1500.0,642.55,803.07,0.3403,642.87,840.62,128.57,1414.32,1.3076,0.0959,4.8396,2.7917,11.0,0.0,0.0,BENIGN_WEB
119.3178,424.0,53.0,371.0,563649.47,20924.65,542724.82,4723.94,3.55,-0.9258,1329.36,260.86,938.07,1500.0,1308.01,1394.54,0.4162,16.98,11.93,3.4,37.35,0.7029,0.1516,3.096,2.7581,22.0,0.0,0.0,BENIGN_STREAMING
29.7885,1844.0,360.0,1484.0,2579676.14,193144.28,2386531.86,86599.68,61.9,-0.8503,1398.96,404.54,792.15,1500.0,1328.04,1316.93,0.2008,26.46,18.56,5.29,58.22,0.7012,0.1025,3.1986,2.6002,15.0,0.0,0.0,BENIGN_STREAMING
103.1741,1282.0,221.0,1061.0,1536498.25,106602.0,1429896.24,14892.28,12.43,-0.8612,1198.52,303.86,742.72,1500.0,1230.17,1104.21,0.4275,24.32,10.92,4.86,53.5,0.4491,0.1106,3.1444,2.6178,21.0,0.0,0.0,BENIGN_STREAMING
22.6745,84.0,26.0,58.0,71021.17,11477.89,59543.28,3132.2,3.7,-0.6768,845.49,323.32,360.51,1427.47,782.18,877.53,0.5787,269.93,351.34,53.99,593.86,1.3016,0.1092,3.9666,2.9634,14.0,0.0,0.0,BENIGN_WEB
31.2799,29.0,12.0,17.0,29525.35,6829.71,22695.63,943.91,0.93,-0.5374,1018.12,394.67,426.12,1500.0,1073.84,1034.93,0.311,1078.62,902.44,215.72,2372.96,0.8367,0.0546,4.9131,3.0428,15.0,0.0,0.0,BENIGN_WEB
29.9205,22.0,8.0,14.0,15297.99,4011.2,11286.79,511.29,0.74,-0.4756,695.36,335.42,192.23,1299.12,742.19,624.95,0.4969,1360.02,2011.09,272.0,2992.05,1.4787,0.0564,4.7858,2.2074,13.0,0.0,0.0,BENIGN_WEB
20.9981,70.0,20.0,50.0,69008.7,9852.0,59156.69,3286.43,3.33,-0.7145,985.84,536.64,180.88,1500.0,1034.54,1054.38,0.5521,299.97,294.47,59.99,659.94,0.9817,0.106,4.0836,2.8265,20.0,0.0,0.0,BENIGN_WEB
16.7351,48.0,14.0,34.0,38676.64,7160.53,31516.11,2311.1,2.87,-0.6297,805.76,357.76,269.13,1449.73,770.98,869.25,0.5092,348.65,549.29,69.73,767.03,1.5755,0.0653,3.8577,2.3845,19.0,0.0,0.0,BENIGN_WEB
16.6184,77.0,23.0,54.0,79068.45,7425.84,71642.61,4757.89,4.63,-0.8122,1026.86,399.74,427.26,1500.0,1022.41,973.74,0.3381,215.82,319.77,43.16,474.81,1.4816,0.0651,4.264,2.8927,20.0,0.0,0.0,BENIGN_WEB
20.0324,2128.0,273.0,1855.0,2688688.56,279977.16,2408711.4,134217.11,106.23,-0.7917,1263.48,248.09,891.35,1500.0,1437.75,1290.82,0.3534,8.81,5.49,1.76,19.38,0.6228,0.1501,3.5929,2.6503,22.0,0.0,0.0,BENIGN_STREAMING
48.8618,722.0,117.0,605.0,932794.3,26331.14,906463.15,19090.46,14.78,-0.9435,1291.96,240.79,930.77,1500.0,1440.13,1171.71,0.5714,13.21,8.66,2.64,29.06,0.6556,0.0656,2.9538,2.5359,11.0,0.0,0.0,BENIGN_STREAMING
12.701,76.0,22.0,54.0,52424.92,7876.74,44548.18,4127.62,5.98,-0.6995,689.8,529.85,40.0,1500.0,624.58,672.79,0.227,167.12,132.03,33.42,367.66,0.7901,0.0796,3.9529,2.7823,16.0,0.0,0.0,BENIGN_WEB
109.0266,1109.0,134.0,975.0,1525512.61,78567.35,1446945.26,13992.12,10.17,-0.897,1375.57,290.34,940.06,1500.0,1490.93,1473.6,0.6094,27.48,13.63,5.5,60.46,0.4959,0.1365,3.5628,2.2901,22.0,0.0,0.0,BENIGN_STREAMING
26.3516,58.0,16.0,42.0,62164.33,17930.12,44234.21,2359.03,2.2,-0.4231,1071.8,336.65,566.82,1500.0,953.01,942.86,0.4461,454.34,409.28,90.87,999.55,0.9008,0.0931,4.7208,2.1425,10.0,0.0,0.0,BENIGN_WEB
85.5882,2060.0,405.0,1655.0,2614862.52,192446.96,2422415.57,30551.67,24.07,-0.8528,1269.35,366.62,719.43,1500.0,1441.25,1431.54,0.3353,10.73,5.24,2.15,23.62,0.4879,0.0658,3.8088,2.3218,18.0,0.0,0.0,BENIGN_STREAMING
114.6872,1315.0,183.0,1132.0,1722151.79,92044.55,1630107.24,15016.08,11.47,-0.8931,1309.62,282.62,885.69,1500.0,1144.93,1414.69,0.5411,24.0,16.31,4.8,52.8,0.6797,0.1457,3.5397,2.6997,22.0,0.0,0.0,BENIGN_STREAMING
29.7155,1688.0,234.0,1454.0,2274211.2,59034.56,2215176.65,76532.78,56.81,-0.9481,1347.28,289.57,912.93,1500.0,1193.49,1465.65,0.2219,10.85,5.42,2.17,23.87,0.4991,0.1495,3.5845,2.3364,16.0,0.0,0.0,BENIGN_STREAMING
22.9367,47.0,13.0,34.0,39443.96,7842.07,31601.89,1719.69,2.05,-0.6024,839.23,421.56,206.89,1500.0,717.92,935.0,0.2405,488.01,481.82,97.6,1073.63,0.9873,0.0692,4.8101,3.0695,13.0,0.0,0.0,BENIGN_WEB
24.9834,18.0,5.0,13.0,15198.79,2010.97,13187.83,608.36,0.72,-0.7354,844.38,433.28,194.46,1500.0,866.58,919.72,0.2375,1387.97,1258.95,277.59,3053.53,0.907,0.0949,3.9704,2.6465,15.0,0.0,0.0,BENIGN_WEB
113.2925,1853.0,361.0,1492.0,2663087.75,97277.19,2565810.55,23506.3,16.36,-0.9269,1437.18,258.28,1049.76,1500.0,1576.86,1337.97,0.489,17.44,13.5,3.49,38.37,0.7739,0.0885,3.8329,2.3192,19.0,0.0,0.0,BENIGN_STREAMING
21.3646,32.0,12.0,20.0,28755.99,5798.68,22957.31,1345.96,1.5,-0.5967,898.62,382.85,324.34,1500.0,837.35,1023.49,0.4348,667.64,874.37,133.53,1468.82,1.3096,0.1068,4.9895,2.9643,16.0,0.0,0.0,BENIGN_WEB
8.0357,73.0,27.0,46.0,52790.92,6382.27,46408.65,6569.52,9.08,-0.7582,723.16,451.6,45.76,1500.0,794.95,689.21,0.5834,110.08,86.76,22.02,242.17,0.7882,0.0861,3.6566,2.7383,21.0,0.0,0.0,BENIGN_WEB
41.5074,1621.0,352.0,1269.0,1959251.5,128676.07,1830575.43,47202.52,39.05,-0.8686,1208.67,381.12,636.99,1500.0,1309.12,1355.03,0.2628,22.69,8.45,4.54,49.92,0.3726,0.078,3.3206,2.8752,12.0,0.0,0.0,BENIGN_STREAMING
3.3849,83.0,23.0,60.0,71373.35,8519.29,62854.06,21085.81,24.52,-0.7613,859.92,481.33,137.92,1500.0,988.5,871.89,0.3226,40.78,32.68,8.16,89.72,0.8013,0.1094,5.0827,2.4277,15.0,0.0,0.0,BENIGN_WEB
3.5257,73.0,20.0,53.0,46733.66,5908.07,40825.59,13255.29,20.71,-0.7472,640.19,549.71,40.0,1500.0,553.0,588.89,0.3627,48.3,46.19,9.66,106.25,0.9564,0.0766,4.1793,2.1379,13.0,0.0,0.0,BENIGN_WEB
94.514,1693.0,322.0,1371.0,2370659.83,145722.37,2224937.46,25082.62,17.91,-0.8771,1400.27,343.15,885.55,1500.0,1445.44,1407.27,0.5169,13.77,6.63,2.75,30.28,0.4817,0.1012,3.3326,2.9477,11.0,0.0,0.0,BENIGN_STREAMING
22.6416,27.0,11.0,16.0,21967.76,4027.06,17940.7,970.24,1.19,-0.6334,813.62,509.85,48.85,1500.0,697.84,879.66,0.557,838.58,781.46,167.72,1844.87,0.9319,0.0301,4.2351,2.7765,16.0,0.0,0.0,BENIGN_WEB
86.3111,1174.0,148.0,1026.0,1437697.47,63604.34,1374093.13,16657.16,13.6,-0.9115,1224.61,303.2,769.82,1500.0,1214.08,1276.25,0.6024,14.41,6.31,2.88,31.69,0.4382,0.1747,3.5884,2.8991,15.0,0.0,0.0,BENIGN_STREAMING
26.8703,71.0,24.0,47.0,53248.64,7390.12,45858.52,1981.69,2.64,-0.7224,749.98,555.26,40.0,1500.0,860.88,805.31,0.2534,378.46,655.35,75.69,832.6,1.7316,0.1254,4.7063,2.142,18.0,0.0,0.0,BENIGN_WEB
73.7737,761.0,113.0,648.0,968429.08,94331.77,874097.31,13127.02,10.32,-0.8052,1272.57,301.83,819.84,1500.0,1324.96,1224.3,0.4186,23.67,9.02,4.73,52.07,0.3809,0.1153,3.5678,2.9977,14.0,0.0,0.0,BENIGN_STREAMING
140.9156,1168.0,210.0,958.0,1465858.85,69028.39,1396830.46,10402.39,8.29,-0.9058,1255.02,382.05,681.94,1500.0,1285.71,1274.98,0.187,17.33,12.35,3.47,38.12,0.7129,0.1083,3.0821,2.4745,10.0,0.0,0.0,BENIGN_STREAMING
138.897,1136.0,177.0,959.0,1467531.61,65990.09,1401541.52,10565.61,8.18,-0.9101,1291.84,356.81,756.62,1500.0,1343.48,1367.01,0.2686,26.55,15.18,5.31,58.42,0.5718,0.0774,3.4099,2.9234,13.0,0.0,0.0,BENIGN_STREAMING
9.3314,26.0,8.0,18.0,22626.0,5284.51,17341.5,2424.73,2.79,-0.5329,870.23,411.56,252.89,1500.0,769.71,918.86,0.5693,358.9,575.14,71.78,789.58,1.6025,0.0446,3.7542,2.6667,10.0,0.0,0.0,BENIGN_WEB
24.9466,54.0,15.0,39.0,46857.5,10512.48,36345.02,1878.31,2.16,-0.5513,867.73,338.77,359.58,1477.51,893.73,834.53,0.2992,461.97,462.94,92.39,1016.34,1.0021,0.0199,3.6101,2.7087,21.0,0.0,0.0,BENIGN_WEB
6.0303,52.0,20.0,32.0,39944.68,10617.58,29327.1,6623.98,8.62,-0.4684,768.17,548.75,40.0,1500.0,756.63,664.06,0.4832,115.97,111.32,23.19,255.13,0.9599,0.0687,3.7735,2.3643,21.0,0.0,0.0,BENIGN_WEB
18.0404,51.0,15.0,36.0,35137.26,4461.51,30675.75,1947.7,2.83,-0.7461,688.97,401.57,86.61,1411.8,598.09,693.25,0.4718,353.73,391.43,70.75,778.21,1.1066,0.095,4.3796,3.0589,9.0,0.0,0.0,BENIGN_WEB
145.9045,1876.0,230.0,1646.0,2694481.53,286357.48,2408124.05,18467.43,12.86,-0.7874,1436.29,347.43,915.15,1500.0,1527.64,1600.81,0.2815,18.55,9.42,3.71,40.8,0.5079,0.0916,3.651,2.6599,20.0,0.0,0.0,BENIGN_STREAMING
101.2551,645.0,77.0,568.0,773344.1,66776.68,706567.42,7637.58,6.37,-0.8273,1198.98,389.98,614.01,1500.0,1063.76,1154.79,0.3561,6.88,4.16,1.38,15.13,0.6047,0.1322,3.6031,2.8363,15.0,0.0,0.0,BENIGN_STREAMING
124.1025,1368.0,229.0,1139.0,1801559.34,67879.66,1733679.67,14516.7,11.02,-0.9246,1316.93,331.53,819.63,1500.0,1422.33,1466.07,0.3166,24.67,19.06,4.93,54.27,0.7725,0.1794,3.4317,2.6348,11.0,0.0,0.0,BENIGN_STREAMING
122.7412,1802.0,308.0,1494.0,2212109.97,141857.39,2070252.58,18022.56,14.68,-0.8717,1227.59,413.0,608.08,1500.0,1366.62,1347.96,0.4258,12.95,7.75,2.59,28.48,0.5987,0.0763,3.7329,2.4799,10.0,0.0,0.0,BENIGN_STREAMING
71.6804,1080.0,149.0,931.0,1490007.87,72251.6,1417756.26,20786.83,15.07,-0.903,1379.64,365.24,831.77,1500.0,1571.24,1203.37,0.267,18.42,11.09,3.68,40.52,0.6022,0.1009,3.4426,2.52,10.0,0.0,0.0,BENIGN_STREAMING
17.8686,32.0,11.0,21.0,22591.47,2060.78,20530.7,1264.31,1.79,-0.8176,705.98,426.84,65.73,1474.29,763.32,727.67,0.2758,558.39,660.6,111.68,1228.46,1.183,0.0431,4.6731,2.7303,10.0,0.0,0.0,BENIGN_WEB
19.3745,50.0,19.0,31.0,34980.19,4283.31,30696.88,1805.48,2.58,-0.7551,699.6,366.92,149.22,1360.06,701.09,700.14,0.4752,387.49,441.91,77.5,852.48,1.1405,0.1175,4.6384,2.781,11.0,0.0,0.0,BENIGN_WEB
6.475,29.0,9.0,20.0,27305.75,7399.41,19906.34,4217.13,4.48,-0.458,941.58,575.65,78.1,1500.0,943.44,840.14,0.495,223.27,331.19,44.65,491.2,1.4833,0.0638,4.0492,2.764,9.0,0.0,0.0,BENIGN_WEB
13.6622,40.0,15.0,25.0,38183.09,5216.85,32966.24,2794.81,2.93,-0.7267,954.58,359.38,415.51,1500.0,854.01,1067.58,0.3959,341.55,545.96,68.31,751.42,1.5985,0.0999,3.7579,2.853,8.0,0.0,0.0,BENIGN_WEB
151.5479,1350.0,282.0,1068.0,1728870.31,173400.12,1555470.19,11408.07,8.91,-0.7994,1280.64,394.78,688.48,1500.0,1152.84,1394.83,0.3758,11.66,4.48,2.33,25.64,0.3843,0.1402,3.488,2.5755,15.0,0.0,0.0,BENIGN_STREAMING
8.5572,56.0,17.0,39.0,36174.3,4160.55,32013.76,4227.37,6.54,-0.77,645.97,445.39,40.0,1447.67,685.71,639.47,0.5604,152.81,114.83,30.56,336.17,0.7515,0.0588,3.6228,2.6842,20.0,0.0,0.0,BENIGN_WEB
30.1037,60.0,24.0,36.0,61627.02,7214.41,54412.62,2047.16,1.99,-0.7659,1027.12,577.11,161.45,1500.0,952.41,892.91,0.2661,501.73,362.95,100.35,1103.8,0.7234,0.0753,4.8814,2.6786,9.0,0.0,0.0,BENIGN_WEB
22.6071,84.0,26.0,58.0,65233.63,17540.26,47693.37,2885.53,3.72,-0.4622,776.59,327.07,285.98,1365.32,755.49,766.76,0.6051,269.13,388.69,53.83,592.09,1.4443,0.0625,4.228,2.4528,16.0,0.0,0.0,BENIGN_WEB
118.326,345.0,73.0,272.0,470492.42,20018.56,450473.86,3976.24,2.92,-0.9149,1363.75,409.33,749.75,1500.0,1555.58,1159.26,0.4018,12.85,5.81,2.57,28.27,0.452,0.1673,3.0272,2.8131,10.0,0.0,0.0,BENIGN_STREAMING
69.2292,398.0,78.0,320.0,516454.79,49372.29,467082.5,7460.07,5.75,-0.8088,1297.63,368.32,745.15,1500.0,1479.21,1195.44,0.52,6.32,4.88,1.26,13.9,0.7728,0.131,2.9957,2.4119,21.0,0.0,0.0,BENIGN_STREAMING
11.1137,49.0,16.0,33.0,42513.41,11818.04,30695.37,3825.33,4.41,-0.444,867.62,436.05,213.54,1500.0,990.31,919.98,0.2431,226.81,296.88,45.36,498.98,1.3089,0.0394,4.4006,2.4988,16.0,0.0,0.0,BENIGN_WEB
26.0241,73.0,26.0,47.0,56361.44,10769.86,45591.58,2165.74,2.81,-0.6178,772.07,473.83,61.34,1500.0,832.94,762.32,0.5944,356.49,558.68,71.3,784.29,1.5672,0.0627,3.9139,2.6691,8.0,0.0,0.0,BENIGN_WEB
14.5615,46.0,19.0,27.0,49536.51,11709.82,37826.69,3401.88,3.16,-0.5272,1076.88,343.46,561.69,1500.0,1177.58,936.96,0.3862,316.55,281.22,63.31,696.42,0.8884,0.0851,4.3628,2.5527,10.0,0.0,0.0,BENIGN_WEB
51.669,1759.0,243.0,1516.0,2173557.35,159531.03,2014026.32,42066.94,34.04,-0.8532,1235.68,272.56,826.85,1500.0,1178.41,1339.18,0.262,21.74,13.96,4.35,47.82,0.6422,0.1574,3.7153,2.7209,15.0,0.0,0.0,BENIGN_STREAMING
31.9095,25.0,8.0,17.0,26668.36,3216.42,23451.94,835.75,0.78,-0.7588,1066.73,371.61,509.32,1500.0,1120.85,1158.98,0.2837,1276.38,1391.45,255.28,2808.03,1.0902,0.1028,4.4186,2.7041,16.0,0.0,0.0,BENIGN_WEB
24.3131,28.0,10.0,18.0,18972.29,2508.4,16463.89,780.33,1.15,-0.7356,677.58,377.24,111.72,1356.62,713.19,651.74,0.2949,868.33,1260.81,173.67,1910.32,1.452,0.1265,3.6373,2.7486,13.0,0.0,0.0,BENIGN_WEB
142.0479,315.0,39.0,276.0,378066.91,9479.65,368587.26,2661.55,2.22,-0.9499,1200.21,387.44,619.06,1500.0,1050.69,1244.94,0.5098,25.65,14.45,5.13,56.43,0.5635,0.1669,3.1082,2.7081,11.0,0.0,0.0,BENIGN_STREAMING
31.6366,22.0,7.0,15.0,16881.58,3683.3,13198.28,533.61,0.7,-0.5636,767.34,461.09,75.71,1500.0,821.93,881.68,0.2924,1438.03,1811.04,287.61,3163.66,1.2594,0.0446,4.9718,2.3181,18.0,0.0,0.0,BENIGN_WEB
26.4898,20.0,7.0,13.0,12523.06,3484.74,9038.32,472.75,0.76,-0.4435,626.15,528.08,40.0,1500.0,560.26,582.25,0.2238,1324.49,1876.97,264.9,2913.87,1.4171,0.0402,4.9562,2.5008,15.0,0.0,0.0,BENIGN_WEB
28.4556,72.0,29.0,43.0,55366.08,15437.58,39928.5,1945.7,2.53,-0.4423,768.97,530.72,40.0,1500.0,767.93,810.18,0.4661,395.22,685.13,79.04,869.48,1.7336,0.0306,4.3583,2.1658,17.0,0.0,0.0,BENIGN_WEB
16.1045,57.0,17.0,40.0,56901.19,7165.69,49735.51,3533.25,3.54,-0.7481,998.27,506.2,238.97,1500.0,1135.72,1087.41,0.1942,282.54,245.12,56.51,621.58,0.8676,0.0718,4.3764,2.3384,10.0,0.0,0.0,BENIGN_WEB
108.2709,1555.0,244.0,1311.0,1915035.17,160691.21,1754343.96,17687.45,14.36,-0.8322,1231.53,243.0,867.03,1500.0,1296.21,1072.14,0.2461,15.11,7.65,3.02,33.25,0.5058,0.1278,3.4152,2.4422,23.0,0.0,0.0,BENIGN_STREAMING
110.8432,1758.0,240.0,1518.0,2294659.86,83508.78,2211151.08,20701.86,15.86,-0.9272,1305.27,341.72,792.69,1500.0,1437.03,1197.83,0.2879,10.23,6.19,2.05,22.52,0.6052,0.0554,3.1313,2.8103,21.0,0.0,0.0,BENIGN_STREAMING
4.4749,29.0,11.0,18.0,29662.86,5099.65,24563.21,6628.65,6.48,-0.6562,1022.86,537.13,217.16,1500.0,1135.37,926.56,0.4574,154.31,236.58,30.86,339.48,1.5332,0.0289,4.195,2.591,8.0,0.0,0.0,BENIGN_WEB
5.3049,18.0,5.0,13.0,13892.55,1340.73,12551.82,2618.83,3.39,-0.807,771.81,422.63,137.87,1500.0,700.57,706.91,0.349,294.71,273.15,58.94,648.37,0.9268,0.0322,4.7384,2.9299,8.0,0.0,0.0,BENIGN_WEB
16.1088,31.0,12.0,19.0,27706.2,5844.6,21861.6,1719.94,1.92,-0.5781,893.75,331.16,397.01,1489.83,822.59,934.1,0.1851,519.64,477.8,103.93,1143.21,0.9195,0.1142,4.3097,3.0126,15.0,0.0,0.0,BENIGN_WEB
9.5272,54.0,22.0,32.0,45043.04,8914.64,36128.4,4727.83,5.67,-0.6042,834.13,356.37,299.57,1475.6,725.33,932.76,0.4963,176.43,304.06,35.29,388.15,1.7234,0.0718,3.8011,2.5302,14.0,0.0,0.0,BENIGN_WEB
29.981,24.0,7.0,17.0,18598.11,2356.18,16241.93,620.33,0.8,-0.7466,774.92,543.09,40.0,1500.0,813.33,770.85,0.5097,1249.21,1656.18,249.84,2748.26,1.3258,0.1199,4.183,2.6549,21.0,0.0,0.0,BENIGN_WEB
155.6516,2023.0,442.0,1581.0,2488207.47,71018.44,2417189.03,15985.75,13.0,-0.9429,1229.96,252.04,851.91,1500.0,1164.66,1207.82,0.5143,9.75,6.28,1.95,21.46,0.6438,0.0864,3.1099,2.265,22.0,0.0,0.0,BENIGN_STREAMING
143.7861,1498.0,304.0,1194.0,1900587.63,125390.26,1775197.37,13218.16,10.42,-0.8681,1268.75,315.03,796.2,1500.0,1227.15,1092.26,0.3394,12.42,8.6,2.48,27.33,0.6924,0.0956,3.4227,2.9852,22.0,0.0,0.0,BENIGN_STREAMING
9.3916,41.0,14.0,27.0,39654.4,8300.24,31354.16,4222.33,4.37,-0.5814,967.18,546.7,147.14,1500.0,1032.51,1016.79,0.2047,229.06,245.98,45.81,503.94,1.0738,0.0568,5.0976,2.3844,15.0,0.0,0.0,BENIGN_WEB
28.0626,60.0,25.0,35.0,54621.97,8349.95,46272.02,1946.43,2.14,-0.6943,910.37,507.95,148.44,1500.0,1025.95,848.55,0.3078,467.71,538.87,93.54,1028.96,1.1522,0.1282,4.6547,2.93,20.0,0.0,0.0,BENIGN_WEB
122.65,1098.0,144.0,954.0,1575197.3,79836.33,1495360.98,12843.03,8.95,-0.8986,1434.61,308.96,971.17,1500.0,1279.64,1476.69,0.5599,24.62,10.59,4.92,54.15,0.43,0.158,3.0681,2.3863,14.0,0.0,0.0,BENIGN_STREAMING
3.4881,50.0,20.0,30.0,45627.39,12594.07,33033.32,13080.76,14.33,-0.448,912.55,446.9,242.19,1500.0,843.53,968.7,0.3568,69.76,95.68,13.95,153.48,1.3715,0.012,4.1629,2.7519,12.0,0.0,0.0,BENIGN_WEB
24.0581,43.0,17.0,26.0,43526.31,12579.99,30946.32,1809.22,1.79,-0.422,1012.24,549.03,188.7,1500.0,951.88,1115.75,0.2502,559.49,472.02,111.9,1230.88,0.8437,0.1171,3.7147,2.9486,9.0,0.0,0.0,BENIGN_WEB
24.3054,84.0,24.0,60.0,73949.0,20157.26,53791.74,3042.5,3.46,-0.4548,880.35,486.11,151.18,1500.0,922.18,991.91,0.3845,289.35,294.56,57.87,636.57,1.018,0.09,5.0751,2.2554,14.0,0.0,0.0,BENIGN_WEB
96.0646,1721.0,289.0,1432.0,2116608.05,194185.39,1922422.66,22033.18,17.92,-0.8165,1229.87,321.3,747.92,1500.0,1218.97,1069.2,0.2283,23.37,16.67,4.67,51.4,0.7133,0.0945,3.6433,2.3396,21.0,0.0,0.0,BENIGN_STREAMING
20.7098,39.0,15.0,24.0,42068.55,4754.82,37313.73,2031.33,1.88,-0.7739,1078.68,435.1,426.04,1500.0,1225.4,1013.38,0.3344,531.02,677.77,106.2,1168.25,1.2764,0.0319,4.1383,3.055,9.0,0.0,0.0,BENIGN_WEB
15.7508,82.0,27.0,55.0,69755.6,15767.97,53987.63,4428.69,5.21,-0.5479,850.68,540.38,40.1,1500.0,922.89,813.82,0.5329,192.08,318.01,38.42,422.58,1.6556,0.0359,4.6998,2.5186,8.0,0.0,0.0,BENIGN_WEB
60.105,2069.0,414.0,1655.0,2473233.58,260302.74,2212930.84,41148.54,34.42,-0.7895,1195.38,247.51,824.12,1500.0,1081.23,1261.46,0.5835,25.37,17.26,5.07,55.8,0.6803,0.1595,3.0234,2.4042,16.0,0.0,0.0,BENIGN_STREAMING
148.7907,1350.0,186.0,1164.0,1810386.12,130623.01,1679763.11,12167.33,9.07,-0.8557,1341.03,417.38,714.95,1500.0,1429.92,1501.15,0.4612,11.28,7.56,2.26,24.82,0.6705,0.1145,2.9435,2.7641,16.0,0.0,0.0,BENIGN_STREAMING
139.3505,1824.0,271.0,1553.0,2155936.96,175417.88,1980519.07,15471.32,13.09,-0.8373,1181.98,353.05,652.4,1500.0,1135.09,1118.25,0.2988,15.48,5.68,3.1,34.06,0.3668,0.1025,3.3905,2.4675,16.0,0.0,0.0,BENIGN_STREAMING
137.157,724.0,102.0,622.0,1032604.88,99262.7,933342.18,7528.64,5.28,-0.8077,1426.25,262.05,1033.17,1500.0,1385.26,1437.03,0.3283,18.81,14.15,3.76,41.39,0.752,0.1447,3.3232,2.4448,10.0,0.0,0.0,BENIGN_STREAMING
98.4364,2135.0,409.0,1726.0,3036876.05,205321.38,2831554.67,30851.13,21.69,-0.8648,1422.42,345.26,904.53,1500.0,1604.28,1379.73,0.4995,22.27,12.52,4.45,48.99,0.5622,0.1763,3.6552,2.6098,11.0,0.0,0.0,BENIGN_STREAMING
10.8812,78.0,30.0,48.0,62240.13,6382.64,55857.49,5719.95,7.17,-0.7949,797.95,526.03,40.0,1500.0,834.56,759.0,0.6016,139.5,173.13,27.9,306.91,1.241,0.0181,4.6302,2.939,12.0,0.0,0.0,BENIGN_WEB
3.0265,34.0,14.0,20.0,24611.88,6873.5,17738.38,8132.11,11.23,-0.4414,723.88,520.08,40.0,1500.0,645.92,740.52,0.2293,89.01,112.08,17.8,195.83,1.2591,0.045,4.1031,2.2016,8.0,0.0,0.0,BENIGN_WEB
28.1875,43.0,15.0,28.0,35088.01,5616.69,29471.32,1244.81,1.53,-0.6799,816.0,375.86,252.21,1492.54,918.57,818.63,0.4731,655.52,1141.31,131.1,1442.15,1.7411,0.1052,3.8557,2.8736,14.0,0.0,0.0,BENIGN_WEB
6.8906,21.0,7.0,14.0,14841.47,2318.78,12522.69,2153.88,3.05,-0.6875,706.74,376.72,141.65,1384.84,714.86,753.15,0.4238,328.12,374.61,65.62,721.87,1.1417,0.0912,4.1629,3.0872,16.0,0.0,0.0,BENIGN_WEB
94.6531,961.0,135.0,826.0,1222944.93,60228.31,1162716.62,12920.28,10.15,-0.9015,1272.58,386.62,692.65,1500.0,1107.11,1134.43,0.1844,20.18,13.81,4.04,44.4,0.6842,0.1555,3.4636,2.901,13.0,0.0,0.0,BENIGN_STREAMING
56.7487,277.0,48.0,229.0,398858.04,34373.45,364484.59,7028.49,4.88,-0.8276,1439.92,263.9,1044.07,1500.0,1318.13,1464.34,0.5449,20.16,15.59,4.03,44.36,0.7733,0.1496,2.9077,2.4946,21.0,0.0,0.0,BENIGN_STREAMING
28.0196,53.0,20.0,33.0,48105.81,13265.32,34840.49,1716.86,1.89,-0.4485,907.66,401.37,305.6,1500.0,797.1,918.19,0.2487,528.67,591.21,105.73,1163.08,1.1183,0.1233,4.6732,2.8284,12.0,0.0,0.0,BENIGN_WEB
146.5262,1232.0,180.0,1052.0,1678736.79,106383.92,1572352.87,11456.91,8.41,-0.8733,1362.61,351.84,834.85,1500.0,1262.13,1338.85,0.1884,22.83,16.68,4.57,50.22,0.7309,0.1219,2.9083,2.4317,22.0,0.0,0.0,BENIGN_STREAMING
70.9173,812.0,172.0,640.0,1036177.49,78295.3,957882.19,14611.07,11.45,-0.8489,1276.08,371.21,719.27,1500.0,1346.95,1087.05,0.3733,21.85,13.12,4.37,48.06,0.6007,0.1455,3.2662,2.2556,11.0,0.0,0.0,BENIGN_STREAMING
5.6819,40.0,15.0,25.0,40227.4,5198.29,35029.11,7079.97,7.04,-0.7416,1005.68,515.27,232.78,1500.0,1044.93,859.69,0.4299,142.05,233.83,28.41,312.5,1.6461,0.0119,3.9307,2.5723,9.0,0.0,0.0,BENIGN_WEB
129.4991,1368.0,216.0,1152.0,1884982.19,135688.98,1749293.21,14555.94,10.56,-0.856,1377.91,419.64,748.45,1500.0,1269.66,1551.23,0.5114,16.08,6.64,3.22,35.37,0.413,0.0905,3.0784,2.2981,10.0,0.0,0.0,BENIGN_STREAMING
93.8673,566.0,94.0,472.0,785847.23,30035.93,755811.3,8371.9,6.03,-0.9236,1388.42,353.65,857.95,1500.0,1593.32,1193.07,0.3799,27.8,15.25,5.56,61.16,0.5487,0.0646,3.6204,2.5095,22.0,0.0,0.0,BENIGN_STREAMING
11.8702,34.0,12.0,22.0,22218.76,3763.72,18455.04,1871.81,2.86,-0.6612,653.49,387.08,72.87,1350.24,724.15,562.36,0.4616,349.12,559.09,69.82,768.07,1.6014,0.1355,3.6145,2.6477,8.0,0.0,0.0,BENIGN_WEB
30.3999,408.0,88.0,320.0,486818.19,22690.21,464127.97,16013.79,13.42,-0.9068,1193.18,313.05,723.61,1500.0,1214.94,1193.82,0.3624,13.09,7.48,2.62,28.8,0.5717,0.0789,2.9972,2.371,19.0,0.0,0.0,BENIGN_STREAMING
50.2368,950.0,178.0,772.0,1214144.1,38532.89,1175611.21,24168.44,18.91,-0.9365,1278.05,397.62,681.62,1500.0,1205.51,1300.63,0.2068,15.48,6.43,3.1,34.06,0.4154,0.118,3.4631,2.8876,11.0,0.0,0.0,BENIGN_STREAMING
26.9019,36.0,12.0,24.0,31852.05,4046.37,27805.68,1184.01,1.34,-0.7459,884.78,539.63,75.33,1500.0,893.23,835.62,0.5273,747.27,829.35,149.45,1644.0,1.1098,0.03,4.4164,2.5918,17.0,0.0,0.0,BENIGN_WEB
72.4848,1681.0,245.0,1436.0,2231796.63,170670.27,2061126.35,30789.86,23.19,-0.8471,1327.66,269.08,924.04,1500.0,1451.44,1420.9,0.2081,19.72,11.21,3.94,43.39,0.5684,0.0856,3.6923,2.7779,10.0,0.0,0.0,BENIGN_STREAMING
29.9682,22.0,8.0,14.0,19774.2,3687.54,16086.66,659.84,0.73,-0.627,898.83,447.18,228.05,1500.0,887.13,964.07,0.5784,1362.19,1633.38,272.44,2996.82,1.1991,0.0646,4.0627,2.3213,19.0,0.0,0.0,BENIGN_WEB
7.4124,45.0,18.0,27.0,29038.37,4870.06,24168.3,3917.55,6.07,-0.6646,645.3,409.04,40.0,1381.56,589.31,594.55,0.3708,164.72,278.17,32.94,362.38,1.6888,0.0479,4.4654,2.4702,8.0,0.0,0.0,BENIGN_WEB
145.9182,480.0,101.0,379.0,613119.73,18048.52,595071.21,4201.8,3.29,-0.9411,1277.33,275.38,864.26,1500.0,1193.05,1172.72,0.3616,17.04,11.9,3.41,37.48,0.6985,0.169,2.9292,2.8065,13.0,0.0,0.0,BENIGN_STREAMING
135.7624,2043.0,344.0,1699.0,2639930.28,121590.56,2518339.72,19445.23,15.05,-0.9079,1292.18,385.6,713.79,1500.0,1195.11,1099.15,0.4663,13.12,8.37,2.62,28.87,0.6377,0.0602,3.2987,2.7493,21.0,0.0,0.0,BENIGN_STREAMING
4.4738,36.0,11.0,25.0,35428.24,7353.21,28075.03,7918.97,8.05,-0.5849,984.12,489.74,249.51,1500.0,1015.98,904.49,0.3892,124.27,184.0,24.85,273.4,1.4806,0.0417,3.7841,2.9153,16.0,0.0,0.0,BENIGN_WEB
149.6415,1580.0,297.0,1283.0,2081345.87,198223.22,1883122.65,13908.88,10.56,-0.8095,1317.31,258.55,929.48,1500.0,1248.18,1147.05,0.206,14.5,10.94,2.9,31.91,0.754,0.0994,3.7019,2.6199,14.0,0.0,0.0,BENIGN_STREAMING
12.9884,37.0,13.0,24.0,24356.82,5955.27,18401.55,1875.27,2.85,-0.511,658.29,340.37,147.74,1270.95,689.91,677.25,0.5003,351.04,357.27,70.21,772.28,1.0178,0.0811,4.664,2.739,20.0,0.0,0.0,BENIGN_WEB
29.7076,2135.0,353.0,1782.0,2831024.66,166731.5,2664293.16,95296.43,71.87,-0.8822,1326.01,398.46,728.32,1500.0,1476.88,1440.69,0.4779,6.73,3.18,1.35,14.8,0.4722,0.1198,3.444,2.4536,18.0,0.0,0.0,BENIGN_STREAMING
29.2439,26.0,8.0,18.0,19440.63,3073.09,16367.55,664.78,0.89,-0.6838,747.72,511.73,40.0,1500.0,737.5,756.9,0.4278,1124.76,1542.73,224.95,2474.48,1.3716,0.1228,4.9401,2.2331,17.0,0.0,0.0,BENIGN_WEB
6.413,19.0,6.0,13.0,16036.73,1911.88,14124.85,2500.67,2.96,-0.7616,844.04,411.45,226.86,1500.0,734.36,833.68,0.3198,337.53,427.72,67.51,742.56,1.2672,0.0367,4.1591,2.2077,14.0,0.0,0.0,BENIGN_WEB
30.0846,29.0,9.0,20.0,25308.13,4300.35,21007.78,841.23,0.96,-0.6602,872.69,421.53,240.4,1500.0,891.38,879.39,0.2279,1037.4,983.77,207.48,2282.28,0.9483,0.0338,3.9151,2.8735,13.0,0.0,0.0,BENIGN_WEB
48.4943,1475.0,323.0,1152.0,2057332.69,208239.97,1849092.71,42424.25,30.42,-0.7976,1394.8,257.7,1008.25,1500.0,1415.61,1573.85,0.5921,11.88,6.22,2.38,26.14,0.5231,0.0774,3.5552,2.7746,19.0,0.0,0.0,BENIGN_STREAMING
9.1216,51.0,16.0,35.0,35007.37,8368.39,26638.98,3837.85,5.59,-0.5219,686.42,423.97,50.46,1449.57,617.61,685.59,0.6096,178.86,153.93,35.77,393.48,0.8607,0.0217,5.0056,2.5237,17.0,0.0,0.0,BENIGN_WEB
4.8646,37.0,11.0,26.0,23303.19,5983.63,17319.57,4790.4,7.61,-0.4865,629.82,320.26,149.42,1206.29,651.65,650.73,0.369,131.47,159.03,26.29,289.24,1.2096,0.0685,5.0704,2.9524,17.0,0.0,0.0,BENIGN_WEB
37.4794,1121.0,192.0,929.0,1569110.53,120935.7,1448174.83,41865.99,29.91,-0.8459,1399.74,262.29,1006.31,1500.0,1545.92,1314.01,0.5591,18.15,13.08,3.63,39.92,0.721,0.083,3.6647,2.9397,14.0,0.0,0.0,BENIGN_STREAMING
26.5316,81.0,28.0,53.0,87411.78,14303.61,73108.17,3294.62,3.05,-0.6727,1079.16,353.45,548.99,1500.0,960.35,1112.2,0.5178,327.55,368.51,65.51,720.61,1.125,0.1326,4.5802,2.7862,10.0,0.0,0.0,BENIGN_WEB
16.2057,80.0,26.0,54.0,54572.28,14435.67,40136.61,3367.48,4.94,-0.471,682.15,575.61,40.0,1500.0,593.83,621.84,0.3561,202.57,273.03,40.51,445.66,1.3478,0.134,4.1688,2.7603,9.0,0.0,0.0,BENIGN_WEB
3.5013,57.0,17.0,40.0,38709.32,8683.91,30025.41,11055.73,16.28,-0.5513,679.11,336.99,173.62,1285.7,703.7,631.6,0.585,61.43,76.85,12.29,135.14,1.2511,0.0643,4.7684,2.7551,17.0,0.0,0.0,BENIGN_WEB
25.1386,81.0,32.0,49.0,86621.33,16996.16,69625.17,3445.75,3.22,-0.6076,1069.4,388.21,487.08,1500.0,1052.25,942.74,0.2499,310.35,400.12,62.07,682.78,1.2892,0.017,4.0415,2.7752,14.0,0.0,0.0,BENIGN_WEB
129.7266,1887.0,308.0,1579.0,2385257.39,126475.68,2258781.71,18386.8,14.55,-0.894,1264.05,355.02,731.52,1500.0,1142.96,1085.62,0.2295,9.61,4.87,1.92,21.14,0.507,0.0989,3.813,2.2357,23.0,0.0,0.0,BENIGN_STREAMING
25.2148,25.0,9.0,16.0,23893.9,5699.75,18194.15,947.61,0.99,-0.5229,955.76,439.92,295.88,1500.0,889.95,885.0,0.5319,1008.59,1379.57,201.72,2218.91,1.3678,0.0715,4.2994,2.6732,12.0,0.0,0.0,BENIGN_WEB
10.2253,48.0,17.0,31.0,50411.4,14232.91,36178.49,4930.07,4.69,-0.4353,1050.24,442.62,386.3,1500.0,1125.67,912.8,0.4699,213.03,163.23,42.61,468.66,0.7663,0.0148,5.0065,2.4905,17.0,0.0,0.0,BENIGN_WEB
30.7238,60.0,22.0,38.0,37750.89,10699.75,27051.14,1228.72,1.95,-0.4331,629.18,530.24,40.0,1500.0,715.3,585.97,0.2627,512.06,529.89,102.41,1126.54,1.0348,0.0414,4.7226,2.487,12.0,0.0,0.0,BENIGN_WEB
122.1692,2171.0,469.0,1702.0,2941456.55,199556.02,2741900.53,24076.91,17.77,-0.8643,1354.89,336.13,850.69,1500.0,1443.76,1199.26,0.4922,10.24,7.28,2.05,22.52,0.7112,0.1448,3.3315,2.5706,18.0,0.0,0.0,BENIGN_STREAMING
24.9927,69.0,27.0,42.0,53582.53,12828.32,40754.21,2143.92,2.76,-0.5212,776.56,396.42,181.93,1490.11,863.62,823.91,0.1971,362.21,518.31,72.44,796.87,1.431,0.0581,4.4052,2.6073,14.0,0.0,0.0,BENIGN_WEB
146.7831,1873.0,305.0,1568.0,2221156.73,219353.52,2001803.21,15132.24,12.76,-0.8025,1185.88,326.96,695.44,1500.0,1138.06,1264.83,0.5216,18.97,14.67,3.79,41.73,0.7733,0.0511,3.0121,2.3418,12.0,0.0,0.0,BENIGN_STREAMING
21.0703,56.0,22.0,34.0,57671.23,7364.15,50307.08,2737.08,2.66,-0.7446,1029.84,515.19,257.06,1500.0,918.45,1095.21,0.3742,376.26,282.51,75.25,827.76,0.7508,0.1394,5.0582,2.3445,20.0,0.0,0.0,BENIGN_WEB
23.4318,41.0,12.0,29.0,39332.38,4767.29,34565.09,1678.59,1.75,-0.7576,959.33,327.15,468.61,1500.0,1051.24,901.1,0.3878,571.51,666.97,114.3,1257.32,1.167,0.0174,4.4376,2.1343,8.0,0.0,0.0,BENIGN_WEB
3.076,58.0,19.0,39.0,43143.42,8533.26,34610.16,14025.94,18.86,-0.6044,743.85,355.03,211.3,1382.91,729.82,803.13,0.4061,53.03,51.43,10.61,116.67,0.9697,0.0254,4.9882,2.9856,17.0,0.0,0.0,BENIGN_WEB
22.6416,772.0,114.0,658.0,991794.38,70101.04,921693.33,43804.0,34.1,-0.8586,1284.71,398.32,687.23,1500.0,1348.04,1211.39,0.3739,18.17,9.58,3.63,39.98,0.527,0.1056,3.0831,2.4792,21.0,0.0,0.0,BENIGN_STREAMING
30.893,52.0,18.0,34.0,45228.25,11488.44,33739.81,1464.03,1.68,-0.492,869.77,439.32,210.79,1500.0,925.91,791.59,0.5459,594.1,898.8,118.82,1307.01,1.5129,0.0453,3.8131,2.1644,12.0,0.0,0.0,BENIGN_WEB
4.9013,50.0,15.0,35.0,49118.35,7946.01,41172.34,10021.53,10.2,-0.6765,982.37,444.75,315.25,1500.0,971.08,1087.55,0.606,98.03,101.64,19.61,215.66,1.0368,0.0686,4.0209,3.0908,15.0,0.0,0.0,BENIGN_WEB
13.0972,40.0,12.0,28.0,33535.27,4044.49,29490.79,2560.49,3.05,-0.7588,838.38,552.56,40.0,1500.0,791.67,774.86,0.5455,327.43,460.2,65.49,720.35,1.4055,0.1243,3.6295,2.9248,11.0,0.0,0.0,BENIGN_WEB
25.3151,69.0,28.0,41.0,45313.75,7375.26,37938.49,1789.99,2.73,-0.6745,656.72,402.05,53.65,1380.41,592.59,697.9,0.2644,366.88,479.75,73.38,807.15,1.3076,0.0762,4.1738,2.9892,11.0,0.0,0.0,BENIGN_WEB
22.7942,57.0,22.0,35.0,35702.76,7161.85,28540.91,1566.31,2.5,-0.5988,626.36,468.26,40.0,1469.22,654.83,673.39,0.555,399.9,556.86,79.98,879.77,1.3925,0.1378,4.0797,2.9185,11.0,0.0,0.0,BENIGN_WEB
26.9012,21.0,7.0,14.0,21836.49,2740.21,19096.28,811.73,0.78,-0.749,1039.83,354.17,508.58,1500.0,901.67,1065.72,0.6171,1281.01,1444.53,256.2,2818.22,1.1276,0.0965,4.6145,2.3378,9.0,0.0,0.0,BENIGN_WEB
28.8461,15.0,5.0,10.0,11962.51,1294.23,10668.28,414.7,0.52,-0.7836,797.5,325.81,308.79,1383.96,800.44,745.24,0.2231,1923.07,3118.24,384.61,4230.76,1.6215,0.044,4.6809,2.7107,8.0,0.0,0.0,BENIGN_WEB
22.8627,77.0,22.0,55.0,61367.95,15919.08,45448.88,2684.19,3.37,-0.4812,796.99,540.73,40.0,1500.0,873.21,712.31,0.5683,296.92,284.26,59.38,653.22,0.9574,0.0629,3.8624,3.0563,10.0,0.0,0.0,BENIGN_WEB
101.9986,1626.0,195.0,1431.0,1990788.54,201744.23,1789044.31,19517.8,15.94,-0.7973,1224.35,289.3,790.4,1500.0,1122.09,1077.44,0.2972,14.12,10.26,2.82,31.07,0.7264,0.1106,3.0148,2.875,23.0,0.0,0.0,BENIGN_STREAMING
2.0021,51.0,20.0,31.0,34712.77,7448.66,27264.11,17338.44,25.47,-0.5708,680.64,348.42,158.02,1307.79,694.98,685.49,0.501,39.26,60.79,7.85,86.36,1.5486,0.0537,4.1474,2.9139,18.0,0.0,0.0,BENIGN_WEB
30.8995,62.0,18.0,44.0,40134.39,3665.95,36468.44,1298.87,2.01,-0.8173,647.33,404.72,40.25,1375.82,562.77,552.98,0.4506,498.38,430.13,99.68,1096.43,0.8631,0.0781,3.8715,2.3712,20.0,0.0,0.0,BENIGN_WEB
97.2973,1990.0,322.0,1668.0,2455669.46,89920.34,2365749.12,25238.83,20.45,-0.9268,1234.0,274.05,822.92,1500.0,1311.04,1106.98,0.3961,16.51,12.01,3.3,36.32,0.7274,0.0842,3.5126,2.6115,11.0,0.0,0.0,BENIGN_STREAMING
22.2138,23.0,7.0,16.0,19574.73,1985.87,17588.86,881.2,1.04,-0.7971,851.08,572.61,40.0,1500.0,947.94,836.75,0.4376,965.82,849.89,193.16,2124.79,0.88,0.0764,3.8781,2.5962,10.0,0.0,0.0,BENIGN_WEB
29.5468,55.0,18.0,37.0,50833.21,7890.53,42942.67,1720.43,1.86,-0.6896,924.24,324.67,437.23,1500.0,965.6,842.12,0.5438,537.22,558.36,107.44,1181.87,1.0394,0.0806,4.2762,2.1009,17.0,0.0,0.0,BENIGN_WEB
32.8733,806.0,111.0,695.0,1004014.39,70366.02,933648.37,30541.91,24.52,-0.8598,1245.68,242.89,881.34,1500.0,1302.27,1402.61,0.6037,25.23,17.14,5.05,55.51,0.6792,0.1184,3.148,2.889,15.0,0.0,0.0,BENIGN_STREAMING
8.2515,15.0,4.0,11.0,12718.25,3654.97,9063.27,1541.33,1.82,-0.4252,847.88,487.42,116.75,1500.0,864.51,961.78,0.2184,550.1,567.26,110.02,1210.21,1.0312,0.1004,4.4424,2.8105,21.0,0.0,0.0,BENIGN_WEB
125.1892,1348.0,264.0,1084.0,1800601.45,155808.08,1644793.36,14383.04,10.77,-0.8269,1335.76,409.13,722.06,1500.0,1379.77,1494.94,0.2256,14.58,5.49,2.92,32.09,0.3763,0.0616,3.6039,2.631,23.0,0.0,0.0,BENIGN_STREAMING
3.4736,69.0,26.0,43.0,51911.83,12554.84,39356.99,14944.5,19.86,-0.5163,752.35,379.87,182.54,1436.11,693.93,659.29,0.3533,50.34,61.23,10.07,110.75,1.2162,0.1292,4.1074,2.4781,11.0,0.0,0.0,BENIGN_WEB
55.9548,1968.0,416.0,1552.0,2702082.14,83656.15,2618425.99,48290.43,35.17,-0.9381,1373.01,357.98,836.03,1500.0,1508.18,1541.83,0.1975,15.57,7.21,3.11,34.26,0.4631,0.1758,3.6171,2.9582,16.0,0.0,0.0,BENIGN_STREAMING
10.9347,42.0,13.0,29.0,27962.03,2594.38,25367.64,2557.18,3.84,-0.8144,665.76,356.59,130.88,1307.62,711.91,631.65,0.6178,260.35,450.05,52.07,572.77,1.7286,0.104,4.8287,2.4027,18.0,0.0,0.0,BENIGN_WEB
77.7359,1877.0,311.0,1566.0,2373030.79,132819.62,2240211.17,30526.82,24.15,-0.8881,1264.27,268.87,860.96,1500.0,1441.42,1295.08,0.3971,27.16,17.86,5.43,59.75,0.6577,0.0949,3.4284,2.7773,19.0,0.0,0.0,BENIGN_STREAMING
76.1403,497.0,90.0,407.0,671690.73,69796.26,601894.47,8821.75,6.53,-0.7922,1351.49,329.24,857.63,1500.0,1474.65,1235.43,0.2103,11.1,6.22,2.22,24.42,0.5604,0.0922,3.651,2.6584,20.0,0.0,0.0,BENIGN_STREAMING
3.0963,69.0,19.0,50.0,44336.67,4679.37,39657.31,14319.03,22.28,-0.7889,642.56,502.74,40.0,1500.0,583.84,682.85,0.2856,44.87,60.75,8.97,98.72,1.3538,0.1315,4.8332,2.8842,13.0,0.0,0.0,BENIGN_WEB
40.4886,1209.0,233.0,976.0,1448034.28,123428.55,1324605.73,35764.01,29.86,-0.8295,1197.71,300.49,746.98,1500.0,1317.61,1133.6,0.5397,18.85,11.03,3.77,41.48,0.5848,0.1432,3.5961,2.7678,17.0,0.0,0.0,BENIGN_STREAMING
138.3666,1560.0,207.0,1353.0,2126601.77,172216.48,1954385.29,15369.33,11.27,-0.838,1363.21,360.02,823.17,1500.0,1478.87,1297.91,0.4604,22.13,12.11,4.43,48.68,0.5473,0.1683,3.7068,2.4311,10.0,0.0,0.0,BENIGN_STREAMING
46.5949,1848.0,260.0,1588.0,2546321.66,264012.03,2282309.64,54648.06,39.66,-0.7926,1377.88,324.24,891.52,1500.0,1482.32,1252.08,0.1858,13.67,8.41,2.73,30.07,0.6155,0.0664,3.8874,2.7381,19.0,0.0,0.0,BENIGN_STREAMING
26.8688,84.0,31.0,53.0,76111.98,21900.14,54211.84,2832.72,3.13,-0.4245,906.09,392.21,317.78,1500.0,896.68,984.66,0.4529,319.87,322.31,63.97,703.71,1.0076,0.0758,4.8633,2.6269,21.0,0.0,0.0,BENIGN_WEB
20.931,80.0,33.0,47.0,64287.2,9659.07,54628.13,3071.39,3.82,-0.6995,803.59,571.93,40.0,1500.0,853.07,886.81,0.2021,261.64,312.24,52.33,575.6,1.1934,0.0652,5.0617,2.7082,18.0,0.0,0.0,BENIGN_WEB
19.4919,69.0,26.0,43.0,60720.07,5890.18,54829.9,3115.14,3.54,-0.806,880.0,492.83,140.76,1500.0,832.64,789.16,0.2639,282.49,206.13,56.5,621.48,0.7297,0.0761,4.2816,2.4218,8.0,0.0,0.0,BENIGN_WEB
42.5042,1417.0,183.0,1234.0,1774808.8,126617.06,1648191.74,41756.12,33.34,-0.8573,1252.51,276.6,837.62,1500.0,1352.87,1296.67,0.1967,16.27,8.27,3.25,35.8,0.5083,0.1235,3.3662,2.5677,23.0,0.0,0.0,BENIGN_STREAMING
13.6383,53.0,15.0,38.0,34020.16,8320.95,25699.21,2494.46,3.89,-0.5108,641.89,477.28,40.0,1500.0,709.46,573.21,0.3556,257.33,342.11,51.47,566.12,1.3295,0.0821,4.6311,2.3569,21.0,0.0,0.0,BENIGN_WEB
30.2805,50.0,14.0,36.0,37141.45,7920.36,29221.09,1226.58,1.65,-0.5735,742.83,475.17,40.0,1500.0,675.32,698.03,0.602,605.61,1028.32,121.12,1332.34,1.698,0.0462,4.0492,2.3926,9.0,0.0,0.0,BENIGN_WEB
24.2383,71.0,20.0,51.0,48734.55,13699.2,35035.35,2010.64,2.93,-0.4378,686.4,328.54,193.6,1277.77,657.39,619.07,0.446,341.38,513.77,68.28,751.05,1.5049,0.1047,3.9154,2.6201,10.0,0.0,0.0,BENIGN_WEB
7.3184,75.0,24.0,51.0,62923.13,10809.26,52113.87,8597.97,10.25,-0.6564,838.98,483.11,114.3,1500.0,724.35,754.94,0.4102,97.58,99.47,19.52,214.67,1.0194,0.1008,4.172,2.2549,15.0,0.0,0.0,BENIGN_WEB
84.5804,2123.0,295.0,1828.0,2746334.18,126616.18,2619718.0,32470.1,25.1,-0.9078,1293.61,383.13,718.92,1500.0,1486.22,1151.5,0.2648,12.37,5.64,2.47,27.21,0.4563,0.1032,3.3017,2.26,20.0,0.0,0.0,BENIGN_STREAMING
25.3595,66.0,21.0,45.0,63155.13,10232.08,52923.05,2490.39,2.6,-0.676,956.9,511.11,190.22,1500.0,1065.88,815.25,0.3561,384.24,364.41,76.85,845.32,0.9484,0.0301,4.1133,2.6902,18.0,0.0,0.0,BENIGN_WEB
6.5402,76.0,24.0,52.0,66807.93,9604.21,57203.72,10214.93,11.62,-0.7125,879.05,571.68,40.0,1500.0,856.09,777.01,0.2652,86.06,80.86,17.21,189.32,0.9396,0.0774,4.1153,2.5938,10.0,0.0,0.0,BENIGN_WEB
17.6726,49.0,16.0,33.0,38212.31,5512.76,32699.55,2162.23,2.77,-0.7115,779.84,413.75,159.22,1500.0,796.84,820.81,0.6103,360.67,335.01,72.13,793.47,0.9289,0.026,3.8086,2.4166,16.0,0.0,0.0,BENIGN_WEB
38.745,2039.0,444.0,1595.0,2923684.63,149109.87,2774574.77,75459.72,52.63,-0.898,1433.88,313.48,963.66,1500.0,1577.64,1411.39,0.2831,11.65,5.82,2.33,25.64,0.4992,0.1531,3.3859,2.3807,20.0,0.0,0.0,BENIGN_STREAMING
64.1363,757.0,95.0,662.0,944020.29,35231.34,908788.95,14718.98,11.8,-0.9254,1247.05,414.66,625.07,1500.0,1210.97,1157.58,0.2579,26.52,19.82,5.3,58.34,0.7473,0.1556,2.9453,2.9692,19.0,0.0,0.0,BENIGN_STREAMING
18.2878,70.0,25.0,45.0,61861.67,13396.95,48464.72,3382.67,3.83,-0.5669,883.74,421.29,251.81,1500.0,881.85,873.18,0.5927,261.25,377.57,52.25,574.76,1.4452,0.0931,4.8886,2.4712,15.0,0.0,0.0,BENIGN_WEB
12.508,72.0,23.0,49.0,45606.03,7858.96,37747.07,3646.16,5.76,-0.6554,633.42,551.77,40.0,1500.0,701.62,715.69,0.3003,173.72,279.28,34.74,382.19,1.6076,0.0255,4.5192,2.3973,18.0,0.0,0.0,BENIGN_WEB
21.4899,1241.0,187.0,1054.0,1709599.85,137067.53,1572532.32,79553.74,57.75,-0.8396,1377.6,386.91,797.23,1500.0,1477.89,1369.8,0.6019,23.68,10.47,4.74,52.1,0.442,0.1554,3.4835,2.3657,21.0,0.0,0.0,BENIGN_STREAMING
29.7351,79.0,32.0,47.0,65309.07,14478.18,50830.89,2196.36,2.66,-0.5566,826.7,538.51,40.0,1500.0,898.17,910.86,0.3843,376.39,342.77,75.28,828.07,0.9107,0.0186,4.0878,2.5809,20.0,0.0,0.0,BENIGN_WEB
26.1401,39.0,11.0,28.0,29010.55,5741.41,23269.14,1109.81,1.49,-0.6042,743.86,529.14,40.0,1500.0,838.4,690.0,0.2369,670.26,1134.49,134.05,1474.57,1.6926,0.0358,4.786,2.5566,10.0,0.0,0.0,BENIGN_WEB
6.0592,33.0,13.0,20.0,25681.18,4900.36,20780.82,4238.39,5.45,-0.6184,778.22,373.82,217.48,1451.1,867.17,807.95,0.1828,183.61,226.44,36.72,403.95,1.2333,0.072,4.7971,2.8276,18.0,0.0,0.0,BENIGN_WEB
23.8931,21.0,6.0,15.0,17047.82,3452.68,13595.14,713.5,0.88,-0.5949,811.8,414.45,190.13,1500.0,798.6,847.22,0.3854,1137.77,1873.23,227.55,2503.09,1.6464,0.1175,4.3372,3.0626,20.0,0.0,0.0,BENIGN_WEB
27.6119,66.0,25.0,41.0,69790.75,10437.58,59353.17,2527.56,2.39,-0.7009,1057.44,389.97,472.48,1500.0,1012.29,1139.98,0.5031,418.36,576.92,83.67,920.4,1.379,0.1356,5.0569,2.4445,19.0,0.0,0.0,BENIGN_WEB
18.1655,78.0,27.0,51.0,81780.77,21946.42,59834.35,4501.98,4.29,-0.4633,1048.47,394.05,457.39,1500.0,944.37,1093.94,0.3973,232.89,400.08,46.58,512.36,1.7179,0.0846,4.4226,2.2621,20.0,0.0,0.0,BENIGN_WEB
2.9335,75.0,28.0,47.0,79015.44,19708.89,59306.55,26935.97,25.57,-0.5011,1053.54,474.36,342.0,1500.0,982.59,992.65,0.3696,39.11,55.36,7.82,86.05,1.4155,0.0656,4.1524,2.8572,10.0,0.0,0.0,BENIGN_WEB
35.996,1003.0,183.0,820.0,1340543.54,97133.33,1243410.22,37241.47,27.86,-0.8551,1336.53,248.22,964.2,1500.0,1262.94,1336.51,0.2331,18.74,12.4,3.75,41.22,0.6619,0.0985,3.4289,2.5574,15.0,0.0,0.0,BENIGN_STREAMING
138.9283,332.0,40.0,292.0,408780.58,20717.08,388063.51,2942.38,2.39,-0.8986,1231.27,332.64,732.31,1500.0,1210.29,1139.33,0.4007,14.33,9.75,2.87,31.54,0.6799,0.129,3.3931,2.8074,14.0,0.0,0.0,BENIGN_STREAMING
5.8877,64.0,26.0,38.0,66956.7,7201.17,59755.54,11372.39,10.87,-0.7849,1046.2,420.09,416.07,1500.0,1178.2,931.15,0.2645,91.99,145.22,18.4,202.39,1.5785,0.136,5.0564,2.5541,11.0,0.0,0.0,BENIGN_WEB
28.4289,1894.0,299.0,1595.0,2720115.78,162940.83,2557174.95,95681.24,66.62,-0.8802,1436.18,264.53,1039.38,1500.0,1590.57,1527.47,0.4582,15.06,11.65,3.01,33.12,0.774,0.0613,3.7535,2.4056,11.0,0.0,0.0,BENIGN_STREAMING
36.466,1668.0,272.0,1396.0,2046620.66,54550.91,1992069.75,56124.12,45.74,-0.9467,1226.99,284.42,800.36,1500.0,1340.42,1128.64,0.4632,16.28,10.72,3.26,35.83,0.6586,0.1455,3.7862,2.8602,12.0,0.0,0.0,BENIGN_STREAMING
35.8145,1583.0,206.0,1377.0,2005748.02,195049.34,1810698.68,56003.73,44.2,-0.8055,1267.05,415.69,643.51,1500.0,1095.08,1302.65,0.3248,20.22,15.36,4.04,44.48,0.7597,0.1716,3.0706,2.3377,11.0,0.0,0.0,BENIGN_STREAMING
21.4292,52.0,15.0,37.0,46757.15,4870.54,41886.61,2181.94,2.43,-0.7917,899.18,482.06,176.09,1500.0,909.59,769.32,0.5365,412.1,476.09,82.42,906.62,1.1553,0.1254,4.7267,2.9697,17.0,0.0,0.0,BENIGN_WEB
18.4187,19.0,6.0,13.0,19334.55,5434.94,13899.61,1049.72,1.03,-0.4378,1017.61,510.53,251.82,1500.0,1113.56,909.59,0.2759,969.41,1120.53,193.88,2132.69,1.1559,0.0309,3.9542,2.2301,13.0,0.0,0.0,BENIGN_WEB
29.3295,79.0,30.0,49.0,70563.63,16380.15,54183.48,2405.9,2.69,-0.5357,893.21,403.01,288.7,1500.0,786.09,1000.75,0.2264,371.26,293.52,74.25,816.77,0.7906,0.0969,5.0725,2.8104,19.0,0.0,0.0,BENIGN_WEB
26.7718,66.0,24.0,42.0,59622.98,13810.33,45812.65,2227.08,2.47,-0.5367,903.38,506.74,143.27,1500.0,862.14,874.84,0.3605,405.63,631.33,81.13,892.39,1.5564,0.0634,3.8199,2.8976,18.0,0.0,0.0,BENIGN_WEB
30.6064,79.0,24.0,55.0,67392.06,9299.71,58092.35,2201.9,2.58,-0.724,853.06,469.64,148.6,1500.0,846.89,817.47,0.3346,387.42,675.22,77.48,852.33,1.7429,0.1379,4.4538,2.3895,17.0,0.0,0.0,BENIGN_WEB
48.6783,1885.0,348.0,1537.0,2335825.34,95975.23,2239850.11,47984.91,38.72,-0.9178,1239.16,330.46,743.47,1500.0,1239.58,1132.65,0.3363,14.99,8.83,3.0,32.99,0.5888,0.1671,3.213,2.399,13.0,0.0,0.0,BENIGN_STREAMING
15.3675,15.0,5.0,10.0,12365.81,3111.47,9254.34,804.67,0.98,-0.4968,824.39,453.11,144.72,1500.0,755.41,866.11,0.606,1024.5,1602.24,204.9,2253.9,1.5639,0.0802,4.7482,2.2758,15.0,0.0,0.0,BENIGN_WEB
2.2258,81.0,31.0,50.0,71952.23,20829.11,51123.11,32327.01,36.39,-0.421,888.3,567.51,40.0,1500.0,772.04,801.92,0.5087,27.48,28.51,5.5,60.45,1.0376,0.0283,3.6371,2.8322,18.0,0.0,0.0,BENIGN_WEB
41.4993,1923.0,271.0,1652.0,2641348.49,173299.98,2468048.51,63647.99,46.34,-0.8688,1373.56,318.01,896.55,1500.0,1264.57,1383.29,0.309,27.42,17.74,5.48,60.33,0.647,0.144,3.3551,2.5045,19.0,0.0,0.0,BENIGN_STREAMING
88.738,1896.0,326.0,1570.0,2630791.66,229519.65,2401272.01,29646.72,21.37,-0.8255,1387.55,289.72,952.98,1500.0,1388.73,1498.07,0.213,18.66,13.27,3.73,41.05,0.711,0.0594,3.2707,2.7067,16.0,0.0,0.0,BENIGN_STREAMING
31.2495,56.0,16.0,40.0,35300.92,10054.23,25246.7,1129.65,1.79,-0.4304,630.37,436.14,40.0,1415.43,691.27,689.98,0.5021,558.03,584.83,111.61,1227.66,1.048,0.092,4.0899,2.2224,16.0,0.0,0.0,BENIGN_WEB
9.9875,64.0,26.0,38.0,47080.72,7526.63,39554.09,4713.94,6.41,-0.6803,735.64,557.76,40.0,1500.0,644.98,779.29,0.1871,156.06,168.73,31.21,343.32,1.0812,0.0366,4.7605,2.2353,11.0,0.0,0.0,BENIGN_WEB
26.1444,17.0,5.0,12.0,16279.91,4167.22,12112.69,622.69,0.65,-0.4881,957.64,541.03,146.1,1500.0,852.25,923.2,0.5356,1537.9,2246.68,307.58,3383.39,1.4609,0.077,3.7189,2.6516,9.0,0.0,0.0,BENIGN_WEB
28.7581,35.0,10.0,25.0,34184.25,6087.84,28096.41,1188.68,1.22,-0.6438,976.69,348.71,453.62,1500.0,868.87,1005.21,0.5971,821.66,1342.62,164.33,1807.65,1.634,0.0643,3.9529,2.1882,12.0,0.0,0.0,BENIGN_WEB
3.563,74.0,30.0,44.0,74985.04,13938.0,61047.04,21045.59,20.77,-0.6282,1013.31,446.62,343.38,1500.0,1155.6,1054.7,0.323,48.15,43.04,9.63,105.93,0.8939,0.1036,3.8261,2.4296,16.0,0.0,0.0,BENIGN_WEB
28.6398,59.0,23.0,36.0,39231.05,3602.94,35628.11,1369.81,2.06,-0.8163,664.93,448.07,40.0,1471.46,681.16,566.69,0.2205,485.42,371.25,97.08,1067.93,0.7648,0.0502,3.891,2.9337,9.0,0.0,0.0,BENIGN_WEB
7.2815,35.0,13.0,22.0,23526.15,4397.73,19128.42,3230.94,4.81,-0.6261,672.18,470.07,40.0,1500.0,714.96,726.56,0.5089,208.04,145.7,41.61,457.7,0.7003,0.0619,4.6507,2.2075,21.0,0.0,0.0,BENIGN_WEB
13.8613,35.0,12.0,23.0,27903.02,6176.16,21726.85,2013.01,2.53,-0.5573,797.23,438.18,139.96,1500.0,906.98,711.21,0.2066,396.04,351.79,79.21,871.28,0.8883,0.0477,5.0176,2.2559,20.0,0.0,0.0,BENIGN_WEB
25.567,31.0,9.0,22.0,33123.93,9220.56,23903.37,1295.57,1.21,-0.4433,1068.51,525.96,279.57,1500.0,1125.61,984.64,0.3961,824.74,992.47,164.95,1814.43,1.2034,0.1292,4.259,2.3203,11.0,0.0,0.0,BENIGN_WEB
126.0999,1443.0,254.0,1189.0,2077078.72,121251.22,1955827.49,16471.7,11.44,-0.8832,1439.42,271.41,1032.3,1500.0,1311.69,1290.95,0.3339,14.34,5.03,2.87,31.54,0.3505,0.1562,3.2059,2.6735,20.0,0.0,0.0,BENIGN_STREAMING
25.4197,21.0,6.0,15.0,21435.48,5588.94,15846.54,843.26,0.83,-0.4785,1020.74,518.69,242.7,1500.0,987.07,916.56,0.328,1210.46,869.61,242.09,2663.01,0.7184,0.1083,4.1334,2.8472,12.0,0.0,0.0,BENIGN_WEB
6.4535,61.0,23.0,38.0,57751.76,11248.4,46503.36,8948.89,9.45,-0.6105,946.75,525.12,159.07,1500.0,957.52,859.6,0.4941,105.8,122.0,21.16,232.75,1.1532,0.0773,3.723,2.204,21.0,0.0,0.0,BENIGN_WEB
23.4409,47.0,16.0,31.0,45355.34,4455.11,40900.23,1934.88,2.01,-0.8035,965.01,443.4,299.91,1500.0,854.03,848.13,0.5574,498.74,416.6,99.75,1097.23,0.8353,0.0812,3.6053,2.2284,15.0,0.0,0.0,BENIGN_WEB
18.2532,83.0,28.0,55.0,62002.99,12469.47,49533.52,3396.83,4.55,-0.5978,747.02,571.99,40.0,1500.0,700.66,681.03,0.6049,219.92,329.98,43.98,483.82,1.5005,0.0505,3.8676,2.2673,13.0,0.0,0.0,BENIGN_WEB
103.5297,1772.0,367.0,1405.0,2472495.76,199128.12,2273367.63,23882.0,17.12,-0.8389,1395.31,272.65,986.33,1500.0,1187.77,1518.82,0.2957,21.55,15.19,4.31,47.4,0.7047,0.0857,2.9967,2.4764,22.0,0.0,0.0,BENIGN_STREAMING
11.1137,65.0,25.0,40.0,53620.91,12554.72,41066.19,4824.74,5.85,-0.5317,824.94,514.11,53.78,1500.0,734.98,767.0,0.4686,170.98,145.41,34.2,376.16,0.8505,0.0789,5.0386,3.0712,14.0,0.0,0.0,BENIGN_WEB
15.6571,38.0,11.0,27.0,31702.32,4801.89,26900.44,2024.79,2.43,-0.6971,834.27,426.01,195.25,1500.0,931.49,726.58,0.2384,412.03,428.59,82.41,906.47,1.0402,0.0379,4.0482,2.2751,21.0,0.0,0.0,BENIGN_WEB
5.5211,47.0,17.0,30.0,41740.3,4610.47,37129.83,7560.17,8.51,-0.7791,888.09,482.39,164.5,1500.0,1003.23,924.71,0.4639,117.47,150.4,23.49,258.43,1.2803,0.0284,5.0453,2.9438,12.0,0.0,0.0,BENIGN_WEB
19.9344,28.0,10.0,18.0,18441.3,1833.98,16607.32,925.1,1.4,-0.8011,658.62,551.34,40.0,1500.0,613.94,565.77,0.4101,711.94,532.86,142.39,1566.27,0.7485,0.0566,4.808,2.2055,16.0,0.0,0.0,BENIGN_WEB
151.5984,916.0,187.0,729.0,1266561.57,87524.95,1179036.62,8354.71,6.04,-0.8618,1382.71,273.79,972.03,1500.0,1474.03,1560.76,0.2094,21.46,14.51,4.29,47.21,0.6764,0.1533,3.3184,2.9833,10.0,0.0,0.0,BENIGN_STREAMING
122.9081,1198.0,173.0,1025.0,1564277.8,139037.77,1425240.03,12727.21,9.75,-0.8222,1305.74,276.86,890.46,1500.0,1456.66,1160.25,0.5882,18.86,13.36,3.77,41.49,0.7083,0.0759,3.0637,2.2212,17.0,0.0,0.0,BENIGN_STREAMING
3.3034,70.0,26.0,44.0,67649.83,11211.48,56438.36,20478.94,21.19,-0.6685,966.43,366.26,417.04,1500.0,978.71,966.4,0.2754,47.19,40.64,9.44,103.82,0.8611,0.1073,5.0128,3.0587,8.0,0.0,0.0,BENIGN_WEB
23.5998,69.0,20.0,49.0,51241.48,7637.31,43604.17,2171.27,2.92,-0.7019,742.63,523.28,40.0,1500.0,736.25,806.54,0.4612,342.03,445.04,68.41,752.46,1.3012,0.1386,4.6864,2.6349,21.0,0.0,0.0,BENIGN_WEB
13.5421,42.0,16.0,26.0,45307.77,6301.8,39005.96,3345.7,3.1,-0.7218,1078.76,446.64,408.79,1500.0,937.71,970.0,0.461,322.43,548.34,64.49,709.35,1.7006,0.1301,4.6529,2.478,11.0,0.0,0.0,BENIGN_WEB
13.2262,67.0,25.0,42.0,71464.01,18704.41,52759.59,5403.2,5.07,-0.4765,1066.63,523.71,281.06,1500.0,1119.94,1050.13,0.4213,197.41,184.33,39.48,434.29,0.9338,0.1373,4.5994,3.052,16.0,0.0,0.0,BENIGN_WEB
153.9238,818.0,170.0,648.0,996320.26,53544.88,942775.38,6472.81,5.31,-0.8925,1218.0,297.33,772.0,1500.0,1355.08,1177.57,0.2856,9.85,5.98,1.97,21.66,0.6078,0.1737,3.2002,2.267,22.0,0.0,0.0,BENIGN_STREAMING
28.4867,41.0,15.0,26.0,36222.14,8957.86,27264.28,1271.54,1.44,-0.5054,883.47,392.68,294.44,1500.0,835.47,821.23,0.4136,694.8,729.98,138.96,1528.56,1.0506,0.1238,4.0129,2.3866,10.0,0.0,0.0,BENIGN_WEB
10.1817,72.0,26.0,46.0,60656.95,9717.21,50939.73,5957.44,7.07,-0.6796,842.46,339.79,332.77,1454.08,967.78,852.9,0.5986,141.41,213.68,28.28,311.11,1.511,0.1269,4.5548,3.0817,19.0,0.0,0.0,BENIGN_WEB
19.9559,61.0,21.0,40.0,58215.71,10789.46,47426.25,2917.22,3.06,-0.6293,954.36,516.03,180.31,1500.0,1055.81,952.82,0.5567,327.15,364.51,65.43,719.72,1.1142,0.1117,4.5649,2.6321,20.0,0.0,0.0,BENIGN_WEB
22.4485,16.0,5.0,11.0,13740.18,2994.64,10745.55,612.07,0.71,-0.5641,858.76,329.25,364.88,1451.41,730.15,972.06,0.4585,1403.03,1557.96,280.61,3086.67,1.1104,0.1123,4.4109,2.9281,9.0,0.0,0.0,BENIGN_WEB
21.8073,36.0,11.0,25.0,31050.23,2830.16,28220.07,1423.85,1.65,-0.8177,862.51,488.32,130.03,1500.0,830.23,806.21,0.5464,605.76,431.97,121.15,1332.67,0.7131,0.0402,3.6658,2.1016,8.0,0.0,0.0,BENIGN_WEB
4.4701,54.0,19.0,35.0,36403.84,8576.93,27826.91,8143.89,12.08,-0.5288,674.15,334.15,172.91,1275.62,704.79,720.56,0.4891,82.78,136.68,16.56,182.11,1.6511,0.1314,3.7162,2.7895,9.0,0.0,0.0,BENIGN_WEB
8.9629,63.0,23.0,40.0,41476.44,11186.16,30290.28,4627.58,7.03,-0.4606,658.36,517.57,40.0,1500.0,676.27,683.04,0.2862,142.27,171.66,28.45,312.99,1.2066,0.016,4.497,2.6469,20.0,0.0,0.0,BENIGN_WEB
147.4182,1951.0,277.0,1674.0,2720141.72,87083.95,2633057.78,18451.87,13.23,-0.936,1394.23,308.61,931.31,1500.0,1434.15,1265.26,0.3096,18.1,11.03,3.62,39.81,0.6097,0.1396,3.6284,2.4226,12.0,0.0,0.0,BENIGN_STREAMING
28.0022,38.0,15.0,23.0,25390.21,2699.0,22691.21,906.72,1.36,-0.7874,668.16,498.67,40.0,1500.0,644.52,596.81,0.4307,736.9,857.6,147.38,1621.18,1.1638,0.0727,4.627,2.535,21.0,0.0,0.0,BENIGN_WEB
12.257,52.0,18.0,34.0,43856.01,6094.02,37761.99,3578.04,4.24,-0.7221,843.38,346.48,323.66,1467.06,718.61,730.71,0.4492,235.71,317.38,47.14,518.57,1.3465,0.0202,3.7939,2.7142,21.0,0.0,0.0,BENIGN_WEB
101.0956,296.0,40.0,256.0,385658.76,39289.2,346369.56,3814.79,2.93,-0.7962,1302.9,352.09,774.77,1500.0,1124.53,1214.05,0.56,11.9,5.61,2.38,26.18,0.4711,0.0605,3.0966,2.9405,12.0,0.0,0.0,BENIGN_STREAMING
9.9174,68.0,25.0,43.0,69753.58,19757.98,49995.61,7033.45,6.86,-0.4335,1025.79,433.75,375.16,1500.0,1107.62,1090.99,0.2162,145.84,171.4,29.17,320.86,1.1752,0.0183,5.0755,2.5723,21.0,0.0,0.0,BENIGN_WEB
18.4399,46.0,13.0,33.0,28553.11,5178.82,23374.29,1548.44,2.49,-0.6373,620.72,329.3,126.77,1213.46,581.93,681.98,0.3472,400.87,371.13,80.17,881.91,0.9258,0.1389,4.2085,2.9117,13.0,0.0,0.0,BENIGN_WEB
127.0431,1911.0,414.0,1497.0,2402224.15,70920.51,2331303.64,18908.73,15.04,-0.941,1257.05,417.21,631.24,1500.0,1224.16,1378.94,0.331,14.19,10.84,2.84,31.22,0.7637,0.1681,3.3075,2.7853,23.0,0.0,0.0,BENIGN_STREAMING
3.065,73.0,25.0,48.0,49438.53,10550.43,38888.09,16129.84,23.82,-0.5732,677.24,424.34,40.74,1441.04,604.22,649.16,0.3708,41.99,48.01,8.4,92.37,1.1434,0.0768,3.7516,2.3624,8.0,0.0,0.0,BENIGN_WEB
106.2775,891.0,145.0,746.0,1250473.38,68394.4,1182078.98,11766.11,8.38,-0.8906,1403.45,306.24,944.09,1500.0,1483.79,1422.64,0.2859,12.27,4.64,2.45,26.98,0.3784,0.0561,3.7259,2.4967,23.0,0.0,0.0,BENIGN_STREAMING
31.8618,41.0,16.0,25.0,32632.02,3823.16,28808.86,1024.17,1.29,-0.7657,795.9,512.81,40.0,1500.0,808.7,794.75,0.4748,777.12,997.8,155.42,1709.66,1.284,0.0711,3.6912,3.0343,12.0,0.0,0.0,BENIGN_WEB
65.328,504.0,99.0,405.0,628135.47,37060.63,591074.84,9615.1,7.71,-0.882,1246.3,295.81,802.59,1500.0,1165.31,1172.97,0.5423,18.44,12.09,3.69,40.56,0.6558,0.1231,3.6267,2.8637,21.0,0.0,0.0,BENIGN_STREAMING
19.491,32.0,10.0,22.0,27611.45,4949.04,22662.4,1416.63,1.64,-0.6415,862.86,405.46,254.67,1500.0,743.19,925.25,0.4038,609.09,757.7,121.82,1340.01,1.244,0.0324,4.095,2.3801,11.0,0.0,0.0,BENIGN_WEB
13.8742,25.0,9.0,16.0,18398.88,5301.25,13097.63,1326.12,1.8,-0.4237,735.96,568.8,40.0,1500.0,833.58,739.85,0.3718,554.97,618.87,110.99,1220.93,1.1151,0.0619,3.9613,2.91,15.0,0.0,0.0,BENIGN_WEB
2.1539,24.0,7.0,17.0,20049.92,2544.4,17505.53,9308.5,11.14,-0.7462,835.41,572.22,40.0,1500.0,904.71,947.01,0.2968,89.75,106.39,17.95,197.44,1.1855,0.0851,4.6706,2.7527,21.0,0.0,0.0,BENIGN_WEB
31.5111,72.0,21.0,51.0,70803.22,6585.38,64217.83,2246.93,2.28,-0.814,983.38,347.52,462.1,1500.0,1043.97,836.89,0.3265,437.65,734.94,87.53,962.84,1.6793,0.0403,5.0592,2.8276,12.0,0.0,0.0,BENIGN_WEB
2.8254,20.0,7.0,13.0,15749.06,2925.43,12823.63,5574.07,7.08,-0.6285,787.45,414.01,166.44,1500.0,758.58,823.89,0.5712,141.27,129.31,28.25,310.8,0.9153,0.1219,4.2527,2.1275,11.0,0.0,0.0,BENIGN_WEB
23.8499,67.0,27.0,40.0,51297.4,8040.73,43256.67,2150.84,2.81,-0.6865,765.63,502.01,40.0,1500.0,839.57,729.55,0.333,355.97,436.87,71.19,783.13,1.2273,0.0394,4.6788,2.4447,19.0,0.0,0.0,BENIGN_WEB
149.3461,607.0,80.0,527.0,804293.49,44292.81,760000.68,5385.43,4.06,-0.8899,1325.03,343.68,809.51,1500.0,1477.31,1198.31,0.6126,18.18,6.63,3.64,40.01,0.3647,0.0931,3.51,2.809,13.0,0.0,0.0,BENIGN_STREAMING
131.3443,1566.0,201.0,1365.0,2206172.0,112540.43,2093631.58,16796.86,11.92,-0.898,1408.79,414.6,786.89,1500.0,1200.88,1215.22,0.6143,7.3,3.8,1.46,16.06,0.5206,0.1735,3.6549,2.4949,16.0,0.0,0.0,BENIGN_STREAMING
31.9774,84.0,25.0,59.0,55220.13,13537.34,41682.79,1726.85,2.63,-0.5097,657.38,454.76,40.0,1475.96,657.02,669.43,0.4327,380.68,306.69,76.14,837.5,0.8056,0.0971,4.1401,2.7401,16.0,0.0,0.0,BENIGN_WEB
7.7046,51.0,21.0,30.0,36464.46,4101.78,32362.68,4732.81,6.62,-0.775,714.99,398.84,116.72,1432.91,659.95,631.44,0.3503,151.07,235.5,30.21,332.36,1.5588,0.1316,4.7067,2.8193,19.0,0.0,0.0,BENIGN_WEB
19.1536,53.0,17.0,36.0,34412.77,6046.02,28366.75,1796.67,2.77,-0.6486,649.3,324.39,162.71,1233.2,570.5,719.57,0.6165,361.39,295.54,72.28,795.06,0.8178,0.0808,4.3146,2.831,19.0,0.0,0.0,BENIGN_WEB
29.36,1749.0,323.0,1426.0,2429659.36,215210.71,2214448.65,82754.13,59.57,-0.8228,1389.17,242.82,1024.94,1500.0,1313.16,1274.57,0.2136,14.13,7.2,2.83,31.08,0.51,0.0634,3.0104,2.5669,23.0,0.0,0.0,BENIGN_STREAMING
4.4908,38.0,10.0,28.0,37384.7,5903.67,31481.03,8324.82,8.46,-0.6842,983.81,538.32,176.33,1500.0,1062.99,1048.37,0.2494,118.18,156.18,23.64,259.99,1.3216,0.0285,4.6355,2.4157,10.0,0.0,0.0,BENIGN_WEB
7.3979,81.0,33.0,48.0,83106.36,12934.84,70171.52,11233.73,10.95,-0.6887,1026.0,416.11,401.83,1500.0,1051.24,985.45,0.1897,91.33,113.45,18.27,200.93,1.2422,0.1031,4.3324,2.7274,15.0,0.0,0.0,BENIGN_WEB
92.8437,617.0,113.0,504.0,732418.06,18614.89,713803.17,7888.72,6.65,-0.9492,1187.06,348.4,664.47,1500.0,1284.03,1352.65,0.295,14.97,10.44,2.99,32.94,0.6975,0.1384,3.2392,2.7938,19.0,0.0,0.0,BENIGN_STREAMING
4.0597,42.0,16.0,26.0,44064.85,12508.07,31556.78,10854.23,10.35,-0.4323,1049.16,415.85,425.39,1500.0,1036.03,1141.05,0.5157,96.66,110.35,19.33,212.65,1.1416,0.0508,3.9317,2.6749,19.0,0.0,0.0,BENIGN_WEB
20.7141,1360.0,186.0,1174.0,1795714.3,121669.65,1674044.65,86690.3,65.66,-0.8645,1320.38,304.32,863.9,1500.0,1396.03,1229.54,0.5507,18.99,7.95,3.8,41.77,0.4189,0.1194,3.8963,2.8241,12.0,0.0,0.0,BENIGN_STREAMING
80.2186,650.0,80.0,570.0,893650.66,63306.89,830343.78,11140.19,8.1,-0.8583,1374.85,377.28,808.93,1500.0,1199.24,1176.98,0.1924,18.55,7.17,3.71,40.8,0.3866,0.1449,3.7803,2.9328,11.0,0.0,0.0,BENIGN_STREAMING
35.0814,847.0,117.0,730.0,1096490.85,66262.99,1030227.85,31255.63,24.14,-0.8791,1294.56,332.53,795.76,1500.0,1181.99,1298.6,0.2522,17.39,7.42,3.48,38.25,0.4265,0.1725,3.4934,2.594,13.0,0.0,0.0,BENIGN_STREAMING
9.2306,82.0,33.0,49.0,66882.96,13390.92,53492.04,7245.75,8.88,-0.5996,815.65,527.14,40.0,1500.0,753.92,916.18,0.5771,112.57,104.36,22.51,247.65,0.9271,0.1029,4.4322,2.5282,20.0,0.0,0.0,BENIGN_WEB
11.0185,35.0,14.0,21.0,33441.74,9029.08,24412.66,3035.05,3.18,-0.46,955.48,333.4,455.38,1500.0,926.87,951.89,0.2009,314.81,377.86,62.96,692.59,1.2003,0.0913,3.7227,2.525,12.0,0.0,0.0,BENIGN_WEB
126.5076,605.0,125.0,480.0,744413.93,69960.87,674453.06,5884.34,4.78,-0.812,1230.44,382.64,656.48,1500.0,1156.76,1164.07,0.4166,9.38,5.78,1.88,20.63,0.6166,0.0768,3.2553,2.502,12.0,0.0,0.0,BENIGN_STREAMING
19.6112,25.0,7.0,18.0,16705.3,2442.04,14263.25,851.83,1.27,-0.7076,668.21,455.68,40.0,1488.44,723.5,604.1,0.5853,784.45,1303.44,156.89,1725.78,1.6616,0.0252,4.7056,2.4099,15.0,0.0,0.0,BENIGN_WEB
29.5466,84.0,31.0,53.0,76093.89,14049.35,62044.54,2575.39,2.84,-0.6307,905.88,488.74,172.76,1500.0,966.69,859.4,0.5164,351.75,520.73,70.35,773.84,1.4804,0.0595,4.0047,2.2559,20.0,0.0,0.0,BENIGN_WEB
3.3338,51.0,20.0,31.0,35481.88,6735.64,28746.24,10643.11,15.3,-0.6203,695.72,346.99,175.24,1320.31,659.19,728.08,0.5708,65.37,86.28,13.07,143.81,1.3198,0.0334,4.2142,2.5366,21.0,0.0,0.0,BENIGN_WEB
101.0474,1970.0,258.0,1712.0,2508364.26,151430.71,2356933.55,24823.63,19.5,-0.8793,1273.28,366.91,722.92,1500.0,1258.78,1435.98,0.2441,8.71,3.56,1.74,19.16,0.4082,0.1399,3.7566,2.8927,18.0,0.0,0.0,BENIGN_STREAMING
61.2726,480.0,76.0,404.0,609112.09,51123.07,557989.02,9941.02,7.83,-0.8321,1268.98,300.11,818.82,1500.0,1399.96,1454.01,0.1993,26.68,9.34,5.34,58.69,0.3501,0.0883,3.4348,2.8149,13.0,0.0,0.0,BENIGN_STREAMING
26.4697,52.0,21.0,31.0,33961.33,4774.63,29186.7,1283.02,1.96,-0.7188,653.1,409.75,40.0,1390.65,681.65,648.21,0.3156,509.03,596.11,101.81,1119.87,1.1711,0.0188,4.477,2.8064,16.0,0.0,0.0,BENIGN_WEB
22.2049,47.0,14.0,33.0,37658.98,8167.91,29491.06,1695.97,2.12,-0.5662,801.25,322.92,316.87,1382.52,892.89,817.32,0.5876,472.44,347.81,94.49,1039.38,0.7362,0.0478,4.1125,2.7883,16.0,0.0,0.0,BENIGN_WEB
29.5859,45.0,13.0,32.0,28391.73,5489.59,22902.14,959.64,1.52,-0.6133,630.93,575.49,40.0,1500.0,619.94,628.2,0.6077,657.47,516.98,131.49,1446.42,0.7863,0.0893,4.385,2.5539,19.0,0.0,0.0,BENIGN_WEB
18.1096,26.0,10.0,16.0,21977.1,4159.91,17817.19,1213.56,1.44,-0.6214,845.27,573.51,40.0,1500.0,861.58,918.55,0.3183,696.52,1094.88,139.3,1532.35,1.5719,0.1251,4.9118,2.9212,8.0,0.0,0.0,BENIGN_WEB
106.2857,1989.0,432.0,1557.0,2419734.14,242775.15,2176958.99,22766.31,18.71,-0.7993,1216.56,338.5,708.81,1500.0,1349.68,1176.6,0.473,26.86,11.0,5.37,59.09,0.4097,0.1525,3.8094,2.7867,19.0,0.0,0.0,BENIGN_STREAMING
11.8151,70.0,23.0,47.0,45245.93,9133.53,36112.4,3829.5,5.92,-0.5963,646.37,461.46,40.0,1477.0,557.24,684.4,0.3165,168.79,173.3,33.76,371.33,1.0267,0.0932,5.0195,2.6366,11.0,0.0,0.0,BENIGN_WEB
6.7591,24.0,7.0,17.0,23580.31,6122.34,17457.98,3488.65,3.55,-0.4807,982.51,429.47,338.3,1500.0,1024.0,886.22,0.5445,281.63,338.38,56.33,619.59,1.2015,0.0635,4.2414,2.3403,12.0,0.0,0.0,BENIGN_WEB
102.3513,2080.0,348.0,1732.0,2644276.38,81655.91,2562620.48,25835.29,20.32,-0.9382,1271.29,419.57,641.93,1500.0,1222.03,1368.03,0.3201,27.36,15.81,5.47,60.18,0.5778,0.1286,3.0116,2.8422,16.0,0.0,0.0,BENIGN_STREAMING
29.0778,48.0,14.0,34.0,40957.88,10334.77,30623.11,1408.56,1.65,-0.4953,853.29,485.81,124.58,1500.0,883.4,755.1,0.2121,605.79,995.02,121.16,1332.73,1.6425,0.0546,4.6887,2.3836,19.0,0.0,0.0,BENIGN_WEB
30.7265,73.0,26.0,47.0,71313.95,18515.2,52798.75,2320.93,2.38,-0.4807,976.9,323.97,490.94,1500.0,1056.93,1040.65,0.5703,420.91,297.09,84.18,926.0,0.7058,0.0433,4.8918,2.1092,19.0,0.0,0.0,BENIGN_WEB
26.0102,73.0,25.0,48.0,77443.98,7022.03,70421.95,2977.45,2.81,-0.8187,1060.88,509.6,296.48,1500.0,1094.56,927.3,0.358,356.3,420.28,71.26,783.87,1.1796,0.0824,4.9697,2.1833,20.0,0.0,0.0,BENIGN_WEB
14.3911,46.0,16.0,30.0,46966.98,6755.38,40211.6,3263.62,3.2,-0.7123,1021.02,421.37,388.97,1500.0,1124.84,1008.26,0.4766,312.85,541.27,62.57,688.27,1.7301,0.0254,4.9914,2.7679,21.0,0.0,0.0,BENIGN_WEB
147.8039,763.0,163.0,600.0,915700.7,29375.33,886325.36,6195.38,5.16,-0.9358,1200.13,283.64,774.68,1500.0,1093.48,1036.18,0.4667,9.81,3.44,1.96,21.59,0.3509,0.0672,3.5689,2.5899,14.0,0.0,0.0,BENIGN_STREAMING
4.5873,23.0,7.0,16.0,16990.91,1968.89,15022.02,3703.88,5.01,-0.7682,738.74,373.74,178.12,1411.47,805.82,741.46,0.2413,199.45,193.51,39.89,438.79,0.9702,0.1282,4.6515,2.5966,11.0,0.0,0.0,BENIGN_WEB
19.3362,80.0,31.0,49.0,62517.0,11566.17,50950.83,3233.15,4.14,-0.63,781.46,352.64,252.51,1416.21,692.56,705.96,0.2083,241.7,243.37,48.34,531.75,1.0069,0.1345,4.2464,2.3278,19.0,0.0,0.0,BENIGN_WEB
6.9366,19.0,5.0,14.0,17939.25,3695.69,14243.56,2586.17,2.74,-0.588,944.17,473.23,234.33,1500.0,977.94,888.1,0.5632,365.08,510.91,73.02,803.19,1.3994,0.0528,5.0875,2.2738,15.0,0.0,0.0,BENIGN_WEB
19.5948,43.0,12.0,31.0,28475.71,2979.7,25496.01,1453.23,2.19,-0.7907,662.23,578.78,40.0,1500.0,708.02,660.32,0.2072,455.69,663.55,91.14,1002.52,1.4561,0.0455,3.8946,2.3595,11.0,0.0,0.0,BENIGN_WEB
71.1296,613.0,128.0,485.0,829274.83,85927.66,743347.17,11658.65,8.62,-0.7928,1352.81,410.02,737.79,1500.0,1426.85,1434.73,0.5324,24.8,10.89,4.96,54.56,0.4393,0.0618,3.4428,2.7042,16.0,0.0,0.0,BENIGN_STREAMING
3.8333,53.0,20.0,33.0,42541.29,7859.89,34681.4,11097.9,13.83,-0.6305,802.67,358.49,264.93,1447.95,753.48,866.47,0.3639,72.33,112.67,14.47,159.12,1.5578,0.0439,4.3218,2.2797,11.0,0.0,0.0,BENIGN_WEB
29.0178,1067.0,194.0,873.0,1344142.94,102791.23,1241351.71,46321.3,36.77,-0.8471,1259.74,290.14,824.52,1500.0,1165.52,1429.25,0.2486,13.53,5.2,2.71,29.76,0.3841,0.1554,2.9291,2.8108,18.0,0.0,0.0,BENIGN_STREAMING
21.3298,46.0,15.0,31.0,42501.25,6818.31,35682.94,1992.57,2.16,-0.6791,923.94,323.63,438.5,1500.0,872.16,930.35,0.3479,463.69,653.28,92.74,1020.12,1.4089,0.1005,4.9034,2.5773,19.0,0.0,0.0,BENIGN_WEB
12.9095,48.0,14.0,34.0,33424.06,6994.91,26429.15,2589.1,3.72,-0.5814,696.33,347.75,174.71,1322.28,796.34,795.23,0.5582,268.95,379.53,53.79,591.69,1.4112,0.1023,3.9248,2.2941,16.0,0.0,0.0,BENIGN_WEB
28.869,1981.0,258.0,1723.0,2571937.13,99490.9,2472446.23,89089.85,68.62,-0.9226,1298.3,288.95,864.88,1500.0,1300.71,1465.43,0.5996,17.94,12.6,3.59,39.47,0.7022,0.0663,3.8989,2.4224,16.0,0.0,0.0,BENIGN_STREAMING
4.4439,40.0,12.0,28.0,28975.96,7941.88,21034.09,6520.4,9.0,-0.4518,724.4,445.76,55.76,1500.0,642.7,624.12,0.5693,111.1,108.12,22.22,244.41,0.9732,0.0987,3.7475,3.082,8.0,0.0,0.0,BENIGN_WEB
6.8535,65.0,22.0,43.0,41826.42,6020.06,35806.36,6102.95,9.48,-0.7121,643.48,455.0,40.0,1462.48,556.43,628.74,0.3896,105.44,116.02,21.09,231.96,1.1004,0.0603,4.314,2.8026,12.0,0.0,0.0,BENIGN_WEB
12.4259,65.0,19.0,46.0,46806.73,6854.85,39951.88,3766.88,5.23,-0.7071,720.1,325.36,232.07,1305.75,729.53,770.8,0.4828,191.17,211.83,38.23,420.57,1.1081,0.1024,4.8299,2.4923,15.0,0.0,0.0,BENIGN_WEB
16.2823,16.0,6.0,10.0,11178.29,3160.59,8017.7,686.53,0.98,-0.4345,698.64,336.19,194.37,1303.78,681.5,636.94,0.2365,1017.64,1022.47,203.53,2238.82,1.0047,0.131,3.8039,2.6351,8.0,0.0,0.0,BENIGN_WEB
20.2681,38.0,14.0,24.0,30080.78,4200.13,25880.65,1484.14,1.87,-0.7207,791.6,434.9,139.24,1500.0,858.52,750.68,0.5035,533.37,567.99,106.67,1173.42,1.0649,0.1176,3.6781,3.0694,14.0,0.0,0.0,BENIGN_WEB
22.0844,16.0,5.0,11.0,12223.26,2706.5,9516.76,553.48,0.72,-0.5572,763.95,354.71,231.89,1402.43,855.36,748.42,0.5651,1380.28,1178.28,276.06,3036.61,0.8537,0.1384,3.8498,2.9775,21.0,0.0,0.0,BENIGN_WEB
60.808,961.0,175.0,786.0,1357130.88,86760.92,1270369.96,22318.29,15.8,-0.8721,1412.21,292.23,973.86,1500.0,1280.42,1449.78,0.288,12.76,4.92,2.55,28.07,0.3859,0.1066,3.6043,2.895,18.0,0.0,0.0,BENIGN_STREAMING
5.7457,21.0,8.0,13.0,20117.42,1814.18,18303.24,3501.28,3.65,-0.8196,957.97,436.01,303.96,1500.0,1053.02,871.41,0.2994,273.61,351.61,54.72,601.93,1.2851,0.0112,4.6034,2.9305,19.0,0.0,0.0,BENIGN_WEB
146.5965,1228.0,174.0,1054.0,1686456.62,80316.48,1606140.14,11504.07,8.38,-0.9048,1373.34,389.38,789.26,1500.0,1353.99,1239.53,0.5053,26.78,15.6,5.36,58.91,0.5825,0.1151,3.4987,2.6276,12.0,0.0,0.0,BENIGN_STREAMING
97.9727,1485.0,199.0,1286.0,1970569.3,214354.17,1756215.14,20113.46,15.16,-0.7824,1326.98,411.32,710.01,1500.0,1156.24,1221.59,0.5677,14.33,10.39,2.87,31.52,0.7251,0.1407,3.5753,2.6723,15.0,0.0,0.0,BENIGN_STREAMING
21.0858,53.0,14.0,39.0,39122.48,8900.66,30221.82,1855.39,2.51,-0.545,738.16,361.0,196.66,1387.96,833.64,729.5,0.222,397.85,484.96,79.57,875.26,1.219,0.0725,4.6422,2.7119,14.0,0.0,0.0,BENIGN_WEB
15.3584,72.0,28.0,44.0,69041.23,16872.14,52169.09,4495.34,4.69,-0.5112,958.91,391.36,371.87,1500.0,927.91,1038.73,0.5673,213.31,372.55,42.66,469.28,1.7465,0.1369,3.6734,2.9271,12.0,0.0,0.0,BENIGN_WEB
21.1593,78.0,32.0,46.0,51483.15,11481.56,40001.58,2433.13,3.69,-0.554,660.04,335.48,156.82,1263.91,565.38,614.98,0.2711,271.27,432.13,54.25,596.8,1.593,0.1313,3.9683,2.8302,20.0,0.0,0.0,BENIGN_WEB
18.8521,21.0,7.0,14.0,21388.48,2514.72,18873.76,1134.54,1.11,-0.7649,1018.5,445.94,349.59,1500.0,934.86,955.91,0.2314,897.72,668.1,179.54,1974.98,0.7442,0.095,4.2778,2.443,14.0,0.0,0.0,BENIGN_WEB
6.6105,28.0,11.0,17.0,24057.07,5672.39,18384.68,3639.24,4.24,-0.5284,859.18,403.56,253.85,1500.0,840.25,814.62,0.2656,236.09,363.76,47.22,519.39,1.5408,0.1269,4.0822,2.3516,15.0,0.0,0.0,BENIGN_WEB
157.6425,866.0,143.0,723.0,1218504.68,80514.4,1137990.28,7729.55,5.49,-0.8678,1407.05,403.68,801.52,1500.0,1542.31,1456.87,0.5403,11.35,7.33,2.27,24.97,0.6462,0.0609,3.2522,2.5499,21.0,0.0,0.0,BENIGN_STREAMING
28.5428,28.0,9.0,19.0,27000.75,3854.45,23146.3,945.97,0.98,-0.7145,964.31,578.13,97.11,1500.0,1094.94,944.96,0.4875,1019.39,1054.72,203.88,2242.65,1.0347,0.047,4.8391,2.9899,18.0,0.0,0.0,BENIGN_WEB
28.3729,66.0,26.0,40.0,53935.35,9560.63,44374.72,1900.95,2.33,-0.6455,817.2,522.91,40.0,1500.0,805.6,757.86,0.3425,429.89,746.64,85.98,945.76,1.7368,0.1326,4.3369,3.0763,11.0,0.0,0.0,BENIGN_WEB
17.6123,23.0,8.0,15.0,21964.57,2156.83,19807.74,1247.12,1.31,-0.8036,954.98,347.96,433.05,1500.0,938.97,946.86,0.2734,765.75,1103.4,153.15,1684.65,1.4409,0.0823,4.5166,3.0708,21.0,0.0,0.0,BENIGN_WEB
21.2744,42.0,13.0,29.0,39681.58,7153.99,32527.6,1865.23,1.97,-0.6394,944.8,559.47,105.59,1500.0,848.21,1040.18,0.3384,506.53,836.01,101.31,1114.37,1.6505,0.0754,4.1291,2.5906,17.0,0.0,0.0,BENIGN_WEB
29.3142,35.0,10.0,25.0,24965.84,6084.27,18881.57,851.66,1.19,-0.5126,713.31,404.05,107.24,1440.6,639.54,765.03,0.3766,837.55,888.24,167.51,1842.61,1.0605,0.0351,4.0705,2.7786,16.0,0.0,0.0,BENIGN_WEB
11.3203,84.0,31.0,53.0,85086.72,13815.44,71271.29,7516.29,7.42,-0.6753,1012.94,449.05,339.36,1500.0,1121.71,1078.79,0.3883,134.77,127.81,26.95,296.48,0.9484,0.014,4.8286,2.6805,10.0,0.0,0.0,BENIGN_WEB
22.3041,32.0,10.0,22.0,19856.27,2707.92,17148.35,890.25,1.43,-0.7272,620.51,576.15,40.0,1500.0,615.49,603.06,0.2158,697.0,662.45,139.4,1533.41,0.9504,0.1218,4.0148,2.5283,13.0,0.0,0.0,BENIGN_WEB
139.8744,464.0,98.0,366.0,655308.46,31834.55,623473.91,4684.98,3.32,-0.9028,1412.3,318.46,934.61,1500.0,1359.54,1508.61,0.5844,15.62,7.11,3.12,34.36,0.4555,0.1409,3.8659,2.3042,12.0,0.0,0.0,BENIGN_STREAMING
27.2023,62.0,23.0,39.0,49837.25,11098.35,38738.9,1832.1,2.28,-0.5546,803.83,491.98,65.86,1500.0,908.41,799.37,0.5053,438.75,646.43,87.75,965.24,1.4734,0.0247,5.0408,2.2141,19.0,0.0,0.0,BENIGN_WEB
84.4925,1197.0,235.0,962.0,1468051.06,127858.83,1340192.24,17374.93,14.17,-0.8258,1226.44,378.94,658.04,1500.0,1115.62,1203.09,0.2338,9.1,5.26,1.82,20.03,0.5778,0.1523,3.2369,2.6355,11.0,0.0,0.0,BENIGN_STREAMING
7.8896,48.0,15.0,33.0,29893.13,7332.16,22560.97,3788.95,6.08,-0.5094,622.77,367.55,71.45,1284.36,616.82,672.8,0.181,164.37,276.71,32.87,361.6,1.6835,0.1329,3.7037,2.6851,8.0,0.0,0.0,BENIGN_WEB
27.1897,34.0,12.0,22.0,34501.74,8511.63,25990.11,1268.93,1.25,-0.5066,1014.76,385.21,436.94,1500.0,1107.62,1157.21,0.2534,799.7,609.81,159.94,1759.33,0.7626,0.0992,5.0575,2.4168,15.0,0.0,0.0,BENIGN_WEB
61.4765,2153.0,277.0,1876.0,3053281.24,263024.87,2790256.37,49665.8,35.02,-0.8277,1418.15,401.09,816.51,1500.0,1469.63,1256.27,0.2992,14.85,11.58,2.97,32.68,0.7793,0.1465,3.5416,2.5294,14.0,0.0,0.0,BENIGN_STREAMING
30.8413,41.0,14.0,27.0,32783.25,5263.33,27519.92,1062.97,1.33,-0.6789,799.59,522.22,40.0,1500.0,685.58,867.91,0.3851,752.23,828.81,150.45,1654.9,1.1018,0.0437,4.1504,2.5355,9.0,0.0,0.0,BENIGN_WEB
27.3955,67.0,20.0,47.0,53549.69,9646.75,43902.94,1954.69,2.45,-0.6397,799.25,323.72,313.67,1381.94,745.0,721.78,0.5855,408.89,611.16,81.78,899.55,1.4947,0.0109,4.7881,2.6112,8.0,0.0,0.0,BENIGN_WEB
92.5413,692.0,136.0,556.0,846665.34,35316.12,811349.21,9149.05,7.48,-0.9166,1223.5,302.68,769.48,1500.0,1223.21,1277.8,0.3269,19.23,13.71,3.85,42.3,0.7133,0.0645,3.5675,2.7739,12.0,0.0,0.0,BENIGN_STREAMING
23.5267,75.0,27.0,48.0,67587.69,17324.38,50263.31,2872.81,3.19,-0.4874,901.17,431.56,253.83,1500.0,878.58,796.08,0.5464,313.69,336.87,62.74,690.12,1.0739,0.1244,3.6459,2.2254,10.0,0.0,0.0,BENIGN_WEB
49.5329,2006.0,247.0,1759.0,2752413.59,120033.25,2632380.34,55567.4,40.5,-0.9128,1372.09,398.7,774.04,1500.0,1238.98,1562.26,0.4133,21.64,14.88,4.33,47.62,0.6873,0.12,2.9555,2.7411,21.0,0.0,0.0,BENIGN_STREAMING
23.2853,68.0,22.0,46.0,45041.51,8419.24,36622.27,1934.33,2.92,-0.6262,662.38,348.86,139.09,1290.32,615.57,593.76,0.2603,342.43,528.46,68.49,753.35,1.5433,0.0436,4.7618,3.0946,11.0,0.0,0.0,BENIGN_WEB
16.6561,18.0,5.0,13.0,14870.33,1568.54,13301.79,892.79,1.08,-0.789,826.13,478.45,108.45,1500.0,899.99,816.62,0.4669,925.34,1016.83,185.07,2035.74,1.0989,0.0945,4.9165,2.1129,10.0,0.0,0.0,BENIGN_WEB
61.9824,1648.0,274.0,1374.0,2098027.83,140096.34,1957931.49,33848.76,26.59,-0.8664,1273.08,407.51,661.82,1500.0,1201.8,1394.16,0.423,15.91,7.16,3.18,35.0,0.4502,0.1414,3.1741,2.5457,14.0,0.0,0.0,BENIGN_STREAMING
102.3497,807.0,149.0,658.0,1125480.87,65642.72,1059838.15,10996.43,7.88,-0.8834,1394.65,410.04,779.59,1500.0,1326.25,1558.9,0.2066,26.59,11.62,5.32,58.49,0.437,0.1286,3.7379,2.4448,17.0,0.0,0.0,BENIGN_STREAMING
30.1661,30.0,12.0,18.0,26941.91,4477.7,22464.21,893.12,0.99,-0.6676,898.06,399.86,298.27,1500.0,795.81,904.59,0.5116,1005.54,901.47,201.11,2212.18,0.8965,0.0248,4.5893,3.0221,16.0,0.0,0.0,BENIGN_WEB
23.6344,27.0,8.0,19.0,24257.44,5951.04,18306.4,1026.36,1.14,-0.5093,898.42,334.16,397.19,1499.91,796.7,932.13,0.2743,875.35,814.15,175.07,1925.76,0.9301,0.0989,3.8803,2.7735,20.0,0.0,0.0,BENIGN_WEB
39.6465,850.0,121.0,729.0,1076185.67,57903.43,1018282.24,27144.53,21.44,-0.8924,1266.1,286.2,836.8,1500.0,1320.7,1363.64,0.2526,11.13,4.32,2.23,24.5,0.3884,0.0698,3.0645,2.378,22.0,0.0,0.0,BENIGN_STREAMING
89.5509,415.0,55.0,360.0,582529.76,43341.7,539188.06,6505.01,4.63,-0.8512,1403.69,310.11,938.52,1500.0,1517.01,1378.93,0.3635,18.96,12.38,3.79,41.71,0.6531,0.0806,3.0098,2.4334,20.0,0.0,0.0,BENIGN_STREAMING
11.2144,58.0,21.0,37.0,39198.86,11353.95,27844.91,3495.4,5.17,-0.4207,675.84,413.46,55.65,1420.07,579.21,742.01,0.3193,193.35,143.54,38.67,425.37,0.7424,0.1023,4.3505,2.222,8.0,0.0,0.0,BENIGN_WEB
125.9914,2052.0,309.0,1743.0,2619786.62,225081.58,2394705.04,20793.38,16.29,-0.8282,1276.7,246.51,906.94,1500.0,1366.88,1153.57,0.2038,7.24,5.13,1.45,15.93,0.7088,0.054,3.7988,2.4426,17.0,0.0,0.0,BENIGN_STREAMING
4.8788,76.0,22.0,54.0,71393.27,14866.04,56527.23,14633.22,15.58,-0.5835,939.39,524.47,152.67,1500.0,838.45,962.76,0.5153,64.2,61.34,12.84,141.23,0.9555,0.0138,3.8884,2.6872,8.0,0.0,0.0,BENIGN_WEB
156.8373,1317.0,235.0,1082.0,1882290.08,166465.84,1715824.24,12001.55,8.4,-0.8231,1429.23,351.94,901.32,1500.0,1423.94,1628.84,0.2693,9.58,6.0,1.92,21.07,0.6262,0.0635,3.42,2.8415,11.0,0.0,0.0,BENIGN_STREAMING
153.8603,579.0,121.0,458.0,829966.36,83599.4,746366.96,5394.28,3.76,-0.7985,1433.45,251.41,1056.33,1500.0,1253.19,1255.08,0.2769,7.03,5.36,1.41,15.47,0.7618,0.1213,3.8783,2.8384,23.0,0.0,0.0,BENIGN_STREAMING
16.7618,64.0,21.0,43.0,46482.7,5396.34,41086.36,2773.13,3.82,-0.7678,726.29,368.15,174.07,1388.96,826.65,784.5,0.2929,261.9,190.19,52.38,576.19,0.7262,0.0442,4.5308,3.055,13.0,0.0,0.0,BENIGN_WEB
14.451,20.0,7.0,13.0,12815.95,2172.47,10643.48,886.86,1.38,-0.661,640.8,447.02,40.0,1445.43,726.54,624.5,0.5024,722.55,509.78,144.51,1589.61,0.7055,0.1204,5.0439,2.5499,11.0,0.0,0.0,BENIGN_WEB
29.273,24.0,8.0,16.0,20640.44,2186.37,18454.07,705.1,0.82,-0.7881,860.02,411.16,243.27,1500.0,965.28,920.0,0.35,1219.71,1496.51,243.94,2683.36,1.2269,0.0623,3.7806,2.8706,18.0,0.0,0.0,BENIGN_WEB
24.9586,43.0,17.0,26.0,30377.05,4047.23,26329.83,1217.1,1.72,-0.7335,706.44,453.71,40.0,1500.0,765.05,694.77,0.561,580.43,498.92,116.09,1276.95,0.8596,0.0366,4.9525,2.5956,10.0,0.0,0.0,BENIGN_WEB
133.4655,2099.0,346.0,1753.0,2973561.06,138689.6,2834871.47,22279.62,15.73,-0.9067,1416.66,262.59,1022.77,1500.0,1439.4,1486.0,0.564,25.79,14.64,5.16,56.74,0.5678,0.0506,3.0457,2.5797,10.0,0.0,0.0,BENIGN_STREAMING
66.0859,1997.0,273.0,1724.0,2605270.56,270417.08,2334853.47,39422.49,30.22,-0.7924,1304.59,243.75,938.96,1500.0,1263.91,1185.79,0.2463,8.84,4.8,1.77,19.46,0.5425,0.1718,3.3721,2.9812,18.0,0.0,0.0,BENIGN_STREAMING
99.5793,1503.0,314.0,1189.0,1806927.65,96502.81,1710424.84,18145.61,15.09,-0.8932,1202.21,338.66,694.22,1500.0,1293.54,1089.64,0.2323,9.03,6.33,1.81,19.88,0.7003,0.1778,3.8764,2.6801,19.0,0.0,0.0,BENIGN_STREAMING
64.6808,1584.0,336.0,1248.0,2200834.15,132332.69,2068501.46,34026.09,24.49,-0.8797,1389.42,410.1,774.26,1500.0,1481.04,1467.29,0.2871,23.32,16.34,4.66,51.3,0.7006,0.1746,3.58,2.495,14.0,0.0,0.0,BENIGN_STREAMING
61.8044,2167.0,363.0,1804.0,2848532.0,223122.69,2625409.31,46089.5,35.06,-0.8433,1314.5,268.03,912.46,1500.0,1125.03,1242.35,0.2297,17.23,6.69,3.45,37.91,0.3882,0.1724,3.2099,2.281,23.0,0.0,0.0,BENIGN_STREAMING
29.2789,51.0,18.0,33.0,34668.57,3860.66,30807.91,1184.08,1.74,-0.7773,679.78,544.52,40.0,1500.0,614.41,778.32,0.2603,574.1,818.39,114.82,1263.01,1.4255,0.0492,3.8426,2.3651,21.0,0.0,0.0,BENIGN_WEB
106.177,567.0,84.0,483.0,703034.7,61594.76,641439.94,6621.34,5.34,-0.8248,1239.92,392.46,651.23,1500.0,1161.41,1419.16,0.5796,12.36,9.16,2.47,27.19,0.7412,0.1633,3.6261,2.865,19.0,0.0,0.0,BENIGN_STREAMING
19.5155,42.0,15.0,27.0,44446.67,10129.41,34317.27,2277.51,2.15,-0.5442,1058.25,475.2,345.46,1500.0,1039.83,1095.56,0.2767,464.65,641.47,92.93,1022.24,1.3805,0.0667,4.5316,2.7977,12.0,0.0,0.0,BENIGN_WEB
107.0658,969.0,119.0,850.0,1326188.04,113617.8,1212570.25,12386.67,9.05,-0.8287,1368.62,317.29,892.68,1500.0,1413.06,1272.96,0.3489,7.34,3.39,1.47,16.15,0.4624,0.1105,3.4748,2.5241,19.0,0.0,0.0,BENIGN_STREAMING
25.8954,58.0,17.0,41.0,39142.82,10228.97,28913.85,1511.58,2.24,-0.4774,674.88,504.38,40.0,1500.0,750.75,610.4,0.4211,446.47,426.33,89.29,982.24,0.9549,0.0371,4.2522,3.0256,19.0,0.0,0.0,BENIGN_WEB
29.0441,84.0,27.0,57.0,73954.32,9070.37,64883.95,2546.28,2.89,-0.7547,880.41,573.99,40.0,1500.0,999.72,769.8,0.5302,345.76,564.05,69.15,760.68,1.6313,0.0872,4.4875,2.8898,17.0,0.0,0.0,BENIGN_WEB
5.1106,24.0,9.0,15.0,22314.16,3085.21,19228.95,4366.25,4.7,-0.7235,929.76,516.94,154.34,1500.0,902.46,1004.62,0.4979,212.94,178.74,42.59,468.47,0.8394,0.104,3.7759,2.393,11.0,0.0,0.0,BENIGN_WEB
12.3814,50.0,19.0,31.0,42412.6,10636.9,31775.7,3425.52,4.04,-0.4984,848.25,359.69,308.72,1495.69,909.29,831.16,0.3305,247.63,181.83,49.53,544.78,0.7343,0.0484,4.5306,2.5087,20.0,0.0,0.0,BENIGN_WEB
152.9311,1336.0,264.0,1072.0,1856514.48,150316.48,1706198.01,12139.55,8.74,-0.8381,1389.61,240.62,1028.67,1500.0,1309.17,1214.36,0.5559,19.19,8.26,3.84,42.22,0.4306,0.0777,3.6281,2.3068,11.0,0.0,0.0,BENIGN_STREAMING
98.9428,1059.0,165.0,894.0,1396155.36,63355.02,1332800.35,14110.73,10.7,-0.9092,1318.37,241.29,956.44,1500.0,1270.37,1295.08,0.5969,12.57,8.03,2.51,27.66,0.6382,0.0675,3.6633,2.8695,15.0,0.0,0.0,BENIGN_STREAMING
16.4233,77.0,22.0,55.0,79236.83,14353.23,64883.6,4824.66,4.69,-0.6377,1029.05,498.77,280.89,1500.0,1033.95,950.45,0.3323,213.29,152.61,42.66,469.24,0.7155,0.1301,4.7192,2.1364,15.0,0.0,0.0,BENIGN_WEB
22.2467,60.0,19.0,41.0,63549.17,13226.77,50322.4,2856.57,2.7,-0.5837,1059.15,422.62,425.22,1500.0,1033.1,956.37,0.3596,370.78,547.1,74.16,815.71,1.4756,0.057,5.0595,2.4826,14.0,0.0,0.0,BENIGN_WEB
8.5232,69.0,25.0,44.0,67522.69,7593.04,59929.65,7922.18,8.1,-0.7751,978.59,422.94,344.18,1500.0,1045.72,848.53,0.472,123.53,106.31,24.71,271.76,0.8606,0.0643,3.8876,2.132,11.0,0.0,0.0,BENIGN_WEB
23.2913,73.0,27.0,46.0,51291.97,13524.14,37767.83,2202.2,3.13,-0.4727,702.63,396.84,107.37,1416.94,621.26,773.46,0.4149,319.06,308.32,63.81,701.93,0.9663,0.1137,4.0553,2.8667,11.0,0.0,0.0,BENIGN_WEB
93.7923,1638.0,251.0,1387.0,2062748.53,97279.64,1965468.89,21992.73,17.46,-0.9057,1259.31,325.05,771.74,1500.0,1334.29,1127.66,0.474,19.8,12.91,3.96,43.56,0.6523,0.163,3.6457,2.8556,20.0,0.0,0.0,BENIGN_STREAMING
5.8974,50.0,17.0,33.0,37547.14,9882.35,27664.8,6366.74,8.48,-0.4736,750.94,513.92,40.0,1500.0,814.99,647.83,0.5245,117.95,182.01,23.59,259.49,1.5431,0.0987,4.2945,2.4961,11.0,0.0,0.0,BENIGN_WEB
15.3136,18.0,7.0,11.0,16601.55,1691.67,14909.88,1084.11,1.18,-0.7962,922.31,438.76,264.16,1500.0,1032.26,950.96,0.3029,850.75,919.33,170.15,1871.66,1.0806,0.1168,4.7757,2.9521,19.0,0.0,0.0,BENIGN_WEB
27.6937,46.0,17.0,29.0,36824.27,7615.8,29208.47,1329.7,1.66,-0.5864,800.53,480.18,80.25,1500.0,693.0,723.71,0.2691,602.04,897.91,120.41,1324.48,1.4914,0.0476,4.8376,2.7221,17.0,0.0,0.0,BENIGN_WEB
13.1391,58.0,16.0,42.0,58148.96,16795.12,41353.85,4425.65,4.41,-0.4223,1002.57,438.68,344.55,1500.0,1093.65,1009.16,0.4598,226.54,339.15,45.31,498.38,1.4971,0.0769,4.8918,2.9624,17.0,0.0,0.0,BENIGN_WEB
15.2444,22.0,8.0,14.0,18872.38,2002.66,16869.72,1237.99,1.44,-0.7878,857.84,569.51,40.0,1500.0,963.78,883.71,0.4305,692.93,1137.99,138.59,1524.44,1.6423,0.0802,4.3873,2.2572,17.0,0.0,0.0,BENIGN_WEB
9.7394,23.0,7.0,16.0,23317.9,4915.09,18402.81,2394.18,2.36,-0.5784,1013.82,328.21,521.51,1500.0,978.0,1083.97,0.4571,423.45,526.93,84.69,931.6,1.2444,0.0773,4.6552,2.2061,10.0,0.0,0.0,BENIGN_WEB
19.5374,861.0,180.0,681.0,1121498.2,97188.94,1024309.26,57402.61,44.07,-0.8267,1302.55,323.28,817.63,1500.0,1493.56,1210.81,0.5343,6.93,3.65,1.39,15.25,0.5264,0.0507,3.0087,2.7277,21.0,0.0,0.0,BENIGN_STREAMING
55.6135,722.0,96.0,626.0,947854.62,89244.1,858610.52,17043.61,12.98,-0.8117,1312.82,376.51,748.05,1500.0,1413.44,1466.87,0.302,24.26,8.64,4.85,53.36,0.3562,0.1081,3.105,2.2471,11.0,0.0,0.0,BENIGN_STREAMING
100.4847,745.0,144.0,601.0,933971.7,88549.46,845422.24,9294.66,7.41,-0.8104,1253.65,293.17,813.89,1500.0,1271.17,1312.6,0.3584,10.54,4.67,2.11,23.2,0.443,0.124,3.2229,2.3269,13.0,0.0,0.0,BENIGN_STREAMING
31.5556,55.0,18.0,37.0,38448.8,9961.07,28487.73,1218.45,1.74,-0.4819,699.07,502.76,40.0,1500.0,642.91,609.26,0.4267,573.74,561.38,114.75,1262.22,0.9785,0.1146,4.2987,3.0062,11.0,0.0,0.0,BENIGN_WEB
22.6225,73.0,21.0,52.0,46443.48,6982.64,39460.84,2052.98,3.23,-0.6993,636.21,445.18,40.0,1437.53,675.99,705.38,0.4312,309.9,502.36,61.98,681.77,1.621,0.1313,4.9495,2.8198,11.0,0.0,0.0,BENIGN_WEB
7.6667,48.0,17.0,31.0,40779.71,5124.06,35655.65,5319.05,6.26,-0.7487,849.58,535.3,46.63,1500.0,961.39,905.77,0.5812,159.72,191.7,31.94,351.39,1.2002,0.0508,4.307,2.6701,21.0,0.0,0.0,BENIGN_WEB
15.7679,61.0,22.0,39.0,41171.22,9496.7,31674.53,2611.07,3.87,-0.5387,674.94,382.12,101.76,1362.75,669.59,685.37,0.5545,258.49,194.02,51.7,568.68,0.7506,0.0626,5.0896,2.8677,17.0,0.0,0.0,BENIGN_WEB
154.2446,1247.0,194.0,1053.0,1506149.18,104489.66,1401659.52,9764.68,8.08,-0.8612,1207.82,281.17,786.07,1500.0,1252.64,1050.04,0.4846,11.41,7.13,2.28,25.09,0.6255,0.1311,3.1103,2.8393,10.0,0.0,0.0,BENIGN_STREAMING
28.7044,41.0,17.0,24.0,33686.69,9616.47,24070.22,1173.57,1.43,-0.4291,821.63,488.75,88.51,1500.0,943.55,898.52,0.4823,700.11,1133.02,140.02,1540.24,1.6184,0.1133,4.753,2.3483,13.0,0.0,0.0,BENIGN_WEB
3.0931,50.0,15.0,35.0,49476.65,11718.34,37758.31,15995.85,16.17,-0.5263,989.53,416.55,364.72,1500.0,1008.91,1035.57,0.347,61.86,44.16,12.37,136.1,0.7139,0.0516,4.5949,2.3815,21.0,0.0,0.0,BENIGN_WEB
19.7329,79.0,30.0,49.0,69624.5,14180.78,55443.73,3528.35,4.0,-0.5926,881.32,552.0,53.32,1500.0,785.73,915.69,0.5585,249.78,202.11,49.96,549.52,0.8092,0.1185,3.9037,2.9606,16.0,0.0,0.0,BENIGN_WEB
45.2016,408.0,54.0,354.0,538083.62,21370.76,516712.86,11904.07,9.03,-0.9206,1318.83,256.11,934.66,1500.0,1129.06,1256.58,0.3399,27.88,16.12,5.58,61.33,0.5783,0.1148,3.7677,2.7528,22.0,0.0,0.0,BENIGN_STREAMING
150.821,1474.0,277.0,1197.0,1806496.43,124839.49,1681656.94,11977.75,9.77,-0.8618,1225.57,408.41,612.96,1500.0,1140.26,1112.14,0.3436,21.75,12.24,4.35,47.86,0.5625,0.1089,3.4412,2.3507,18.0,0.0,0.0,BENIGN_STREAMING
6.8546,22.0,6.0,16.0,20350.88,1998.78,18352.1,2968.94,3.21,-0.8036,925.04,517.97,148.08,1500.0,1038.88,880.26,0.2662,311.57,416.97,62.31,685.46,1.3383,0.0929,5.0098,2.1551,20.0,0.0,0.0,BENIGN_WEB
22.2059,25.0,10.0,15.0,20027.65,2276.49,17751.16,901.91,1.13,-0.7727,801.11,502.57,47.25,1500.0,770.85,681.01,0.2448,888.23,1084.36,177.65,1954.12,1.2208,0.0511,4.1439,2.6539,16.0,0.0,0.0,BENIGN_WEB
14.1218,20.0,7.0,13.0,17633.1,3830.51,13802.59,1248.65,1.42,-0.5655,881.66,494.93,139.26,1500.0,838.69,800.35,0.1808,706.09,919.87,141.22,1553.39,1.3028,0.1347,3.6961,2.3852,17.0,0.0,0.0,BENIGN_WEB
24.4752,48.0,14.0,34.0,36301.11,8703.7,27597.41,1483.18,1.96,-0.5205,756.27,417.48,130.05,1500.0,686.04,799.63,0.5304,509.9,773.68,101.98,1121.78,1.5173,0.0477,4.1812,2.3264,8.0,0.0,0.0,BENIGN_WEB
16.5833,52.0,15.0,37.0,46079.21,12430.59,33648.63,2778.66,3.14,-0.4605,886.14,340.34,375.62,1498.76,1003.07,905.94,0.4039,318.91,230.98,63.78,701.6,0.7243,0.1072,4.8222,2.6691,14.0,0.0,0.0,BENIGN_WEB
20.9242,65.0,22.0,43.0,69272.1,7452.2,61819.9,3310.63,3.11,-0.7848,1065.72,373.3,505.77,1500.0,1065.51,1179.2,0.3454,321.91,239.52,64.38,708.2,0.7441,0.1094,4.6434,2.2047,19.0,0.0,0.0,BENIGN_WEB
139.1554,1046.0,188.0,858.0,1308145.35,79073.43,1229071.91,9400.61,7.52,-0.8791,1250.62,335.01,748.1,1500.0,1299.73,1225.18,0.197,26.39,20.29,5.28,58.05,0.7689,0.1025,3.3271,2.4869,17.0,0.0,0.0,BENIGN_STREAMING
137.7234,797.0,100.0,697.0,994377.4,103666.38,890711.01,7220.1,5.79,-0.7915,1247.65,277.08,832.03,1500.0,1113.83,1244.72,0.2122,6.47,2.99,1.29,14.24,0.4618,0.0986,3.4095,2.8933,21.0,0.0,0.0,BENIGN_STREAMING
15.4547,52.0,16.0,36.0,42237.69,7112.98,35124.72,2733.0,3.36,-0.6632,812.26,559.11,40.0,1500.0,693.84,928.29,0.3234,297.21,319.25,59.44,653.85,1.0742,0.101,4.8899,2.934,19.0,0.0,0.0,BENIGN_WEB
27.277,62.0,24.0,38.0,65576.13,17034.58,48541.55,2404.08,2.27,-0.4805,1057.68,350.95,531.26,1500.0,966.1,980.33,0.5231,439.95,505.59,87.99,967.89,1.1492,0.1162,4.4743,2.4859,18.0,0.0,0.0,BENIGN_WEB
15.8591,72.0,27.0,45.0,56363.52,13552.28,42811.24,3554.01,4.54,-0.5191,782.83,475.38,69.76,1500.0,714.41,821.01,0.3238,220.27,318.52,44.05,484.58,1.4461,0.1266,3.7011,2.7847,16.0,0.0,0.0,BENIGN_WEB
14.1205,47.0,14.0,33.0,48888.45,11255.9,37632.55,3462.23,3.33,-0.5395,1040.18,521.75,257.56,1500.0,1124.35,1064.68,0.5709,300.44,231.02,60.09,660.96,0.769,0.0981,4.169,2.5945,16.0,0.0,0.0,BENIGN_WEB
22.7089,39.0,11.0,28.0,39733.13,9727.94,30005.19,1749.68,1.72,-0.5103,1018.8,526.2,229.49,1500.0,951.29,987.67,0.4685,582.28,989.49,116.46,1281.01,1.6993,0.0893,4.1784,2.1029,13.0,0.0,0.0,BENIGN_WEB
24.8227,67.0,23.0,44.0,42274.58,7956.81,34317.77,1703.06,2.7,-0.6236,630.96,383.67,55.46,1321.57,565.38,629.48,0.5456,370.49,428.93,74.1,815.07,1.1577,0.0635,4.054,2.7425,16.0,0.0,0.0,BENIGN_WEB
38.8453,876.0,183.0,693.0,1257694.81,137400.35,1120294.46,32377.02,22.55,-0.7815,1435.72,381.7,863.18,1500.0,1235.19,1518.36,0.2123,26.84,20.5,5.37,59.04,0.7638,0.0912,3.5114,2.7086,12.0,0.0,0.0,BENIGN_STREAMING
2.357,57.0,21.0,36.0,50961.37,5992.1,44969.27,21621.43,24.18,-0.7648,894.06,523.07,109.45,1500.0,836.36,876.84,0.4648,41.35,29.04,8.27,90.97,0.7024,0.0515,5.0156,2.6341,13.0,0.0,0.0,BENIGN_WEB
11.2968,47.0,18.0,29.0,40262.92,10893.47,29369.45,3564.11,4.16,-0.4589,856.66,361.71,314.09,1500.0,925.56,976.78,0.3455,240.36,272.94,48.07,528.78,1.1356,0.12,4.453,3.0095,16.0,0.0,0.0,BENIGN_WEB
11.2395,71.0,25.0,46.0,63128.42,10295.46,52832.96,5616.64,6.32,-0.6738,889.13,324.84,401.88,1473.84,927.08,769.38,0.2166,158.3,220.58,31.66,348.27,1.3934,0.0919,3.9463,2.7249,11.0,0.0,0.0,BENIGN_WEB
12.7844,74.0,22.0,52.0,77744.98,9644.18,68100.8,6081.23,5.79,-0.7519,1050.61,434.62,398.68,1500.0,1030.57,1132.94,0.2881,172.76,125.91,34.55,380.08,0.7288,0.123,4.3201,2.422,14.0,0.0,0.0,BENIGN_WEB
17.8163,27.0,10.0,17.0,20725.35,2004.5,18720.85,1163.28,1.52,-0.8066,767.61,487.36,40.0,1500.0,820.18,679.71,0.5771,659.86,734.11,131.97,1451.7,1.1125,0.1104,3.7988,2.8654,8.0,0.0,0.0,BENIGN_WEB
26.3414,17.0,6.0,11.0,17321.98,2965.81,14356.17,657.59,0.65,-0.6576,1018.94,516.19,244.66,1500.0,1051.18,908.03,0.3819,1549.5,1181.37,309.9,3408.89,0.7624,0.0152,4.073,2.6122,19.0,0.0,0.0,BENIGN_WEB
16.4853,32.0,10.0,22.0,32670.08,5936.3,26733.78,1981.77,1.94,-0.6366,1020.94,497.28,275.02,1500.0,896.88,917.3,0.3327,515.16,799.04,103.03,1133.36,1.551,0.0782,4.2695,2.3762,9.0,0.0,0.0,BENIGN_WEB
69.3596,1179.0,188.0,991.0,1614207.33,152397.01,1461810.31,23273.04,17.0,-0.8112,1369.13,279.77,949.48,1500.0,1333.19,1318.3,0.478,23.9,13.75,4.78,52.58,0.5752,0.0567,3.5542,2.5216,14.0,0.0,0.0,BENIGN_STREAMING
30.5497,26.0,8.0,18.0,22774.17,4399.12,18375.06,745.48,0.85,-0.6137,875.93,488.57,143.08,1500.0,792.36,970.99,0.3334,1174.99,1580.85,235.0,2584.98,1.3454,0.0249,4.4246,3.0858,11.0,0.0,0.0,BENIGN_WEB
112.0271,968.0,158.0,810.0,1261271.43,54749.3,1206522.13,11258.62,8.64,-0.9132,1302.97,320.75,821.84,1500.0,1126.73,1475.71,0.2774,22.78,10.72,4.56,50.12,0.4704,0.132,3.4584,2.3418,20.0,0.0,0.0,BENIGN_STREAMING
26.6378,57.0,17.0,40.0,53764.3,9208.19,44556.11,2018.34,2.14,-0.6575,943.23,398.2,345.93,1500.0,954.49,934.54,0.5033,467.33,755.01,93.47,1028.13,1.6156,0.1202,3.9696,2.5151,21.0,0.0,0.0,BENIGN_WEB
30.5528,81.0,23.0,58.0,65472.64,7042.65,58430.0,2142.93,2.65,-0.7849,808.3,446.61,138.39,1500.0,698.81,886.27,0.4706,377.2,320.92,75.44,829.83,0.8508,0.0937,4.2758,2.9725,20.0,0.0,0.0,BENIGN_WEB
28.0589,47.0,13.0,34.0,42441.29,6901.03,35540.26,1512.58,1.68,-0.6748,903.01,450.04,227.95,1500.0,818.0,952.24,0.358,597.0,530.73,119.4,1313.4,0.889,0.1093,4.5631,2.1282,13.0,0.0,0.0,BENIGN_WEB
7.4704,52.0,16.0,36.0,37006.91,4770.36,32236.55,4953.8,6.96,-0.7422,711.67,365.84,162.9,1370.19,659.9,760.96,0.3009,143.66,142.07,28.73,316.06,0.9889,0.0221,3.8384,2.3567,14.0,0.0,0.0,BENIGN_WEB
13.348,51.0,14.0,37.0,41650.84,8987.17,32663.67,3120.38,3.82,-0.5685,816.68,418.0,189.69,1500.0,887.77,823.34,0.2891,261.73,221.86,52.35,575.8,0.8477,0.086,4.1934,2.803,14.0,0.0,0.0,BENIGN_WEB
20.721,42.0,12.0,30.0,41638.96,9278.9,32360.05,2009.51,2.03,-0.5543,991.4,463.64,295.94,1500.0,934.65,945.75,0.5166,493.36,572.7,98.67,1085.38,1.1608,0.0129,3.9488,2.745,13.0,0.0,0.0,BENIGN_WEB
29.2635,58.0,16.0,42.0,49532.53,11171.1,38361.43,1692.64,1.98,-0.5489,854.01,494.9,111.67,1500.0,923.91,930.31,0.2848,504.54,363.71,100.91,1109.99,0.7209,0.0762,3.6608,2.8938,19.0,0.0,0.0,BENIGN_WEB
18.9966,67.0,22.0,45.0,70051.18,12225.43,57825.75,3687.57,3.53,-0.651,1045.54,436.68,390.52,1500.0,1190.88,998.54,0.5576,283.53,223.23,56.71,623.77,0.7873,0.0532,4.1069,2.7478,16.0,0.0,0.0,BENIGN_WEB
9.0302,28.0,11.0,17.0,18709.93,2075.38,16634.55,2071.93,3.1,-0.7782,668.21,535.07,40.0,1500.0,706.3,594.7,0.3228,322.51,512.01,64.5,709.51,1.5876,0.1377,3.665,2.1839,16.0,0.0,0.0,BENIGN_WEB
130.2131,1974.0,297.0,1677.0,2451450.15,202123.9,2249326.26,18826.44,15.16,-0.8351,1241.87,337.81,735.16,1500.0,1408.28,1138.66,0.1977,9.62,3.55,1.92,21.16,0.3689,0.0804,3.3766,2.3824,20.0,0.0,0.0,BENIGN_STREAMING
6.0141,33.0,10.0,23.0,35100.63,3566.78,31533.85,5836.38,5.49,-0.7968,1063.66,563.41,218.54,1500.0,948.23,914.73,0.2048,182.25,316.76,36.45,400.94,1.7381,0.0527,3.7242,2.7826,11.0,0.0,0.0,BENIGN_WEB
33.2712,1366.0,221.0,1145.0,1767576.93,78024.03,1689552.91,53126.38,41.06,-0.9117,1293.98,338.14,786.77,1500.0,1207.12,1266.93,0.556,6.44,3.22,1.29,14.16,0.501,0.1437,3.1265,2.6747,20.0,0.0,0.0,BENIGN_STREAMING
20.2392,71.0,28.0,43.0,73260.9,19714.63,53546.27,3619.75,3.51,-0.4618,1031.84,412.29,413.4,1500.0,881.45,1114.98,0.296,285.06,301.13,57.01,627.13,1.0564,0.0753,4.1563,2.1758,19.0,0.0,0.0,BENIGN_WEB
9.1376,26.0,9.0,17.0,20265.03,3910.02,16355.01,2217.76,2.85,-0.6141,779.42,527.3,40.0,1500.0,896.31,797.4,0.3644,351.45,576.03,70.29,773.18,1.639,0.0444,4.3084,2.3633,20.0,0.0,0.0,BENIGN_WEB
6.4909,17.0,5.0,12.0,13521.98,1653.01,11868.97,2083.21,2.62,-0.7555,795.41,493.3,55.46,1500.0,683.79,911.59,0.2661,381.82,346.4,76.36,840.0,0.9072,0.0343,3.7882,2.6197,19.0,0.0,0.0,BENIGN_WEB
27.0615,62.0,24.0,38.0,50555.99,11854.55,38701.44,1868.19,2.29,-0.531,815.42,434.2,164.12,1500.0,775.35,699.47,0.2064,436.48,459.7,87.3,960.25,1.0532,0.131,4.0469,2.1455,11.0,0.0,0.0,BENIGN_WEB
141.171,507.0,63.0,444.0,629093.97,29453.64,599640.33,4456.26,3.59,-0.9064,1240.82,350.92,714.44,1500.0,1181.12,1378.92,0.2003,27.8,21.12,5.56,61.15,0.7596,0.1385,3.2044,2.4339,13.0,0.0,0.0,BENIGN_STREAMING
10.8497,84.0,28.0,56.0,78091.28,18321.81,59769.47,7197.52,7.74,-0.5308,929.66,527.71,138.09,1500.0,863.64,1043.78,0.2182,129.16,225.78,25.83,284.16,1.748,0.074,3.7409,2.1735,10.0,0.0,0.0,BENIGN_WEB
136.3091,653.0,117.0,536.0,892239.12,74290.86,817948.26,6545.71,4.79,-0.8335,1366.37,327.18,875.61,1500.0,1437.63,1402.7,0.4553,9.89,4.27,1.98,21.75,0.4323,0.1421,2.9634,2.5234,11.0,0.0,0.0,BENIGN_STREAMING
49.1933,535.0,97.0,438.0,690558.54,51033.27,639525.27,14037.66,10.88,-0.8522,1290.76,249.7,916.21,1500.0,1429.21,1425.15,0.3343,17.46,11.81,3.49,38.42,0.6763,0.1797,2.9334,2.6139,21.0,0.0,0.0,BENIGN_STREAMING
40.0331,1597.0,350.0,1247.0,1889150.1,123248.92,1765901.18,47189.68,39.89,-0.8695,1182.94,309.64,718.48,1500.0,1025.85,1187.37,0.5742,26.25,15.91,5.25,57.74,0.6061,0.0815,3.2737,2.5404,21.0,0.0,0.0,BENIGN_STREAMING
11.883,17.0,7.0,10.0,16590.03,4298.62,12291.4,1396.12,1.43,-0.4818,975.88,550.73,149.79,1500.0,841.07,930.22,0.6092,699.0,1172.26,139.8,1537.8,1.6771,0.027,4.6395,2.7481,16.0,0.0,0.0,BENIGN_WEB
151.5588,413.0,54.0,359.0,528430.31,43948.04,484482.27,3486.64,2.73,-0.8337,1279.49,358.99,741.01,1500.0,1467.11,1231.12,0.3652,20.46,9.27,4.09,45.0,0.4529,0.0854,3.4264,2.6467,13.0,0.0,0.0,BENIGN_STREAMING
25.7617,16.0,6.0,10.0,12463.33,1969.7,10493.63,483.79,0.62,-0.6839,778.96,379.37,209.9,1461.83,843.93,673.51,0.5914,1610.11,1941.74,322.02,3542.23,1.206,0.0916,3.6125,2.6308,10.0,0.0,0.0,BENIGN_WEB
5.9557,32.0,12.0,20.0,20944.07,2922.75,18021.31,3516.66,5.37,-0.7209,654.5,546.19,40.0,1500.0,647.83,613.59,0.5613,186.11,168.85,37.22,409.45,0.9073,0.1301,4.2401,2.8119,13.0,0.0,0.0,BENIGN_WEB
112.6975,2018.0,305.0,1713.0,2618432.57,246809.49,2371623.09,23234.18,17.91,-0.8115,1297.54,288.7,864.48,1500.0,1385.47,1375.13,0.4718,20.88,10.85,4.18,45.94,0.5195,0.0982,3.5417,2.7146,17.0,0.0,0.0,BENIGN_STREAMING
25.3575,58.0,19.0,39.0,56907.63,6274.24,50633.39,2244.21,2.29,-0.7795,981.17,563.53,135.87,1500.0,1060.78,861.69,0.5426,437.2,638.94,87.44,961.84,1.4614,0.083,4.5282,2.877,16.0,0.0,0.0,BENIGN_WEB
19.5843,60.0,23.0,37.0,39151.21,7776.71,31374.5,1999.11,3.06,-0.6027,652.52,388.77,69.36,1352.31,739.96,724.32,0.1824,326.4,407.92,65.28,718.09,1.2497,0.0858,4.449,2.5519,16.0,0.0,0.0,BENIGN_WEB
21.2451,37.0,12.0,25.0,32216.91,5254.15,26962.76,1516.44,1.74,-0.6738,870.73,500.71,119.66,1500.0,871.24,755.6,0.3199,574.19,885.51,114.84,1263.22,1.5422,0.0781,5.0929,2.8882,21.0,0.0,0.0,BENIGN_WEB
5.1669,54.0,16.0,38.0,46197.18,12480.15,33717.04,8940.98,10.45,-0.4597,855.5,547.43,40.0,1500.0,772.18,751.57,0.6084,95.68,107.87,19.14,210.5,1.1274,0.014,4.9796,2.6375,20.0,0.0,0.0,BENIGN_WEB
46.6339,383.0,61.0,322.0,468672.65,15751.37,452921.28,10050.05,8.21,-0.9328,1223.69,348.42,701.06,1500.0,1096.4,1237.71,0.3117,12.17,7.64,2.43,26.78,0.6279,0.0857,3.3104,2.7945,14.0,0.0,0.0,BENIGN_STREAMING
113.3632,2119.0,445.0,1674.0,2827967.8,91513.52,2736454.28,24946.08,18.69,-0.9353,1334.58,357.13,798.88,1500.0,1370.49,1467.16,0.3168,18.58,11.34,3.72,40.87,0.6106,0.1521,3.7055,2.7755,15.0,0.0,0.0,BENIGN_STREAMING
7.5321,62.0,19.0,43.0,40452.77,6424.58,34028.19,5370.73,8.23,-0.6824,652.46,565.5,40.0,1500.0,699.13,649.76,0.4059,121.49,141.65,24.3,267.27,1.166,0.1249,4.7496,2.5275,14.0,0.0,0.0,BENIGN_WEB
18.0352,323.0,52.0,271.0,404797.41,23275.0,381522.42,22444.9,17.91,-0.885,1253.24,296.29,808.8,1500.0,1314.72,1072.31,0.3857,8.66,6.18,1.73,19.06,0.7134,0.1036,3.2482,2.6901,17.0,0.0,0.0,BENIGN_STREAMING
29.4004,1616.0,241.0,1375.0,2294596.66,183897.41,2110699.25,78046.55,54.97,-0.8397,1419.92,303.0,965.42,1500.0,1355.97,1601.97,0.3474,7.34,3.61,1.47,16.14,0.4917,0.1354,3.292,2.4626,16.0,0.0,0.0,BENIGN_STREAMING
29.4605,32.0,9.0,23.0,21895.28,2187.75,19707.54,743.21,1.09,-0.8002,684.23,404.03,78.18,1411.48,717.54,639.08,0.2064,920.64,1344.79,184.13,2025.41,1.4607,0.0689,4.2172,2.4048,13.0,0.0,0.0,BENIGN_WEB
19.2628,55.0,15.0,40.0,54279.93,6187.18,48092.75,2817.86,2.86,-0.772,986.91,481.05,265.33,1500.0,1029.96,1099.27,0.4877,350.23,559.34,70.05,770.51,1.597,0.0698,4.1394,2.8065,19.0,0.0,0.0,BENIGN_WEB
4.0498,82.0,23.0,59.0,86955.92,12286.19,74669.74,21471.83,20.25,-0.7174,1060.44,426.24,421.08,1500.0,1035.53,916.83,0.2598,49.39,51.93,9.88,108.65,1.0514,0.0877,3.6386,2.3219,11.0,0.0,0.0,BENIGN_WEB
6.8943,29.0,10.0,19.0,25616.49,2803.31,22813.18,3715.58,4.21,-0.7811,883.33,498.86,135.03,1500.0,940.69,992.54,0.3713,237.74,263.05,47.55,523.02,1.1065,0.0508,4.7096,2.951,19.0,0.0,0.0,BENIGN_WEB
28.0421,41.0,15.0,26.0,43941.01,9121.32,34819.69,1566.97,1.46,-0.5848,1071.73,461.45,379.55,1500.0,976.52,1208.91,0.5868,683.95,806.27,136.79,1504.7,1.1788,0.114,3.7127,2.8908,10.0,0.0,0.0,BENIGN_WEB
27.7606,27.0,10.0,17.0,16819.3,2540.5,14278.8,605.87,0.97,-0.6979,622.94,362.78,78.77,1275.94,571.45,592.3,0.185,1028.17,1419.61,205.63,2261.97,1.3807,0.122,4.3367,2.3661,16.0,0.0,0.0,BENIGN_WEB
10.9748,42.0,13.0,29.0,37053.01,8023.34,29029.67,3376.18,3.83,-0.5669,882.21,518.44,104.56,1500.0,821.16,992.28,0.4348,261.31,212.55,52.26,574.87,0.8134,0.1234,4.4119,2.9811,14.0,0.0,0.0,BENIGN_WEB
19.562,23.0,7.0,16.0,23713.78,3788.22,19925.56,1212.24,1.18,-0.6805,1031.03,503.5,275.78,1500.0,879.31,984.6,0.305,850.52,1321.61,170.1,1871.15,1.5539,0.0195,4.5719,2.5567,18.0,0.0,0.0,BENIGN_WEB
159.6274,1286.0,161.0,1125.0,1826655.12,100845.79,1725809.33,11443.24,8.06,-0.8896,1420.42,303.7,964.87,1500.0,1470.35,1337.21,0.6021,16.8,10.65,3.36,36.96,0.6338,0.0523,3.1553,2.9907,21.0,0.0,0.0,BENIGN_STREAMING
91.9323,875.0,127.0,748.0,1223808.27,36886.69,1186921.58,13312.06,9.52,-0.9397,1398.64,353.6,868.24,1500.0,1411.56,1541.62,0.4575,20.55,13.6,4.11,45.2,0.6618,0.1403,3.1267,2.4454,20.0,0.0,0.0,BENIGN_STREAMING
3.0269,71.0,22.0,49.0,57928.44,9557.81,48370.64,19138.17,23.46,-0.67,815.89,372.21,257.58,1485.88,697.99,798.71,0.4941,42.63,40.74,8.53,93.79,0.9555,0.1079,3.7879,2.3293,20.0,0.0,0.0,BENIGN_WEB
22.0562,76.0,26.0,50.0,79158.63,20667.15,58491.48,3588.94,3.45,-0.4778,1041.56,416.29,417.13,1500.0,913.98,910.8,0.5574,290.21,483.33,58.04,638.47,1.6654,0.099,3.7198,2.8036,16.0,0.0,0.0,BENIGN_WEB
25.627,59.0,20.0,39.0,46706.69,4245.3,42461.39,1822.56,2.3,-0.8182,791.64,400.97,190.18,1500.0,900.88,809.21,0.5539,434.36,427.34,86.87,955.58,0.9839,0.1141,4.8454,2.981,8.0,0.0,0.0,BENIGN_WEB
24.5021,63.0,20.0,43.0,60398.09,9990.1,50407.99,2465.02,2.57,-0.6692,958.7,538.04,151.64,1500.0,1071.63,979.17,0.5615,388.92,598.42,77.78,855.63,1.5387,0.0168,4.646,2.4902,14.0,0.0,0.0,BENIGN_WEB
20.7548,56.0,20.0,36.0,45808.75,11981.23,33827.52,2207.14,2.7,-0.4769,818.01,338.32,310.53,1426.99,856.78,875.4,0.5031,370.62,409.07,74.12,815.37,1.1037,0.1137,4.1869,2.9545,11.0,0.0,0.0,BENIGN_WEB
15.9725,33.0,13.0,20.0,33506.95,6482.9,27024.05,2097.79,2.07,-0.613,1015.36,571.25,158.48,1500.0,901.5,1151.9,0.1923,484.01,553.93,96.8,1064.83,1.1445,0.117,4.2867,2.7577,21.0,0.0,0.0,BENIGN_WEB
14.607,39.0,12.0,27.0,38503.53,7566.34,30937.2,2635.97,2.67,-0.607,987.27,379.74,417.65,1500.0,972.16,1114.85,0.4635,374.54,554.7,74.91,823.98,1.481,0.0279,4.7445,2.4076,8.0,0.0,0.0,BENIGN_WEB
9.311,43.0,14.0,29.0,28893.72,2965.48,25928.25,3103.2,4.62,-0.7947,671.95,415.25,49.08,1419.39,693.73,593.88,0.4565,216.53,155.05,43.31,476.37,0.716,0.0981,4.9757,2.1087,21.0,0.0,0.0,BENIGN_WEB
15.0281,40.0,11.0,29.0,34761.5,6273.76,28487.74,2313.09,2.66,-0.639,869.04,466.37,169.48,1500.0,882.34,883.85,0.4472,375.7,406.9,75.14,826.55,1.083,0.1226,3.7547,2.8129,13.0,0.0,0.0,BENIGN_WEB
21.9229,84.0,34.0,50.0,62654.81,12627.87,50026.95,2857.96,3.83,-0.5969,745.89,403.01,141.38,1471.31,689.56,636.16,0.4858,260.99,348.42,52.2,574.17,1.335,0.093,4.8286,2.7696,20.0,0.0,0.0,BENIGN_WEB
15.6466,15.0,5.0,10.0,9842.17,2296.56,7545.61,629.03,0.96,-0.5333,656.14,470.56,40.0,1500.0,643.32,670.45,0.4724,1043.11,1086.49,208.62,2294.84,1.0416,0.0837,4.183,2.8602,8.0,0.0,0.0,BENIGN_WEB
23.2307,21.0,7.0,14.0,16557.12,3481.76,13075.35,712.73,0.9,-0.5794,788.43,356.85,253.16,1430.76,756.16,808.82,0.5398,1106.22,1422.94,221.24,2433.69,1.2863,0.139,3.9369,3.0856,13.0,0.0,0.0,BENIGN_WEB
115.6298,404.0,85.0,319.0,479723.17,27693.07,452030.09,4148.78,3.49,-0.8845,1187.43,404.18,581.16,1500.0,1222.61,1045.69,0.2275,12.8,7.18,2.56,28.15,0.5613,0.1286,3.6138,2.4671,16.0,0.0,0.0,BENIGN_STREAMING
94.908,1965.0,312.0,1653.0,2689410.91,132701.78,2556709.13,28337.04,20.7,-0.9013,1368.66,345.1,851.0,1500.0,1251.05,1363.9,0.6106,25.02,19.04,5.0,55.04,0.7609,0.1509,3.869,2.887,12.0,0.0,0.0,BENIGN_STREAMING
111.3945,908.0,156.0,752.0,1306565.31,127055.96,1179509.35,11729.17,8.15,-0.8055,1438.95,336.36,934.41,1500.0,1368.41,1334.33,0.2771,28.0,15.47,5.6,61.59,0.5526,0.1692,2.9562,2.2229,14.0,0.0,0.0,BENIGN_STREAMING
20.7085,71.0,26.0,45.0,54228.81,8248.39,45980.41,2618.67,3.43,-0.6958,763.79,470.74,57.67,1500.0,733.48,759.74,0.5028,291.67,460.3,58.33,641.67,1.5782,0.1271,4.5948,2.997,20.0,0.0,0.0,BENIGN_WEB
21.8338,56.0,19.0,37.0,47508.01,5405.03,42102.98,2175.9,2.56,-0.7725,848.36,536.75,43.24,1500.0,975.45,735.99,0.382,389.89,514.76,77.98,857.75,1.3203,0.0649,4.2359,2.9533,17.0,0.0,0.0,BENIGN_WEB
142.6001,1711.0,292.0,1419.0,2054722.49,88987.89,1965734.6,14408.98,12.0,-0.9134,1200.89,319.69,721.35,1500.0,1154.09,1321.73,0.2486,12.05,7.5,2.41,26.52,0.6219,0.1244,3.6355,2.7605,14.0,0.0,0.0,BENIGN_STREAMING
25.7104,81.0,30.0,51.0,50855.94,10959.71,39896.23,1978.03,3.15,-0.569,627.85,434.45,40.0,1409.86,647.37,613.23,0.2543,317.41,337.43,63.48,698.31,1.0631,0.0244,4.4616,2.3469,13.0,0.0,0.0,BENIGN_WEB
1.8654,69.0,26.0,43.0,49439.9,5824.42,43615.48,26503.25,36.99,-0.7644,716.52,578.4,40.0,1500.0,763.0,813.85,0.3785,27.04,34.46,5.41,59.48,1.2748,0.0472,4.9127,2.3157,20.0,0.0,0.0,BENIGN_WEB
14.9824,71.0,25.0,46.0,50103.36,12373.74,37729.62,3344.15,4.74,-0.5061,705.68,377.57,139.33,1385.3,772.09,626.84,0.3764,211.02,365.94,42.2,464.24,1.7342,0.023,4.7266,2.3003,18.0,0.0,0.0,BENIGN_WEB
143.622,1000.0,134.0,866.0,1385420.19,114297.45,1271122.74,9646.29,6.96,-0.835,1385.42,384.09,809.29,1500.0,1413.04,1405.08,0.5265,21.69,10.21,4.34,47.72,0.4706,0.096,3.3677,2.7206,18.0,0.0,0.0,BENIGN_STREAMING
8.0068,79.0,31.0,48.0,59866.48,15468.47,44398.02,7477.0,9.87,-0.4832,757.8,522.67,40.0,1500.0,773.35,738.57,0.3011,101.35,138.36,20.27,222.97,1.3652,0.0789,4.1336,2.7986,14.0,0.0,0.0,BENIGN_WEB
12.9983,56.0,16.0,40.0,37380.99,6653.1,30727.89,2875.83,4.31,-0.644,667.52,539.1,40.0,1500.0,731.56,689.14,0.3557,232.11,241.42,46.42,510.65,1.0401,0.0258,4.8829,2.1979,19.0,0.0,0.0,BENIGN_WEB
9.1706,54.0,21.0,33.0,41011.18,5910.4,35100.78,4472.01,5.89,-0.7118,759.47,537.64,40.0,1500.0,731.19,846.71,0.4646,169.83,294.49,33.97,373.62,1.7341,0.1262,3.6563,2.7222,16.0,0.0,0.0,BENIGN_WEB
147.4122,1610.0,274.0,1336.0,2204735.98,101888.73,2102847.24,14956.27,10.92,-0.9076,1369.4,254.79,987.21,1500.0,1555.18,1435.57,0.2882,12.77,9.34,2.55,28.1,0.7312,0.1499,3.4164,2.7928,12.0,0.0,0.0,BENIGN_STREAMING
137.6701,446.0,91.0,355.0,547163.23,27140.58,520022.66,3974.45,3.24,-0.9008,1226.82,352.74,697.71,1500.0,1329.78,1382.42,0.4923,21.62,15.27,4.32,47.55,0.7064,0.1671,3.094,2.602,11.0,0.0,0.0,BENIGN_STREAMING
11.8345,43.0,15.0,28.0,39321.14,7610.9,31710.24,3322.59,3.63,-0.6129,914.45,423.7,278.89,1500.0,975.39,874.15,0.6026,275.22,338.05,55.04,605.49,1.2283,0.1388,4.8338,2.5397,12.0,0.0,0.0,BENIGN_WEB
50.4042,1440.0,272.0,1168.0,1874599.28,149828.91,1724770.37,37191.36,28.57,-0.8401,1301.81,418.42,674.18,1500.0,1257.0,1450.8,0.2547,22.72,14.7,4.54,49.99,0.6471,0.1467,2.9244,2.7687,10.0,0.0,0.0,BENIGN_STREAMING
6.8226,84.0,24.0,60.0,75704.98,9622.59,66082.39,11096.2,12.31,-0.7458,901.25,486.38,171.68,1500.0,870.0,964.89,0.4203,81.22,79.95,16.24,178.69,0.9843,0.0515,4.4039,2.9756,20.0,0.0,0.0,BENIGN_WEB
93.4935,313.0,49.0,264.0,378391.91,26227.22,352164.69,4047.26,3.35,-0.8614,1208.92,281.84,786.16,1500.0,1248.96,1268.81,0.4159,18.68,12.34,3.74,41.1,0.6605,0.0607,3.8201,2.5931,20.0,0.0,0.0,BENIGN_STREAMING
4.4847,56.0,21.0,35.0,40634.34,5691.12,34943.22,9060.62,12.49,-0.7199,725.61,323.02,241.09,1307.04,815.48,711.32,0.2681,80.08,58.52,16.02,176.19,0.7308,0.0467,4.7808,2.7423,8.0,0.0,0.0,BENIGN_WEB
8.6587,53.0,20.0,33.0,40640.06,10109.05,30531.02,4693.55,6.12,-0.5025,766.79,327.8,275.1,1356.83,871.94,847.09,0.3915,163.37,206.87,32.67,359.42,1.2663,0.0805,4.2518,2.107,13.0,0.0,0.0,BENIGN_WEB
57.6867,742.0,135.0,607.0,891609.81,51642.04,839967.78,15456.08,12.86,-0.8842,1201.63,314.09,730.5,1500.0,1213.99,1057.21,0.6065,12.18,5.98,2.44,26.8,0.4912,0.1792,3.5462,2.6309,19.0,0.0,0.0,BENIGN_STREAMING
14.1994,81.0,33.0,48.0,85929.03,16938.09,68990.94,6051.59,5.7,-0.6058,1060.85,563.6,215.45,1500.0,1052.04,909.11,0.5746,175.3,250.13,35.06,385.66,1.4269,0.0172,4.916,3.0159,8.0,0.0,0.0,BENIGN_WEB
12.6228,37.0,12.0,25.0,26473.17,6566.75,19906.42,2097.25,2.93,-0.5039,715.49,384.03,139.45,1406.74,714.39,779.34,0.4764,341.16,392.85,68.23,750.54,1.1515,0.0753,4.2499,2.8423,17.0,0.0,0.0,BENIGN_WEB
6.14,18.0,5.0,13.0,16694.78,3446.43,13248.35,2719.02,2.93,-0.5871,927.49,333.78,426.82,1500.0,864.56,849.11,0.6115,341.11,583.79,68.22,750.44,1.7114,0.0978,4.5444,2.1831,9.0,0.0,0.0,BENIGN_WEB
65.1472,526.0,75.0,451.0,697602.48,24289.61,673312.87,10708.09,8.07,-0.9304,1326.24,299.77,876.58,1500.0,1485.74,1151.23,0.3436,25.56,13.46,5.11,56.24,0.5267,0.1421,3.3757,2.4425,11.0,0.0,0.0,BENIGN_STREAMING
14.4758,81.0,26.0,55.0,82024.47,9636.65,72387.82,5666.32,5.6,-0.765,1012.65,403.01,408.13,1500.0,1072.61,1077.81,0.5183,178.71,146.43,35.74,393.17,0.8193,0.013,4.2545,2.4798,21.0,0.0,0.0,BENIGN_WEB
34.9823,1502.0,287.0,1215.0,1895442.83,51580.32,1843862.51,54182.84,42.94,-0.9456,1261.95,362.36,718.41,1500.0,1295.43,1152.95,0.5577,7.65,5.02,1.53,16.83,0.6562,0.0554,3.3991,2.2775,22.0,0.0,0.0,BENIGN_STREAMING
6.4939,49.0,17.0,32.0,46726.69,9834.25,36892.44,7195.42,7.55,-0.5791,953.61,339.75,443.98,1500.0,814.19,1039.2,0.4253,132.53,186.9,26.51,291.56,1.4102,0.0563,3.6394,2.5562,9.0,0.0,0.0,BENIGN_WEB
145.2081,1906.0,372.0,1534.0,2628443.51,166964.93,2461478.58,18101.22,13.13,-0.873,1379.04,326.51,889.27,1500.0,1547.09,1386.41,0.4991,26.33,17.4,5.27,57.92,0.6609,0.1729,3.2111,2.8081,20.0,0.0,0.0,BENIGN_STREAMING
116.3831,1658.0,304.0,1354.0,2285537.42,216135.85,2069401.57,19638.06,14.25,-0.8109,1378.49,246.91,1008.12,1500.0,1318.88,1390.49,0.4177,24.32,11.02,4.86,53.5,0.4529,0.0701,3.8035,2.2956,10.0,0.0,0.0,BENIGN_STREAMING
10.0936,27.0,10.0,17.0,24295.18,4409.64,19885.54,2406.98,2.67,-0.637,899.82,525.66,111.34,1500.0,989.55,882.39,0.578,373.84,624.66,74.77,822.44,1.6709,0.0256,3.7245,2.7697,17.0,0.0,0.0,BENIGN_WEB
51.478,542.0,87.0,455.0,689777.31,60882.34,628894.98,13399.45,10.53,-0.8235,1272.65,275.66,859.16,1500.0,1323.07,1155.08,0.4989,20.56,13.94,4.11,45.23,0.6782,0.0733,3.061,2.2571,13.0,0.0,0.0,BENIGN_STREAMING
26.3842,32.0,11.0,21.0,31216.07,3332.24,27883.83,1183.14,1.21,-0.7865,975.5,363.0,431.0,1500.0,1035.85,855.87,0.3923,824.51,1285.54,164.9,1813.91,1.5592,0.1004,4.7461,2.6659,17.0,0.0,0.0,BENIGN_WEB
32.621,1507.0,202.0,1305.0,1796715.26,64398.5,1732316.76,55078.46,46.2,-0.9283,1192.25,360.44,651.59,1500.0,1274.37,1216.59,0.6177,26.76,9.69,5.35,58.88,0.3621,0.0808,3.6147,2.3698,14.0,0.0,0.0,BENIGN_STREAMING
16.565,83.0,25.0,58.0,67571.56,10830.47,56741.09,4079.17,5.01,-0.6794,814.12,404.99,206.62,1500.0,709.26,921.1,0.1847,199.58,339.42,39.92,439.07,1.7007,0.0682,4.6228,2.9834,11.0,0.0,0.0,BENIGN_WEB
25.3575,2176.0,287.0,1889.0,2585796.9,276904.28,2308892.62,101973.71,85.81,-0.7858,1188.33,286.9,757.98,1500.0,1117.55,1301.61,0.2815,10.3,4.91,2.06,22.66,0.4764,0.1123,3.8736,2.9041,16.0,0.0,0.0,BENIGN_STREAMING
24.0085,65.0,21.0,44.0,65317.56,16316.57,49000.99,2720.6,2.71,-0.5004,1004.89,523.14,220.18,1500.0,1068.87,1090.29,0.3656,369.36,413.16,73.87,812.59,1.1186,0.1143,3.7893,2.7022,13.0,0.0,0.0,BENIGN_WEB
69.0701,1520.0,243.0,1277.0,1898423.42,173886.84,1724536.58,27485.45,22.01,-0.8168,1248.96,403.43,643.81,1500.0,1168.43,1211.76,0.5612,27.21,16.47,5.44,59.87,0.6052,0.0858,2.9168,2.9819,11.0,0.0,0.0,BENIGN_STREAMING
31.9088,22.0,8.0,14.0,15207.92,1983.06,13224.86,476.61,0.69,-0.7392,691.27,455.76,40.0,1500.0,666.45,590.76,0.2936,1450.4,1238.66,290.08,3190.88,0.854,0.1376,4.6322,2.5827,15.0,0.0,0.0,BENIGN_WEB
16.6422,52.0,16.0,36.0,55370.24,5515.24,49855.0,3327.1,3.12,-0.8008,1064.81,425.78,426.14,1500.0,992.36,1195.08,0.3446,320.04,512.4,64.01,704.09,1.601,0.0191,4.1563,2.931,13.0,0.0,0.0,BENIGN_WEB
29.479,43.0,12.0,31.0,41221.53,10292.03,30929.5,1398.33,1.46,-0.5006,958.64,447.48,287.42,1500.0,876.13,903.66,0.3926,685.56,509.0,137.11,1508.23,0.7425,0.0525,4.8862,2.4271,20.0,0.0,0.0,BENIGN_WEB
99.3284,1848.0,381.0,1467.0,2362798.86,170312.05,2192486.81,23787.74,18.6,-0.8558,1278.57,391.28,691.65,1500.0,1164.74,1156.97,0.1879,10.77,5.18,2.15,23.7,0.4809,0.1151,3.4975,2.9354,11.0,0.0,0.0,BENIGN_STREAMING
126.0393,613.0,88.0,525.0,799796.14,27484.1,772312.03,6345.61,4.86,-0.9313,1304.72,297.41,858.62,1500.0,1308.44,1366.85,0.3184,16.35,10.95,3.27,35.96,0.6696,0.0509,3.5496,2.7365,22.0,0.0,0.0,BENIGN_STREAMING
30.6191,77.0,27.0,50.0,76623.52,21650.05,54973.47,2502.48,2.51,-0.4349,995.11,532.96,195.67,1500.0,979.19,921.47,0.5198,397.65,392.11,79.53,874.83,0.9861,0.0375,4.4701,2.4731,12.0,0.0,0.0,BENIGN_WEB
18.0695,1309.0,222.0,1087.0,1609488.19,128915.96,1480572.23,89072.19,72.44,-0.8398,1229.56,296.75,784.43,1500.0,1321.03,1308.04,0.5614,27.69,14.05,5.54,60.91,0.5074,0.1543,3.7952,2.2809,19.0,0.0,0.0,BENIGN_STREAMING
30.6073,34.0,12.0,22.0,30387.41,8030.86,22356.54,992.82,1.11,-0.4714,893.75,521.9,110.9,1500.0,786.73,874.58,0.2962,900.21,1123.36,180.04,1980.47,1.2479,0.0281,4.3799,2.5525,19.0,0.0,0.0,BENIGN_WEB
140.2222,1189.0,179.0,1010.0,1588385.01,43509.73,1544875.28,11327.63,8.48,-0.9452,1335.9,391.35,748.87,1500.0,1499.92,1258.55,0.5802,15.14,11.51,3.03,33.31,0.7605,0.1081,3.5473,2.5635,13.0,0.0,0.0,BENIGN_STREAMING
27.9118,68.0,22.0,46.0,66379.18,8069.51,58309.67,2378.18,2.44,-0.7569,976.16,406.2,366.87,1500.0,1081.19,1033.67,0.5589,410.47,411.69,82.09,903.03,1.003,0.0801,4.2468,2.9623,19.0,0.0,0.0,BENIGN_WEB
4.7696,35.0,14.0,21.0,31683.72,7791.59,23892.13,6642.82,7.34,-0.5082,905.25,518.5,127.5,1500.0,770.28,932.13,0.6045,136.27,182.82,27.25,299.8,1.3416,0.0834,4.0691,2.6999,19.0,0.0,0.0,BENIGN_WEB
44.7197,1714.0,365.0,1349.0,2421628.34,258224.61,2163403.74,54151.28,38.33,-0.7867,1412.85,341.29,900.92,1500.0,1514.77,1504.34,0.6166,18.94,8.06,3.79,41.66,0.4258,0.0797,2.9226,2.7472,18.0,0.0,0.0,BENIGN_STREAMING
4.6004,78.0,28.0,50.0,52158.04,14895.01,37263.02,11337.83,16.96,-0.4289,668.69,574.29,40.0,1500.0,758.23,615.68,0.559,58.98,50.61,11.8,129.75,0.8581,0.1146,4.1374,2.449,13.0,0.0,0.0,BENIGN_WEB
23.8643,1339.0,233.0,1106.0,1733508.42,76410.45,1657097.98,72640.09,56.11,-0.9118,1294.63,365.0,747.14,1500.0,1145.03,1291.57,0.1883,16.03,7.27,3.21,35.26,0.4538,0.082,3.1956,2.4369,10.0,0.0,0.0,BENIGN_STREAMING
126.4206,2044.0,301.0,1743.0,2577692.9,117581.57,2460111.32,20389.82,16.17,-0.9088,1261.1,263.79,865.41,1500.0,1131.59,1342.82,0.2644,13.88,5.66,2.78,30.55,0.408,0.1444,3.3397,2.2749,17.0,0.0,0.0,BENIGN_STREAMING
11.5865,31.0,10.0,21.0,32233.35,5078.66,27154.69,2781.96,2.68,-0.6849,1039.79,410.66,423.8,1500.0,1051.62,1061.85,0.5351,373.76,273.09,74.75,822.27,0.7306,0.1112,3.9578,2.6658,18.0,0.0,0.0,BENIGN_WEB
86.7041,1454.0,284.0,1170.0,1930853.81,171395.28,1759458.53,22269.47,16.77,-0.8225,1327.96,407.52,716.69,1500.0,1421.47,1447.57,0.5026,24.29,12.49,4.86,53.43,0.5141,0.0665,3.0587,2.2454,14.0,0.0,0.0,BENIGN_STREAMING
49.0431,820.0,165.0,655.0,998401.77,47181.86,951219.91,20357.64,16.72,-0.9055,1217.56,350.24,692.21,1500.0,1078.38,1136.36,0.5723,11.44,7.88,2.29,25.17,0.689,0.0961,2.9078,2.3216,21.0,0.0,0.0,BENIGN_STREAMING
48.8653,1614.0,217.0,1397.0,2114600.76,118458.37,1996142.38,43274.09,33.03,-0.888,1310.16,285.82,881.43,1500.0,1274.93,1227.03,0.4495,7.45,4.7,1.49,16.39,0.6315,0.0909,3.0018,2.4415,18.0,0.0,0.0,BENIGN_STREAMING
17.875,58.0,16.0,42.0,38420.5,10911.99,27508.51,2149.4,3.24,-0.432,662.42,459.05,40.0,1488.71,738.0,661.42,0.5357,308.19,242.62,61.64,678.02,0.7873,0.1369,4.4231,2.5213,12.0,0.0,0.0,BENIGN_WEB
27.9709,57.0,18.0,39.0,60479.98,17500.37,42979.61,2162.25,2.04,-0.4213,1061.05,375.36,498.02,1500.0,1082.68,1062.93,0.2568,490.72,750.54,98.14,1079.58,1.5295,0.0948,4.1863,3.0089,16.0,0.0,0.0,BENIGN_WEB
22.7834,68.0,21.0,47.0,69967.12,7082.36,62884.76,3070.97,2.98,-0.7976,1028.93,414.67,406.92,1500.0,1054.12,1099.83,0.3276,335.05,435.53,67.01,737.11,1.2999,0.0431,4.3529,2.5996,14.0,0.0,0.0,BENIGN_WEB
25.3159,82.0,33.0,49.0,67324.49,8866.01,58458.48,2659.38,3.24,-0.7366,821.03,500.76,69.89,1500.0,794.58,828.37,0.2686,308.73,495.55,61.75,679.21,1.6051,0.0459,3.9523,2.8713,13.0,0.0,0.0,BENIGN_WEB
54.4549,907.0,157.0,750.0,1223185.25,122840.58,1100344.68,22462.37,16.66,-0.7991,1348.61,372.07,790.51,1500.0,1146.5,1163.31,0.2076,19.62,14.55,3.92,43.17,0.7415,0.077,3.1504,2.6849,23.0,0.0,0.0,BENIGN_STREAMING
16.9883,44.0,17.0,27.0,44003.57,11887.94,32115.63,2590.23,2.59,-0.4597,1000.08,568.17,147.82,1500.0,913.56,1076.56,0.2289,386.1,501.76,77.22,849.42,1.2996,0.1069,4.6678,2.2857,14.0,0.0,0.0,BENIGN_WEB
31.6753,33.0,12.0,21.0,30782.66,8086.09,22696.57,971.82,1.04,-0.4746,932.81,336.46,428.11,1500.0,904.14,1041.94,0.2222,959.86,1620.27,191.97,2111.69,1.688,0.0501,4.2023,2.7827,13.0,0.0,0.0,BENIGN_WEB
25.936,33.0,9.0,24.0,21670.71,6104.93,15565.78,835.54,1.27,-0.4366,656.69,540.69,40.0,1500.0,631.63,573.95,0.5934,785.94,1001.48,157.19,1729.07,1.2742,0.1325,3.7495,2.7063,9.0,0.0,0.0,BENIGN_WEB
28.671,1710.0,219.0,1491.0,2405013.31,174857.3,2230156.02,83883.16,59.64,-0.8546,1406.44,389.69,821.9,1500.0,1312.2,1385.55,0.473,8.29,4.58,1.66,18.23,0.5523,0.1499,3.4623,2.6338,16.0,0.0,0.0,BENIGN_STREAMING
27.7673,58.0,21.0,37.0,48003.13,9189.51,38813.62,1728.76,2.09,-0.6171,827.64,467.0,127.14,1500.0,903.07,739.39,0.2159,478.75,550.46,95.75,1053.24,1.1498,0.1006,4.3401,2.4232,19.0,0.0,0.0,BENIGN_WEB
31.4673,39.0,13.0,26.0,30680.36,8298.21,22382.15,974.99,1.24,-0.4591,786.68,381.82,213.94,1473.96,722.25,708.0,0.5128,806.85,1057.28,161.37,1775.08,1.3104,0.084,4.6864,3.0755,15.0,0.0,0.0,BENIGN_WEB
27.9471,1609.0,244.0,1365.0,2181487.08,74596.86,2106890.22,78057.82,57.57,-0.9316,1355.8,322.35,872.28,1500.0,1224.74,1414.17,0.2387,7.29,5.17,1.46,16.04,0.7098,0.0848,3.7289,2.2368,23.0,0.0,0.0,BENIGN_STREAMING
11.9982,27.0,9.0,18.0,21305.13,4400.5,16904.63,1775.69,2.25,-0.5869,789.08,475.07,76.48,1500.0,888.44,846.52,0.5216,444.38,676.04,88.88,977.63,1.5213,0.0943,3.9798,2.3636,10.0,0.0,0.0,BENIGN_WEB
9.0596,80.0,24.0,56.0,69278.98,12631.35,56647.63,7646.99,8.83,-0.6353,865.99,571.76,40.0,1500.0,883.78,765.19,0.2311,113.25,194.81,22.65,249.14,1.7202,0.0398,4.7891,2.7626,11.0,0.0,0.0,BENIGN_WEB
24.8374,34.0,9.0,25.0,25685.41,2776.01,22909.39,1034.14,1.37,-0.7838,755.45,333.39,255.37,1355.55,696.93,653.53,0.5253,730.51,1257.79,146.1,1607.12,1.7218,0.0413,3.8035,2.2002,11.0,0.0,0.0,BENIGN_WEB
23.5608,83.0,25.0,58.0,64298.94,6129.25,58169.69,2729.07,3.52,-0.8094,774.69,461.75,82.06,1500.0,681.82,784.37,0.5975,283.86,422.95,56.77,624.5,1.49,0.0328,4.6042,2.3134,21.0,0.0,0.0,BENIGN_WEB
19.0599,73.0,30.0,43.0,57040.66,10043.0,46997.65,2992.71,3.83,-0.6479,781.38,348.24,259.02,1408.21,839.85,810.95,0.579,261.09,273.31,52.22,574.41,1.0468,0.0494,3.8921,2.8943,14.0,0.0,0.0,BENIGN_WEB
10.9131,44.0,15.0,29.0,32891.48,9245.18,23646.3,3013.93,4.03,-0.4378,747.53,481.68,40.0,1500.0,741.88,635.97,0.4506,248.03,199.75,49.61,545.66,0.8053,0.0792,4.9913,2.4235,18.0,0.0,0.0,BENIGN_WEB
14.4337,82.0,30.0,52.0,55612.89,7379.44,48233.46,3852.98,5.68,-0.7346,678.21,530.0,40.0,1500.0,669.86,659.68,0.3075,176.02,264.96,35.2,387.25,1.5052,0.1097,4.9706,2.765,9.0,0.0,0.0,BENIGN_WEB
7.6229,34.0,12.0,22.0,23712.31,5473.73,18238.58,3110.67,4.46,-0.5383,697.42,545.5,40.0,1500.0,782.77,757.01,0.3163,224.2,258.87,44.84,493.25,1.1546,0.0816,4.6284,2.6945,18.0,0.0,0.0,BENIGN_WEB
67.3227,1323.0,287.0,1036.0,1690415.68,173744.8,1516670.89,25109.14,19.65,-0.7944,1277.71,244.83,910.47,1500.0,1389.9,1197.63,0.2144,17.64,8.4,3.53,38.81,0.4763,0.1322,2.932,2.7775,22.0,0.0,0.0,BENIGN_STREAMING
119.2949,554.0,82.0,472.0,773594.47,36934.56,736659.91,6484.73,4.64,-0.9045,1396.38,363.14,851.67,1500.0,1271.71,1331.56,0.6103,20.01,10.37,4.0,44.02,0.5185,0.0922,3.3118,2.4515,22.0,0.0,0.0,BENIGN_STREAMING
14.7247,84.0,31.0,53.0,79933.89,22014.43,57919.46,5428.57,5.7,-0.4492,951.59,571.3,94.64,1500.0,1033.73,871.67,0.2502,175.29,300.64,35.06,385.65,1.7151,0.0172,4.0759,2.2928,13.0,0.0,0.0,BENIGN_WEB
105.3726,404.0,72.0,332.0,530674.4,47123.74,483550.66,5036.17,3.83,-0.8224,1313.55,393.26,723.67,1500.0,1248.23,1211.18,0.5424,22.68,11.48,4.54,49.9,0.5064,0.0849,3.2841,2.4286,14.0,0.0,0.0,BENIGN_STREAMING
1.844,68.0,26.0,42.0,56228.29,15776.03,40452.27,30492.74,36.88,-0.4389,826.89,425.09,189.25,1500.0,785.16,802.05,0.2953,27.12,33.97,5.42,59.66,1.2527,0.068,4.4467,2.6995,12.0,0.0,0.0,BENIGN_WEB
132.8906,1323.0,202.0,1121.0,1817589.59,90204.24,1727385.35,13677.34,9.96,-0.9007,1373.84,273.99,962.85,1500.0,1395.71,1339.17,0.586,20.4,14.84,4.08,44.88,0.7273,0.1509,3.5981,2.997,16.0,0.0,0.0,BENIGN_STREAMING
5.7525,24.0,7.0,17.0,15039.97,4189.91,10850.06,2614.49,4.17,-0.4428,626.67,554.19,40.0,1500.0,538.27,542.54,0.5912,239.69,293.57,47.94,527.32,1.2248,0.1166,4.7249,2.1977,19.0,0.0,0.0,BENIGN_WEB
14.8312,25.0,10.0,15.0,22905.38,5297.14,17608.24,1544.4,1.69,-0.5375,916.22,563.68,70.69,1500.0,857.58,852.83,0.3885,593.25,975.97,118.65,1305.15,1.6451,0.0679,4.303,2.3886,14.0,0.0,0.0,BENIGN_WEB
31.1266,72.0,25.0,47.0,52698.18,8874.07,43824.11,1693.02,2.31,-0.6632,731.92,497.9,40.0,1500.0,806.79,714.96,0.6007,432.31,382.41,86.46,951.09,0.8846,0.0889,4.5038,2.2785,8.0,0.0,0.0,BENIGN_WEB
8.2176,25.0,7.0,18.0,21296.89,4197.49,17099.39,2591.63,3.04,-0.6058,851.88,439.25,193.0,1500.0,832.66,846.08,0.5,328.7,422.07,65.74,723.15,1.284,0.0275,4.6322,2.3746,13.0,0.0,0.0,BENIGN_WEB
21.4878,53.0,21.0,32.0,38269.34,7523.4,30745.94,1780.98,2.47,-0.6068,722.06,457.56,40.0,1500.0,725.65,767.86,0.4715,405.43,706.13,81.09,891.95,1.7417,0.0682,3.6424,2.9115,13.0,0.0,0.0,BENIGN_WEB
110.9961,260.0,47.0,213.0,353011.97,18334.77,334677.2,3180.4,2.34,-0.8961,1357.74,292.76,918.6,1500.0,1503.8,1339.66,0.4227,16.4,11.89,3.28,36.07,0.7254,0.0565,3.5633,2.5176,13.0,0.0,0.0,BENIGN_STREAMING
25.3585,60.0,23.0,37.0,45841.71,4737.37,41104.34,1807.74,2.37,-0.7933,764.03,504.69,40.0,1500.0,780.13,759.5,0.5598,422.64,504.75,84.53,929.81,1.1943,0.0265,4.2202,2.8097,14.0,0.0,0.0,BENIGN_WEB
6.8392,79.0,32.0,47.0,59302.56,16877.95,42424.61,8670.93,11.55,-0.4308,750.67,465.51,52.39,1500.0,824.26,640.95,0.4969,86.57,68.15,17.31,190.46,0.7872,0.0712,3.6969,2.606,21.0,0.0,0.0,BENIGN_WEB
10.7866,41.0,16.0,25.0,34686.96,9774.44,24912.52,3215.75,3.8,-0.4364,846.02,335.87,342.22,1450.59,753.93,837.39,0.4979,263.09,206.53,52.62,578.79,0.785,0.0748,4.3525,2.2935,11.0,0.0,0.0,BENIGN_WEB
8.7177,56.0,15.0,41.0,48180.79,9448.66,38732.13,5526.75,6.42,-0.6078,860.37,482.27,136.97,1500.0,750.69,808.73,0.397,155.67,194.51,31.13,342.48,1.2495,0.031,4.0173,2.3681,16.0,0.0,0.0,BENIGN_WEB
18.1971,19.0,7.0,12.0,13146.99,1853.41,11293.58,722.48,1.04,-0.718,691.95,376.87,126.64,1370.32,658.21,641.25,0.4188,957.74,1127.92,191.55,2107.03,1.1777,0.0226,4.2348,2.8083,10.0,0.0,0.0,BENIGN_WEB
33.493,1771.0,346.0,1425.0,2090520.15,217132.29,1873387.87,62416.58,52.88,-0.7923,1180.42,336.73,675.33,1500.0,1192.28,1120.85,0.2542,22.32,8.99,4.46,49.1,0.403,0.1284,3.2319,2.9006,17.0,0.0,0.0,BENIGN_STREAMING
150.7845,840.0,157.0,683.0,999615.26,100826.76,898788.5,6629.43,5.57,-0.7983,1190.02,401.06,588.43,1500.0,1328.03,1067.71,0.3782,6.51,3.14,1.3,14.33,0.4823,0.0866,3.2112,2.6625,15.0,0.0,0.0,BENIGN_STREAMING
4.554,58.0,21.0,37.0,52496.01,14340.88,38155.14,11527.33,12.74,-0.4536,905.1,396.83,309.86,1500.0,770.44,898.86,0.5343,78.52,90.46,15.7,172.74,1.1521,0.0349,4.4345,2.3781,15.0,0.0,0.0,BENIGN_WEB
26.7903,1807.0,320.0,1487.0,2181885.9,176642.71,2005243.19,81443.19,67.45,-0.8381,1207.46,359.12,668.78,1500.0,1060.45,1064.8,0.4254,15.95,7.28,3.19,35.1,0.4561,0.0734,3.7429,2.981,11.0,0.0,0.0,BENIGN_STREAMING
152.5392,685.0,83.0,602.0,872466.39,29746.84,842719.55,5719.62,4.49,-0.9318,1273.67,276.01,859.66,1500.0,1403.88,1228.68,0.6009,26.59,19.44,5.32,58.51,0.7309,0.0953,3.4471,2.3764,16.0,0.0,0.0,BENIGN_STREAMING
35.9299,538.0,107.0,431.0,773854.48,64202.65,709651.83,21537.89,14.97,-0.8341,1438.39,301.09,986.76,1500.0,1640.55,1225.44,0.245,20.31,15.23,4.06,44.69,0.7496,0.1027,3.6627,2.9937,10.0,0.0,0.0,BENIGN_STREAMING
19.463,55.0,22.0,33.0,39849.4,10828.84,29020.56,2047.45,2.83,-0.4565,724.53,503.0,40.0,1500.0,789.47,795.45,0.2859,353.87,447.17,70.77,778.52,1.2636,0.1157,4.9062,2.9368,8.0,0.0,0.0,BENIGN_WEB
156.8953,1684.0,295.0,1389.0,2279857.16,213371.66,2066485.5,14531.08,10.73,-0.8128,1353.83,331.51,856.57,1500.0,1466.98,1369.65,0.5636,24.04,14.42,4.81,52.9,0.5996,0.0754,3.4374,2.7666,18.0,0.0,0.0,BENIGN_STREAMING
11.4992,80.0,23.0,57.0,53964.54,6828.5,47136.04,4692.9,6.96,-0.7469,674.56,347.72,152.97,1300.46,638.45,767.53,0.4211,143.74,211.64,28.75,316.23,1.4724,0.0339,4.7064,2.4402,11.0,0.0,0.0,BENIGN_WEB
28.2411,1422.0,289.0,1133.0,1747459.24,189920.45,1557538.79,61876.36,50.35,-0.7826,1228.87,301.04,777.31,1500.0,1253.57,1293.1,0.54,23.38,9.83,4.68,51.44,0.4203,0.1297,3.4706,2.7548,21.0,0.0,0.0,BENIGN_STREAMING
27.9733,67.0,26.0,41.0,46442.07,13374.2,33067.87,1660.23,2.4,-0.424,693.17,546.16,40.0,1500.0,699.39,607.14,0.5429,417.51,719.05,83.5,918.53,1.7222,0.1007,4.7071,2.7977,8.0,0.0,0.0,BENIGN_WEB
150.9945,378.0,69.0,309.0,449227.03,36664.54,412562.49,2975.12,2.5,-0.8368,1188.43,294.88,746.11,1500.0,1361.96,1226.45,0.2875,9.74,5.57,1.95,21.44,0.5716,0.1412,3.3438,2.3865,12.0,0.0,0.0,BENIGN_STREAMING
15.4952,22.0,8.0,14.0,22056.25,4835.56,17220.69,1423.42,1.42,-0.5615,1002.56,358.95,464.12,1500.0,1039.96,1080.89,0.3959,704.33,919.33,140.87,1549.52,1.3053,0.0638,4.9205,3.0453,12.0,0.0,0.0,BENIGN_WEB
16.9189,60.0,20.0,40.0,55071.51,8769.39,46302.11,3255.02,3.55,-0.6815,917.86,504.06,161.77,1500.0,898.51,892.44,0.4249,281.98,325.92,56.4,620.36,1.1558,0.1116,4.367,2.3783,8.0,0.0,0.0,BENIGN_WEB
144.4734,1517.0,278.0,1239.0,1844795.25,166800.05,1677995.2,12769.1,10.5,-0.8192,1216.08,296.11,771.91,1500.0,1298.02,1140.33,0.2347,25.29,13.53,5.06,55.65,0.5351,0.138,3.8624,2.3746,23.0,0.0,0.0,BENIGN_STREAMING
152.8715,760.0,122.0,638.0,989444.22,33742.67,955701.56,6472.39,4.97,-0.9318,1301.9,262.71,907.83,1500.0,1494.7,1403.09,0.375,26.63,19.62,5.33,58.58,0.7368,0.105,3.3817,2.91,20.0,0.0,0.0,BENIGN_STREAMING
80.6404,433.0,90.0,343.0,612175.28,57452.44,554722.84,7591.43,5.37,-0.8123,1413.8,393.36,823.75,1500.0,1606.56,1378.2,0.538,7.56,3.32,1.51,16.63,0.4395,0.1351,3.8606,2.973,21.0,0.0,0.0,BENIGN_STREAMING
17.9237,22.0,8.0,14.0,15337.51,1836.9,13500.61,855.71,1.23,-0.7605,697.16,501.97,40.0,1500.0,776.51,661.34,0.495,814.71,742.33,162.94,1792.37,0.9112,0.0638,4.5553,2.4105,10.0,0.0,0.0,BENIGN_WEB
3.7325,57.0,18.0,39.0,54997.78,14997.42,40000.36,14734.98,15.27,-0.4546,964.87,325.25,477.01,1500.0,889.72,863.56,0.2429,65.48,48.84,13.1,144.06,0.7459,0.0408,4.0895,2.4168,8.0,0.0,0.0,BENIGN_WEB
12.6218,22.0,8.0,14.0,18206.98,4016.88,14190.1,1442.51,1.74,-0.5588,827.59,466.59,127.7,1500.0,879.91,826.37,0.606,573.72,886.5,114.74,1262.18,1.5452,0.0314,3.9845,3.0199,14.0,0.0,0.0,BENIGN_WEB
9.5893,65.0,22.0,43.0,57586.44,7991.37,49595.07,6005.28,6.78,-0.7225,885.95,514.86,113.66,1500.0,787.32,909.67,0.5913,147.53,148.0,29.51,324.56,1.0032,0.0437,3.8389,2.5517,12.0,0.0,0.0,BENIGN_WEB
25.7944,80.0,33.0,47.0,71241.08,10636.93,60604.15,2761.88,3.1,-0.7014,890.51,521.65,108.03,1500.0,1014.93,913.18,0.5455,322.43,460.14,64.49,709.35,1.4271,0.0506,3.6745,2.4824,13.0,0.0,0.0,BENIGN_WEB
15.0513,25.0,7.0,18.0,22672.68,5128.06,17544.61,1506.36,1.66,-0.5476,906.91,523.7,121.35,1500.0,1035.47,801.82,0.5183,602.05,524.44,120.41,1324.51,0.8711,0.0352,4.5005,3.0325,15.0,0.0,0.0,BENIGN_WEB
123.4706,1589.0,200.0,1389.0,1952792.29,183773.66,1769018.63,15815.85,12.87,-0.8118,1228.94,351.39,701.86,1500.0,1307.24,1304.64,0.4265,9.88,6.75,1.98,21.73,0.6838,0.1738,3.2447,2.9523,10.0,0.0,0.0,BENIGN_STREAMING
13.4027,68.0,27.0,41.0,67242.81,16598.42,50644.39,5017.12,5.07,-0.5063,988.86,378.68,420.84,1500.0,1014.74,1024.83,0.2378,197.1,234.22,39.42,433.62,1.1884,0.0148,4.6015,2.3896,9.0,0.0,0.0,BENIGN_WEB
6.0421,69.0,19.0,50.0,67916.91,11587.19,56329.72,11240.56,11.42,-0.6588,984.3,401.69,381.76,1500.0,970.66,1000.56,0.4174,87.57,63.34,17.51,192.65,0.7233,0.1245,3.7152,2.6995,21.0,0.0,0.0,BENIGN_WEB
23.9848,17.0,5.0,12.0,17854.91,3926.06,13928.85,744.43,0.71,-0.5602,1050.29,413.65,429.81,1500.0,991.55,1147.8,0.4919,1410.87,2229.93,282.17,3103.92,1.5805,0.0232,5.0638,3.0288,8.0,0.0,0.0,BENIGN_WEB
136.599,800.0,151.0,649.0,1029264.65,107368.33,921896.32,7534.94,5.86,-0.7914,1286.58,369.57,732.23,1500.0,1230.81,1395.95,0.4734,20.6,12.42,4.12,45.32,0.6031,0.1781,3.4045,2.5728,22.0,0.0,0.0,BENIGN_STREAMING
5.2333,42.0,14.0,28.0,33295.28,9479.27,23816.01,6362.17,8.03,-0.4306,792.74,520.63,40.0,1500.0,674.4,873.54,0.3711,124.6,116.07,24.92,274.13,0.9315,0.1081,4.548,3.0254,10.0,0.0,0.0,BENIGN_WEB
28.7794,37.0,14.0,23.0,36785.06,6542.4,30242.66,1278.17,1.29,-0.6443,994.19,494.72,252.1,1500.0,989.89,1130.69,0.3092,777.82,1203.8,155.56,1711.21,1.5477,0.0302,4.5777,2.2923,8.0,0.0,0.0,BENIGN_WEB
29.4207,70.0,25.0,45.0,70091.5,17074.46,53017.04,2382.39,2.38,-0.5128,1001.31,521.95,218.39,1500.0,1136.84,1115.5,0.2504,420.3,538.69,84.06,924.65,1.2817,0.0416,5.0465,2.1822,16.0,0.0,0.0,BENIGN_WEB
89.2302,1031.0,163.0,868.0,1262127.33,77222.18,1184905.16,14144.63,11.55,-0.8776,1224.18,419.91,594.32,1500.0,1048.94,1156.04,0.2161,9.74,3.71,1.95,21.43,0.3809,0.1397,3.6052,2.223,18.0,0.0,0.0,BENIGN_STREAMING
31.8574,34.0,12.0,22.0,35090.39,3909.72,31180.67,1101.48,1.07,-0.7772,1032.07,450.9,355.73,1500.0,1164.99,1058.4,0.2276,936.98,996.44,187.4,2061.36,1.0635,0.1137,4.0739,2.9296,18.0,0.0,0.0,BENIGN_WEB
27.625,23.0,7.0,16.0,24097.14,2380.82,21716.32,872.3,0.83,-0.8024,1047.7,357.35,511.68,1500.0,1108.2,1003.45,0.3204,1201.09,861.77,240.22,2642.39,0.7175,0.046,4.853,2.3033,10.0,0.0,0.0,BENIGN_WEB
46.3596,1142.0,188.0,954.0,1576195.92,164075.07,1412120.84,33999.35,24.63,-0.7918,1380.21,414.74,758.09,1500.0,1213.14,1378.84,0.306,7.33,3.84,1.47,16.12,0.5239,0.1697,3.116,2.8741,17.0,0.0,0.0,BENIGN_STREAMING
4.3952,73.0,29.0,44.0,60486.44,5453.97,55032.47,13761.91,16.61,-0.8197,828.58,505.76,69.94,1500.0,949.74,869.07,0.3665,60.21,82.33,12.04,132.46,1.3674,0.0341,4.9528,2.5884,21.0,0.0,0.0,BENIGN_WEB
5.2258,16.0,5.0,11.0,10025.68,1530.12,8495.56,1918.48,3.06,-0.6948,626.6,345.05,109.03,1247.69,668.31,673.95,0.2776,326.61,406.34,65.32,718.55,1.2441,0.0844,4.2479,2.8789,9.0,0.0,0.0,BENIGN_WEB
11.197,37.0,14.0,23.0,34887.96,7206.04,27681.92,3115.84,3.3,-0.5869,942.92,358.93,404.53,1500.0,873.71,1026.79,0.5201,302.62,404.03,60.52,665.77,1.3351,0.1053,5.0594,2.3657,9.0,0.0,0.0,BENIGN_WEB
98.199,2158.0,410.0,1748.0,3016371.56,95363.64,2921007.92,30716.93,21.98,-0.9368,1397.76,328.52,904.99,1500.0,1603.79,1193.69,0.4705,12.66,6.21,2.53,27.86,0.4902,0.1766,3.0892,2.4563,16.0,0.0,0.0,BENIGN_STREAMING
29.9901,34.0,11.0,23.0,28858.89,8309.38,20549.51,962.28,1.13,-0.4241,848.79,468.24,146.43,1500.0,888.71,756.9,0.3147,882.06,961.76,176.41,1940.53,1.0904,0.1038,3.8792,2.8249,16.0,0.0,0.0,BENIGN_WEB
114.4454,554.0,91.0,463.0,767499.31,76982.83,690516.48,6706.25,4.84,-0.7994,1385.38,270.47,979.67,1500.0,1483.88,1438.83,0.5202,17.56,8.99,3.51,38.63,0.5121,0.099,3.8523,2.6482,13.0,0.0,0.0,BENIGN_STREAMING
66.0207,1676.0,209.0,1467.0,2167707.26,221162.66,1946544.6,32833.77,25.39,-0.7959,1293.38,293.74,852.77,1500.0,1106.12,1104.01,0.4397,10.25,4.03,2.05,22.55,0.3932,0.1587,3.023,2.2076,11.0,0.0,0.0,BENIGN_STREAMING
28.5172,82.0,28.0,54.0,57618.96,14924.26,42694.7,2020.5,2.88,-0.482,702.67,362.81,158.45,1355.74,723.14,601.92,0.6028,347.77,535.33,69.55,765.1,1.5393,0.0114,4.397,2.601,10.0,0.0,0.0,BENIGN_WEB
87.0712,846.0,153.0,693.0,1181951.31,31341.78,1150609.53,13574.53,9.72,-0.947,1397.11,274.34,985.6,1500.0,1590.35,1539.79,0.342,6.93,4.01,1.39,15.25,0.5785,0.0748,3.6219,2.6351,18.0,0.0,0.0,BENIGN_STREAMING
32.2133,659.0,98.0,561.0,884534.77,66171.87,818362.9,27458.7,20.46,-0.8504,1342.24,317.46,866.05,1500.0,1222.07,1246.93,0.2764,11.63,8.89,2.33,25.58,0.7644,0.0964,3.5887,2.8815,21.0,0.0,0.0,BENIGN_STREAMING
46.3338,290.0,36.0,254.0,391401.38,42140.42,349260.96,8447.43,6.26,-0.7847,1349.66,341.14,837.95,1500.0,1364.08,1361.68,0.446,16.62,12.52,3.32,36.56,0.7534,0.0925,3.3238,2.8959,12.0,0.0,0.0,BENIGN_STREAMING
16.6123,81.0,22.0,59.0,69632.97,18454.62,51178.36,4191.64,4.88,-0.4699,859.67,438.33,202.17,1500.0,876.4,818.25,0.474,205.09,303.28,41.02,451.2,1.4788,0.096,4.4678,2.9915,11.0,0.0,0.0,BENIGN_WEB
11.0933,29.0,9.0,20.0,30315.44,3310.4,27005.04,2732.78,2.61,-0.7816,1045.36,469.25,341.49,1500.0,1152.34,1057.44,0.3995,382.53,588.32,76.51,841.56,1.538,0.1266,3.6825,2.7132,11.0,0.0,0.0,BENIGN_WEB
24.7914,18.0,7.0,11.0,13669.58,3879.53,9790.05,551.38,0.73,-0.4324,759.42,488.1,40.0,1500.0,755.66,815.22,0.4786,1377.3,2285.1,275.46,3030.06,1.6591,0.0192,4.7015,2.2668,15.0,0.0,0.0,BENIGN_WEB
103.7542,2042.0,268.0,1774.0,2530967.08,69521.82,2461445.25,24393.89,19.68,-0.9451,1239.45,254.66,857.47,1500.0,1245.4,1202.59,0.4314,22.49,10.83,4.5,49.48,0.4816,0.1545,3.8588,2.5033,23.0,0.0,0.0,BENIGN_STREAMING
36.9516,440.0,92.0,348.0,633258.63,37173.56,596085.07,17137.52,11.91,-0.8826,1439.22,387.67,857.72,1500.0,1473.01,1277.72,0.3392,19.89,9.0,3.98,43.75,0.4526,0.0988,3.3725,2.5747,13.0,0.0,0.0,BENIGN_STREAMING
30.0713,31.0,12.0,19.0,27473.08,3572.34,23900.74,913.6,1.03,-0.7399,886.23,488.86,152.93,1500.0,793.15,987.54,0.2621,970.04,751.7,194.01,2134.09,0.7749,0.0357,4.0554,2.2499,12.0,0.0,0.0,BENIGN_WEB
5.9981,71.0,24.0,47.0,74885.92,10029.36,64856.56,12484.84,11.84,-0.7321,1054.73,457.36,368.69,1500.0,896.7,1163.89,0.1929,84.48,144.4,16.9,185.86,1.7093,0.0561,4.6205,2.5005,18.0,0.0,0.0,BENIGN_WEB
62.0763,2036.0,399.0,1637.0,2890157.23,256652.59,2633504.64,46558.17,32.8,-0.8224,1419.53,370.01,864.51,1500.0,1384.13,1302.24,0.2093,10.35,6.49,2.07,22.76,0.6277,0.0938,3.8128,2.2638,13.0,0.0,0.0,BENIGN_STREAMING
39.9609,794.0,128.0,666.0,1116097.74,93078.64,1023019.1,27929.73,19.87,-0.8332,1405.66,263.44,1010.5,1500.0,1413.73,1555.31,0.4734,24.57,11.33,4.91,54.05,0.4611,0.0633,3.0365,2.243,22.0,0.0,0.0,BENIGN_STREAMING
118.2561,1446.0,261.0,1185.0,1818584.74,47375.41,1771209.33,15378.36,12.23,-0.9479,1257.67,354.08,726.55,1500.0,1377.46,1114.76,0.4966,21.07,14.9,4.21,46.34,0.7075,0.1568,3.6565,2.6841,14.0,0.0,0.0,BENIGN_STREAMING
25.8381,83.0,25.0,58.0,88081.12,15454.67,72626.46,3408.97,3.21,-0.6491,1061.22,327.08,570.6,1500.0,1201.96,1085.05,0.2167,311.3,358.34,62.26,684.86,1.1511,0.0955,4.1696,2.9676,20.0,0.0,0.0,BENIGN_WEB
138.2817,1497.0,277.0,1220.0,1802836.08,122904.05,1679932.04,13037.42,10.83,-0.8637,1204.3,280.26,783.91,1500.0,1153.32,1225.44,0.2454,17.69,11.21,3.54,38.92,0.6338,0.1677,3.513,2.3321,21.0,0.0,0.0,BENIGN_STREAMING
3.5133,65.0,25.0,40.0,43074.57,6394.3,36680.27,12260.35,18.5,-0.7031,662.69,533.88,40.0,1500.0,675.14,597.28,0.524,54.05,44.2,10.81,118.91,0.8177,0.0294,3.6604,2.6434,9.0,0.0,0.0,BENIGN_WEB
16.318,33.0,10.0,23.0,34075.03,4934.44,29140.59,2088.18,2.02,-0.7104,1032.58,441.05,371.0,1500.0,882.07,945.55,0.4439,494.49,577.86,98.9,1087.87,1.1686,0.1058,4.108,2.8283,8.0,0.0,0.0,BENIGN_WEB
100.0914,1732.0,266.0,1466.0,2260861.51,128685.12,2132176.39,22587.97,17.3,-0.8862,1305.35,340.37,794.8,1500.0,1193.54,1238.48,0.5553,15.61,8.1,3.12,34.35,0.5191,0.1218,3.8062,2.9894,16.0,0.0,0.0,BENIGN_STREAMING
13.3419,25.0,7.0,18.0,16744.81,4614.43,12130.37,1255.05,1.87,-0.4489,669.79,407.11,59.13,1402.58,710.17,659.63,0.3565,533.68,734.41,106.74,1174.09,1.3761,0.0164,5.0869,2.8358,11.0,0.0,0.0,BENIGN_WEB
47.934,1598.0,319.0,1279.0,2002734.17,112913.95,1889820.22,41781.09,33.34,-0.8872,1253.28,244.16,887.04,1500.0,1182.36,1171.31,0.5317,15.87,10.81,3.17,34.91,0.6815,0.1153,3.0501,2.3118,16.0,0.0,0.0,BENIGN_STREAMING
92.89,1431.0,182.0,1249.0,1856160.11,75962.5,1780197.61,19982.35,15.41,-0.9182,1297.11,357.15,761.38,1500.0,1195.56,1170.48,0.5504,17.25,11.59,3.45,37.95,0.672,0.0751,3.2997,2.6385,15.0,0.0,0.0,BENIGN_STREAMING
140.5735,1498.0,298.0,1200.0,2119241.27,197124.41,1922116.86,15075.68,10.66,-0.814,1414.71,415.84,790.96,1500.0,1487.53,1214.82,0.186,21.66,9.88,4.33,47.66,0.456,0.1114,3.4252,2.721,17.0,0.0,0.0,BENIGN_STREAMING
5.3817,82.0,27.0,55.0,56789.94,8943.91,47846.03,10552.39,15.24,-0.685,692.56,361.13,150.86,1342.6,606.76,766.65,0.4012,65.63,46.82,13.13,144.39,0.7133,0.0299,4.5105,2.1377,8.0,0.0,0.0,BENIGN_WEB
12.2563,70.0,19.0,51.0,47798.34,12076.93,35721.41,3899.91,5.71,-0.4947,682.83,574.0,40.0,1500.0,588.51,597.21,0.5599,175.09,250.24,35.02,385.2,1.4292,0.1198,4.6251,2.6647,15.0,0.0,0.0,BENIGN_WEB
8.3286,47.0,16.0,31.0,37268.48,6882.45,30386.03,4474.74,5.64,-0.6307,792.95,453.14,113.24,1500.0,765.97,756.9,0.2353,177.21,177.92,35.44,389.85,1.0041,0.0498,4.9521,2.2548,21.0,0.0,0.0,BENIGN_WEB
24.8666,23.0,8.0,15.0,14311.43,2984.1,11327.33,575.53,0.92,-0.583,622.24,349.89,97.4,1252.04,556.6,589.57,0.3555,1081.16,1517.34,216.23,2378.54,1.4034,0.061,4.9749,2.2369,8.0,0.0,0.0,BENIGN_WEB
26.6887,71.0,21.0,50.0,65113.12,13189.37,51923.75,2439.73,2.66,-0.5949,917.09,430.69,271.05,1500.0,991.37,815.19,0.2555,375.9,555.73,75.18,826.97,1.4784,0.1017,5.0729,2.8385,8.0,0.0,0.0,BENIGN_WEB
122.9332,680.0,134.0,546.0,945763.74,37362.52,908401.22,7693.32,5.53,-0.921,1390.83,242.31,1027.36,1500.0,1490.43,1531.4,0.4982,25.86,10.56,5.17,56.89,0.4085,0.1492,3.749,2.4442,12.0,0.0,0.0,BENIGN_STREAMING
23.2979,31.0,11.0,20.0,31177.73,5493.3,25684.43,1338.22,1.33,-0.6476,1005.73,479.34,286.73,1500.0,1148.76,1083.12,0.2552,751.55,1270.54,150.31,1653.4,1.6906,0.0228,4.0865,2.3323,8.0,0.0,0.0,BENIGN_WEB
156.0682,928.0,189.0,739.0,1168337.21,106282.25,1062054.97,7486.07,5.95,-0.8181,1258.98,403.96,653.04,1500.0,1089.06,1128.03,0.3262,21.75,11.73,4.35,47.86,0.539,0.0558,2.9195,2.5022,17.0,0.0,0.0,BENIGN_STREAMING
5.3104,62.0,19.0,43.0,61391.49,11902.27,49489.21,11560.66,11.68,-0.6123,990.19,578.54,122.38,1500.0,906.81,1123.24,0.4936,85.65,94.19,17.13,188.43,1.0997,0.0855,4.0429,2.4641,9.0,0.0,0.0,BENIGN_WEB
24.2716,69.0,20.0,49.0,71608.45,6807.57,64800.88,2950.3,2.84,-0.8099,1037.8,457.44,351.64,1500.0,939.31,1045.78,0.2902,351.76,351.14,70.35,773.88,0.9982,0.1129,4.5136,2.6874,19.0,0.0,0.0,BENIGN_WEB
146.4205,368.0,66.0,302.0,456134.3,41303.08,414831.22,3115.24,2.51,-0.8189,1239.5,311.05,772.92,1500.0,1110.15,1087.53,0.5001,17.52,10.66,3.5,38.55,0.6085,0.1702,3.2013,2.8851,13.0,0.0,0.0,BENIGN_STREAMING
4.7015,31.0,9.0,22.0,20954.42,5993.53,14960.89,4457.01,6.59,-0.4279,675.95,486.17,40.0,1500.0,624.93,747.11,0.5077,151.66,160.3,30.33,333.65,1.057,0.0107,4.9891,2.2731,15.0,0.0,0.0,BENIGN_WEB
18.5319,20.0,5.0,15.0,20120.68,4609.05,15511.64,1085.73,1.08,-0.5419,1006.03,413.06,386.45,1500.0,1037.66,1097.34,0.5358,926.59,650.95,185.32,2038.51,0.7025,0.0651,4.3042,2.6506,18.0,0.0,0.0,BENIGN_WEB
22.8422,49.0,19.0,30.0,35488.98,7938.3,27550.67,1553.66,2.15,-0.5526,724.26,419.29,95.32,1479.0,660.79,661.69,0.4597,466.17,737.35,93.23,1025.57,1.5817,0.0558,4.0332,2.8634,9.0,0.0,0.0,BENIGN_WEB
79.9667,1429.0,289.0,1140.0,1822799.57,145887.18,1676912.39,22794.48,17.87,-0.8399,1275.58,311.12,808.9,1500.0,1382.9,1086.59,0.3811,7.54,5.29,1.51,16.58,0.7016,0.1375,3.0685,2.9841,19.0,0.0,0.0,BENIGN_STREAMING
2.8859,17.0,6.0,11.0,11018.81,1069.3,9949.51,3818.2,5.89,-0.8059,648.17,413.36,40.0,1392.22,666.51,573.52,0.2087,169.76,136.68,33.95,373.47,0.8052,0.0759,4.6896,2.9273,17.0,0.0,0.0,BENIGN_WEB
1.8764,16.0,5.0,11.0,14967.93,2635.56,12332.37,7976.86,8.53,-0.6478,935.5,379.67,365.99,1500.0,882.83,1075.03,0.2368,117.28,105.32,23.46,258.01,0.898,0.0312,3.6616,3.055,15.0,0.0,0.0,BENIGN_WEB
2.7295,62.0,20.0,42.0,59229.86,11688.55,47541.31,21700.17,22.72,-0.6053,955.32,426.43,315.67,1500.0,913.3,1025.24,0.326,44.02,45.0,8.8,96.85,1.0223,0.042,4.0188,2.2575,15.0,0.0,0.0,BENIGN_WEB
30.7473,61.0,22.0,39.0,56207.26,11844.26,44363.0,1828.04,1.98,-0.5786,921.43,498.45,173.75,1500.0,881.47,1000.23,0.5578,504.05,478.68,100.81,1108.92,0.9497,0.1085,4.9915,2.3579,13.0,0.0,0.0,BENIGN_WEB
22.0968,32.0,12.0,20.0,26760.56,3557.77,23202.79,1211.06,1.45,-0.7341,836.27,506.61,76.35,1500.0,895.98,928.74,0.5411,690.52,589.16,138.1,1519.15,0.8532,0.0372,3.9643,2.9559,20.0,0.0,0.0,BENIGN_WEB
28.6972,44.0,13.0,31.0,43384.97,12124.0,31260.97,1511.82,1.53,-0.4411,986.02,348.71,462.96,1500.0,1000.17,1012.55,0.1831,652.21,944.32,130.44,1434.86,1.4479,0.0552,4.1358,2.6337,21.0,0.0,0.0,BENIGN_WEB
52.7806,1046.0,208.0,838.0,1287435.83,83096.93,1204338.9,24392.22,19.82,-0.8709,1230.82,319.74,751.22,1500.0,1275.05,1395.49,0.4743,13.19,5.54,2.64,29.01,0.4198,0.1253,3.3142,2.3182,18.0,0.0,0.0,BENIGN_STREAMING
29.7024,20.0,5.0,15.0,21527.93,4113.96,17413.97,724.79,0.67,-0.6178,1076.4,468.4,373.8,1500.0,1008.44,1079.37,0.3437,1485.12,1826.42,297.02,3267.27,1.2298,0.058,3.8353,2.599,9.0,0.0,0.0,BENIGN_WEB
8.4215,24.0,8.0,16.0,20644.58,2242.18,18402.39,2451.41,2.85,-0.7828,860.19,365.87,311.39,1500.0,813.7,755.46,0.3187,350.9,462.3,70.18,771.97,1.3175,0.1003,4.1038,2.741,20.0,0.0,0.0,BENIGN_WEB
11.6314,27.0,11.0,16.0,22919.15,5580.11,17339.04,1970.45,2.32,-0.5131,848.86,441.99,185.87,1500.0,971.25,883.87,0.6115,430.79,521.51,86.16,947.75,1.2106,0.0666,4.6872,2.5605,8.0,0.0,0.0,BENIGN_WEB
157.7934,499.0,77.0,422.0,655551.49,20379.51,635171.98,4154.49,3.16,-0.9378,1313.73,318.87,835.43,1500.0,1279.33,1380.09,0.3771,10.29,7.07,2.06,22.63,0.6874,0.1085,3.4862,2.7337,13.0,0.0,0.0,BENIGN_STREAMING
27.5787,40.0,14.0,26.0,41169.16,7709.73,33459.43,1492.79,1.45,-0.6255,1029.23,403.56,423.9,1500.0,1100.15,982.13,0.374,689.47,899.93,137.89,1516.83,1.3052,0.0741,3.8201,2.6578,14.0,0.0,0.0,BENIGN_WEB
36.3528,1574.0,261.0,1313.0,1878310.61,185103.15,1693207.46,51668.98,43.3,-0.8029,1193.34,392.27,604.93,1500.0,1156.9,1219.77,0.1808,14.99,11.12,3.0,32.98,0.7417,0.1559,3.0955,2.2634,13.0,0.0,0.0,BENIGN_STREAMING
38.7089,1410.0,258.0,1152.0,1827247.26,65890.18,1761357.08,47204.78,36.43,-0.9279,1295.92,264.72,898.84,1500.0,1101.75,1226.87,0.5167,10.41,6.75,2.08,22.9,0.6485,0.0607,3.8346,2.3248,19.0,0.0,0.0,BENIGN_STREAMING
30.6412,16.0,5.0,11.0,14062.91,2091.57,11971.34,458.95,0.52,-0.7025,878.93,338.18,371.67,1487.65,847.26,915.84,0.4254,1915.08,2330.17,383.02,4213.17,1.2168,0.0106,4.8981,2.4471,14.0,0.0,0.0,BENIGN_WEB
10.6548,75.0,27.0,48.0,46938.73,8292.04,38646.69,4405.43,7.04,-0.6467,625.85,358.82,87.62,1271.72,617.36,575.33,0.3491,142.06,162.64,28.41,312.54,1.1449,0.0809,4.8546,2.2599,21.0,0.0,0.0,BENIGN_WEB
21.9058,67.0,19.0,48.0,51759.35,13093.69,38665.66,2362.81,3.06,-0.4941,772.53,400.68,171.51,1493.75,874.26,663.25,0.1885,326.95,335.03,65.39,719.3,1.0247,0.0248,3.9625,2.2435,12.0,0.0,0.0,BENIGN_WEB
25.6928,75.0,27.0,48.0,58589.23,11995.04,46594.19,2280.38,2.92,-0.5905,781.19,361.14,239.48,1431.24,695.56,701.09,0.3966,342.57,580.37,68.51,753.65,1.6942,0.1279,4.1571,2.2422,21.0,0.0,0.0,BENIGN_WEB
108.4479,2177.0,471.0,1706.0,3005008.19,114137.25,2890870.94,27709.23,20.07,-0.924,1380.34,352.95,850.93,1500.0,1509.89,1332.88,0.181,26.97,17.92,5.39,59.33,0.6645,0.164,3.7791,2.8935,16.0,0.0,0.0,BENIGN_STREAMING
30.2622,40.0,14.0,26.0,34877.59,6981.24,27896.35,1152.51,1.32,-0.5997,871.94,365.12,324.27,1500.0,820.0,911.68,0.183,756.55,940.06,151.31,1664.42,1.2426,0.136,4.0227,2.4378,10.0,0.0,0.0,BENIGN_WEB
60.9797,1156.0,164.0,992.0,1394971.25,73255.87,1321715.38,22875.99,18.96,-0.895,1206.72,399.77,607.07,1500.0,1345.97,1225.83,0.5648,27.34,16.34,5.47,60.14,0.5979,0.1357,3.3805,2.3176,21.0,0.0,0.0,BENIGN_STREAMING
20.0418,68.0,19.0,49.0,46856.58,12742.01,34114.58,2337.95,3.39,-0.4561,689.07,569.84,40.0,1500.0,608.47,715.33,0.5607,294.73,236.87,58.95,648.41,0.8037,0.1398,3.6358,2.8495,10.0,0.0,0.0,BENIGN_WEB
8.5401,54.0,19.0,35.0,42206.71,4791.05,37415.66,4942.17,6.32,-0.773,781.61,425.32,143.63,1500.0,722.45,737.0,0.4838,158.15,114.81,31.63,347.93,0.7259,0.073,4.2615,2.8588,8.0,0.0,0.0,BENIGN_WEB
24.5295,70.0,26.0,44.0,56071.68,14433.32,41638.36,2285.89,2.85,-0.4852,801.02,411.04,184.47,1500.0,772.68,714.72,0.4621,350.42,307.02,70.08,770.93,0.8761,0.1258,5.0195,2.248,13.0,0.0,0.0,BENIGN_WEB
22.0061,1288.0,275.0,1013.0,1646108.75,110061.29,1536047.46,74802.31,58.53,-0.8663,1278.03,371.78,720.36,1500.0,1464.89,1232.7,0.4872,24.7,11.49,4.94,54.33,0.4653,0.0845,3.337,2.9486,17.0,0.0,0.0,BENIGN_STREAMING
12.3492,42.0,16.0,26.0,30220.65,8601.78,21618.87,2447.17,3.4,-0.4307,719.54,443.24,54.68,1500.0,724.0,813.28,0.1929,294.03,339.72,58.81,646.86,1.1554,0.0504,4.3741,3.0229,15.0,0.0,0.0,BENIGN_WEB
21.6408,23.0,8.0,15.0,18570.6,4940.05,13630.55,858.13,1.06,-0.468,807.42,331.44,310.25,1404.02,820.74,881.95,0.421,940.9,879.49,188.18,2069.99,0.9347,0.083,4.8321,2.2483,19.0,0.0,0.0,BENIGN_WEB
19.1935,63.0,25.0,38.0,49206.34,5957.81,43248.53,2563.7,3.28,-0.7578,781.05,471.85,73.28,1500.0,709.49,891.34,0.277,304.66,345.64,60.93,670.25,1.1345,0.0244,3.9432,2.8994,9.0,0.0,0.0,BENIGN_WEB
31.5782,54.0,18.0,36.0,44856.1,8951.04,35905.06,1420.48,1.71,-0.6009,830.67,526.96,40.23,1500.0,772.54,811.93,0.1914,584.78,972.52,116.96,1286.52,1.663,0.1337,4.3384,2.4113,8.0,0.0,0.0,BENIGN_WEB
124.3215,1120.0,189.0,931.0,1415382.18,146217.94,1269164.24,11384.85,9.01,-0.7934,1263.73,255.16,881.0,1500.0,1232.28,1122.85,0.3092,22.46,13.95,4.49,49.42,0.621,0.1763,3.0167,2.5789,18.0,0.0,0.0,BENIGN_STREAMING
88.7729,2022.0,318.0,1704.0,2716180.93,93729.34,2622451.59,30596.97,22.78,-0.931,1343.31,252.85,964.04,1500.0,1192.65,1151.07,0.3014,27.35,16.14,5.47,60.18,0.5902,0.123,3.8681,2.938,15.0,0.0,0.0,BENIGN_STREAMING
26.8092,80.0,24.0,56.0,75288.06,9374.69,65913.37,2808.29,2.98,-0.751,941.1,340.6,430.2,1500.0,968.78,1037.25,0.2139,335.12,382.16,67.02,737.25,1.1404,0.0233,4.7477,2.601,15.0,0.0,0.0,BENIGN_WEB
2.6192,37.0,11.0,26.0,24111.36,6163.23,17948.13,9205.68,14.13,-0.4888,651.66,367.04,101.09,1312.33,651.05,623.71,0.3573,70.79,70.82,14.16,155.74,1.0004,0.0546,3.6045,2.5657,21.0,0.0,0.0,BENIGN_WEB
16.5897,17.0,5.0,12.0,13743.74,2769.27,10974.47,828.45,1.02,-0.597,808.46,400.34,207.95,1500.0,772.94,711.77,0.5978,975.87,1459.35,195.17,2146.9,1.4954,0.028,4.7143,2.5991,8.0,0.0,0.0,BENIGN_WEB
20.7677,34.0,12.0,22.0,35622.66,6190.72,29431.94,1715.29,1.64,-0.6524,1047.73,558.26,210.34,1500.0,1126.49,957.63,0.2746,610.81,480.53,122.16,1343.79,0.7867,0.074,3.8335,2.8452,12.0,0.0,0.0,BENIGN_WEB
5.1973,68.0,19.0,49.0,59476.8,12099.74,47377.06,11443.72,13.08,-0.5931,874.66,537.95,67.74,1500.0,850.98,910.93,0.4608,76.43,67.87,15.29,168.15,0.888,0.0122,4.0883,2.5403,9.0,0.0,0.0,BENIGN_WEB
86.2152,1371.0,244.0,1127.0,1713589.45,180835.53,1532753.92,19875.72,15.9,-0.7889,1249.88,372.52,691.11,1500.0,1068.43,1161.65,0.188,14.6,7.12,2.92,32.13,0.4876,0.1192,2.9959,2.7507,18.0,0.0,0.0,BENIGN_STREAMING
89.5277,325.0,52.0,273.0,422655.45,21368.75,401286.7,4720.95,3.63,-0.8989,1300.48,416.78,675.31,1500.0,1210.25,1309.71,0.4133,12.88,9.5,2.58,28.34,0.7372,0.1069,3.3665,2.6785,12.0,0.0,0.0,BENIGN_STREAMING
10.1729,59.0,21.0,38.0,44053.19,8332.48,35720.7,4330.44,5.8,-0.6217,746.66,490.13,40.0,1500.0,646.73,814.2,0.3917,172.42,148.96,34.48,379.33,0.8639,0.103,4.9109,2.8746,19.0,0.0,0.0,BENIGN_WEB
99.6638,1513.0,198.0,1315.0,2092771.72,146542.7,1946229.03,20998.32,15.18,-0.86,1383.19,354.88,850.87,1500.0,1447.04,1393.38,0.253,6.99,4.56,1.4,15.38,0.6514,0.0988,2.9051,2.4107,10.0,0.0,0.0,BENIGN_STREAMING
12.0125,37.0,11.0,26.0,34534.55,9123.84,25410.71,2874.87,3.08,-0.4716,933.37,347.24,412.51,1500.0,830.38,815.67,0.4328,324.66,419.07,64.93,714.26,1.2908,0.0778,3.9411,2.1513,19.0,0.0,0.0,BENIGN_WEB
11.2519,72.0,27.0,45.0,58093.79,8731.66,49362.13,5163.02,6.4,-0.6994,806.86,401.09,205.22,1500.0,885.68,686.47,0.2761,156.28,130.93,31.26,343.81,0.8378,0.0655,4.5067,3.0404,21.0,0.0,0.0,BENIGN_WEB
17.1933,76.0,21.0,55.0,55791.77,15936.17,39855.6,3244.98,4.42,-0.4287,734.1,482.0,40.0,1500.0,773.15,754.93,0.1841,226.23,193.32,45.25,497.7,0.8546,0.0796,4.5308,2.6362,10.0,0.0,0.0,BENIGN_WEB
30.5511,30.0,11.0,19.0,22208.7,3542.79,18665.91,726.94,0.98,-0.681,740.29,403.71,134.72,1466.97,701.48,717.11,0.5123,1018.37,1204.93,203.67,2240.41,1.1832,0.0943,4.3539,2.7409,17.0,0.0,0.0,BENIGN_WEB
19.1152,51.0,17.0,34.0,34758.79,6717.56,28041.23,1818.39,2.67,-0.6135,681.54,393.83,90.8,1390.44,762.03,739.05,0.3999,374.81,431.56,74.96,824.58,1.1514,0.0281,3.9997,2.3535,16.0,0.0,0.0,BENIGN_WEB
105.124,813.0,125.0,688.0,1088899.43,37095.15,1051804.28,10358.23,7.73,-0.9319,1339.36,409.32,725.38,1500.0,1388.22,1356.84,0.3569,14.22,9.09,2.84,31.27,0.6396,0.0856,3.4573,2.8068,11.0,0.0,0.0,BENIGN_STREAMING
31.1056,30.0,12.0,18.0,23808.19,3612.9,20195.29,765.4,0.96,-0.6965,793.61,349.61,269.19,1422.9,900.14,690.05,0.2115,1036.85,1768.75,207.37,2281.08,1.7059,0.1245,4.7089,2.3813,11.0,0.0,0.0,BENIGN_WEB
25.376,59.0,23.0,36.0,57981.56,7690.9,50290.65,2284.9,2.33,-0.7347,982.74,485.11,255.07,1500.0,849.87,885.95,0.3412,430.1,701.55,86.02,946.22,1.6311,0.105,4.6748,2.6899,9.0,0.0,0.0,BENIGN_WEB
27.6176,52.0,18.0,34.0,33156.25,6248.2,26908.05,1200.55,1.88,-0.6231,637.62,460.05,40.0,1465.72,627.08,662.39,0.2349,531.11,505.44,106.22,1168.44,0.9517,0.0836,4.1501,3.0781,21.0,0.0,0.0,BENIGN_WEB
38.3029,1952.0,306.0,1646.0,2595683.41,94557.22,2501126.19,67767.25,50.96,-0.9271,1329.76,344.22,813.43,1500.0,1264.84,1251.71,0.4277,26.86,12.48,5.37,59.08,0.4646,0.115,3.6174,2.3542,12.0,0.0,0.0,BENIGN_STREAMING
13.5967,27.0,9.0,18.0,19708.07,4052.84,15655.22,1449.47,1.99,-0.5887,729.93,405.44,121.77,1459.71,680.92,835.95,0.5348,503.58,688.8,100.72,1107.88,1.3678,0.0483,3.6074,2.6095,11.0,0.0,0.0,BENIGN_WEB
128.1871,1559.0,246.0,1313.0,2031834.0,196211.81,1835622.19,15850.53,12.16,-0.8069,1303.29,292.31,864.82,1500.0,1452.11,1225.35,0.4313,10.94,8.14,2.19,24.07,0.7436,0.1788,3.2591,2.3829,22.0,0.0,0.0,BENIGN_STREAMING
15.3729,71.0,23.0,48.0,46195.7,6428.86,39766.84,3005.02,4.62,-0.7217,650.64,417.46,40.0,1402.07,647.39,559.21,0.2987,216.52,221.48,43.3,476.34,1.0229,0.0288,4.168,2.1248,9.0,0.0,0.0,BENIGN_WEB
17.4883,25.0,8.0,17.0,18703.88,3487.86,15216.02,1069.51,1.43,-0.627,748.16,497.51,40.0,1500.0,835.49,837.47,0.2431,699.53,512.51,139.91,1538.97,0.7326,0.0708,4.2398,2.1987,20.0,0.0,0.0,BENIGN_WEB
51.8437,953.0,119.0,834.0,1157872.43,107848.54,1050023.89,22333.92,18.38,-0.8137,1214.98,290.59,779.09,1500.0,1226.91,1388.84,0.3176,27.63,13.83,5.53,60.78,0.5007,0.1022,3.2367,2.9269,15.0,0.0,0.0,BENIGN_STREAMING
15.9947,21.0,8.0,13.0,15709.66,1973.99,13735.67,982.18,1.31,-0.7487,748.08,343.28,233.16,1365.99,708.04,665.91,0.5258,761.65,1315.67,152.33,1675.64,1.7274,0.0608,4.1213,2.7323,10.0,0.0,0.0,BENIGN_WEB
134.1431,2080.0,258.0,1822.0,2937581.97,139875.7,2797706.26,21898.87,15.51,-0.9048,1412.3,344.72,895.22,1500.0,1238.12,1526.41,0.5264,27.11,14.0,5.42,59.65,0.5164,0.0593,3.6304,2.3568,13.0,0.0,0.0,BENIGN_STREAMING
31.3454,28.0,9.0,19.0,26618.72,6622.57,19996.16,849.21,0.89,-0.5024,950.67,579.63,81.22,1500.0,912.13,973.54,0.4738,1119.48,1310.54,223.9,2462.86,1.1707,0.1187,4.8434,3.0226,8.0,0.0,0.0,BENIGN_WEB
18.097,72.0,22.0,50.0,69480.57,19513.87,49966.71,3839.35,3.98,-0.4383,965.01,565.74,116.41,1500.0,910.78,1052.02,0.374,251.35,437.4,50.27,552.96,1.7402,0.0336,3.6617,2.2481,8.0,0.0,0.0,BENIGN_WEB
115.7156,1134.0,161.0,973.0,1493524.27,50521.89,1443002.38,12906.85,9.8,-0.9323,1317.04,328.03,825.0,1500.0,1233.46,1182.52,0.3007,27.36,10.04,5.47,60.19,0.367,0.08,3.5003,2.6215,20.0,0.0,0.0,BENIGN_STREAMING
145.0302,451.0,69.0,382.0,574018.43,19530.85,554487.58,3957.92,3.11,-0.932,1272.77,297.96,825.82,1500.0,1242.45,1312.89,0.5207,9.9,5.74,1.98,21.79,0.5798,0.1249,3.3784,2.2146,11.0,0.0,0.0,BENIGN_STREAMING
11.4557,60.0,17.0,43.0,38778.49,5921.03,32857.47,3385.08,5.24,-0.6946,646.31,456.23,40.0,1467.53,706.64,575.35,0.5826,190.93,135.8,38.19,420.04,0.7113,0.0638,4.4352,2.497,18.0,0.0,0.0,BENIGN_WEB
23.6718,60.0,16.0,44.0,57315.94,8824.29,48491.65,2421.28,2.53,-0.6921,955.27,342.86,440.98,1500.0,1040.49,852.63,0.6072,394.53,484.47,78.91,867.96,1.228,0.1343,4.4437,2.6583,11.0,0.0,0.0,BENIGN_WEB
94.3102,1929.0,260.0,1669.0,2585149.34,133479.56,2451669.78,27411.13,20.45,-0.8967,1340.15,285.09,912.51,1500.0,1236.95,1510.41,0.2109,25.36,11.84,5.07,55.8,0.4669,0.1023,2.9448,2.2943,18.0,0.0,0.0,BENIGN_STREAMING
27.5387,68.0,27.0,41.0,71081.62,16826.5,54255.13,2581.15,2.47,-0.5266,1045.32,455.7,361.77,1500.0,1126.11,1018.4,0.4991,404.98,444.72,81.0,890.96,1.0981,0.1386,4.6767,2.4771,17.0,0.0,0.0,BENIGN_WEB
32.1384,1240.0,240.0,1000.0,1574489.54,64901.16,1509588.38,48990.85,38.58,-0.9176,1269.75,266.85,869.47,1500.0,1146.42,1438.42,0.4295,11.2,5.77,2.24,24.63,0.5152,0.0554,3.0847,2.4559,13.0,0.0,0.0,BENIGN_STREAMING
145.5769,1178.0,189.0,989.0,1671129.4,66886.14,1604243.27,11479.36,8.09,-0.92,1418.62,269.42,1014.49,1500.0,1602.21,1431.93,0.5285,23.03,8.25,4.61,50.66,0.3584,0.1415,2.9452,2.5452,21.0,0.0,0.0,BENIGN_STREAMING
16.6314,65.0,26.0,39.0,52390.95,7322.75,45068.2,3150.12,3.91,-0.7205,806.01,438.4,148.42,1500.0,743.65,822.79,0.4155,255.87,311.49,51.17,562.91,1.2174,0.0166,5.0739,2.2985,13.0,0.0,0.0,BENIGN_WEB
24.2168,82.0,26.0,56.0,74725.75,15267.69,59458.06,3085.69,3.39,-0.5914,911.29,465.91,212.42,1500.0,865.96,832.1,0.2448,295.33,508.42,59.07,649.72,1.7215,0.1188,4.0156,2.569,16.0,0.0,0.0,BENIGN_WEB
154.6394,1279.0,269.0,1010.0,1721167.5,172983.28,1548184.23,11130.2,8.27,-0.799,1345.71,356.3,811.27,1500.0,1318.01,1227.17,0.47,21.7,7.67,4.34,47.74,0.3532,0.0772,3.276,2.637,10.0,0.0,0.0,BENIGN_STREAMING
31.3185,23.0,8.0,15.0,21840.07,2050.52,19789.55,697.35,0.73,-0.8122,949.57,521.04,168.01,1500.0,1001.38,915.41,0.5984,1361.67,1671.45,272.33,2995.68,1.2275,0.0874,4.3163,2.6736,17.0,0.0,0.0,BENIGN_WEB
94.7616,1256.0,267.0,989.0,1766805.33,116352.34,1650452.99,18644.73,13.25,-0.8683,1406.69,359.67,867.19,1500.0,1228.33,1321.25,0.4484,13.0,8.79,2.6,28.6,0.6761,0.1654,3.5681,2.2007,15.0,0.0,0.0,BENIGN_STREAMING
11.4494,22.0,6.0,16.0,19755.76,3699.02,16056.74,1725.48,1.92,-0.6255,897.99,340.4,387.39,1500.0,994.76,860.19,0.1911,520.43,709.58,104.09,1144.94,1.3635,0.0963,3.748,2.2179,19.0,0.0,0.0,BENIGN_WEB
27.4318,32.0,9.0,23.0,28132.64,6776.38,21356.26,1025.55,1.17,-0.5183,879.14,568.32,40.0,1500.0,997.32,753.92,0.2754,857.24,758.09,171.45,1885.93,0.8843,0.0826,4.3471,2.9017,11.0,0.0,0.0,BENIGN_WEB
114.065,702.0,87.0,615.0,860031.99,31263.32,828768.66,7539.84,6.15,-0.9273,1225.12,360.46,684.43,1500.0,1220.21,1178.79,0.2028,21.75,10.66,4.35,47.86,0.4902,0.1377,3.6149,2.8628,11.0,0.0,0.0,BENIGN_STREAMING
16.7656,21.0,8.0,13.0,18018.9,3115.49,14903.4,1074.75,1.25,-0.6542,858.04,472.82,148.81,1500.0,887.33,750.76,0.4128,798.36,1141.02,159.67,1756.4,1.4292,0.0473,3.9252,3.0869,17.0,0.0,0.0,BENIGN_WEB
6.9909,17.0,5.0,12.0,14993.02,3433.83,11559.19,2144.65,2.43,-0.5419,881.94,438.17,224.69,1500.0,904.05,790.62,0.2622,411.23,449.6,82.25,904.7,1.0933,0.0519,5.0227,2.6208,11.0,0.0,0.0,BENIGN_WEB
27.6844,47.0,18.0,29.0,36561.48,5095.43,31466.05,1320.65,1.7,-0.7213,777.9,379.47,208.7,1460.94,770.26,742.1,0.4332,589.03,556.77,117.81,1295.86,0.9452,0.0714,4.0777,3.0679,10.0,0.0,0.0,BENIGN_WEB
12.0149,24.0,9.0,15.0,25767.97,3088.95,22679.02,2144.67,2.0,-0.7602,1073.67,405.09,466.03,1500.0,1173.35,1090.59,0.2937,500.62,646.51,100.12,1101.36,1.2914,0.1046,4.7395,2.379,21.0,0.0,0.0,BENIGN_WEB
36.0254,1510.0,231.0,1279.0,1849951.09,71356.42,1778594.67,51351.32,41.91,-0.9229,1225.13,381.42,653.01,1500.0,1361.35,1197.8,0.2145,19.62,14.88,3.92,43.16,0.7587,0.1124,3.6737,2.8836,12.0,0.0,0.0,BENIGN_STREAMING
9.1132,64.0,19.0,45.0,43183.16,8425.74,34757.42,4738.54,7.02,-0.6098,674.74,425.46,40.0,1440.56,697.06,653.45,0.1932,142.39,209.39,28.48,313.27,1.4705,0.0223,4.3034,3.0592,19.0,0.0,0.0,BENIGN_WEB
22.3306,46.0,18.0,28.0,49540.11,10417.87,39122.24,2218.49,2.06,-0.5794,1076.96,409.06,463.38,1500.0,1000.53,951.03,0.4735,485.45,423.11,97.09,1067.98,0.8716,0.0897,3.8099,2.5878,13.0,0.0,0.0,BENIGN_WEB
25.7966,37.0,11.0,26.0,28773.24,2878.87,25894.36,1115.39,1.43,-0.7999,777.66,479.26,58.77,1500.0,735.11,820.76,0.4994,697.2,592.6,139.44,1533.85,0.85,0.0405,3.7553,2.5974,21.0,0.0,0.0,BENIGN_WEB
11.8201,60.0,19.0,41.0,41447.66,8187.08,33260.58,3506.54,5.08,-0.6049,690.79,475.68,40.0,1500.0,745.44,737.49,0.4324,197.0,252.4,39.4,433.4,1.2812,0.1188,3.7123,2.1762,19.0,0.0,0.0,BENIGN_WEB
125.1031,1943.0,320.0,1623.0,2413255.62,72723.33,2340532.29,19290.14,15.53,-0.9397,1242.03,297.4,795.92,1500.0,1393.56,1200.06,0.2867,23.84,10.68,4.77,52.44,0.448,0.0998,3.132,2.6566,18.0,0.0,0.0,BENIGN_STREAMING
80.7096,1910.0,342.0,1568.0,2360040.46,81389.24,2278651.23,29241.14,23.67,-0.931,1235.62,286.02,806.59,1500.0,1261.25,1364.67,0.2932,11.56,4.67,2.31,25.44,0.4037,0.1257,3.2222,2.6993,12.0,0.0,0.0,BENIGN_STREAMING
12.6539,81.0,24.0,57.0,62993.36,11791.05,51202.3,4978.17,6.4,-0.6256,777.7,405.34,169.68,1500.0,669.39,749.68,0.619,156.22,187.34,31.24,343.69,1.1992,0.1239,4.9405,2.8406,11.0,0.0,0.0,BENIGN_WEB
20.6608,38.0,11.0,27.0,34466.02,4961.16,29504.86,1668.18,1.84,-0.7121,907.0,499.77,157.35,1500.0,927.8,849.47,0.5722,543.71,458.98,108.74,1196.15,0.8442,0.0643,3.9729,2.6886,9.0,0.0,0.0,BENIGN_WEB
89.6189,883.0,185.0,698.0,1156680.17,86129.65,1070550.52,12906.66,9.85,-0.8511,1309.94,245.76,941.3,1500.0,1458.93,1169.52,0.4041,22.84,11.09,4.57,50.25,0.4855,0.0954,3.4028,2.4087,16.0,0.0,0.0,BENIGN_STREAMING
4.4614,67.0,23.0,44.0,62087.4,9671.5,52415.9,13916.6,15.02,-0.6885,926.68,472.51,217.91,1500.0,1043.63,955.27,0.4329,66.59,99.84,13.32,146.49,1.4994,0.0855,4.7308,3.0204,12.0,0.0,0.0,BENIGN_WEB
107.0896,1687.0,347.0,1340.0,2265108.66,212554.1,2052554.57,21151.52,15.75,-0.8123,1342.68,333.56,842.34,1500.0,1196.5,1406.07,0.2731,22.17,15.76,4.43,48.78,0.7107,0.0543,3.6,2.873,17.0,0.0,0.0,BENIGN_STREAMING
5.9466,71.0,23.0,48.0,48141.0,5085.81,43055.19,8095.53,11.94,-0.7887,678.04,331.04,181.48,1273.92,652.2,771.76,0.4917,83.76,127.95,16.75,184.26,1.5277,0.1062,4.7117,2.2937,20.0,0.0,0.0,BENIGN_WEB
14.2534,65.0,18.0,47.0,68442.05,9067.26,59374.8,4801.82,4.56,-0.735,1052.95,515.13,280.26,1500.0,1171.22,1086.52,0.5177,219.28,329.78,43.86,482.42,1.5039,0.0415,4.0098,2.7045,20.0,0.0,0.0,BENIGN_WEB
22.9141,69.0,25.0,44.0,60003.83,16526.26,43477.57,2618.64,3.01,-0.4492,869.62,328.36,377.07,1460.68,747.12,862.19,0.5135,332.09,250.22,66.42,730.6,0.7535,0.1115,3.8969,2.3247,12.0,0.0,0.0,BENIGN_WEB
72.9502,1780.0,325.0,1455.0,2455352.68,200966.6,2254386.09,33657.91,24.4,-0.8363,1379.41,300.81,928.2,1500.0,1398.92,1447.05,0.3288,12.89,5.37,2.58,28.35,0.4167,0.1522,3.2056,2.3895,18.0,0.0,0.0,BENIGN_STREAMING
25.6189,47.0,17.0,30.0,46876.88,12721.32,34155.56,1829.78,1.83,-0.4572,997.38,396.8,402.18,1500.0,873.99,986.12,0.3544,545.08,789.61,109.02,1199.18,1.4486,0.0734,4.8931,2.7097,19.0,0.0,0.0,BENIGN_WEB
1.934,51.0,20.0,31.0,40639.42,8461.94,32177.47,21013.36,26.37,-0.5836,796.85,376.61,231.93,1474.76,683.25,801.7,0.3847,37.92,62.28,7.58,83.43,1.6423,0.0807,4.6465,2.8314,20.0,0.0,0.0,BENIGN_WEB
10.6304,65.0,23.0,42.0,48264.4,8316.61,39947.79,4540.24,6.11,-0.6554,742.53,518.25,40.0,1500.0,639.92,851.33,0.5252,163.54,256.55,32.71,359.8,1.5687,0.0886,4.3127,2.7134,19.0,0.0,0.0,BENIGN_WEB
143.1593,838.0,170.0,668.0,1090332.46,78567.55,1011764.92,7616.22,5.85,-0.8559,1301.11,358.34,763.61,1500.0,1471.31,1425.15,0.5488,20.15,10.71,4.03,44.34,0.5314,0.0842,3.3986,2.9449,20.0,0.0,0.0,BENIGN_STREAMING
16.1129,69.0,28.0,41.0,70164.66,12769.87,57394.79,4354.55,4.28,-0.636,1016.88,558.87,178.57,1500.0,1041.32,1131.5,0.5951,233.52,249.96,46.7,513.75,1.0704,0.0965,4.5751,3.0984,20.0,0.0,0.0,BENIGN_WEB
40.7349,270.0,52.0,218.0,329511.07,9984.34,319526.74,8089.15,6.63,-0.9394,1220.41,362.49,676.67,1500.0,1063.57,1255.7,0.183,16.58,9.56,3.32,36.47,0.5764,0.1434,3.73,2.6119,14.0,0.0,0.0,BENIGN_STREAMING
131.4527,1476.0,240.0,1236.0,1828751.43,125841.21,1702910.22,13911.86,11.23,-0.8624,1238.99,267.85,837.22,1500.0,1366.56,1098.11,0.2199,24.69,16.77,4.94,54.32,0.6793,0.1567,2.9357,2.9961,13.0,0.0,0.0,BENIGN_STREAMING
18.4404,59.0,22.0,37.0,41113.61,6280.65,34832.96,2229.54,3.2,-0.6945,696.84,434.92,44.47,1479.69,611.67,610.86,0.1884,312.55,417.82,62.51,687.61,1.3368,0.1197,4.6228,2.2339,18.0,0.0,0.0,BENIGN_WEB
4.0725,64.0,22.0,42.0,54416.0,12857.25,41558.75,13361.87,15.72,-0.5274,850.25,403.59,244.87,1500.0,847.07,924.99,0.2994,63.63,101.61,12.73,139.99,1.5969,0.1212,3.9105,2.3503,17.0,0.0,0.0,BENIGN_WEB
19.5396,84.0,34.0,50.0,54917.26,7205.01,47712.25,2810.56,4.3,-0.7376,653.78,504.18,40.0,1500.0,684.2,579.65,0.5941,232.61,185.46,46.52,511.75,0.7973,0.1208,4.0737,2.7862,21.0,0.0,0.0,BENIGN_WEB
88.15,2089.0,376.0,1713.0,2823892.62,108337.13,2715555.5,32035.08,23.7,-0.9233,1351.79,258.06,964.71,1500.0,1503.72,1325.24,0.3885,17.82,13.35,3.56,39.2,0.7491,0.1297,3.4851,2.2838,12.0,0.0,0.0,BENIGN_STREAMING
28.1737,56.0,20.0,36.0,45942.56,12574.31,33368.25,1630.69,1.99,-0.4526,820.4,503.43,65.26,1500.0,880.6,718.18,0.3305,503.1,694.05,100.62,1106.82,1.3795,0.0211,4.7584,2.6322,16.0,0.0,0.0,BENIGN_WEB
29.2467,46.0,14.0,32.0,46793.98,4774.46,42019.52,1599.97,1.57,-0.7959,1017.26,359.67,477.76,1500.0,1027.59,1033.39,0.2437,635.8,753.25,127.16,1398.76,1.1847,0.1261,4.9952,2.9358,19.0,0.0,0.0,BENIGN_WEB
7.8826,82.0,28.0,54.0,63961.93,11191.93,52770.0,8114.36,10.4,-0.65,780.02,520.05,40.0,1500.0,883.43,739.93,0.2703,96.13,164.56,19.23,211.48,1.7118,0.0864,3.839,2.4452,14.0,0.0,0.0,BENIGN_WEB
19.6924,1895.0,382.0,1513.0,2297498.47,113270.2,2184228.26,116669.52,96.23,-0.9014,1212.4,347.33,691.41,1500.0,1321.15,1259.61,0.3024,27.4,17.99,5.48,60.27,0.6566,0.1435,3.454,2.394,11.0,0.0,0.0,BENIGN_STREAMING
112.4416,1513.0,291.0,1222.0,1796350.19,130814.93,1665535.26,15975.85,13.46,-0.8544,1187.28,405.4,579.17,1500.0,1137.8,1100.67,0.4412,17.69,10.38,3.54,38.92,0.5867,0.1494,3.5644,2.3136,18.0,0.0,0.0,BENIGN_STREAMING
5.1837,72.0,28.0,44.0,47395.3,7141.72,40253.58,9143.2,13.89,-0.6986,658.27,573.07,40.0,1500.0,559.64,611.52,0.316,72.0,55.1,14.4,158.39,0.7653,0.0178,4.9534,2.8428,14.0,0.0,0.0,BENIGN_WEB
8.6386,69.0,24.0,45.0,55895.55,13688.68,42206.87,6470.43,7.99,-0.5102,810.08,381.98,237.11,1497.65,746.27,917.61,0.3662,125.2,156.44,25.04,275.43,1.2496,0.0343,3.9642,3.0624,13.0,0.0,0.0,BENIGN_WEB
108.9035,691.0,101.0,590.0,826407.54,65541.37,760866.17,7588.44,6.35,-0.8414,1195.96,246.74,825.86,1500.0,1132.71,1210.61,0.4916,11.62,8.27,2.32,25.56,0.7117,0.1538,3.4496,2.4707,23.0,0.0,0.0,BENIGN_STREAMING
23.676,44.0,16.0,28.0,45384.43,12879.05,32505.38,1916.9,1.86,-0.4324,1031.46,358.13,494.28,1500.0,1137.22,1075.33,0.1826,538.09,488.56,107.62,1183.8,0.908,0.0817,4.638,2.6155,11.0,0.0,0.0,BENIGN_WEB
31.2229,36.0,10.0,26.0,38510.89,4137.07,34373.82,1233.42,1.15,-0.7851,1069.75,503.67,314.24,1500.0,1124.99,1169.72,0.3756,867.3,1025.77,173.46,1908.06,1.1827,0.1348,4.265,3.0955,16.0,0.0,0.0,BENIGN_WEB
27.0798,1519.0,200.0,1319.0,1997788.83,162192.09,1835596.74,73774.07,56.09,-0.8376,1315.2,382.31,741.73,1500.0,1449.32,1177.91,0.331,7.53,2.74,1.51,16.57,0.3634,0.1492,3.1709,2.3495,22.0,0.0,0.0,BENIGN_STREAMING
31.6214,68.0,28.0,40.0,69940.14,13976.08,55964.06,2211.8,2.15,-0.6003,1028.53,565.6,180.13,1500.0,922.43,1042.72,0.4538,465.02,668.47,93.0,1023.05,1.4375,0.0602,3.8638,2.7903,11.0,0.0,0.0,BENIGN_WEB
22.3095,67.0,26.0,41.0,57512.34,9786.06,47726.28,2577.93,3.0,-0.6597,858.39,449.92,183.51,1500.0,932.68,766.48,0.3399,332.98,392.01,66.6,732.55,1.1773,0.0576,4.9207,2.5552,9.0,0.0,0.0,BENIGN_WEB
58.8963,706.0,86.0,620.0,967521.9,104907.51,862614.39,16427.56,11.99,-0.7831,1370.43,301.38,918.36,1500.0,1400.1,1420.47,0.3243,13.93,7.17,2.79,30.66,0.5143,0.1369,3.0306,2.622,16.0,0.0,0.0,BENIGN_STREAMING
117.053,993.0,142.0,851.0,1299662.66,36679.81,1262982.86,11103.2,8.48,-0.9436,1308.82,408.64,695.86,1500.0,1148.25,1423.66,0.3383,17.02,13.13,3.4,37.44,0.7716,0.1183,3.694,2.2894,17.0,0.0,0.0,BENIGN_STREAMING
58.8344,2119.0,427.0,1692.0,2795040.9,115980.48,2679060.43,47506.91,36.02,-0.917,1319.04,379.39,749.95,1500.0,1434.2,1496.27,0.2858,16.04,11.41,3.21,35.29,0.7112,0.1792,2.9336,2.782,21.0,0.0,0.0,BENIGN_STREAMING
29.0495,78.0,24.0,54.0,79831.51,14791.22,65040.29,2748.12,2.69,-0.6294,1023.48,321.6,541.08,1500.0,1117.88,975.59,0.3452,372.43,415.25,74.49,819.35,1.115,0.0386,3.7279,2.4632,20.0,0.0,0.0,BENIGN_WEB
13.0266,22.0,7.0,15.0,21942.89,3085.54,18857.35,1684.46,1.69,-0.7188,997.4,515.14,224.69,1500.0,982.55,969.62,0.5463,592.12,451.24,118.42,1302.66,0.7621,0.0534,4.1708,2.8916,18.0,0.0,0.0,BENIGN_WEB
22.2145,70.0,24.0,46.0,72965.62,8435.78,64529.84,3284.6,3.15,-0.7688,1042.37,469.66,337.87,1500.0,895.79,1031.66,0.1994,317.35,224.61,63.47,698.17,0.7078,0.0266,4.1949,2.7834,16.0,0.0,0.0,BENIGN_WEB
55.5609,911.0,128.0,783.0,1298229.48,142415.91,1155813.57,23365.86,16.4,-0.7806,1425.06,364.13,878.86,1500.0,1433.46,1363.2,0.4266,7.22,5.06,1.44,15.88,0.7015,0.0816,3.3962,2.2155,16.0,0.0,0.0,BENIGN_STREAMING
149.6701,496.0,91.0,405.0,655796.28,42877.16,612919.12,4381.61,3.31,-0.8692,1322.17,398.91,723.8,1500.0,1124.96,1170.29,0.4492,11.68,4.43,2.34,25.69,0.3793,0.1731,3.6934,2.6383,13.0,0.0,0.0,BENIGN_STREAMING
26.389,82.0,25.0,57.0,54488.02,10802.86,43685.16,2064.8,3.11,-0.6035,664.49,349.88,139.67,1294.27,608.28,603.17,0.2145,321.82,327.82,64.36,708.0,1.0187,0.0312,3.671,2.3697,9.0,0.0,0.0,BENIGN_WEB
11.3274,61.0,25.0,36.0,38776.69,9844.06,28932.63,3423.26,5.39,-0.4923,635.68,325.96,146.74,1222.41,589.97,675.13,0.3348,185.7,179.16,37.14,408.53,0.9648,0.1339,4.3989,2.8683,11.0,0.0,0.0,BENIGN_WEB
8.7276,79.0,30.0,49.0,55052.58,14691.01,40361.57,6307.89,9.05,-0.4663,696.87,442.28,40.0,1492.96,641.1,762.63,0.3048,110.48,161.26,22.1,243.05,1.4597,0.0235,5.0358,2.5211,20.0,0.0,0.0,BENIGN_WEB
70.9648,1015.0,211.0,804.0,1423968.67,110030.25,1313938.42,20065.85,14.3,-0.8455,1402.92,371.89,845.09,1500.0,1487.36,1506.52,0.3082,15.83,11.15,3.17,34.82,0.7043,0.1793,2.9167,2.7855,14.0,0.0,0.0,BENIGN_STREAMING
145.3392,903.0,149.0,754.0,1111420.47,60726.0,1050694.47,7647.08,6.21,-0.8907,1230.81,299.49,781.58,1500.0,1147.32,1181.38,0.394,19.74,8.58,3.95,43.44,0.4344,0.1053,3.1707,2.2123,18.0,0.0,0.0,BENIGN_STREAMING
16.4182,77.0,26.0,51.0,53393.78,7244.59,46149.19,3252.11,4.69,-0.7286,693.43,576.47,40.0,1500.0,624.39,675.36,0.417,213.22,286.5,42.64,469.09,1.3437,0.1277,4.2266,2.6105,20.0,0.0,0.0,BENIGN_WEB
149.1901,890.0,133.0,757.0,1178341.64,127719.17,1050622.47,7898.25,5.97,-0.7832,1323.98,355.9,790.13,1500.0,1202.28,1173.07,0.4353,21.52,16.41,4.3,47.34,0.7625,0.1767,3.0633,2.5759,14.0,0.0,0.0,BENIGN_STREAMING
27.8691,589.0,79.0,510.0,815523.06,59331.68,756191.38,29262.58,21.13,-0.8545,1384.59,413.0,765.09,1500.0,1523.63,1571.82,0.1908,10.22,6.63,2.04,22.48,0.6485,0.1332,3.1498,2.9747,22.0,0.0,0.0,BENIGN_STREAMING
8.5151,48.0,14.0,34.0,36315.3,5373.29,30942.01,4264.79,5.64,-0.7041,756.57,378.12,189.39,1437.18,826.1,802.79,0.3192,177.4,193.72,35.48,390.28,1.092,0.0284,3.8046,2.2343,15.0,0.0,0.0,BENIGN_WEB
17.8011,54.0,19.0,35.0,54585.95,6525.49,48060.47,3066.44,3.03,-0.7609,1010.85,539.59,201.47,1500.0,1081.29,1156.33,0.6103,329.65,552.28,65.93,725.23,1.6754,0.0124,4.5395,3.0556,10.0,0.0,0.0,BENIGN_WEB
3.4756,31.0,10.0,21.0,30142.17,3448.53,26693.65,8672.59,8.92,-0.7712,972.33,404.24,365.97,1500.0,889.25,833.88,0.3955,112.12,90.25,22.42,246.65,0.805,0.1096,3.788,2.5084,13.0,0.0,0.0,BENIGN_WEB
62.8391,1348.0,240.0,1108.0,1630018.12,96719.88,1533298.24,25939.53,21.45,-0.8813,1209.21,302.25,755.84,1500.0,1188.21,1209.67,0.3381,14.45,6.61,2.89,31.8,0.4572,0.0989,3.4597,2.9197,11.0,0.0,0.0,BENIGN_STREAMING
5.759,71.0,20.0,51.0,72177.3,10895.58,61281.72,12532.9,12.33,-0.6981,1016.58,375.86,452.79,1500.0,914.38,879.95,0.336,81.11,130.74,16.22,178.45,1.6118,0.0549,4.7569,2.2457,9.0,0.0,0.0,BENIGN_WEB
21.8633,83.0,23.0,60.0,63483.7,6474.01,57009.69,2903.67,3.8,-0.796,764.86,368.73,211.78,1428.57,708.72,724.33,0.2257,263.41,242.04,52.68,579.51,0.9188,0.1366,4.9929,3.0912,8.0,0.0,0.0,BENIGN_WEB
22.6467,38.0,14.0,24.0,33714.55,5467.26,28247.29,1488.72,1.68,-0.6757,887.22,492.91,147.86,1500.0,778.16,771.6,0.2793,595.96,530.99,119.19,1311.12,0.891,0.0352,4.8633,2.265,20.0,0.0,0.0,BENIGN_WEB
26.2173,52.0,19.0,33.0,37015.29,6024.97,30990.32,1411.87,1.98,-0.6745,711.83,423.78,76.16,1474.64,724.26,708.47,0.537,504.18,765.53,100.84,1109.19,1.5184,0.0918,4.7588,2.8579,16.0,0.0,0.0,BENIGN_WEB
27.3922,28.0,11.0,17.0,29229.3,6202.04,23027.26,1067.07,1.02,-0.5756,1043.9,407.96,431.96,1500.0,1044.92,943.27,0.5258,978.29,1521.08,195.66,2152.25,1.5548,0.0144,3.7378,2.808,20.0,0.0,0.0,BENIGN_WEB
26.9421,27.0,8.0,19.0,17772.7,4099.04,13673.66,659.66,1.0,-0.5387,658.25,517.39,40.0,1500.0,688.16,748.98,0.5384,997.86,1214.41,199.57,2195.28,1.217,0.094,4.1597,2.5616,18.0,0.0,0.0,BENIGN_WEB
16.0798,26.0,8.0,18.0,25649.0,4032.95,21616.05,1595.11,1.62,-0.6855,986.5,428.26,344.11,1500.0,1113.39,1069.16,0.2229,618.45,660.57,123.69,1360.6,1.0681,0.0789,5.0873,2.8709,20.0,0.0,0.0,BENIGN_WEB
23.2909,40.0,12.0,28.0,32799.31,3848.35,28950.96,1408.25,1.72,-0.7653,819.98,527.5,40.0,1500.0,715.32,782.32,0.2014,582.27,756.14,116.45,1281.0,1.2986,0.0279,4.1061,2.5883,16.0,0.0,0.0,BENIGN_WEB
30.8502,79.0,28.0,51.0,84065.09,22623.96,61441.13,2724.94,2.56,-0.4618,1064.12,324.8,576.92,1500.0,1017.08,1018.5,0.5308,390.51,310.99,78.1,859.12,0.7964,0.027,4.4738,2.7326,12.0,0.0,0.0,BENIGN_WEB
3.0472,17.0,5.0,12.0,10848.36,2226.14,8622.22,3560.05,5.58,-0.5896,638.14,321.22,156.31,1216.33,606.22,555.14,0.2694,179.25,147.32,35.85,394.35,0.8219,0.0796,3.9652,2.2735,12.0,0.0,0.0,BENIGN_WEB
12.6528,24.0,7.0,17.0,21458.09,2775.58,18682.51,1695.91,1.9,-0.7413,894.09,369.53,339.79,1500.0,893.87,941.62,0.2587,527.2,922.16,105.44,1159.84,1.7492,0.0951,3.683,2.4193,10.0,0.0,0.0,BENIGN_WEB
30.9447,76.0,30.0,46.0,53769.1,9075.0,44694.1,1737.59,2.46,-0.6624,707.49,501.79,40.0,1500.0,709.89,757.98,0.5544,407.17,587.92,81.43,895.77,1.4439,0.0856,3.9808,2.6238,11.0,0.0,0.0,BENIGN_WEB
5.1558,80.0,31.0,49.0,58953.73,5741.93,53211.8,11434.34,15.52,-0.8052,736.92,349.45,212.75,1365.92,647.35,775.7,0.5686,64.45,63.38,12.89,141.79,0.9834,0.0897,4.0903,2.1914,17.0,0.0,0.0,BENIGN_WEB
131.3804,1920.0,331.0,1589.0,2401349.28,69144.7,2332204.58,18277.83,14.61,-0.9424,1250.7,286.53,820.9,1500.0,1340.18,1095.61,0.2422,27.35,14.7,5.47,60.16,0.5374,0.1122,3.787,2.9044,16.0,0.0,0.0,BENIGN_STREAMING
4.4635,57.0,16.0,41.0,50218.12,11483.59,38734.54,11250.88,12.77,-0.5427,881.02,330.87,384.71,1476.59,930.56,836.58,0.5778,78.31,126.52,15.66,172.27,1.6157,0.0542,4.262,2.9682,10.0,0.0,0.0,BENIGN_WEB
12.5744,68.0,26.0,42.0,58597.82,15477.73,43120.09,4660.09,5.41,-0.4717,861.73,491.21,124.91,1500.0,735.07,923.49,0.4296,184.92,151.6,36.98,406.82,0.8198,0.1039,3.7499,2.9347,16.0,0.0,0.0,BENIGN_WEB
26.8675,71.0,27.0,44.0,64934.52,9245.69,55688.83,2416.84,2.64,-0.7152,914.57,564.84,67.32,1500.0,853.87,949.65,0.3043,378.42,366.18,75.68,832.52,0.9677,0.0566,4.4324,2.5799,18.0,0.0,0.0,BENIGN_WEB
14.6303,48.0,18.0,30.0,31801.34,6879.88,24921.46,2173.67,3.28,-0.5673,662.53,385.17,84.77,1355.83,612.68,635.79,0.4603,304.8,217.93,60.96,670.55,0.715,0.0834,4.7215,2.8694,10.0,0.0,0.0,BENIGN_WEB
94.0932,544.0,114.0,430.0,782500.89,26685.49,755815.4,8316.24,5.78,-0.9318,1438.42,332.15,940.2,1500.0,1313.15,1265.31,0.3856,15.62,12.01,3.12,34.37,0.7687,0.1309,3.4573,2.9396,16.0,0.0,0.0,BENIGN_STREAMING
24.5249,49.0,17.0,32.0,51786.44,5882.88,45903.56,2111.59,2.0,-0.7728,1056.87,457.72,370.28,1500.0,1060.04,986.07,0.6013,500.51,675.6,100.1,1101.12,1.3498,0.0548,4.5304,2.7668,11.0,0.0,0.0,BENIGN_WEB
13.6335,74.0,21.0,53.0,61869.58,7165.46,54704.13,4538.06,5.43,-0.7684,836.08,509.26,72.19,1500.0,945.2,770.09,0.3797,184.24,162.46,36.85,405.32,0.8818,0.0677,5.0789,2.6438,11.0,0.0,0.0,BENIGN_WEB
8.6574,42.0,16.0,26.0,32149.94,4183.19,27966.75,3713.58,4.85,-0.7398,765.47,560.27,40.0,1500.0,680.73,665.79,0.5343,206.13,248.9,41.23,453.48,1.2075,0.0119,4.7031,2.2301,14.0,0.0,0.0,BENIGN_WEB
4.2961,34.0,13.0,21.0,35527.88,5337.33,30190.55,8269.76,7.91,-0.6995,1044.94,446.07,375.83,1500.0,1181.11,1197.35,0.5055,126.36,90.22,25.27,277.98,0.714,0.0776,4.1753,2.5344,11.0,0.0,0.0,BENIGN_WEB
133.925,983.0,158.0,825.0,1258039.58,48308.39,1209731.18,9393.61,7.34,-0.9232,1279.8,413.55,659.47,1500.0,1360.16,1267.04,0.2197,20.58,14.55,4.12,45.28,0.707,0.0972,3.8337,2.9769,18.0,0.0,0.0,BENIGN_STREAMING
17.227,75.0,21.0,54.0,50430.46,10288.28,40142.18,2927.4,4.35,-0.592,672.41,525.02,40.0,1500.0,620.8,728.0,0.4251,229.69,286.79,45.94,505.33,1.2486,0.0267,4.3638,2.3312,8.0,0.0,0.0,BENIGN_WEB
149.1088,2182.0,265.0,1917.0,2706362.49,179593.59,2526768.9,18150.25,14.63,-0.8673,1240.31,270.25,834.93,1500.0,1293.47,1268.5,0.2495,17.2,11.44,3.44,37.83,0.6655,0.0516,3.556,2.8659,11.0,0.0,0.0,BENIGN_STREAMING
1.9905,38.0,10.0,28.0,26428.32,6983.95,19444.36,13276.93,19.09,-0.4715,695.48,333.32,195.5,1295.46,639.39,628.05,0.3896,52.38,58.61,10.48,115.24,1.1188,0.0254,4.5755,2.1082,20.0,0.0,0.0,BENIGN_WEB
3.1198,68.0,26.0,42.0,57186.45,11459.58,45726.86,18330.36,21.8,-0.5992,840.98,493.67,100.47,1500.0,808.18,723.24,0.2499,45.88,77.8,9.18,100.93,1.6957,0.0494,4.4469,2.8254,20.0,0.0,0.0,BENIGN_WEB
29.5479,54.0,17.0,37.0,38213.26,5089.93,33123.33,1293.26,1.83,-0.7336,707.65,398.49,109.92,1424.93,646.57,669.44,0.387,547.18,654.93,109.44,1203.8,1.1969,0.1058,3.6667,2.2767,9.0,0.0,0.0,BENIGN_WEB
81.6518,1378.0,229.0,1149.0,1724143.96,132980.88,1591163.08,21115.82,16.88,-0.8457,1251.19,339.39,742.11,1500.0,1262.75,1071.6,0.4447,7.46,3.75,1.49,16.42,0.5025,0.0984,2.978,2.5245,19.0,0.0,0.0,BENIGN_STREAMING
19.8948,17.0,5.0,12.0,12383.29,3077.85,9305.43,622.44,0.85,-0.5029,728.43,454.16,47.19,1500.0,667.44,622.77,0.3223,1170.28,1904.45,234.06,2574.62,1.6273,0.0402,4.2499,2.9659,12.0,0.0,0.0,BENIGN_WEB
63.4917,322.0,40.0,282.0,423693.64,43962.73,379730.9,6673.21,5.07,-0.7925,1315.82,321.31,833.86,1500.0,1306.33,1468.54,0.5652,18.66,9.13,3.73,41.05,0.4892,0.109,3.0962,2.7263,20.0,0.0,0.0,BENIGN_STREAMING
25.5221,84.0,26.0,58.0,59575.72,7615.44,51960.29,2334.28,3.29,-0.7443,709.23,390.46,123.55,1412.06,646.78,733.61,0.4066,303.83,430.45,60.77,668.44,1.4167,0.1033,4.6815,2.6813,17.0,0.0,0.0,BENIGN_WEB
3.7191,30.0,9.0,21.0,22012.6,4213.78,17798.82,5918.84,8.07,-0.6171,733.75,532.74,40.0,1500.0,810.0,727.41,0.4896,123.97,205.09,24.79,272.73,1.6544,0.1251,4.1157,2.9761,11.0,0.0,0.0,BENIGN_WEB
10.3899,29.0,8.0,21.0,19520.95,4186.8,15334.14,1878.83,2.79,-0.571,673.14,474.9,40.0,1500.0,731.35,577.58,0.3539,358.27,437.96,71.65,788.2,1.2224,0.0589,4.4252,2.9653,8.0,0.0,0.0,BENIGN_WEB
29.1637,27.0,10.0,17.0,22114.97,6202.46,15912.51,758.31,0.93,-0.4391,819.07,550.44,40.0,1500.0,853.65,888.92,0.3419,1080.14,867.28,216.03,2376.3,0.8029,0.0695,3.9597,2.1212,18.0,0.0,0.0,BENIGN_WEB
28.8,60.0,23.0,37.0,42930.73,7781.33,35149.4,1490.65,2.08,-0.6375,715.51,516.85,40.0,1500.0,774.12,719.46,0.1963,480.0,570.72,96.0,1056.0,1.189,0.0405,4.3014,2.7921,16.0,0.0,0.0,BENIGN_WEB
22.3461,58.0,18.0,40.0,40339.56,11624.16,28715.4,1805.22,2.6,-0.4237,695.51,466.2,40.0,1500.0,616.9,595.21,0.4622,385.28,524.8,77.06,847.61,1.3621,0.0615,3.9818,2.2114,11.0,0.0,0.0,BENIGN_WEB
122.6782,715.0,142.0,573.0,886922.34,67779.5,819142.85,7229.67,5.83,-0.8472,1240.45,240.8,879.25,1500.0,1225.62,1418.68,0.3086,13.62,5.21,2.72,29.97,0.3823,0.0584,3.2279,2.3578,20.0,0.0,0.0,BENIGN_STREAMING
64.1321,1666.0,298.0,1368.0,2044918.07,219246.0,1825672.07,31886.05,25.98,-0.7856,1227.44,340.06,717.35,1500.0,1395.58,1065.22,0.5705,8.56,4.17,1.71,18.84,0.4873,0.1157,3.821,2.5523,11.0,0.0,0.0,BENIGN_STREAMING
28.0823,45.0,17.0,28.0,38669.33,5784.62,32884.71,1377.0,1.6,-0.7008,859.32,400.02,259.29,1500.0,964.58,967.35,0.5978,624.05,474.59,124.81,1372.91,0.7605,0.0224,3.8428,2.1728,11.0,0.0,0.0,BENIGN_WEB
122.1136,1540.0,307.0,1233.0,2143527.88,79085.51,2064442.37,17553.56,12.61,-0.9262,1391.9,362.7,847.84,1500.0,1478.95,1399.81,0.5248,20.77,7.43,4.15,45.69,0.3578,0.0678,3.6857,2.8909,18.0,0.0,0.0,BENIGN_STREAMING
29.5875,59.0,19.0,40.0,41233.26,11701.07,29532.19,1393.61,1.99,-0.4324,698.87,510.79,40.0,1500.0,684.49,745.21,0.5387,501.48,451.85,100.3,1103.26,0.901,0.0289,4.2275,2.4495,8.0,0.0,0.0,BENIGN_WEB
8.9887,75.0,23.0,52.0,60102.25,9038.08,51064.17,6686.39,8.34,-0.6992,801.36,512.22,40.0,1500.0,900.32,833.99,0.4523,119.85,191.94,23.97,263.67,1.6015,0.0162,5.0747,2.219,21.0,0.0,0.0,BENIGN_WEB
15.5814,70.0,27.0,43.0,67614.84,13845.01,53769.83,4339.46,4.49,-0.5905,965.93,340.31,455.46,1500.0,878.91,866.54,0.3898,222.59,327.11,44.52,489.7,1.4696,0.0941,3.8065,2.6764,17.0,0.0,0.0,BENIGN_WEB
24.8294,33.0,10.0,23.0,34855.9,8310.06,26545.84,1403.81,1.33,-0.5232,1056.24,552.25,227.87,1500.0,1150.88,933.42,0.4112,752.41,860.24,150.48,1655.29,1.1433,0.0645,3.9198,2.2853,16.0,0.0,0.0,BENIGN_WEB
27.7828,31.0,10.0,21.0,26529.35,6168.43,20360.92,954.88,1.12,-0.535,855.79,578.11,40.0,1500.0,794.38,851.21,0.3289,896.22,1559.57,179.24,1971.69,1.7402,0.0798,3.7439,2.3096,12.0,0.0,0.0,BENIGN_WEB
115.2142,415.0,57.0,358.0,530930.18,27663.11,503267.07,4608.2,3.6,-0.8958,1279.35,278.9,861.0,1500.0,1380.55,1098.83,0.4147,11.11,6.75,2.22,24.45,0.6071,0.1365,3.6798,2.8727,11.0,0.0,0.0,BENIGN_STREAMING
11.8738,71.0,27.0,44.0,72264.9,10748.53,61516.37,6086.08,5.98,-0.7025,1017.82,490.43,282.17,1500.0,1123.29,1020.17,0.3818,167.24,148.28,33.45,367.92,0.8867,0.0924,4.5384,2.8655,21.0,0.0,0.0,BENIGN_WEB
5.841,37.0,12.0,25.0,36501.15,7853.34,28647.8,6249.1,6.33,-0.5697,986.52,437.08,330.9,1500.0,846.78,904.3,0.4839,157.87,163.63,31.57,347.3,1.0365,0.0993,4.395,2.7516,18.0,0.0,0.0,BENIGN_WEB
122.4858,1482.0,229.0,1253.0,1970359.74,53237.14,1917122.61,16086.44,12.1,-0.946,1329.53,356.48,794.81,1500.0,1282.07,1176.95,0.3835,20.26,14.53,4.05,44.56,0.7171,0.1125,3.2643,2.5332,15.0,0.0,0.0,BENIGN_STREAMING
23.6127,57.0,20.0,37.0,47362.27,12493.41,34868.86,2005.79,2.41,-0.4724,830.92,327.01,340.4,1419.53,739.29,893.93,0.2174,414.26,552.7,82.85,911.37,1.3342,0.0659,4.3918,2.1521,19.0,0.0,0.0,BENIGN_WEB
14.8097,82.0,32.0,50.0,53052.83,9491.4,43561.43,3582.3,5.54,-0.6422,646.99,516.64,40.0,1500.0,670.88,626.37,0.5578,180.61,233.22,36.12,397.33,1.2913,0.0357,4.3048,2.336,8.0,0.0,0.0,BENIGN_WEB
20.4432,32.0,9.0,23.0,20756.14,2358.69,18397.45,1015.31,1.57,-0.7727,648.63,358.86,110.34,1294.57,642.25,618.21,0.4212,638.85,759.07,127.77,1405.47,1.1882,0.0156,5.0161,2.4968,8.0,0.0,0.0,BENIGN_WEB
40.2096,1174.0,165.0,1009.0,1599834.86,49683.53,1550151.33,39787.43,29.2,-0.9379,1362.72,326.56,872.89,1500.0,1487.51,1297.08,0.3662,10.59,7.35,2.12,23.29,0.6945,0.1772,3.0899,2.8348,22.0,0.0,0.0,BENIGN_STREAMING
96.0353,1786.0,242.0,1544.0,2279680.89,137477.86,2142203.02,23737.95,18.6,-0.8794,1276.42,308.55,813.6,1500.0,1152.32,1108.92,0.4302,19.51,11.15,3.9,42.91,0.5717,0.149,3.5654,2.8847,20.0,0.0,0.0,BENIGN_STREAMING
27.4971,74.0,28.0,46.0,67167.98,18828.0,48339.99,2442.73,2.69,-0.4394,907.68,427.33,266.68,1500.0,1010.56,849.72,0.5844,371.58,376.1,74.32,817.48,1.0122,0.0858,3.7182,2.402,8.0,0.0,0.0,BENIGN_WEB
30.7537,67.0,21.0,46.0,69869.2,7793.21,62075.99,2271.9,2.18,-0.7769,1042.82,468.74,339.72,1500.0,934.9,994.26,0.5027,459.01,545.9,91.8,1009.82,1.1893,0.101,3.6139,2.9256,21.0,0.0,0.0,BENIGN_WEB
22.8204,49.0,17.0,32.0,33391.72,3582.91,29808.8,1463.24,2.15,-0.7854,681.46,415.87,57.66,1430.02,747.26,677.49,0.4974,465.72,707.04,93.14,1024.59,1.5182,0.058,4.8079,2.352,17.0,0.0,0.0,BENIGN_WEB
128.9226,1001.0,211.0,790.0,1367017.79,135513.22,1231504.57,10603.4,7.76,-0.8017,1365.65,380.26,795.26,1500.0,1351.39,1425.43,0.2093,9.23,3.53,1.85,20.3,0.3823,0.1552,3.8718,2.4861,21.0,0.0,0.0,BENIGN_STREAMING
25.6202,44.0,18.0,26.0,33489.39,5413.54,28075.85,1307.15,1.72,-0.6767,761.12,379.52,191.84,1444.26,710.99,835.78,0.41,582.28,1010.23,116.46,1281.01,1.735,0.0575,4.1953,2.1645,8.0,0.0,0.0,BENIGN_WEB
127.1681,1989.0,372.0,1617.0,2518708.91,195519.1,2323189.82,19806.14,15.64,-0.8447,1266.32,398.98,667.86,1500.0,1411.37,1339.82,0.5853,6.91,2.84,1.38,15.21,0.4113,0.0962,3.7006,2.363,20.0,0.0,0.0,BENIGN_STREAMING
49.9779,2184.0,288.0,1896.0,3135533.89,208982.73,2926551.16,62738.35,43.7,-0.8667,1435.68,278.18,1018.41,1500.0,1294.04,1419.19,0.2886,26.76,17.63,5.35,58.87,0.6589,0.081,3.722,2.965,17.0,0.0,0.0,BENIGN_STREAMING
16.8272,21.0,8.0,13.0,22257.37,6380.3,15877.07,1322.7,1.25,-0.4267,1059.87,392.89,470.53,1500.0,914.78,1124.4,0.274,801.29,580.19,160.26,1762.85,0.7241,0.028,4.6881,2.6892,17.0,0.0,0.0,BENIGN_WEB
112.7034,1654.0,223.0,1431.0,2129009.46,144188.65,1984820.81,18890.38,14.68,-0.8645,1287.19,347.11,766.53,1500.0,1201.85,1133.93,0.3129,17.8,11.96,3.56,39.15,0.6723,0.1595,2.9429,2.8313,10.0,0.0,0.0,BENIGN_STREAMING
150.052,547.0,70.0,477.0,752161.35,81001.87,671159.48,5012.67,3.65,-0.7846,1375.07,325.92,886.18,1500.0,1447.39,1526.7,0.5108,16.28,11.66,3.26,35.81,0.7165,0.1105,3.4572,2.2429,16.0,0.0,0.0,BENIGN_STREAMING
121.723,2125.0,294.0,1831.0,2934296.33,119132.67,2815163.66,24106.34,17.46,-0.9188,1380.85,347.51,859.58,1500.0,1406.2,1480.84,0.2695,6.09,3.88,1.22,13.4,0.6372,0.0707,3.6199,2.5949,18.0,0.0,0.0,BENIGN_STREAMING
64.7527,481.0,85.0,396.0,657721.08,48486.97,609234.11,10157.43,7.43,-0.8526,1367.4,283.88,941.59,1500.0,1509.0,1556.89,0.4198,8.87,5.04,1.77,19.5,0.5685,0.1339,2.9557,2.7648,16.0,0.0,0.0,BENIGN_STREAMING
15.1397,35.0,14.0,21.0,37024.32,9681.67,27342.65,2445.52,2.31,-0.477,1057.84,489.53,323.54,1500.0,907.58,1032.4,0.182,432.56,361.27,86.51,951.64,0.8352,0.0159,4.0091,2.4127,11.0,0.0,0.0,BENIGN_WEB
31.7697,49.0,15.0,34.0,39974.48,11082.05,28892.44,1258.26,1.54,-0.4455,815.81,466.89,115.47,1500.0,928.31,930.02,0.3374,648.36,910.93,129.67,1426.39,1.405,0.1325,4.542,2.9728,16.0,0.0,0.0,BENIGN_WEB
143.5181,914.0,150.0,764.0,1216301.21,55099.04,1161202.17,8474.9,6.37,-0.9094,1330.75,377.37,764.7,1500.0,1477.57,1353.41,0.6012,23.4,9.41,4.68,51.47,0.402,0.0866,3.3196,2.2157,13.0,0.0,0.0,BENIGN_STREAMING
151.2811,305.0,52.0,253.0,387123.58,27080.34,360043.24,2558.97,2.02,-0.8601,1269.26,302.15,816.04,1500.0,1387.37,1451.59,0.369,26.35,14.79,5.27,57.97,0.5611,0.0837,3.0012,2.2932,17.0,0.0,0.0,BENIGN_STREAMING
9.6917,47.0,18.0,29.0,34085.04,8812.71,25272.33,3516.94,4.85,-0.4829,725.21,556.94,40.0,1500.0,802.11,833.32,0.2712,206.21,352.5,41.24,453.65,1.7094,0.1387,4.9824,2.9851,21.0,0.0,0.0,BENIGN_WEB
10.8555,62.0,22.0,40.0,56407.21,5257.82,51149.39,5196.21,5.71,-0.8136,909.79,572.7,50.74,1500.0,818.07,811.84,0.2351,175.09,130.62,35.02,385.19,0.746,0.0681,4.0331,2.8863,11.0,0.0,0.0,BENIGN_WEB
28.2034,54.0,16.0,38.0,48996.25,8332.92,40663.33,1737.25,1.91,-0.6599,907.34,436.5,252.59,1500.0,871.36,898.0,0.4718,522.28,880.49,104.46,1149.03,1.6858,0.0964,4.6289,2.6644,8.0,0.0,0.0,BENIGN_WEB
136.9142,1627.0,210.0,1417.0,2097108.93,57501.82,2039607.11,15316.95,11.88,-0.9452,1288.94,300.2,838.65,1500.0,1385.04,1207.1,0.5411,11.49,5.62,2.3,25.29,0.4888,0.0545,3.2381,2.6767,21.0,0.0,0.0,BENIGN_STREAMING
131.4352,718.0,121.0,597.0,900780.1,80744.21,820035.88,6853.42,5.46,-0.8207,1254.57,275.23,841.72,1500.0,1323.3,1124.59,0.4632,16.95,7.94,3.39,37.29,0.4687,0.1045,3.3116,2.4969,19.0,0.0,0.0,BENIGN_STREAMING
23.6012,55.0,22.0,33.0,46943.79,10344.68,36599.11,1989.04,2.33,-0.5593,853.52,373.09,293.88,1500.0,725.87,955.25,0.5224,429.11,426.83,85.82,944.05,0.9947,0.0603,3.631,2.5382,15.0,0.0,0.0,BENIGN_WEB
21.9367,52.0,21.0,31.0,52993.14,11842.54,41150.6,2415.73,2.37,-0.5531,1019.1,403.18,414.33,1500.0,909.76,952.9,0.5489,421.86,456.94,84.37,928.09,1.0832,0.1347,3.6905,2.4443,14.0,0.0,0.0,BENIGN_WEB
82.7465,471.0,63.0,408.0,617260.42,21748.92,595511.5,7459.66,5.69,-0.9295,1310.53,321.45,828.35,1500.0,1295.85,1383.6,0.192,17.55,11.26,3.51,38.62,0.6417,0.1634,3.5847,2.4498,23.0,0.0,0.0,BENIGN_STREAMING
145.6782,1128.0,235.0,893.0,1488776.04,69366.41,1419409.64,10219.62,7.74,-0.9068,1319.84,320.33,839.34,1500.0,1153.82,1165.74,0.2263,22.66,12.92,4.53,49.85,0.57,0.1539,3.7302,2.848,22.0,0.0,0.0,BENIGN_STREAMING
3.0065,67.0,21.0,46.0,54004.81,10509.88,43494.93,17962.74,22.29,-0.6108,806.04,482.19,82.76,1500.0,885.47,829.78,0.5055,44.87,44.38,8.97,98.72,0.989,0.0539,4.5586,2.4305,15.0,0.0,0.0,BENIGN_WEB
90.1514,2199.0,386.0,1813.0,3118187.55,318699.73,2799487.82,34588.36,24.39,-0.7956,1418.0,286.06,988.91,1500.0,1310.42,1310.95,0.5304,25.7,15.69,5.14,56.53,0.6108,0.0979,3.043,2.7154,12.0,0.0,0.0,BENIGN_STREAMING
12.593,35.0,10.0,25.0,22384.04,3134.16,19249.88,1777.5,2.78,-0.72,639.54,413.87,40.0,1384.51,612.44,734.44,0.4933,359.8,283.0,71.96,791.56,0.7866,0.1231,5.0654,2.2492,21.0,0.0,0.0,BENIGN_WEB
18.7601,35.0,12.0,23.0,36606.36,10099.26,26507.1,1951.29,1.87,-0.4482,1045.9,326.44,556.23,1500.0,956.02,1097.0,0.4184,536.0,596.81,107.2,1179.2,1.1135,0.1202,5.0392,2.4518,20.0,0.0,0.0,BENIGN_WEB
23.0495,16.0,6.0,10.0,10673.66,1572.99,9100.67,463.08,0.69,-0.7053,667.1,566.29,40.0,1500.0,672.67,651.88,0.5873,1440.6,2335.18,288.12,3169.31,1.621,0.107,5.0687,2.5358,20.0,0.0,0.0,BENIGN_WEB
