flow_duration,total_packets,fwd_packets,bwd_packets,total_bytes,fwd_bytes,bwd_bytes,bytes_per_sec,packets_per_sec,pcr,pkt_len_mean,pkt_len_std,pkt_len_min,pkt_len_max,fwd_pkt_len_mean,bwd_pkt_len_mean,bimodal_ratio,iat_mean_ms,iat_std_ms,iat_min_ms,iat_max_ms,iat_jitter_coeff,beaconing_score,pkt_size_entropy,sni_entropy,sni_length,ja3_threat_flag,is_suspicious_port,label
20.008,29.0,8.0,21.0,24917.91,4904.43,20013.47,1245.39,1.45,-0.6064,859.24,569.54,40.0,1500.0,763.87,943.88,0.5923,689.93,966.1,137.99,1517.85,1.4003,0.1357,4.469,2.4782,18.0,0.0,0.0,BENIGN_WEB
38.5361,1363.0,225.0,1138.0,1730289.85,146808.24,1583481.61,44900.5,35.37,-0.8303,1269.47,351.18,742.7,1500.0,1356.78,1089.29,0.4099,23.98,11.26,4.8,52.75,0.4695,0.0697,2.9075,2.5474,18.0,0.0,0.0,BENIGN_STREAMING
111.915,2058.0,367.0,1691.0,2552941.64,264216.0,2288725.64,22811.43,18.39,-0.793,1240.5,320.19,760.21,1500.0,1291.79,1376.13,0.4092,16.66,6.13,3.33,36.66,0.3676,0.0756,3.546,2.466,21.0,0.0,0.0,BENIGN_STREAMING
87.6219,652.0,137.0,515.0,889991.65,45185.72,844805.93,10157.19,7.44,-0.8985,1365.02,320.41,884.4,1500.0,1375.32,1320.6,0.543,6.91,2.75,1.38,15.2,0.3974,0.0709,2.9926,2.5476,18.0,0.0,0.0,BENIGN_STREAMING
77.2322,197.0,94.0,103.0,108540.14,64900.75,43639.39,1405.37,2.55,0.1959,550.97,268.25,148.59,1033.81,491.55,488.65,0.1947,171.62,105.93,34.32,377.57,0.6172,0.3104,4.8748,1.1024,6.0,1.0,1.0,TOR_PROXY_TUNNEL
29.6394,65.0,21.0,44.0,61171.73,13888.81,47282.92,2063.86,2.19,-0.5459,941.1,355.27,408.2,1500.0,1014.84,1055.1,0.1914,455.99,599.26,91.2,1003.18,1.3142,0.0669,3.705,2.4372,17.0,0.0,0.0,BENIGN_WEB
82.2202,69.0,33.0,36.0,41267.76,16112.87,25154.9,501.92,0.84,-0.2191,598.08,282.21,174.76,1106.07,685.4,661.81,0.2158,163.22,78.45,32.64,359.09,0.4807,0.2498,4.8993,0.2474,0.0,1.0,1.0,TOR_PROXY_TUNNEL
28.1521,69.0,24.0,45.0,60924.0,14727.69,46196.31,2164.1,2.45,-0.5165,882.96,450.62,207.02,1500.0,1003.28,958.56,0.2337,408.0,519.29,81.6,897.6,1.2728,0.0587,3.8407,2.5424,10.0,0.0,0.0,BENIGN_WEB
29.8935,58.0,16.0,42.0,36208.28,3692.26,32516.01,1211.24,1.94,-0.7961,624.28,322.88,139.96,1205.46,595.67,658.07,0.1867,515.41,826.0,103.08,1133.89,1.6026,0.1227,4.5843,2.5768,12.0,0.0,0.0,BENIGN_WEB
72.9978,347.0,167.0,180.0,190033.96,89827.48,100206.48,2603.28,4.75,-0.0546,547.65,192.67,258.64,894.46,609.99,557.12,0.4923,276.58,214.36,55.32,608.48,0.775,0.2414,5.1263,0.7213,7.0,0.0,0.0,TOR_PROXY_TUNNEL
18.4242,1384.0,204.0,1180.0,1873459.25,172551.95,1700907.3,101684.71,75.12,-0.8158,1353.66,415.26,730.77,1500.0,1437.29,1308.97,0.3801,24.33,10.34,4.87,53.52,0.425,0.1199,3.0845,2.9082,15.0,0.0,0.0,BENIGN_STREAMING
4.976,18.0,5.0,13.0,16685.66,3603.89,13081.77,3353.2,3.62,-0.568,926.98,414.64,305.02,1500.0,992.22,1025.23,0.6141,276.45,289.18,55.29,608.18,1.0461,0.139,3.9876,2.4451,18.0,0.0,0.0,BENIGN_WEB
26.7816,273.0,58.0,215.0,386680.36,35134.85,351545.51,14438.27,10.19,-0.8183,1416.41,277.97,999.46,1500.0,1507.46,1595.51,0.3849,19.95,12.66,3.99,43.9,0.6345,0.0607,3.2691,2.3239,12.0,0.0,0.0,BENIGN_STREAMING
145.1302,707.0,112.0,595.0,878811.54,42272.73,836538.81,6055.33,4.87,-0.9038,1243.01,311.34,776.01,1500.0,1378.53,1212.28,0.5857,10.31,5.0,2.06,22.67,0.4854,0.1415,3.3453,2.2053,15.0,0.0,0.0,BENIGN_STREAMING
116.2029,709.0,150.0,559.0,906807.79,89381.69,817426.1,7803.66,6.1,-0.8029,1279.0,405.09,671.35,1500.0,1281.72,1305.91,0.2417,11.1,8.54,2.22,24.42,0.7697,0.1279,3.135,2.5743,21.0,0.0,0.0,BENIGN_STREAMING
5.0982,21.0,8.0,13.0,20918.03,4461.95,16456.07,4103.02,4.12,-0.5734,996.1,367.8,444.39,1500.0,1124.2,879.49,0.2551,242.77,276.55,48.55,534.1,1.1391,0.0767,4.4337,2.3211,12.0,0.0,0.0,BENIGN_WEB
44.8492,122.0,59.0,63.0,80409.34,43332.79,37076.54,1792.88,2.72,0.0778,659.09,189.79,374.41,1000.71,729.87,726.48,0.5837,215.75,123.89,43.15,474.64,0.5742,0.2492,5.2685,0.2052,9.0,1.0,1.0,TOR_PROXY_TUNNEL
31.4482,786.0,116.0,670.0,936944.51,73108.94,863835.57,29793.22,24.99,-0.8439,1192.04,287.63,760.59,1500.0,1339.22,1155.24,0.2492,22.93,8.17,4.59,50.45,0.3563,0.1443,3.2564,2.7408,12.0,0.0,0.0,BENIGN_STREAMING
20.4933,166.0,84.0,82.0,106297.97,59451.28,46846.69,5186.96,8.1,0.1186,640.35,267.97,238.39,1122.7,645.72,574.96,0.3835,66.14,47.84,13.23,145.51,0.7232,0.2626,4.6272,1.4198,8.0,1.0,0.0,TOR_PROXY_TUNNEL
24.8519,59.0,17.0,42.0,41962.86,7677.03,34285.83,1688.52,2.37,-0.6341,711.23,337.2,205.43,1318.2,620.21,631.58,0.2889,421.22,522.2,84.24,926.68,1.2397,0.0193,4.3128,3.0898,12.0,0.0,0.0,BENIGN_WEB
45.6682,1303.0,178.0,1125.0,1603999.3,52276.39,1551722.91,35122.87,28.53,-0.9348,1231.0,290.64,795.04,1500.0,1293.15,1085.73,0.352,9.59,3.58,1.92,21.11,0.3736,0.1412,2.9674,2.6084,20.0,0.0,0.0,BENIGN_STREAMING
65.8039,327.0,169.0,158.0,188941.37,104618.92,84322.45,2871.28,4.97,0.1074,577.8,207.75,266.18,951.75,639.71,547.38,0.6078,218.19,154.76,43.64,480.01,0.7093,0.345,5.3263,1.5467,8.0,1.0,0.0,TOR_PROXY_TUNNEL
60.6882,2016.0,404.0,1612.0,2713713.28,184311.95,2529401.33,44715.7,33.22,-0.8642,1346.09,303.78,890.42,1500.0,1444.13,1421.52,0.2287,16.81,8.85,3.36,36.98,0.5265,0.0953,3.3193,2.582,22.0,0.0,0.0,BENIGN_STREAMING
83.7684,771.0,105.0,666.0,1068597.24,43358.66,1025238.59,12756.57,9.2,-0.9188,1385.99,323.8,900.29,1500.0,1388.13,1277.67,0.6108,9.96,6.85,1.99,21.91,0.688,0.1594,3.728,2.8775,23.0,0.0,0.0,BENIGN_STREAMING
16.0273,62.0,20.0,42.0,45619.78,13202.56,32417.22,2846.38,3.87,-0.4212,735.8,425.99,96.83,1500.0,663.68,834.77,0.5827,258.51,399.92,51.7,568.71,1.5471,0.0758,4.7198,2.5676,15.0,0.0,0.0,BENIGN_WEB
50.41,825.0,107.0,718.0,998281.85,41107.74,957174.11,19803.24,16.37,-0.9176,1210.04,359.53,670.74,1500.0,1356.96,1223.42,0.5958,18.96,8.5,3.79,41.72,0.448,0.0959,3.0982,2.4509,17.0,0.0,0.0,BENIGN_STREAMING
27.3781,23.0,9.0,14.0,20709.23,2583.28,18125.95,756.42,0.84,-0.7505,900.4,358.34,362.9,1500.0,851.92,790.16,0.3047,1190.35,2057.94,238.07,2618.77,1.7288,0.0611,4.0733,2.7976,20.0,0.0,0.0,BENIGN_WEB
24.1983,84.0,32.0,52.0,60835.52,7020.03,53815.49,2514.04,3.47,-0.7692,724.23,406.0,115.23,1455.04,724.28,730.09,0.3435,288.07,246.56,57.61,633.76,0.8559,0.0621,3.6709,2.644,10.0,0.0,0.0,BENIGN_WEB
30.1755,67.0,25.0,42.0,56627.76,5334.97,51292.79,1876.62,2.22,-0.8116,845.19,524.94,57.78,1500.0,745.56,938.85,0.4522,450.38,651.87,90.08,990.84,1.4474,0.0846,4.7529,2.8724,16.0,0.0,0.0,BENIGN_WEB
21.6059,634.0,84.0,550.0,787351.93,41349.24,746002.69,36441.48,29.34,-0.895,1241.88,415.61,618.46,1500.0,1401.55,1292.58,0.4515,22.31,14.9,4.46,49.08,0.6678,0.0701,3.4675,2.6225,14.0,0.0,0.0,BENIGN_STREAMING
44.057,1483.0,292.0,1191.0,2049868.42,85264.62,1964603.8,46527.6,33.66,-0.9168,1382.24,279.81,962.53,1500.0,1418.96,1293.55,0.3894,8.9,4.41,1.78,19.58,0.4951,0.1196,3.5867,2.2855,16.0,0.0,0.0,BENIGN_STREAMING
104.2832,700.0,94.0,606.0,942148.48,62695.58,879452.9,9034.51,6.71,-0.8669,1345.93,285.52,917.65,1500.0,1372.36,1451.57,0.5314,26.97,19.35,5.39,59.33,0.7176,0.1451,3.5072,2.5576,15.0,0.0,0.0,BENIGN_STREAMING
31.7368,62.0,20.0,42.0,64779.89,10067.66,54712.23,2041.16,1.95,-0.6892,1044.84,500.63,293.89,1500.0,1107.62,1131.78,0.2494,511.88,461.7,102.38,1126.14,0.902,0.1335,4.9804,2.3955,20.0,0.0,0.0,BENIGN_WEB
17.4378,36.0,10.0,26.0,27098.34,6870.88,20227.46,1554.0,2.06,-0.4929,752.73,420.18,122.47,1500.0,863.27,831.46,0.4857,484.38,706.41,96.88,1065.64,1.4584,0.0605,4.4911,3.0705,13.0,0.0,0.0,BENIGN_WEB
16.3876,114.0,57.0,57.0,81043.83,32188.38,48855.45,4945.45,6.96,-0.2057,710.91,204.97,403.45,1079.86,771.07,758.6,0.2546,179.63,125.39,35.93,395.18,0.6981,0.2611,5.6244,1.5792,10.0,1.0,0.0,TOR_PROXY_TUNNEL
10.5954,18.0,6.0,12.0,17323.08,2608.93,14714.15,1634.97,1.7,-0.6988,962.39,387.75,380.77,1500.0,975.06,939.97,0.2724,588.63,973.34,117.73,1294.99,1.6536,0.1268,4.7049,2.3453,10.0,0.0,0.0,BENIGN_WEB
95.0986,2107.0,327.0,1780.0,2775288.48,181186.89,2594101.59,29183.28,22.16,-0.8694,1317.18,374.76,755.03,1500.0,1440.92,1255.61,0.49,9.81,5.86,1.96,21.57,0.5979,0.0614,3.8272,2.3416,17.0,0.0,0.0,BENIGN_STREAMING
111.4066,1517.0,220.0,1297.0,2092400.57,174907.5,1917493.07,18781.65,13.62,-0.8328,1379.3,344.63,862.36,1500.0,1339.32,1555.79,0.5304,17.3,11.42,3.46,38.06,0.6602,0.1773,3.7388,2.9808,11.0,0.0,0.0,BENIGN_STREAMING
30.5761,77.0,24.0,53.0,66694.05,16006.3,50687.75,2181.25,2.52,-0.52,866.16,509.96,101.21,1500.0,982.1,917.18,0.3591,397.09,314.75,79.42,873.6,0.7926,0.0987,4.109,2.1977,15.0,0.0,0.0,BENIGN_WEB
18.422,73.0,28.0,45.0,60769.94,16309.11,44460.83,3298.77,3.96,-0.4633,832.46,480.71,111.39,1500.0,822.67,887.85,0.5223,252.36,241.9,50.47,555.18,0.9586,0.016,4.4128,2.9233,17.0,0.0,0.0,BENIGN_WEB
110.3896,880.0,131.0,749.0,1264565.07,32255.36,1232309.71,11455.47,7.97,-0.949,1437.01,296.7,991.96,1500.0,1587.27,1468.87,0.3699,22.24,14.69,4.45,48.92,0.6608,0.0556,3.8847,2.8074,11.0,0.0,0.0,BENIGN_STREAMING
20.6123,60.0,17.0,43.0,61331.71,10367.13,50964.58,2975.49,2.91,-0.6619,1022.2,351.55,494.87,1500.0,1106.7,892.47,0.3902,343.54,489.46,68.71,755.79,1.4248,0.1272,4.6878,2.6679,21.0,0.0,0.0,BENIGN_WEB
74.4586,146.0,71.0,75.0,93211.93,50420.97,42790.96,1251.86,1.96,0.0819,638.44,295.25,195.57,1169.88,730.31,731.15,0.5312,161.7,81.84,32.34,355.73,0.5061,0.462,6.0438,1.7475,9.0,0.0,1.0,TOR_PROXY_TUNNEL
24.6933,53.0,19.0,34.0,57153.36,15250.55,41902.8,2314.53,2.15,-0.4663,1078.37,458.81,390.15,1500.0,1121.99,1228.76,0.5378,465.91,410.71,93.18,1025.0,0.8815,0.0372,4.7464,2.8643,15.0,0.0,0.0,BENIGN_WEB
19.4491,77.0,25.0,52.0,82773.08,16073.63,66699.44,4255.88,3.96,-0.6116,1074.98,430.11,429.8,1500.0,1091.25,944.13,0.3842,252.59,300.83,50.52,555.69,1.191,0.1248,4.8858,2.1926,13.0,0.0,0.0,BENIGN_WEB
9.7806,52.0,20.0,32.0,47424.2,12294.71,35129.49,4848.82,5.32,-0.4815,912.0,417.54,285.69,1500.0,890.04,939.15,0.4493,188.09,176.2,37.62,413.79,0.9368,0.0705,5.0733,3.0401,21.0,0.0,0.0,BENIGN_WEB
5.1143,77.0,25.0,52.0,79316.26,15183.66,64132.6,15508.6,15.06,-0.6171,1030.08,486.79,299.89,1500.0,1041.02,931.74,0.6068,66.42,58.9,13.28,146.12,0.8868,0.1075,4.506,2.7069,10.0,0.0,0.0,BENIGN_WEB
19.2219,62.0,21.0,41.0,50725.12,12050.42,38674.7,2638.92,3.23,-0.5249,818.15,555.43,40.0,1500.0,701.26,848.52,0.4854,310.03,484.66,62.01,682.07,1.5633,0.1193,4.0273,2.8026,21.0,0.0,0.0,BENIGN_WEB
26.8444,80.0,23.0,57.0,75685.4,10767.65,64917.75,2819.41,2.98,-0.7155,946.07,522.55,162.24,1500.0,1082.39,1044.22,0.4201,335.55,437.62,67.11,738.22,1.3042,0.0149,4.3273,2.4753,11.0,0.0,0.0,BENIGN_WEB
44.4838,159.0,79.0,80.0,105362.02,55230.33,50131.69,2368.55,3.57,0.0484,662.65,212.17,344.4,1044.56,725.22,740.13,0.5133,180.73,113.45,36.15,397.6,0.6278,0.422,4.73,0.3368,7.0,1.0,1.0,TOR_PROXY_TUNNEL
8.7681,17.0,5.0,12.0,16252.64,3732.41,12520.22,1853.6,1.94,-0.5407,956.04,454.84,273.77,1500.0,878.63,850.24,0.3432,515.77,823.11,103.15,1134.7,1.5959,0.0893,4.6731,2.1485,14.0,0.0,0.0,BENIGN_WEB
123.1523,1152.0,166.0,986.0,1644479.44,85799.12,1558680.32,13353.22,9.35,-0.8957,1427.5,393.76,836.86,1500.0,1218.75,1340.28,0.5171,19.89,10.76,3.98,43.76,0.5411,0.0898,2.9004,2.824,16.0,0.0,0.0,BENIGN_STREAMING
14.8816,61.0,17.0,44.0,45806.4,6262.83,39543.57,3078.06,4.1,-0.7266,750.92,386.37,171.37,1446.39,826.7,856.81,0.374,243.96,356.33,48.79,536.71,1.4606,0.1331,4.4166,2.7534,13.0,0.0,0.0,BENIGN_WEB
9.2622,51.0,18.0,33.0,35642.92,3835.44,31807.47,3848.21,5.51,-0.7848,698.88,574.91,40.0,1500.0,600.61,774.65,0.4461,181.61,276.64,36.32,399.55,1.5232,0.0391,4.9418,2.5761,14.0,0.0,0.0,BENIGN_WEB
57.6845,1428.0,227.0,1201.0,1999751.78,199536.33,1800215.45,34667.08,24.76,-0.8004,1400.39,286.71,970.31,1500.0,1242.36,1411.52,0.2401,20.46,7.33,4.09,45.01,0.3581,0.0871,3.4055,2.3885,23.0,0.0,0.0,BENIGN_STREAMING
26.0824,28.0,8.0,20.0,28740.01,4816.75,23923.26,1101.89,1.07,-0.6648,1026.43,567.11,175.77,1500.0,975.64,1081.65,0.4099,931.51,1004.79,186.3,2049.33,1.0787,0.0107,3.6849,2.3108,13.0,0.0,0.0,BENIGN_WEB
57.5299,187.0,94.0,93.0,104748.6,52975.34,51773.27,1820.77,3.25,0.0115,560.15,163.25,315.27,854.01,486.98,509.91,0.2817,157.95,131.17,31.59,347.48,0.8305,0.261,5.6598,0.3836,7.0,1.0,0.0,TOR_PROXY_TUNNEL
3.7061,34.0,13.0,21.0,29329.75,8275.19,21054.56,7913.83,9.17,-0.4357,862.64,551.44,40.0,1500.0,829.57,771.1,0.5085,109.0,161.17,21.8,239.81,1.4786,0.0729,4.5063,2.323,14.0,0.0,0.0,BENIGN_WEB
15.8558,27.0,7.0,20.0,25073.76,3923.37,21150.39,1581.36,1.7,-0.6871,928.66,429.51,284.39,1500.0,954.4,1058.13,0.4063,587.25,923.4,117.45,1291.95,1.5724,0.0125,4.247,3.0221,21.0,0.0,0.0,BENIGN_WEB
30.1172,74.0,25.0,49.0,71280.06,9983.28,61296.78,2366.76,2.46,-0.7199,963.24,338.43,455.6,1500.0,948.09,843.83,0.2974,406.99,621.61,81.4,895.38,1.5273,0.1281,4.6508,2.112,16.0,0.0,0.0,BENIGN_WEB
145.6763,1784.0,382.0,1402.0,2320059.55,121467.66,2198591.89,15926.13,12.25,-0.8953,1300.48,344.05,784.41,1500.0,1256.49,1162.44,0.3841,6.81,4.13,1.36,14.97,0.6074,0.1556,3.0827,2.4241,15.0,0.0,0.0,BENIGN_STREAMING
121.398,607.0,114.0,493.0,744737.23,60393.47,684343.76,6134.67,5.0,-0.8378,1226.91,336.96,721.47,1500.0,1190.14,1099.83,0.5164,25.38,18.44,5.08,55.83,0.7268,0.0804,3.7967,2.8209,11.0,0.0,0.0,BENIGN_STREAMING
15.1389,54.0,20.0,34.0,41891.24,10940.18,30951.06,2767.12,3.57,-0.4777,775.76,365.06,228.17,1432.88,818.94,810.11,0.3688,280.35,252.52,56.07,616.77,0.9007,0.0567,3.6076,2.424,15.0,0.0,0.0,BENIGN_WEB
4.0892,41.0,13.0,28.0,34826.71,3594.94,31231.77,8516.66,10.03,-0.7936,849.43,441.76,186.8,1500.0,724.74,862.52,0.4047,99.74,107.21,19.95,219.42,1.0749,0.0731,4.2827,2.4343,19.0,0.0,0.0,BENIGN_WEB
19.8565,67.0,21.0,46.0,44122.13,6883.49,37238.64,2222.05,3.37,-0.688,658.54,569.85,40.0,1500.0,615.37,734.04,0.2827,296.37,491.46,59.27,652.0,1.6583,0.1101,4.7831,2.1298,14.0,0.0,0.0,BENIGN_WEB
121.3135,2160.0,463.0,1697.0,3067997.92,265608.47,2802389.45,25289.83,17.81,-0.8269,1420.37,406.76,810.22,1500.0,1514.95,1337.02,0.5985,7.31,2.87,1.46,16.09,0.3919,0.0682,3.1137,2.4087,17.0,0.0,0.0,BENIGN_STREAMING
50.7708,2044.0,278.0,1766.0,2643483.59,225795.55,2417688.04,52067.03,40.26,-0.8292,1293.29,323.81,807.58,1500.0,1312.8,1337.94,0.6022,22.23,13.75,4.45,48.91,0.6184,0.1503,3.4207,2.2868,11.0,0.0,0.0,BENIGN_STREAMING
71.4243,281.0,149.0,132.0,168433.92,101486.05,66947.86,2358.22,3.93,0.2051,599.41,265.76,200.78,1077.77,661.53,539.71,0.4331,190.26,119.8,38.05,418.58,0.6296,0.303,5.5817,0.0085,3.0,1.0,0.0,TOR_PROXY_TUNNEL
74.6487,72.0,34.0,38.0,45819.33,18527.62,27291.71,613.8,0.96,-0.1913,636.38,206.69,326.35,1008.42,576.54,580.71,0.3467,66.1,48.26,13.22,145.42,0.7301,0.3708,4.7083,0.0726,6.0,0.0,0.0,TOR_PROXY_TUNNEL
31.4161,240.0,119.0,121.0,182328.36,88297.28,94031.07,5803.67,7.64,-0.0314,759.7,217.47,433.5,1151.15,871.53,745.01,0.3746,68.19,48.3,13.64,150.03,0.7083,0.2652,4.8558,0.6667,11.0,1.0,0.0,TOR_PROXY_TUNNEL
137.2468,1735.0,269.0,1466.0,2170571.63,162922.17,2007649.46,15815.1,12.64,-0.8499,1251.05,249.08,877.44,1500.0,1390.24,1326.25,0.5959,23.92,13.1,4.78,52.62,0.5475,0.0954,3.7323,2.8517,20.0,0.0,0.0,BENIGN_STREAMING
124.5222,703.0,106.0,597.0,889442.78,87692.2,801750.57,7142.85,5.65,-0.8028,1265.21,316.63,790.27,1500.0,1123.34,1373.09,0.5359,26.16,15.5,5.23,57.55,0.5926,0.1453,3.4169,2.6566,15.0,0.0,0.0,BENIGN_STREAMING
21.5127,141.0,68.0,73.0,98873.18,40499.67,58373.51,4596.04,6.55,-0.1808,701.23,293.51,260.96,1229.55,790.91,748.25,0.3374,44.94,36.68,8.99,98.87,0.8162,0.3096,5.8198,0.4896,8.0,1.0,1.0,TOR_PROXY_TUNNEL
24.0066,16.0,6.0,10.0,16282.37,3468.25,12814.12,678.25,0.67,-0.574,1017.65,481.78,294.98,1500.0,1160.74,882.61,0.2458,1500.41,1118.94,300.08,3300.9,0.7458,0.0604,3.9922,2.6428,20.0,0.0,0.0,BENIGN_WEB
52.8325,185.0,98.0,87.0,111525.78,57502.64,54023.15,2110.93,3.5,0.0312,602.84,181.36,330.8,929.29,657.06,691.99,0.4256,106.43,46.19,21.29,234.14,0.434,0.3347,4.8709,1.0777,8.0,0.0,1.0,TOR_PROXY_TUNNEL
63.5229,263.0,133.0,130.0,159110.11,81033.34,78076.76,2504.77,4.14,0.0186,604.98,275.02,192.45,1100.01,529.71,610.68,0.2152,255.61,114.93,51.12,562.33,0.4496,0.2352,6.0414,0.9011,8.0,1.0,1.0,TOR_PROXY_TUNNEL
125.4751,915.0,134.0,781.0,1245583.31,120641.38,1124941.93,9926.93,7.29,-0.8063,1361.29,402.11,758.13,1500.0,1373.19,1398.6,0.2806,16.68,11.32,3.34,36.69,0.6788,0.0839,3.092,2.9228,11.0,0.0,0.0,BENIGN_STREAMING
17.1031,62.0,18.0,44.0,45781.33,4572.96,41208.37,2676.79,3.63,-0.8002,738.41,345.75,219.78,1360.76,709.42,757.96,0.3374,275.86,360.06,55.17,606.88,1.3052,0.1338,4.5839,2.2226,18.0,0.0,0.0,BENIGN_WEB
67.1106,305.0,152.0,153.0,220330.46,93615.35,126715.11,3283.09,4.54,-0.1502,722.39,170.49,466.66,1029.28,796.25,640.63,0.3263,245.99,128.47,49.2,541.17,0.5222,0.2996,5.8732,1.5588,2.0,1.0,1.0,TOR_PROXY_TUNNEL
43.2797,66.0,32.0,34.0,41208.92,17851.7,23357.22,952.15,1.52,-0.1336,624.38,191.31,337.41,968.74,684.43,653.73,0.2331,202.05,130.66,40.41,444.51,0.6467,0.2996,5.7477,0.0241,5.0,1.0,0.0,TOR_PROXY_TUNNEL
71.9524,131.0,67.0,64.0,92304.09,55216.96,37087.13,1282.85,1.82,0.1964,704.61,191.99,416.63,1050.19,735.76,706.22,0.3338,93.95,64.56,18.79,206.69,0.6871,0.3107,4.9246,1.5225,7.0,1.0,0.0,TOR_PROXY_TUNNEL
151.5153,1000.0,135.0,865.0,1185877.37,77278.08,1108599.29,7826.78,6.6,-0.8697,1185.88,367.83,634.13,1500.0,1056.07,1216.7,0.3251,7.76,4.31,1.55,17.08,0.5552,0.0954,3.5093,2.3732,15.0,0.0,0.0,BENIGN_STREAMING
158.0582,731.0,105.0,626.0,956330.11,66016.3,890313.81,6050.49,4.62,-0.8619,1308.25,359.14,769.54,1500.0,1319.84,1266.82,0.2272,15.2,10.98,3.04,33.44,0.7221,0.0878,3.251,2.2222,11.0,0.0,0.0,BENIGN_STREAMING
25.4939,183.0,95.0,88.0,138254.53,78263.71,59990.82,5423.04,7.18,0.1322,755.49,306.69,295.46,1307.52,701.38,727.74,0.3122,43.81,23.82,8.76,96.39,0.5436,0.2958,5.9906,1.7003,1.0,1.0,1.0,TOR_PROXY_TUNNEL
26.067,54.0,18.0,36.0,35692.87,5850.54,29842.33,1369.27,2.07,-0.6722,660.98,556.89,40.0,1500.0,669.26,718.11,0.4387,482.72,841.32,96.54,1061.99,1.7429,0.0804,4.825,2.4403,9.0,0.0,0.0,BENIGN_WEB
29.6806,55.0,19.0,36.0,46721.03,10912.71,35808.32,1574.13,1.85,-0.5329,849.47,473.81,138.76,1500.0,903.89,827.47,0.5245,539.65,412.31,107.93,1187.22,0.764,0.1154,4.0494,2.724,13.0,0.0,0.0,BENIGN_WEB
42.4947,2145.0,381.0,1764.0,2826858.91,299289.56,2527569.34,66522.56,50.48,-0.7883,1317.88,248.0,945.89,1500.0,1353.59,1345.21,0.5915,27.97,21.53,5.59,61.53,0.7696,0.1759,3.3313,2.2599,22.0,0.0,0.0,BENIGN_STREAMING
8.938,40.0,11.0,29.0,33827.68,6778.28,27049.4,3784.7,4.48,-0.5992,845.69,362.51,301.92,1498.22,821.64,774.77,0.5699,223.45,210.18,44.69,491.59,0.9406,0.0186,4.7362,2.566,18.0,0.0,0.0,BENIGN_WEB
73.5532,68.0,35.0,33.0,46699.16,22339.92,24359.24,634.9,0.92,-0.0432,686.75,195.57,393.4,1038.77,601.36,624.15,0.4204,186.99,104.77,37.4,411.37,0.5603,0.4644,5.8728,0.8543,9.0,1.0,1.0,TOR_PROXY_TUNNEL
21.6984,57.0,22.0,35.0,46391.84,12133.72,34258.12,2138.03,2.63,-0.4769,813.89,546.64,40.0,1500.0,926.23,875.2,0.5241,380.67,662.8,76.13,837.48,1.7411,0.0725,3.6791,2.4758,19.0,0.0,0.0,BENIGN_WEB
67.1112,1103.0,162.0,941.0,1427064.57,150116.57,1276948.0,21264.18,16.44,-0.7896,1293.8,293.92,852.93,1500.0,1271.59,1317.02,0.4676,23.81,10.75,4.76,52.37,0.4515,0.1082,3.5711,2.6351,15.0,0.0,0.0,BENIGN_STREAMING
15.3788,52.0,15.0,37.0,33746.36,8905.14,24841.23,2194.34,3.38,-0.4722,648.97,552.78,40.0,1500.0,667.59,706.44,0.4047,295.75,395.74,59.15,650.64,1.3381,0.1075,4.9128,2.1645,10.0,0.0,0.0,BENIGN_WEB
28.0178,2096.0,374.0,1722.0,2741910.14,280775.32,2461134.82,97863.13,74.81,-0.7952,1308.16,371.15,751.43,1500.0,1463.87,1291.92,0.346,21.36,7.86,4.27,46.99,0.3681,0.0681,3.1282,2.8487,10.0,0.0,0.0,BENIGN_STREAMING
11.5896,24.0,8.0,16.0,18208.51,4530.24,13678.27,1571.1,2.07,-0.5024,758.69,325.85,269.91,1345.22,795.2,710.21,0.1952,482.9,812.44,96.58,1062.38,1.6824,0.1379,4.7962,2.9142,9.0,0.0,0.0,BENIGN_WEB
26.2805,48.0,18.0,30.0,48306.18,6947.68,41358.5,1838.1,1.83,-0.7123,1006.38,458.73,318.28,1500.0,1141.9,1025.71,0.4937,547.51,452.39,109.5,1204.52,0.8263,0.0672,3.8679,2.4506,18.0,0.0,0.0,BENIGN_WEB
25.7432,18.0,6.0,12.0,18403.64,3368.86,15034.78,714.89,0.7,-0.6339,1022.42,517.06,246.83,1500.0,925.07,1027.76,0.3239,1430.18,1113.67,286.04,3146.39,0.7787,0.0757,4.0699,2.1733,20.0,0.0,0.0,BENIGN_WEB
18.0212,42.0,15.0,27.0,37716.78,9689.74,28027.04,2092.92,2.33,-0.4862,898.02,453.37,217.96,1500.0,837.41,1011.41,0.2364,429.08,574.98,85.82,943.97,1.34,0.0864,4.4429,2.3063,17.0,0.0,0.0,BENIGN_WEB
99.9315,1785.0,253.0,1532.0,2209913.86,66525.39,2143388.47,22114.29,17.86,-0.9398,1238.05,416.63,613.1,1500.0,1274.56,1161.49,0.4691,21.29,12.48,4.26,46.84,0.5862,0.0669,3.7953,2.4268,19.0,0.0,0.0,BENIGN_STREAMING
140.7815,1129.0,243.0,886.0,1521324.1,94981.16,1426342.94,10806.28,8.02,-0.8751,1347.5,284.82,920.26,1500.0,1423.25,1444.54,0.3209,15.76,11.77,3.15,34.68,0.747,0.1021,3.8225,2.4728,16.0,0.0,0.0,BENIGN_STREAMING
21.5795,63.0,22.0,41.0,63327.67,9872.41,53455.26,2934.62,2.92,-0.6882,1005.2,475.96,291.27,1500.0,1139.49,1045.92,0.4489,342.53,503.86,68.51,753.57,1.471,0.0685,4.4455,2.3378,15.0,0.0,0.0,BENIGN_WEB
8.216,77.0,31.0,46.0,47991.05,4571.08,43419.96,5841.2,9.37,-0.8095,623.26,501.59,40.0,1500.0,689.45,595.45,0.5587,106.7,174.88,21.34,234.74,1.639,0.1389,3.9457,2.1188,10.0,0.0,0.0,BENIGN_WEB
16.0401,44.0,13.0,31.0,36378.21,6340.9,30037.31,2267.96,2.74,-0.6514,826.78,395.03,234.24,1500.0,795.15,909.22,0.2801,364.55,303.13,72.91,802.0,0.8315,0.1303,4.8619,3.0846,17.0,0.0,0.0,BENIGN_WEB
29.542,18.0,5.0,13.0,14395.03,3004.13,11390.89,487.27,0.61,-0.5826,799.72,490.94,63.32,1500.0,899.01,744.1,0.5155,1641.22,1266.89,328.24,3610.69,0.7719,0.0217,4.4979,2.4838,13.0,0.0,0.0,BENIGN_WEB
89.3995,443.0,85.0,358.0,606053.82,62452.05,543601.77,6779.16,4.96,-0.7939,1368.07,408.82,754.84,1500.0,1200.26,1219.84,0.2403,8.56,5.32,1.71,18.83,0.6215,0.1356,3.5777,2.3819,10.0,0.0,0.0,BENIGN_STREAMING
44.891,123.0,62.0,61.0,68834.13,31633.87,37200.27,1533.36,2.74,-0.0809,559.63,190.97,273.18,903.37,529.29,493.08,0.3322,238.89,120.02,47.78,525.56,0.5024,0.3323,5.413,0.3483,6.0,1.0,1.0,TOR_PROXY_TUNNEL
20.0055,47.0,16.0,31.0,47705.32,10861.25,36844.06,2384.6,2.35,-0.5447,1015.01,480.9,293.66,1500.0,1160.55,1121.86,0.1834,425.65,720.29,85.13,936.43,1.6922,0.099,5.0176,2.7599,17.0,0.0,0.0,BENIGN_WEB
118.9931,838.0,135.0,703.0,1193908.06,68784.62,1125123.44,10033.42,7.04,-0.8848,1424.71,390.47,839.0,1500.0,1429.8,1397.92,0.4398,6.79,4.53,1.36,14.93,0.6668,0.1113,3.2637,2.9491,16.0,0.0,0.0,BENIGN_STREAMING
3.0317,40.0,14.0,26.0,38096.98,9182.62,28914.36,12566.18,13.19,-0.5179,952.42,351.44,425.27,1500.0,873.95,1024.64,0.328,75.79,106.63,15.16,166.74,1.4068,0.0911,4.5982,3.0115,21.0,0.0,0.0,BENIGN_WEB
16.204,49.0,16.0,33.0,33936.81,3556.13,30380.68,2094.34,3.02,-0.7904,692.59,472.31,40.0,1500.0,705.94,599.83,0.421,330.69,494.12,66.14,727.53,1.4942,0.0764,4.2052,2.7611,8.0,0.0,0.0,BENIGN_WEB
52.3831,1052.0,148.0,904.0,1409067.99,94494.45,1314573.54,26899.31,20.08,-0.8659,1339.42,309.15,875.7,1500.0,1379.67,1537.04,0.224,16.6,12.66,3.32,36.51,0.7629,0.0565,3.8623,2.4393,14.0,0.0,0.0,BENIGN_STREAMING
8.107,79.0,24.0,55.0,69113.15,15458.45,53654.7,8525.12,9.74,-0.5527,874.85,511.31,107.89,1500.0,889.01,914.59,0.294,102.62,169.99,20.52,225.76,1.6565,0.1324,4.8047,2.3149,17.0,0.0,0.0,BENIGN_WEB
122.3947,1781.0,248.0,1533.0,2374928.11,67742.9,2307185.22,19403.85,14.55,-0.943,1333.48,254.62,951.54,1500.0,1181.62,1469.03,0.236,9.69,6.85,1.94,21.32,0.7064,0.0687,3.2231,2.3555,18.0,0.0,0.0,BENIGN_STREAMING
20.7706,32.0,10.0,22.0,21133.79,5291.94,15841.84,1017.49,1.54,-0.4992,660.43,505.96,40.0,1500.0,615.66,737.6,0.6095,649.08,990.38,129.82,1427.98,1.5258,0.0335,3.88,2.3331,8.0,0.0,0.0,BENIGN_WEB
20.2239,22.0,6.0,16.0,19077.53,2638.58,16438.95,943.32,1.09,-0.7234,867.16,396.62,272.23,1500.0,864.17,895.96,0.3137,919.27,1564.99,183.85,2022.39,1.7024,0.1105,3.7198,3.0025,13.0,0.0,0.0,BENIGN_WEB
19.6402,59.0,20.0,39.0,36908.19,3808.85,33099.34,1879.22,3.0,-0.7936,625.56,424.92,40.0,1390.41,613.46,700.26,0.4007,332.88,340.39,66.58,732.35,1.0225,0.016,4.0209,2.3514,19.0,0.0,0.0,BENIGN_WEB
12.9236,77.0,30.0,47.0,71137.18,10341.49,60795.69,5504.43,5.96,-0.7093,923.86,420.03,293.82,1500.0,829.21,938.52,0.4026,167.84,192.64,33.57,369.25,1.1477,0.1144,3.7676,2.4318,14.0,0.0,0.0,BENIGN_WEB
15.5922,40.0,12.0,28.0,28677.07,6490.23,22186.84,1839.19,2.57,-0.5474,716.93,484.7,40.0,1500.0,725.44,746.28,0.5825,389.81,536.21,77.96,857.57,1.3756,0.1027,4.2718,2.9224,19.0,0.0,0.0,BENIGN_WEB
20.832,26.0,9.0,17.0,22770.9,3235.07,19535.83,1093.07,1.25,-0.7159,875.8,341.15,364.07,1489.88,906.61,783.48,0.2842,801.23,846.76,160.25,1762.71,1.0568,0.0777,4.4352,2.6795,19.0,0.0,0.0,BENIGN_WEB
4.9026,29.0,8.0,21.0,21946.49,2018.72,19927.78,4476.46,5.92,-0.816,756.78,365.78,208.1,1415.19,850.49,795.65,0.3712,169.06,286.97,33.81,371.92,1.6975,0.1122,3.6355,3.0211,21.0,0.0,0.0,BENIGN_WEB
41.564,951.0,177.0,774.0,1356506.96,89027.49,1267479.46,32636.57,22.88,-0.8687,1426.4,331.67,928.9,1500.0,1264.01,1533.02,0.4743,17.92,13.14,3.58,39.43,0.7334,0.1504,3.1365,2.5929,15.0,0.0,0.0,BENIGN_STREAMING
53.0102,254.0,130.0,124.0,143715.69,77718.92,65996.77,2711.09,4.79,0.0816,565.81,204.12,259.63,933.23,623.88,556.78,0.5306,235.08,173.85,47.02,517.18,0.7395,0.3947,5.9796,0.5578,1.0,1.0,0.0,TOR_PROXY_TUNNEL
74.3994,60.0,30.0,30.0,44453.86,26588.79,17865.08,597.5,0.81,0.1962,740.9,163.46,495.7,1035.13,718.71,715.43,0.4976,64.37,36.71,12.87,141.61,0.5703,0.309,4.99,1.7846,10.0,1.0,1.0,TOR_PROXY_TUNNEL
17.3938,56.0,17.0,39.0,60435.39,11927.52,48507.87,3474.53,3.22,-0.6053,1079.2,396.68,484.18,1500.0,935.57,949.96,0.3111,310.6,423.02,62.12,683.33,1.3619,0.0309,3.7316,3.0777,11.0,0.0,0.0,BENIGN_WEB
23.9415,166.0,88.0,78.0,90103.1,51634.2,38468.89,3763.47,6.93,0.1461,542.79,203.52,237.52,909.12,605.88,473.29,0.2018,268.75,180.18,53.75,591.25,0.6704,0.2906,5.5508,1.1499,4.0,1.0,0.0,TOR_PROXY_TUNNEL
135.4789,333.0,50.0,283.0,416011.72,33847.2,382164.52,3070.68,2.46,-0.8373,1249.28,317.81,772.57,1500.0,1244.33,1348.22,0.3989,22.66,12.06,4.53,49.86,0.5321,0.1109,3.3545,2.383,14.0,0.0,0.0,BENIGN_STREAMING
46.9133,691.0,87.0,604.0,977331.58,48297.36,929034.22,20832.7,14.73,-0.9012,1414.37,340.4,903.77,1500.0,1386.19,1367.66,0.5886,25.77,16.6,5.15,56.7,0.644,0.1748,3.7038,2.6962,22.0,0.0,0.0,BENIGN_STREAMING
22.9897,304.0,155.0,149.0,172736.17,97362.64,75373.52,7513.63,13.22,0.1273,568.21,184.25,291.84,899.86,535.16,519.56,0.4072,208.62,108.12,41.72,458.96,0.5182,0.3806,5.4357,1.2834,0.0,1.0,1.0,TOR_PROXY_TUNNEL
8.4237,78.0,22.0,56.0,64371.53,9433.6,54937.92,7641.72,9.26,-0.7069,825.28,457.83,138.53,1500.0,813.69,822.9,0.219,108.0,159.36,21.6,237.59,1.4756,0.0198,4.1047,2.709,17.0,0.0,0.0,BENIGN_WEB
20.4003,19.0,5.0,14.0,14411.66,3122.58,11289.08,706.44,0.93,-0.5667,758.51,461.07,66.91,1500.0,752.01,795.05,0.2365,1073.7,1858.55,214.74,2362.14,1.731,0.0764,4.7716,2.127,12.0,0.0,0.0,BENIGN_WEB
9.085,61.0,22.0,39.0,41307.2,11760.75,29546.45,4546.77,6.71,-0.4306,677.17,352.22,148.84,1311.16,598.57,626.24,0.478,148.93,152.51,29.79,327.65,1.024,0.0205,4.175,2.8773,10.0,0.0,0.0,BENIGN_WEB
79.78,341.0,178.0,163.0,238812.83,128301.77,110511.06,2993.39,4.27,0.0745,700.33,297.17,254.58,1235.23,673.9,739.56,0.263,202.08,110.41,40.42,444.57,0.5464,0.2315,5.1666,1.5725,4.0,1.0,1.0,TOR_PROXY_TUNNEL
9.7034,39.0,14.0,25.0,29682.71,7262.87,22419.84,3059.01,4.02,-0.5106,761.1,405.79,152.41,1491.52,871.68,835.38,0.3357,248.8,222.44,49.76,547.37,0.894,0.038,5.0398,2.9826,13.0,0.0,0.0,BENIGN_WEB
30.9842,62.0,26.0,36.0,43120.77,6404.07,36716.7,1391.7,2.0,-0.703,695.5,495.29,40.0,1500.0,653.09,611.39,0.5646,499.74,691.27,99.95,1099.44,1.3832,0.0818,4.6989,2.7449,21.0,0.0,0.0,BENIGN_WEB
39.0864,2061.0,317.0,1744.0,2787563.38,186920.79,2600642.59,71317.94,52.73,-0.8659,1352.53,251.28,975.62,1500.0,1524.79,1321.29,0.5885,14.33,8.38,2.87,31.53,0.5848,0.0616,2.9225,2.6433,11.0,0.0,0.0,BENIGN_STREAMING
139.8615,1063.0,139.0,924.0,1291073.54,42341.83,1248731.71,9231.09,7.6,-0.9344,1214.56,373.67,654.06,1500.0,1329.52,1363.3,0.3706,21.76,14.5,4.35,47.87,0.6665,0.1089,2.928,2.2858,13.0,0.0,0.0,BENIGN_STREAMING
6.8018,75.0,21.0,54.0,59599.51,13292.57,46306.94,8762.28,11.03,-0.5539,794.66,408.5,181.91,1500.0,822.3,728.82,0.4139,90.69,68.37,18.14,199.52,0.7539,0.1003,3.6146,2.1229,16.0,0.0,0.0,BENIGN_WEB
69.1695,453.0,96.0,357.0,615514.82,16949.36,598565.46,8898.65,6.55,-0.9449,1358.75,256.77,973.6,1500.0,1264.9,1268.71,0.4755,26.01,10.32,5.2,57.21,0.3969,0.1173,3.0517,2.3709,11.0,0.0,0.0,BENIGN_STREAMING
6.1436,26.0,7.0,19.0,16143.19,3747.65,12395.54,2627.64,4.23,-0.5357,620.89,564.44,40.0,1500.0,567.62,531.92,0.3039,236.29,283.03,47.26,519.84,1.1978,0.1331,4.5439,2.1554,11.0,0.0,0.0,BENIGN_WEB
130.7655,1740.0,264.0,1476.0,2318068.25,188790.42,2129277.83,17726.92,13.31,-0.8371,1332.22,419.4,703.12,1500.0,1234.95,1389.43,0.4702,19.42,8.96,3.88,42.72,0.4614,0.0724,3.6142,2.8825,14.0,0.0,0.0,BENIGN_STREAMING
8.8297,48.0,14.0,34.0,48111.92,6311.76,41800.17,5448.88,5.44,-0.7376,1002.33,383.5,427.08,1500.0,890.98,1099.85,0.5521,183.95,261.62,36.79,404.69,1.4222,0.0792,4.7268,2.2706,15.0,0.0,0.0,BENIGN_WEB
140.4858,1314.0,212.0,1102.0,1641707.66,109491.56,1532216.09,11685.93,9.35,-0.8666,1249.4,264.3,852.95,1500.0,1238.22,1102.0,0.5622,18.41,12.27,3.68,40.5,0.6665,0.1358,2.9104,2.6875,19.0,0.0,0.0,BENIGN_STREAMING
44.2876,221.0,111.0,110.0,161666.15,87647.54,74018.61,3650.37,4.99,0.0843,731.52,250.08,356.4,1181.67,642.83,758.35,0.3663,128.82,80.89,25.76,283.4,0.6279,0.2388,6.0814,0.0372,8.0,0.0,0.0,TOR_PROXY_TUNNEL
50.2386,324.0,167.0,157.0,234767.95,113945.02,120822.93,4673.06,6.45,-0.0293,724.59,298.43,276.95,1261.76,797.7,765.44,0.5863,129.59,92.91,25.92,285.1,0.7169,0.3799,5.4594,1.788,2.0,1.0,1.0,TOR_PROXY_TUNNEL
71.5632,369.0,186.0,183.0,282434.01,147169.1,135264.91,3946.64,5.16,0.0421,765.4,271.09,358.78,1253.36,794.92,879.77,0.2655,48.95,31.45,9.79,107.7,0.6423,0.2388,4.7197,0.8457,1.0,1.0,0.0,TOR_PROXY_TUNNEL
16.9758,79.0,24.0,55.0,74554.53,11591.1,62963.43,4391.82,4.65,-0.6891,943.73,337.84,436.97,1500.0,1042.37,1014.51,0.1895,214.88,296.6,42.98,472.74,1.3803,0.0694,4.4055,3.0912,14.0,0.0,0.0,BENIGN_WEB
128.6445,2133.0,454.0,1679.0,2932756.65,101541.49,2831215.17,22797.37,16.58,-0.9308,1374.94,364.94,827.54,1500.0,1455.5,1204.49,0.3353,25.08,9.99,5.02,55.17,0.3984,0.0646,3.6157,2.7675,13.0,0.0,0.0,BENIGN_STREAMING
77.3475,331.0,174.0,157.0,231090.39,99552.61,131537.78,2987.69,4.28,-0.1384,698.16,164.24,451.8,993.79,634.28,769.09,0.1891,161.55,102.94,32.31,355.41,0.6372,0.2281,4.8314,0.8643,7.0,0.0,1.0,TOR_PROXY_TUNNEL
12.1935,76.0,28.0,48.0,67586.7,11892.43,55694.28,5542.85,6.23,-0.6481,889.3,471.82,181.57,1500.0,1015.79,869.25,0.3624,160.44,154.0,32.09,352.97,0.9599,0.1226,4.7354,2.4582,13.0,0.0,0.0,BENIGN_WEB
78.3198,428.0,56.0,372.0,567702.33,44707.27,522995.06,7248.52,5.46,-0.8425,1326.41,253.18,946.63,1500.0,1136.18,1350.75,0.2232,9.14,4.64,1.83,20.11,0.5072,0.082,3.797,2.7014,19.0,0.0,0.0,BENIGN_STREAMING
93.9666,615.0,90.0,525.0,777767.31,44501.27,733266.04,8277.06,6.54,-0.8856,1264.66,243.77,899.01,1500.0,1448.66,1193.42,0.5057,12.94,9.29,2.59,28.46,0.7185,0.1067,2.9592,2.4614,23.0,0.0,0.0,BENIGN_STREAMING
9.8511,23.0,6.0,17.0,19181.35,4880.65,14300.71,1947.14,2.33,-0.4911,833.97,527.54,42.66,1500.0,774.06,813.25,0.4801,428.31,493.9,85.66,942.27,1.1531,0.0113,5.0843,2.2928,14.0,0.0,0.0,BENIGN_WEB
49.9406,362.0,188.0,174.0,208264.63,123668.15,84596.48,4170.25,7.25,0.1876,575.32,184.15,299.1,906.78,580.81,557.33,0.6054,239.77,182.8,47.95,527.5,0.7624,0.4389,5.8521,0.6698,5.0,1.0,1.0,TOR_PROXY_TUNNEL
7.1404,39.0,15.0,24.0,27995.05,3608.85,24386.2,3920.65,5.46,-0.7422,717.82,344.16,201.59,1337.3,681.68,765.75,0.6193,183.09,273.81,36.62,402.79,1.4955,0.0144,4.7589,2.5945,16.0,0.0,0.0,BENIGN_WEB
42.4566,69.0,33.0,36.0,45459.91,24313.83,21146.08,1070.74,1.63,0.0697,658.84,223.22,324.0,1060.64,613.05,564.1,0.3328,247.6,186.72,49.52,544.72,0.7541,0.4032,5.7395,1.4216,11.0,1.0,0.0,TOR_PROXY_TUNNEL
18.2559,1718.0,261.0,1457.0,2329359.92,79019.7,2250340.22,127594.89,94.11,-0.9322,1355.86,273.01,946.34,1500.0,1510.68,1426.09,0.5438,17.96,11.73,3.59,39.51,0.6533,0.1245,3.6448,2.9364,21.0,0.0,0.0,BENIGN_STREAMING
159.3184,1134.0,213.0,921.0,1583305.96,39641.85,1543664.11,9938.0,7.12,-0.9499,1396.21,251.67,1018.71,1500.0,1459.06,1368.08,0.4532,17.21,11.51,3.44,37.87,0.6685,0.0578,3.715,2.6706,21.0,0.0,0.0,BENIGN_STREAMING
18.4286,63.0,26.0,37.0,51356.93,12390.33,38966.61,2786.81,3.42,-0.5175,815.19,399.7,215.65,1500.0,785.08,931.75,0.617,292.52,410.31,58.5,643.54,1.4027,0.0271,4.6978,2.9921,17.0,0.0,0.0,BENIGN_WEB
29.8086,64.0,20.0,44.0,42229.82,10241.26,31988.56,1416.7,2.15,-0.515,659.84,330.03,164.79,1253.9,618.45,568.04,0.6053,465.76,711.76,93.15,1024.67,1.5282,0.0431,4.2304,2.4533,10.0,0.0,0.0,BENIGN_WEB
80.1863,234.0,115.0,119.0,160681.75,67621.76,93060.0,2003.85,2.92,-0.1583,686.67,212.42,368.05,1069.03,622.51,652.68,0.5726,48.1,27.06,9.62,105.82,0.5625,0.4663,5.8154,0.3409,8.0,1.0,0.0,TOR_PROXY_TUNNEL
12.1991,61.0,22.0,39.0,49929.22,12475.13,37454.09,4092.87,5.0,-0.5003,818.51,348.69,295.48,1446.15,748.4,764.76,0.5492,199.98,211.17,40.0,439.97,1.0559,0.0816,3.7172,2.2169,17.0,0.0,0.0,BENIGN_WEB
4.5295,32.0,10.0,22.0,31899.8,3715.55,28184.25,7042.7,7.06,-0.767,996.87,536.89,191.53,1500.0,856.05,1095.64,0.2265,141.55,102.3,28.31,311.4,0.7227,0.0517,3.69,2.1028,17.0,0.0,0.0,BENIGN_WEB
78.3818,1492.0,232.0,1260.0,1904487.42,63755.12,1840732.31,24297.59,19.04,-0.933,1276.47,308.33,813.97,1500.0,1127.1,1148.18,0.5628,17.76,12.3,3.55,39.08,0.6925,0.1068,2.9307,2.7343,18.0,0.0,0.0,BENIGN_STREAMING
81.8338,1562.0,293.0,1269.0,2058296.94,56964.5,2001332.45,25152.17,19.09,-0.9446,1317.73,307.24,856.88,1500.0,1177.43,1432.09,0.3838,18.27,7.4,3.65,40.19,0.405,0.1111,3.7582,2.6635,15.0,0.0,0.0,BENIGN_STREAMING
8.2071,74.0,22.0,52.0,48888.03,12710.03,36178.0,5956.79,9.02,-0.48,660.65,492.56,40.0,1500.0,725.62,604.08,0.5527,110.91,82.14,22.18,244.0,0.7407,0.1243,4.2118,2.1939,13.0,0.0,0.0,BENIGN_WEB
19.0509,345.0,184.0,161.0,240814.94,120504.34,120310.61,12640.62,18.11,0.0008,698.01,183.61,422.6,1028.51,743.78,799.61,0.4165,233.02,125.49,46.6,512.64,0.5385,0.3801,4.7823,0.9606,9.0,1.0,1.0,TOR_PROXY_TUNNEL
19.2192,295.0,153.0,142.0,165818.94,94688.68,71130.26,8627.78,15.35,0.1421,562.1,259.73,172.5,1029.61,628.98,509.98,0.1928,195.1,122.84,39.02,429.22,0.6296,0.4153,5.9635,0.1841,0.0,1.0,1.0,TOR_PROXY_TUNNEL
63.783,185.0,93.0,92.0,114883.98,47713.8,67170.18,1801.17,2.9,-0.1694,620.99,313.14,151.28,1184.65,605.67,545.81,0.3106,174.07,128.72,34.81,382.96,0.7395,0.295,5.0661,1.5779,8.0,1.0,0.0,TOR_PROXY_TUNNEL
19.1499,35.0,10.0,25.0,27447.53,5122.63,22324.91,1433.3,1.83,-0.6267,784.22,532.79,40.0,1500.0,740.35,865.49,0.3122,547.14,549.5,109.43,1203.71,1.0043,0.1215,4.2934,2.4586,12.0,0.0,0.0,BENIGN_WEB
63.6287,162.0,81.0,81.0,99333.58,53440.01,45893.58,1561.14,2.55,0.076,613.17,289.57,178.81,1134.4,546.8,550.28,0.4651,195.22,112.68,39.04,429.48,0.5772,0.413,5.747,1.659,4.0,1.0,1.0,TOR_PROXY_TUNNEL
16.761,37.0,10.0,27.0,34043.38,6058.79,27984.6,2031.11,2.21,-0.6441,920.09,548.7,97.04,1500.0,831.59,865.32,0.5655,453.0,688.63,90.6,996.6,1.5202,0.0192,4.2253,2.4558,18.0,0.0,0.0,BENIGN_WEB
78.068,236.0,121.0,115.0,179315.1,102633.48,76681.62,2296.91,3.02,0.1447,759.81,318.86,281.52,1333.76,845.72,735.26,0.2192,138.09,111.86,27.62,303.81,0.81,0.2724,5.9436,1.1473,6.0,0.0,0.0,TOR_PROXY_TUNNEL
18.6122,137.0,69.0,68.0,98104.48,58862.62,39241.86,5270.98,7.36,0.2,716.09,267.98,314.11,1198.46,655.46,705.74,0.5403,258.62,167.18,51.72,568.96,0.6464,0.4251,5.5213,1.5163,8.0,1.0,0.0,TOR_PROXY_TUNNEL
11.2029,23.0,8.0,15.0,24254.09,2728.54,21525.54,2164.98,2.05,-0.775,1054.53,362.71,510.46,1500.0,1094.54,1072.73,0.4602,487.08,666.13,97.42,1071.58,1.3676,0.1387,3.9705,2.4888,8.0,0.0,0.0,BENIGN_WEB
67.1159,337.0,169.0,168.0,246635.43,122893.14,123742.29,3674.77,5.02,-0.0034,731.86,276.19,317.57,1229.0,763.05,789.65,0.5163,129.22,72.21,25.84,284.28,0.5588,0.2598,5.9324,0.3679,7.0,0.0,1.0,TOR_PROXY_TUNNEL
143.8802,926.0,111.0,815.0,1324023.39,96556.4,1227466.99,9202.26,6.44,-0.8541,1429.83,366.11,880.66,1500.0,1350.16,1359.88,0.3352,17.75,6.25,3.55,39.04,0.3519,0.153,3.1502,2.7263,16.0,0.0,0.0,BENIGN_STREAMING
31.3555,32.0,10.0,22.0,24254.53,2249.82,22004.72,773.53,1.02,-0.8145,757.95,384.72,180.87,1450.45,869.68,698.57,0.4095,979.86,1085.33,195.97,2155.69,1.1076,0.0586,3.8831,2.2999,14.0,0.0,0.0,BENIGN_WEB
28.8226,30.0,8.0,22.0,23968.81,2774.91,21193.9,831.6,1.04,-0.7685,798.96,540.95,40.0,1500.0,910.16,752.01,0.5058,960.75,1537.25,192.15,2113.66,1.6,0.105,3.9704,2.8538,12.0,0.0,0.0,BENIGN_WEB
10.1635,52.0,19.0,33.0,35267.42,5847.64,29419.78,3470.0,5.12,-0.6684,678.22,485.77,40.0,1500.0,702.59,744.92,0.5217,195.45,255.12,39.09,430.0,1.3053,0.04,4.095,2.7247,15.0,0.0,0.0,BENIGN_WEB
4.4967,35.0,13.0,22.0,23555.59,3463.9,20091.69,5238.38,7.78,-0.7059,673.02,453.51,40.0,1489.33,607.51,661.42,0.57,128.48,211.56,25.7,282.65,1.6466,0.0361,4.3576,2.3028,14.0,0.0,0.0,BENIGN_WEB
11.0091,79.0,23.0,56.0,75795.35,19445.69,56349.66,6884.79,7.18,-0.4869,959.43,577.56,93.1,1500.0,963.21,1024.18,0.5663,139.36,221.36,27.87,306.58,1.5885,0.0233,5.0029,2.2376,15.0,0.0,0.0,BENIGN_WEB
15.2367,40.0,13.0,27.0,27515.09,3086.39,24428.7,1805.85,2.63,-0.7757,687.88,345.49,169.64,1309.76,754.18,600.42,0.401,380.92,664.67,76.18,838.02,1.7449,0.0943,4.7536,3.0855,16.0,0.0,0.0,BENIGN_WEB
136.0345,2082.0,426.0,1656.0,2581043.24,222919.37,2358123.87,18973.44,15.3,-0.8273,1239.69,362.72,695.61,1500.0,1207.53,1238.26,0.4929,26.25,17.16,5.25,57.76,0.6535,0.076,3.8166,2.3957,22.0,0.0,0.0,BENIGN_STREAMING
35.7249,260.0,128.0,132.0,158741.75,88283.87,70457.88,4443.45,7.28,0.1123,610.55,249.09,236.91,1058.91,586.64,538.66,0.5334,41.01,23.42,8.2,90.23,0.571,0.361,5.692,1.288,5.0,1.0,1.0,TOR_PROXY_TUNNEL
71.1008,450.0,56.0,394.0,592877.99,64104.56,528773.43,8338.56,6.33,-0.7838,1317.51,307.6,856.11,1500.0,1460.83,1308.45,0.4059,16.02,9.05,3.2,35.25,0.565,0.0944,2.9499,2.5969,14.0,0.0,0.0,BENIGN_STREAMING
25.6865,49.0,18.0,31.0,31197.06,6122.12,25074.94,1214.53,1.91,-0.6075,636.67,577.58,40.0,1500.0,564.42,563.72,0.2218,524.22,506.37,104.84,1153.27,0.966,0.097,4.5701,2.7955,18.0,0.0,0.0,BENIGN_WEB
21.7324,139.0,67.0,72.0,102990.3,47138.98,55851.32,4739.02,6.4,-0.0846,740.94,166.98,490.47,1041.5,644.55,768.71,0.3468,49.45,34.4,9.89,108.79,0.6957,0.2532,5.7789,1.4071,4.0,0.0,1.0,TOR_PROXY_TUNNEL
7.2979,18.0,7.0,11.0,17895.03,4135.24,13759.79,2452.07,2.47,-0.5378,994.17,441.44,332.01,1500.0,1078.03,924.87,0.2148,405.44,481.02,81.09,891.97,1.1864,0.0132,4.9272,3.0073,16.0,0.0,0.0,BENIGN_WEB
28.6591,82.0,28.0,54.0,54137.15,7012.44,47124.72,1889.0,2.86,-0.7409,660.21,491.45,40.0,1500.0,573.17,563.61,0.4809,349.5,513.93,69.9,768.9,1.4705,0.1383,4.5284,3.0091,12.0,0.0,0.0,BENIGN_WEB
64.5095,342.0,181.0,161.0,217268.68,121121.32,96147.36,3368.01,5.3,0.1149,635.29,207.85,323.52,1009.42,591.93,540.23,0.2039,228.04,98.87,45.61,501.69,0.4336,0.3543,5.1351,1.7589,1.0,1.0,0.0,TOR_PROXY_TUNNEL
16.4752,82.0,33.0,49.0,82903.23,21554.87,61348.36,5031.99,4.98,-0.48,1011.01,419.65,381.55,1500.0,1059.18,956.63,0.6085,200.92,331.8,40.18,442.02,1.6514,0.0861,4.8008,2.7991,12.0,0.0,0.0,BENIGN_WEB
11.3368,60.0,19.0,41.0,41054.5,3748.7,37305.8,3621.34,5.29,-0.8174,684.24,543.35,40.0,1500.0,653.42,691.04,0.3671,188.95,141.65,37.79,415.68,0.7497,0.0913,5.0134,2.318,18.0,0.0,0.0,BENIGN_WEB
36.2813,456.0,55.0,401.0,579029.14,27670.82,551358.32,15959.44,12.57,-0.9044,1269.8,389.52,685.53,1500.0,1334.59,1142.38,0.1827,23.14,15.31,4.63,50.9,0.6619,0.0707,3.0988,2.6167,18.0,0.0,0.0,BENIGN_STREAMING
3.077,65.0,26.0,39.0,68786.9,12576.18,56210.71,22355.52,21.12,-0.6343,1058.26,426.53,418.47,1500.0,968.26,990.24,0.2051,47.34,36.6,9.47,104.14,0.7731,0.1154,4.646,2.7959,10.0,0.0,0.0,BENIGN_WEB
41.0058,77.0,39.0,38.0,48846.34,23204.74,25641.6,1191.21,1.88,-0.0499,634.37,235.66,280.87,1058.56,641.74,703.12,0.5364,150.01,108.12,30.0,330.03,0.7207,0.3204,5.6899,0.0013,7.0,0.0,1.0,TOR_PROXY_TUNNEL
77.4307,277.0,133.0,144.0,214223.46,127857.38,86366.08,2766.65,3.58,0.1937,773.37,306.93,312.98,1325.84,794.84,827.03,0.6015,184.71,96.62,36.94,406.35,0.5231,0.3568,5.8706,1.7598,3.0,0.0,0.0,TOR_PROXY_TUNNEL
12.2708,35.0,13.0,22.0,37770.44,4465.83,33304.61,3078.07,2.85,-0.7635,1079.16,523.9,293.3,1500.0,1215.86,1038.28,0.4972,350.6,505.47,70.12,771.31,1.4418,0.0173,4.0205,2.8672,8.0,0.0,0.0,BENIGN_WEB
6.9417,43.0,15.0,28.0,45012.0,6126.18,38885.82,6484.34,6.19,-0.7278,1046.79,550.26,221.41,1500.0,945.78,950.6,0.5295,161.43,172.48,32.29,355.15,1.0684,0.0102,4.7348,2.1494,16.0,0.0,0.0,BENIGN_WEB
8.5538,83.0,23.0,60.0,59000.08,13429.48,45570.6,6897.5,9.7,-0.5448,710.84,376.99,145.36,1389.42,607.27,720.27,0.3569,103.06,79.93,20.61,226.73,0.7756,0.0918,4.0377,2.6681,11.0,0.0,0.0,BENIGN_WEB
34.8402,93.0,48.0,45.0,59410.84,29384.13,30026.71,1705.24,2.67,-0.0108,638.83,178.84,370.57,960.74,705.3,571.85,0.4457,183.1,135.22,36.62,402.81,0.7385,0.3112,5.194,0.1896,0.0,1.0,0.0,TOR_PROXY_TUNNEL
69.4047,290.0,141.0,149.0,213695.56,112558.48,101137.08,3078.98,4.18,0.0534,736.88,275.53,323.58,1232.84,654.56,845.8,0.2054,72.03,57.11,14.41,158.48,0.7928,0.4367,4.8866,0.3917,9.0,1.0,1.0,TOR_PROXY_TUNNEL
2.0384,27.0,10.0,17.0,26366.68,3079.92,23286.76,12935.26,13.25,-0.7664,976.54,428.05,334.46,1500.0,947.8,907.49,0.3768,75.49,98.59,15.1,166.09,1.306,0.0235,4.8418,2.7942,13.0,0.0,0.0,BENIGN_WEB
36.5683,256.0,137.0,119.0,180491.15,92395.53,88095.63,4935.73,7.0,0.0238,705.04,195.83,411.3,1057.54,606.27,747.6,0.4494,80.59,62.16,16.12,177.3,0.7713,0.4605,5.2106,0.6593,11.0,1.0,0.0,TOR_PROXY_TUNNEL
14.8179,116.0,61.0,55.0,63924.87,38605.78,25319.09,4314.02,7.83,0.2078,551.08,251.53,173.78,1003.83,512.89,488.33,0.4937,140.7,70.53,28.14,309.53,0.5013,0.3554,5.1643,1.7903,11.0,1.0,1.0,TOR_PROXY_TUNNEL
31.7646,321.0,154.0,167.0,232156.69,126539.36,105617.33,7308.67,10.11,0.0901,723.23,229.1,379.58,1135.61,670.71,634.56,0.5686,194.33,157.94,38.87,427.54,0.8127,0.4474,5.4062,1.2916,10.0,1.0,1.0,TOR_PROXY_TUNNEL
17.8251,38.0,11.0,27.0,32625.2,5139.62,27485.58,1830.29,2.13,-0.6849,858.56,490.93,122.16,1500.0,755.05,972.95,0.1852,469.08,380.94,93.82,1031.98,0.8121,0.039,4.7821,2.2387,11.0,0.0,0.0,BENIGN_WEB
26.4258,1785.0,267.0,1518.0,2389092.75,59859.06,2329233.69,90407.59,67.55,-0.9499,1338.43,329.65,843.95,1500.0,1233.37,1195.43,0.2093,6.23,2.43,1.25,13.7,0.3904,0.1707,3.773,2.6405,22.0,0.0,0.0,BENIGN_STREAMING
29.7555,65.0,18.0,47.0,54799.08,12841.79,41957.29,1841.65,2.18,-0.5313,843.06,360.66,302.07,1492.26,766.58,874.5,0.2333,457.78,389.82,91.56,1007.11,0.8516,0.0893,3.6724,2.3306,10.0,0.0,0.0,BENIGN_WEB
54.7035,2013.0,320.0,1693.0,2856738.27,81275.61,2775462.66,52222.23,36.8,-0.9431,1419.14,276.47,1004.44,1500.0,1366.5,1369.31,0.2491,17.51,10.87,3.5,38.53,0.6205,0.1263,3.0236,2.8528,18.0,0.0,0.0,BENIGN_STREAMING
42.1811,58.0,30.0,28.0,33588.8,13454.65,20134.16,796.3,1.38,-0.1989,579.12,310.28,113.7,1137.62,538.55,661.43,0.5111,67.44,45.9,13.49,148.36,0.6806,0.4055,5.0553,1.7976,6.0,1.0,1.0,TOR_PROXY_TUNNEL
26.711,70.0,28.0,42.0,72725.45,12043.76,60681.68,2722.68,2.62,-0.6688,1038.93,436.6,384.03,1500.0,929.47,1181.24,0.3229,381.59,497.32,76.32,839.49,1.3033,0.1135,4.6683,2.633,12.0,0.0,0.0,BENIGN_WEB
27.812,15.0,5.0,10.0,12933.32,1615.62,11317.7,465.03,0.54,-0.7502,862.22,523.02,77.68,1500.0,805.8,824.8,0.2893,1854.14,2760.64,370.83,4079.1,1.4889,0.0327,4.6133,2.9893,10.0,0.0,0.0,BENIGN_WEB
97.3804,517.0,86.0,431.0,651328.76,65872.92,585455.85,6688.5,5.31,-0.7977,1259.82,405.29,651.88,1500.0,1215.62,1244.88,0.4311,19.63,14.26,3.93,43.19,0.7262,0.0791,3.7536,2.8333,19.0,0.0,0.0,BENIGN_STREAMING
138.6331,1160.0,211.0,949.0,1650465.42,122604.61,1527860.81,11905.27,8.37,-0.8514,1422.82,365.11,875.15,1500.0,1539.86,1258.51,0.2078,11.68,6.11,2.34,25.69,0.5232,0.1222,2.9099,2.6812,17.0,0.0,0.0,BENIGN_STREAMING
13.6555,75.0,29.0,46.0,62849.66,13624.97,49224.69,4602.53,5.49,-0.5664,838.0,339.69,328.46,1449.44,847.71,727.95,0.6044,182.07,236.6,36.41,400.56,1.2995,0.0508,4.9241,2.3937,16.0,0.0,0.0,BENIGN_WEB
22.4993,197.0,99.0,98.0,109158.65,65466.89,43691.76,4851.65,8.76,0.1995,554.1,160.45,313.43,842.92,560.81,515.38,0.2594,265.91,149.27,53.18,585.01,0.5613,0.3938,5.4622,0.8817,1.0,1.0,0.0,TOR_PROXY_TUNNEL
151.7112,776.0,158.0,618.0,1085717.82,45412.55,1040305.27,7156.48,5.11,-0.9163,1399.12,262.83,1004.88,1500.0,1254.98,1480.14,0.2991,22.94,17.37,4.59,50.47,0.7571,0.0588,3.658,2.3135,12.0,0.0,0.0,BENIGN_STREAMING
21.3415,64.0,21.0,43.0,67532.54,15830.09,51702.45,3164.38,3.0,-0.5312,1055.2,552.48,226.47,1500.0,1086.25,1015.66,0.1894,333.46,454.09,66.69,733.61,1.3617,0.1213,4.988,2.7287,20.0,0.0,0.0,BENIGN_WEB
76.0252,816.0,116.0,700.0,1101228.75,58822.84,1042405.91,14485.04,10.73,-0.8932,1349.55,249.69,975.0,1500.0,1243.23,1330.86,0.3931,10.51,5.33,2.1,23.12,0.5069,0.1726,3.4629,2.3552,10.0,0.0,0.0,BENIGN_STREAMING
48.9444,128.0,61.0,67.0,92219.01,52857.23,39361.78,1884.16,2.62,0.1463,720.46,310.54,254.65,1279.43,737.52,784.92,0.4895,136.76,87.75,27.35,300.88,0.6416,0.3612,5.4081,0.5594,5.0,1.0,1.0,TOR_PROXY_TUNNEL
10.9813,66.0,24.0,42.0,48333.86,10005.57,38328.29,4401.46,6.01,-0.586,732.33,460.69,41.29,1500.0,761.66,683.69,0.5191,166.38,173.88,33.28,366.04,1.045,0.098,4.8767,2.6066,11.0,0.0,0.0,BENIGN_WEB
61.4052,50.0,24.0,26.0,29603.39,17928.09,11675.3,482.1,0.81,0.2112,592.07,195.35,299.05,943.69,563.53,611.79,0.6121,94.46,68.48,18.89,207.81,0.725,0.3039,4.7641,1.0014,10.0,1.0,1.0,TOR_PROXY_TUNNEL
158.8932,683.0,124.0,559.0,913251.77,70255.2,842996.57,5747.58,4.3,-0.8461,1337.12,369.44,782.96,1500.0,1424.01,1428.97,0.5948,13.38,9.15,2.68,29.43,0.6843,0.0964,3.3864,2.9991,16.0,0.0,0.0,BENIGN_STREAMING
140.0783,329.0,45.0,284.0,444631.93,24639.5,419992.42,3174.17,2.35,-0.8892,1351.46,319.31,872.5,1500.0,1476.91,1531.27,0.3258,10.23,6.79,2.05,22.51,0.6639,0.1364,2.9205,2.4358,20.0,0.0,0.0,BENIGN_STREAMING
14.1874,29.0,8.0,21.0,25106.72,5293.71,19813.01,1769.64,2.04,-0.5783,865.75,385.01,288.23,1500.0,808.29,846.19,0.4048,489.22,406.96,97.84,1076.29,0.8318,0.0937,4.7515,2.9703,13.0,0.0,0.0,BENIGN_WEB
138.5316,1335.0,195.0,1140.0,1576956.44,89050.42,1487906.02,11383.37,9.64,-0.8871,1181.24,403.93,575.34,1500.0,1317.52,1134.19,0.211,27.46,14.79,5.49,60.41,0.5387,0.0701,3.2912,2.9921,14.0,0.0,0.0,BENIGN_STREAMING
27.0047,1257.0,259.0,998.0,1745490.58,122640.2,1622850.39,64636.48,46.55,-0.8595,1388.62,249.2,1014.81,1500.0,1249.81,1204.44,0.3359,16.9,9.66,3.38,37.17,0.572,0.1013,3.0052,2.7355,19.0,0.0,0.0,BENIGN_STREAMING
16.1218,212.0,106.0,106.0,142986.99,64266.54,78720.44,8869.17,13.15,-0.1011,674.47,224.66,337.48,1078.85,731.1,750.53,0.5938,94.15,75.37,18.83,207.12,0.8006,0.2209,6.0636,1.2756,8.0,1.0,0.0,TOR_PROXY_TUNNEL
49.4809,61.0,29.0,32.0,35258.95,14080.66,21178.29,712.58,1.23,-0.2013,578.02,259.82,188.29,1045.69,610.44,585.22,0.461,239.2,117.63,47.84,526.25,0.4917,0.3952,6.0383,1.4178,5.0,1.0,0.0,TOR_PROXY_TUNNEL
71.2803,2143.0,398.0,1745.0,2928810.96,277652.61,2651158.36,41088.66,30.06,-0.8104,1366.69,401.19,764.91,1500.0,1499.64,1224.56,0.2335,11.24,6.81,2.25,24.73,0.6062,0.0784,3.8256,2.499,15.0,0.0,0.0,BENIGN_STREAMING
72.6492,53.0,26.0,27.0,38553.92,17777.87,20776.05,530.69,0.73,-0.0778,727.43,260.78,336.27,1196.83,809.13,675.57,0.4601,248.87,187.77,49.77,547.52,0.7545,0.2203,4.9121,1.6275,5.0,0.0,0.0,TOR_PROXY_TUNNEL
14.1331,66.0,27.0,39.0,60839.06,10664.07,50175.0,4304.73,4.67,-0.6494,921.8,440.3,261.35,1500.0,1028.12,953.18,0.3741,214.14,259.81,42.83,471.1,1.2133,0.1041,4.4618,2.9853,9.0,0.0,0.0,BENIGN_WEB
27.8102,75.0,22.0,53.0,66170.1,7587.43,58582.66,2379.35,2.7,-0.7707,882.27,339.12,373.59,1492.68,808.49,957.16,0.3995,370.8,315.9,74.16,815.77,0.8519,0.0863,3.9952,2.1845,15.0,0.0,0.0,BENIGN_WEB
54.3865,170.0,88.0,82.0,121802.44,60975.69,60826.76,2239.57,3.13,0.0012,716.48,295.2,273.69,1247.84,685.5,644.39,0.4152,52.56,29.12,10.51,115.64,0.554,0.2227,4.8374,0.6181,5.0,1.0,0.0,TOR_PROXY_TUNNEL
14.8194,32.0,10.0,22.0,32225.69,2982.01,29243.69,2174.57,2.16,-0.8149,1007.05,502.12,253.87,1500.0,938.2,1038.26,0.3587,463.1,785.79,92.62,1018.83,1.6968,0.084,5.0526,2.4426,12.0,0.0,0.0,BENIGN_WEB
104.2316,1352.0,230.0,1122.0,1933892.4,122190.26,1811702.14,18553.8,12.97,-0.8736,1430.39,397.18,834.63,1500.0,1256.96,1348.52,0.3595,22.32,11.72,4.46,49.11,0.5251,0.1421,3.3862,2.5146,22.0,0.0,0.0,BENIGN_STREAMING
7.1879,46.0,15.0,31.0,34658.4,5485.95,29172.45,4821.8,6.4,-0.6834,753.44,426.14,114.23,1500.0,689.62,828.6,0.3892,156.26,144.68,31.25,343.77,0.9259,0.0295,4.4085,2.2165,15.0,0.0,0.0,BENIGN_WEB
10.2293,23.0,8.0,15.0,15449.32,1618.23,13831.09,1510.31,2.25,-0.7905,671.71,406.08,62.59,1402.65,710.96,640.74,0.4948,444.75,718.16,88.95,978.45,1.6147,0.0308,4.7479,2.8824,16.0,0.0,0.0,BENIGN_WEB
21.5273,43.0,14.0,29.0,30559.95,5490.94,25069.01,1419.59,2.0,-0.6406,710.7,325.28,222.77,1296.21,772.64,785.84,0.5206,500.63,722.08,100.13,1101.4,1.4423,0.0746,3.8638,2.6303,8.0,0.0,0.0,BENIGN_WEB
151.0009,1017.0,151.0,866.0,1235807.71,115457.81,1120349.9,8184.11,6.74,-0.8131,1215.15,398.11,617.98,1500.0,1163.23,1272.37,0.2002,13.61,10.32,2.72,29.94,0.7582,0.1501,3.5626,2.3584,12.0,0.0,0.0,BENIGN_STREAMING
20.5816,43.0,14.0,29.0,29267.12,8050.83,21216.29,1422.0,2.09,-0.4498,680.63,449.17,40.0,1489.14,727.12,708.41,0.2931,478.64,373.01,95.73,1053.01,0.7793,0.0293,4.7535,2.796,9.0,0.0,0.0,BENIGN_WEB
8.0333,68.0,24.0,44.0,71604.99,16273.82,55331.18,8913.57,8.46,-0.5455,1053.01,485.05,325.44,1500.0,1108.23,964.5,0.5958,118.14,143.61,23.63,259.9,1.2156,0.0705,4.6877,3.0174,21.0,0.0,0.0,BENIGN_WEB
2.4033,28.0,9.0,19.0,28836.62,3869.73,24966.89,11998.75,11.65,-0.7316,1029.88,353.48,499.65,1500.0,1024.29,1179.05,0.3415,85.83,64.02,17.17,188.83,0.7459,0.0102,4.3112,3.0517,13.0,0.0,0.0,BENIGN_WEB
29.5567,84.0,34.0,50.0,87382.66,18139.62,69243.04,2956.45,2.84,-0.5848,1040.27,323.01,555.75,1500.0,1012.16,1122.19,0.5872,351.86,380.53,70.37,774.1,1.0815,0.0283,4.7629,2.426,19.0,0.0,0.0,BENIGN_WEB
18.1837,307.0,162.0,145.0,224478.81,113476.91,111001.9,12345.06,16.88,0.011,731.2,317.28,255.28,1302.31,670.42,724.95,0.5076,209.93,141.22,41.99,461.84,0.6727,0.3781,4.7028,1.1986,4.0,1.0,1.0,TOR_PROXY_TUNNEL
67.1748,958.0,168.0,790.0,1319490.06,90957.43,1228532.63,19642.63,14.26,-0.8621,1377.34,329.23,883.49,1500.0,1369.35,1497.7,0.5114,9.53,6.01,1.91,20.98,0.63,0.0736,3.5443,2.3686,21.0,0.0,0.0,BENIGN_STREAMING
29.4996,30.0,11.0,19.0,22163.19,3800.17,18363.02,751.3,1.02,-0.6571,738.77,452.97,59.32,1500.0,812.58,640.87,0.4035,983.32,1244.38,196.66,2163.3,1.2655,0.0187,3.9343,2.8136,13.0,0.0,0.0,BENIGN_WEB
6.1873,27.0,8.0,19.0,29082.58,8054.8,21027.78,4700.39,4.36,-0.4461,1077.13,418.18,449.87,1500.0,1050.35,963.05,0.6033,229.16,335.79,45.83,504.15,1.4653,0.0507,4.932,3.065,11.0,0.0,0.0,BENIGN_WEB
20.2219,1152.0,230.0,922.0,1422993.19,106341.04,1316652.14,70369.07,56.97,-0.8505,1235.24,318.0,758.24,1500.0,1312.81,1177.0,0.2142,19.93,7.39,3.99,43.85,0.3708,0.0905,3.8616,2.8923,10.0,0.0,0.0,BENIGN_STREAMING
27.1327,74.0,21.0,53.0,69051.73,16128.08,52923.65,2544.96,2.73,-0.5329,933.13,369.08,379.51,1500.0,825.37,1015.07,0.5024,366.66,514.47,73.33,806.65,1.4031,0.0604,4.4078,3.0396,18.0,0.0,0.0,BENIGN_WEB
27.2874,72.0,28.0,44.0,70864.08,19524.21,51339.87,2596.96,2.64,-0.449,984.22,577.14,118.51,1500.0,936.53,1104.02,0.3514,378.99,278.75,75.8,833.78,0.7355,0.0927,4.7851,2.5915,10.0,0.0,0.0,BENIGN_WEB
33.0951,96.0,50.0,46.0,74249.15,39373.34,34875.81,2243.51,2.9,0.0606,773.43,315.12,300.74,1340.65,828.98,719.72,0.5821,68.01,42.33,13.6,149.62,0.6224,0.288,5.2705,0.6133,8.0,1.0,1.0,TOR_PROXY_TUNNEL
22.156,207.0,109.0,98.0,114118.51,65353.27,48765.24,5150.68,9.34,0.1454,551.3,240.21,190.99,983.67,623.35,470.68,0.5357,240.12,148.28,48.02,528.27,0.6175,0.3952,5.6873,1.2325,9.0,1.0,1.0,TOR_PROXY_TUNNEL
119.1284,1701.0,303.0,1398.0,2084859.25,79838.19,2005021.05,17500.94,14.28,-0.9234,1225.67,271.36,818.63,1500.0,1283.36,1097.51,0.2402,13.42,7.16,2.68,29.53,0.5335,0.1739,3.7091,2.4608,17.0,0.0,0.0,BENIGN_STREAMING
33.3408,45.0,24.0,21.0,28320.03,12914.57,15405.46,849.41,1.35,-0.088,629.33,307.81,167.62,1183.39,689.73,611.02,0.5,79.71,40.7,15.94,175.37,0.5106,0.3152,4.7813,1.4555,5.0,1.0,0.0,TOR_PROXY_TUNNEL
104.4967,512.0,82.0,430.0,657654.79,21586.74,636068.05,6293.54,4.9,-0.9344,1284.48,306.11,825.32,1500.0,1474.59,1453.04,0.3616,27.05,17.05,5.41,59.5,0.6305,0.1722,3.792,2.2109,15.0,0.0,0.0,BENIGN_STREAMING
79.9101,332.0,176.0,156.0,202680.65,119766.33,82914.33,2536.36,4.15,0.1818,610.48,234.9,258.14,1033.3,524.26,519.49,0.3631,160.76,133.65,32.15,353.67,0.8314,0.3501,6.0141,0.0935,6.0,1.0,1.0,TOR_PROXY_TUNNEL
8.6927,31.0,9.0,22.0,24999.75,3770.15,21229.6,2875.93,3.57,-0.6984,806.44,477.88,89.63,1500.0,903.67,833.74,0.3914,280.41,284.49,56.08,616.9,1.0146,0.0599,4.0851,2.678,19.0,0.0,0.0,BENIGN_WEB
32.2537,1132.0,175.0,957.0,1601331.23,113690.94,1487640.29,49647.93,35.1,-0.858,1414.6,364.18,868.33,1500.0,1368.96,1404.77,0.3228,12.95,8.72,2.59,28.48,0.6736,0.1216,3.1342,2.249,21.0,0.0,0.0,BENIGN_STREAMING
118.9682,915.0,131.0,784.0,1171035.06,49344.04,1121691.02,9843.26,7.69,-0.9157,1279.82,377.23,713.97,1500.0,1091.07,1409.91,0.4779,24.15,16.07,4.83,53.12,0.6656,0.092,2.9987,2.8152,10.0,0.0,0.0,BENIGN_STREAMING
156.304,962.0,149.0,813.0,1360584.42,122321.85,1238262.58,8704.73,6.15,-0.8202,1414.33,280.3,993.88,1500.0,1538.42,1604.47,0.3396,22.9,13.5,4.58,50.38,0.5895,0.1438,2.9891,2.6891,20.0,0.0,0.0,BENIGN_STREAMING
16.1015,63.0,23.0,40.0,49441.86,11679.99,37761.87,3070.64,3.91,-0.5275,784.79,417.94,157.88,1500.0,863.7,889.19,0.5587,255.58,437.33,51.12,562.27,1.7111,0.0803,4.4393,2.7242,16.0,0.0,0.0,BENIGN_WEB
109.1459,1208.0,234.0,974.0,1683367.95,126183.91,1557184.04,15423.1,11.07,-0.8501,1393.52,384.26,817.12,1500.0,1408.46,1211.52,0.3253,27.45,15.01,5.49,60.38,0.5467,0.1003,3.8018,2.9847,13.0,0.0,0.0,BENIGN_STREAMING
28.232,77.0,28.0,49.0,75381.88,11217.86,64164.02,2670.09,2.73,-0.7024,978.99,438.23,321.65,1500.0,997.41,902.28,0.2936,366.65,628.05,73.33,806.63,1.713,0.1307,4.5028,2.9085,8.0,0.0,0.0,BENIGN_WEB
14.0208,45.0,15.0,30.0,43562.82,6646.66,36916.16,3107.02,3.21,-0.6948,968.06,335.86,464.27,1500.0,1023.9,884.48,0.4423,311.57,534.8,62.31,685.46,1.7165,0.0415,4.2061,2.6664,18.0,0.0,0.0,BENIGN_WEB
40.3638,1803.0,218.0,1585.0,2283161.43,221224.9,2061936.54,56564.59,44.67,-0.8062,1266.31,326.65,776.33,1500.0,1352.22,1257.8,0.4466,20.54,8.9,4.11,45.2,0.4334,0.0808,3.2288,2.7262,21.0,0.0,0.0,BENIGN_STREAMING
43.8418,199.0,104.0,95.0,117494.75,60982.27,56512.48,2679.97,4.54,0.038,590.43,186.46,310.73,926.06,572.95,628.22,0.5874,82.23,68.85,16.45,180.91,0.8372,0.41,5.303,0.4578,7.0,1.0,1.0,TOR_PROXY_TUNNEL
10.0676,55.0,18.0,37.0,56773.94,10406.5,46367.44,5639.25,5.46,-0.6334,1032.25,505.67,273.74,1500.0,1092.25,993.09,0.3145,183.05,247.2,36.61,402.71,1.3505,0.0674,4.8144,2.8638,9.0,0.0,0.0,BENIGN_WEB
141.4451,312.0,38.0,274.0,373319.87,22260.05,351059.82,2639.33,2.21,-0.8807,1196.54,254.18,815.27,1500.0,1101.67,1357.85,0.3183,19.95,8.32,3.99,43.89,0.4172,0.0637,3.5052,2.873,13.0,0.0,0.0,BENIGN_STREAMING
23.2725,37.0,11.0,26.0,34980.85,5116.02,29864.83,1503.1,1.59,-0.7075,945.43,536.31,140.97,1500.0,958.97,816.16,0.2579,628.99,517.46,125.8,1383.77,0.8227,0.046,4.4873,2.7085,21.0,0.0,0.0,BENIGN_WEB
159.4067,336.0,56.0,280.0,429289.51,16433.4,412856.11,2693.05,2.11,-0.9234,1277.65,245.05,910.07,1500.0,1168.66,1216.7,0.4064,8.6,5.2,1.72,18.92,0.605,0.1467,3.419,2.8102,10.0,0.0,0.0,BENIGN_STREAMING
23.7301,61.0,22.0,39.0,53859.1,12993.91,40865.19,2269.65,2.57,-0.5175,882.94,501.7,130.38,1500.0,854.23,988.73,0.5703,389.02,334.67,77.8,855.84,0.8603,0.0732,4.1432,3.0424,9.0,0.0,0.0,BENIGN_WEB
81.3861,447.0,62.0,385.0,612823.79,39164.1,573659.69,7529.84,5.49,-0.8722,1370.97,354.18,839.69,1500.0,1549.81,1270.4,0.2369,19.95,14.22,3.99,43.9,0.7127,0.1089,3.1053,2.8183,13.0,0.0,0.0,BENIGN_STREAMING
25.5779,59.0,19.0,40.0,57772.69,8372.77,49399.92,2258.69,2.31,-0.7101,979.2,489.81,244.48,1500.0,1122.33,948.62,0.3109,433.52,744.86,86.7,953.75,1.7182,0.1234,5.0083,2.9278,15.0,0.0,0.0,BENIGN_WEB
23.6682,49.0,15.0,34.0,38004.74,10041.28,27963.46,1605.73,2.07,-0.4716,775.61,517.3,40.0,1500.0,799.78,865.22,0.3645,483.03,398.12,96.61,1062.66,0.8242,0.0864,4.5333,2.454,8.0,0.0,0.0,BENIGN_WEB
40.0222,47.0,23.0,24.0,31898.06,13931.89,17966.18,797.01,1.17,-0.1265,678.68,169.01,425.16,982.91,703.28,629.64,0.4863,262.71,170.77,52.54,577.96,0.65,0.4217,6.0793,0.1105,10.0,1.0,1.0,TOR_PROXY_TUNNEL
23.7498,42.0,11.0,31.0,36507.5,7537.15,28970.34,1537.17,1.77,-0.5871,869.23,448.86,195.93,1500.0,858.54,984.07,0.2991,565.47,954.44,113.09,1244.03,1.6879,0.072,3.6549,2.4397,11.0,0.0,0.0,BENIGN_WEB
9.3487,40.0,11.0,29.0,38033.59,10801.7,27231.89,4068.32,4.28,-0.432,950.84,541.17,139.08,1500.0,947.74,931.15,0.2909,233.72,311.74,46.74,514.18,1.3338,0.038,4.4461,2.7646,17.0,0.0,0.0,BENIGN_WEB
37.7297,2133.0,447.0,1686.0,2850375.5,294880.48,2555495.02,75547.29,56.53,-0.7931,1336.32,253.15,956.6,1500.0,1330.94,1531.04,0.5392,13.67,8.92,2.73,30.08,0.6523,0.0648,3.3594,2.505,15.0,0.0,0.0,BENIGN_STREAMING
79.7628,115.0,59.0,56.0,62947.1,38342.01,24605.08,789.18,1.44,0.2182,547.37,227.16,206.63,956.25,470.67,597.58,0.5956,121.41,76.75,24.28,267.11,0.6321,0.4353,5.0698,0.3632,5.0,1.0,1.0,TOR_PROXY_TUNNEL
27.5154,18.0,5.0,13.0,18324.91,4171.87,14153.04,665.99,0.65,-0.5447,1018.05,345.29,500.12,1500.0,1091.79,1068.65,0.2212,1528.63,2227.34,305.73,3362.99,1.4571,0.1244,4.0201,2.1913,12.0,0.0,0.0,BENIGN_WEB
25.632,133.0,63.0,70.0,81364.55,35739.31,45625.24,3174.34,5.19,-0.1215,611.76,249.12,238.08,1060.18,676.34,659.07,0.5973,149.13,83.34,29.83,328.08,0.5589,0.2988,5.0131,0.8943,11.0,1.0,1.0,TOR_PROXY_TUNNEL
54.7078,363.0,180.0,183.0,213381.17,108960.59,104420.58,3900.38,6.64,0.0213,587.83,184.12,311.64,919.25,575.51,536.96,0.577,252.23,191.09,50.45,554.9,0.7576,0.3223,5.6806,1.6421,10.0,1.0,1.0,TOR_PROXY_TUNNEL
12.062,15.0,4.0,11.0,10549.57,2223.4,8326.17,874.61,1.24,-0.5785,703.3,527.37,40.0,1500.0,776.13,635.39,0.5999,804.13,1207.17,160.83,1769.09,1.5012,0.0791,4.8383,2.2418,21.0,0.0,0.0,BENIGN_WEB
5.0329,78.0,28.0,50.0,79344.52,10816.85,68527.67,15765.3,15.5,-0.7273,1017.24,321.25,535.37,1500.0,1047.4,928.2,0.4571,64.52,85.57,12.9,141.95,1.3262,0.0811,4.0416,2.2992,18.0,0.0,0.0,BENIGN_WEB
22.4737,43.0,12.0,31.0,40102.02,7908.23,32193.78,1784.4,1.91,-0.6056,932.61,434.63,280.66,1500.0,987.23,985.1,0.3402,522.64,528.61,104.53,1149.82,1.0114,0.0662,4.0776,2.1005,14.0,0.0,0.0,BENIGN_WEB
13.4836,19.0,6.0,13.0,19639.3,4749.46,14889.84,1456.53,1.41,-0.5163,1033.65,320.66,552.65,1500.0,922.08,1044.41,0.2334,709.66,534.25,141.93,1561.26,0.7528,0.0158,4.499,3.0376,18.0,0.0,0.0,BENIGN_WEB
83.8465,190.0,94.0,96.0,119984.46,47163.05,72821.41,1431.0,2.27,-0.2138,631.5,187.87,349.7,969.66,575.85,537.95,0.5798,229.0,117.24,45.8,503.8,0.512,0.2613,5.9239,1.0763,6.0,1.0,0.0,TOR_PROXY_TUNNEL
31.7279,65.0,25.0,40.0,66108.97,11324.68,54784.29,2083.62,2.05,-0.6574,1017.06,333.63,516.61,1500.0,968.31,1125.13,0.4025,488.12,552.98,97.62,1073.87,1.1329,0.0351,4.4909,2.3608,16.0,0.0,0.0,BENIGN_WEB
72.2478,295.0,36.0,259.0,362178.84,10510.12,351668.72,5013.01,4.08,-0.942,1227.72,363.19,682.94,1500.0,1053.42,1292.52,0.5655,27.58,14.67,5.52,60.67,0.5321,0.1128,3.0556,2.31,22.0,0.0,0.0,BENIGN_STREAMING
31.1786,83.0,27.0,56.0,79687.81,13043.2,66644.6,2555.85,2.66,-0.6726,960.09,479.77,240.44,1500.0,919.99,1070.65,0.2429,375.65,404.1,75.13,826.42,1.0757,0.0494,3.9458,2.3104,14.0,0.0,0.0,BENIGN_WEB
147.5687,1447.0,262.0,1185.0,1728755.87,176792.18,1551963.69,11714.92,9.81,-0.7955,1194.72,375.33,631.72,1500.0,1319.52,1190.91,0.2179,11.32,7.13,2.26,24.91,0.6297,0.0999,3.3774,2.3078,15.0,0.0,0.0,BENIGN_STREAMING
15.1028,59.0,16.0,43.0,50512.77,9245.61,41267.17,3344.6,3.91,-0.6339,856.15,554.83,40.0,1500.0,754.62,903.51,0.3557,255.98,192.05,51.2,563.15,0.7503,0.0843,4.8282,2.9792,9.0,0.0,0.0,BENIGN_WEB
68.7093,376.0,195.0,181.0,203112.96,88351.09,114761.87,2956.12,5.47,-0.13,540.19,167.35,289.16,841.43,542.6,520.75,0.2656,162.24,98.62,32.45,356.93,0.6079,0.4511,5.7996,1.575,8.0,1.0,0.0,TOR_PROXY_TUNNEL
50.8158,1528.0,198.0,1330.0,2182721.65,238477.94,1944243.71,42953.64,30.07,-0.7815,1428.48,375.0,865.98,1500.0,1531.46,1482.0,0.3125,13.77,9.92,2.75,30.29,0.7203,0.1099,2.9637,2.2083,10.0,0.0,0.0,BENIGN_STREAMING
11.6717,43.0,15.0,28.0,36679.3,4234.97,32444.33,3142.59,3.68,-0.7691,853.01,354.21,321.69,1490.59,826.99,885.84,0.3091,271.43,412.2,54.29,597.16,1.5186,0.0133,4.3507,2.2924,21.0,0.0,0.0,BENIGN_WEB
13.194,29.0,8.0,21.0,26033.99,6132.54,19901.45,1973.17,2.2,-0.5289,897.72,554.83,65.47,1500.0,951.18,933.3,0.3883,454.97,658.45,90.99,1000.93,1.4472,0.0795,4.5973,2.9019,11.0,0.0,0.0,BENIGN_WEB
17.3543,46.0,17.0,29.0,39523.91,10537.13,28986.77,2277.47,2.65,-0.4668,859.22,433.33,209.22,1500.0,916.47,966.96,0.5463,377.27,490.18,75.45,829.99,1.2993,0.0988,4.9416,2.1412,16.0,0.0,0.0,BENIGN_WEB
142.2589,2156.0,324.0,1832.0,2891479.66,196123.63,2695356.02,20325.47,15.16,-0.8643,1341.13,240.15,980.9,1500.0,1447.05,1541.17,0.1811,17.92,13.91,3.58,39.42,0.776,0.0555,3.2682,2.6214,18.0,0.0,0.0,BENIGN_STREAMING
7.8945,58.0,17.0,41.0,56088.69,8715.24,47373.45,7104.77,7.35,-0.6892,967.05,355.97,433.1,1500.0,950.69,912.53,0.2811,136.11,234.53,27.22,299.45,1.723,0.0612,5.0752,2.2017,10.0,0.0,0.0,BENIGN_WEB
30.388,1874.0,387.0,1487.0,2594917.97,217638.44,2377279.52,85392.8,61.67,-0.8323,1384.69,266.17,985.44,1500.0,1484.0,1547.69,0.3062,17.78,8.55,3.56,39.12,0.4808,0.1098,3.0352,2.6404,21.0,0.0,0.0,BENIGN_STREAMING
68.2325,190.0,100.0,90.0,140141.88,78465.76,61676.12,2053.89,2.78,0.1198,737.59,294.15,296.36,1267.06,795.4,717.28,0.5842,170.26,74.05,34.05,374.58,0.4349,0.2915,5.6832,1.0965,11.0,1.0,0.0,TOR_PROXY_TUNNEL
70.5876,877.0,152.0,725.0,1120993.79,92996.15,1027997.64,15880.9,12.42,-0.8341,1278.21,338.06,771.13,1500.0,1303.84,1304.05,0.506,22.24,14.23,4.45,48.93,0.6399,0.1261,3.3614,2.3817,11.0,0.0,0.0,BENIGN_STREAMING
27.7218,47.0,16.0,31.0,48926.69,12777.92,36148.78,1764.92,1.7,-0.4777,1040.99,434.46,389.3,1500.0,949.74,887.09,0.3057,589.83,820.27,117.97,1297.62,1.3907,0.1096,4.5141,2.9633,14.0,0.0,0.0,BENIGN_WEB
64.1632,375.0,202.0,173.0,280337.05,146847.34,133489.71,4369.12,5.84,0.0476,747.57,288.03,315.52,1266.02,802.28,833.31,0.3803,83.35,68.89,16.67,183.37,0.8265,0.3323,4.9196,0.4503,5.0,1.0,0.0,TOR_PROXY_TUNNEL
81.7767,344.0,72.0,272.0,480499.52,23141.75,457357.76,5875.75,4.21,-0.9037,1396.8,394.03,805.75,1500.0,1412.23,1496.25,0.24,9.52,6.25,1.9,20.94,0.6566,0.1745,3.3001,2.9398,22.0,0.0,0.0,BENIGN_STREAMING
16.5991,71.0,28.0,43.0,71797.62,15210.71,56586.92,4325.4,4.28,-0.5763,1011.23,518.23,233.88,1500.0,889.11,1149.6,0.5381,233.79,178.9,46.76,514.34,0.7652,0.0455,4.7669,2.7593,16.0,0.0,0.0,BENIGN_WEB
19.5869,46.0,16.0,30.0,31477.91,8684.54,22793.37,1607.09,2.35,-0.4482,684.3,454.27,40.0,1500.0,754.48,726.71,0.3599,425.8,604.34,85.16,936.77,1.4193,0.1105,5.063,2.4685,20.0,0.0,0.0,BENIGN_WEB
75.4008,590.0,111.0,479.0,835946.94,22887.52,813059.43,11086.71,7.82,-0.9452,1416.86,299.09,968.22,1500.0,1546.31,1477.57,0.3284,9.99,4.03,2.0,21.98,0.4034,0.1371,3.154,2.4493,13.0,0.0,0.0,BENIGN_STREAMING
148.2382,2040.0,326.0,1714.0,2750639.04,114318.38,2636320.66,18555.54,13.76,-0.9169,1348.35,347.2,827.55,1500.0,1451.73,1197.27,0.3718,8.98,6.15,1.8,19.77,0.6849,0.0549,3.5505,2.8745,14.0,0.0,0.0,BENIGN_STREAMING
62.0112,2196.0,418.0,1778.0,2702487.11,255270.14,2447216.97,43580.6,35.41,-0.8111,1230.64,326.29,741.2,1500.0,1349.28,1180.94,0.1877,20.78,15.2,4.16,45.73,0.7315,0.071,3.1037,2.8866,20.0,0.0,0.0,BENIGN_STREAMING
26.0237,36.0,12.0,24.0,24989.17,4195.51,20793.66,960.25,1.38,-0.6642,694.14,339.42,185.02,1305.1,602.25,658.97,0.6149,722.88,955.26,144.58,1590.34,1.3215,0.0322,4.7638,2.8287,8.0,0.0,0.0,BENIGN_WEB
42.2188,312.0,158.0,154.0,181961.04,92700.62,89260.42,4309.95,7.39,0.0189,583.21,178.4,315.6,904.34,557.07,524.75,0.4194,224.48,108.19,44.9,493.86,0.4819,0.4271,5.3549,1.1302,11.0,1.0,1.0,TOR_PROXY_TUNNEL
11.6548,46.0,19.0,27.0,31654.36,3948.07,27706.29,2716.0,3.95,-0.7506,688.14,364.63,141.2,1344.47,612.95,729.51,0.2478,253.36,429.76,50.67,557.4,1.6962,0.0135,4.915,2.8004,13.0,0.0,0.0,BENIGN_WEB
16.9992,76.0,31.0,45.0,60590.96,13235.27,47355.69,3564.34,4.47,-0.5631,797.25,504.29,40.82,1500.0,750.72,682.06,0.2385,223.67,305.7,44.73,492.08,1.3667,0.0401,3.9627,2.2993,21.0,0.0,0.0,BENIGN_WEB
11.6864,29.0,9.0,20.0,19503.33,2631.44,16871.89,1668.89,2.48,-0.7302,672.53,509.48,40.0,1500.0,736.37,671.19,0.3124,402.98,407.62,80.6,886.56,1.0115,0.0429,4.3213,2.1091,15.0,0.0,0.0,BENIGN_WEB
6.6122,75.0,22.0,53.0,75967.83,17769.68,58198.15,11489.01,11.34,-0.5322,1012.9,329.61,518.49,1500.0,1107.57,1045.11,0.4653,88.16,150.32,17.63,193.96,1.705,0.0349,3.8992,2.54,14.0,0.0,0.0,BENIGN_WEB
10.2268,32.0,13.0,19.0,32052.99,7675.45,24377.54,3134.21,3.13,-0.5211,1001.66,333.81,500.94,1500.0,1128.88,1105.91,0.6035,319.59,275.04,63.92,703.09,0.8606,0.0368,4.814,2.2256,20.0,0.0,0.0,BENIGN_WEB
71.4911,1255.0,155.0,1100.0,1801511.92,190783.49,1610728.43,25199.09,17.55,-0.7882,1435.47,323.23,950.63,1500.0,1479.34,1407.87,0.5781,11.67,5.83,2.33,25.67,0.4999,0.1453,3.5659,2.723,22.0,0.0,0.0,BENIGN_STREAMING
29.7784,27.0,10.0,17.0,17930.87,2582.5,15348.37,602.14,0.91,-0.7119,664.11,422.32,40.0,1424.29,582.64,645.67,0.3663,1102.9,1585.07,220.58,2426.39,1.4372,0.113,3.8479,2.9454,10.0,0.0,0.0,BENIGN_WEB
31.9223,601.0,82.0,519.0,724040.52,76279.93,647760.58,22681.31,18.83,-0.7893,1204.73,320.36,724.19,1500.0,1140.77,1084.77,0.4399,14.37,8.39,2.87,31.62,0.5841,0.0855,3.4969,2.6711,20.0,0.0,0.0,BENIGN_STREAMING
5.6401,25.0,7.0,18.0,22589.41,5823.27,16766.15,4005.17,4.43,-0.4844,903.58,381.27,331.67,1500.0,1007.7,787.46,0.4117,225.6,274.86,45.12,496.33,1.2183,0.0303,3.9103,2.5524,9.0,0.0,0.0,BENIGN_WEB
2.9176,56.0,23.0,33.0,54760.44,14196.69,40563.76,18769.08,19.19,-0.4815,977.87,337.54,471.55,1500.0,865.69,836.91,0.4102,52.1,74.55,10.42,114.62,1.4308,0.0145,4.7954,2.4422,8.0,0.0,0.0,BENIGN_WEB
10.5733,55.0,22.0,33.0,44995.39,11456.47,33538.92,4255.56,5.2,-0.4908,818.1,374.13,256.9,1491.53,828.68,715.67,0.4025,192.24,161.03,38.45,422.93,0.8376,0.1199,4.356,2.1726,16.0,0.0,0.0,BENIGN_WEB
19.1607,72.0,25.0,47.0,48990.59,6951.88,42038.71,2556.83,3.76,-0.7162,680.42,447.48,40.0,1485.89,642.12,773.53,0.4048,266.12,189.45,53.22,585.47,0.7119,0.0885,5.0916,2.6106,16.0,0.0,0.0,BENIGN_WEB
78.9866,1418.0,253.0,1165.0,1708864.84,131769.16,1577095.68,21634.87,17.95,-0.8458,1205.12,273.91,794.26,1500.0,1281.49,1152.38,0.2437,18.87,14.17,3.77,41.5,0.7513,0.1348,3.212,2.9823,11.0,0.0,0.0,BENIGN_STREAMING
159.1446,2035.0,307.0,1728.0,2777364.41,303063.77,2474300.64,17451.83,12.79,-0.7818,1364.8,409.31,750.84,1500.0,1410.49,1403.74,0.5674,27.33,18.18,5.47,60.13,0.6649,0.0641,3.2871,2.352,12.0,0.0,0.0,BENIGN_STREAMING
14.2726,59.0,22.0,37.0,51773.61,9094.78,42678.83,3627.48,4.13,-0.6487,877.52,333.65,377.05,1478.09,816.86,901.42,0.4293,241.91,352.14,48.38,532.2,1.4557,0.116,3.9462,2.7133,16.0,0.0,0.0,BENIGN_WEB
54.1792,155.0,78.0,77.0,87124.81,51112.45,36012.36,1608.09,2.86,0.1733,562.1,185.1,284.44,895.28,543.25,546.47,0.4013,273.33,178.91,54.67,601.32,0.6546,0.3836,4.6469,0.6939,6.0,1.0,0.0,TOR_PROXY_TUNNEL
25.134,21.0,8.0,13.0,19804.97,3047.58,16757.39,787.97,0.84,-0.6922,943.09,453.15,263.36,1500.0,1084.44,950.2,0.3777,1196.86,1552.24,239.37,2633.09,1.2969,0.068,3.7564,2.3601,8.0,0.0,0.0,BENIGN_WEB
6.879,15.0,6.0,9.0,15566.86,1662.05,13904.81,2262.94,2.18,-0.7865,1037.79,495.99,293.81,1500.0,1158.31,1013.2,0.4535,458.6,466.36,91.72,1008.92,1.0169,0.1074,4.5032,2.3095,17.0,0.0,0.0,BENIGN_WEB
9.9493,48.0,19.0,29.0,39176.75,11184.07,27992.68,3937.64,4.82,-0.429,816.18,485.14,88.47,1500.0,734.5,775.87,0.5655,207.28,233.59,41.46,456.01,1.1269,0.0511,3.6384,2.227,14.0,0.0,0.0,BENIGN_WEB
111.1769,324.0,45.0,279.0,462312.87,11702.04,450610.83,4158.35,2.91,-0.9494,1426.89,274.04,1015.83,1500.0,1477.29,1631.07,0.1816,10.25,5.91,2.05,22.55,0.5765,0.0695,3.6284,2.639,10.0,0.0,0.0,BENIGN_STREAMING
4.3863,38.0,15.0,23.0,24727.07,6496.25,18230.82,5637.35,8.66,-0.4746,650.71,516.5,40.0,1500.0,699.75,733.21,0.3391,115.43,96.43,23.09,253.94,0.8354,0.0763,4.3218,2.9869,18.0,0.0,0.0,BENIGN_WEB
41.1586,229.0,113.0,116.0,129796.95,64933.28,64863.67,3153.58,5.56,0.0005,566.8,169.53,312.51,871.95,509.47,534.85,0.5024,118.25,75.62,23.65,260.16,0.6394,0.2776,5.6588,1.0318,2.0,1.0,1.0,TOR_PROXY_TUNNEL
28.2983,37.0,13.0,24.0,28323.51,2631.42,25692.1,1000.89,1.31,-0.8142,765.5,378.35,197.97,1446.54,836.68,828.74,0.5098,764.82,740.28,152.96,1682.6,0.9679,0.0181,4.7182,2.1304,15.0,0.0,0.0,BENIGN_WEB
11.8746,36.0,12.0,24.0,30482.97,8280.06,22202.92,2567.08,3.03,-0.4567,846.75,522.73,62.65,1500.0,849.3,898.61,0.5517,329.85,472.81,65.97,725.67,1.4334,0.1373,4.3552,2.1025,11.0,0.0,0.0,BENIGN_WEB
31.2369,1047.0,148.0,899.0,1431828.98,46417.59,1385411.39,45837.73,33.52,-0.9352,1367.55,244.92,1000.17,1500.0,1264.13,1267.0,0.4177,14.06,5.4,2.81,30.92,0.3842,0.0781,3.4122,2.2066,23.0,0.0,0.0,BENIGN_STREAMING
10.211,71.0,23.0,48.0,60177.04,15714.83,44462.21,5893.33,6.95,-0.4777,847.56,462.37,154.01,1500.0,732.92,890.78,0.2919,143.82,107.66,28.76,316.4,0.7486,0.0683,4.2986,2.4509,11.0,0.0,0.0,BENIGN_WEB
20.8892,79.0,27.0,52.0,78203.09,10728.47,67474.63,3743.71,3.78,-0.7256,989.91,345.23,472.07,1500.0,919.49,1116.96,0.4174,264.42,260.97,52.88,581.72,0.987,0.0456,3.6634,2.3198,12.0,0.0,0.0,BENIGN_WEB
17.4293,61.0,23.0,38.0,39358.43,5486.26,33872.17,2258.18,3.5,-0.7212,645.22,424.02,40.0,1408.45,564.98,626.73,0.2854,285.73,360.24,57.15,628.6,1.2608,0.0783,4.0264,2.7749,15.0,0.0,0.0,BENIGN_WEB
8.8286,23.0,9.0,14.0,19856.75,1853.6,18003.15,2249.14,2.61,-0.8133,863.34,576.84,40.0,1500.0,915.34,802.52,0.4611,383.85,585.76,76.77,844.47,1.526,0.0468,4.2583,2.5283,15.0,0.0,0.0,BENIGN_WEB
143.2449,1517.0,328.0,1189.0,2020363.26,112432.94,1907930.32,14104.26,10.59,-0.8887,1331.81,332.25,833.44,1500.0,1446.43,1336.71,0.3227,10.52,6.77,2.1,23.14,0.6434,0.0829,3.4832,2.8018,13.0,0.0,0.0,BENIGN_STREAMING
37.5834,63.0,31.0,32.0,40613.74,18876.9,21736.84,1080.63,1.68,-0.0704,644.66,168.88,391.34,948.65,567.52,571.32,0.3872,206.37,100.98,41.27,454.02,0.4893,0.4459,5.4908,0.7236,11.0,1.0,0.0,TOR_PROXY_TUNNEL
47.2429,156.0,80.0,76.0,111845.86,61652.24,50193.62,2367.46,3.3,0.1025,716.96,204.78,409.79,1085.56,767.14,792.13,0.5812,86.27,50.14,17.25,189.78,0.5813,0.2886,4.8124,0.7649,7.0,1.0,0.0,TOR_PROXY_TUNNEL
113.6659,1829.0,222.0,1607.0,2197669.53,188591.23,2009078.3,19334.46,16.09,-0.8284,1201.57,345.26,683.67,1500.0,1333.44,1180.03,0.227,21.24,10.78,4.25,46.72,0.5077,0.0569,3.3469,2.7755,21.0,0.0,0.0,BENIGN_STREAMING
25.7736,27.0,7.0,20.0,23789.33,4378.78,19410.55,923.01,1.05,-0.6319,881.09,426.69,241.04,1500.0,848.69,932.92,0.5508,954.58,1524.24,190.92,2100.08,1.5968,0.0457,4.9723,2.6853,11.0,0.0,0.0,BENIGN_WEB
23.8381,15.0,5.0,10.0,9743.25,973.78,8769.47,408.73,0.63,-0.8001,649.55,328.98,156.09,1241.71,554.55,557.66,0.494,1589.2,1564.66,317.84,3496.25,0.9846,0.1389,3.9153,2.6151,13.0,0.0,0.0,BENIGN_WEB
82.5395,1110.0,209.0,901.0,1346895.29,118129.03,1228766.26,16318.19,13.45,-0.8246,1213.42,282.81,789.21,1500.0,1170.23,1293.3,0.5815,16.12,9.86,3.22,35.46,0.612,0.144,3.3661,2.8942,14.0,0.0,0.0,BENIGN_STREAMING
37.0345,314.0,166.0,148.0,183510.39,106969.71,76540.67,4955.13,8.48,0.1658,584.43,205.8,275.73,954.86,588.89,527.58,0.54,148.01,65.73,29.6,325.62,0.4441,0.28,5.1415,0.0904,10.0,0.0,1.0,TOR_PROXY_TUNNEL
24.0076,50.0,19.0,31.0,33812.11,8079.31,25732.81,1408.39,2.08,-0.5221,676.24,474.27,40.0,1500.0,724.33,740.04,0.4698,480.15,359.54,96.03,1056.33,0.7488,0.0261,3.645,2.1571,20.0,0.0,0.0,BENIGN_WEB
77.6608,194.0,103.0,91.0,137697.08,60579.44,77117.63,1773.06,2.5,-0.1201,709.78,192.88,420.46,1056.96,744.39,757.25,0.4271,108.4,59.58,21.68,238.47,0.5497,0.4397,4.8827,1.3279,7.0,1.0,0.0,TOR_PROXY_TUNNEL
33.4714,99.0,52.0,47.0,75679.44,30525.09,45154.36,2261.02,2.96,-0.1933,764.44,228.16,422.2,1175.13,677.19,810.7,0.2893,164.02,101.68,32.8,360.84,0.6199,0.2945,5.0689,1.5145,0.0,1.0,1.0,TOR_PROXY_TUNNEL
71.5039,326.0,157.0,169.0,203379.43,122530.15,80849.28,2844.31,4.56,0.2049,623.86,226.67,283.85,1031.88,687.84,567.65,0.3729,69.54,49.27,13.91,152.99,0.7086,0.4785,5.3509,1.6558,4.0,1.0,0.0,TOR_PROXY_TUNNEL
29.001,1453.0,247.0,1206.0,1752325.96,89589.21,1662736.76,60422.9,50.1,-0.8977,1206.01,277.24,790.15,1500.0,1247.52,1214.81,0.4293,18.51,8.84,3.7,40.72,0.4774,0.1259,3.269,2.8219,12.0,0.0,0.0,BENIGN_STREAMING
142.3312,1185.0,163.0,1022.0,1599710.68,164884.35,1434826.33,11239.35,8.33,-0.7939,1349.97,375.1,787.31,1500.0,1442.37,1453.36,0.1873,9.55,3.62,1.91,21.02,0.3784,0.0768,3.7072,2.294,14.0,0.0,0.0,BENIGN_STREAMING
29.1182,68.0,36.0,32.0,44638.52,26527.47,18111.05,1533.01,2.34,0.1885,656.45,168.82,403.22,960.32,597.13,667.25,0.4656,199.18,98.0,39.84,438.19,0.492,0.2435,4.7776,0.9146,4.0,1.0,0.0,TOR_PROXY_TUNNEL
17.1385,63.0,24.0,39.0,61495.03,12914.86,48580.18,3588.11,3.68,-0.58,976.11,412.7,357.06,1500.0,1067.63,934.95,0.5677,272.04,256.14,54.41,598.49,0.9416,0.0129,3.8664,3.0117,12.0,0.0,0.0,BENIGN_WEB
26.7632,60.0,24.0,36.0,64113.47,14382.35,49731.12,2395.59,2.24,-0.5513,1068.56,529.39,274.47,1500.0,1166.38,1132.69,0.4812,446.05,722.92,89.21,981.32,1.6207,0.0343,4.3104,2.3281,19.0,0.0,0.0,BENIGN_WEB
14.176,17.0,5.0,12.0,17416.34,1687.22,15729.12,1228.58,1.2,-0.8062,1024.49,373.6,464.08,1500.0,924.46,1032.74,0.2517,833.88,1010.21,166.78,1834.54,1.2115,0.1383,5.0585,2.6798,20.0,0.0,0.0,BENIGN_WEB
9.1688,45.0,17.0,28.0,31944.87,7190.7,24754.17,3484.08,4.91,-0.5498,709.89,350.2,184.58,1340.25,749.18,717.0,0.442,203.75,328.96,40.75,448.25,1.6145,0.0402,4.2124,2.7919,12.0,0.0,0.0,BENIGN_WEB
134.0341,623.0,84.0,539.0,764789.71,59063.95,705725.76,5705.93,4.65,-0.8455,1227.59,390.49,641.86,1500.0,1189.28,1060.95,0.2829,6.7,3.95,1.34,14.75,0.5899,0.1057,2.9111,2.2121,16.0,0.0,0.0,BENIGN_STREAMING
151.7451,1100.0,198.0,902.0,1471600.74,122718.94,1348881.8,9697.85,7.25,-0.8332,1337.82,394.97,745.36,1500.0,1470.2,1519.53,0.5574,16.66,8.24,3.33,36.65,0.4949,0.1381,3.7535,2.4878,23.0,0.0,0.0,BENIGN_STREAMING
17.4262,33.0,12.0,21.0,26644.29,4949.13,21695.16,1528.98,1.89,-0.6285,807.4,446.19,138.12,1500.0,698.08,734.79,0.4247,528.07,772.7,105.61,1161.74,1.4633,0.082,4.8557,2.9084,12.0,0.0,0.0,BENIGN_WEB
37.3851,1175.0,181.0,994.0,1625530.23,146997.76,1478532.47,43480.75,31.43,-0.8191,1383.43,251.36,1006.39,1500.0,1356.78,1476.5,0.2604,16.5,8.91,3.3,36.3,0.54,0.1524,3.1821,2.2397,16.0,0.0,0.0,BENIGN_STREAMING
128.5348,493.0,75.0,418.0,632606.49,32382.2,600224.29,4921.67,3.84,-0.8976,1283.18,391.63,695.73,1500.0,1201.92,1350.07,0.3664,21.66,16.17,4.33,47.66,0.7466,0.076,3.1723,2.9922,11.0,0.0,0.0,BENIGN_STREAMING
13.1678,132.0,70.0,62.0,95821.22,56758.34,39062.89,7276.95,10.02,0.1847,725.92,272.79,316.73,1216.95,636.17,755.15,0.3091,231.87,109.8,46.37,510.11,0.4735,0.2254,5.9655,0.1797,10.0,1.0,1.0,TOR_PROXY_TUNNEL
19.6026,61.0,29.0,32.0,36761.78,19143.18,17618.6,1875.35,3.11,0.0415,602.65,264.45,205.97,1078.67,658.94,686.11,0.2789,95.76,70.21,19.15,210.68,0.7332,0.2482,5.0471,0.4978,3.0,1.0,0.0,TOR_PROXY_TUNNEL
64.1212,272.0,135.0,137.0,162359.28,82936.45,79422.83,2532.07,4.24,0.0216,596.91,199.25,298.03,955.56,652.95,583.65,0.4038,69.53,36.04,13.91,152.96,0.5183,0.2422,5.2956,1.0638,10.0,0.0,0.0,TOR_PROXY_TUNNEL
18.8612,73.0,30.0,43.0,59511.18,5970.12,53541.06,3155.22,3.87,-0.7994,815.22,338.74,307.11,1424.96,731.32,864.44,0.5954,258.37,268.53,51.67,568.42,1.0393,0.0713,4.0112,2.4901,19.0,0.0,0.0,BENIGN_WEB
159.7311,531.0,83.0,448.0,659449.18,24191.12,635258.06,4128.5,3.32,-0.9266,1241.9,329.31,747.94,1500.0,1126.19,1320.17,0.2703,23.26,10.63,4.65,51.16,0.457,0.0509,3.2988,2.5909,10.0,0.0,0.0,BENIGN_STREAMING
27.0947,50.0,15.0,35.0,51301.5,8082.05,43219.45,1893.42,1.85,-0.6849,1026.03,324.53,539.23,1500.0,1055.71,1132.68,0.2042,541.89,859.21,108.38,1192.17,1.5856,0.0312,4.5331,2.8397,11.0,0.0,0.0,BENIGN_WEB
31.3772,51.0,17.0,34.0,54939.69,9752.21,45187.48,1750.94,1.63,-0.645,1077.25,415.1,454.59,1500.0,1129.96,1196.98,0.313,615.24,862.1,123.05,1353.53,1.4012,0.0583,4.1862,2.7767,10.0,0.0,0.0,BENIGN_WEB
31.4002,41.0,16.0,25.0,26920.56,4278.21,22642.36,857.34,1.31,-0.6822,656.6,382.53,82.81,1345.15,672.55,565.15,0.3548,765.86,1340.23,153.17,1684.89,1.75,0.0852,3.6461,2.73,19.0,0.0,0.0,BENIGN_WEB
2.5966,41.0,15.0,26.0,28831.97,6045.49,22786.49,11103.62,15.79,-0.5806,703.22,481.64,40.0,1500.0,628.03,639.16,0.5631,63.33,69.05,12.67,139.33,1.0903,0.1327,4.3321,2.3065,20.0,0.0,0.0,BENIGN_WEB
48.8293,1146.0,153.0,993.0,1474229.34,41913.7,1432315.65,30191.47,23.47,-0.9431,1286.41,243.73,920.81,1500.0,1217.81,1358.0,0.2919,18.58,9.52,3.72,40.87,0.5124,0.0898,3.1668,2.5332,23.0,0.0,0.0,BENIGN_STREAMING
122.0839,1314.0,216.0,1098.0,1879478.01,95233.67,1784244.35,15394.97,10.76,-0.8987,1430.35,391.95,842.43,1500.0,1218.24,1360.61,0.2349,17.19,8.05,3.44,37.82,0.468,0.0674,3.2892,2.9552,11.0,0.0,0.0,BENIGN_STREAMING
29.3829,44.0,15.0,29.0,46013.5,10069.06,35944.44,1565.99,1.5,-0.5623,1045.76,420.59,414.88,1500.0,895.63,1191.4,0.342,667.79,1145.64,133.56,1469.15,1.7156,0.04,3.7826,2.2769,16.0,0.0,0.0,BENIGN_WEB
19.6122,67.0,24.0,43.0,60752.86,9622.54,51130.32,3097.71,3.42,-0.6832,906.76,528.03,114.72,1500.0,839.84,879.12,0.3201,292.72,319.2,58.54,643.98,1.0905,0.1147,4.2854,2.6065,19.0,0.0,0.0,BENIGN_WEB
18.7893,73.0,23.0,50.0,68903.33,19213.56,49689.77,3667.17,3.89,-0.4423,943.88,376.13,379.68,1500.0,974.23,1057.3,0.2348,257.39,294.94,51.48,566.25,1.1459,0.0266,4.2539,2.564,20.0,0.0,0.0,BENIGN_WEB
9.4468,74.0,25.0,49.0,53323.74,7400.8,45922.94,5644.62,7.83,-0.7224,720.59,439.23,61.74,1500.0,770.43,694.73,0.2875,127.66,91.87,25.53,280.85,0.7197,0.0148,4.4911,3.0047,11.0,0.0,0.0,BENIGN_WEB
48.6518,1521.0,199.0,1322.0,2058138.44,138741.01,1919397.43,42303.47,31.26,-0.8652,1353.15,418.18,725.89,1500.0,1553.1,1436.09,0.3367,19.89,13.58,3.98,43.75,0.6831,0.1203,2.9419,2.9623,19.0,0.0,0.0,BENIGN_STREAMING
25.2908,50.0,17.0,33.0,32109.5,7336.46,24773.04,1269.61,1.98,-0.543,642.19,379.51,72.92,1325.31,631.72,698.54,0.4171,505.82,857.31,101.16,1112.79,1.6949,0.0929,4.7091,2.4841,12.0,0.0,0.0,BENIGN_WEB
22.1858,37.0,11.0,26.0,38222.73,8556.29,29666.43,1722.85,1.67,-0.5523,1033.05,449.2,359.24,1500.0,1170.94,942.65,0.2381,599.62,629.74,119.92,1319.16,1.0502,0.0836,4.1897,2.1712,13.0,0.0,0.0,BENIGN_WEB
42.5413,209.0,105.0,104.0,118558.93,51384.81,67174.12,2786.91,4.91,-0.1332,567.27,202.83,263.03,932.36,650.9,515.11,0.3505,43.34,20.07,8.67,95.34,0.4632,0.2249,5.3557,1.3968,2.0,1.0,0.0,TOR_PROXY_TUNNEL
65.3069,305.0,149.0,156.0,181279.27,105392.66,75886.61,2775.8,4.67,0.1628,594.36,203.59,288.98,960.82,592.54,554.25,0.3241,99.07,58.25,19.81,217.96,0.5879,0.245,5.5418,0.9022,2.0,1.0,0.0,TOR_PROXY_TUNNEL
21.665,30.0,9.0,21.0,23929.07,4664.14,19264.93,1104.5,1.38,-0.6102,797.64,545.97,40.0,1500.0,852.12,850.31,0.4743,722.17,942.28,144.43,1588.77,1.3048,0.0645,4.5695,2.4419,10.0,0.0,0.0,BENIGN_WEB
138.9284,1080.0,218.0,862.0,1349530.4,48376.5,1301153.91,9713.85,7.77,-0.9283,1249.57,363.76,703.92,1500.0,1355.03,1359.84,0.2588,14.71,5.48,2.94,32.36,0.3724,0.1796,3.8964,2.2857,15.0,0.0,0.0,BENIGN_STREAMING
15.1509,59.0,18.0,41.0,45190.23,12855.07,32335.17,2982.68,3.89,-0.4311,765.94,491.86,40.0,1500.0,769.75,755.02,0.2188,256.79,313.53,51.36,564.95,1.2209,0.0169,4.8237,2.6612,8.0,0.0,0.0,BENIGN_WEB
25.6013,81.0,33.0,48.0,82303.04,19846.23,62456.82,3214.8,3.16,-0.5177,1016.09,567.89,164.25,1500.0,905.15,1087.91,0.2014,316.07,516.28,63.21,695.34,1.6335,0.1249,4.1539,2.1099,20.0,0.0,0.0,BENIGN_WEB
10.1337,21.0,6.0,15.0,18817.24,4088.51,14728.73,1856.9,2.07,-0.5655,896.06,403.18,291.3,1500.0,905.06,877.0,0.3363,482.56,563.74,96.51,1061.63,1.1682,0.1114,4.6292,2.6422,19.0,0.0,0.0,BENIGN_WEB
30.4162,66.0,26.0,40.0,51722.5,4916.43,46806.06,1700.49,2.17,-0.8099,783.67,511.71,40.0,1500.0,779.09,672.99,0.4283,460.85,427.46,92.17,1013.87,0.9275,0.041,4.5012,2.3339,16.0,0.0,0.0,BENIGN_WEB
12.0942,51.0,17.0,34.0,51724.91,9124.31,42600.6,4276.83,4.22,-0.6472,1014.21,471.78,306.55,1500.0,917.99,931.47,0.4343,237.14,382.0,47.43,521.71,1.6108,0.0809,4.6545,2.9784,8.0,0.0,0.0,BENIGN_WEB
40.6931,284.0,146.0,138.0,186570.87,78933.22,107637.65,4584.83,6.98,-0.1539,656.94,259.2,268.14,1123.49,656.85,605.78,0.5281,88.95,45.38,17.79,195.69,0.5102,0.4418,5.1537,0.3665,0.0,1.0,0.0,TOR_PROXY_TUNNEL
48.7528,1064.0,169.0,895.0,1484287.69,86312.25,1397975.45,30445.17,21.82,-0.8837,1395.01,339.09,886.38,1500.0,1382.96,1441.83,0.6063,18.56,10.61,3.71,40.83,0.5716,0.1486,3.238,2.2201,20.0,0.0,0.0,BENIGN_STREAMING
83.9815,104.0,54.0,50.0,80289.98,43164.56,37125.42,956.04,1.24,0.0752,772.02,207.08,461.4,1144.77,736.37,691.47,0.3434,162.47,122.22,32.49,357.43,0.7523,0.3799,4.819,0.3726,7.0,1.0,1.0,TOR_PROXY_TUNNEL
124.7465,1465.0,199.0,1266.0,2051226.55,143085.44,1908141.11,16443.16,11.74,-0.8605,1400.15,336.53,895.36,1500.0,1376.84,1577.3,0.3118,13.72,5.85,2.74,30.19,0.426,0.1357,2.9264,2.8808,22.0,0.0,0.0,BENIGN_STREAMING
118.6575,866.0,141.0,725.0,1079115.62,63317.9,1015797.72,9094.37,7.3,-0.8826,1246.09,276.51,831.32,1500.0,1370.17,1428.62,0.2789,21.85,11.69,4.37,48.07,0.5349,0.1569,3.3398,2.9726,22.0,0.0,0.0,BENIGN_STREAMING
43.2314,262.0,135.0,127.0,186851.03,108088.62,78762.4,4322.12,6.06,0.1569,713.17,281.0,291.67,1218.98,613.14,794.2,0.183,241.57,159.7,48.31,531.45,0.6611,0.2974,5.7545,1.0043,3.0,1.0,0.0,TOR_PROXY_TUNNEL
26.3969,74.0,26.0,48.0,67800.75,13311.94,54488.81,2568.52,2.8,-0.6073,916.23,511.68,148.7,1500.0,917.04,1001.31,0.3507,356.71,485.72,71.34,784.77,1.3617,0.0913,4.5078,2.6809,8.0,0.0,0.0,BENIGN_WEB
38.2795,820.0,106.0,714.0,989049.05,28574.44,960474.61,25837.58,21.42,-0.9422,1206.16,250.25,830.78,1500.0,1100.72,1316.22,0.1826,12.96,9.53,2.59,28.52,0.735,0.1433,3.493,2.6405,14.0,0.0,0.0,BENIGN_STREAMING
57.7481,100.0,53.0,47.0,68080.53,30345.63,37734.9,1178.92,1.73,-0.1085,680.81,194.62,388.88,1031.12,662.12,729.84,0.5512,225.15,138.12,45.03,495.32,0.6135,0.4609,4.7329,0.9501,4.0,0.0,1.0,TOR_PROXY_TUNNEL
143.4179,463.0,76.0,387.0,556798.7,30657.65,526141.05,3882.35,3.23,-0.8899,1202.59,293.03,763.05,1500.0,1155.23,1262.05,0.4058,18.89,10.39,3.78,41.56,0.5498,0.1737,3.7352,2.7429,14.0,0.0,0.0,BENIGN_STREAMING
32.6307,64.0,32.0,32.0,46218.28,20143.73,26074.54,1416.4,1.96,-0.1283,722.16,177.45,455.99,1041.57,746.02,664.46,0.29,248.4,150.62,49.68,546.48,0.6063,0.2516,5.2166,0.8744,8.0,1.0,0.0,TOR_PROXY_TUNNEL
97.1759,1126.0,245.0,881.0,1589761.02,123297.78,1466463.24,16359.62,11.59,-0.8449,1411.87,275.69,998.34,1500.0,1327.48,1290.19,0.4289,20.21,8.82,4.04,44.47,0.4364,0.1197,3.2073,2.6313,21.0,0.0,0.0,BENIGN_STREAMING
30.6642,46.0,18.0,28.0,33218.28,5420.56,27797.71,1083.29,1.5,-0.6736,722.14,386.5,142.39,1417.83,786.83,679.18,0.3204,666.61,1065.33,133.32,1466.55,1.5981,0.0437,3.8648,2.1897,19.0,0.0,0.0,BENIGN_WEB
102.8624,481.0,68.0,413.0,634166.44,63607.55,570558.89,6165.19,4.68,-0.7994,1318.43,248.67,945.43,1500.0,1290.78,1141.85,0.4636,17.09,8.47,3.42,37.59,0.4956,0.1055,3.7355,2.8963,17.0,0.0,0.0,BENIGN_STREAMING
127.49,317.0,69.0,248.0,444919.6,45704.39,399215.21,3489.84,2.49,-0.7945,1403.53,347.8,881.84,1500.0,1249.71,1370.42,0.184,19.39,13.2,3.88,42.66,0.6806,0.1145,3.236,2.8297,14.0,0.0,0.0,BENIGN_STREAMING
10.4421,66.0,22.0,44.0,60568.31,8748.25,51820.06,5800.42,6.32,-0.7111,917.7,508.82,154.47,1500.0,898.77,889.45,0.2508,158.21,226.87,31.64,348.07,1.434,0.0213,3.9384,2.1622,20.0,0.0,0.0,BENIGN_WEB
15.5253,38.0,11.0,27.0,36071.49,3456.41,32615.08,2323.4,2.45,-0.8084,949.25,328.5,456.5,1500.0,906.39,1072.15,0.4309,408.56,526.86,81.71,898.83,1.2895,0.1196,3.8641,2.9724,14.0,0.0,0.0,BENIGN_WEB
12.78,63.0,24.0,39.0,50739.88,11554.57,39185.31,3970.25,4.93,-0.5446,805.39,399.4,206.29,1500.0,727.38,912.12,0.4166,202.86,338.27,40.57,446.29,1.6675,0.1075,4.5193,2.4962,16.0,0.0,0.0,BENIGN_WEB
3.1365,43.0,14.0,29.0,30450.58,4387.27,26063.32,9708.49,13.71,-0.7118,708.15,460.39,40.0,1500.0,690.93,628.89,0.2069,72.94,84.76,14.59,160.47,1.1621,0.054,4.1171,2.7705,21.0,0.0,0.0,BENIGN_WEB
66.0903,355.0,179.0,176.0,201805.48,109667.66,92137.81,3053.48,5.37,0.0869,568.47,300.91,117.1,1110.11,558.48,576.97,0.6141,253.91,135.67,50.78,558.6,0.5343,0.2691,5.0624,1.671,5.0,1.0,0.0,TOR_PROXY_TUNNEL
107.1506,2072.0,397.0,1675.0,2896307.37,170034.01,2726273.36,27030.25,19.34,-0.8826,1397.83,304.4,941.23,1500.0,1348.21,1350.79,0.3426,18.09,11.1,3.62,39.8,0.6134,0.1649,3.1007,2.7883,11.0,0.0,0.0,BENIGN_STREAMING
10.2573,26.0,10.0,16.0,20889.57,4412.27,16477.31,2036.55,2.53,-0.5776,803.45,377.99,236.46,1483.82,891.05,913.72,0.3127,394.51,389.59,78.9,867.93,0.9875,0.1246,4.3367,2.1522,19.0,0.0,0.0,BENIGN_WEB
25.3041,16.0,6.0,10.0,16014.85,3638.68,12376.17,632.9,0.63,-0.5456,1000.93,499.21,252.11,1500.0,1136.46,1012.59,0.2845,1581.5,1872.39,316.3,3479.31,1.1839,0.0454,4.9498,2.635,13.0,0.0,0.0,BENIGN_WEB
11.6889,63.0,17.0,46.0,55813.76,13347.76,42466.0,4774.94,5.39,-0.5217,885.93,351.96,357.99,1500.0,771.6,820.28,0.574,185.54,183.81,37.11,408.18,0.9907,0.1088,5.0485,3.0148,13.0,0.0,0.0,BENIGN_WEB
17.9324,66.0,21.0,45.0,59106.05,10758.61,48347.45,3296.06,3.68,-0.636,895.55,333.81,394.83,1496.41,942.84,841.11,0.2002,271.7,276.44,54.34,597.75,1.0174,0.1254,3.7384,2.8608,13.0,0.0,0.0,BENIGN_WEB
27.5324,78.0,23.0,55.0,59513.4,12057.13,47456.27,2161.58,2.83,-0.5948,762.99,569.44,40.0,1500.0,834.73,805.19,0.5497,352.98,590.24,70.6,776.56,1.6722,0.0468,4.6018,3.0627,18.0,0.0,0.0,BENIGN_WEB
24.8564,51.0,15.0,36.0,37922.47,10679.33,27243.13,1525.66,2.05,-0.4368,743.58,326.48,253.85,1331.25,664.35,755.52,0.3324,487.38,779.79,97.48,1072.24,1.6,0.0501,4.1735,2.8048,11.0,0.0,0.0,BENIGN_WEB
138.6863,2176.0,350.0,1826.0,2959994.0,231763.4,2728230.59,21343.09,15.69,-0.8434,1360.29,253.46,980.11,1500.0,1544.04,1358.33,0.5869,19.28,7.92,3.86,42.42,0.4105,0.1343,3.0687,2.9513,19.0,0.0,0.0,BENIGN_STREAMING
16.2584,67.0,35.0,32.0,43934.67,26459.76,17474.9,2702.28,4.12,0.2045,655.74,258.62,267.82,1121.25,683.94,567.38,0.283,156.31,66.39,31.26,343.88,0.4247,0.253,5.8386,0.6855,4.0,1.0,0.0,TOR_PROXY_TUNNEL
50.3321,1091.0,160.0,931.0,1324370.23,97818.79,1226551.44,26312.61,21.68,-0.8523,1213.9,310.37,748.34,1500.0,1367.05,1227.74,0.2843,13.51,6.41,2.7,29.71,0.475,0.1658,3.4469,2.8453,15.0,0.0,0.0,BENIGN_STREAMING
81.9394,132.0,68.0,64.0,91080.99,42598.17,48482.82,1111.56,1.61,-0.0646,690.01,184.29,413.57,1021.73,744.69,779.09,0.4737,69.2,35.64,13.84,152.23,0.5151,0.3373,5.4403,1.0129,2.0,1.0,0.0,TOR_PROXY_TUNNEL
24.7315,43.0,16.0,27.0,40907.29,10347.74,30559.55,1654.06,1.74,-0.4941,951.33,506.69,191.3,1500.0,836.53,826.58,0.2597,575.15,569.48,115.03,1265.33,0.9901,0.0701,4.5366,3.0067,14.0,0.0,0.0,BENIGN_WEB
7.8739,55.0,20.0,35.0,34219.61,6468.91,27750.71,4345.96,6.99,-0.6219,622.17,487.51,40.0,1499.69,590.91,639.63,0.6068,143.16,136.52,28.63,314.96,0.9536,0.1109,3.7607,2.5547,20.0,0.0,0.0,BENIGN_WEB
24.999,48.0,18.0,30.0,40473.66,9304.71,31168.94,1619.01,1.92,-0.5402,843.2,332.85,343.93,1442.33,934.36,917.54,0.2238,520.81,869.52,104.16,1145.79,1.6695,0.0818,4.5352,3.0647,21.0,0.0,0.0,BENIGN_WEB
14.2826,62.0,22.0,40.0,44438.92,10242.33,34196.59,3111.4,4.34,-0.539,716.76,422.34,83.24,1476.98,672.7,696.6,0.5518,230.36,187.64,46.07,506.8,0.8145,0.1323,4.913,2.5745,20.0,0.0,0.0,BENIGN_WEB
60.0831,1179.0,226.0,953.0,1647003.35,96864.18,1550139.17,27412.08,19.62,-0.8824,1396.95,372.75,837.83,1500.0,1442.83,1576.26,0.5536,19.85,9.73,3.97,43.67,0.4899,0.1014,3.3473,2.9129,11.0,0.0,0.0,BENIGN_STREAMING
4.0507,47.0,15.0,32.0,50571.45,13895.83,36675.62,12484.68,11.6,-0.4504,1075.99,320.32,595.51,1500.0,940.34,1061.08,0.2028,86.18,123.1,17.24,189.61,1.4283,0.1219,3.9257,2.5639,15.0,0.0,0.0,BENIGN_WEB
24.8508,78.0,22.0,56.0,62488.23,12246.03,50242.21,2514.54,3.14,-0.6081,801.13,510.86,40.0,1500.0,735.08,834.59,0.4777,318.6,334.5,63.72,700.92,1.0499,0.0347,5.0854,2.7194,21.0,0.0,0.0,BENIGN_WEB
21.2488,248.0,129.0,119.0,174333.44,101106.88,73226.56,8204.4,11.67,0.1599,702.96,172.1,444.81,1012.73,738.35,616.61,0.3599,158.24,74.1,31.65,348.13,0.4683,0.2543,4.6956,1.3968,1.0,1.0,0.0,TOR_PROXY_TUNNEL
148.5807,580.0,77.0,503.0,759699.93,60700.3,698999.63,5113.05,3.9,-0.8402,1309.83,393.59,719.44,1500.0,1324.3,1368.2,0.5737,12.07,7.54,2.41,26.56,0.6246,0.0533,3.4778,2.2541,20.0,0.0,0.0,BENIGN_STREAMING
29.5559,51.0,27.0,24.0,36360.0,14182.07,22177.93,1230.21,1.73,-0.2199,712.94,301.11,261.28,1254.93,624.9,646.24,0.6182,145.25,114.21,29.05,319.56,0.7863,0.4558,5.8783,1.2793,1.0,1.0,1.0,TOR_PROXY_TUNNEL
19.911,291.0,144.0,147.0,169527.33,77739.95,91787.38,8514.26,14.62,-0.0829,582.57,290.6,146.66,1105.66,568.44,570.44,0.306,41.23,21.64,8.25,90.71,0.5248,0.4209,5.0752,0.64,1.0,1.0,1.0,TOR_PROXY_TUNNEL
97.5415,1912.0,380.0,1532.0,2259793.07,88709.14,2171083.93,23167.5,19.6,-0.9215,1181.9,415.56,558.55,1500.0,1080.86,1244.45,0.3953,6.89,4.01,1.38,15.16,0.5826,0.1647,3.5156,2.6126,15.0,0.0,0.0,BENIGN_STREAMING
54.1872,1160.0,159.0,1001.0,1662393.07,84729.32,1577663.76,30678.69,21.41,-0.8981,1433.1,353.18,903.32,1500.0,1433.73,1316.36,0.6079,13.62,5.71,2.72,29.96,0.4195,0.1268,3.2106,2.9113,23.0,0.0,0.0,BENIGN_STREAMING
20.4858,49.0,20.0,29.0,46399.55,10245.65,36153.9,2264.96,2.39,-0.5584,946.93,360.71,405.87,1500.0,887.62,875.03,0.2751,418.08,539.11,83.62,919.77,1.2895,0.0718,3.78,2.5437,21.0,0.0,0.0,BENIGN_WEB
83.3641,328.0,173.0,155.0,186245.66,113462.0,72783.66,2234.12,3.93,0.2184,567.82,261.42,175.69,1038.38,541.31,613.65,0.5341,115.43,56.94,23.09,253.94,0.4933,0.4267,4.6229,1.3739,9.0,1.0,1.0,TOR_PROXY_TUNNEL
66.4735,214.0,103.0,111.0,131214.25,53189.32,78024.93,1973.93,3.22,-0.1893,613.15,261.51,220.89,1083.86,590.37,528.69,0.5987,201.13,157.34,40.23,442.48,0.7823,0.3014,4.986,0.6003,11.0,1.0,0.0,TOR_PROXY_TUNNEL
16.9877,138.0,73.0,65.0,101502.57,61301.79,40200.78,5975.08,8.12,0.2079,735.53,258.7,347.48,1201.19,703.33,667.24,0.2869,204.39,163.2,40.88,449.67,0.7985,0.3916,5.6983,0.8064,2.0,0.0,0.0,TOR_PROXY_TUNNEL
23.7853,35.0,13.0,22.0,33818.2,6538.23,27279.97,1421.81,1.47,-0.6133,966.23,432.8,317.03,1500.0,1106.13,948.9,0.5638,679.58,485.73,135.92,1495.08,0.7147,0.1084,4.0921,2.3877,13.0,0.0,0.0,BENIGN_WEB
17.2925,65.0,21.0,44.0,48776.44,11979.06,36797.38,2820.67,3.76,-0.5088,750.41,395.45,157.23,1462.22,744.2,711.16,0.4241,266.04,394.88,53.21,585.28,1.4843,0.0962,4.5639,2.1276,12.0,0.0,0.0,BENIGN_WEB
79.2394,58.0,28.0,30.0,37817.95,21992.5,15825.45,477.26,0.73,0.1631,652.03,259.62,262.6,1119.35,699.16,737.01,0.3452,82.52,64.8,16.5,181.55,0.7852,0.3676,5.3171,0.5138,8.0,1.0,1.0,TOR_PROXY_TUNNEL
16.7863,43.0,15.0,28.0,29427.96,7096.55,22331.41,1753.1,2.56,-0.5177,684.37,487.09,40.0,1500.0,773.93,651.74,0.285,390.38,334.19,78.08,858.83,0.8561,0.035,3.8931,2.6923,21.0,0.0,0.0,BENIGN_WEB
46.8137,273.0,136.0,137.0,153963.14,64007.55,89955.59,3288.85,5.83,-0.1685,563.97,190.82,277.74,907.44,554.53,647.62,0.5317,204.84,103.58,40.97,450.64,0.5057,0.3033,6.016,1.6312,8.0,1.0,0.0,TOR_PROXY_TUNNEL
10.7257,39.0,12.0,27.0,36574.41,6617.51,29956.9,3409.98,3.64,-0.6381,937.81,372.07,379.7,1500.0,1057.78,995.08,0.5581,275.02,455.58,55.0,605.04,1.6565,0.0958,4.9131,2.6983,15.0,0.0,0.0,BENIGN_WEB
112.8413,1912.0,363.0,1549.0,2399046.27,163136.05,2235910.22,21260.36,16.94,-0.864,1254.73,395.64,661.27,1500.0,1434.4,1267.37,0.2471,21.6,11.0,4.32,47.52,0.5093,0.079,3.6065,2.4598,18.0,0.0,0.0,BENIGN_STREAMING
20.9487,51.0,26.0,25.0,37239.08,20143.64,17095.44,1777.63,2.43,0.0819,730.18,272.22,321.84,1220.18,752.35,622.06,0.3047,272.29,211.87,54.46,599.04,0.7781,0.3105,4.6038,0.8226,0.0,1.0,0.0,TOR_PROXY_TUNNEL
36.8652,89.0,43.0,46.0,67707.05,39672.59,28034.46,1836.61,2.41,0.1719,760.75,319.91,280.88,1336.6,808.86,684.88,0.4908,38.41,30.17,7.68,84.51,0.7853,0.4258,4.7788,1.7241,11.0,1.0,0.0,TOR_PROXY_TUNNEL
70.7151,1382.0,224.0,1158.0,1769612.55,191031.1,1578581.46,25024.52,19.54,-0.7841,1280.47,360.87,739.16,1500.0,1272.01,1324.26,0.5455,14.74,10.05,2.95,32.43,0.6819,0.1007,3.2681,2.4695,23.0,0.0,0.0,BENIGN_STREAMING
71.4297,320.0,161.0,159.0,188258.03,95522.83,92735.21,2635.57,4.48,0.0148,588.31,258.43,200.66,1053.48,510.0,663.17,0.5242,92.16,76.31,18.43,202.75,0.828,0.3753,5.8651,0.5715,7.0,1.0,0.0,TOR_PROXY_TUNNEL
35.4656,602.0,78.0,524.0,735426.05,44509.16,690916.89,20736.34,16.97,-0.879,1221.64,344.84,704.38,1500.0,1400.14,1247.44,0.4819,23.65,17.54,4.73,52.04,0.7416,0.1365,3.5524,2.7731,19.0,0.0,0.0,BENIGN_STREAMING
17.1538,38.0,12.0,26.0,29993.05,6083.7,23909.35,1748.47,2.22,-0.5943,789.29,552.83,40.0,1500.0,701.66,814.39,0.6156,451.42,635.98,90.28,993.12,1.4088,0.0684,4.2884,3.0221,11.0,0.0,0.0,BENIGN_WEB
14.3178,66.0,20.0,46.0,71026.7,18173.12,52853.58,4960.71,4.61,-0.4883,1076.16,556.38,241.58,1500.0,969.67,1175.68,0.2923,216.94,160.86,43.39,477.26,0.7415,0.0808,4.7383,2.6007,17.0,0.0,0.0,BENIGN_WEB
11.6549,23.0,6.0,17.0,18497.84,5180.74,13317.1,1587.13,1.97,-0.4399,804.25,497.93,57.37,1500.0,920.82,790.27,0.2056,506.74,552.19,101.35,1114.82,1.0897,0.0629,4.8904,2.2033,16.0,0.0,0.0,BENIGN_WEB
74.9349,307.0,153.0,154.0,185437.82,97259.35,88178.48,2474.65,4.1,0.049,604.03,222.37,270.47,1004.31,681.38,640.43,0.3558,277.92,192.04,55.58,611.42,0.691,0.4612,4.857,1.4587,8.0,1.0,1.0,TOR_PROXY_TUNNEL
90.8923,1643.0,284.0,1359.0,2026098.84,75456.12,1950642.72,22291.2,18.08,-0.9255,1233.17,318.54,755.37,1500.0,1286.45,1090.15,0.4997,26.48,15.58,5.3,58.26,0.5882,0.0721,3.5235,2.9795,11.0,0.0,0.0,BENIGN_STREAMING
31.0995,2122.0,313.0,1809.0,2717898.82,138670.9,2579227.92,87393.71,68.23,-0.898,1280.82,295.46,837.63,1500.0,1376.88,1395.7,0.3007,12.82,9.0,2.56,28.21,0.7018,0.1418,2.9935,2.9246,11.0,0.0,0.0,BENIGN_STREAMING
22.9113,72.0,22.0,50.0,75727.6,17310.53,58417.07,3305.24,3.14,-0.5428,1051.77,378.47,484.07,1500.0,1098.85,1161.64,0.2493,318.21,279.34,63.64,700.07,0.8778,0.0611,4.6447,2.4879,14.0,0.0,0.0,BENIGN_WEB
5.9384,27.0,8.0,19.0,27668.65,4841.37,22827.28,4659.24,4.55,-0.65,1024.76,513.17,255.01,1500.0,1082.15,872.19,0.6103,219.94,175.48,43.99,483.87,0.7979,0.0665,4.6046,2.4728,11.0,0.0,0.0,BENIGN_WEB
12.2774,144.0,72.0,72.0,81835.75,40455.45,41380.31,6665.55,11.73,-0.0113,568.3,240.71,207.24,1001.59,622.08,577.31,0.5042,89.04,53.63,17.81,195.88,0.6023,0.2386,6.0969,0.4202,4.0,1.0,1.0,TOR_PROXY_TUNNEL
29.6993,81.0,32.0,49.0,63925.71,12333.31,51592.4,2152.43,2.73,-0.6141,789.21,570.35,40.0,1500.0,688.8,773.46,0.4748,366.66,384.97,73.33,806.65,1.05,0.0126,4.4542,2.8243,14.0,0.0,0.0,BENIGN_WEB
111.269,1448.0,234.0,1214.0,1815718.53,186448.19,1629270.34,16318.28,13.01,-0.7946,1253.95,280.8,832.74,1500.0,1321.76,1124.4,0.3535,14.0,5.7,2.8,30.79,0.407,0.0912,3.7172,2.3338,18.0,0.0,0.0,BENIGN_STREAMING
140.6355,463.0,69.0,394.0,586725.14,40675.25,546049.88,4171.96,3.29,-0.8613,1267.22,304.75,810.09,1500.0,1320.11,1235.15,0.2605,7.76,3.14,1.55,17.08,0.4041,0.0652,3.2733,2.5549,17.0,0.0,0.0,BENIGN_STREAMING
67.9662,258.0,136.0,122.0,200774.24,112971.19,87803.05,2954.03,3.8,0.1254,778.19,167.53,526.9,1079.75,775.08,717.65,0.2361,265.17,194.3,53.03,583.38,0.7327,0.3887,4.9416,0.0274,10.0,1.0,0.0,TOR_PROXY_TUNNEL
17.8082,15.0,5.0,10.0,11232.85,2828.76,8404.09,630.77,0.84,-0.4963,748.86,367.18,198.08,1409.79,711.93,638.27,0.4172,1187.21,850.78,237.44,2611.87,0.7166,0.1382,4.5097,2.2501,20.0,0.0,0.0,BENIGN_WEB
61.6173,378.0,203.0,175.0,225187.52,98801.58,126385.93,3654.62,6.13,-0.1225,595.73,225.49,257.49,1001.62,561.66,635.3,0.2935,52.82,37.46,10.56,116.19,0.7093,0.2775,5.1533,0.9235,6.0,1.0,0.0,TOR_PROXY_TUNNEL
75.4579,845.0,181.0,664.0,1175666.0,92206.18,1083459.81,15580.42,11.2,-0.8431,1391.32,375.51,828.05,1500.0,1228.26,1422.72,0.1918,21.49,16.51,4.3,47.28,0.7684,0.0542,3.2416,2.4732,10.0,0.0,0.0,BENIGN_STREAMING
73.2237,83.0,40.0,43.0,60632.96,36038.82,24594.14,828.05,1.13,0.1888,730.52,248.61,357.6,1178.02,684.28,704.45,0.3846,120.4,97.05,24.08,264.88,0.806,0.3193,5.5265,0.6011,8.0,1.0,0.0,TOR_PROXY_TUNNEL
18.0528,22.0,9.0,13.0,23078.29,5769.62,17308.67,1278.38,1.22,-0.5,1049.01,544.89,231.67,1500.0,935.14,990.02,0.4374,820.58,1227.01,164.12,1805.28,1.4953,0.0766,3.7598,2.2121,11.0,0.0,0.0,BENIGN_WEB
38.9768,158.0,82.0,76.0,107847.95,44723.91,63124.03,2766.98,4.05,-0.1706,682.58,277.34,266.57,1181.79,697.53,612.47,0.5989,204.52,166.89,40.9,449.95,0.816,0.3649,4.6676,1.1707,2.0,0.0,0.0,TOR_PROXY_TUNNEL
24.6238,82.0,33.0,49.0,69876.72,17534.9,52341.82,2837.77,3.33,-0.4981,852.16,367.66,300.67,1500.0,972.75,976.55,0.3227,300.29,397.92,60.06,660.64,1.3251,0.0803,4.1043,2.379,9.0,0.0,0.0,BENIGN_WEB
19.2899,82.0,32.0,50.0,55542.06,12498.48,43043.58,2879.33,4.25,-0.5499,677.34,401.58,74.97,1400.19,693.5,659.11,0.2571,235.24,241.98,47.05,517.54,1.0286,0.0474,4.4854,2.4037,20.0,0.0,0.0,BENIGN_WEB
104.6346,1838.0,312.0,1526.0,2229999.71,135116.5,2094883.22,21312.26,17.57,-0.8788,1213.28,303.89,757.45,1500.0,1203.22,1163.2,0.4962,25.8,16.57,5.16,56.76,0.6423,0.1699,3.8984,2.7662,12.0,0.0,0.0,BENIGN_STREAMING
150.4132,1523.0,328.0,1195.0,2160549.36,223726.56,1936822.8,14364.09,10.13,-0.7929,1418.61,344.88,901.3,1500.0,1587.78,1397.0,0.281,22.43,13.1,4.49,49.34,0.5843,0.1171,3.7818,2.6528,20.0,0.0,0.0,BENIGN_STREAMING
20.0421,39.0,14.0,25.0,38624.99,5541.72,33083.28,1927.19,1.95,-0.7131,990.38,452.7,311.33,1500.0,1091.73,1059.6,0.3841,513.9,736.05,102.78,1130.58,1.4323,0.0767,4.422,2.292,15.0,0.0,0.0,BENIGN_WEB
84.4692,1805.0,260.0,1545.0,2202278.47,71973.66,2130304.81,26071.99,21.37,-0.9346,1220.1,388.61,637.18,1500.0,1334.2,1146.41,0.5134,9.74,3.73,1.95,21.44,0.3829,0.1468,3.1062,2.8641,23.0,0.0,0.0,BENIGN_STREAMING
18.1808,269.0,136.0,133.0,148778.16,59100.01,89678.16,8183.24,14.8,-0.2055,553.08,212.73,233.99,935.99,507.3,485.66,0.5805,131.26,106.44,26.25,288.78,0.8109,0.3656,5.0923,1.1437,4.0,1.0,0.0,TOR_PROXY_TUNNEL
71.5428,99.0,52.0,47.0,53691.61,24464.01,29227.61,750.48,1.38,-0.0887,542.34,282.33,118.85,1050.53,515.57,513.06,0.2413,135.24,114.55,27.05,297.53,0.847,0.4352,5.1015,0.9743,3.0,0.0,1.0,TOR_PROXY_TUNNEL
30.9883,49.0,19.0,30.0,47460.52,13341.63,34118.9,1531.56,1.58,-0.4378,968.58,545.9,149.73,1500.0,955.22,1095.5,0.4634,632.41,667.9,126.48,1391.31,1.0561,0.1244,4.7925,2.4417,18.0,0.0,0.0,BENIGN_WEB
7.5399,18.0,5.0,13.0,17861.2,4081.65,13779.55,2368.9,2.39,-0.543,992.29,380.41,421.67,1500.0,1092.47,957.33,0.2769,418.88,380.2,83.78,921.54,0.9077,0.044,4.7166,2.7793,14.0,0.0,0.0,BENIGN_WEB
5.2786,28.0,10.0,18.0,26694.89,4396.53,22298.36,5057.22,5.3,-0.6706,953.39,322.38,469.82,1500.0,838.88,1059.7,0.5998,188.52,230.92,37.7,414.75,1.2249,0.0472,3.8212,2.5356,10.0,0.0,0.0,BENIGN_WEB
13.9378,316.0,160.0,156.0,201181.58,108398.92,92782.65,14434.2,22.67,0.0776,636.65,184.35,360.12,968.49,549.02,633.11,0.573,264.87,188.09,52.97,582.71,0.7101,0.2678,5.0584,1.1482,1.0,1.0,0.0,TOR_PROXY_TUNNEL
83.4256,51.0,27.0,24.0,37282.58,15936.89,21345.69,446.9,0.61,-0.1451,731.03,179.89,461.19,1054.84,648.71,810.74,0.4237,164.2,121.19,32.84,361.25,0.7381,0.343,4.6609,0.3657,7.0,1.0,1.0,TOR_PROXY_TUNNEL
4.7622,16.0,4.0,12.0,11682.29,1531.8,10150.5,2453.15,3.36,-0.7378,730.14,388.35,147.62,1429.17,737.07,621.28,0.5292,297.63,467.2,59.53,654.8,1.5697,0.0417,3.867,3.031,15.0,0.0,0.0,BENIGN_WEB
9.6174,81.0,33.0,48.0,58133.8,13450.26,44683.53,6044.62,8.42,-0.5373,717.7,358.06,180.61,1362.21,659.69,732.93,0.5824,118.73,180.83,23.75,261.21,1.523,0.1145,4.0767,2.3579,13.0,0.0,0.0,BENIGN_WEB
18.6942,42.0,15.0,27.0,27272.04,5445.84,21826.2,1458.85,2.25,-0.6006,649.33,423.31,40.0,1411.29,688.91,614.58,0.6161,445.1,607.41,89.02,979.22,1.3647,0.0674,5.0576,2.9538,17.0,0.0,0.0,BENIGN_WEB
7.5421,37.0,10.0,27.0,26933.83,6858.04,20075.79,3571.11,4.91,-0.4907,727.94,348.69,204.91,1355.57,744.22,754.13,0.364,203.84,219.81,40.77,448.45,1.0783,0.1233,4.9294,2.7712,21.0,0.0,0.0,BENIGN_WEB
95.326,1304.0,276.0,1028.0,1809112.04,135967.06,1673144.97,18978.16,13.68,-0.8497,1387.36,374.16,826.11,1500.0,1350.78,1289.73,0.4935,18.81,8.04,3.76,41.38,0.4275,0.1275,3.2494,2.3025,23.0,0.0,0.0,BENIGN_STREAMING
108.7356,534.0,66.0,468.0,682766.01,20726.46,662039.55,6279.14,4.91,-0.9393,1278.59,261.55,886.26,1500.0,1133.72,1164.15,0.3015,9.77,7.04,1.95,21.5,0.7203,0.0926,3.1813,2.5953,10.0,0.0,0.0,BENIGN_STREAMING
26.0511,296.0,150.0,146.0,165063.68,82379.71,82683.97,6336.15,11.36,-0.0018,557.65,297.67,111.14,1093.45,538.61,514.81,0.3891,59.61,42.14,11.92,131.15,0.7068,0.2851,5.1501,0.9048,1.0,0.0,0.0,TOR_PROXY_TUNNEL
27.7022,16.0,4.0,12.0,12122.11,2466.3,9655.81,437.59,0.58,-0.5931,757.63,356.0,223.64,1398.43,838.95,667.67,0.1833,1731.39,1676.55,346.28,3809.05,0.9683,0.0609,4.8487,2.6717,16.0,0.0,0.0,BENIGN_WEB
9.244,21.0,7.0,14.0,20079.06,2364.08,17714.98,2172.11,2.27,-0.7645,956.15,508.1,193.99,1500.0,915.88,879.85,0.2742,440.19,461.92,88.04,968.42,1.0494,0.0376,4.2987,2.9671,12.0,0.0,0.0,BENIGN_WEB
28.6412,1108.0,160.0,948.0,1481470.54,116742.94,1364727.6,51725.23,38.69,-0.8424,1337.07,360.24,796.71,1500.0,1220.29,1450.6,0.2352,17.19,7.91,3.44,37.82,0.4602,0.0836,3.0538,2.229,12.0,0.0,0.0,BENIGN_STREAMING
7.147,72.0,22.0,50.0,69853.96,16207.05,53646.91,9773.91,10.07,-0.536,970.19,359.59,430.81,1500.0,890.91,1034.39,0.4091,99.26,163.87,19.85,218.38,1.6509,0.019,4.2021,3.0915,9.0,0.0,0.0,BENIGN_WEB
22.4778,76.0,23.0,53.0,59984.2,12990.12,46994.08,2668.59,3.38,-0.5669,789.27,504.55,40.0,1500.0,678.53,700.87,0.5005,295.76,451.41,59.15,650.67,1.5263,0.0469,5.0651,2.8545,11.0,0.0,0.0,BENIGN_WEB
3.0766,26.0,9.0,17.0,25196.42,6286.64,18909.78,8189.68,8.45,-0.501,969.09,493.37,229.04,1500.0,967.34,981.38,0.5713,118.33,146.43,23.67,260.33,1.2374,0.0996,4.8352,2.2691,9.0,0.0,0.0,BENIGN_WEB
22.4936,42.0,15.0,27.0,37538.32,5581.28,31957.03,1668.85,1.87,-0.7026,893.77,496.94,148.36,1500.0,906.09,980.49,0.5734,535.56,640.94,107.11,1178.24,1.1968,0.0789,5.0359,2.7759,19.0,0.0,0.0,BENIGN_WEB
19.8576,48.0,15.0,33.0,37247.43,3410.77,33836.66,1875.73,2.42,-0.8169,775.99,401.27,174.09,1498.27,696.69,825.66,0.3663,413.7,354.8,82.74,910.14,0.8576,0.0465,4.8959,2.1415,19.0,0.0,0.0,BENIGN_WEB
18.7903,33.0,12.0,21.0,33263.43,4096.46,29166.97,1770.25,1.76,-0.7537,1007.98,494.57,266.13,1500.0,877.0,1083.79,0.184,569.4,594.51,113.88,1252.68,1.0441,0.0873,3.6043,2.1429,12.0,0.0,0.0,BENIGN_WEB
33.8111,378.0,190.0,188.0,214434.56,123156.94,91277.62,6342.14,11.18,0.1487,567.29,225.37,229.23,972.96,498.97,485.61,0.3409,222.98,189.23,44.6,490.55,0.8487,0.3955,5.7202,1.6402,4.0,1.0,0.0,TOR_PROXY_TUNNEL
4.6708,34.0,12.0,22.0,35886.4,5685.0,30201.4,7683.18,7.28,-0.6832,1055.48,355.97,521.53,1500.0,983.18,905.13,0.3063,137.38,147.73,27.48,302.23,1.0754,0.0149,4.3196,2.5616,10.0,0.0,0.0,BENIGN_WEB
20.4364,177.0,88.0,89.0,120489.12,47240.79,73248.33,5895.82,8.66,-0.2158,680.73,254.09,299.6,1138.09,716.2,702.98,0.2282,120.38,97.08,24.08,264.84,0.8064,0.3875,5.756,0.6029,1.0,1.0,1.0,TOR_PROXY_TUNNEL
26.5755,82.0,28.0,54.0,80942.41,22578.16,58364.25,3045.75,3.09,-0.4421,987.1,557.87,150.29,1500.0,986.99,982.93,0.4628,324.09,338.71,64.82,713.0,1.0451,0.0275,4.066,2.9938,10.0,0.0,0.0,BENIGN_WEB
77.7294,112.0,59.0,53.0,63816.21,36907.42,26908.8,821.0,1.44,0.1567,569.79,306.31,110.32,1121.15,495.69,536.77,0.2005,259.68,209.36,51.94,571.29,0.8062,0.4737,5.0562,0.8528,9.0,1.0,0.0,TOR_PROXY_TUNNEL
31.0507,68.0,26.0,42.0,52855.32,10042.21,42813.12,1702.23,2.19,-0.62,777.28,445.89,108.45,1500.0,671.27,718.98,0.1944,456.63,768.52,91.33,1004.58,1.683,0.0188,4.7967,2.5916,21.0,0.0,0.0,BENIGN_WEB
121.845,1650.0,306.0,1344.0,2247417.71,79910.32,2167507.39,18444.88,13.54,-0.9289,1362.07,404.33,755.57,1500.0,1223.53,1170.74,0.5147,11.33,5.67,2.27,24.92,0.5005,0.1085,3.264,2.2719,22.0,0.0,0.0,BENIGN_STREAMING
103.2143,1130.0,243.0,887.0,1483669.37,41803.92,1441865.45,14374.65,10.95,-0.9436,1312.98,360.58,772.11,1500.0,1239.76,1360.6,0.4636,9.85,6.76,1.97,21.68,0.6866,0.0922,3.5552,2.8579,19.0,0.0,0.0,BENIGN_STREAMING
24.7795,1855.0,286.0,1569.0,2284025.01,251095.47,2032929.54,92173.88,74.86,-0.7801,1231.28,258.26,843.89,1500.0,1296.39,1250.19,0.5162,15.02,10.19,3.0,33.04,0.6785,0.089,3.7281,2.6347,11.0,0.0,0.0,BENIGN_STREAMING
80.0785,1157.0,214.0,943.0,1446835.51,66795.92,1380039.59,18067.7,14.45,-0.9077,1250.51,261.03,858.96,1500.0,1206.61,1353.06,0.5442,20.89,11.65,4.18,45.95,0.5576,0.0749,3.1586,2.4913,15.0,0.0,0.0,BENIGN_STREAMING
19.1272,27.0,10.0,17.0,19219.29,1865.09,17354.19,1004.81,1.41,-0.8059,711.83,380.15,141.6,1396.09,813.9,815.08,0.2214,708.42,1082.76,141.68,1558.51,1.5284,0.0344,4.3756,2.208,8.0,0.0,0.0,BENIGN_WEB
86.2929,1965.0,239.0,1726.0,2575203.13,92787.06,2482416.07,29842.57,22.77,-0.9279,1310.54,273.72,899.96,1500.0,1234.72,1319.25,0.5139,14.43,5.74,2.89,31.76,0.398,0.1362,3.433,2.54,16.0,0.0,0.0,BENIGN_STREAMING
5.0585,38.0,15.0,23.0,31284.06,5656.0,25628.06,6184.45,7.51,-0.6384,823.26,405.37,215.21,1500.0,835.65,830.2,0.2055,133.12,105.61,26.62,292.86,0.7933,0.1283,4.9754,2.1709,11.0,0.0,0.0,BENIGN_WEB
12.8792,41.0,14.0,27.0,31797.83,3426.33,28371.5,2468.94,3.18,-0.7845,775.56,354.87,243.25,1414.33,835.07,806.26,0.4827,314.13,258.43,62.83,691.08,0.8227,0.0792,3.8518,2.9334,19.0,0.0,0.0,BENIGN_WEB
11.0409,41.0,13.0,28.0,29633.56,3564.57,26068.99,2683.98,3.71,-0.7594,722.77,560.61,40.0,1500.0,645.21,665.61,0.3499,269.29,392.04,53.86,592.44,1.4558,0.0924,4.3347,2.5662,8.0,0.0,0.0,BENIGN_WEB
26.4214,42.0,12.0,30.0,33961.23,7752.54,26208.69,1285.37,1.59,-0.5434,808.6,443.78,142.93,1500.0,772.57,845.19,0.5071,629.08,833.47,125.82,1383.98,1.3249,0.1179,3.6299,2.898,13.0,0.0,0.0,BENIGN_WEB
3.1943,34.0,12.0,22.0,36154.75,5444.11,30710.64,11318.66,10.64,-0.6988,1063.38,386.99,482.89,1500.0,1009.6,994.15,0.4481,93.95,95.22,18.79,206.69,1.0136,0.0307,4.6581,3.0532,10.0,0.0,0.0,BENIGN_WEB
123.0609,1241.0,223.0,1018.0,1476063.71,124203.65,1351860.06,11994.58,10.08,-0.8317,1189.41,380.19,619.14,1500.0,1297.28,1186.08,0.3448,11.33,8.41,2.27,24.93,0.7418,0.082,3.4989,2.3621,17.0,0.0,0.0,BENIGN_STREAMING
78.2428,368.0,192.0,176.0,234875.71,116199.58,118676.13,3001.88,4.7,-0.0105,638.25,240.21,277.93,1070.63,705.91,732.59,0.4479,76.2,57.9,15.24,167.63,0.7598,0.4154,5.1721,1.3058,3.0,0.0,0.0,TOR_PROXY_TUNNEL
31.185,36.0,11.0,25.0,27711.62,3933.17,23778.45,888.62,1.15,-0.7161,769.77,368.41,217.15,1432.91,812.15,672.15,0.434,866.25,666.1,173.25,1905.75,0.7689,0.129,4.4461,2.3227,20.0,0.0,0.0,BENIGN_WEB
25.1226,64.0,18.0,46.0,43125.92,10596.16,32529.76,1716.62,2.55,-0.5086,673.84,545.12,40.0,1500.0,640.87,638.52,0.4236,392.54,378.72,78.51,863.59,0.9648,0.0281,4.0532,2.5429,20.0,0.0,0.0,BENIGN_WEB
93.486,785.0,98.0,687.0,1036101.76,61364.82,974736.94,11082.97,8.4,-0.8815,1319.87,395.33,726.88,1500.0,1482.17,1127.66,0.2057,9.63,7.34,1.93,21.18,0.7627,0.1679,3.2898,2.9921,12.0,0.0,0.0,BENIGN_STREAMING
19.8008,38.0,13.0,25.0,30591.39,8271.4,22319.99,1544.96,1.92,-0.4592,805.04,442.73,140.94,1500.0,792.41,753.48,0.3776,521.07,879.43,104.21,1146.36,1.6877,0.1314,3.6058,2.1856,8.0,0.0,0.0,BENIGN_WEB
19.4535,83.0,31.0,52.0,88333.27,10867.79,77465.48,4540.75,4.27,-0.7539,1064.26,399.16,465.52,1500.0,1109.48,1072.56,0.3216,234.38,315.4,46.88,515.63,1.3457,0.0122,3.7947,2.873,8.0,0.0,0.0,BENIGN_WEB
63.9576,1426.0,311.0,1115.0,2041229.04,98354.67,1942874.37,31915.34,22.3,-0.9036,1431.44,379.48,862.22,1500.0,1531.98,1282.12,0.2517,21.59,12.93,4.32,47.49,0.5989,0.1448,3.0442,2.2459,23.0,0.0,0.0,BENIGN_STREAMING
89.6504,1360.0,176.0,1184.0,1839457.35,91449.97,1748007.39,20518.12,15.17,-0.9006,1352.54,295.32,909.56,1500.0,1201.59,1532.67,0.3837,11.82,7.39,2.36,26.01,0.6252,0.0645,3.1379,2.4907,11.0,0.0,0.0,BENIGN_STREAMING
137.3486,1838.0,228.0,1610.0,2528640.81,155718.01,2372922.8,18410.39,13.38,-0.8768,1375.76,361.86,832.96,1500.0,1570.33,1550.11,0.4311,10.9,4.03,2.18,23.98,0.3695,0.099,3.0822,2.5531,21.0,0.0,0.0,BENIGN_STREAMING
19.232,45.0,15.0,30.0,29729.08,8461.4,21267.67,1545.82,2.34,-0.4308,660.65,477.84,40.0,1500.0,750.95,586.2,0.2148,427.38,433.97,85.48,940.23,1.0154,0.0341,3.9036,2.5758,14.0,0.0,0.0,BENIGN_WEB
58.144,1859.0,398.0,1461.0,2554580.01,81191.0,2473389.02,43935.38,31.97,-0.9364,1374.17,268.98,970.7,1500.0,1496.44,1468.39,0.4629,21.04,14.01,4.21,46.29,0.666,0.1441,3.1932,2.8701,12.0,0.0,0.0,BENIGN_STREAMING
5.2227,48.0,18.0,30.0,44121.68,8447.52,35674.16,8448.05,9.19,-0.6171,919.2,435.94,265.3,1500.0,952.39,1031.34,0.256,108.81,124.31,21.76,239.37,1.1425,0.1177,4.2747,2.5709,16.0,0.0,0.0,BENIGN_WEB
25.2118,77.0,21.0,56.0,67105.23,8304.25,58800.98,2661.66,3.05,-0.7525,871.5,333.37,371.44,1471.57,799.15,941.55,0.2726,327.43,264.29,65.49,720.34,0.8072,0.0637,4.6953,2.7019,15.0,0.0,0.0,BENIGN_WEB
28.0766,40.0,12.0,28.0,38947.19,9160.13,29787.06,1387.18,1.42,-0.5296,973.68,383.65,398.2,1500.0,935.09,859.56,0.5951,701.92,952.33,140.38,1544.21,1.3568,0.0832,4.5434,2.1528,18.0,0.0,0.0,BENIGN_WEB
110.841,842.0,140.0,702.0,1022686.84,93610.72,929076.12,9226.61,7.6,-0.8169,1214.59,285.57,786.24,1500.0,1107.33,1350.85,0.4783,13.11,9.44,2.62,28.84,0.72,0.0627,3.868,2.2437,20.0,0.0,0.0,BENIGN_STREAMING
71.7103,298.0,144.0,154.0,232414.96,112393.47,120021.5,3241.02,4.16,-0.0328,779.92,169.16,526.18,1084.4,841.61,826.7,0.5184,188.03,149.0,37.61,413.66,0.7924,0.2257,4.7822,1.32,4.0,1.0,0.0,TOR_PROXY_TUNNEL
21.9674,324.0,171.0,153.0,247013.55,108892.78,138120.77,11244.56,14.75,-0.1183,762.39,168.0,510.39,1064.79,760.02,748.38,0.4328,80.26,35.57,16.05,176.58,0.4432,0.4753,5.7094,0.5027,5.0,1.0,1.0,TOR_PROXY_TUNNEL
15.6103,66.0,26.0,40.0,42323.25,4814.51,37508.74,2711.23,4.23,-0.7725,641.26,550.72,40.0,1500.0,579.18,569.08,0.5747,236.52,182.84,47.3,520.34,0.773,0.072,4.5398,2.2207,8.0,0.0,0.0,BENIGN_WEB
13.9483,51.0,18.0,33.0,52617.12,6975.1,45642.03,3772.29,3.66,-0.7349,1031.71,495.44,288.55,1500.0,1022.4,1066.92,0.3715,273.5,230.92,54.7,601.69,0.8443,0.0877,3.9834,2.4129,17.0,0.0,0.0,BENIGN_WEB
92.5044,607.0,129.0,478.0,817366.41,86077.01,731289.39,8835.97,6.56,-0.7894,1346.57,315.41,873.46,1500.0,1425.24,1346.92,0.3657,26.45,14.78,5.29,58.18,0.5588,0.1457,3.1545,2.8431,21.0,0.0,0.0,BENIGN_STREAMING
35.5424,233.0,122.0,111.0,144255.52,86417.62,57837.89,4058.69,6.56,0.1981,619.12,304.65,162.14,1167.5,559.1,528.12,0.6181,119.27,53.66,23.85,262.39,0.4499,0.4169,5.8606,1.5378,10.0,1.0,0.0,TOR_PROXY_TUNNEL
5.7819,71.0,28.0,43.0,50329.3,12861.13,37468.17,8704.62,12.28,-0.4889,708.86,529.13,40.0,1500.0,755.51,699.81,0.3864,81.44,132.0,16.29,179.16,1.6209,0.0847,3.6814,2.9317,14.0,0.0,0.0,BENIGN_WEB
26.6352,60.0,31.0,29.0,42621.86,21360.55,21261.31,1600.21,2.25,0.0023,710.36,258.86,322.07,1176.31,707.02,621.39,0.2351,36.59,18.56,7.32,80.51,0.5071,0.4054,4.8012,0.3225,10.0,1.0,1.0,TOR_PROXY_TUNNEL
40.9578,1829.0,359.0,1470.0,2405709.68,79937.96,2325771.72,58736.33,44.66,-0.9335,1315.31,339.45,806.14,1500.0,1261.54,1444.07,0.4932,9.08,3.69,1.82,19.98,0.4059,0.054,3.1479,2.4432,15.0,0.0,0.0,BENIGN_STREAMING
5.7681,19.0,6.0,13.0,19154.03,3303.07,15850.96,3320.69,3.29,-0.6551,1008.11,373.81,447.39,1500.0,1087.6,870.49,0.4832,303.58,447.94,60.72,667.88,1.4755,0.0743,4.3477,2.728,18.0,0.0,0.0,BENIGN_WEB
63.974,104.0,54.0,50.0,67484.33,34741.62,32742.71,1054.87,1.63,0.0296,648.89,300.22,198.55,1189.29,596.14,624.76,0.2476,243.97,106.63,48.79,536.72,0.4371,0.3537,5.9875,0.3904,7.0,1.0,0.0,TOR_PROXY_TUNNEL
65.4555,631.0,119.0,512.0,886824.65,93345.63,793479.02,13548.52,9.64,-0.7895,1405.43,288.15,973.21,1500.0,1233.23,1564.18,0.5601,8.87,4.51,1.77,19.51,0.5089,0.109,3.4172,2.7228,16.0,0.0,0.0,BENIGN_STREAMING
157.2867,1035.0,185.0,850.0,1475824.73,58747.09,1417077.65,9383.02,6.58,-0.9204,1425.92,255.98,1041.94,1500.0,1633.38,1358.25,0.5955,13.39,9.03,2.68,29.47,0.6743,0.1563,3.6944,2.8998,19.0,0.0,0.0,BENIGN_STREAMING
16.2417,20.0,7.0,13.0,16548.5,3798.42,12750.08,1018.89,1.23,-0.5409,827.43,344.23,311.08,1447.04,927.85,820.4,0.5271,812.09,1179.26,162.42,1786.59,1.4521,0.0858,3.6063,2.8606,16.0,0.0,0.0,BENIGN_WEB
36.3001,373.0,180.0,193.0,229326.01,116860.86,112465.15,6317.51,10.28,0.0192,614.82,193.89,323.97,963.82,609.25,619.06,0.2255,72.72,53.4,14.54,159.98,0.7344,0.3922,5.6562,1.1572,7.0,1.0,1.0,TOR_PROXY_TUNNEL
17.3422,51.0,16.0,35.0,51930.7,8151.5,43779.2,2994.47,2.94,-0.6861,1018.25,486.66,288.26,1500.0,961.91,1013.37,0.4785,340.04,490.22,68.01,748.09,1.4416,0.0136,5.0109,2.6936,8.0,0.0,0.0,BENIGN_WEB
113.4822,726.0,154.0,572.0,956694.2,86890.86,869803.34,8430.35,6.4,-0.8184,1317.76,299.93,867.87,1500.0,1158.12,1387.69,0.5699,23.46,9.46,4.69,51.61,0.4031,0.0797,3.1086,2.6248,12.0,0.0,0.0,BENIGN_STREAMING
6.2715,68.0,25.0,43.0,52645.85,8846.37,43799.49,8394.42,10.84,-0.6639,774.2,379.05,205.63,1456.49,798.95,846.9,0.5271,92.23,160.37,18.45,202.9,1.7389,0.0195,4.8412,2.1575,19.0,0.0,0.0,BENIGN_WEB
6.6408,70.0,20.0,50.0,68655.64,11561.22,57094.42,10338.43,10.54,-0.6632,980.79,576.68,115.77,1500.0,1123.38,944.62,0.5731,94.87,137.13,18.97,208.71,1.4455,0.0632,4.4886,2.7452,16.0,0.0,0.0,BENIGN_WEB
28.8871,84.0,23.0,61.0,67378.46,11505.6,55872.87,2332.48,2.91,-0.6585,802.12,449.04,128.57,1500.0,777.01,834.14,0.1963,343.89,498.86,68.78,756.57,1.4506,0.1216,4.5628,2.1136,9.0,0.0,0.0,BENIGN_WEB
36.5454,1884.0,378.0,1506.0,2230460.36,158023.05,2072437.31,61032.64,51.55,-0.8583,1183.9,269.94,778.98,1500.0,1280.9,1328.81,0.3716,10.01,6.54,2.0,22.03,0.6528,0.096,3.5067,2.6379,19.0,0.0,0.0,BENIGN_STREAMING
3.0273,84.0,27.0,57.0,58064.07,10540.74,47523.33,19180.22,27.75,-0.6369,691.24,503.56,40.0,1500.0,680.58,609.64,0.4859,36.04,38.82,7.21,79.29,1.0771,0.0753,4.9127,2.3292,12.0,0.0,0.0,BENIGN_WEB
12.5672,27.0,8.0,19.0,16802.24,3848.3,12953.95,1336.99,2.15,-0.5419,622.31,390.95,40.0,1326.02,660.0,667.47,0.5399,465.45,525.26,93.09,1023.99,1.1285,0.0829,4.2414,3.0247,21.0,0.0,0.0,BENIGN_WEB
140.9861,617.0,117.0,500.0,820655.67,33112.75,787542.93,5820.83,4.38,-0.9193,1330.07,398.81,731.86,1500.0,1207.74,1342.21,0.2472,15.57,9.26,3.11,34.24,0.595,0.1532,3.5404,2.3967,18.0,0.0,0.0,BENIGN_STREAMING
49.5288,1483.0,188.0,1295.0,2018663.24,80675.14,1937988.09,40757.35,29.94,-0.9201,1361.2,317.8,884.5,1500.0,1506.92,1163.81,0.2018,8.94,5.46,1.79,19.67,0.6114,0.0652,3.0425,2.75,15.0,0.0,0.0,BENIGN_STREAMING
91.5191,1466.0,205.0,1261.0,1806752.54,54609.82,1752142.72,19741.81,16.02,-0.9395,1232.44,265.39,834.36,1500.0,1333.26,1367.89,0.6027,6.15,3.95,1.23,13.53,0.6427,0.169,3.1576,2.3222,13.0,0.0,0.0,BENIGN_STREAMING
5.9092,15.0,4.0,11.0,14951.18,3568.94,11382.25,2530.14,2.54,-0.5226,996.75,340.45,486.06,1500.0,1077.89,1030.75,0.6119,393.95,656.98,78.79,866.69,1.6677,0.0888,4.8289,2.9797,17.0,0.0,0.0,BENIGN_WEB
41.6014,1231.0,264.0,967.0,1556622.26,63611.83,1493010.42,37417.57,29.59,-0.9183,1264.52,395.98,670.54,1500.0,1300.2,1214.22,0.606,12.43,8.17,2.49,27.35,0.6572,0.1562,3.4799,2.5572,16.0,0.0,0.0,BENIGN_STREAMING
14.5334,73.0,27.0,46.0,57813.4,9291.62,48521.78,3977.97,5.02,-0.6786,791.96,435.97,138.0,1500.0,749.56,799.9,0.3827,199.09,335.77,39.82,437.99,1.6865,0.0271,4.162,2.9694,18.0,0.0,0.0,BENIGN_WEB
13.4853,40.0,14.0,26.0,39180.36,6897.61,32282.75,2905.4,2.97,-0.6479,979.51,393.09,389.87,1500.0,931.35,887.01,0.4602,337.13,423.16,67.43,741.69,1.2552,0.0103,3.9219,2.1797,19.0,0.0,0.0,BENIGN_WEB
31.0013,344.0,44.0,300.0,447083.23,48046.44,399036.78,14421.43,11.1,-0.7851,1299.66,323.83,813.91,1500.0,1408.97,1471.2,0.2682,22.07,14.11,4.41,48.56,0.6393,0.1226,3.181,2.7006,14.0,0.0,0.0,BENIGN_STREAMING
15.6291,81.0,30.0,51.0,86842.59,14634.86,72207.73,5556.47,5.18,-0.663,1072.13,476.28,357.71,1500.0,957.31,1164.09,0.5901,192.95,329.68,38.59,424.49,1.7086,0.0703,4.029,2.1475,19.0,0.0,0.0,BENIGN_WEB
60.8587,262.0,34.0,228.0,370103.29,40573.4,329529.89,6081.36,4.31,-0.7807,1412.61,411.72,795.03,1500.0,1573.09,1273.57,0.3978,25.98,17.04,5.2,57.16,0.6559,0.0676,3.6558,2.9285,18.0,0.0,0.0,BENIGN_STREAMING
66.4726,355.0,170.0,185.0,194873.31,103161.91,91711.4,2931.64,5.34,0.0588,548.94,194.54,257.13,899.11,622.51,630.72,0.485,103.74,44.53,20.75,228.23,0.4292,0.3501,5.2113,0.4001,2.0,1.0,0.0,TOR_PROXY_TUNNEL
12.9023,84.0,28.0,56.0,87273.71,22267.99,65005.72,6764.21,6.51,-0.4897,1038.97,561.79,196.29,1500.0,891.15,1179.06,0.3402,153.6,229.59,30.72,337.92,1.4947,0.1269,4.9723,2.6624,21.0,0.0,0.0,BENIGN_WEB
63.6083,125.0,61.0,64.0,83058.21,49278.82,33779.39,1305.78,1.97,0.1866,664.47,189.24,380.6,1005.11,582.46,750.63,0.3965,271.32,156.05,54.26,596.89,0.5751,0.3765,4.8118,0.1544,4.0,1.0,1.0,TOR_PROXY_TUNNEL
33.8342,92.0,44.0,48.0,61501.07,25266.02,36235.05,1817.72,2.72,-0.1784,668.49,225.4,330.38,1074.22,762.5,587.08,0.5628,46.43,29.59,9.29,102.15,0.6373,0.3542,6.0219,0.3376,7.0,1.0,1.0,TOR_PROXY_TUNNEL
4.949,33.0,9.0,24.0,33095.94,3521.45,29574.49,6687.42,6.67,-0.7872,1002.91,345.94,484.0,1500.0,989.08,996.7,0.6177,149.97,131.56,29.99,329.93,0.8773,0.0266,5.0703,2.9812,8.0,0.0,0.0,BENIGN_WEB
74.6291,745.0,124.0,621.0,1042213.11,29756.91,1012456.21,13965.25,9.98,-0.9429,1398.94,285.85,970.17,1500.0,1488.9,1595.63,0.5554,6.58,4.8,1.32,14.48,0.7292,0.1181,3.7463,2.2937,16.0,0.0,0.0,BENIGN_STREAMING
13.2395,79.0,25.0,54.0,49703.29,7157.36,42545.92,3754.16,5.97,-0.712,629.16,478.34,40.0,1490.17,597.69,684.63,0.2549,167.59,231.31,33.52,368.7,1.3802,0.0776,4.8098,2.2795,18.0,0.0,0.0,BENIGN_WEB
72.6824,131.0,70.0,61.0,77420.5,46656.29,30764.21,1065.19,1.8,0.2053,591.0,197.21,295.18,945.98,509.94,561.63,0.5952,195.84,144.9,39.17,430.84,0.7399,0.2518,5.8017,0.7897,6.0,1.0,0.0,TOR_PROXY_TUNNEL
114.6561,949.0,152.0,797.0,1240930.02,47157.32,1193772.7,10823.07,8.28,-0.924,1307.62,326.79,817.44,1500.0,1191.05,1370.23,0.2778,23.05,8.33,4.61,50.7,0.3615,0.0737,3.8092,2.9623,14.0,0.0,0.0,BENIGN_STREAMING
8.8635,22.0,6.0,16.0,22680.57,5553.97,17126.6,2558.87,2.48,-0.5102,1030.93,411.73,413.33,1500.0,1056.68,1005.34,0.3501,402.89,619.69,80.58,886.35,1.5381,0.0148,4.0096,2.9103,20.0,0.0,0.0,BENIGN_WEB
149.7556,545.0,69.0,476.0,747645.69,40108.2,707537.49,4992.44,3.64,-0.8927,1371.83,346.39,852.25,1500.0,1279.22,1440.8,0.2976,13.79,10.14,2.76,30.33,0.7353,0.0938,3.3639,2.2916,23.0,0.0,0.0,BENIGN_STREAMING
23.1653,51.0,18.0,33.0,49128.53,12813.46,36315.07,2120.78,2.2,-0.4784,963.3,570.74,107.2,1500.0,1058.06,1006.92,0.4643,454.22,346.92,90.84,999.29,0.7638,0.0928,3.6782,2.851,17.0,0.0,0.0,BENIGN_WEB
15.0654,33.0,11.0,22.0,20807.32,2913.34,17893.98,1381.14,2.19,-0.72,630.52,537.3,40.0,1500.0,575.14,631.94,0.1802,456.53,747.29,91.31,1004.36,1.6369,0.0291,3.8572,2.888,9.0,0.0,0.0,BENIGN_WEB
31.514,18.0,7.0,11.0,19321.76,4541.03,14780.73,613.12,0.57,-0.53,1073.43,403.14,468.72,1500.0,998.02,1055.56,0.2592,1750.78,2632.02,350.16,3851.71,1.5033,0.0161,4.5334,2.6872,11.0,0.0,0.0,BENIGN_WEB
109.9148,524.0,96.0,428.0,646852.49,28104.55,618747.94,5885.04,4.77,-0.9131,1234.45,340.05,724.37,1500.0,1200.17,1343.13,0.5051,13.97,10.58,2.79,30.74,0.7574,0.1226,3.047,2.9454,18.0,0.0,0.0,BENIGN_STREAMING
7.9744,32.0,11.0,21.0,23258.29,3568.11,19690.18,2916.63,4.01,-0.6932,726.82,477.65,40.0,1500.0,720.09,705.4,0.2253,249.2,369.46,49.84,548.24,1.4826,0.1033,4.0201,2.1562,14.0,0.0,0.0,BENIGN_WEB
34.2137,171.0,82.0,89.0,126151.7,56779.4,69372.3,3687.17,5.0,-0.0998,737.73,170.91,481.37,1045.36,788.24,719.95,0.3645,228.11,165.86,45.62,501.84,0.7271,0.3516,4.7114,0.3372,2.0,0.0,1.0,TOR_PROXY_TUNNEL
27.1276,80.0,32.0,48.0,53365.12,9000.3,44364.81,1967.19,2.95,-0.6627,667.06,512.36,40.0,1500.0,723.01,591.38,0.5055,339.09,445.03,67.82,746.01,1.3124,0.0712,4.986,2.8329,9.0,0.0,0.0,BENIGN_WEB
75.7826,828.0,118.0,710.0,1016241.97,111214.07,905027.9,13409.97,10.93,-0.7811,1227.35,344.54,710.54,1500.0,1397.77,1309.79,0.4973,9.49,7.21,1.9,20.87,0.76,0.1261,3.7348,2.8318,20.0,0.0,0.0,BENIGN_STREAMING
108.4068,1381.0,262.0,1119.0,1946676.26,164967.51,1781708.76,17957.15,12.74,-0.8305,1409.61,356.56,874.77,1500.0,1500.28,1488.47,0.2723,17.64,13.67,3.53,38.82,0.7746,0.1013,3.8143,2.4843,13.0,0.0,0.0,BENIGN_STREAMING
87.0686,1592.0,339.0,1253.0,2162697.67,235441.51,1927256.16,24839.02,18.28,-0.7823,1358.48,378.48,790.77,1500.0,1390.22,1388.02,0.3405,15.79,5.96,3.16,34.74,0.3775,0.113,2.9886,2.5826,19.0,0.0,0.0,BENIGN_STREAMING
6.6106,56.0,18.0,38.0,57373.88,16234.6,41139.27,8679.04,8.47,-0.4341,1024.53,433.02,375.01,1500.0,1068.45,1099.46,0.5821,118.05,188.32,23.61,259.7,1.5953,0.0294,4.2252,2.7551,16.0,0.0,0.0,BENIGN_WEB
17.6764,52.0,15.0,37.0,36083.13,10272.0,25811.13,2041.32,2.94,-0.4306,693.91,535.14,40.0,1500.0,665.65,600.3,0.5053,339.93,412.26,67.99,747.85,1.2128,0.0367,3.9458,2.223,20.0,0.0,0.0,BENIGN_WEB
25.4894,723.0,129.0,594.0,873457.87,74486.88,798970.99,34267.45,28.36,-0.8294,1208.1,245.52,839.82,1500.0,1360.37,1181.28,0.4609,15.26,9.5,3.05,33.57,0.6229,0.0878,3.4165,2.298,11.0,0.0,0.0,BENIGN_STREAMING
145.1708,695.0,85.0,610.0,904658.4,63789.35,840869.05,6231.68,4.79,-0.859,1301.67,407.44,690.51,1500.0,1417.54,1355.49,0.5955,11.83,5.17,2.37,26.03,0.4368,0.1621,3.673,2.7033,15.0,0.0,0.0,BENIGN_STREAMING
33.9045,317.0,167.0,150.0,214653.26,126270.17,88383.09,6331.12,9.35,0.1765,677.14,254.25,295.77,1134.78,587.95,616.73,0.2956,144.03,108.5,28.81,316.87,0.7533,0.2731,5.9544,1.2771,5.0,1.0,1.0,TOR_PROXY_TUNNEL
79.4206,1358.0,163.0,1195.0,1797516.69,192153.73,1605362.96,22632.88,17.1,-0.7862,1323.65,249.85,948.87,1500.0,1161.51,1508.71,0.1907,26.32,11.17,5.26,57.9,0.4245,0.0881,2.9305,2.3311,15.0,0.0,0.0,BENIGN_STREAMING
29.4495,19.0,5.0,14.0,20501.26,4498.22,16003.04,696.15,0.65,-0.5612,1079.01,504.15,322.78,1500.0,1150.9,1141.23,0.3236,1549.97,1534.26,309.99,3409.94,0.9899,0.1062,4.0749,2.8594,14.0,0.0,0.0,BENIGN_WEB
3.5229,77.0,25.0,52.0,73323.1,12123.04,61200.06,20813.2,21.86,-0.6693,952.25,424.83,315.0,1500.0,1080.52,856.9,0.3884,45.75,71.98,9.15,100.65,1.5732,0.085,4.0312,2.3118,14.0,0.0,0.0,BENIGN_WEB
49.2178,114.0,58.0,56.0,84753.55,41872.34,42881.21,1722.01,2.32,-0.0119,743.45,290.27,308.05,1265.94,837.91,645.57,0.4666,182.92,98.17,36.58,402.43,0.5367,0.2475,4.6974,1.4349,0.0,1.0,0.0,TOR_PROXY_TUNNEL
13.3507,35.0,12.0,23.0,27062.92,3260.0,23802.92,2027.09,2.62,-0.7591,773.23,483.67,47.72,1500.0,808.46,687.69,0.2449,381.45,618.31,76.29,839.18,1.621,0.1255,4.1907,2.1262,21.0,0.0,0.0,BENIGN_WEB
15.4965,72.0,23.0,49.0,71635.69,10081.91,61553.78,4622.71,4.65,-0.7185,994.94,561.96,152.01,1500.0,1066.19,1065.06,0.3182,215.23,246.95,43.05,473.5,1.1474,0.0791,4.7827,3.0258,18.0,0.0,0.0,BENIGN_WEB
64.9753,282.0,138.0,144.0,183450.95,75382.11,108068.83,2823.4,4.34,-0.1782,650.54,189.23,366.69,991.15,743.56,721.49,0.1991,135.48,91.02,27.1,298.06,0.6718,0.3334,4.6974,0.7076,9.0,1.0,1.0,TOR_PROXY_TUNNEL
82.7491,1361.0,242.0,1119.0,1733459.34,186731.95,1546727.39,20948.38,16.45,-0.7846,1273.67,391.29,686.72,1500.0,1440.0,1450.05,0.3789,20.93,7.52,4.19,46.06,0.3594,0.1716,3.4916,2.7812,16.0,0.0,0.0,BENIGN_STREAMING
22.7673,57.0,18.0,39.0,46911.07,7705.37,39205.7,2060.46,2.5,-0.6715,823.0,386.93,242.61,1500.0,907.91,828.67,0.3986,399.43,483.27,79.89,878.74,1.2099,0.1206,4.2492,2.7574,11.0,0.0,0.0,BENIGN_WEB
152.1268,601.0,105.0,496.0,733564.36,27589.72,705974.64,4822.06,3.95,-0.9248,1220.57,296.73,775.48,1500.0,1278.04,1297.32,0.4089,18.14,13.07,3.63,39.9,0.7207,0.111,3.7305,2.2018,17.0,0.0,0.0,BENIGN_STREAMING
17.5091,54.0,18.0,36.0,41460.81,5635.47,35825.34,2367.96,3.08,-0.7282,767.79,552.65,40.0,1500.0,867.94,811.07,0.5812,324.24,345.59,64.85,713.33,1.0658,0.0312,4.0862,2.1958,14.0,0.0,0.0,BENIGN_WEB
24.9968,67.0,26.0,41.0,49049.69,12780.07,36269.62,1962.24,2.68,-0.4789,732.08,469.19,40.0,1500.0,807.5,698.53,0.2737,373.09,632.07,74.62,820.79,1.6942,0.1164,4.8224,2.7199,9.0,0.0,0.0,BENIGN_WEB
66.5679,223.0,114.0,109.0,166087.43,87682.88,78404.55,2495.01,3.35,0.0559,744.79,303.03,290.23,1290.25,680.69,699.87,0.5861,148.84,108.27,29.77,327.46,0.7274,0.2285,5.4033,1.7014,4.0,1.0,0.0,TOR_PROXY_TUNNEL
17.6917,27.0,9.0,18.0,18815.77,4679.56,14136.21,1063.54,1.53,-0.5026,696.88,560.79,40.0,1500.0,771.25,757.65,0.4709,655.25,539.22,131.05,1441.54,0.8229,0.0949,4.4178,2.6114,10.0,0.0,0.0,BENIGN_WEB
67.8345,1778.0,224.0,1554.0,2098860.38,223736.49,1875123.89,30940.9,26.21,-0.7868,1180.46,287.62,749.03,1500.0,1239.49,1052.66,0.4214,21.3,14.21,4.26,46.86,0.6671,0.0899,3.747,2.7234,10.0,0.0,0.0,BENIGN_STREAMING
23.1462,34.0,12.0,22.0,31083.58,3841.92,27241.66,1342.93,1.47,-0.7528,914.22,495.4,171.12,1500.0,1025.26,845.0,0.3688,680.77,900.98,136.15,1497.69,1.3235,0.057,3.7038,2.739,12.0,0.0,0.0,BENIGN_WEB
130.263,2016.0,410.0,1606.0,2768747.19,86949.51,2681797.68,21255.05,15.48,-0.9372,1373.39,400.33,772.89,1500.0,1194.43,1179.07,0.4281,14.38,7.11,2.88,31.65,0.494,0.0877,3.503,2.5668,13.0,0.0,0.0,BENIGN_STREAMING
108.4703,686.0,119.0,567.0,939788.27,50875.05,888913.22,8664.02,6.32,-0.8917,1369.95,398.98,771.48,1500.0,1249.21,1332.65,0.5807,19.37,7.34,3.87,42.61,0.3791,0.0928,3.1526,2.6283,17.0,0.0,0.0,BENIGN_STREAMING
2.0182,82.0,30.0,52.0,73293.98,16870.25,56423.74,36316.98,40.63,-0.5397,893.83,537.95,86.9,1500.0,936.09,1012.19,0.3434,24.61,33.36,4.92,54.15,1.3555,0.0203,3.6201,2.2517,18.0,0.0,0.0,BENIGN_WEB
42.0173,1040.0,157.0,883.0,1423122.13,135311.26,1287810.87,33869.9,24.75,-0.8098,1368.39,367.16,817.64,1500.0,1372.75,1284.85,0.2487,27.69,10.62,5.54,60.93,0.3833,0.0738,3.2669,2.6137,13.0,0.0,0.0,BENIGN_STREAMING
143.4178,457.0,74.0,383.0,557226.8,30282.77,526944.03,3885.34,3.19,-0.8913,1219.31,298.41,771.69,1500.0,1339.76,1352.01,0.4219,17.67,11.5,3.53,38.87,0.6511,0.1745,3.1127,2.743,19.0,0.0,0.0,BENIGN_STREAMING
115.79,1069.0,220.0,849.0,1380193.6,87481.1,1292712.49,11919.8,9.23,-0.8732,1291.11,361.34,749.1,1500.0,1430.62,1369.23,0.4194,27.07,13.23,5.41,59.55,0.4887,0.107,3.0282,2.243,21.0,0.0,0.0,BENIGN_STREAMING
18.7919,65.0,22.0,43.0,63035.73,15306.01,47729.72,3354.4,3.46,-0.5144,969.78,354.36,438.24,1500.0,828.2,949.35,0.3749,289.11,331.11,57.82,636.03,1.1453,0.1179,4.8936,2.2388,12.0,0.0,0.0,BENIGN_WEB
42.3367,800.0,148.0,652.0,1020528.51,84223.48,936305.02,24105.05,18.9,-0.8349,1275.66,350.39,750.07,1500.0,1126.52,1405.28,0.3741,25.5,15.9,5.1,56.11,0.6235,0.1734,3.3729,2.6512,18.0,0.0,0.0,BENIGN_STREAMING
27.1686,19.0,6.0,13.0,18424.57,4114.23,14310.34,678.16,0.7,-0.5534,969.71,334.82,467.48,1500.0,862.83,1028.13,0.542,1429.93,2049.96,285.99,3145.84,1.4336,0.0789,4.1994,2.9438,16.0,0.0,0.0,BENIGN_WEB
15.485,38.0,12.0,26.0,33118.95,4474.6,28644.35,2138.77,2.45,-0.7298,871.55,549.13,47.85,1500.0,933.46,979.82,0.599,407.5,343.0,81.5,896.5,0.8417,0.0927,4.2413,3.0152,20.0,0.0,0.0,BENIGN_WEB
25.2935,32.0,12.0,20.0,23779.02,6272.99,17506.04,940.13,1.27,-0.4724,743.09,414.6,121.19,1489.38,717.06,813.77,0.3024,790.42,716.1,158.08,1738.93,0.906,0.1149,4.1769,2.3108,14.0,0.0,0.0,BENIGN_WEB
18.6948,731.0,103.0,628.0,891925.34,23336.31,868589.03,47709.81,39.1,-0.9477,1220.14,399.02,621.62,1500.0,1302.68,1381.44,0.3197,16.4,8.86,3.28,36.08,0.54,0.0931,3.0904,2.7227,17.0,0.0,0.0,BENIGN_STREAMING
24.8792,612.0,107.0,505.0,728116.04,68081.57,660034.47,29266.05,24.6,-0.813,1189.73,374.53,627.94,1500.0,1358.92,1336.85,0.4733,18.13,6.63,3.63,39.88,0.3656,0.0561,3.8085,2.539,18.0,0.0,0.0,BENIGN_STREAMING
17.2703,24.0,9.0,15.0,16428.04,4417.32,12010.72,951.23,1.39,-0.4622,684.5,552.53,40.0,1500.0,702.83,586.82,0.3566,719.59,725.06,143.92,1583.11,1.0076,0.0645,4.1152,2.6698,18.0,0.0,0.0,BENIGN_WEB
19.6957,47.0,17.0,30.0,45949.72,11384.38,34565.35,2332.99,2.39,-0.5045,977.65,342.28,464.23,1500.0,1051.46,1060.56,0.2882,419.06,332.22,83.81,921.92,0.7928,0.0283,4.2371,2.3118,20.0,0.0,0.0,BENIGN_WEB
13.5493,20.0,5.0,15.0,17057.3,3620.46,13436.83,1258.9,1.48,-0.5755,852.86,554.86,40.0,1500.0,737.03,891.99,0.2037,677.47,596.09,135.49,1490.43,0.8799,0.1307,3.9208,2.7956,10.0,0.0,0.0,BENIGN_WEB
2.3562,48.0,13.0,35.0,29867.77,6885.81,22981.96,12676.09,20.37,-0.5389,622.25,513.81,40.0,1500.0,687.35,630.49,0.2876,49.09,68.29,9.82,107.99,1.3912,0.0155,4.9963,2.4416,8.0,0.0,0.0,BENIGN_WEB
12.4504,84.0,24.0,60.0,63748.09,11836.29,51911.81,5120.15,6.75,-0.6287,758.91,502.14,40.0,1500.0,699.87,783.84,0.4759,148.22,137.7,29.64,326.08,0.929,0.1042,4.3658,2.8294,8.0,0.0,0.0,BENIGN_WEB
49.7564,306.0,150.0,156.0,165650.98,94010.39,71640.59,3329.24,6.15,0.135,541.34,240.61,180.43,974.44,584.49,497.38,0.2989,246.92,197.09,49.38,543.23,0.7982,0.3124,5.7861,0.4285,2.0,1.0,1.0,TOR_PROXY_TUNNEL
79.2324,357.0,171.0,186.0,197869.47,106816.22,91053.25,2497.33,4.51,0.0797,554.26,317.56,77.92,1125.86,614.57,505.01,0.2919,101.45,53.05,20.29,223.2,0.5229,0.3836,5.4301,0.0095,10.0,1.0,0.0,TOR_PROXY_TUNNEL
32.866,418.0,55.0,363.0,541346.69,25132.34,516214.35,16471.35,12.72,-0.9071,1295.09,376.38,730.51,1500.0,1142.38,1209.65,0.5914,6.82,3.34,1.36,15.0,0.49,0.1427,3.1086,2.2485,20.0,0.0,0.0,BENIGN_STREAMING
6.7014,63.0,23.0,40.0,58065.27,6349.19,51716.08,8664.66,9.4,-0.7813,921.67,336.19,417.39,1500.0,1009.24,883.93,0.5438,106.37,163.76,21.27,234.02,1.5395,0.035,5.0874,2.5589,8.0,0.0,0.0,BENIGN_WEB
21.2394,913.0,153.0,760.0,1310243.27,76801.85,1233441.42,61689.18,42.99,-0.8828,1435.1,386.29,855.66,1500.0,1285.95,1227.88,0.3029,15.69,10.0,3.14,34.53,0.6371,0.136,3.7359,2.7871,14.0,0.0,0.0,BENIGN_STREAMING
6.6972,56.0,20.0,36.0,58157.12,15902.49,42254.62,8683.84,8.36,-0.4531,1038.52,397.01,443.0,1500.0,970.18,1037.25,0.2326,119.59,147.15,23.92,263.1,1.2304,0.0587,4.9083,3.0215,17.0,0.0,0.0,BENIGN_WEB
55.1354,336.0,179.0,157.0,200364.16,113674.8,86689.37,3634.04,6.09,0.1347,596.32,193.22,306.5,944.11,597.02,619.09,0.5916,177.14,96.68,35.43,389.72,0.5458,0.4523,5.7921,1.7824,3.0,1.0,0.0,TOR_PROXY_TUNNEL
32.7614,211.0,107.0,104.0,128449.69,68095.22,60354.47,3920.77,6.44,0.0603,608.77,180.32,338.29,933.34,635.24,548.79,0.5778,269.68,217.16,53.94,593.3,0.8053,0.2914,5.9925,0.4959,10.0,1.0,1.0,TOR_PROXY_TUNNEL
20.8511,713.0,102.0,611.0,916452.12,68716.48,847735.63,43952.13,34.19,-0.85,1285.35,313.43,815.2,1500.0,1204.01,1388.52,0.4225,18.41,9.21,3.68,40.5,0.5003,0.0785,3.5529,2.6096,19.0,0.0,0.0,BENIGN_STREAMING
7.6314,24.0,7.0,17.0,19029.19,2139.33,16889.86,2493.53,3.14,-0.7752,792.88,385.96,213.94,1487.61,685.13,731.98,0.5334,317.98,459.17,63.6,699.55,1.444,0.0776,4.8013,2.2874,21.0,0.0,0.0,BENIGN_WEB
18.7042,1046.0,213.0,833.0,1279287.48,83472.46,1195815.01,68395.78,55.92,-0.8695,1223.03,328.61,730.12,1500.0,1403.28,1118.79,0.2429,9.74,4.31,1.95,21.42,0.4421,0.0784,3.6507,2.9893,16.0,0.0,0.0,BENIGN_STREAMING
2.7782,20.0,6.0,14.0,20042.71,4131.19,15911.51,7214.25,7.2,-0.5878,1002.14,441.55,339.81,1500.0,1109.85,1032.19,0.2381,138.91,140.95,27.78,305.6,1.0147,0.0819,5.0683,2.7843,9.0,0.0,0.0,BENIGN_WEB
82.8539,143.0,74.0,69.0,109542.2,53882.77,55659.44,1322.11,1.73,-0.0162,766.03,164.51,519.26,1062.15,824.03,677.97,0.2671,170.28,125.68,34.06,374.62,0.7381,0.3834,5.321,0.5887,1.0,1.0,1.0,TOR_PROXY_TUNNEL
29.777,69.0,24.0,45.0,58419.8,15720.1,42699.7,1961.91,2.32,-0.4618,846.66,398.44,249.01,1500.0,838.33,797.23,0.2708,431.55,695.7,86.31,949.41,1.6121,0.0761,3.8319,2.402,16.0,0.0,0.0,BENIGN_WEB
95.541,2062.0,282.0,1780.0,2703708.08,273381.4,2430326.68,28298.93,21.58,-0.7978,1311.21,250.0,936.21,1500.0,1401.37,1197.17,0.5202,21.38,8.91,4.28,47.03,0.4169,0.0869,3.0666,2.4372,22.0,0.0,0.0,BENIGN_STREAMING
73.3805,2126.0,356.0,1770.0,2529622.7,277819.46,2251803.24,34472.66,28.97,-0.7803,1189.85,258.98,801.38,1500.0,1305.65,1063.15,0.4287,9.46,4.04,1.89,20.82,0.4265,0.1338,3.0948,2.9078,13.0,0.0,0.0,BENIGN_STREAMING
27.7504,24.0,9.0,15.0,18183.15,4528.84,13654.31,655.24,0.86,-0.5019,757.63,447.2,86.84,1500.0,757.09,771.26,0.4266,1156.27,831.08,231.25,2543.78,0.7188,0.083,3.9839,2.3056,20.0,0.0,0.0,BENIGN_WEB
97.2799,1823.0,301.0,1522.0,2396535.08,260601.16,2135933.92,24635.46,18.74,-0.7825,1314.61,291.61,877.2,1500.0,1237.32,1349.82,0.2059,24.1,17.14,4.82,53.02,0.7115,0.1577,3.7493,2.2263,22.0,0.0,0.0,BENIGN_STREAMING
48.5722,577.0,87.0,490.0,728519.44,72549.77,655969.68,14998.7,11.88,-0.8008,1262.6,304.58,805.73,1500.0,1202.52,1323.06,0.5487,21.62,9.16,4.32,47.56,0.4235,0.0894,3.0681,2.6132,23.0,0.0,0.0,BENIGN_STREAMING
25.024,2151.0,340.0,1811.0,2766370.59,297294.08,2469076.51,110548.74,85.96,-0.7851,1286.09,357.82,749.36,1500.0,1246.32,1478.57,0.4184,15.78,6.82,3.16,34.72,0.4324,0.1306,3.1955,2.4076,18.0,0.0,0.0,BENIGN_STREAMING
39.6354,77.0,41.0,36.0,48802.98,19168.22,29634.76,1231.3,1.94,-0.2145,633.8,225.1,296.15,1038.99,642.82,636.93,0.4454,179.87,97.35,35.97,395.72,0.5412,0.4468,5.9946,0.4764,11.0,1.0,0.0,TOR_PROXY_TUNNEL
68.1477,276.0,135.0,141.0,166683.74,72864.15,93819.58,2445.92,4.05,-0.1257,603.93,313.08,134.31,1167.46,577.23,556.6,0.3018,127.7,107.56,25.54,280.93,0.8424,0.3129,4.8844,0.8186,10.0,1.0,0.0,TOR_PROXY_TUNNEL
30.7647,37.0,12.0,25.0,29315.79,6526.93,22788.86,952.9,1.2,-0.5547,792.32,562.54,40.0,1500.0,806.83,766.4,0.3667,831.48,1433.19,166.3,1829.25,1.7237,0.0859,4.7441,2.3483,9.0,0.0,0.0,BENIGN_WEB
8.934,62.0,18.0,44.0,47378.41,12666.8,34711.61,5303.17,6.94,-0.4653,764.17,531.71,40.0,1500.0,673.95,741.47,0.3375,144.1,128.36,28.82,317.01,0.8908,0.0519,4.4971,2.3169,11.0,0.0,0.0,BENIGN_WEB
3.2894,37.0,14.0,23.0,38548.62,10379.1,28169.52,11719.09,11.25,-0.4615,1041.85,415.0,419.35,1500.0,947.54,964.07,0.5443,88.9,118.99,17.78,195.59,1.3384,0.1062,4.6912,2.6918,15.0,0.0,0.0,BENIGN_WEB
79.8306,325.0,166.0,159.0,180165.59,96387.91,83777.68,2256.85,4.07,0.07,554.36,204.1,248.21,921.73,610.01,485.74,0.2965,254.32,123.89,50.86,559.49,0.4871,0.3708,4.7519,0.3509,3.0,1.0,1.0,TOR_PROXY_TUNNEL
12.5897,69.0,28.0,41.0,51203.02,12161.98,39041.04,4067.04,5.48,-0.525,742.07,468.66,40.0,1500.0,725.46,802.43,0.453,182.46,143.6,36.49,401.41,0.787,0.053,4.61,2.8663,14.0,0.0,0.0,BENIGN_WEB
10.751,79.0,28.0,51.0,74484.8,7282.54,67202.26,6928.19,7.35,-0.8045,942.85,422.21,309.53,1500.0,836.14,1012.19,0.4257,136.09,126.77,27.22,299.39,0.9315,0.127,4.0677,2.1613,20.0,0.0,0.0,BENIGN_WEB
31.1337,35.0,13.0,22.0,22900.06,3459.12,19440.93,735.54,1.12,-0.6979,654.29,332.07,156.17,1252.02,676.89,584.96,0.3753,889.54,1548.88,177.91,1956.98,1.7412,0.0463,4.4054,2.5717,21.0,0.0,0.0,BENIGN_WEB
17.7272,37.0,11.0,26.0,35880.89,6280.79,29600.09,2024.06,2.09,-0.6499,969.75,413.56,349.42,1500.0,1108.74,949.46,0.4247,479.11,383.29,95.82,1054.05,0.8,0.0308,4.8394,2.8601,16.0,0.0,0.0,BENIGN_WEB
101.5491,1305.0,257.0,1048.0,1812058.88,192251.97,1619806.91,17844.17,12.85,-0.7878,1388.55,406.28,779.13,1500.0,1384.63,1251.89,0.5318,22.25,12.09,4.45,48.95,0.5434,0.0927,3.5885,2.8333,18.0,0.0,0.0,BENIGN_STREAMING
57.8483,287.0,150.0,137.0,164510.16,71516.02,92994.14,2843.82,4.96,-0.1306,573.21,207.39,262.12,946.51,654.13,509.26,0.4835,241.71,177.09,48.34,531.77,0.7326,0.4401,5.1814,0.8403,10.0,1.0,0.0,TOR_PROXY_TUNNEL
81.4346,286.0,139.0,147.0,159225.61,96586.7,62638.91,1955.26,3.51,0.2132,556.73,286.29,127.3,1072.06,585.28,584.35,0.3493,173.45,110.64,34.69,381.58,0.6379,0.4449,5.2479,1.6672,5.0,1.0,1.0,TOR_PROXY_TUNNEL
43.3868,1712.0,261.0,1451.0,2400648.81,80170.28,2320478.54,55331.28,39.46,-0.9332,1402.25,386.45,822.57,1500.0,1435.36,1335.22,0.2562,22.24,13.89,4.45,48.93,0.6246,0.0754,3.3732,2.5937,20.0,0.0,0.0,BENIGN_STREAMING
10.5586,60.0,16.0,44.0,50144.4,8762.12,41382.28,4749.17,5.68,-0.6505,835.74,438.63,177.79,1500.0,814.37,823.71,0.4223,175.98,212.9,35.2,387.15,1.2098,0.1306,4.8121,2.4818,20.0,0.0,0.0,BENIGN_WEB
45.2796,51.0,26.0,25.0,27615.97,11057.46,16558.51,609.9,1.13,-0.1992,541.49,252.21,163.17,995.47,463.68,617.18,0.6061,123.81,78.0,24.76,272.39,0.63,0.2664,5.9576,1.033,11.0,0.0,1.0,TOR_PROXY_TUNNEL
26.1437,66.0,33.0,33.0,49808.34,25724.84,24083.5,1905.17,2.52,0.033,754.67,201.14,452.97,1116.72,697.79,826.14,0.3199,96.96,58.11,19.39,213.32,0.5993,0.4037,4.8759,1.6368,7.0,1.0,1.0,TOR_PROXY_TUNNEL
24.1955,318.0,156.0,162.0,184767.74,105600.29,79167.45,7636.44,13.14,0.1431,581.03,304.38,124.46,1128.92,629.06,589.55,0.2911,100.78,66.18,20.16,221.71,0.6567,0.4124,4.6114,0.6068,0.0,1.0,0.0,TOR_PROXY_TUNNEL
20.3132,18.0,7.0,11.0,13877.46,2012.69,11864.76,683.17,0.89,-0.7099,770.97,539.47,40.0,1500.0,665.51,707.46,0.4169,1128.51,1917.71,225.7,2482.73,1.6993,0.0104,4.4303,3.0094,10.0,0.0,0.0,BENIGN_WEB
27.4067,21.0,7.0,14.0,14308.15,2653.55,11654.6,522.07,0.77,-0.6291,681.34,497.73,40.0,1500.0,659.23,606.73,0.5466,1305.08,1679.09,261.02,2871.17,1.2866,0.1236,4.1148,2.3696,10.0,0.0,0.0,BENIGN_WEB
26.775,59.0,19.0,40.0,55402.02,6948.22,48453.8,2069.17,2.2,-0.7492,939.02,349.96,414.08,1500.0,940.69,1022.17,0.2775,453.81,757.78,90.76,998.39,1.6698,0.0694,4.4597,2.5774,11.0,0.0,0.0,BENIGN_WEB
2.7765,84.0,25.0,59.0,70293.76,10052.43,60241.33,25317.09,30.25,-0.714,836.83,482.84,112.58,1500.0,825.14,820.17,0.5266,33.05,31.74,6.61,72.72,0.9604,0.1105,4.8578,2.6887,9.0,0.0,0.0,BENIGN_WEB
11.824,53.0,18.0,35.0,51646.65,8502.8,43143.85,4367.96,4.48,-0.6707,974.47,335.21,471.65,1500.0,1116.25,838.41,0.4732,223.09,197.24,44.62,490.81,0.8841,0.0579,3.7161,2.8751,17.0,0.0,0.0,BENIGN_WEB
76.8474,1467.0,274.0,1193.0,1966330.44,79571.04,1886759.39,25587.46,19.09,-0.9191,1340.38,394.47,748.67,1500.0,1148.62,1342.26,0.5623,11.2,8.37,2.24,24.65,0.7472,0.1594,3.4299,2.7464,15.0,0.0,0.0,BENIGN_STREAMING
100.8307,870.0,106.0,764.0,1063909.25,93743.64,970165.6,10551.44,8.63,-0.8238,1222.88,365.58,674.51,1500.0,1043.78,1349.22,0.5622,28.0,20.9,5.6,61.59,0.7467,0.0693,2.9916,2.891,11.0,0.0,0.0,BENIGN_STREAMING
22.9923,114.0,59.0,55.0,72088.19,38435.91,33652.28,3135.32,4.96,0.0664,632.35,257.2,246.55,1095.32,560.76,667.75,0.5168,234.25,155.68,46.85,515.34,0.6646,0.4715,4.691,1.0848,2.0,1.0,1.0,TOR_PROXY_TUNNEL
2.1763,46.0,14.0,32.0,32362.3,7381.84,24980.46,14870.49,21.14,-0.5438,703.53,505.19,40.0,1500.0,666.45,637.96,0.5938,47.31,76.1,9.46,104.08,1.6086,0.0864,3.7962,2.3074,11.0,0.0,0.0,BENIGN_WEB
25.1995,42.0,12.0,30.0,42529.45,3858.42,38671.03,1687.71,1.67,-0.8186,1012.61,342.44,498.94,1500.0,985.09,920.69,0.5805,599.99,855.0,120.0,1319.98,1.425,0.0145,4.2475,2.7487,21.0,0.0,0.0,BENIGN_WEB
25.9424,374.0,184.0,190.0,261056.55,143286.06,117770.48,10062.94,14.42,0.0977,698.01,302.94,243.6,1243.31,725.92,722.67,0.613,197.36,124.13,39.47,434.2,0.629,0.3246,5.0461,1.1309,9.0,1.0,0.0,TOR_PROXY_TUNNEL
76.5059,219.0,110.0,109.0,163047.2,93845.85,69201.35,2131.17,2.86,0.1511,744.51,287.48,313.29,1261.97,699.11,668.12,0.417,190.76,84.6,38.15,419.68,0.4435,0.4022,5.0545,0.6782,11.0,1.0,1.0,TOR_PROXY_TUNNEL
25.3026,1447.0,177.0,1270.0,2001984.35,191206.3,1810778.05,79121.75,57.19,-0.809,1383.54,289.72,948.97,1500.0,1585.88,1180.94,0.5305,11.86,8.56,2.37,26.1,0.7218,0.1357,3.0733,2.9551,18.0,0.0,0.0,BENIGN_STREAMING
39.2209,263.0,130.0,133.0,168756.71,94076.72,74679.99,4302.73,6.71,0.1149,641.66,164.92,394.28,938.52,695.0,646.51,0.4323,235.06,194.52,47.01,517.13,0.8275,0.3993,6.0036,1.0468,8.0,1.0,1.0,TOR_PROXY_TUNNEL
37.4328,1422.0,251.0,1171.0,1811054.79,175226.92,1635827.87,48381.47,37.99,-0.8065,1273.6,374.14,712.39,1500.0,1216.58,1233.54,0.5996,26.41,17.28,5.28,58.11,0.6541,0.0594,3.6958,2.4992,12.0,0.0,0.0,BENIGN_STREAMING
52.7807,206.0,108.0,98.0,112630.59,48513.77,64116.81,2133.93,3.9,-0.1385,546.75,203.46,241.56,912.98,468.69,597.39,0.4827,138.24,63.49,27.65,304.14,0.4593,0.4579,4.6232,1.6632,5.0,1.0,1.0,TOR_PROXY_TUNNEL
104.2077,1187.0,240.0,947.0,1605559.85,160300.7,1445259.15,15407.3,11.39,-0.8003,1352.62,416.61,727.7,1500.0,1534.84,1384.09,0.5065,11.44,7.16,2.29,25.17,0.6256,0.1527,3.1186,2.6205,13.0,0.0,0.0,BENIGN_STREAMING
38.6724,80.0,41.0,39.0,46441.27,19375.6,27065.67,1200.89,2.07,-0.1656,580.52,280.39,159.93,1085.22,575.25,580.57,0.6101,208.81,94.98,41.76,459.37,0.4549,0.3993,4.9469,0.3063,7.0,1.0,1.0,TOR_PROXY_TUNNEL
26.1618,75.0,29.0,46.0,58401.98,12943.16,45458.83,2232.34,2.87,-0.5568,778.69,548.81,40.0,1500.0,673.64,688.45,0.4748,348.82,412.65,69.76,767.41,1.183,0.0236,3.7981,2.6533,11.0,0.0,0.0,BENIGN_WEB
17.1943,16.0,6.0,10.0,13420.03,3336.66,10083.37,780.49,0.93,-0.5027,838.75,466.07,139.65,1500.0,878.28,775.72,0.4394,1074.64,839.54,214.93,2364.21,0.7812,0.0939,4.5943,3.0543,21.0,0.0,0.0,BENIGN_WEB
15.9019,53.0,15.0,38.0,46127.75,8135.82,37991.93,2900.77,3.33,-0.6472,870.33,407.24,259.47,1500.0,746.97,914.93,0.5915,300.04,232.59,60.01,660.08,0.7752,0.0202,3.7973,2.7574,16.0,0.0,0.0,BENIGN_WEB
15.5423,70.0,25.0,45.0,72400.3,17453.77,54946.53,4658.29,4.5,-0.5179,1034.29,374.83,472.05,1500.0,1012.42,1140.5,0.4151,222.03,163.94,44.41,488.47,0.7384,0.0784,4.1045,2.8138,15.0,0.0,0.0,BENIGN_WEB
81.8893,322.0,166.0,156.0,179331.24,96137.18,83194.06,2189.92,3.93,0.0722,556.93,219.4,227.82,951.86,496.69,532.04,0.4452,134.75,63.56,26.95,296.44,0.4717,0.2976,5.9229,0.0334,10.0,1.0,0.0,TOR_PROXY_TUNNEL
43.8062,230.0,119.0,111.0,155557.63,71557.34,84000.29,3551.04,5.25,-0.08,676.34,303.19,221.55,1222.08,597.3,578.48,0.5506,192.3,124.45,38.46,423.07,0.6472,0.2393,4.6815,1.1619,9.0,1.0,0.0,TOR_PROXY_TUNNEL
39.3943,343.0,167.0,176.0,264393.38,134267.66,130125.72,6711.46,8.71,0.0157,770.83,250.61,394.91,1221.93,756.68,830.47,0.3137,177.6,92.95,35.52,390.72,0.5234,0.4754,6.0296,0.9479,7.0,0.0,1.0,TOR_PROXY_TUNNEL
77.5749,1223.0,242.0,981.0,1612269.83,138423.98,1473845.85,20783.39,15.77,-0.8283,1318.29,415.27,695.38,1500.0,1300.78,1248.82,0.271,17.99,10.47,3.6,39.57,0.5821,0.1385,3.5364,2.2759,15.0,0.0,0.0,BENIGN_STREAMING
56.4465,67.0,32.0,35.0,38543.75,18967.36,19576.39,682.84,1.19,-0.0158,575.28,215.03,252.73,962.34,524.21,602.69,0.5894,44.5,27.95,8.9,97.89,0.6282,0.4274,5.3912,0.2721,8.0,1.0,0.0,TOR_PROXY_TUNNEL
48.5832,171.0,85.0,86.0,106648.31,45898.76,60749.55,2195.17,3.52,-0.1393,623.67,185.45,345.5,957.48,708.76,651.59,0.414,276.26,118.45,55.25,607.77,0.4288,0.4273,4.9375,1.409,9.0,1.0,0.0,TOR_PROXY_TUNNEL
37.3406,203.0,100.0,103.0,111596.11,47553.16,64042.95,2988.6,5.44,-0.1478,549.73,174.66,287.75,864.12,542.27,535.79,0.359,187.78,143.27,37.56,413.11,0.763,0.3076,5.1142,1.1964,9.0,0.0,0.0,TOR_PROXY_TUNNEL
78.7896,158.0,78.0,80.0,85896.7,34759.95,51136.75,1090.2,2.01,-0.1907,543.65,267.64,142.19,1025.4,481.49,569.08,0.2901,144.03,73.3,28.81,316.86,0.5089,0.4589,5.6546,1.1784,6.0,1.0,0.0,TOR_PROXY_TUNNEL
74.759,634.0,117.0,517.0,885717.51,83800.09,801917.42,11847.64,8.48,-0.8108,1397.03,258.74,1008.92,1500.0,1428.43,1474.37,0.3857,21.92,12.02,4.38,48.21,0.5483,0.1083,3.4693,2.4736,14.0,0.0,0.0,BENIGN_STREAMING
91.1076,363.0,43.0,320.0,429568.21,31435.45,398132.76,4714.95,3.98,-0.8536,1183.38,268.77,780.24,1500.0,1084.31,1029.47,0.1901,27.02,10.88,5.4,59.45,0.4027,0.1344,3.645,2.9255,13.0,0.0,0.0,BENIGN_STREAMING
70.8398,73.0,37.0,36.0,44666.52,26769.96,17896.56,630.53,1.03,0.1987,611.87,162.89,367.53,905.08,653.81,675.39,0.255,229.21,135.3,45.84,504.27,0.5903,0.4004,5.1426,1.3478,10.0,0.0,1.0,TOR_PROXY_TUNNEL
20.4915,71.0,37.0,34.0,45722.97,20999.32,24723.64,2231.31,3.46,-0.0815,643.99,189.26,360.1,984.65,703.84,576.2,0.445,248.04,105.6,49.61,545.68,0.4257,0.3897,4.6995,0.4743,0.0,1.0,0.0,TOR_PROXY_TUNNEL
31.5152,1284.0,178.0,1106.0,1651512.05,95978.94,1555533.11,52403.7,40.74,-0.8838,1286.22,267.52,884.94,1500.0,1225.47,1259.43,0.2965,13.94,9.11,2.79,30.66,0.6539,0.1439,3.6947,2.5587,10.0,0.0,0.0,BENIGN_STREAMING
11.8202,68.0,27.0,41.0,69460.32,13586.6,55873.72,5876.41,5.75,-0.6088,1021.48,499.94,271.57,1500.0,1027.7,1159.71,0.4455,173.83,270.04,34.77,382.42,1.5535,0.0188,4.3111,2.7994,21.0,0.0,0.0,BENIGN_WEB
21.0497,33.0,9.0,24.0,29970.91,3604.57,26366.34,1423.81,1.57,-0.7595,908.21,344.61,391.3,1500.0,1032.59,887.18,0.4988,637.87,1016.21,127.57,1403.32,1.5931,0.1155,5.0204,2.7054,11.0,0.0,0.0,BENIGN_WEB
31.3398,46.0,18.0,28.0,46405.11,10578.49,35826.61,1480.71,1.47,-0.5441,1008.81,552.33,180.31,1500.0,1007.87,1008.31,0.3194,681.3,673.56,136.26,1498.86,0.9886,0.0178,4.8501,2.5039,10.0,0.0,0.0,BENIGN_WEB
43.6176,403.0,71.0,332.0,479322.3,30591.22,448731.08,10989.2,9.24,-0.8724,1189.39,240.53,828.6,1500.0,1276.32,1353.37,0.3439,26.69,11.03,5.34,58.71,0.4133,0.1135,3.7712,2.498,10.0,0.0,0.0,BENIGN_STREAMING
8.1904,59.0,19.0,40.0,42115.0,11800.56,30314.43,5142.01,7.2,-0.4396,713.81,479.17,40.0,1500.0,719.02,722.36,0.4305,138.82,155.01,27.76,305.4,1.1166,0.0449,3.6372,2.8995,14.0,0.0,0.0,BENIGN_WEB
134.658,1954.0,389.0,1565.0,2777914.74,195064.27,2582850.47,20629.41,14.51,-0.8596,1421.66,299.11,972.99,1500.0,1395.88,1326.68,0.4176,12.93,7.88,2.59,28.44,0.6094,0.1569,3.3914,2.2518,13.0,0.0,0.0,BENIGN_STREAMING
24.4123,1042.0,176.0,866.0,1395474.76,97267.16,1298207.6,57162.66,42.68,-0.8606,1339.23,373.54,778.92,1500.0,1187.13,1368.08,0.4043,16.92,8.08,3.38,37.22,0.4777,0.0799,3.0591,2.6704,13.0,0.0,0.0,BENIGN_STREAMING
22.0687,49.0,26.0,23.0,28958.52,15378.42,13580.1,1312.2,2.22,0.0621,590.99,220.8,259.79,988.43,509.96,584.26,0.5873,100.86,80.68,20.17,221.89,0.8,0.4194,4.8369,0.5045,1.0,1.0,1.0,TOR_PROXY_TUNNEL
62.142,1352.0,215.0,1137.0,1830510.91,48518.91,1781992.0,29456.89,21.76,-0.947,1353.93,312.25,885.55,1500.0,1281.75,1486.62,0.2962,19.02,12.05,3.8,41.85,0.6336,0.1031,3.4131,2.9822,11.0,0.0,0.0,BENIGN_STREAMING
83.8638,405.0,86.0,319.0,567452.23,37829.24,529622.99,6766.35,4.83,-0.8667,1401.12,256.12,1016.94,1500.0,1423.39,1193.75,0.2083,24.86,11.52,4.97,54.7,0.4634,0.153,3.5956,2.3182,14.0,0.0,0.0,BENIGN_STREAMING
23.4571,377.0,191.0,186.0,288485.66,137210.37,151275.29,12298.43,16.07,-0.0488,765.21,289.83,330.46,1286.92,739.09,656.52,0.348,268.21,218.66,53.64,590.05,0.8153,0.4528,6.0064,1.6133,6.0,1.0,0.0,TOR_PROXY_TUNNEL
45.7798,1725.0,227.0,1498.0,2092049.48,68121.17,2023928.31,45698.06,37.68,-0.9349,1212.78,289.36,778.75,1500.0,1112.86,1345.43,0.3754,21.49,8.78,4.3,47.29,0.4087,0.0952,3.8969,2.5949,13.0,0.0,0.0,BENIGN_STREAMING
61.0167,1379.0,207.0,1172.0,1950342.85,197825.9,1752516.95,31964.09,22.6,-0.7971,1414.32,260.74,1023.21,1500.0,1553.37,1373.44,0.1901,22.98,15.14,4.6,50.55,0.6587,0.1541,3.3357,2.9937,14.0,0.0,0.0,BENIGN_STREAMING
51.3969,2186.0,358.0,1828.0,2816993.47,78830.27,2738163.2,54808.62,42.53,-0.944,1288.65,245.68,920.13,1500.0,1332.58,1110.48,0.6008,25.44,9.83,5.09,55.97,0.3864,0.1098,3.6654,2.5799,17.0,0.0,0.0,BENIGN_STREAMING
90.066,1782.0,257.0,1525.0,2363192.36,254600.13,2108592.23,26238.45,19.79,-0.7845,1326.15,277.78,909.48,1500.0,1261.1,1317.73,0.4215,9.81,4.77,1.96,21.57,0.4864,0.0928,3.6221,2.596,13.0,0.0,0.0,BENIGN_STREAMING
18.9677,585.0,96.0,489.0,824432.86,53532.4,770900.46,43465.02,30.84,-0.8701,1409.29,383.0,834.78,1500.0,1338.29,1235.87,0.3872,23.28,14.54,4.66,51.22,0.6244,0.0748,3.8325,2.2314,20.0,0.0,0.0,BENIGN_STREAMING
28.2513,60.0,21.0,39.0,61876.61,15449.14,46427.47,2190.22,2.12,-0.5006,1031.28,576.21,166.96,1500.0,933.48,980.9,0.2498,470.86,707.25,94.17,1035.88,1.5021,0.0527,4.7655,3.0549,10.0,0.0,0.0,BENIGN_WEB
11.1008,48.0,14.0,34.0,32376.78,7389.48,24987.3,2916.6,4.32,-0.5435,674.52,500.46,40.0,1500.0,668.38,659.86,0.5202,231.27,299.54,46.25,508.79,1.2952,0.0639,4.6713,2.9238,15.0,0.0,0.0,BENIGN_WEB
75.6226,207.0,105.0,102.0,116287.84,59024.74,57263.1,1537.74,2.74,0.0151,561.78,189.69,277.24,903.23,633.61,503.24,0.2592,35.1,18.86,7.02,77.23,0.5372,0.2849,5.9027,0.3195,3.0,1.0,0.0,TOR_PROXY_TUNNEL
14.3719,49.0,20.0,29.0,48952.97,7353.74,41599.23,3406.16,3.41,-0.6996,999.04,570.84,142.78,1500.0,927.06,1124.67,0.3109,293.3,358.45,58.66,645.27,1.2221,0.0469,4.2574,3.0682,21.0,0.0,0.0,BENIGN_WEB
67.729,392.0,85.0,307.0,475994.81,19208.13,456786.69,7027.94,5.79,-0.9193,1214.27,413.86,593.48,1500.0,1236.97,1344.75,0.2403,21.56,16.41,4.31,47.42,0.7614,0.1295,3.3793,2.4484,19.0,0.0,0.0,BENIGN_STREAMING
101.4413,1201.0,166.0,1035.0,1533354.75,146125.11,1387229.64,15115.69,11.84,-0.8094,1276.73,418.88,648.42,1500.0,1448.8,1393.91,0.2187,20.3,11.32,4.06,44.67,0.5575,0.0542,3.1236,2.4608,16.0,0.0,0.0,BENIGN_STREAMING
15.0454,26.0,8.0,18.0,24534.76,4958.98,19575.78,1630.72,1.73,-0.5958,943.64,524.39,157.07,1500.0,892.0,1039.62,0.2041,578.67,530.5,115.73,1273.07,0.9168,0.0757,4.1159,2.2455,12.0,0.0,0.0,BENIGN_WEB
130.6094,1961.0,263.0,1698.0,2509305.83,153456.24,2355849.59,19212.29,15.01,-0.8777,1279.61,274.98,867.14,1500.0,1291.19,1197.73,0.6163,15.12,10.0,3.02,33.26,0.6616,0.1337,3.3418,2.4158,12.0,0.0,0.0,BENIGN_STREAMING
124.1035,465.0,99.0,366.0,593717.92,55946.31,537771.61,4784.06,3.75,-0.8115,1276.81,314.85,804.54,1500.0,1379.76,1141.89,0.5551,13.37,6.05,2.67,29.41,0.4526,0.1667,3.7222,2.2742,18.0,0.0,0.0,BENIGN_STREAMING
49.0167,1245.0,211.0,1034.0,1583647.26,110858.71,1472788.55,32308.32,25.4,-0.86,1272.01,314.52,800.23,1500.0,1277.75,1167.84,0.21,10.12,5.17,2.02,22.26,0.5114,0.1268,3.2757,2.3307,18.0,0.0,0.0,BENIGN_STREAMING
30.9753,45.0,13.0,32.0,36655.33,7541.72,29113.61,1183.37,1.45,-0.5885,814.56,334.11,313.4,1415.95,720.64,844.69,0.5898,688.34,811.45,137.67,1514.35,1.1788,0.0609,4.5488,2.9274,17.0,0.0,0.0,BENIGN_WEB
24.7305,18.0,6.0,12.0,13153.86,3255.53,9898.33,531.89,0.73,-0.505,730.77,324.13,244.57,1314.21,717.52,677.65,0.4859,1373.92,1297.84,274.78,3022.62,0.9446,0.1192,4.8854,3.0578,20.0,0.0,0.0,BENIGN_WEB
7.4216,32.0,11.0,21.0,34447.5,7644.82,26802.68,4641.54,4.31,-0.5561,1076.48,332.88,577.17,1500.0,1223.22,1139.63,0.1958,231.92,387.66,46.38,510.23,1.6715,0.0812,4.0273,2.8829,18.0,0.0,0.0,BENIGN_WEB
83.4362,974.0,199.0,775.0,1382811.83,99130.96,1283680.87,16573.29,11.67,-0.8566,1419.72,257.68,1033.2,1500.0,1525.61,1407.69,0.5873,22.55,9.05,4.51,49.61,0.4015,0.1385,3.5432,2.8223,15.0,0.0,0.0,BENIGN_STREAMING
62.5145,282.0,141.0,141.0,159404.4,85678.82,73725.59,2549.88,4.51,0.075,565.26,228.84,222.0,977.18,533.51,632.33,0.2199,141.51,105.65,28.3,311.33,0.7465,0.4476,5.2467,1.0035,10.0,1.0,0.0,TOR_PROXY_TUNNEL
110.0245,666.0,80.0,586.0,803059.29,21889.09,781170.19,7298.91,6.05,-0.9455,1205.79,271.7,798.24,1500.0,1386.04,1225.69,0.2662,20.87,13.05,4.17,45.92,0.6253,0.1437,3.2095,2.4314,13.0,0.0,0.0,BENIGN_STREAMING
17.0116,196.0,103.0,93.0,121421.89,51897.99,69523.91,7137.6,11.52,-0.1452,619.5,181.77,346.85,946.68,708.84,587.62,0.2547,122.07,61.62,24.41,268.56,0.5048,0.3392,5.9867,1.1708,1.0,1.0,0.0,TOR_PROXY_TUNNEL
25.6383,60.0,21.0,39.0,46580.84,8680.85,37899.99,1816.84,2.34,-0.6273,776.35,479.82,56.62,1500.0,872.95,834.34,0.4516,427.31,389.94,85.46,940.07,0.9126,0.021,4.2988,2.383,16.0,0.0,0.0,BENIGN_WEB
102.6591,422.0,74.0,348.0,527742.71,54719.12,473023.59,5140.73,4.11,-0.7926,1250.58,265.75,851.95,1500.0,1251.23,1069.99,0.2919,19.84,7.0,3.97,43.64,0.3526,0.1374,3.1735,2.6544,19.0,0.0,0.0,BENIGN_STREAMING
11.7285,69.0,23.0,46.0,49968.04,12694.9,37273.14,4260.39,5.88,-0.4919,724.17,397.69,127.64,1440.02,658.39,637.68,0.3119,169.98,266.74,34.0,373.95,1.5692,0.1118,4.1376,2.9807,10.0,0.0,0.0,BENIGN_WEB
117.556,978.0,208.0,770.0,1279901.95,53111.69,1226790.26,10887.59,8.32,-0.917,1308.69,264.43,912.05,1500.0,1158.35,1187.41,0.5069,21.29,12.48,4.26,46.84,0.5862,0.0681,3.7551,2.3253,15.0,0.0,0.0,BENIGN_STREAMING
93.1708,1134.0,164.0,970.0,1480629.56,88291.71,1392337.84,15891.56,12.17,-0.8807,1305.67,264.14,909.46,1500.0,1410.42,1212.9,0.6003,18.62,12.8,3.72,40.96,0.6877,0.1791,3.634,2.9156,14.0,0.0,0.0,BENIGN_STREAMING
98.286,935.0,149.0,786.0,1318759.19,78399.49,1240359.7,13417.57,9.51,-0.8811,1410.44,246.15,1041.21,1500.0,1533.39,1415.57,0.2444,22.15,11.31,4.43,48.72,0.5106,0.1276,3.8366,2.3467,17.0,0.0,0.0,BENIGN_STREAMING
5.9353,67.0,20.0,47.0,66212.62,10874.4,55338.21,11155.71,11.29,-0.6715,988.25,381.89,415.42,1500.0,999.72,1015.33,0.3368,88.59,86.98,17.72,194.89,0.9819,0.1134,3.6383,2.428,14.0,0.0,0.0,BENIGN_WEB
30.3244,223.0,115.0,108.0,150923.81,84013.61,66910.2,4976.98,7.35,0.1133,676.79,174.53,414.99,990.95,653.81,650.73,0.5423,42.39,22.14,8.48,93.26,0.5224,0.2561,5.7913,0.2238,1.0,1.0,1.0,TOR_PROXY_TUNNEL
51.5648,214.0,110.0,104.0,160892.25,73414.5,87477.76,3120.19,4.15,-0.0874,751.83,191.95,463.91,1097.35,837.33,693.14,0.4184,239.82,120.82,47.96,527.6,0.5038,0.247,5.5657,1.0315,7.0,1.0,1.0,TOR_PROXY_TUNNEL
11.357,30.0,9.0,21.0,23896.39,3963.02,19933.37,2104.12,2.64,-0.6683,796.55,459.37,107.49,1500.0,680.41,892.4,0.5541,378.57,313.78,75.71,832.84,0.8289,0.044,3.857,3.0097,21.0,0.0,0.0,BENIGN_WEB
91.6332,1800.0,360.0,1440.0,2172963.6,235107.52,1937856.08,23713.71,19.64,-0.7836,1207.2,355.16,674.46,1500.0,1068.74,1212.12,0.454,7.69,5.93,1.54,16.92,0.7709,0.0788,3.1266,2.6796,19.0,0.0,0.0,BENIGN_STREAMING
5.0395,48.0,18.0,30.0,49369.45,11351.77,38017.68,9796.46,9.52,-0.5401,1028.53,462.0,335.53,1500.0,1133.59,1038.43,0.3787,104.99,129.2,21.0,230.98,1.2306,0.0785,3.7736,2.1627,17.0,0.0,0.0,BENIGN_WEB
114.1363,428.0,57.0,371.0,519955.72,36830.76,483124.97,4555.57,3.75,-0.8583,1214.85,371.93,656.96,1500.0,1365.67,1164.6,0.3294,16.89,6.72,3.38,37.15,0.3982,0.1057,3.1173,2.2393,23.0,0.0,0.0,BENIGN_STREAMING
19.9353,80.0,39.0,41.0,55563.05,21880.15,33682.9,2787.17,4.01,-0.2124,694.54,202.19,391.25,1058.49,721.97,748.53,0.5526,48.35,31.27,9.67,106.37,0.6466,0.3189,5.956,0.3073,4.0,1.0,1.0,TOR_PROXY_TUNNEL
83.5635,155.0,80.0,75.0,112345.5,47880.81,64464.68,1344.43,1.85,-0.1476,724.81,203.79,419.13,1091.63,811.22,774.08,0.2158,111.93,64.9,22.39,246.24,0.5798,0.4532,4.9407,0.5774,4.0,1.0,1.0,TOR_PROXY_TUNNEL
25.3023,77.0,23.0,54.0,70451.09,12169.88,58281.22,2784.37,3.04,-0.6545,914.95,330.29,419.52,1500.0,995.85,960.56,0.3384,328.6,318.73,65.72,722.92,0.97,0.0489,4.2621,2.5606,17.0,0.0,0.0,BENIGN_WEB
4.6672,80.0,22.0,58.0,60554.44,8070.95,52483.49,12974.43,17.14,-0.7334,756.93,539.56,40.0,1500.0,791.01,827.93,0.515,58.34,90.36,11.67,128.35,1.5489,0.0994,4.5898,2.9148,20.0,0.0,0.0,BENIGN_WEB
13.3607,106.0,54.0,52.0,72797.66,32206.94,40590.72,5448.65,7.93,-0.1152,686.77,239.33,327.77,1117.57,764.28,789.24,0.321,236.48,177.54,47.3,520.27,0.7507,0.3645,4.6998,1.2786,7.0,1.0,0.0,TOR_PROXY_TUNNEL
25.4453,35.0,14.0,21.0,25755.91,4278.6,21477.31,1012.21,1.38,-0.6678,735.88,539.57,40.0,1500.0,740.82,798.67,0.1909,727.01,786.57,145.4,1599.42,1.0819,0.0875,4.0404,3.0377,21.0,0.0,0.0,BENIGN_WEB
5.6583,46.0,14.0,32.0,38339.58,4822.56,33517.02,6775.86,8.13,-0.7484,833.47,495.96,89.53,1500.0,794.18,830.26,0.1826,123.01,147.91,24.6,270.61,1.2025,0.0338,4.6889,2.3361,9.0,0.0,0.0,BENIGN_WEB
78.0444,1559.0,215.0,1344.0,2052350.04,177303.44,1875046.59,26297.23,19.98,-0.8272,1316.45,264.58,919.58,1500.0,1140.88,1177.89,0.2252,17.32,9.83,3.46,38.1,0.5677,0.1218,2.9268,2.6737,16.0,0.0,0.0,BENIGN_STREAMING
17.462,78.0,25.0,53.0,82164.69,12897.53,69267.16,4705.34,4.47,-0.6861,1053.39,391.23,466.56,1500.0,993.01,999.49,0.3825,223.87,185.32,44.77,492.52,0.8278,0.1204,4.3162,2.7251,19.0,0.0,0.0,BENIGN_WEB
15.8007,273.0,141.0,132.0,200867.85,91478.74,109389.11,12712.57,17.28,-0.0892,735.78,304.22,279.44,1283.38,826.06,685.9,0.5349,121.81,67.51,24.36,267.98,0.5542,0.4345,4.8689,0.294,3.0,1.0,0.0,TOR_PROXY_TUNNEL
71.0859,482.0,92.0,390.0,607832.67,56311.99,551520.67,8550.68,6.78,-0.8147,1261.06,345.07,743.46,1500.0,1332.43,1283.91,0.4184,20.46,14.36,4.09,45.02,0.7017,0.0855,3.0756,2.3741,21.0,0.0,0.0,BENIGN_STREAMING
7.7245,77.0,24.0,53.0,81607.21,12130.51,69476.69,10564.66,9.97,-0.7027,1059.83,332.43,561.2,1500.0,929.67,1012.88,0.2272,100.32,119.32,20.06,220.7,1.1894,0.0432,3.7485,2.3571,18.0,0.0,0.0,BENIGN_WEB
26.9554,16.0,4.0,12.0,14689.97,1781.93,12908.04,544.97,0.59,-0.7574,918.12,497.62,171.69,1500.0,975.48,929.43,0.6104,1684.71,1998.15,336.94,3706.37,1.186,0.0239,4.8008,2.9109,13.0,0.0,0.0,BENIGN_WEB
35.7242,73.0,38.0,35.0,50962.25,20578.69,30383.56,1426.55,2.04,-0.1924,698.11,250.39,322.52,1148.82,687.01,608.53,0.5968,43.71,18.58,8.74,96.16,0.4251,0.2858,4.7839,1.1782,11.0,1.0,0.0,TOR_PROXY_TUNNEL
28.0406,27.0,8.0,19.0,20685.78,2465.31,18220.47,737.71,0.96,-0.7616,766.14,457.39,80.06,1500.0,813.73,667.02,0.5767,1038.54,826.83,207.71,2284.79,0.7961,0.1277,4.7291,2.6067,17.0,0.0,0.0,BENIGN_WEB
6.3175,58.0,20.0,38.0,36346.16,7032.51,29313.65,5753.27,9.18,-0.613,626.66,448.13,40.0,1433.3,566.44,681.8,0.3003,108.92,138.06,21.78,239.63,1.2675,0.0133,4.3249,2.9262,21.0,0.0,0.0,BENIGN_WEB
47.6171,1871.0,320.0,1551.0,2550124.04,76103.73,2474020.31,53554.76,39.29,-0.9403,1362.97,298.68,914.95,1500.0,1264.0,1208.5,0.4613,15.05,10.9,3.01,33.12,0.724,0.0827,3.4972,2.6561,15.0,0.0,0.0,BENIGN_STREAMING
7.0448,68.0,27.0,41.0,51888.48,6157.53,45730.95,7365.54,9.65,-0.7627,763.07,403.63,157.62,1489.6,703.55,826.16,0.3966,103.6,172.55,20.72,227.92,1.6655,0.0318,3.9548,3.0589,18.0,0.0,0.0,BENIGN_WEB
78.1349,321.0,157.0,164.0,239540.68,97881.5,141659.18,3065.73,4.11,-0.1828,746.23,208.71,433.17,1121.91,766.62,727.54,0.3257,127.25,84.06,25.45,279.95,0.6606,0.4043,4.6242,1.7651,9.0,1.0,0.0,TOR_PROXY_TUNNEL
48.5088,1687.0,351.0,1336.0,2229800.11,236884.1,1992916.01,45966.92,34.78,-0.7875,1321.75,325.89,832.92,1500.0,1232.79,1433.25,0.3886,26.93,14.6,5.39,59.24,0.5421,0.0975,3.3643,2.9924,14.0,0.0,0.0,BENIGN_STREAMING
6.5424,56.0,18.0,38.0,55238.11,11784.24,43453.87,8443.12,8.56,-0.5733,986.39,400.26,386.0,1500.0,870.71,931.92,0.4071,116.83,161.76,23.37,257.02,1.3846,0.1351,4.4973,2.496,14.0,0.0,0.0,BENIGN_WEB
17.2063,47.0,14.0,33.0,40819.7,11246.1,29573.6,2372.37,2.73,-0.449,868.5,393.44,278.34,1500.0,773.6,879.49,0.5814,366.09,527.49,73.22,805.4,1.4409,0.021,3.6317,2.9638,14.0,0.0,0.0,BENIGN_WEB
72.4023,293.0,155.0,138.0,216178.24,109531.45,106646.78,2985.79,4.05,0.0133,737.81,191.22,450.97,1082.01,636.6,785.54,0.1814,101.15,78.67,20.23,222.52,0.7778,0.2919,5.4531,0.601,2.0,1.0,0.0,TOR_PROXY_TUNNEL
19.8099,83.0,31.0,52.0,64431.56,17368.91,47062.65,3252.5,4.19,-0.4609,776.28,457.47,90.08,1500.0,706.95,674.82,0.3477,238.67,417.62,47.73,525.08,1.7497,0.1022,5.096,2.8711,15.0,0.0,0.0,BENIGN_WEB
51.4412,1015.0,188.0,827.0,1280680.88,81571.41,1199109.46,24896.0,19.73,-0.8726,1261.75,397.08,666.14,1500.0,1331.79,1100.43,0.324,21.22,7.61,4.24,46.68,0.3585,0.0814,3.1622,2.2009,17.0,0.0,0.0,BENIGN_STREAMING
112.401,1198.0,185.0,1013.0,1477150.84,143555.18,1333595.67,13141.8,10.66,-0.8056,1233.01,258.51,845.25,1500.0,1148.25,1137.63,0.2819,19.72,14.21,3.94,43.39,0.7207,0.1491,3.6204,2.8421,14.0,0.0,0.0,BENIGN_STREAMING
29.5416,69.0,22.0,47.0,72365.6,19922.5,52443.1,2449.62,2.34,-0.4494,1048.78,538.14,241.57,1500.0,1015.44,898.62,0.5669,428.14,555.53,85.63,941.91,1.2975,0.0285,4.603,2.8314,20.0,0.0,0.0,BENIGN_WEB
12.2103,15.0,4.0,11.0,10375.4,1758.51,8616.88,849.73,1.23,-0.661,691.69,496.84,40.0,1500.0,785.25,765.08,0.228,814.02,996.23,162.8,1790.84,1.2238,0.0448,3.9526,2.8503,19.0,0.0,0.0,BENIGN_WEB
22.3786,56.0,18.0,38.0,44419.24,6697.86,37721.38,1984.9,2.5,-0.6984,793.2,530.76,40.0,1500.0,829.14,724.51,0.3123,399.62,327.95,79.92,879.16,0.8207,0.0598,4.7203,3.0545,19.0,0.0,0.0,BENIGN_WEB
5.7593,61.0,25.0,36.0,58389.95,8507.2,49882.74,10138.32,10.59,-0.7086,957.21,427.74,315.6,1500.0,1070.0,937.76,0.23,94.42,107.77,18.88,207.71,1.1415,0.1305,4.2309,2.9277,8.0,0.0,0.0,BENIGN_WEB
8.1578,80.0,28.0,52.0,56006.59,7772.13,48234.46,6865.4,9.81,-0.7225,700.08,445.33,40.0,1500.0,649.95,641.63,0.2652,101.97,97.43,20.39,224.34,0.9554,0.133,4.3341,3.0883,15.0,0.0,0.0,BENIGN_WEB
13.8664,52.0,17.0,35.0,46941.74,5837.35,41104.39,3385.29,3.75,-0.7513,902.73,448.39,230.14,1500.0,993.16,894.66,0.2383,266.66,417.62,53.33,586.66,1.5661,0.1348,3.8929,2.5167,15.0,0.0,0.0,BENIGN_WEB
67.0902,221.0,112.0,109.0,155537.17,81898.04,73639.13,2318.33,3.29,0.0531,703.79,309.51,239.52,1260.91,632.5,807.78,0.5852,69.39,53.09,13.88,152.67,0.765,0.3442,4.6249,1.0219,6.0,1.0,1.0,TOR_PROXY_TUNNEL
20.6278,57.0,23.0,34.0,47277.15,12085.65,35191.51,2291.91,2.76,-0.4887,829.42,407.38,218.36,1500.0,909.3,773.51,0.4246,361.89,493.82,72.38,796.16,1.3645,0.0178,4.2763,2.4237,11.0,0.0,0.0,BENIGN_WEB
14.6234,16.0,4.0,12.0,13708.13,3506.7,10201.42,937.41,1.09,-0.4884,856.76,398.68,258.74,1500.0,770.95,819.59,0.4092,913.96,646.95,182.79,2010.71,0.7079,0.129,4.1243,2.783,15.0,0.0,0.0,BENIGN_WEB
27.7079,79.0,24.0,55.0,59871.23,10273.24,49597.99,2160.8,2.85,-0.6568,757.86,445.74,89.25,1500.0,685.97,670.12,0.3817,350.73,337.04,70.15,771.61,0.961,0.0987,4.7986,2.9979,10.0,0.0,0.0,BENIGN_WEB
48.7446,1796.0,287.0,1509.0,2521083.95,64664.71,2456419.23,51720.3,36.85,-0.9487,1403.72,374.95,841.3,1500.0,1536.14,1233.36,0.5142,16.31,6.45,3.26,35.87,0.3958,0.1217,3.849,2.4117,14.0,0.0,0.0,BENIGN_STREAMING
25.7487,322.0,165.0,157.0,212782.67,103948.96,108833.7,8263.83,12.51,-0.023,660.82,258.15,273.58,1125.49,728.22,589.83,0.5747,271.94,146.79,54.39,598.27,0.5398,0.4724,4.7828,0.826,6.0,1.0,1.0,TOR_PROXY_TUNNEL
10.4493,15.0,5.0,10.0,16043.86,2779.7,13264.16,1535.41,1.44,-0.6535,1069.59,420.9,438.24,1500.0,995.87,1008.18,0.5455,696.62,1102.18,139.32,1532.56,1.5822,0.1098,3.7915,2.6876,8.0,0.0,0.0,BENIGN_WEB
36.3176,267.0,136.0,131.0,172016.2,71781.51,100234.69,4736.44,7.35,-0.1654,644.26,267.84,242.5,1126.36,632.02,642.71,0.1816,186.47,108.12,37.29,410.24,0.5798,0.3356,5.458,0.7774,7.0,1.0,0.0,TOR_PROXY_TUNNEL
37.51,68.0,35.0,33.0,48073.56,21401.5,26672.06,1281.62,1.81,-0.1096,706.96,308.31,244.5,1261.92,629.59,664.11,0.492,59.84,33.54,11.97,131.66,0.5604,0.2414,5.4459,0.2252,5.0,1.0,0.0,TOR_PROXY_TUNNEL
158.5232,1024.0,201.0,823.0,1401583.63,125413.58,1276170.06,8841.51,6.46,-0.821,1368.73,318.41,891.12,1500.0,1486.28,1182.52,0.2107,24.64,15.52,4.93,54.22,0.6298,0.1696,3.762,2.6568,22.0,0.0,0.0,BENIGN_STREAMING
143.7027,1278.0,187.0,1091.0,1720448.5,162392.76,1558055.74,11972.28,8.89,-0.8112,1346.2,333.87,845.4,1500.0,1479.51,1181.0,0.2631,23.44,12.89,4.69,51.57,0.5499,0.0691,3.5322,2.888,14.0,0.0,0.0,BENIGN_STREAMING
8.9228,24.0,8.0,16.0,17370.01,5019.06,12350.95,1946.69,2.69,-0.4221,723.75,515.92,40.0,1500.0,782.33,786.66,0.3691,371.78,311.83,74.36,817.93,0.8388,0.019,3.7814,2.1153,16.0,0.0,0.0,BENIGN_WEB
109.4971,1706.0,340.0,1366.0,2177614.89,218190.46,1959424.42,19887.42,15.58,-0.7996,1276.44,340.46,765.75,1500.0,1278.6,1234.75,0.3008,14.47,10.61,2.89,31.83,0.7335,0.1108,3.7197,2.2307,22.0,0.0,0.0,BENIGN_STREAMING
23.3829,68.0,27.0,41.0,72367.23,13051.23,59316.0,3094.88,2.91,-0.6393,1064.22,327.27,573.32,1500.0,975.2,1018.94,0.3702,343.87,506.95,68.77,756.51,1.4743,0.0532,4.5224,2.2537,20.0,0.0,0.0,BENIGN_WEB
19.7732,274.0,143.0,131.0,150967.84,61006.33,89961.5,7634.97,13.86,-0.1918,550.98,212.05,232.9,932.67,623.07,528.63,0.5637,157.56,119.75,31.51,346.63,0.7601,0.3742,5.9407,0.6948,4.0,1.0,0.0,TOR_PROXY_TUNNEL
31.6656,43.0,17.0,26.0,43121.69,10314.77,32806.92,1361.78,1.36,-0.5216,1002.83,500.6,251.94,1500.0,1106.58,1017.91,0.2017,736.41,1040.0,147.28,1620.1,1.4123,0.0506,4.0118,3.0093,8.0,0.0,0.0,BENIGN_WEB
18.1417,30.0,12.0,18.0,30103.56,8394.28,21709.28,1659.36,1.65,-0.4423,1003.45,406.65,393.48,1500.0,1017.89,943.99,0.509,604.72,735.81,120.94,1330.39,1.2168,0.0957,4.2618,2.7787,9.0,0.0,0.0,BENIGN_WEB
30.0116,584.0,88.0,496.0,712070.77,70004.0,642066.77,23726.55,19.46,-0.8034,1219.3,249.34,845.28,1500.0,1086.83,1162.69,0.3638,18.89,11.58,3.78,41.56,0.6132,0.1656,3.4994,2.5783,14.0,0.0,0.0,BENIGN_STREAMING
140.7696,286.0,59.0,227.0,377508.54,23706.56,353801.98,2681.75,2.03,-0.8744,1319.96,294.11,878.8,1500.0,1407.8,1208.45,0.5281,13.7,8.08,2.74,30.13,0.5901,0.1377,3.0377,2.8557,16.0,0.0,0.0,BENIGN_STREAMING
12.4521,57.0,17.0,40.0,41997.06,10786.27,31210.78,3372.69,4.58,-0.4863,736.79,544.3,40.0,1500.0,745.48,813.59,0.2166,218.46,259.37,43.69,480.61,1.1873,0.0727,4.811,2.7152,18.0,0.0,0.0,BENIGN_WEB
41.7347,757.0,100.0,657.0,1059781.08,65733.57,994047.51,25393.26,18.14,-0.8759,1399.98,291.87,962.17,1500.0,1493.81,1297.93,0.3348,8.99,5.05,1.8,19.78,0.5618,0.1631,3.59,2.3377,11.0,0.0,0.0,BENIGN_STREAMING
31.504,38.0,13.0,25.0,36041.77,6051.01,29990.76,1144.04,1.21,-0.6642,948.47,528.77,155.31,1500.0,1020.07,992.1,0.2874,829.05,1086.94,165.81,1823.92,1.3111,0.0829,4.6398,2.7077,19.0,0.0,0.0,BENIGN_WEB
80.5269,1928.0,299.0,1629.0,2347939.93,245105.43,2102834.51,29157.23,23.94,-0.7912,1217.81,261.81,825.1,1500.0,1238.34,1259.18,0.3568,7.09,3.22,1.42,15.6,0.4545,0.152,3.3183,2.9542,11.0,0.0,0.0,BENIGN_STREAMING
78.1821,311.0,159.0,152.0,181655.02,109966.83,71688.19,2323.49,3.98,0.2107,584.1,236.99,228.61,1010.68,537.79,626.32,0.5644,156.17,85.5,31.23,343.57,0.5475,0.3546,5.6993,0.5192,11.0,1.0,1.0,TOR_PROXY_TUNNEL
80.5852,352.0,180.0,172.0,229668.62,91428.91,138239.71,2850.01,4.37,-0.2038,652.47,195.8,358.77,1004.91,678.85,563.33,0.6144,109.2,62.27,21.84,240.24,0.5702,0.2676,4.9734,0.9563,5.0,0.0,0.0,TOR_PROXY_TUNNEL
23.2088,47.0,19.0,28.0,38043.57,9693.97,28349.6,1639.19,2.03,-0.4904,809.44,383.25,234.57,1499.28,702.84,865.1,0.2089,493.8,473.6,98.76,1086.37,0.9591,0.0549,4.2276,2.7029,18.0,0.0,0.0,BENIGN_WEB
102.4998,2102.0,379.0,1723.0,2796914.75,121531.91,2675382.84,27287.03,20.51,-0.9131,1330.6,385.96,751.66,1500.0,1306.84,1529.24,0.5085,16.53,9.73,3.31,36.37,0.5888,0.0892,3.2424,2.4432,16.0,0.0,0.0,BENIGN_STREAMING
6.6819,72.0,23.0,49.0,58904.63,16937.24,41967.39,8815.54,10.78,-0.4249,818.12,524.42,40.0,1500.0,886.94,759.23,0.5414,92.8,73.74,18.56,204.17,0.7946,0.0584,5.0643,2.421,10.0,0.0,0.0,BENIGN_WEB
2.3561,20.0,7.0,13.0,13902.08,2098.35,11803.73,5900.44,8.49,-0.6981,695.1,382.94,120.69,1384.39,607.11,628.64,0.276,117.81,193.86,23.56,259.17,1.6456,0.0113,5.0474,2.9276,17.0,0.0,0.0,BENIGN_WEB
47.4837,266.0,131.0,135.0,170651.55,81345.96,89305.59,3593.89,5.6,-0.0466,641.55,295.43,198.41,1173.32,664.32,587.31,0.408,133.54,111.36,26.71,293.79,0.8339,0.4542,5.7301,0.1255,8.0,1.0,1.0,TOR_PROXY_TUNNEL
111.0034,460.0,63.0,397.0,601205.12,45650.06,555555.06,5416.1,4.14,-0.8481,1306.97,350.89,780.63,1500.0,1297.32,1497.75,0.2068,9.31,5.8,1.86,20.48,0.6229,0.1109,3.1694,2.5199,10.0,0.0,0.0,BENIGN_STREAMING
40.0926,888.0,151.0,737.0,1234392.57,52715.67,1181676.89,30788.53,22.15,-0.9146,1390.08,292.58,951.22,1500.0,1539.23,1393.43,0.5765,18.81,10.26,3.76,41.38,0.5453,0.1035,3.5193,2.6286,11.0,0.0,0.0,BENIGN_STREAMING
136.323,1355.0,166.0,1189.0,1698731.4,64501.56,1634229.85,12461.07,9.94,-0.9241,1253.68,292.8,814.47,1500.0,1097.82,1142.33,0.3933,14.94,5.68,2.99,32.88,0.3803,0.0913,3.8001,2.4402,19.0,0.0,0.0,BENIGN_STREAMING
143.3196,955.0,156.0,799.0,1277983.85,38226.22,1239757.63,8917.02,6.66,-0.9402,1338.2,254.54,956.39,1500.0,1324.08,1179.46,0.5753,26.91,17.87,5.38,59.21,0.6642,0.0614,3.3519,2.9166,16.0,0.0,0.0,BENIGN_STREAMING
21.8818,35.0,12.0,23.0,23247.57,3870.86,19376.71,1062.42,1.6,-0.667,664.22,349.12,140.54,1292.63,712.44,574.13,0.4205,625.19,801.81,125.04,1375.43,1.2825,0.077,4.3361,2.7089,8.0,0.0,0.0,BENIGN_WEB
79.51,1303.0,183.0,1120.0,1806346.77,178072.31,1628274.46,22718.48,16.39,-0.8028,1386.3,341.68,873.78,1500.0,1508.9,1571.17,0.2552,11.52,4.16,2.3,25.34,0.361,0.14,3.2344,2.2438,23.0,0.0,0.0,BENIGN_STREAMING
58.5969,339.0,175.0,164.0,228922.74,123423.42,105499.31,3906.74,5.79,0.0783,675.29,306.08,216.17,1226.23,696.55,687.07,0.5289,100.52,81.92,20.1,221.14,0.815,0.2992,5.0889,0.7723,3.0,1.0,0.0,TOR_PROXY_TUNNEL
75.7426,1229.0,264.0,965.0,1555171.45,88732.25,1466439.2,20532.33,16.23,-0.8859,1265.4,251.3,888.45,1500.0,1370.81,1406.93,0.3831,14.49,10.32,2.9,31.88,0.7119,0.1314,3.481,2.2314,16.0,0.0,0.0,BENIGN_STREAMING
14.9014,43.0,12.0,31.0,41290.08,6924.8,34365.28,2770.88,2.89,-0.6646,960.23,420.27,329.82,1500.0,927.18,930.47,0.4277,346.55,528.44,69.31,762.4,1.5249,0.1172,4.9714,2.762,18.0,0.0,0.0,BENIGN_WEB
23.8416,162.0,79.0,83.0,113297.2,59317.18,53980.02,4752.08,6.79,0.0471,699.37,286.7,269.31,1215.43,719.44,802.95,0.1837,264.11,142.47,52.82,581.05,0.5394,0.2381,5.7655,1.3425,4.0,1.0,0.0,TOR_PROXY_TUNNEL
137.8855,1776.0,235.0,1541.0,2104999.3,205018.99,1899980.31,15266.28,12.88,-0.8052,1185.25,244.73,818.15,1500.0,1232.38,1226.29,0.4829,20.45,15.78,4.09,44.98,0.7716,0.1355,3.1968,2.3502,17.0,0.0,0.0,BENIGN_STREAMING
29.0468,164.0,87.0,77.0,105315.81,43922.01,61393.8,3625.72,5.65,-0.1659,642.17,214.48,320.46,1028.23,665.09,648.84,0.4781,277.33,206.09,55.47,610.13,0.7431,0.3049,5.9983,1.1114,8.0,1.0,1.0,TOR_PROXY_TUNNEL
69.0217,54.0,28.0,26.0,41141.12,17246.2,23894.92,596.06,0.78,-0.1616,761.87,164.65,514.9,1058.23,796.12,841.82,0.3921,139.25,63.09,27.85,306.36,0.4531,0.4344,5.5435,0.839,3.0,1.0,0.0,TOR_PROXY_TUNNEL
64.4204,61.0,32.0,29.0,41768.54,18490.98,23277.57,648.37,0.95,-0.1146,684.73,187.5,403.47,1022.24,627.15,585.69,0.5929,122.99,55.79,24.6,270.57,0.4536,0.266,5.4152,0.6717,10.0,1.0,1.0,TOR_PROXY_TUNNEL
88.0769,1338.0,239.0,1099.0,1653141.35,166417.02,1486724.33,18769.3,15.19,-0.7987,1235.53,410.7,619.48,1500.0,1380.03,1089.44,0.4112,9.54,7.16,1.91,20.98,0.7508,0.0507,2.9544,2.3429,15.0,0.0,0.0,BENIGN_STREAMING
26.6618,47.0,13.0,34.0,39451.41,8549.36,30902.05,1479.7,1.76,-0.5666,839.39,549.49,40.0,1500.0,845.12,779.82,0.3682,567.27,654.6,113.45,1248.0,1.154,0.0869,4.9786,2.7726,13.0,0.0,0.0,BENIGN_WEB
82.5063,309.0,154.0,155.0,220622.49,125863.56,94758.93,2674.01,3.75,0.141,713.99,243.81,348.28,1152.84,740.87,791.85,0.5206,184.92,135.52,36.98,406.83,0.7328,0.464,5.436,0.3798,6.0,0.0,0.0,TOR_PROXY_TUNNEL
83.9522,1507.0,197.0,1310.0,2167376.15,149986.41,2017389.74,25816.79,17.95,-0.8616,1438.21,389.47,854.0,1500.0,1600.28,1542.21,0.28,18.64,11.43,3.73,41.01,0.6131,0.1478,3.2461,2.5116,16.0,0.0,0.0,BENIGN_STREAMING
10.4529,55.0,18.0,37.0,45641.76,8009.56,37632.2,4366.4,5.26,-0.649,829.85,399.7,230.3,1500.0,740.12,797.29,0.2918,190.05,166.1,38.01,418.12,0.874,0.1336,4.0809,2.1835,17.0,0.0,0.0,BENIGN_WEB
70.4718,223.0,113.0,110.0,173292.67,69225.4,104067.27,2459.04,3.16,-0.2011,777.1,245.21,409.29,1218.47,884.47,821.12,0.5884,136.61,95.57,27.32,300.55,0.6995,0.4741,5.5453,1.3152,3.0,1.0,1.0,TOR_PROXY_TUNNEL
2.7727,79.0,31.0,48.0,49115.14,9693.6,39421.54,17713.66,28.49,-0.6053,621.71,515.87,40.0,1500.0,701.14,631.42,0.3798,35.1,59.52,7.02,77.22,1.6958,0.1239,4.9847,2.6352,13.0,0.0,0.0,BENIGN_WEB
22.5787,1033.0,186.0,847.0,1404208.57,80830.17,1323378.4,62191.85,45.75,-0.8849,1359.35,296.44,914.68,1500.0,1236.49,1181.03,0.4117,22.42,10.34,4.48,49.33,0.4613,0.1228,3.5098,2.4163,14.0,0.0,0.0,BENIGN_STREAMING
12.9828,28.0,8.0,20.0,29714.53,8545.89,21168.65,2288.75,2.16,-0.4248,1061.23,378.46,493.54,1500.0,1196.04,931.87,0.4177,463.67,492.13,92.73,1020.08,1.0614,0.0936,4.9081,2.5158,20.0,0.0,0.0,BENIGN_WEB
30.6622,83.0,26.0,57.0,88609.57,13397.87,75211.71,2889.87,2.71,-0.6976,1067.59,481.79,344.9,1500.0,1154.08,993.91,0.2611,369.42,634.55,73.88,812.73,1.7177,0.1321,4.8364,3.0366,19.0,0.0,0.0,BENIGN_WEB
60.8891,776.0,123.0,653.0,976187.15,99527.53,876659.63,16032.2,12.74,-0.7961,1257.97,367.15,707.25,1500.0,1392.39,1443.6,0.4002,7.97,4.81,1.59,17.53,0.6038,0.0652,2.9053,2.3577,22.0,0.0,0.0,BENIGN_STREAMING
137.7853,1808.0,388.0,1420.0,2525214.49,195051.47,2330163.02,18327.17,13.12,-0.8455,1396.69,317.93,919.79,1500.0,1448.27,1548.51,0.4494,16.57,10.82,3.31,36.45,0.6531,0.1383,3.0731,2.4848,19.0,0.0,0.0,BENIGN_STREAMING
81.2876,298.0,146.0,152.0,178718.29,88868.37,89849.92,2198.59,3.67,-0.0055,599.73,275.42,186.6,1095.48,593.68,574.49,0.3731,245.35,150.04,49.07,539.77,0.6116,0.3524,5.1163,0.0848,11.0,1.0,0.0,TOR_PROXY_TUNNEL
19.3413,50.0,17.0,33.0,45044.45,6605.63,38438.82,2328.92,2.59,-0.7067,900.89,482.88,176.57,1500.0,961.06,874.85,0.4663,386.83,529.26,77.37,851.02,1.3682,0.0944,4.4308,2.5578,16.0,0.0,0.0,BENIGN_WEB
34.7134,248.0,125.0,123.0,135055.97,67437.16,67618.8,3890.6,7.14,-0.0013,544.58,191.88,256.76,889.96,587.61,570.59,0.4025,250.01,116.77,50.0,550.03,0.467,0.4198,5.5153,0.5693,1.0,0.0,0.0,TOR_PROXY_TUNNEL
111.6571,1564.0,336.0,1228.0,1894054.66,140132.21,1753922.45,16963.14,14.01,-0.852,1211.03,323.63,725.58,1500.0,1042.5,1189.02,0.5941,15.08,6.22,3.02,33.18,0.4122,0.1479,3.2851,2.9479,17.0,0.0,0.0,BENIGN_STREAMING
32.9731,2198.0,416.0,1782.0,2891763.07,209260.06,2682503.01,87700.68,66.66,-0.8553,1315.63,307.49,854.4,1500.0,1336.65,1450.23,0.281,13.53,10.14,2.71,29.77,0.7493,0.0541,3.3754,2.23,13.0,0.0,0.0,BENIGN_STREAMING
17.2021,25.0,9.0,16.0,19643.53,2595.26,17048.27,1141.93,1.45,-0.7358,785.74,351.87,257.93,1419.11,773.32,881.67,0.5915,688.08,793.77,137.62,1513.79,1.1536,0.0941,3.8775,2.7825,11.0,0.0,0.0,BENIGN_WEB
32.1559,281.0,148.0,133.0,211512.73,100560.25,110952.48,6577.73,8.74,-0.0491,752.71,268.1,350.57,1235.29,780.6,702.54,0.5059,267.92,170.85,53.58,589.42,0.6377,0.3177,4.7616,0.0458,11.0,1.0,0.0,TOR_PROXY_TUNNEL
158.0801,1044.0,153.0,891.0,1250983.6,43933.95,1207049.64,7913.61,6.6,-0.9298,1198.26,394.03,607.21,1500.0,1311.3,1060.61,0.4232,8.74,6.74,1.75,19.23,0.771,0.0547,3.6749,2.9346,19.0,0.0,0.0,BENIGN_STREAMING
110.5873,771.0,138.0,633.0,995787.34,39071.92,956715.42,9004.54,6.97,-0.9215,1291.55,386.16,712.31,1500.0,1352.64,1360.39,0.5875,23.03,9.36,4.61,50.68,0.4065,0.1104,3.7128,2.2805,13.0,0.0,0.0,BENIGN_STREAMING
46.0412,310.0,166.0,144.0,197757.5,114752.12,83005.38,4295.22,6.73,0.1605,637.93,269.66,233.43,1123.32,684.71,548.9,0.3751,164.75,105.71,32.95,362.45,0.6417,0.4726,5.6065,0.6388,0.0,1.0,1.0,TOR_PROXY_TUNNEL
9.1869,25.0,8.0,17.0,21499.02,2868.37,18630.65,2340.19,2.72,-0.7332,859.96,526.78,69.8,1500.0,910.08,747.78,0.595,367.47,421.69,73.49,808.44,1.1475,0.0883,4.6654,2.9048,14.0,0.0,0.0,BENIGN_WEB
79.275,1779.0,299.0,1480.0,2320559.43,116581.02,2203978.41,29272.26,22.44,-0.8995,1304.42,400.36,703.88,1500.0,1364.51,1110.15,0.4022,12.76,8.36,2.55,28.06,0.6553,0.058,3.4467,2.9489,21.0,0.0,0.0,BENIGN_STREAMING
15.8239,30.0,10.0,20.0,24203.06,3247.53,20955.52,1529.52,1.9,-0.7316,806.77,426.75,166.64,1500.0,778.68,731.25,0.4274,527.46,498.73,105.49,1160.42,0.9455,0.0147,3.6652,2.454,9.0,0.0,0.0,BENIGN_WEB
147.3077,1933.0,389.0,1544.0,2582001.57,232283.0,2349718.57,17527.95,13.12,-0.8201,1335.75,313.96,864.81,1500.0,1419.63,1379.15,0.4742,23.12,12.16,4.62,50.87,0.5258,0.102,3.5706,2.6219,13.0,0.0,0.0,BENIGN_STREAMING
59.6865,116.0,58.0,58.0,87701.07,39427.99,48273.09,1469.36,1.94,-0.1009,756.04,256.55,371.22,1217.83,804.78,669.58,0.2414,39.68,32.21,7.94,87.3,0.8117,0.346,5.7669,0.0412,4.0,1.0,1.0,TOR_PROXY_TUNNEL
57.547,1713.0,309.0,1404.0,2443639.94,169560.91,2274079.02,42463.35,29.77,-0.8612,1426.53,392.64,837.57,1500.0,1233.12,1366.7,0.5757,12.26,9.14,2.45,26.98,0.7453,0.1516,3.7857,2.8249,20.0,0.0,0.0,BENIGN_STREAMING
85.0746,1869.0,400.0,1469.0,2258674.53,57626.08,2201048.45,26549.35,21.97,-0.949,1208.49,404.65,601.52,1500.0,1320.79,1354.29,0.2124,18.39,12.99,3.68,40.46,0.7065,0.1296,3.7132,2.3004,23.0,0.0,0.0,BENIGN_STREAMING
16.4426,44.0,12.0,32.0,36157.07,4097.74,32059.33,2198.98,2.68,-0.7733,821.75,574.37,40.0,1500.0,874.33,851.15,0.5349,373.7,277.76,74.74,822.13,0.7433,0.1246,4.911,2.857,12.0,0.0,0.0,BENIGN_WEB
12.7963,15.0,5.0,10.0,12294.04,2856.1,9437.93,960.75,1.17,-0.5354,819.6,422.73,185.5,1500.0,937.73,869.91,0.4403,853.09,1101.32,170.62,1876.79,1.291,0.1206,3.8158,2.1733,19.0,0.0,0.0,BENIGN_WEB
62.1141,109.0,54.0,55.0,75603.35,39629.88,35973.47,1217.17,1.75,0.0484,693.61,288.67,260.61,1213.21,741.95,719.13,0.2685,201.11,131.26,40.22,442.44,0.6527,0.2908,4.779,0.553,4.0,1.0,0.0,TOR_PROXY_TUNNEL
83.2533,1391.0,193.0,1198.0,1973117.51,122901.34,1850216.17,23700.17,16.71,-0.8754,1418.49,253.41,1038.37,1500.0,1525.81,1504.51,0.2027,22.37,17.38,4.47,49.21,0.7768,0.0634,3.2664,2.3968,15.0,0.0,0.0,BENIGN_STREAMING
44.2437,97.0,46.0,51.0,65082.15,31313.7,33768.45,1470.99,2.19,-0.0377,670.95,285.89,242.11,1185.56,593.65,635.41,0.4397,264.08,189.51,52.82,580.97,0.7176,0.4771,5.0155,0.2699,1.0,0.0,1.0,TOR_PROXY_TUNNEL
76.7881,1826.0,278.0,1548.0,2413475.4,248090.69,2165384.7,31430.35,23.78,-0.7944,1321.73,280.85,900.45,1500.0,1311.45,1476.44,0.5263,25.48,11.01,5.1,56.06,0.4321,0.1781,3.1161,2.3313,23.0,0.0,0.0,BENIGN_STREAMING
114.2956,1237.0,179.0,1058.0,1525849.36,108592.49,1417256.87,13350.03,10.82,-0.8577,1233.51,363.74,687.9,1500.0,1183.57,1230.61,0.5287,20.59,13.37,4.12,45.31,0.6492,0.0527,3.2951,2.2064,20.0,0.0,0.0,BENIGN_STREAMING
50.975,479.0,101.0,378.0,631978.97,60044.0,571934.97,12397.82,9.4,-0.81,1319.37,266.04,920.31,1500.0,1417.43,1289.43,0.5622,21.99,12.02,4.4,48.38,0.5467,0.0834,3.8106,2.6013,14.0,0.0,0.0,BENIGN_STREAMING
3.0124,18.0,6.0,12.0,12352.44,2211.26,10141.18,4100.49,5.98,-0.642,686.25,559.74,40.0,1500.0,685.11,622.81,0.6091,167.36,249.79,33.47,368.19,1.4925,0.1113,4.0268,2.2069,13.0,0.0,0.0,BENIGN_WEB
30.8891,32.0,9.0,23.0,21246.47,3940.43,17306.04,687.83,1.04,-0.6291,663.95,544.96,40.0,1500.0,642.14,688.77,0.1884,965.28,827.27,193.06,2123.63,0.857,0.0145,5.0341,2.4298,17.0,0.0,0.0,BENIGN_WEB
77.5938,218.0,114.0,104.0,139920.61,59912.67,80007.94,1803.24,2.81,-0.1436,641.84,196.96,346.4,996.36,636.33,568.63,0.5391,255.47,182.37,51.09,562.03,0.7139,0.3957,6.0876,0.792,8.0,1.0,1.0,TOR_PROXY_TUNNEL
94.47,1698.0,302.0,1396.0,2267113.31,67215.66,2199897.65,23998.23,17.97,-0.9407,1335.17,253.98,954.2,1500.0,1379.96,1468.88,0.3203,8.33,5.45,1.67,18.33,0.6542,0.1261,3.8176,2.783,10.0,0.0,0.0,BENIGN_STREAMING
127.9831,868.0,125.0,743.0,1047287.44,99489.15,947798.3,8183.01,6.78,-0.81,1206.55,364.19,660.27,1500.0,1341.11,1192.54,0.2633,11.33,6.43,2.27,24.93,0.5678,0.0862,3.4597,2.5562,23.0,0.0,0.0,BENIGN_STREAMING
37.6215,2111.0,353.0,1758.0,2629870.92,275374.42,2354496.5,69903.41,56.11,-0.7906,1245.79,378.59,677.9,1500.0,1381.52,1140.85,0.2893,17.5,13.5,3.5,38.51,0.7711,0.1476,3.344,2.8393,14.0,0.0,0.0,BENIGN_STREAMING
20.527,43.0,17.0,26.0,40914.64,7591.44,33323.2,1993.21,2.09,-0.6289,951.5,498.51,203.74,1500.0,928.19,963.58,0.3198,477.37,717.65,95.47,1050.22,1.5033,0.0804,4.6061,2.8742,18.0,0.0,0.0,BENIGN_WEB
17.0644,293.0,151.0,142.0,188235.44,80308.09,107927.35,11030.89,17.17,-0.1467,642.44,233.41,292.33,1062.58,553.02,710.21,0.1861,247.58,135.44,49.52,544.68,0.547,0.261,5.292,0.0656,6.0,1.0,0.0,TOR_PROXY_TUNNEL
3.9364,58.0,19.0,39.0,60941.13,17132.16,43808.96,15481.52,14.73,-0.4377,1050.71,573.51,190.45,1500.0,1159.87,1187.92,0.4723,67.87,116.33,13.57,149.31,1.714,0.0898,5.0775,2.3052,12.0,0.0,0.0,BENIGN_WEB
72.9128,133.0,66.0,67.0,77674.23,41559.77,36114.46,1065.3,1.82,0.0701,584.02,283.73,158.42,1094.73,587.44,537.87,0.2817,265.06,138.0,53.01,583.13,0.5206,0.4284,5.5584,1.2096,7.0,1.0,0.0,TOR_PROXY_TUNNEL
29.0721,84.0,25.0,59.0,68495.06,14456.89,54038.17,2356.04,2.89,-0.5779,815.42,486.79,85.24,1500.0,794.22,745.96,0.5116,346.1,553.73,69.22,761.41,1.5999,0.0754,4.9978,2.9405,12.0,0.0,0.0,BENIGN_WEB
1.9465,54.0,21.0,33.0,56548.23,13507.37,43040.86,29051.95,27.74,-0.5223,1047.19,445.65,378.71,1500.0,1104.04,1061.3,0.3488,36.05,38.78,7.21,79.3,1.0759,0.0323,3.8176,2.7098,15.0,0.0,0.0,BENIGN_WEB
74.2369,71.0,35.0,36.0,48576.98,26836.36,21740.62,654.35,0.96,0.1049,684.18,267.5,282.93,1165.69,680.36,625.9,0.5088,224.97,146.33,44.99,494.92,0.6504,0.304,5.1643,0.7375,8.0,1.0,0.0,TOR_PROXY_TUNNEL
29.574,27.0,10.0,17.0,25043.19,4516.33,20526.85,846.8,0.91,-0.6393,927.53,338.78,419.36,1500.0,793.47,912.46,0.2191,1095.33,1766.51,219.07,2409.73,1.6128,0.0156,4.584,2.6091,15.0,0.0,0.0,BENIGN_WEB
3.341,75.0,28.0,47.0,56682.68,6483.08,50199.6,16966.03,22.45,-0.7713,755.77,420.8,124.57,1500.0,852.36,748.83,0.4703,44.55,36.66,8.91,98.0,0.8229,0.1103,4.6931,2.7951,17.0,0.0,0.0,BENIGN_WEB
31.1651,46.0,15.0,31.0,38512.05,6270.17,32241.88,1235.74,1.48,-0.6744,837.22,475.1,124.57,1500.0,855.3,953.44,0.5461,677.5,871.32,135.5,1490.5,1.2861,0.0965,3.743,2.7201,8.0,0.0,0.0,BENIGN_WEB
12.6671,157.0,84.0,73.0,102908.35,59742.45,43165.9,8124.09,12.39,0.1611,655.47,257.62,269.03,1119.19,604.06,577.34,0.2103,38.05,17.25,7.61,83.72,0.4533,0.2764,5.0052,0.333,11.0,1.0,0.0,TOR_PROXY_TUNNEL
158.3951,457.0,87.0,370.0,655067.01,18811.68,636255.34,4135.65,2.89,-0.9426,1433.41,301.18,981.63,1500.0,1298.89,1646.39,0.3027,22.7,13.3,4.54,49.95,0.5859,0.0907,3.2114,2.7158,10.0,0.0,0.0,BENIGN_STREAMING
31.2614,78.0,26.0,52.0,55842.69,8786.92,47055.77,1786.31,2.5,-0.6853,715.93,456.09,40.0,1500.0,676.71,801.62,0.5429,400.79,382.34,80.16,881.73,0.954,0.0996,4.2159,2.9339,18.0,0.0,0.0,BENIGN_WEB
89.6935,986.0,188.0,798.0,1185614.66,72813.91,1112800.75,13218.52,10.99,-0.8772,1202.45,372.32,643.97,1500.0,1342.86,1102.52,0.2547,14.57,5.22,2.91,32.05,0.3584,0.1716,3.5979,2.4616,23.0,0.0,0.0,BENIGN_STREAMING
24.5382,19.0,7.0,12.0,17862.64,3253.97,14608.67,727.95,0.77,-0.6357,940.14,446.77,269.98,1500.0,973.69,958.5,0.2818,1291.48,1569.51,258.3,2841.26,1.2153,0.0521,3.9917,2.3624,15.0,0.0,0.0,BENIGN_WEB
151.4364,808.0,119.0,689.0,1097218.23,109596.2,987622.03,7245.41,5.34,-0.8002,1357.94,355.35,824.91,1500.0,1505.23,1375.38,0.3673,24.53,19.05,4.91,53.97,0.7766,0.1657,3.8508,2.6489,22.0,0.0,0.0,BENIGN_STREAMING
21.0891,68.0,19.0,49.0,46831.92,6054.37,40777.55,2220.67,3.22,-0.7414,688.7,516.7,40.0,1500.0,655.25,698.11,0.5105,310.13,282.01,62.03,682.3,0.9093,0.0257,3.8596,2.4119,10.0,0.0,0.0,BENIGN_WEB
48.0985,347.0,173.0,174.0,195877.8,82886.84,112990.97,4072.43,7.21,-0.1537,564.49,272.83,155.25,1055.58,531.24,631.91,0.4628,102.81,62.04,20.56,226.18,0.6034,0.3184,5.8168,0.5656,0.0,1.0,0.0,TOR_PROXY_TUNNEL
55.6808,1582.0,241.0,1341.0,2076512.27,51982.85,2024529.41,37293.14,28.41,-0.9499,1312.59,274.87,900.28,1500.0,1474.88,1203.45,0.2842,9.94,5.76,1.99,21.86,0.5801,0.1323,3.2507,2.3675,14.0,0.0,0.0,BENIGN_STREAMING
17.6042,34.0,11.0,23.0,35216.78,5379.7,29837.09,2000.47,1.93,-0.6945,1035.79,469.11,332.12,1500.0,907.39,1043.83,0.4255,517.77,723.91,103.55,1139.1,1.3981,0.1101,3.7518,2.8123,11.0,0.0,0.0,BENIGN_WEB
25.1576,63.0,23.0,40.0,49433.59,6815.63,42617.96,1964.96,2.5,-0.7243,784.66,387.2,203.87,1481.61,699.97,716.15,0.5181,399.33,284.12,79.87,878.52,0.7115,0.0932,3.8339,3.0868,16.0,0.0,0.0,BENIGN_WEB
23.9771,350.0,168.0,182.0,213449.87,129398.13,84051.74,8902.25,14.6,0.2124,609.86,227.53,268.56,1019.41,552.57,542.78,0.3382,170.72,122.32,34.14,375.59,0.7165,0.3389,5.5766,1.7617,1.0,1.0,0.0,TOR_PROXY_TUNNEL
9.0336,30.0,10.0,20.0,29169.02,5137.89,24031.13,3228.96,3.32,-0.6477,972.3,356.56,437.45,1500.0,880.82,1016.29,0.518,301.12,414.83,60.22,662.46,1.3776,0.0617,3.6189,2.438,13.0,0.0,0.0,BENIGN_WEB
3.1969,68.0,21.0,47.0,73352.78,14243.26,59109.52,22944.61,21.27,-0.6117,1078.72,468.44,376.05,1500.0,927.03,1132.57,0.2673,47.01,37.94,9.4,103.43,0.8071,0.0569,4.5327,3.0631,13.0,0.0,0.0,BENIGN_WEB
19.8206,35.0,12.0,23.0,31819.84,6968.32,24851.52,1605.39,1.77,-0.562,909.14,400.93,307.74,1500.0,801.37,895.8,0.518,566.3,889.91,113.26,1245.87,1.5714,0.0125,4.6999,2.3332,19.0,0.0,0.0,BENIGN_WEB
157.3735,574.0,116.0,458.0,752575.44,21107.63,731467.81,4782.1,3.65,-0.9439,1311.11,378.39,743.53,1500.0,1340.15,1148.02,0.2773,24.98,13.13,5.0,54.96,0.5257,0.0513,3.3727,2.7562,12.0,0.0,0.0,BENIGN_STREAMING
23.3982,67.0,19.0,48.0,56197.28,10753.73,45443.55,2401.78,2.86,-0.6173,838.77,451.19,161.98,1500.0,907.29,819.71,0.3488,349.23,252.25,69.85,768.3,0.7223,0.0894,4.4734,2.3075,9.0,0.0,0.0,BENIGN_WEB
30.8738,36.0,11.0,25.0,36999.88,9652.99,27346.89,1198.42,1.17,-0.4782,1027.77,437.66,371.29,1500.0,989.7,1151.45,0.4644,857.61,1215.24,171.52,1886.73,1.417,0.0224,3.8529,2.388,10.0,0.0,0.0,BENIGN_WEB
104.5878,1370.0,296.0,1074.0,1860565.57,138983.15,1721582.42,17789.51,13.1,-0.8506,1358.08,341.79,845.39,1500.0,1229.02,1391.76,0.2531,8.77,6.19,1.75,19.28,0.7058,0.0816,3.1169,2.5904,11.0,0.0,0.0,BENIGN_STREAMING
114.0084,2030.0,434.0,1596.0,2648187.28,102708.5,2545478.78,23228.0,17.81,-0.9224,1304.53,312.54,835.71,1500.0,1271.22,1143.8,0.5894,19.94,12.13,3.99,43.88,0.608,0.0938,3.0177,2.7648,21.0,0.0,0.0,BENIGN_STREAMING
57.6804,699.0,90.0,609.0,978949.74,73286.49,905663.25,16971.96,12.12,-0.8503,1400.5,291.66,963.01,1500.0,1561.81,1449.98,0.309,13.98,10.56,2.8,30.77,0.7552,0.0581,3.1822,2.5513,21.0,0.0,0.0,BENIGN_STREAMING
33.2033,87.0,46.0,41.0,56598.82,28382.59,28216.22,1704.61,2.62,0.0029,650.56,192.44,361.9,996.96,740.65,742.76,0.2955,276.54,117.11,55.31,608.38,0.4235,0.2519,5.0106,0.8815,2.0,0.0,0.0,TOR_PROXY_TUNNEL
146.5532,1110.0,194.0,916.0,1520341.81,113044.66,1407297.14,10373.99,7.57,-0.8513,1369.68,378.62,801.75,1500.0,1266.8,1451.47,0.4205,8.82,3.83,1.76,19.4,0.4345,0.074,2.9416,2.4227,17.0,0.0,0.0,BENIGN_STREAMING
24.5591,25.0,7.0,18.0,15781.83,2035.48,13746.35,642.61,1.02,-0.742,631.27,321.29,149.34,1209.6,688.11,691.3,0.194,982.36,953.07,196.47,2161.2,0.9702,0.0561,4.2333,2.7551,21.0,0.0,0.0,BENIGN_WEB
47.8945,94.0,46.0,48.0,51907.66,30785.51,21122.15,1083.79,1.96,0.1862,552.21,275.91,138.35,1048.84,611.32,502.49,0.5731,43.28,29.19,8.66,95.23,0.6743,0.2208,5.2795,1.6981,9.0,1.0,0.0,TOR_PROXY_TUNNEL
20.2096,45.0,17.0,28.0,36972.49,9493.32,27479.17,1829.45,2.23,-0.4865,821.61,498.5,73.87,1500.0,928.89,821.95,0.4562,449.1,389.95,89.82,988.03,0.8683,0.0278,4.6398,3.0662,10.0,0.0,0.0,BENIGN_WEB
132.2415,2005.0,359.0,1646.0,2684017.64,73647.21,2610370.43,20296.33,15.16,-0.9451,1338.66,391.08,752.04,1500.0,1170.83,1343.01,0.1886,18.06,8.66,3.61,39.74,0.4796,0.1018,3.7594,2.2379,23.0,0.0,0.0,BENIGN_STREAMING
60.863,348.0,50.0,298.0,460935.94,26374.73,434561.21,7573.34,5.72,-0.8856,1324.53,313.36,854.48,1500.0,1446.72,1451.97,0.2033,6.42,2.41,1.28,14.12,0.3763,0.0751,3.8028,2.2313,15.0,0.0,0.0,BENIGN_STREAMING
31.1653,376.0,198.0,178.0,214542.91,116106.43,98436.48,6884.04,12.06,0.0824,570.59,224.81,233.37,975.26,620.88,618.53,0.4991,162.14,117.57,32.43,356.71,0.7251,0.3359,5.6557,1.1583,4.0,1.0,1.0,TOR_PROXY_TUNNEL
32.7297,92.0,49.0,43.0,71443.7,30674.21,40769.48,2182.84,2.81,-0.1413,776.56,300.45,325.88,1317.38,824.0,862.39,0.4086,148.22,113.94,29.64,326.09,0.7687,0.3174,5.7412,0.0648,3.0,0.0,0.0,TOR_PROXY_TUNNEL
23.3925,55.0,18.0,37.0,57336.39,12985.34,44351.05,2451.06,2.35,-0.547,1042.48,555.07,209.87,1500.0,1041.96,1156.15,0.4457,425.32,591.23,85.06,935.7,1.3901,0.099,4.8625,2.4832,20.0,0.0,0.0,BENIGN_WEB
31.3306,107.0,55.0,52.0,75216.16,38623.89,36592.28,2400.73,3.42,0.027,702.95,314.54,231.15,1269.12,713.64,756.64,0.6042,114.11,95.18,22.82,251.05,0.8341,0.3899,5.1681,0.6003,7.0,0.0,0.0,TOR_PROXY_TUNNEL
24.3361,283.0,151.0,132.0,206656.55,81126.34,125530.21,8491.76,11.63,-0.2149,730.24,261.97,337.28,1201.78,837.52,656.18,0.3961,48.93,31.6,9.79,107.64,0.6459,0.253,4.6376,0.0225,11.0,1.0,1.0,TOR_PROXY_TUNNEL
153.5404,1935.0,362.0,1573.0,2667629.44,91620.45,2576008.99,17374.12,12.6,-0.9313,1378.62,353.98,847.65,1500.0,1248.72,1448.71,0.1985,21.62,15.38,4.32,47.57,0.711,0.0832,3.3812,2.7635,23.0,0.0,0.0,BENIGN_STREAMING
76.5786,1747.0,286.0,1461.0,2298504.84,161898.15,2136606.69,30014.97,22.81,-0.8591,1315.69,414.09,694.56,1500.0,1327.57,1242.0,0.281,14.48,5.88,2.9,31.85,0.4062,0.1404,3.0754,2.5021,18.0,0.0,0.0,BENIGN_STREAMING
152.2185,2011.0,279.0,1732.0,2844155.96,138291.05,2705864.9,18684.69,13.21,-0.9028,1414.3,264.78,1017.13,1500.0,1206.94,1236.76,0.4895,16.97,10.17,3.39,37.33,0.5995,0.1511,2.9149,2.4727,16.0,0.0,0.0,BENIGN_STREAMING
26.5726,1120.0,178.0,942.0,1510267.43,145125.8,1365141.63,56835.44,42.15,-0.8078,1348.45,358.15,811.23,1500.0,1432.82,1213.21,0.4768,25.5,16.45,5.1,56.09,0.645,0.1362,3.1146,2.2253,17.0,0.0,0.0,BENIGN_STREAMING
148.6102,317.0,67.0,250.0,446706.02,15006.91,431699.11,3005.89,2.13,-0.9328,1409.17,349.37,885.12,1500.0,1473.26,1536.01,0.5837,24.22,17.18,4.84,53.28,0.7092,0.1694,3.7871,2.9232,14.0,0.0,0.0,BENIGN_STREAMING
22.8463,20.0,5.0,15.0,20680.06,2749.22,17930.83,905.18,0.88,-0.7341,1034.0,326.28,544.59,1500.0,1138.7,956.89,0.5577,1142.32,975.46,228.46,2513.1,0.8539,0.1305,4.0128,2.3141,11.0,0.0,0.0,BENIGN_WEB
61.009,1651.0,313.0,1338.0,2349870.95,180857.3,2169013.65,38516.8,27.06,-0.8461,1423.3,383.37,848.24,1500.0,1379.34,1596.69,0.5989,7.97,4.16,1.59,17.53,0.522,0.1059,2.9122,2.2369,17.0,0.0,0.0,BENIGN_STREAMING
6.6057,28.0,10.0,18.0,28511.44,7055.09,21456.34,4316.2,4.24,-0.5051,1018.27,490.39,282.68,1500.0,877.45,877.37,0.2009,235.92,217.93,47.18,519.02,0.9238,0.1297,4.3749,2.2455,13.0,0.0,0.0,BENIGN_WEB
12.4136,53.0,20.0,33.0,33927.43,4730.26,29197.17,2733.09,4.27,-0.7212,640.14,468.42,40.0,1483.3,725.23,575.97,0.3006,234.22,386.12,46.84,515.28,1.6485,0.1255,4.8461,2.8719,19.0,0.0,0.0,BENIGN_WEB
51.4885,304.0,51.0,253.0,384957.26,34496.6,350460.66,7476.57,5.9,-0.8208,1266.31,240.22,905.97,1500.0,1114.35,1393.21,0.526,26.8,16.92,5.36,58.97,0.6314,0.0973,2.9898,2.5453,18.0,0.0,0.0,BENIGN_STREAMING
18.3947,47.0,15.0,32.0,41658.58,9374.1,32284.48,2264.7,2.56,-0.55,886.35,391.43,299.21,1500.0,831.4,838.03,0.5216,391.38,596.41,78.28,861.03,1.5239,0.1176,3.6169,2.409,20.0,0.0,0.0,BENIGN_WEB
72.0116,45.0,23.0,22.0,27730.18,16789.29,10940.89,385.08,0.62,0.2109,616.23,162.53,372.43,908.78,585.64,627.16,0.4949,236.8,158.53,47.36,520.95,0.6695,0.2562,5.8907,1.3649,7.0,1.0,0.0,TOR_PROXY_TUNNEL
16.4801,56.0,16.0,40.0,35378.91,3991.35,31387.56,2146.77,3.4,-0.7744,631.77,354.36,100.22,1269.62,655.32,555.1,0.3083,294.29,267.51,58.86,647.43,0.909,0.016,3.9397,2.5016,19.0,0.0,0.0,BENIGN_WEB
24.0886,83.0,23.0,60.0,74883.89,14813.26,60070.63,3108.68,3.45,-0.6044,902.22,467.62,200.78,1500.0,933.56,1015.4,0.5703,290.22,221.92,58.04,638.49,0.7646,0.0113,4.8101,2.8029,14.0,0.0,0.0,BENIGN_WEB
19.3151,57.0,22.0,35.0,44136.76,5592.51,38544.24,2285.09,2.95,-0.7466,774.33,358.76,236.19,1420.09,807.46,890.47,0.4955,338.86,448.99,67.77,745.5,1.325,0.0535,3.8287,2.1464,16.0,0.0,0.0,BENIGN_WEB
106.1,1229.0,191.0,1038.0,1596345.34,108448.69,1487896.65,15045.66,11.58,-0.8641,1298.9,296.06,854.81,1500.0,1309.43,1135.01,0.2641,15.86,9.1,3.17,34.9,0.5739,0.0839,2.9099,2.8918,14.0,0.0,0.0,BENIGN_STREAMING
84.3537,648.0,135.0,513.0,848310.62,81654.95,766655.66,10056.59,7.68,-0.8075,1309.12,393.3,719.17,1500.0,1243.01,1156.36,0.4355,21.25,12.86,4.25,46.75,0.6051,0.0676,3.0092,2.3254,10.0,0.0,0.0,BENIGN_STREAMING
38.7796,1378.0,178.0,1200.0,1835560.11,53794.33,1781765.79,47333.14,35.53,-0.9414,1332.05,320.16,851.81,1500.0,1386.58,1192.53,0.2638,12.44,5.43,2.49,27.38,0.4362,0.1437,2.9435,2.6105,17.0,0.0,0.0,BENIGN_STREAMING
21.3994,52.0,14.0,38.0,54465.67,5723.53,48742.14,2545.19,2.43,-0.7898,1047.42,500.33,296.93,1500.0,1055.7,1018.95,0.526,411.53,623.27,82.31,905.36,1.5145,0.0229,4.6565,2.953,11.0,0.0,0.0,BENIGN_WEB
62.0004,1912.0,341.0,1571.0,2295800.83,86857.31,2208943.52,37028.79,30.84,-0.9243,1200.73,271.74,793.13,1500.0,1164.39,1199.22,0.5573,22.69,17.4,4.54,49.92,0.7669,0.1348,3.2138,2.2207,11.0,0.0,0.0,BENIGN_STREAMING
96.2854,361.0,51.0,310.0,493727.25,31747.94,461979.32,5127.75,3.75,-0.8714,1367.67,308.04,905.6,1500.0,1524.35,1388.4,0.5246,23.82,14.35,4.76,52.4,0.6025,0.1787,3.677,2.9386,12.0,0.0,0.0,BENIGN_STREAMING
7.4684,52.0,19.0,33.0,55281.99,5260.89,50021.1,7402.14,6.96,-0.8097,1063.12,388.45,480.44,1500.0,1190.66,1104.69,0.2,143.62,160.74,28.72,315.97,1.1192,0.1231,4.9691,2.5241,16.0,0.0,0.0,BENIGN_WEB
30.9773,77.0,23.0,54.0,66917.88,7417.96,59499.92,2160.22,2.49,-0.7783,869.06,568.26,40.0,1500.0,835.35,953.38,0.4573,402.3,360.46,80.46,885.07,0.896,0.1147,4.3404,3.0563,11.0,0.0,0.0,BENIGN_WEB
29.1685,36.0,10.0,26.0,28063.36,6145.36,21918.0,962.11,1.23,-0.562,779.54,439.27,120.64,1500.0,674.49,864.26,0.3957,810.24,1144.26,162.05,1782.52,1.4123,0.0411,4.8346,2.8112,18.0,0.0,0.0,BENIGN_WEB
56.5054,78.0,38.0,40.0,52480.3,30542.26,21938.04,928.77,1.38,0.164,672.82,274.5,261.07,1166.93,694.11,685.46,0.4077,160.46,102.86,32.09,353.02,0.641,0.4259,4.9796,1.0468,1.0,0.0,0.0,TOR_PROXY_TUNNEL
15.5999,54.0,17.0,37.0,38275.77,9865.41,28410.36,2453.59,3.46,-0.4845,708.81,549.26,40.0,1500.0,772.61,756.96,0.2191,288.89,466.14,57.78,635.55,1.6136,0.0416,4.0688,2.35,16.0,0.0,0.0,BENIGN_WEB
31.4965,2127.0,302.0,1825.0,2715232.96,93299.12,2621933.84,86207.58,67.53,-0.9313,1276.56,274.06,865.46,1500.0,1158.69,1448.71,0.5966,21.25,16.5,4.25,46.76,0.7762,0.1485,3.7566,2.8695,14.0,0.0,0.0,BENIGN_STREAMING
11.8869,38.0,13.0,25.0,34887.39,4579.28,30308.11,2934.95,3.2,-0.7375,918.09,433.03,268.54,1500.0,875.34,956.83,0.4528,312.81,529.47,62.56,688.19,1.6926,0.0218,4.3382,2.5346,17.0,0.0,0.0,BENIGN_WEB
12.9274,47.0,17.0,30.0,39521.06,10015.85,29505.21,3057.16,3.64,-0.4931,840.87,388.09,258.74,1500.0,895.59,894.36,0.4308,275.05,246.75,55.01,605.11,0.8971,0.1311,4.187,2.4171,16.0,0.0,0.0,BENIGN_WEB
18.2217,51.0,15.0,36.0,33768.92,8236.25,25532.68,1853.22,2.8,-0.5122,662.14,386.7,82.09,1358.19,629.53,568.43,0.5009,357.29,284.39,71.46,786.04,0.796,0.1119,4.9579,2.4521,18.0,0.0,0.0,BENIGN_WEB
63.5433,1388.0,267.0,1121.0,1655686.6,92560.53,1563126.07,26056.05,21.84,-0.8882,1192.86,305.55,734.53,1500.0,1223.87,1016.12,0.3494,16.48,12.85,3.3,36.27,0.7795,0.0825,3.3289,2.9912,16.0,0.0,0.0,BENIGN_STREAMING
80.2848,1823.0,362.0,1461.0,2523830.4,179257.3,2344573.1,31435.97,22.71,-0.8579,1384.44,274.4,972.84,1500.0,1312.63,1375.9,0.2753,26.95,16.84,5.39,59.3,0.6249,0.132,3.5344,2.7098,20.0,0.0,0.0,BENIGN_STREAMING
106.1465,358.0,57.0,301.0,458966.5,26567.39,432399.11,4323.9,3.37,-0.8842,1282.03,295.44,838.87,1500.0,1447.9,1255.76,0.4159,24.36,9.8,4.87,53.6,0.4024,0.1177,3.1213,2.3323,21.0,0.0,0.0,BENIGN_STREAMING
23.7775,35.0,11.0,24.0,26951.9,3514.28,23437.63,1133.5,1.47,-0.7392,770.05,351.53,242.75,1402.82,843.25,839.71,0.2446,679.36,1114.64,135.87,1494.59,1.6407,0.0265,4.0764,2.8277,12.0,0.0,0.0,BENIGN_WEB
13.8907,37.0,12.0,25.0,33351.14,9546.34,23804.8,2400.97,2.66,-0.4275,901.38,515.57,128.02,1500.0,842.53,867.71,0.3589,375.42,545.72,75.08,825.93,1.4536,0.0587,4.3712,2.6627,8.0,0.0,0.0,BENIGN_WEB
127.764,703.0,127.0,576.0,892104.77,43822.89,848281.88,6982.44,5.5,-0.9018,1269.0,403.98,663.02,1500.0,1381.22,1412.45,0.4174,9.35,6.61,1.87,20.56,0.7067,0.137,3.0906,2.2716,15.0,0.0,0.0,BENIGN_STREAMING
5.8373,43.0,15.0,28.0,27384.16,7623.54,19760.63,4691.2,7.37,-0.4432,636.84,447.22,40.0,1441.83,729.36,619.08,0.2968,135.75,191.51,27.15,298.66,1.4107,0.078,3.9704,2.417,15.0,0.0,0.0,BENIGN_WEB
65.4741,67.0,34.0,33.0,42438.92,21230.27,21208.65,648.18,1.02,0.0005,633.42,317.52,157.13,1204.96,673.69,701.29,0.4042,190.05,135.23,38.01,418.1,0.7116,0.2782,5.2057,1.6763,11.0,1.0,1.0,TOR_PROXY_TUNNEL
152.9136,2023.0,401.0,1622.0,2425213.45,126917.7,2298295.75,15860.03,13.23,-0.8953,1198.82,344.45,682.14,1500.0,1097.67,1348.18,0.2128,12.59,5.76,2.52,27.69,0.4577,0.1099,2.9408,2.2732,12.0,0.0,0.0,BENIGN_STREAMING
78.9027,213.0,112.0,101.0,136676.81,66898.45,69778.36,1732.22,2.7,-0.0211,641.68,307.77,180.02,1195.66,668.53,642.89,0.4612,187.63,115.65,37.53,412.79,0.6163,0.2809,5.3942,1.4573,10.0,1.0,0.0,TOR_PROXY_TUNNEL
13.5805,17.0,6.0,11.0,11940.31,2478.1,9462.21,879.23,1.25,-0.5849,702.37,499.41,40.0,1500.0,743.27,724.8,0.2224,798.85,813.76,159.77,1757.47,1.0187,0.0355,4.1514,2.707,11.0,0.0,0.0,BENIGN_WEB
28.1015,20.0,7.0,13.0,13953.23,2193.82,11759.41,496.53,0.71,-0.6855,697.66,430.63,51.72,1472.79,628.4,655.76,0.5602,1405.07,2290.72,281.01,3091.16,1.6303,0.11,4.4706,2.9582,18.0,0.0,0.0,BENIGN_WEB
84.2184,704.0,104.0,600.0,859556.57,35559.44,823997.13,10206.28,8.36,-0.9173,1220.96,255.67,837.46,1500.0,1190.87,1350.18,0.1972,14.7,8.69,2.94,32.33,0.5912,0.1131,3.1299,2.6377,18.0,0.0,0.0,BENIGN_STREAMING
48.296,112.0,58.0,54.0,63097.5,26248.51,36848.99,1306.47,2.32,-0.168,563.37,228.95,219.94,975.49,565.59,610.23,0.4139,184.22,114.38,36.84,405.29,0.6209,0.2502,5.9921,0.454,11.0,1.0,0.0,TOR_PROXY_TUNNEL
24.3012,370.0,184.0,186.0,273260.63,149770.4,123490.23,11244.74,15.23,0.0962,738.54,211.31,421.57,1118.91,813.1,779.41,0.284,69.32,44.88,13.86,152.5,0.6475,0.3839,5.9956,1.0773,0.0,0.0,0.0,TOR_PROXY_TUNNEL
2.1845,83.0,32.0,51.0,82129.84,18532.02,63597.82,37597.22,38.0,-0.5487,989.52,554.87,157.21,1500.0,917.67,948.55,0.5305,26.32,38.33,5.26,57.9,1.4562,0.0968,4.4638,2.7774,10.0,0.0,0.0,BENIGN_WEB
22.488,77.0,28.0,49.0,77405.35,15855.8,61549.55,3442.08,3.42,-0.5903,1005.26,445.67,336.76,1500.0,854.57,1058.8,0.4457,292.05,462.71,58.41,642.51,1.5843,0.0799,4.471,2.6419,8.0,0.0,0.0,BENIGN_WEB
4.7887,21.0,8.0,13.0,17006.71,2087.41,14919.3,3551.44,4.39,-0.7545,809.84,433.93,158.95,1500.0,834.41,730.98,0.3486,228.03,370.19,45.61,501.67,1.6234,0.0408,4.8095,2.6236,8.0,0.0,0.0,BENIGN_WEB
28.3485,54.0,15.0,39.0,42336.53,5143.95,37192.59,1493.43,1.9,-0.757,784.01,414.27,162.61,1500.0,842.76,797.01,0.2133,524.97,854.59,104.99,1154.94,1.6279,0.0459,4.4468,2.9802,17.0,0.0,0.0,BENIGN_WEB
151.2788,1410.0,242.0,1168.0,1900150.36,98071.65,1802078.71,12560.59,9.32,-0.8968,1347.62,262.06,954.54,1500.0,1290.72,1298.04,0.3951,14.02,8.94,2.8,30.85,0.6376,0.1422,3.8632,2.574,21.0,0.0,0.0,BENIGN_STREAMING
25.6802,65.0,18.0,47.0,66581.64,17193.63,49388.01,2592.72,2.53,-0.4835,1024.33,377.52,458.05,1500.0,883.54,995.41,0.3244,395.08,419.33,79.02,869.18,1.0614,0.1227,3.905,2.9303,16.0,0.0,0.0,BENIGN_WEB
12.7033,39.0,12.0,27.0,32461.38,7636.77,24824.61,2555.35,3.07,-0.5295,832.34,578.76,40.0,1500.0,856.87,872.46,0.2558,325.73,560.17,65.15,716.6,1.7198,0.0605,4.7008,3.042,9.0,0.0,0.0,BENIGN_WEB
37.2708,1480.0,324.0,1156.0,2077529.17,199908.7,1877620.47,55741.54,39.71,-0.8076,1403.74,328.42,911.11,1500.0,1450.63,1265.84,0.548,19.58,8.4,3.92,43.07,0.429,0.0999,3.4908,2.5692,17.0,0.0,0.0,BENIGN_STREAMING
71.283,73.0,36.0,37.0,51964.53,23559.91,28404.62,728.99,1.02,-0.0932,711.84,297.15,266.11,1246.72,687.1,611.92,0.2917,215.74,166.92,43.15,474.62,0.7737,0.3438,4.9049,0.9634,5.0,1.0,1.0,TOR_PROXY_TUNNEL
30.4167,57.0,21.0,36.0,48964.37,13436.32,35528.05,1609.79,1.87,-0.4512,859.02,342.85,344.75,1476.16,852.09,783.28,0.3495,533.63,561.01,106.73,1173.98,1.0513,0.1201,4.8636,2.8226,13.0,0.0,0.0,BENIGN_WEB
22.791,80.0,25.0,55.0,54864.53,11106.18,43758.35,2407.29,3.51,-0.5951,685.81,411.29,68.87,1426.13,762.97,686.38,0.2871,284.89,415.45,56.98,626.75,1.4583,0.1015,4.0379,2.1806,12.0,0.0,0.0,BENIGN_WEB
15.2863,52.0,18.0,34.0,45305.74,12706.52,32599.22,2963.82,3.4,-0.4391,871.26,495.51,128.0,1500.0,758.16,828.54,0.3665,293.97,327.0,58.79,646.73,1.1124,0.0628,3.7967,2.1266,19.0,0.0,0.0,BENIGN_WEB
29.5534,917.0,150.0,767.0,1238491.53,117791.18,1120700.34,41906.96,31.03,-0.8098,1350.59,374.92,788.21,1500.0,1332.77,1532.86,0.2051,15.16,10.07,3.03,33.35,0.6646,0.1339,3.3816,2.7475,14.0,0.0,0.0,BENIGN_STREAMING
32.5318,171.0,84.0,87.0,114881.6,50820.68,64060.92,3531.36,5.26,-0.1153,671.82,188.57,388.97,1011.25,723.16,763.64,0.4258,79.64,40.83,15.93,175.21,0.5127,0.3803,4.7317,0.3648,4.0,1.0,1.0,TOR_PROXY_TUNNEL
116.0126,274.0,60.0,214.0,376153.09,16083.73,360069.36,3242.35,2.36,-0.9145,1372.82,284.41,946.2,1500.0,1346.97,1221.57,0.4387,15.58,9.66,3.12,34.27,0.6199,0.1207,3.0986,2.4561,23.0,0.0,0.0,BENIGN_STREAMING
21.5771,69.0,21.0,48.0,73673.05,13690.07,59982.98,3414.4,3.2,-0.6284,1067.73,372.13,509.53,1500.0,1065.65,1079.03,0.4519,312.71,418.72,62.54,687.97,1.339,0.0493,4.2546,2.245,10.0,0.0,0.0,BENIGN_WEB
22.6451,63.0,25.0,38.0,63868.23,14363.25,49504.98,2820.4,2.78,-0.5502,1013.78,413.89,392.94,1500.0,915.84,905.93,0.3566,359.45,576.76,71.89,790.78,1.6046,0.0136,4.0084,2.1409,10.0,0.0,0.0,BENIGN_WEB
12.7604,108.0,54.0,54.0,77336.89,33188.81,44148.08,6060.7,8.46,-0.1417,716.08,298.69,268.04,1253.73,617.82,714.65,0.4097,225.54,151.68,45.11,496.19,0.6725,0.3943,6.0419,0.6755,3.0,1.0,0.0,TOR_PROXY_TUNNEL
7.4298,43.0,12.0,31.0,29632.29,7989.69,21642.6,3988.29,5.79,-0.4607,689.12,440.92,40.0,1482.79,650.72,702.0,0.5211,172.79,256.35,34.56,380.13,1.4836,0.0314,5.0705,2.4573,11.0,0.0,0.0,BENIGN_WEB
29.5992,27.0,9.0,18.0,27765.54,4803.44,22962.09,938.05,0.91,-0.654,1028.35,342.17,515.09,1500.0,1101.77,882.45,0.3229,1096.27,1181.89,219.25,2411.79,1.0781,0.0757,3.8512,2.2137,15.0,0.0,0.0,BENIGN_WEB
146.6591,582.0,81.0,501.0,761255.48,56234.01,705021.47,5190.65,3.97,-0.8523,1308.0,407.76,696.36,1500.0,1373.73,1376.99,0.4327,6.44,4.2,1.29,14.17,0.6524,0.1041,3.3831,2.4439,16.0,0.0,0.0,BENIGN_STREAMING
158.2465,2159.0,319.0,1840.0,2950702.95,125685.71,2825017.23,18646.24,13.64,-0.9148,1366.7,364.22,820.36,1500.0,1177.81,1482.71,0.4908,23.01,13.48,4.6,50.63,0.5856,0.1666,3.5683,2.9174,14.0,0.0,0.0,BENIGN_STREAMING
82.843,365.0,186.0,179.0,267070.11,132859.56,134210.55,3223.81,4.41,-0.0051,731.7,238.86,373.41,1161.64,790.03,838.1,0.3959,174.23,106.54,34.85,383.32,0.6115,0.3982,4.7833,0.491,3.0,1.0,0.0,TOR_PROXY_TUNNEL
26.7113,33.0,10.0,23.0,25720.67,6466.65,19254.02,962.91,1.24,-0.4972,779.41,533.49,40.0,1500.0,772.91,871.62,0.4413,809.43,577.22,161.89,1780.75,0.7131,0.0895,3.8092,2.9662,16.0,0.0,0.0,BENIGN_WEB
33.8215,99.0,47.0,52.0,76385.62,40352.97,36032.65,2258.49,2.93,0.0566,771.57,288.42,338.94,1290.72,715.45,737.42,0.6182,90.18,54.69,18.04,198.4,0.6065,0.4182,5.7037,1.4706,6.0,1.0,0.0,TOR_PROXY_TUNNEL
27.5538,33.0,11.0,22.0,22703.52,3749.85,18953.67,823.97,1.2,-0.6697,687.99,526.07,40.0,1500.0,657.54,595.42,0.449,834.96,1046.42,166.99,1836.92,1.2532,0.021,4.6244,2.1192,9.0,0.0,0.0,BENIGN_WEB
93.0551,2184.0,342.0,1842.0,3114981.51,300443.49,2814538.02,33474.59,23.47,-0.8071,1426.27,277.59,1009.89,1500.0,1300.96,1332.88,0.5001,20.66,9.97,4.13,45.45,0.4826,0.1682,3.275,2.201,19.0,0.0,0.0,BENIGN_STREAMING
57.3274,183.0,95.0,88.0,103862.03,42324.75,61537.28,1811.73,3.19,-0.185,567.55,194.49,275.81,917.64,631.72,574.95,0.2045,141.24,77.26,28.25,310.74,0.547,0.4501,5.4913,1.5784,2.0,1.0,0.0,TOR_PROXY_TUNNEL
11.2486,33.0,11.0,22.0,24743.26,2605.85,22137.41,2199.67,2.93,-0.7894,749.8,513.41,40.0,1500.0,833.81,790.24,0.5291,340.87,248.15,68.17,749.91,0.728,0.0787,4.3788,2.1445,16.0,0.0,0.0,BENIGN_WEB
20.5121,55.0,17.0,38.0,55157.0,15382.32,39774.68,2688.99,2.68,-0.4422,1002.85,475.52,289.57,1500.0,884.76,879.67,0.4288,372.95,330.45,74.59,820.49,0.886,0.0181,4.29,2.5037,11.0,0.0,0.0,BENIGN_WEB
58.3363,266.0,135.0,131.0,192086.35,79545.45,112540.9,3292.74,4.56,-0.1718,722.13,210.47,406.42,1100.98,811.54,704.34,0.3217,95.02,74.88,19.0,209.05,0.788,0.2974,5.0428,0.4205,1.0,1.0,1.0,TOR_PROXY_TUNNEL
2.7351,16.0,5.0,11.0,16284.75,2672.01,13612.74,5953.89,5.85,-0.6718,1017.8,337.94,510.89,1500.0,882.01,929.81,0.6017,170.95,137.81,34.19,376.08,0.8062,0.0666,4.187,2.7365,17.0,0.0,0.0,BENIGN_WEB
121.5818,340.0,66.0,274.0,481858.01,46801.86,435056.15,3963.24,2.8,-0.8057,1417.23,259.91,1027.37,1500.0,1293.62,1518.22,0.4152,8.5,4.72,1.7,18.7,0.5555,0.1374,3.3125,2.6085,12.0,0.0,0.0,BENIGN_STREAMING
18.472,36.0,12.0,24.0,24024.92,3523.27,20501.65,1300.61,1.95,-0.7067,667.36,337.19,161.57,1274.3,682.82,710.07,0.5937,513.11,604.34,102.62,1128.84,1.1778,0.0644,3.6398,2.6643,16.0,0.0,0.0,BENIGN_WEB
16.0276,32.0,11.0,21.0,28383.89,3390.58,24993.31,1770.93,2.0,-0.7611,887.0,568.83,40.0,1500.0,800.28,916.61,0.2678,500.86,732.21,100.17,1101.9,1.4619,0.0905,4.5597,2.5587,15.0,0.0,0.0,BENIGN_WEB
9.33,40.0,13.0,27.0,36537.1,9534.49,27002.61,3916.09,4.29,-0.4781,913.43,546.04,94.36,1500.0,810.79,811.71,0.4944,233.25,180.18,46.65,513.15,0.7725,0.0201,4.9238,2.4539,16.0,0.0,0.0,BENIGN_WEB
33.8712,109.0,57.0,52.0,62484.58,25149.89,37334.69,1844.77,3.22,-0.195,573.25,266.17,174.0,1052.35,536.58,545.23,0.5522,74.95,32.49,14.99,164.9,0.4335,0.2341,4.9521,1.0188,2.0,0.0,1.0,TOR_PROXY_TUNNEL
17.4295,41.0,14.0,27.0,31413.72,7041.99,24371.73,1802.33,2.35,-0.5517,766.19,383.89,190.36,1457.19,681.47,803.02,0.4837,425.11,656.92,85.02,935.24,1.5453,0.0789,4.472,2.8427,21.0,0.0,0.0,BENIGN_WEB
82.0967,2166.0,460.0,1706.0,2640511.13,68779.39,2571731.74,32163.41,26.38,-0.9479,1219.07,321.17,737.32,1500.0,1325.68,1158.45,0.2802,19.14,8.58,3.83,42.11,0.4481,0.1632,2.9752,2.2197,14.0,0.0,0.0,BENIGN_STREAMING
25.5483,61.0,19.0,42.0,47538.22,8719.18,38819.04,1860.72,2.39,-0.6332,779.32,498.91,40.0,1500.0,777.76,860.96,0.423,418.83,367.05,83.77,921.42,0.8764,0.0523,4.8543,2.6411,14.0,0.0,0.0,BENIGN_WEB
19.185,30.0,12.0,18.0,19574.87,1967.48,17607.38,1020.32,1.56,-0.799,652.5,557.92,40.0,1500.0,645.15,738.22,0.5123,639.5,795.02,127.9,1406.9,1.2432,0.0935,3.9845,2.5141,20.0,0.0,0.0,BENIGN_WEB
14.6226,24.0,7.0,17.0,24618.05,3927.23,20690.82,1683.56,1.64,-0.6809,1025.75,571.42,168.62,1500.0,1026.18,1018.84,0.5651,609.28,794.69,121.86,1340.41,1.3043,0.0973,4.9761,2.7866,13.0,0.0,0.0,BENIGN_WEB
11.3662,61.0,22.0,39.0,51913.67,12008.23,39905.44,4567.38,5.37,-0.5374,851.04,418.93,222.65,1500.0,727.85,974.52,0.1991,186.33,156.43,37.27,409.93,0.8395,0.1328,4.6142,3.0571,14.0,0.0,0.0,BENIGN_WEB
42.9626,589.0,110.0,479.0,697441.96,26333.53,671108.44,16233.68,13.71,-0.9245,1184.11,346.0,665.12,1500.0,1358.03,1346.11,0.5328,10.75,7.86,2.15,23.65,0.7309,0.0616,3.0572,2.7348,22.0,0.0,0.0,BENIGN_STREAMING
113.7697,516.0,69.0,447.0,708303.93,75896.95,632406.98,6225.77,4.54,-0.7857,1372.68,412.81,753.46,1500.0,1475.69,1339.37,0.4937,19.52,11.66,3.9,42.94,0.5972,0.123,3.5574,2.9248,23.0,0.0,0.0,BENIGN_STREAMING
29.634,82.0,23.0,59.0,69571.36,11457.4,58113.96,2347.69,2.77,-0.6706,848.43,578.74,40.0,1500.0,951.56,946.5,0.3736,361.39,278.42,72.28,795.06,0.7704,0.1183,5.0703,2.3115,11.0,0.0,0.0,BENIGN_WEB
68.0521,1127.0,183.0,944.0,1466725.51,91984.77,1374740.73,21552.99,16.56,-0.8746,1301.44,318.86,823.15,1500.0,1391.34,1214.23,0.3613,22.76,16.0,4.55,50.07,0.703,0.0636,3.141,2.2516,17.0,0.0,0.0,BENIGN_STREAMING
153.1069,2070.0,326.0,1744.0,2854445.84,230930.29,2623515.55,18643.49,13.52,-0.8382,1378.96,243.81,1013.25,1500.0,1443.44,1283.1,0.4472,21.74,12.05,4.35,47.84,0.554,0.0846,3.8911,2.8614,10.0,0.0,0.0,BENIGN_STREAMING
23.7506,49.0,15.0,34.0,44679.9,4744.88,39935.02,1881.21,2.06,-0.7876,911.83,528.47,119.13,1500.0,958.76,930.73,0.5456,484.71,760.91,96.94,1066.36,1.5698,0.0412,4.459,2.752,19.0,0.0,0.0,BENIGN_WEB
7.1635,54.0,20.0,34.0,52599.84,12881.61,39718.23,7342.71,7.54,-0.5102,974.07,467.75,272.44,1500.0,884.95,1066.44,0.1925,132.66,171.9,26.53,291.85,1.2958,0.0613,4.5017,3.081,13.0,0.0,0.0,BENIGN_WEB
44.9071,2177.0,440.0,1737.0,2671361.51,247310.86,2424050.65,59486.38,48.48,-0.8148,1227.08,336.54,722.27,1500.0,1328.23,1235.97,0.5019,19.29,7.92,3.86,42.45,0.4107,0.0834,3.1135,2.5966,18.0,0.0,0.0,BENIGN_STREAMING
53.4117,55.0,26.0,29.0,31594.3,18425.13,13169.17,591.52,1.03,0.1664,574.44,270.15,169.22,1060.71,623.51,634.1,0.3793,51.77,28.82,10.35,113.9,0.5567,0.2691,5.3029,0.0363,4.0,1.0,1.0,TOR_PROXY_TUNNEL
24.1594,1305.0,158.0,1147.0,1570910.86,162807.76,1408103.1,65022.63,54.02,-0.7927,1203.76,411.61,586.34,1500.0,1103.02,1103.96,0.3029,13.96,6.04,2.79,30.71,0.4329,0.1066,2.9183,2.6889,15.0,0.0,0.0,BENIGN_STREAMING
92.889,2127.0,376.0,1751.0,2529474.0,258218.91,2271255.09,27231.15,22.9,-0.7958,1189.22,292.61,750.31,1500.0,1108.85,1114.61,0.4267,19.59,9.11,3.92,43.1,0.465,0.1175,3.8867,2.7514,17.0,0.0,0.0,BENIGN_STREAMING
76.146,856.0,134.0,722.0,1113620.45,81865.96,1031754.49,14624.81,11.24,-0.853,1300.96,411.79,683.28,1500.0,1188.28,1275.74,0.3095,13.42,6.57,2.68,29.53,0.4897,0.0533,3.3734,2.5361,21.0,0.0,0.0,BENIGN_STREAMING
31.5229,110.0,58.0,52.0,85162.56,47529.56,37633.0,2701.61,3.49,0.1162,774.21,169.0,520.7,1078.41,680.21,864.83,0.55,174.5,119.46,34.9,383.9,0.6846,0.301,5.1347,0.0462,0.0,1.0,1.0,TOR_PROXY_TUNNEL
40.1355,130.0,68.0,62.0,88983.37,53670.34,35313.02,2217.08,3.24,0.2063,684.49,301.38,232.41,1226.98,637.24,593.5,0.3471,253.92,127.04,50.78,558.63,0.5003,0.3152,5.4196,1.5405,7.0,1.0,0.0,TOR_PROXY_TUNNEL
35.8431,48.0,23.0,25.0,29405.56,14211.18,15194.37,820.4,1.34,-0.0334,612.62,172.86,353.33,923.76,529.61,583.05,0.5951,75.68,43.51,15.14,166.5,0.5749,0.2524,5.0921,0.2519,1.0,1.0,1.0,TOR_PROXY_TUNNEL
61.7269,1844.0,330.0,1514.0,2352439.08,122572.05,2229867.03,38110.45,29.87,-0.8958,1275.73,247.03,905.18,1500.0,1265.49,1205.23,0.5848,18.64,8.22,3.73,41.01,0.4407,0.1099,3.7884,2.5767,23.0,0.0,0.0,BENIGN_STREAMING
21.1406,81.0,29.0,52.0,85962.8,23707.85,62254.95,4066.24,3.83,-0.4484,1061.27,370.91,504.9,1500.0,1061.96,967.57,0.4398,261.0,290.49,52.2,574.19,1.113,0.0664,4.4284,2.4406,13.0,0.0,0.0,BENIGN_WEB
11.7455,58.0,21.0,37.0,39327.26,8166.51,31160.75,3348.27,4.94,-0.5847,678.06,569.58,40.0,1500.0,702.06,688.55,0.603,202.51,224.59,40.5,445.52,1.109,0.0603,4.643,2.7513,20.0,0.0,0.0,BENIGN_WEB
10.3131,16.0,5.0,11.0,13757.58,3457.58,10300.0,1333.99,1.55,-0.4974,859.85,442.1,196.7,1500.0,825.3,864.53,0.5794,644.57,784.01,128.91,1418.05,1.2163,0.0235,4.8581,2.4319,14.0,0.0,0.0,BENIGN_WEB
17.9902,74.0,26.0,48.0,46452.27,5893.92,40558.36,2582.09,4.11,-0.7462,627.73,358.79,89.55,1273.56,661.49,693.7,0.4211,243.11,415.19,48.62,534.84,1.7078,0.0843,4.1675,3.0407,16.0,0.0,0.0,BENIGN_WEB
74.9288,155.0,83.0,72.0,100771.22,42110.41,58660.82,1344.89,2.07,-0.1642,650.14,296.02,206.11,1182.96,745.18,598.36,0.3276,242.26,137.84,48.45,532.97,0.569,0.444,4.8654,1.4316,5.0,1.0,1.0,TOR_PROXY_TUNNEL
27.3311,82.0,27.0,55.0,62672.48,13433.66,49238.81,2293.08,3.0,-0.5713,764.3,384.45,187.63,1456.3,873.33,803.05,0.393,333.31,424.81,66.66,733.27,1.2745,0.087,4.2646,2.8209,14.0,0.0,0.0,BENIGN_WEB
146.0034,2160.0,393.0,1767.0,2634266.29,263255.0,2371011.29,18042.5,14.79,-0.8001,1219.57,250.75,843.45,1500.0,1300.61,1349.89,0.2249,27.26,12.0,5.45,59.96,0.4403,0.0584,3.4105,2.2717,23.0,0.0,0.0,BENIGN_STREAMING
116.597,973.0,135.0,838.0,1242603.88,61580.68,1181023.2,10657.26,8.34,-0.9009,1277.09,353.5,746.84,1500.0,1341.36,1359.3,0.4885,8.32,5.94,1.66,18.31,0.7139,0.1321,3.2187,2.7165,11.0,0.0,0.0,BENIGN_STREAMING
66.7124,1229.0,222.0,1007.0,1725754.5,128232.39,1597522.11,25868.59,18.42,-0.8514,1404.19,254.62,1022.26,1500.0,1544.1,1495.07,0.5389,9.82,4.24,1.96,21.61,0.4319,0.1274,3.812,2.6046,18.0,0.0,0.0,BENIGN_STREAMING
133.8479,769.0,128.0,641.0,980014.46,35497.89,944516.56,7321.85,5.75,-0.9276,1274.4,288.52,841.62,1500.0,1363.06,1207.53,0.4356,23.88,13.47,4.78,52.53,0.5641,0.1727,2.9331,2.218,23.0,0.0,0.0,BENIGN_STREAMING
59.5884,744.0,98.0,646.0,1065032.51,115896.64,949135.87,17873.16,12.49,-0.7824,1431.5,316.1,957.34,1500.0,1332.01,1575.77,0.4842,20.06,10.22,4.01,44.13,0.5096,0.0987,3.4801,2.5649,19.0,0.0,0.0,BENIGN_STREAMING
17.5141,82.0,27.0,55.0,74089.22,13107.17,60982.06,4230.25,4.68,-0.6462,903.53,524.61,116.61,1500.0,1038.74,957.72,0.3893,213.59,259.29,42.72,469.89,1.214,0.0625,4.1005,2.1054,16.0,0.0,0.0,BENIGN_WEB
34.1882,1085.0,194.0,891.0,1485583.63,125539.72,1360043.91,43453.07,31.74,-0.831,1369.2,312.17,900.94,1500.0,1212.17,1201.1,0.4658,17.62,9.8,3.52,38.76,0.5566,0.1242,3.656,2.3574,16.0,0.0,0.0,BENIGN_STREAMING
90.9329,1610.0,302.0,1308.0,2095186.71,199734.83,1895451.87,23041.02,17.71,-0.8093,1301.36,241.65,938.89,1500.0,1183.84,1146.05,0.3361,26.37,10.65,5.27,58.01,0.404,0.0809,3.5136,2.3428,15.0,0.0,0.0,BENIGN_STREAMING
69.8166,333.0,168.0,165.0,230693.18,129958.1,100735.08,3304.28,4.77,0.1267,692.77,193.7,402.22,1041.43,692.49,661.5,0.3519,120.53,89.93,24.11,265.16,0.7462,0.3058,5.1324,1.2557,2.0,1.0,1.0,TOR_PROXY_TUNNEL
77.7241,104.0,55.0,49.0,78343.72,41296.84,37046.88,1007.97,1.34,0.0542,753.3,167.04,502.75,1053.97,841.63,766.82,0.4406,93.2,56.39,18.64,205.04,0.605,0.2497,4.7242,0.0295,1.0,1.0,0.0,TOR_PROXY_TUNNEL
42.9163,49.0,26.0,23.0,35072.71,14989.29,20083.41,817.24,1.14,-0.1452,715.77,186.57,435.91,1051.6,721.73,730.35,0.2821,188.91,90.71,37.78,415.6,0.4802,0.4461,5.4141,0.8231,5.0,1.0,1.0,TOR_PROXY_TUNNEL
11.5049,57.0,16.0,41.0,51046.22,8294.68,42751.54,4436.9,4.95,-0.675,895.55,468.25,193.18,1500.0,859.01,805.31,0.5949,201.84,260.8,40.37,444.05,1.2921,0.0284,4.8004,2.1963,16.0,0.0,0.0,BENIGN_WEB
17.3892,41.0,16.0,25.0,30843.31,7052.74,23790.57,1773.7,2.36,-0.5427,752.28,567.31,40.0,1500.0,746.16,784.57,0.5768,424.13,601.66,84.83,933.08,1.4186,0.0851,3.6838,2.7165,8.0,0.0,0.0,BENIGN_WEB
22.0046,48.0,18.0,30.0,32747.79,3873.46,28874.33,1488.23,2.18,-0.7634,682.25,476.05,40.0,1500.0,591.16,670.92,0.2794,458.43,372.44,91.69,1008.54,0.8124,0.0834,4.0433,2.8309,11.0,0.0,0.0,BENIGN_WEB
63.2211,66.0,34.0,32.0,41006.9,20868.51,20138.39,648.63,1.04,0.0178,621.32,284.25,194.94,1132.97,550.43,580.49,0.1954,68.39,50.24,13.68,150.46,0.7345,0.4714,5.3407,1.1634,8.0,1.0,1.0,TOR_PROXY_TUNNEL
27.5344,504.0,67.0,437.0,704190.72,42508.9,661681.82,25574.9,18.3,-0.8793,1397.2,392.97,807.75,1500.0,1458.46,1404.17,0.4586,18.37,7.9,3.67,40.42,0.4299,0.1554,3.6142,2.7051,18.0,0.0,0.0,BENIGN_STREAMING
113.0877,1574.0,248.0,1326.0,2179073.85,75756.44,2103317.41,19268.89,13.92,-0.9305,1384.42,277.93,967.53,1500.0,1340.68,1274.86,0.2182,10.13,6.9,2.03,22.29,0.6811,0.0578,3.0242,2.7279,17.0,0.0,0.0,BENIGN_STREAMING
15.7469,52.0,18.0,34.0,46532.28,10037.61,36494.67,2955.01,3.3,-0.5686,894.85,557.05,59.28,1500.0,983.92,863.96,0.4298,302.83,315.39,60.57,666.22,1.0415,0.091,4.7935,2.124,12.0,0.0,0.0,BENIGN_WEB
31.8943,76.0,22.0,54.0,78503.51,9788.81,68714.7,2461.36,2.38,-0.7506,1032.94,512.16,264.7,1500.0,1095.44,1142.34,0.2604,419.66,526.5,83.93,923.26,1.2546,0.0336,4.8996,2.5287,11.0,0.0,0.0,BENIGN_WEB
46.0482,244.0,123.0,121.0,168802.17,89389.82,79412.35,3665.77,5.3,0.0591,691.81,289.35,257.79,1212.64,604.91,692.31,0.2916,246.17,157.11,49.23,541.57,0.6382,0.47,5.5047,1.3756,1.0,1.0,1.0,TOR_PROXY_TUNNEL
19.4261,50.0,15.0,35.0,47222.07,6510.01,40712.06,2430.86,2.57,-0.7243,944.44,531.94,146.53,1500.0,809.69,912.1,0.4168,388.52,570.52,77.7,854.75,1.4684,0.0403,4.8676,2.2561,19.0,0.0,0.0,BENIGN_WEB
15.688,18.0,7.0,11.0,15080.14,3439.03,11641.11,961.26,1.15,-0.5439,837.79,485.83,109.04,1500.0,836.26,810.68,0.6147,871.55,1228.43,174.31,1917.42,1.4095,0.0819,4.4809,2.1595,11.0,0.0,0.0,BENIGN_WEB
15.2392,52.0,15.0,37.0,38881.14,9171.92,29709.23,2551.39,3.41,-0.5282,747.71,417.21,121.9,1498.69,859.16,747.28,0.2682,293.06,306.56,58.61,644.74,1.0461,0.0386,4.8595,2.2216,12.0,0.0,0.0,BENIGN_WEB
19.7727,285.0,148.0,137.0,213908.99,94029.36,119879.63,10818.39,14.41,-0.1208,750.56,166.75,500.44,1050.7,721.59,789.14,0.57,72.64,47.16,14.53,159.82,0.6491,0.358,5.7695,0.0107,3.0,1.0,0.0,TOR_PROXY_TUNNEL
35.9207,145.0,75.0,70.0,85066.41,47896.23,37170.18,2368.17,4.04,0.1261,586.66,289.2,152.86,1107.23,615.73,662.6,0.2458,178.98,94.27,35.8,393.76,0.5267,0.4103,5.6076,0.0172,2.0,0.0,0.0,TOR_PROXY_TUNNEL
25.7659,31.0,10.0,21.0,27660.14,4345.1,23315.04,1073.52,1.2,-0.6858,892.26,575.94,40.0,1500.0,981.02,774.6,0.5811,831.16,860.99,166.23,1828.55,1.0359,0.0717,4.1938,2.9629,8.0,0.0,0.0,BENIGN_WEB
14.5689,38.0,15.0,23.0,33454.76,7372.79,26081.97,2296.32,2.61,-0.5592,880.39,496.42,135.75,1500.0,759.98,863.51,0.422,383.39,601.96,76.68,843.46,1.5701,0.1228,3.7124,2.1958,14.0,0.0,0.0,BENIGN_WEB
11.2407,27.0,9.0,18.0,18167.89,3855.33,14312.56,1616.26,2.4,-0.5756,672.88,545.24,40.0,1500.0,726.62,746.74,0.5969,416.32,551.44,83.26,915.91,1.3246,0.1369,4.5731,2.7909,12.0,0.0,0.0,BENIGN_WEB
108.1505,463.0,92.0,371.0,605940.53,35842.52,570098.01,5602.75,4.28,-0.8817,1308.73,416.61,683.81,1500.0,1444.09,1379.31,0.2804,10.6,5.19,2.12,23.32,0.4899,0.1251,3.0176,2.3143,10.0,0.0,0.0,BENIGN_STREAMING
107.1958,419.0,57.0,362.0,584834.67,28949.8,555884.87,5455.76,3.91,-0.901,1395.79,362.05,852.72,1500.0,1441.34,1354.05,0.5016,14.51,10.96,2.9,31.91,0.7557,0.0779,3.412,2.8131,10.0,0.0,0.0,BENIGN_STREAMING
17.7462,373.0,189.0,184.0,264388.76,113919.25,150469.52,14898.32,21.02,-0.1382,708.82,273.23,298.97,1200.63,618.86,689.34,0.3367,207.28,88.98,41.46,456.02,0.4293,0.3383,5.4698,0.0183,7.0,0.0,0.0,TOR_PROXY_TUNNEL
159.4646,1488.0,318.0,1170.0,2049932.75,173226.72,1876706.03,12855.1,9.33,-0.831,1377.64,295.09,935.01,1500.0,1480.54,1508.74,0.3906,15.64,8.83,3.13,34.4,0.5647,0.1734,2.9042,2.931,15.0,0.0,0.0,BENIGN_STREAMING
12.6771,40.0,11.0,29.0,40387.21,5844.77,34542.44,3185.84,3.16,-0.7106,1009.68,517.0,234.18,1500.0,971.36,923.44,0.5921,316.93,254.88,63.39,697.24,0.8042,0.0557,4.2919,2.1369,9.0,0.0,0.0,BENIGN_WEB
9.727,19.0,7.0,12.0,12815.97,1172.73,11643.24,1317.57,1.95,-0.817,674.52,526.12,40.0,1500.0,664.0,763.0,0.3675,511.95,581.98,102.39,1126.28,1.1368,0.0578,5.0305,2.6805,19.0,0.0,0.0,BENIGN_WEB
19.424,2115.0,447.0,1668.0,2845276.28,269366.1,2575910.18,146482.6,108.89,-0.8107,1345.28,307.61,883.87,1500.0,1522.22,1409.22,0.3804,15.57,9.57,3.11,34.25,0.6149,0.1365,3.7222,2.476,10.0,0.0,0.0,BENIGN_STREAMING
66.804,1302.0,279.0,1023.0,1553388.14,91068.73,1462319.42,23252.92,19.49,-0.8827,1193.08,404.74,585.97,1500.0,1137.36,1152.38,0.3108,19.62,9.65,3.92,43.17,0.4917,0.0694,3.54,2.6889,19.0,0.0,0.0,BENIGN_STREAMING
15.8917,56.0,18.0,38.0,55720.62,9190.01,46530.61,3506.26,3.52,-0.6701,995.01,399.69,395.48,1500.0,1013.58,850.9,0.5899,283.78,253.0,56.76,624.32,0.8915,0.1215,4.6945,2.1046,10.0,0.0,0.0,BENIGN_WEB
44.4822,180.0,93.0,87.0,126314.34,66723.35,59590.99,2839.66,4.05,0.0565,701.75,213.5,381.49,1086.05,741.81,652.81,0.4931,204.3,122.88,40.86,449.47,0.6014,0.3501,5.2155,1.4165,11.0,1.0,0.0,TOR_PROXY_TUNNEL
6.9961,49.0,16.0,33.0,49939.33,9684.63,40254.7,7138.16,7.0,-0.6121,1019.17,454.26,337.78,1500.0,988.04,1094.79,0.6009,142.78,236.8,28.56,314.11,1.6585,0.0248,4.5735,2.5176,14.0,0.0,0.0,BENIGN_WEB
16.5198,46.0,22.0,24.0,30405.09,12153.6,18251.48,1840.53,2.78,-0.2006,660.98,228.86,317.69,1072.93,652.78,697.97,0.2016,178.61,80.15,35.72,392.94,0.4487,0.3665,5.5229,0.3828,0.0,1.0,1.0,TOR_PROXY_TUNNEL
44.4838,221.0,111.0,110.0,123496.32,51323.98,72172.34,2776.21,4.97,-0.1688,558.81,188.85,275.53,898.74,530.01,504.96,0.3715,231.74,107.98,46.35,509.84,0.4659,0.4684,5.1912,0.628,2.0,1.0,1.0,TOR_PROXY_TUNNEL
27.5843,377.0,184.0,193.0,222060.3,124221.86,97838.43,8050.25,13.67,0.1188,589.02,164.44,342.35,885.02,654.02,520.5,0.4722,234.62,198.42,46.92,516.15,0.8457,0.3507,4.7796,0.1056,8.0,1.0,0.0,TOR_PROXY_TUNNEL
25.9547,29.0,8.0,21.0,21728.35,5577.93,16150.42,837.16,1.12,-0.4866,749.25,508.09,40.0,1500.0,783.15,686.24,0.5461,894.99,1465.66,179.0,1968.98,1.6376,0.0191,4.1023,2.4876,13.0,0.0,0.0,BENIGN_WEB
26.078,2167.0,315.0,1852.0,2907625.26,312428.28,2595196.98,111497.17,83.1,-0.7851,1341.77,301.85,889.01,1500.0,1264.9,1295.16,0.3431,20.33,14.18,4.07,44.72,0.6976,0.1653,3.0349,2.5484,17.0,0.0,0.0,BENIGN_STREAMING
22.8077,38.0,11.0,27.0,24078.63,6527.93,17550.69,1055.72,1.67,-0.4578,633.65,500.35,40.0,1500.0,700.51,685.86,0.1886,600.2,865.51,120.04,1320.45,1.442,0.1209,3.6073,2.5645,13.0,0.0,0.0,BENIGN_WEB
2.0392,80.0,26.0,54.0,79839.42,16757.36,63082.06,39151.83,39.23,-0.5802,997.99,344.92,480.61,1500.0,987.92,955.97,0.5038,25.49,38.61,5.1,56.08,1.5149,0.0672,4.7957,2.2237,16.0,0.0,0.0,BENIGN_WEB
29.0867,63.0,22.0,41.0,58143.83,10758.53,47385.3,1998.98,2.17,-0.6299,922.92,366.83,372.67,1500.0,949.34,957.91,0.4272,461.69,456.93,92.34,1015.73,0.9897,0.0525,3.9884,2.8903,11.0,0.0,0.0,BENIGN_WEB
12.033,82.0,32.0,50.0,53930.42,12023.68,41906.74,4481.86,6.81,-0.5541,657.69,445.1,40.0,1458.87,571.27,719.51,0.4916,146.74,233.98,29.35,322.84,1.5944,0.0459,4.7711,2.5025,19.0,0.0,0.0,BENIGN_WEB
39.5642,1742.0,342.0,1400.0,2445041.43,245962.2,2199079.23,61799.39,44.03,-0.7988,1403.58,366.13,854.39,1500.0,1430.45,1473.06,0.5004,19.04,8.97,3.81,41.88,0.4711,0.1095,3.7805,2.9109,21.0,0.0,0.0,BENIGN_STREAMING
15.7513,37.0,13.0,24.0,34839.1,7645.28,27193.81,2211.82,2.35,-0.5611,941.6,529.93,146.7,1500.0,1048.35,1000.29,0.4903,425.71,463.06,85.14,936.57,1.0877,0.0935,4.2697,2.1607,9.0,0.0,0.0,BENIGN_WEB
24.1847,76.0,31.0,45.0,76931.75,9513.29,67418.46,3181.01,3.14,-0.7527,1012.26,375.05,449.69,1500.0,886.91,1139.8,0.4965,318.22,540.25,63.64,700.08,1.6977,0.1074,3.7067,2.3496,18.0,0.0,0.0,BENIGN_WEB
5.4778,24.0,6.0,18.0,17563.58,2082.51,15481.08,3206.33,4.38,-0.7629,731.82,353.71,201.25,1368.5,787.05,721.04,0.5612,228.24,346.51,45.65,502.13,1.5182,0.115,5.0795,3.0421,21.0,0.0,0.0,BENIGN_WEB
16.4189,44.0,14.0,30.0,30720.9,7745.2,22975.69,1871.07,2.68,-0.4958,698.2,505.74,40.0,1500.0,693.49,640.48,0.4677,373.16,623.21,74.63,820.94,1.6701,0.064,4.9157,2.638,19.0,0.0,0.0,BENIGN_WEB
23.4462,27.0,8.0,19.0,17622.01,2231.41,15390.6,751.59,1.15,-0.7467,652.67,487.98,40.0,1500.0,611.98,571.93,0.3534,868.38,991.9,173.68,1910.43,1.1422,0.0681,3.6953,2.7862,16.0,0.0,0.0,BENIGN_WEB
27.0946,82.0,40.0,42.0,45226.38,22879.44,22346.94,1669.2,3.03,0.0118,551.54,175.64,288.08,867.7,608.05,610.57,0.5666,184.99,103.98,37.0,406.99,0.5621,0.3595,5.731,0.0587,5.0,1.0,1.0,TOR_PROXY_TUNNEL
83.6386,248.0,122.0,126.0,138063.74,60878.09,77185.65,1650.72,2.97,-0.1181,556.71,184.28,280.28,888.42,605.83,484.21,0.4099,62.61,27.89,12.52,137.74,0.4455,0.3015,5.6403,0.0558,11.0,1.0,1.0,TOR_PROXY_TUNNEL
126.2296,356.0,63.0,293.0,493334.62,54086.14,439248.48,3908.23,2.82,-0.7807,1385.77,244.29,1019.33,1500.0,1540.56,1463.89,0.5071,20.99,9.62,4.2,46.19,0.4584,0.0754,3.553,2.5352,23.0,0.0,0.0,BENIGN_STREAMING
6.1644,82.0,33.0,49.0,53535.28,10335.1,43200.18,8684.64,13.3,-0.6139,652.87,496.53,40.0,1500.0,644.84,735.53,0.5908,75.18,57.86,15.04,165.39,0.7697,0.0952,4.5801,2.9507,16.0,0.0,0.0,BENIGN_WEB
113.8614,1690.0,350.0,1340.0,2155804.62,66988.96,2088815.67,18933.59,14.84,-0.9379,1275.62,382.6,701.73,1500.0,1209.72,1283.46,0.402,12.49,6.34,2.5,27.47,0.508,0.1041,3.3601,2.691,16.0,0.0,0.0,BENIGN_STREAMING
2.8004,37.0,15.0,22.0,25507.96,3354.95,22153.01,9108.61,13.21,-0.7369,689.4,569.02,40.0,1500.0,739.66,655.2,0.4027,75.69,102.86,15.14,166.51,1.359,0.053,4.5652,2.1744,8.0,0.0,0.0,BENIGN_WEB
10.8319,19.0,6.0,13.0,19184.86,4376.9,14807.96,1771.14,1.75,-0.5437,1009.73,483.04,285.16,1500.0,1054.94,862.18,0.2462,570.1,871.35,114.02,1254.22,1.5284,0.0595,4.9721,2.6527,16.0,0.0,0.0,BENIGN_WEB
144.0813,1662.0,255.0,1407.0,2272657.06,160815.75,2111841.31,15773.43,11.54,-0.8585,1367.42,363.16,822.69,1500.0,1380.83,1295.06,0.4324,15.75,9.69,3.15,34.65,0.6154,0.0858,3.5432,2.7304,17.0,0.0,0.0,BENIGN_STREAMING
6.9286,21.0,8.0,13.0,13463.98,3590.43,9873.56,1943.25,3.03,-0.4667,641.14,400.37,40.58,1361.82,729.81,660.42,0.5741,329.93,349.01,65.99,725.85,1.0578,0.0669,3.9419,2.3114,11.0,0.0,0.0,BENIGN_WEB
4.5455,44.0,17.0,27.0,34333.1,4974.85,29358.25,7553.16,9.68,-0.7102,780.3,560.6,40.0,1500.0,829.27,778.19,0.2327,103.31,103.0,20.66,227.28,0.997,0.0891,3.7048,2.7832,12.0,0.0,0.0,BENIGN_WEB
84.4579,110.0,59.0,51.0,64288.55,30567.18,33721.37,761.19,1.3,-0.0491,584.44,229.27,240.53,997.13,523.3,657.7,0.4472,44.76,33.65,8.95,98.48,0.7518,0.4295,6.0151,0.0458,6.0,1.0,1.0,TOR_PROXY_TUNNEL
95.518,1250.0,199.0,1051.0,1546807.11,144381.63,1402425.49,16193.88,13.09,-0.8133,1237.45,290.27,802.04,1500.0,1384.32,1376.44,0.3446,18.61,12.77,3.72,40.93,0.6861,0.1368,3.7336,2.3472,11.0,0.0,0.0,BENIGN_STREAMING
30.3011,64.0,24.0,40.0,59853.02,7485.99,52367.03,1975.28,2.11,-0.7499,935.2,496.72,190.12,1500.0,868.12,867.41,0.4737,473.45,667.94,94.69,1041.6,1.4108,0.0409,3.6159,2.1435,10.0,0.0,0.0,BENIGN_WEB
7.9006,26.0,7.0,19.0,24018.25,6045.02,17973.23,3040.06,3.29,-0.4966,923.78,508.51,161.01,1500.0,1040.47,933.55,0.6185,303.87,479.73,60.77,668.51,1.5787,0.0157,3.6327,2.8786,8.0,0.0,0.0,BENIGN_WEB
76.4809,67.0,33.0,34.0,40105.14,22966.09,17139.05,524.38,0.88,0.1453,598.58,300.0,148.59,1138.58,630.92,581.66,0.3757,73.13,33.29,14.63,160.88,0.4552,0.4599,5.8703,1.0373,4.0,1.0,1.0,TOR_PROXY_TUNNEL
26.4085,59.0,17.0,42.0,45869.57,12957.06,32912.51,1736.92,2.23,-0.435,777.45,553.45,40.0,1500.0,880.05,786.88,0.4789,447.6,525.63,89.52,984.73,1.1743,0.126,4.95,2.3113,12.0,0.0,0.0,BENIGN_WEB
12.8492,52.0,15.0,37.0,34515.25,8112.58,26402.67,2686.17,4.05,-0.5299,663.75,478.85,40.0,1500.0,735.26,602.5,0.298,247.1,280.34,49.42,543.62,1.1345,0.1376,5.0712,2.7465,18.0,0.0,0.0,BENIGN_WEB
105.237,1569.0,332.0,1237.0,2128244.47,152371.5,1975872.97,20223.35,14.91,-0.8568,1356.43,403.71,750.86,1500.0,1187.04,1266.0,0.4516,10.57,6.52,2.11,23.26,0.6171,0.1337,3.6493,2.3368,16.0,0.0,0.0,BENIGN_STREAMING
30.1994,67.0,19.0,48.0,50373.05,12595.89,37777.16,1668.01,2.22,-0.4999,751.84,460.87,60.53,1500.0,858.73,756.61,0.3041,450.74,649.95,90.15,991.62,1.442,0.1059,4.8545,2.5503,13.0,0.0,0.0,BENIGN_WEB
18.4315,41.0,15.0,26.0,36814.63,4265.0,32549.63,1997.38,2.22,-0.7683,897.92,527.87,106.11,1500.0,888.44,870.64,0.4843,449.55,459.05,89.91,989.01,1.0211,0.1301,3.7993,2.8394,11.0,0.0,0.0,BENIGN_WEB
99.4522,518.0,69.0,449.0,673438.9,68169.27,605269.63,6771.48,5.21,-0.7975,1300.08,313.73,829.47,1500.0,1148.22,1242.19,0.3051,7.71,5.46,1.54,16.97,0.7072,0.1681,3.8936,2.2449,15.0,0.0,0.0,BENIGN_STREAMING
21.2363,57.0,22.0,35.0,54824.02,15583.56,39240.46,2581.62,2.68,-0.4315,961.82,467.49,260.59,1500.0,913.66,884.36,0.3219,372.57,300.33,74.51,819.65,0.8061,0.0231,3.8367,2.8243,17.0,0.0,0.0,BENIGN_WEB
124.9775,362.0,48.0,314.0,514281.16,39867.08,474414.08,4114.99,2.9,-0.845,1420.67,400.23,820.32,1500.0,1613.24,1268.77,0.2996,13.48,7.38,2.7,29.66,0.5473,0.0654,3.1354,2.4301,23.0,0.0,0.0,BENIGN_STREAMING
21.9297,26.0,8.0,18.0,18801.75,4352.53,14449.22,857.37,1.19,-0.537,723.14,333.87,222.33,1324.12,679.31,723.96,0.4523,843.45,1332.94,168.69,1855.59,1.5803,0.1313,4.487,2.373,21.0,0.0,0.0,BENIGN_WEB
35.4782,1948.0,407.0,1541.0,2737514.01,204377.7,2533136.31,77160.52,54.91,-0.8507,1405.29,259.52,1016.01,1500.0,1301.56,1500.63,0.61,10.78,7.86,2.16,23.71,0.7292,0.0663,3.7689,2.3405,13.0,0.0,0.0,BENIGN_STREAMING
25.7311,80.0,28.0,52.0,63859.75,7267.48,56592.27,2481.81,3.11,-0.7724,798.25,556.0,40.0,1500.0,811.29,778.47,0.2352,321.64,253.09,64.33,707.61,0.7869,0.0539,4.3058,2.4331,10.0,0.0,0.0,BENIGN_WEB
10.465,45.0,18.0,27.0,32221.12,9156.07,23065.05,3078.94,4.3,-0.4317,716.02,328.1,223.87,1306.61,643.0,673.05,0.4408,232.56,250.1,46.51,511.62,1.0755,0.1326,4.1144,2.1997,17.0,0.0,0.0,BENIGN_WEB
11.4315,73.0,25.0,48.0,78745.9,16735.85,62010.05,6888.49,6.39,-0.5749,1078.71,415.91,454.84,1500.0,964.74,934.22,0.5542,156.6,233.78,31.32,344.51,1.4929,0.038,4.7356,2.985,18.0,0.0,0.0,BENIGN_WEB
135.0761,1099.0,179.0,920.0,1429335.27,156563.78,1272771.48,10581.7,8.14,-0.7809,1300.58,366.33,751.08,1500.0,1238.26,1446.24,0.6174,26.8,15.21,5.36,58.96,0.5676,0.1226,3.7996,2.9004,11.0,0.0,0.0,BENIGN_STREAMING
19.5269,61.0,20.0,41.0,48913.71,7768.23,41145.47,2504.94,3.12,-0.6824,801.86,501.06,50.28,1500.0,912.36,881.4,0.3287,320.11,472.45,64.02,704.25,1.4759,0.1097,4.081,2.9338,16.0,0.0,0.0,BENIGN_WEB
75.6672,355.0,172.0,183.0,257390.18,100547.02,156843.16,3401.61,4.69,-0.2187,725.04,231.2,378.24,1141.21,703.48,685.36,0.1984,212.09,91.96,42.42,466.6,0.4336,0.3998,5.4513,0.807,0.0,0.0,0.0,TOR_PROXY_TUNNEL
26.4124,78.0,37.0,41.0,48298.58,24621.11,23677.48,1828.64,2.95,0.0195,619.21,291.97,181.25,1144.77,673.79,578.45,0.5591,106.31,51.73,21.26,233.88,0.4866,0.4742,5.6305,1.5854,0.0,1.0,0.0,TOR_PROXY_TUNNEL
20.6128,32.0,12.0,20.0,28373.52,5349.69,23023.83,1376.5,1.55,-0.6229,886.67,342.34,373.16,1500.0,1001.99,918.89,0.2575,644.15,703.85,128.83,1417.13,1.0927,0.1197,5.0317,3.0771,8.0,0.0,0.0,BENIGN_WEB
93.7685,1957.0,350.0,1607.0,2650892.59,143021.09,2507871.49,28270.62,20.87,-0.8921,1354.57,355.49,821.34,1500.0,1253.73,1451.73,0.4333,13.56,5.74,2.71,29.84,0.4235,0.1726,3.6762,2.6705,17.0,0.0,0.0,BENIGN_STREAMING
87.3638,1372.0,226.0,1146.0,1902696.41,94375.21,1808321.2,21778.99,15.7,-0.9008,1386.8,408.35,774.28,1500.0,1587.83,1186.36,0.3428,13.45,7.35,2.69,29.59,0.5461,0.1242,3.4005,2.5482,21.0,0.0,0.0,BENIGN_STREAMING
20.1831,44.0,12.0,32.0,41500.23,4211.91,37288.33,2056.18,2.18,-0.797,943.19,574.8,80.98,1500.0,997.48,930.73,0.3657,458.71,695.61,91.74,1009.16,1.5164,0.0595,4.4033,2.3525,17.0,0.0,0.0,BENIGN_WEB
30.0311,73.0,23.0,50.0,78816.64,9814.85,69001.8,2624.5,2.43,-0.7509,1079.68,396.83,484.43,1500.0,1221.34,1038.44,0.3828,411.39,383.46,82.28,905.05,0.9321,0.1124,4.4636,2.3479,16.0,0.0,0.0,BENIGN_WEB
73.3797,280.0,135.0,145.0,207839.95,88960.78,118879.18,2832.39,3.82,-0.1439,742.29,296.21,297.98,1275.46,713.78,847.04,0.2804,93.69,49.0,18.74,206.13,0.5229,0.2575,4.659,1.5756,0.0,1.0,1.0,TOR_PROXY_TUNNEL
119.9445,1629.0,228.0,1401.0,2101710.29,77051.3,2024658.99,17522.35,13.58,-0.9267,1290.18,389.19,706.4,1500.0,1115.44,1308.38,0.411,15.4,8.77,3.08,33.89,0.5694,0.1187,3.8311,2.2977,16.0,0.0,0.0,BENIGN_STREAMING
25.6533,38.0,14.0,24.0,32341.22,5021.89,27319.33,1260.7,1.48,-0.6894,851.08,329.67,356.58,1444.49,904.13,878.78,0.3903,675.09,680.22,135.02,1485.19,1.0076,0.1298,4.1362,2.9374,21.0,0.0,0.0,BENIGN_WEB
55.3482,281.0,138.0,143.0,195552.74,78868.32,116684.41,3533.13,5.08,-0.1934,695.92,228.02,353.89,1106.35,654.99,686.51,0.307,171.45,139.88,34.29,377.19,0.8159,0.4449,5.9876,1.6505,10.0,1.0,1.0,TOR_PROXY_TUNNEL
25.0966,40.0,14.0,26.0,26960.73,3316.92,23643.8,1074.28,1.59,-0.7539,674.02,351.71,146.46,1307.09,742.04,592.28,0.4621,627.41,1091.43,125.48,1380.31,1.7396,0.1332,4.5443,2.5574,18.0,0.0,0.0,BENIGN_WEB
31.0698,17.0,5.0,12.0,11875.54,2151.97,9723.57,382.22,0.55,-0.6376,698.56,532.23,40.0,1500.0,739.18,655.58,0.4254,1827.63,2945.13,365.53,4020.79,1.6114,0.1315,4.7572,3.0713,14.0,0.0,0.0,BENIGN_WEB
73.7138,342.0,181.0,161.0,249713.25,112581.04,137132.21,3387.6,4.64,-0.0983,730.16,185.2,452.36,1063.52,755.08,669.49,0.325,264.34,173.85,52.87,581.56,0.6577,0.3514,6.0008,1.2365,8.0,0.0,0.0,TOR_PROXY_TUNNEL
37.9746,261.0,136.0,125.0,151820.68,84816.99,67003.69,3997.95,6.87,0.1173,581.69,307.54,120.38,1135.26,617.2,505.88,0.5958,36.1,28.87,7.22,79.42,0.7998,0.4641,5.6828,1.01,10.0,1.0,0.0,TOR_PROXY_TUNNEL
22.9967,172.0,90.0,82.0,120267.66,52572.14,67695.52,5229.78,7.48,-0.1257,699.23,300.21,248.91,1239.61,653.66,796.0,0.2246,97.46,57.1,19.49,214.4,0.5859,0.2344,5.4791,1.2366,6.0,0.0,0.0,TOR_PROXY_TUNNEL
52.9308,248.0,126.0,122.0,174108.5,100703.29,73405.21,3289.36,4.69,0.1568,702.05,315.1,229.4,1269.23,600.21,775.57,0.2522,256.59,154.93,51.32,564.5,0.6038,0.4551,4.672,0.7647,5.0,1.0,1.0,TOR_PROXY_TUNNEL
45.2285,68.0,33.0,35.0,42996.0,24897.58,18098.42,950.64,1.5,0.1581,632.29,244.22,265.96,1071.89,560.84,593.08,0.3921,92.45,57.76,18.49,203.4,0.6247,0.4609,4.8053,1.4042,2.0,1.0,1.0,TOR_PROXY_TUNNEL
26.0065,32.0,9.0,23.0,26039.84,6217.51,19822.32,1001.28,1.23,-0.5225,813.74,512.68,44.73,1500.0,798.7,893.61,0.3752,812.7,1246.18,162.54,1787.95,1.5334,0.0666,4.4079,2.8406,16.0,0.0,0.0,BENIGN_WEB
29.7771,1936.0,279.0,1657.0,2420802.63,91932.87,2328869.77,81297.35,65.02,-0.924,1250.41,312.83,781.17,1500.0,1230.35,1435.1,0.1918,15.73,9.61,3.15,34.62,0.6107,0.1472,3.6922,2.4016,12.0,0.0,0.0,BENIGN_STREAMING
50.686,232.0,115.0,117.0,144769.82,60844.7,83925.12,2856.21,4.58,-0.1594,624.01,227.18,283.24,1032.92,649.24,619.52,0.4001,102.59,54.95,20.52,225.69,0.5357,0.2208,4.8969,1.4585,3.0,1.0,0.0,TOR_PROXY_TUNNEL
31.1762,26.0,10.0,16.0,19841.32,5357.65,14483.67,636.42,0.83,-0.4599,763.13,548.54,40.0,1500.0,789.62,738.79,0.4585,1199.09,1265.48,239.82,2637.99,1.0554,0.0981,3.7925,2.2009,13.0,0.0,0.0,BENIGN_WEB
24.0298,71.0,22.0,49.0,75699.18,11169.92,64529.26,3150.22,2.95,-0.7049,1066.19,471.71,358.62,1500.0,1118.03,1133.91,0.3282,338.45,381.72,67.69,744.59,1.1279,0.086,3.6788,2.497,12.0,0.0,0.0,BENIGN_WEB
122.9354,283.0,40.0,243.0,392119.9,10544.46,381575.44,3189.64,2.3,-0.9462,1385.58,291.14,948.88,1500.0,1489.16,1341.19,0.3208,21.83,7.92,4.37,48.03,0.363,0.1695,3.213,2.4563,14.0,0.0,0.0,BENIGN_STREAMING
27.7703,75.0,37.0,38.0,51431.81,20308.31,31123.5,1852.04,2.7,-0.2103,685.76,221.96,352.81,1085.29,757.67,764.46,0.2916,263.85,147.25,52.77,580.47,0.5581,0.441,5.4718,0.6635,6.0,1.0,1.0,TOR_PROXY_TUNNEL
26.5636,32.0,10.0,22.0,32909.66,3863.31,29046.35,1238.9,1.2,-0.7652,1028.43,571.57,171.07,1500.0,884.05,1059.93,0.3166,830.11,842.07,166.02,1826.25,1.0144,0.1044,4.2601,2.2466,20.0,0.0,0.0,BENIGN_WEB
15.8787,57.0,19.0,38.0,48746.24,7238.81,41507.44,3069.91,3.59,-0.703,855.2,353.55,324.88,1491.58,865.36,950.23,0.2808,278.57,292.99,55.71,612.86,1.0518,0.0973,4.82,2.2373,17.0,0.0,0.0,BENIGN_WEB
17.8057,127.0,61.0,66.0,77093.51,37572.63,39520.87,4329.72,7.13,-0.0253,607.04,257.75,220.41,1070.98,690.37,518.92,0.2631,121.74,88.31,24.35,267.83,0.7254,0.4203,6.014,1.7902,6.0,1.0,0.0,TOR_PROXY_TUNNEL
30.4098,78.0,22.0,56.0,53043.61,15330.37,37713.24,1744.29,2.56,-0.422,680.05,458.04,40.0,1500.0,620.62,606.53,0.5153,389.87,577.46,77.97,857.71,1.4812,0.1263,4.1526,2.2358,12.0,0.0,0.0,BENIGN_WEB
26.6898,23.0,6.0,17.0,16881.54,3811.06,13070.49,632.51,0.86,-0.5485,733.98,481.36,40.0,1500.0,746.77,833.71,0.5839,1160.43,1292.35,232.09,2552.94,1.1137,0.0727,5.0019,2.76,10.0,0.0,0.0,BENIGN_WEB
117.9559,533.0,101.0,432.0,697011.57,37789.62,659221.96,5909.09,4.52,-0.8916,1307.71,365.4,759.62,1500.0,1223.63,1167.42,0.5202,27.45,18.76,5.49,60.4,0.6831,0.1267,3.2207,2.4273,11.0,0.0,0.0,BENIGN_STREAMING
51.3168,249.0,126.0,123.0,138782.67,67310.85,71471.82,2704.43,4.85,-0.03,557.36,216.21,233.05,946.54,481.09,614.71,0.4546,162.37,88.23,32.47,357.2,0.5434,0.2407,5.7347,1.2531,7.0,1.0,1.0,TOR_PROXY_TUNNEL
42.2708,91.0,48.0,43.0,58884.46,24394.44,34490.02,1393.03,2.15,-0.1714,647.08,231.75,299.46,1064.23,609.07,721.03,0.5954,113.73,95.33,22.75,250.21,0.8382,0.3309,4.8143,1.5845,1.0,1.0,0.0,TOR_PROXY_TUNNEL
18.8983,51.0,21.0,30.0,47759.14,7867.27,39891.86,2527.16,2.7,-0.6705,936.45,355.14,403.74,1500.0,980.9,929.4,0.2933,370.56,501.73,74.11,815.22,1.354,0.1098,4.0285,2.3623,17.0,0.0,0.0,BENIGN_WEB
27.5414,76.0,31.0,45.0,60622.58,9783.08,50839.51,2201.14,2.76,-0.6772,797.67,324.69,310.63,1382.11,775.6,872.63,0.3667,362.39,493.79,72.48,797.25,1.3626,0.0775,4.2951,2.7193,8.0,0.0,0.0,BENIGN_WEB
15.4808,21.0,7.0,14.0,18790.43,4207.92,14582.52,1213.79,1.36,-0.5521,894.78,323.59,409.4,1477.25,1020.77,972.44,0.2422,737.18,826.03,147.44,1621.8,1.1205,0.041,3.8065,2.2267,14.0,0.0,0.0,BENIGN_WEB
7.7262,57.0,23.0,34.0,38849.74,6156.53,32693.21,5028.3,7.38,-0.6831,681.57,406.95,71.16,1414.08,668.44,763.96,0.2512,135.55,120.38,27.11,298.21,0.8881,0.0585,4.5051,2.7571,20.0,0.0,0.0,BENIGN_WEB
26.9706,34.0,9.0,25.0,25610.24,4262.35,21347.88,949.56,1.26,-0.6671,753.24,433.24,103.38,1500.0,732.15,815.87,0.2187,793.25,569.76,158.65,1745.16,0.7183,0.0465,4.606,3.0529,17.0,0.0,0.0,BENIGN_WEB
9.7296,34.0,12.0,22.0,27419.11,7496.85,19922.26,2818.13,3.49,-0.4532,806.44,469.1,102.8,1500.0,897.26,768.02,0.2978,286.16,269.22,57.23,629.56,0.9408,0.1087,4.1936,2.8985,10.0,0.0,0.0,BENIGN_WEB
14.3933,73.0,28.0,45.0,75455.95,8943.73,66512.22,5242.42,5.07,-0.7629,1033.64,501.6,281.24,1500.0,921.52,1144.23,0.6158,197.17,266.43,39.43,433.77,1.3513,0.1388,3.6458,2.9064,13.0,0.0,0.0,BENIGN_WEB
36.4941,1999.0,395.0,1604.0,2405693.46,177075.2,2228618.26,65920.02,54.78,-0.8528,1203.45,375.15,640.73,1500.0,1292.81,1281.66,0.2804,18.73,11.82,3.75,41.21,0.6311,0.162,3.1457,2.5379,21.0,0.0,0.0,BENIGN_STREAMING
37.2815,934.0,149.0,785.0,1177298.17,118471.42,1058826.75,31578.64,25.05,-0.7987,1260.49,271.41,853.37,1500.0,1289.84,1381.87,0.3758,19.89,7.82,3.98,43.75,0.3932,0.1548,3.6907,2.9078,21.0,0.0,0.0,BENIGN_STREAMING
61.302,103.0,53.0,50.0,77722.36,31476.69,46245.67,1267.86,1.68,-0.19,754.59,161.67,512.08,1045.59,692.02,814.93,0.2151,220.83,154.44,44.17,485.82,0.6994,0.3139,5.4706,0.96,7.0,1.0,1.0,TOR_PROXY_TUNNEL
70.0855,901.0,166.0,735.0,1165235.16,53935.23,1111299.92,16625.92,12.86,-0.9074,1293.27,393.78,702.6,1500.0,1427.86,1177.0,0.2477,16.0,9.68,3.2,35.2,0.6047,0.1492,3.7099,2.5244,17.0,0.0,0.0,BENIGN_STREAMING
61.8379,190.0,93.0,97.0,133901.84,66482.69,67419.15,2165.37,3.07,-0.007,704.75,242.74,340.64,1141.68,662.25,737.3,0.3836,262.13,128.6,52.43,576.68,0.4906,0.3381,5.8144,1.1813,11.0,1.0,0.0,TOR_PROXY_TUNNEL
48.677,313.0,152.0,161.0,231047.0,125539.24,105507.75,4746.54,6.43,0.0867,738.17,279.47,318.97,1241.21,812.74,759.76,0.3838,138.96,86.14,27.79,305.71,0.6199,0.4256,5.497,0.5756,11.0,1.0,1.0,TOR_PROXY_TUNNEL
28.3938,53.0,18.0,35.0,34603.64,3572.62,31031.02,1218.71,1.87,-0.7935,652.9,327.77,161.24,1242.89,600.8,603.89,0.4741,535.73,509.9,107.15,1178.61,0.9518,0.1209,4.4697,2.793,16.0,0.0,0.0,BENIGN_WEB
7.6683,83.0,25.0,58.0,67235.41,11801.92,55433.48,8767.97,10.82,-0.6489,810.07,467.14,109.35,1500.0,917.69,840.72,0.3169,92.39,111.17,18.48,203.26,1.2033,0.1019,4.9858,2.5206,19.0,0.0,0.0,BENIGN_WEB
55.8619,269.0,144.0,125.0,157809.59,71156.24,86653.36,2824.99,4.82,-0.0982,586.65,250.37,211.1,1037.32,608.36,636.31,0.3612,189.37,151.52,37.87,416.61,0.8001,0.2467,4.7145,0.1365,9.0,1.0,1.0,TOR_PROXY_TUNNEL
18.2648,1341.0,242.0,1099.0,1806517.34,167588.46,1638928.88,98907.11,73.42,-0.8145,1347.14,361.07,805.54,1500.0,1244.21,1349.06,0.2699,14.27,8.96,2.85,31.39,0.6281,0.1699,2.9059,2.5217,17.0,0.0,0.0,BENIGN_STREAMING
42.2136,186.0,92.0,94.0,116691.29,56624.5,60066.79,2764.31,4.41,-0.0295,627.37,207.23,316.53,1000.39,631.61,629.44,0.2492,168.46,122.35,33.69,370.61,0.7263,0.233,5.6575,0.0611,11.0,1.0,0.0,TOR_PROXY_TUNNEL
21.797,1012.0,169.0,843.0,1360258.55,51259.39,1308999.17,62405.66,46.43,-0.9246,1344.13,394.81,751.92,1500.0,1464.22,1211.54,0.3026,14.48,8.89,2.9,31.86,0.6135,0.0502,3.8954,2.2752,16.0,0.0,0.0,BENIGN_STREAMING
66.3015,866.0,124.0,742.0,1165846.06,49289.57,1116556.5,17583.99,13.06,-0.9154,1346.24,261.06,954.65,1500.0,1451.68,1304.0,0.3653,14.92,10.41,2.98,32.83,0.6978,0.1286,3.5574,2.3193,18.0,0.0,0.0,BENIGN_STREAMING
22.6578,64.0,17.0,47.0,50441.32,10617.13,39824.19,2226.22,2.82,-0.579,788.15,484.84,60.89,1500.0,770.45,699.11,0.3065,354.03,472.92,70.81,778.86,1.3358,0.123,4.8286,2.555,20.0,0.0,0.0,BENIGN_WEB
29.0995,83.0,31.0,52.0,52994.17,5065.66,47928.51,1821.14,2.85,-0.8088,638.48,376.0,74.48,1315.29,597.29,690.08,0.4184,350.6,570.33,70.12,771.31,1.6267,0.0611,4.7196,2.1162,12.0,0.0,0.0,BENIGN_WEB
24.003,66.0,18.0,48.0,58047.24,13861.85,44185.39,2418.33,2.75,-0.5224,879.5,418.32,252.02,1500.0,860.02,956.45,0.3056,363.68,537.02,72.74,800.1,1.4766,0.0329,3.7511,2.3104,15.0,0.0,0.0,BENIGN_WEB
23.3317,238.0,127.0,111.0,139523.37,78476.94,61046.43,5979.98,10.2,0.1249,586.23,163.65,340.76,880.8,546.87,632.9,0.4098,74.11,43.11,14.82,163.05,0.5817,0.2586,6.0301,1.1056,9.0,0.0,1.0,TOR_PROXY_TUNNEL
70.4686,230.0,118.0,112.0,168817.51,68436.1,100381.41,2395.64,3.26,-0.1892,733.99,286.31,304.53,1249.34,754.5,738.16,0.2922,107.12,79.46,21.42,235.66,0.7418,0.4268,5.7367,1.1209,11.0,1.0,0.0,TOR_PROXY_TUNNEL
21.4163,77.0,31.0,46.0,51165.79,12281.25,38884.53,2389.1,3.6,-0.5199,664.49,528.32,40.0,1500.0,723.08,565.07,0.4796,278.13,356.21,55.63,611.89,1.2807,0.0102,4.0883,2.4093,9.0,0.0,0.0,BENIGN_WEB
19.2792,78.0,23.0,55.0,67725.13,13581.99,54143.15,3512.86,4.05,-0.5989,868.27,343.26,353.37,1486.15,979.28,893.63,0.2957,247.17,223.19,49.43,543.77,0.903,0.1323,3.7032,2.2575,12.0,0.0,0.0,BENIGN_WEB
30.6802,78.0,27.0,51.0,67293.23,17052.01,50241.22,2193.38,2.54,-0.4932,862.73,361.5,320.48,1500.0,949.47,850.59,0.5486,393.34,541.04,78.67,865.34,1.3755,0.024,3.8119,2.7083,20.0,0.0,0.0,BENIGN_WEB
109.6976,1676.0,214.0,1462.0,2332945.89,63764.18,2269181.71,21267.07,15.28,-0.9453,1391.97,314.44,920.31,1500.0,1414.62,1555.03,0.3724,17.7,8.17,3.54,38.95,0.4615,0.0825,3.502,2.2564,20.0,0.0,0.0,BENIGN_STREAMING
73.4489,1008.0,128.0,880.0,1341786.45,65817.98,1275968.47,18268.31,13.72,-0.9019,1331.14,390.39,745.55,1500.0,1430.92,1280.91,0.4127,12.45,8.02,2.49,27.39,0.6443,0.0622,3.3138,2.3179,19.0,0.0,0.0,BENIGN_STREAMING
22.4074,2153.0,446.0,1707.0,2660954.28,149976.58,2510977.7,118753.59,96.08,-0.8873,1235.93,372.96,676.48,1500.0,1372.58,1403.73,0.4755,27.11,19.23,5.42,59.65,0.7092,0.1311,3.6162,2.3188,20.0,0.0,0.0,BENIGN_STREAMING
27.8202,29.0,9.0,20.0,19774.81,4349.63,15425.18,710.81,1.04,-0.5601,681.89,506.93,40.0,1500.0,609.47,731.52,0.3968,959.32,1035.11,191.86,2110.5,1.079,0.1073,3.6141,2.8033,12.0,0.0,0.0,BENIGN_WEB
19.937,40.0,15.0,25.0,26278.51,5875.46,20403.05,1318.08,2.01,-0.5528,656.96,498.74,40.0,1500.0,646.42,610.41,0.3406,498.42,411.32,99.68,1096.53,0.8252,0.0777,4.6902,2.6053,14.0,0.0,0.0,BENIGN_WEB
65.976,2149.0,413.0,1736.0,2831723.44,184900.9,2646822.54,42920.52,32.57,-0.8694,1317.69,352.56,788.85,1500.0,1188.02,1179.51,0.2583,11.84,9.17,2.37,26.05,0.7746,0.1506,3.2295,2.5837,19.0,0.0,0.0,BENIGN_STREAMING
74.0715,1662.0,296.0,1366.0,2043769.62,181366.18,1862403.43,27591.86,22.44,-0.8225,1229.7,331.63,732.26,1500.0,1047.64,1277.67,0.5614,8.32,5.5,1.66,18.3,0.6611,0.1126,3.8457,2.8062,13.0,0.0,0.0,BENIGN_STREAMING
75.4602,1076.0,193.0,883.0,1524704.66,44628.37,1480076.29,20205.41,14.26,-0.9415,1417.01,319.75,937.39,1500.0,1581.85,1415.71,0.2205,12.21,7.58,2.44,26.86,0.6206,0.1674,3.0174,2.6362,13.0,0.0,0.0,BENIGN_STREAMING
21.6592,1289.0,183.0,1106.0,1532923.66,99905.7,1433017.96,70774.58,59.51,-0.8697,1189.23,312.48,720.51,1500.0,1289.89,1242.36,0.2905,14.35,10.83,2.87,31.56,0.7546,0.0686,3.7128,2.3724,23.0,0.0,0.0,BENIGN_STREAMING
33.9042,2141.0,376.0,1765.0,2706769.38,117160.95,2589608.43,79835.7,63.15,-0.9134,1264.25,356.86,728.96,1500.0,1126.32,1089.17,0.2634,13.6,9.99,2.72,29.92,0.7349,0.1678,3.4509,2.8898,18.0,0.0,0.0,BENIGN_STREAMING
29.8955,52.0,15.0,37.0,43800.59,9182.21,34618.38,1465.12,1.74,-0.5807,842.32,532.77,43.17,1500.0,870.67,809.07,0.2876,574.91,883.92,114.98,1264.81,1.5375,0.1293,4.4772,2.6931,18.0,0.0,0.0,BENIGN_WEB
25.3806,17.0,5.0,12.0,12927.08,3443.69,9483.38,509.33,0.67,-0.4672,760.42,357.25,224.55,1403.46,844.42,811.98,0.5623,1492.98,1084.98,298.6,3284.55,0.7267,0.0352,4.6145,2.9548,15.0,0.0,0.0,BENIGN_WEB
11.7229,34.0,12.0,22.0,34833.49,8103.32,26730.17,2971.41,2.9,-0.5347,1024.51,469.73,319.92,1500.0,1008.32,1069.63,0.5216,344.79,588.13,68.96,758.54,1.7057,0.0719,3.8535,2.1352,18.0,0.0,0.0,BENIGN_WEB
74.381,393.0,64.0,329.0,471915.47,34956.44,436959.03,6344.57,5.28,-0.8519,1200.8,367.08,650.19,1500.0,1325.91,1359.61,0.5573,13.25,5.29,2.65,29.16,0.399,0.1197,3.7631,2.556,15.0,0.0,0.0,BENIGN_STREAMING
71.3818,248.0,120.0,128.0,174945.74,76469.85,98475.89,2450.84,3.47,-0.1258,705.43,203.43,400.29,1071.59,689.98,669.93,0.3762,47.24,24.72,9.45,103.93,0.5233,0.3056,5.6081,0.2522,4.0,0.0,0.0,TOR_PROXY_TUNNEL
50.5048,59.0,31.0,28.0,39223.91,20063.82,19160.09,776.64,1.17,0.023,664.81,206.56,354.97,1036.62,685.27,678.47,0.6154,166.74,82.77,33.35,366.82,0.4964,0.3246,4.6169,0.1222,11.0,0.0,0.0,TOR_PROXY_TUNNEL
9.4888,81.0,28.0,53.0,79376.34,21574.16,57802.18,8365.28,8.54,-0.4564,979.95,441.2,318.16,1500.0,1106.99,1077.59,0.2395,117.15,107.67,23.43,257.72,0.9191,0.0557,4.6012,2.1364,10.0,0.0,0.0,BENIGN_WEB
21.1822,59.0,18.0,41.0,45552.85,12900.5,32652.35,2150.53,2.79,-0.4336,772.08,549.5,40.0,1500.0,850.83,694.22,0.2181,359.02,524.94,71.8,789.84,1.4622,0.0129,3.8598,3.09,15.0,0.0,0.0,BENIGN_WEB
21.6467,20.0,6.0,14.0,18996.48,3390.29,15606.2,877.57,0.92,-0.6431,949.82,541.06,138.23,1500.0,880.34,1048.26,0.4323,1082.34,789.62,216.47,2381.14,0.7295,0.1186,4.4199,2.4,17.0,0.0,0.0,BENIGN_WEB
23.253,25.0,7.0,18.0,15776.92,3894.36,11882.56,678.49,1.08,-0.5063,631.08,577.68,40.0,1500.0,587.36,645.48,0.3351,930.12,1196.94,186.02,2046.26,1.2869,0.0706,4.6683,2.6948,15.0,0.0,0.0,BENIGN_WEB
120.753,1072.0,174.0,898.0,1359784.36,76295.51,1283488.85,11260.87,8.88,-0.8878,1268.46,242.2,905.16,1500.0,1268.47,1177.44,0.3146,15.77,10.3,3.15,34.69,0.6534,0.1572,3.6162,2.8199,18.0,0.0,0.0,BENIGN_STREAMING
24.8161,152.0,81.0,71.0,87776.18,43169.84,44606.35,3537.06,6.13,-0.0164,577.47,230.24,232.12,991.9,502.2,654.13,0.5529,138.7,97.11,27.74,305.14,0.7002,0.3545,5.3317,0.0457,5.0,1.0,1.0,TOR_PROXY_TUNNEL
81.1616,366.0,181.0,185.0,198360.01,91975.98,106384.03,2444.01,4.51,-0.0726,541.97,314.52,70.19,1108.09,555.58,535.83,0.2292,219.69,153.46,43.94,483.32,0.6985,0.3491,5.6788,1.6359,6.0,1.0,0.0,TOR_PROXY_TUNNEL
5.0379,68.0,28.0,40.0,66856.79,18477.02,48379.77,13270.89,13.5,-0.4473,983.19,364.24,436.84,1500.0,976.63,869.09,0.4018,74.09,58.18,14.82,162.99,0.7853,0.1087,4.3054,2.4304,18.0,0.0,0.0,BENIGN_WEB
26.5898,39.0,15.0,24.0,31917.63,7095.4,24822.23,1200.37,1.47,-0.5554,818.4,425.91,179.53,1500.0,729.94,852.36,0.536,681.79,751.63,136.36,1499.94,1.1024,0.046,3.8001,2.5757,8.0,0.0,0.0,BENIGN_WEB
25.2885,45.0,15.0,30.0,36665.34,10341.74,26323.6,1449.88,1.78,-0.4359,814.79,524.98,40.0,1500.0,755.27,885.54,0.4654,561.97,716.72,112.39,1236.33,1.2754,0.0649,4.3665,2.9891,16.0,0.0,0.0,BENIGN_WEB
24.0799,78.0,39.0,39.0,46702.87,19180.77,27522.1,1939.5,3.24,-0.1786,598.75,259.12,210.07,1065.18,589.35,626.9,0.2954,241.04,195.3,48.21,530.29,0.8102,0.4124,4.7297,1.005,11.0,1.0,1.0,TOR_PROXY_TUNNEL
39.7755,190.0,101.0,89.0,130364.66,75343.62,55021.04,3277.51,4.78,0.1559,686.13,193.32,396.14,1034.11,629.22,715.71,0.5202,164.22,86.63,32.84,361.29,0.5275,0.2853,5.8057,0.2626,7.0,1.0,0.0,TOR_PROXY_TUNNEL
31.7124,60.0,24.0,36.0,37875.99,7413.49,30462.5,1194.36,1.89,-0.6085,631.27,458.72,40.0,1456.97,575.53,560.01,0.1866,528.54,823.24,105.71,1162.79,1.5576,0.0991,4.5316,2.8879,16.0,0.0,0.0,BENIGN_WEB
96.4228,1548.0,208.0,1340.0,2176168.52,183711.64,1992456.88,22569.02,16.05,-0.8312,1405.79,343.8,890.09,1500.0,1551.89,1542.89,0.5017,8.4,3.12,1.68,18.48,0.3716,0.0513,3.6389,2.3344,20.0,0.0,0.0,BENIGN_STREAMING
21.3422,76.0,22.0,54.0,80428.03,9454.5,70973.52,3768.5,3.56,-0.7649,1058.26,571.46,201.07,1500.0,1140.21,1062.29,0.1985,280.82,309.97,56.16,617.8,1.1038,0.0814,4.754,2.1816,9.0,0.0,0.0,BENIGN_WEB
18.1625,73.0,20.0,53.0,68745.26,18234.02,50511.25,3785.01,4.02,-0.4695,941.72,352.42,413.08,1500.0,1012.41,1076.7,0.2013,248.8,340.5,49.76,547.36,1.3686,0.0199,4.2879,2.6141,14.0,0.0,0.0,BENIGN_WEB
22.9597,63.0,18.0,45.0,58829.16,12590.42,46238.74,2562.28,2.74,-0.572,933.8,528.7,140.74,1500.0,876.47,1008.04,0.3925,364.44,633.49,72.89,801.77,1.7383,0.1168,4.5382,2.7632,18.0,0.0,0.0,BENIGN_WEB
59.7809,1339.0,183.0,1156.0,1774380.92,162923.84,1611457.08,29681.42,22.4,-0.8164,1325.15,268.28,922.74,1500.0,1387.29,1221.62,0.192,22.5,17.3,4.5,49.5,0.7691,0.0598,3.7369,2.47,10.0,0.0,0.0,BENIGN_STREAMING
17.6586,56.0,22.0,34.0,43242.16,9306.95,33935.21,2448.78,3.17,-0.5695,772.18,495.33,40.0,1500.0,877.25,756.73,0.2761,315.33,538.69,63.07,693.73,1.7083,0.0324,3.8205,2.9792,20.0,0.0,0.0,BENIGN_WEB
106.028,2058.0,286.0,1772.0,2643684.99,234262.02,2409422.96,24933.83,19.41,-0.8228,1284.59,255.54,901.28,1500.0,1093.73,1126.09,0.2395,24.54,10.68,4.91,54.0,0.4351,0.1733,3.2966,2.3668,12.0,0.0,0.0,BENIGN_STREAMING
26.9875,26.0,9.0,17.0,18960.35,3730.65,15229.69,702.56,0.96,-0.6065,729.24,459.2,40.45,1500.0,733.09,621.09,0.343,1037.98,864.08,207.6,2283.56,0.8325,0.0853,3.744,2.9593,18.0,0.0,0.0,BENIGN_WEB
22.9246,83.0,27.0,56.0,78438.54,8479.49,69959.05,3421.59,3.62,-0.7838,945.04,498.67,197.03,1500.0,846.35,926.93,0.2786,276.2,318.88,55.24,607.64,1.1545,0.0546,4.7326,2.6913,11.0,0.0,0.0,BENIGN_WEB
93.3087,1910.0,418.0,1492.0,2448580.07,91517.11,2357062.95,26241.71,20.47,-0.9252,1281.98,404.98,674.52,1500.0,1277.19,1130.59,0.2859,12.38,8.84,2.48,27.24,0.7136,0.1054,3.2398,2.927,16.0,0.0,0.0,BENIGN_STREAMING
23.65,81.0,22.0,59.0,52289.93,6999.03,45290.9,2210.99,3.42,-0.7323,645.55,546.08,40.0,1500.0,738.74,740.96,0.2556,291.98,223.36,58.4,642.35,0.765,0.1248,4.2379,2.1081,12.0,0.0,0.0,BENIGN_WEB
65.4438,1891.0,409.0,1482.0,2392715.18,78950.74,2313764.43,36561.37,28.9,-0.934,1265.32,323.53,780.03,1500.0,1310.23,1227.33,0.3592,14.46,5.21,2.89,31.8,0.3607,0.1298,3.3283,2.226,11.0,0.0,0.0,BENIGN_STREAMING
38.1106,856.0,104.0,752.0,1190434.17,109785.23,1080648.93,31236.34,22.46,-0.8156,1390.69,416.24,766.33,1500.0,1544.96,1418.77,0.3857,27.9,19.96,5.58,61.39,0.7153,0.0714,3.1487,2.8136,13.0,0.0,0.0,BENIGN_STREAMING
20.1512,66.0,25.0,41.0,60425.45,6828.69,53596.76,2998.61,3.28,-0.774,915.54,504.22,159.2,1500.0,806.45,908.83,0.3865,305.32,333.38,61.06,671.71,1.0919,0.069,3.7841,2.753,12.0,0.0,0.0,BENIGN_WEB
100.2728,1567.0,240.0,1327.0,2052855.33,185196.9,1867658.43,20472.7,15.63,-0.8196,1310.05,253.51,929.8,1500.0,1362.17,1359.87,0.4818,14.7,11.22,2.94,32.34,0.7629,0.145,3.6533,2.2243,18.0,0.0,0.0,BENIGN_STREAMING
99.098,984.0,135.0,849.0,1177980.74,87275.7,1090705.04,11887.03,9.93,-0.8518,1197.13,348.08,675.01,1500.0,1301.41,1283.16,0.5051,8.04,3.91,1.61,17.69,0.4859,0.1274,3.7137,2.5309,18.0,0.0,0.0,BENIGN_STREAMING
78.3066,181.0,92.0,89.0,103996.67,50517.0,53479.68,1328.07,2.31,-0.0285,574.57,160.08,334.45,862.71,652.12,620.44,0.5595,104.28,46.64,20.86,229.42,0.4472,0.3267,5.3131,1.485,7.0,1.0,0.0,TOR_PROXY_TUNNEL
96.6013,1594.0,306.0,1288.0,2046445.16,191352.62,1855092.54,21184.44,16.5,-0.813,1283.84,256.15,899.61,1500.0,1366.55,1162.55,0.4137,10.49,7.79,2.1,23.08,0.742,0.1507,3.7107,2.8255,18.0,0.0,0.0,BENIGN_STREAMING
97.7818,1332.0,230.0,1102.0,1676652.03,47498.85,1629153.18,17146.87,13.62,-0.9433,1258.75,395.88,664.93,1500.0,1111.38,1395.67,0.3746,13.92,7.71,2.78,30.63,0.5539,0.1438,3.2402,2.2694,11.0,0.0,0.0,BENIGN_STREAMING
30.3382,23.0,6.0,17.0,22745.92,2228.71,20517.21,749.75,0.76,-0.804,988.95,526.52,199.17,1500.0,1130.78,921.81,0.4489,1319.05,2141.46,263.81,2901.91,1.6235,0.1394,4.2754,2.2586,19.0,0.0,0.0,BENIGN_WEB
71.8073,899.0,153.0,746.0,1265442.42,43597.21,1221845.22,17622.75,12.52,-0.9311,1407.61,307.16,946.87,1500.0,1450.21,1442.5,0.5882,26.29,15.31,5.26,57.84,0.5823,0.0693,3.2019,2.5726,19.0,0.0,0.0,BENIGN_STREAMING
89.1205,1474.0,306.0,1168.0,2016751.13,197620.84,1819130.29,22629.49,16.54,-0.804,1368.22,281.71,945.65,1500.0,1400.23,1182.72,0.4518,8.29,4.96,1.66,18.24,0.5982,0.1336,3.298,2.831,10.0,0.0,0.0,BENIGN_STREAMING
71.662,1859.0,225.0,1634.0,2200002.75,180677.4,2019325.36,30699.7,25.94,-0.8357,1183.43,340.69,672.4,1500.0,1287.14,1214.68,0.1876,16.64,8.49,3.33,36.6,0.5105,0.0854,3.6858,2.4763,21.0,0.0,0.0,BENIGN_STREAMING
34.743,389.0,53.0,336.0,487943.27,25438.64,462504.63,14044.35,11.2,-0.8957,1254.35,268.58,851.48,1500.0,1212.65,1164.11,0.249,15.71,5.78,3.14,34.56,0.3678,0.0818,3.8039,2.2277,17.0,0.0,0.0,BENIGN_STREAMING
118.373,1787.0,342.0,1445.0,2383277.63,157937.03,2225340.6,20133.63,15.1,-0.8675,1333.68,265.93,934.79,1500.0,1480.01,1252.09,0.2209,24.76,11.3,4.95,54.48,0.4563,0.0893,3.3319,2.4709,11.0,0.0,0.0,BENIGN_STREAMING
109.1139,734.0,108.0,626.0,975714.0,83914.03,891799.98,8942.16,6.73,-0.828,1329.31,283.08,904.68,1500.0,1188.94,1448.45,0.4346,12.12,7.46,2.42,26.67,0.6151,0.1312,3.3445,2.5302,23.0,0.0,0.0,BENIGN_STREAMING
19.6787,53.0,19.0,34.0,54915.11,12257.82,42657.29,2790.59,2.69,-0.5536,1036.13,464.08,340.01,1500.0,969.1,904.69,0.1884,371.3,628.02,74.26,816.85,1.6914,0.0182,4.5094,2.1182,21.0,0.0,0.0,BENIGN_WEB
136.6981,1745.0,224.0,1521.0,2143993.81,142837.09,2001156.72,15684.15,12.77,-0.8668,1228.65,257.25,842.77,1500.0,1097.53,1048.55,0.5186,20.81,8.3,4.16,45.79,0.3987,0.1568,3.3776,2.6205,23.0,0.0,0.0,BENIGN_STREAMING
26.012,49.0,14.0,35.0,40853.85,4888.43,35965.41,1570.58,1.88,-0.7607,833.75,558.24,40.0,1500.0,862.63,862.34,0.5114,530.86,703.84,106.17,1167.89,1.3259,0.1272,4.3982,2.6625,13.0,0.0,0.0,BENIGN_WEB
22.4944,82.0,29.0,53.0,85525.11,21573.54,63951.56,3802.07,3.65,-0.4955,1042.99,469.75,338.36,1500.0,1013.58,954.67,0.5935,274.32,251.53,54.86,603.51,0.9169,0.0586,4.8099,3.0622,20.0,0.0,0.0,BENIGN_WEB
104.8168,2161.0,361.0,1800.0,2970038.36,87857.71,2882180.65,28335.51,20.62,-0.9408,1374.38,365.55,826.05,1500.0,1396.89,1405.29,0.5303,13.44,7.26,2.69,29.58,0.5402,0.0732,3.8659,2.7982,18.0,0.0,0.0,BENIGN_STREAMING
7.0523,25.0,8.0,17.0,18028.08,3077.52,14950.56,2556.35,3.54,-0.6586,721.12,443.44,55.96,1500.0,767.25,772.88,0.4972,282.09,401.68,56.42,620.6,1.4239,0.0991,3.7416,2.2473,18.0,0.0,0.0,BENIGN_WEB
36.4787,1562.0,323.0,1239.0,2138550.85,115945.28,2022605.57,58624.57,42.82,-0.8916,1369.11,344.96,851.68,1500.0,1273.78,1313.38,0.2713,18.52,11.98,3.7,40.75,0.6465,0.0946,3.5042,2.6331,17.0,0.0,0.0,BENIGN_STREAMING
17.6706,30.0,12.0,18.0,31842.55,4627.25,27215.29,1802.01,1.7,-0.7094,1061.42,554.23,230.08,1500.0,1205.36,1074.35,0.5504,589.02,879.8,117.8,1295.84,1.4937,0.0518,5.0353,2.9727,16.0,0.0,0.0,BENIGN_WEB
50.8401,181.0,94.0,87.0,133257.36,69981.89,63275.47,2621.11,3.56,0.0503,736.23,237.67,379.73,1164.03,720.68,774.75,0.4217,83.58,36.37,16.72,183.88,0.4352,0.4089,4.6132,0.0651,7.0,1.0,1.0,TOR_PROXY_TUNNEL
58.8987,1900.0,308.0,1592.0,2457174.94,143926.78,2313248.16,41718.69,32.26,-0.8829,1293.25,278.78,875.08,1500.0,1215.37,1127.94,0.3981,25.89,18.45,5.18,56.96,0.7126,0.1077,3.2867,2.6242,13.0,0.0,0.0,BENIGN_STREAMING
41.6489,1827.0,381.0,1446.0,2339082.29,200755.79,2138326.5,56161.93,43.87,-0.8283,1280.29,266.31,880.81,1500.0,1286.48,1161.57,0.3496,16.29,7.27,3.26,35.84,0.446,0.083,3.4868,2.6989,20.0,0.0,0.0,BENIGN_STREAMING
42.3052,114.0,61.0,53.0,61633.42,27804.65,33828.76,1456.88,2.69,-0.0977,540.64,318.23,63.29,1113.46,581.14,468.7,0.5916,201.02,84.46,40.2,442.24,0.4202,0.357,4.9674,1.3786,0.0,0.0,0.0,TOR_PROXY_TUNNEL
86.2925,352.0,53.0,299.0,424883.6,31184.68,393698.92,4923.76,4.08,-0.8532,1207.06,330.59,711.18,1500.0,1378.28,1107.39,0.3377,10.43,6.29,2.09,22.95,0.6026,0.063,3.7235,2.6545,21.0,0.0,0.0,BENIGN_STREAMING
4.2108,33.0,13.0,20.0,32166.38,8560.4,23605.98,7638.97,7.84,-0.4677,974.74,563.07,130.13,1500.0,1058.88,1107.98,0.3145,127.6,196.75,25.52,280.72,1.5419,0.1167,3.6437,2.6096,8.0,0.0,0.0,BENIGN_WEB
18.1796,22.0,9.0,13.0,16808.75,3690.96,13117.79,924.59,1.21,-0.5608,764.03,460.66,73.04,1500.0,741.77,679.42,0.518,826.35,964.43,165.27,1817.96,1.1671,0.1215,4.6825,2.3794,19.0,0.0,0.0,BENIGN_WEB
46.2456,1481.0,305.0,1176.0,2084621.04,105856.7,1978764.34,45077.14,32.02,-0.8984,1407.58,336.75,902.45,1500.0,1197.01,1422.47,0.4086,6.98,4.22,1.4,15.36,0.6041,0.0803,3.659,2.334,17.0,0.0,0.0,BENIGN_STREAMING
143.4173,510.0,99.0,411.0,725494.51,51743.24,673751.27,5058.63,3.56,-0.8574,1422.54,379.99,852.55,1500.0,1214.38,1554.64,0.5373,14.69,7.26,2.94,32.33,0.4943,0.0846,3.1929,2.4289,13.0,0.0,0.0,BENIGN_STREAMING
22.8708,20.0,8.0,12.0,13514.98,3365.62,10149.36,590.93,0.87,-0.5019,675.75,455.04,40.0,1494.82,635.34,730.65,0.5219,1143.54,1012.07,228.71,2515.79,0.885,0.0142,3.9993,2.1908,14.0,0.0,0.0,BENIGN_WEB
10.4548,50.0,19.0,31.0,50065.23,7488.3,42576.93,4788.75,4.78,-0.7009,1001.3,418.01,374.29,1500.0,936.61,963.74,0.5185,209.1,286.34,41.82,460.01,1.3694,0.0661,4.8685,2.1911,9.0,0.0,0.0,BENIGN_WEB
24.1265,56.0,22.0,34.0,37047.49,6719.14,30328.35,1535.55,2.32,-0.6373,661.56,336.42,156.93,1267.12,689.31,662.29,0.4248,430.83,412.4,86.17,947.83,0.9572,0.0712,4.3808,2.8314,12.0,0.0,0.0,BENIGN_WEB
17.3067,16.0,4.0,12.0,10734.4,2791.99,7942.41,620.25,0.92,-0.4798,670.9,514.09,40.0,1500.0,709.79,655.64,0.5093,1081.67,1344.61,216.33,2379.67,1.2431,0.0226,4.4208,2.529,9.0,0.0,0.0,BENIGN_WEB
2.3056,35.0,13.0,22.0,36714.2,5659.97,31054.23,15924.15,15.18,-0.6917,1048.98,401.7,446.43,1500.0,1104.28,1084.02,0.5489,65.87,68.48,13.17,144.92,1.0395,0.0984,4.2325,2.8587,9.0,0.0,0.0,BENIGN_WEB
15.7835,50.0,18.0,32.0,43881.13,11082.12,32799.01,2780.19,3.17,-0.4949,877.62,484.08,151.5,1500.0,928.32,951.45,0.3064,315.67,223.12,63.13,694.48,0.7068,0.1211,4.8877,2.8685,16.0,0.0,0.0,BENIGN_WEB
89.7363,957.0,204.0,753.0,1217525.22,131950.45,1085574.77,13567.8,10.66,-0.7832,1272.23,282.47,848.52,1500.0,1229.87,1228.41,0.3218,7.24,3.31,1.45,15.93,0.4567,0.099,3.3524,2.3393,15.0,0.0,0.0,BENIGN_STREAMING
71.0056,267.0,47.0,220.0,319153.0,25378.47,293774.53,4494.76,3.76,-0.841,1195.33,414.74,573.22,1500.0,1121.42,1137.65,0.5175,19.48,8.19,3.9,42.86,0.4204,0.1739,3.8504,2.9395,11.0,0.0,0.0,BENIGN_STREAMING
154.4762,2079.0,454.0,1625.0,2619209.06,150109.89,2469099.17,16955.42,13.46,-0.8854,1259.84,342.04,746.78,1500.0,1324.46,1312.34,0.4529,24.37,16.67,4.87,53.62,0.6839,0.1545,3.011,2.7686,23.0,0.0,0.0,BENIGN_STREAMING
27.5734,34.0,10.0,24.0,25049.61,6658.58,18391.03,908.47,1.23,-0.4684,736.75,463.88,40.93,1500.0,637.54,821.34,0.457,810.98,888.11,162.2,1784.16,1.0951,0.1156,4.0088,2.8677,17.0,0.0,0.0,BENIGN_WEB
70.4431,213.0,107.0,106.0,162526.05,87743.76,74782.28,2307.2,3.02,0.0798,763.03,253.76,382.4,1219.8,825.38,689.18,0.1888,182.21,83.13,36.44,400.85,0.4562,0.2284,5.4977,1.561,8.0,0.0,0.0,TOR_PROXY_TUNNEL
18.9963,22.0,6.0,16.0,20520.04,4732.67,15787.37,1080.21,1.16,-0.5387,932.73,363.9,386.87,1500.0,814.59,807.6,0.2462,863.47,604.9,172.69,1899.63,0.7006,0.0778,3.7667,2.5427,14.0,0.0,0.0,BENIGN_WEB
15.7896,61.0,24.0,37.0,38065.53,4653.34,33412.19,2410.8,3.86,-0.7555,624.03,500.2,40.0,1500.0,571.97,541.95,0.2049,258.85,338.47,51.77,569.46,1.3076,0.0796,4.7093,2.7982,16.0,0.0,0.0,BENIGN_WEB
89.9462,2031.0,261.0,1770.0,2679297.74,84820.18,2594477.56,29787.77,22.58,-0.9367,1319.2,249.63,944.76,1500.0,1253.93,1232.27,0.5646,17.0,7.08,3.4,37.39,0.4164,0.111,3.3446,2.698,19.0,0.0,0.0,BENIGN_STREAMING
30.0706,35.0,13.0,22.0,22590.64,6047.04,16543.6,751.25,1.16,-0.4646,645.45,453.31,40.0,1461.41,677.47,645.87,0.5573,859.16,972.96,171.83,1890.15,1.1325,0.1399,3.76,2.8906,20.0,0.0,0.0,BENIGN_WEB
96.9456,577.0,110.0,467.0,810369.55,64893.06,745476.48,8359.02,5.95,-0.8398,1404.45,334.59,902.57,1500.0,1376.51,1427.35,0.3747,7.96,6.17,1.59,17.52,0.7748,0.0751,3.7163,2.2088,20.0,0.0,0.0,BENIGN_STREAMING
5.8455,38.0,14.0,24.0,30868.23,6686.25,24181.98,5280.73,6.5,-0.5668,812.32,472.67,103.32,1500.0,847.91,748.06,0.5552,153.83,232.5,30.77,338.42,1.5115,0.0227,4.3423,2.582,9.0,0.0,0.0,BENIGN_WEB
146.9636,555.0,107.0,448.0,793728.2,81631.29,712096.91,5400.85,3.78,-0.7943,1430.14,386.68,850.13,1500.0,1554.37,1304.47,0.4594,15.64,5.79,3.13,34.4,0.3705,0.1003,3.2794,2.7978,19.0,0.0,0.0,BENIGN_STREAMING
24.7134,68.0,35.0,33.0,52783.67,21754.64,31029.03,2135.83,2.75,-0.1757,776.23,291.28,339.3,1300.54,840.94,694.99,0.5154,163.7,105.98,32.74,360.15,0.6474,0.3307,5.7396,0.801,0.0,0.0,1.0,TOR_PROXY_TUNNEL
45.6853,361.0,53.0,308.0,498945.97,27851.21,471094.76,10921.37,7.9,-0.8884,1382.12,398.57,784.27,1500.0,1419.32,1286.77,0.2851,18.5,14.41,3.7,40.7,0.7789,0.1224,3.3734,2.9349,17.0,0.0,0.0,BENIGN_STREAMING
98.4087,666.0,138.0,528.0,841624.49,89196.86,752427.63,8552.34,6.77,-0.788,1263.7,271.76,856.06,1500.0,1300.86,1352.55,0.3934,11.48,8.26,2.3,25.25,0.7194,0.0607,2.9985,2.7872,22.0,0.0,0.0,BENIGN_STREAMING
79.5854,577.0,91.0,486.0,788225.86,52099.48,736126.38,9904.15,7.25,-0.8678,1366.08,246.48,996.36,1500.0,1302.81,1166.51,0.3024,25.44,18.67,5.09,55.96,0.7339,0.0971,3.6842,2.9175,18.0,0.0,0.0,BENIGN_STREAMING
77.6328,357.0,183.0,174.0,261687.43,131256.65,130430.77,3370.83,4.6,0.0032,733.02,193.18,443.25,1080.74,666.51,624.32,0.1944,144.61,88.36,28.92,318.14,0.611,0.3525,4.6117,0.7548,4.0,1.0,0.0,TOR_PROXY_TUNNEL
15.5562,51.0,24.0,27.0,37918.87,18490.25,19428.62,2437.53,3.28,-0.0247,743.51,244.25,377.13,1183.16,786.07,762.55,0.4841,139.1,112.67,27.82,306.02,0.81,0.255,5.2532,0.4468,4.0,0.0,0.0,TOR_PROXY_TUNNEL
78.3003,236.0,114.0,122.0,159074.58,95773.25,63301.33,2031.6,3.01,0.2041,674.04,238.31,316.57,1103.01,773.13,734.71,0.5066,161.24,101.05,32.25,354.74,0.6267,0.3947,5.8095,1.4327,10.0,0.0,0.0,TOR_PROXY_TUNNEL
22.9008,83.0,32.0,51.0,72830.88,16257.88,56573.0,3180.27,3.62,-0.5535,877.48,554.43,45.84,1500.0,916.91,942.34,0.3001,275.91,237.78,55.18,607.01,0.8618,0.0398,4.1034,2.8502,13.0,0.0,0.0,BENIGN_WEB
1.9428,40.0,14.0,26.0,38249.14,5434.93,32814.21,19688.05,20.59,-0.7158,956.23,578.15,89.0,1500.0,1031.58,962.38,0.3259,48.57,77.89,9.71,106.85,1.6037,0.0268,5.0289,2.9327,10.0,0.0,0.0,BENIGN_WEB
17.319,27.0,9.0,18.0,24049.31,3960.12,20089.19,1388.6,1.56,-0.6707,890.72,326.35,401.19,1478.14,821.99,770.68,0.2897,641.45,451.8,128.29,1411.18,0.7044,0.0735,4.416,2.2524,9.0,0.0,0.0,BENIGN_WEB
14.5847,83.0,30.0,53.0,83413.06,21179.82,62233.24,5719.21,5.69,-0.4922,1004.98,430.73,358.88,1500.0,904.69,1021.35,0.3385,175.72,306.4,35.14,386.58,1.7437,0.0882,4.8067,2.2358,12.0,0.0,0.0,BENIGN_WEB
18.4794,31.0,9.0,22.0,29662.85,3966.43,25696.42,1605.19,1.68,-0.7326,956.87,512.47,188.16,1500.0,972.59,1006.26,0.5672,596.11,903.64,119.22,1311.44,1.5159,0.0101,4.9401,2.4486,11.0,0.0,0.0,BENIGN_WEB
60.6194,1621.0,323.0,1298.0,2183820.95,217911.11,1965909.84,36025.11,26.74,-0.8004,1347.21,330.74,851.1,1500.0,1408.69,1281.5,0.2671,10.91,6.29,2.18,24.0,0.577,0.1681,3.7306,2.6025,22.0,0.0,0.0,BENIGN_STREAMING
48.2866,375.0,200.0,175.0,264896.38,106838.62,158057.76,5485.92,7.77,-0.1934,706.39,281.02,284.86,1212.23,605.27,762.17,0.4283,81.24,65.19,16.25,178.73,0.8024,0.3319,5.5755,0.5512,5.0,1.0,0.0,TOR_PROXY_TUNNEL
23.4582,35.0,12.0,23.0,22213.31,3949.6,18263.71,946.93,1.49,-0.6444,634.67,538.51,40.0,1500.0,685.23,619.8,0.2641,670.23,954.58,134.05,1474.51,1.4243,0.1243,4.8871,2.1249,21.0,0.0,0.0,BENIGN_WEB
51.3515,268.0,142.0,126.0,175707.44,104137.75,71569.69,3421.66,5.22,0.1854,655.62,173.53,395.33,967.97,691.4,634.61,0.4425,65.14,51.15,13.03,143.3,0.7852,0.2629,5.0088,0.5796,2.0,1.0,0.0,TOR_PROXY_TUNNEL
77.3096,408.0,59.0,349.0,561542.78,39256.87,522285.91,7263.55,5.28,-0.8602,1376.33,271.37,969.27,1500.0,1215.48,1200.32,0.4099,16.56,8.31,3.31,36.43,0.5017,0.1386,3.4901,2.5389,10.0,0.0,0.0,BENIGN_STREAMING
15.0971,189.0,93.0,96.0,134766.55,67957.3,66809.25,8926.67,12.52,0.0085,713.05,188.44,430.39,1052.24,713.19,681.38,0.4327,213.31,163.73,42.66,469.27,0.7676,0.4104,5.0154,0.1569,10.0,1.0,1.0,TOR_PROXY_TUNNEL
126.0894,698.0,139.0,559.0,975074.03,82881.75,892192.28,7733.2,5.54,-0.83,1396.95,382.33,823.46,1500.0,1541.57,1522.94,0.5336,10.39,5.71,2.08,22.85,0.5494,0.0949,3.513,2.9649,19.0,0.0,0.0,BENIGN_STREAMING
8.1332,39.0,13.0,26.0,33217.28,4970.69,28246.59,4084.16,4.8,-0.7007,851.73,342.57,337.86,1468.36,972.52,789.76,0.5918,208.54,281.22,41.71,458.8,1.3485,0.0167,4.1711,2.7403,11.0,0.0,0.0,BENIGN_WEB
41.5091,151.0,75.0,76.0,95895.57,42515.33,53380.24,2310.23,3.64,-0.1133,635.07,266.16,235.82,1114.16,588.42,561.05,0.3084,209.7,161.88,41.94,461.35,0.7719,0.457,5.198,0.4853,4.0,1.0,0.0,TOR_PROXY_TUNNEL
45.6639,137.0,73.0,64.0,87777.66,52925.99,34851.67,1922.26,3.0,0.2059,640.71,221.63,308.27,1039.65,568.39,628.62,0.3783,211.96,89.19,42.39,466.3,0.4208,0.3858,5.0514,0.8822,8.0,1.0,0.0,TOR_PROXY_TUNNEL
12.3848,62.0,25.0,37.0,47682.41,7535.4,40147.01,3850.08,5.01,-0.6839,769.07,536.26,40.0,1500.0,680.04,816.08,0.2131,199.75,181.69,39.95,439.46,0.9096,0.1372,4.5135,2.1032,12.0,0.0,0.0,BENIGN_WEB
53.2161,95.0,48.0,47.0,53552.89,22859.67,30693.23,1006.33,1.79,-0.1463,563.71,285.47,135.52,1077.55,574.07,626.43,0.4119,84.41,38.57,16.88,185.7,0.4569,0.2272,4.66,1.4018,10.0,0.0,0.0,TOR_PROXY_TUNNEL
147.9215,1078.0,131.0,947.0,1514161.55,151779.29,1362382.26,10236.25,7.29,-0.7995,1404.6,394.72,812.52,1500.0,1513.58,1513.19,0.1935,10.5,7.41,2.1,23.09,0.7061,0.0695,3.1048,2.5382,22.0,0.0,0.0,BENIGN_STREAMING
34.7393,177.0,91.0,86.0,109637.15,45904.14,63733.01,3155.99,5.1,-0.1626,619.42,258.85,231.14,1085.35,601.91,704.74,0.2237,233.18,166.21,46.64,512.99,0.7128,0.2312,5.4426,1.0754,5.0,1.0,1.0,TOR_PROXY_TUNNEL
104.9594,498.0,81.0,417.0,654379.46,25754.21,628625.25,6234.6,4.74,-0.9213,1314.01,322.16,830.77,1500.0,1211.54,1240.93,0.5342,10.17,5.47,2.03,22.38,0.5378,0.1732,3.2515,2.6364,20.0,0.0,0.0,BENIGN_STREAMING
153.6928,1270.0,154.0,1116.0,1650146.86,136713.62,1513433.24,10736.66,8.26,-0.8343,1299.33,341.41,787.21,1500.0,1150.34,1442.38,0.5433,26.95,19.71,5.39,59.29,0.7312,0.0845,3.4398,2.2672,18.0,0.0,0.0,BENIGN_STREAMING
3.4939,17.0,4.0,13.0,14346.67,1631.76,12714.91,4106.2,4.87,-0.7725,843.92,320.1,363.78,1420.1,936.66,899.14,0.2028,205.52,327.48,41.1,452.15,1.5934,0.0226,4.8286,2.3761,9.0,0.0,0.0,BENIGN_WEB
20.5575,74.0,20.0,54.0,76119.79,16062.79,60057.0,3702.78,3.6,-0.578,1028.65,482.57,304.8,1500.0,886.08,1015.51,0.325,277.8,430.66,55.56,611.17,1.5502,0.0855,4.4423,2.7038,18.0,0.0,0.0,BENIGN_WEB
66.6062,157.0,80.0,77.0,88956.2,50850.29,38105.91,1335.55,2.36,0.1433,566.6,208.19,254.32,941.34,508.11,555.61,0.2952,277.18,205.65,55.44,609.79,0.7419,0.4214,5.5834,0.0582,8.0,1.0,1.0,TOR_PROXY_TUNNEL
21.2813,16.0,5.0,11.0,16797.55,4074.86,12722.69,789.31,0.75,-0.5148,1049.85,531.57,252.49,1500.0,1150.88,1173.1,0.5732,1330.08,1950.99,266.02,2926.18,1.4668,0.0135,4.2542,3.0747,9.0,0.0,0.0,BENIGN_WEB
20.6458,33.0,10.0,23.0,23275.41,6637.81,16637.6,1127.37,1.6,-0.4296,705.32,549.54,40.0,1500.0,606.69,729.44,0.5701,625.63,494.9,125.13,1376.39,0.791,0.052,4.6916,2.6182,9.0,0.0,0.0,BENIGN_WEB
19.4476,27.0,8.0,19.0,16925.24,1805.99,15119.25,870.3,1.39,-0.7866,626.86,337.78,120.19,1234.87,542.45,610.36,0.1845,720.28,1051.57,144.06,1584.62,1.4599,0.0453,4.3066,2.2906,21.0,0.0,0.0,BENIGN_WEB
17.3365,83.0,32.0,51.0,83264.46,11458.37,71806.09,4802.84,4.79,-0.7248,1003.19,444.35,336.66,1500.0,1101.74,1081.92,0.3213,208.87,222.52,41.77,459.52,1.0653,0.1126,3.7853,2.9773,19.0,0.0,0.0,BENIGN_WEB
28.5295,52.0,21.0,31.0,38703.32,7211.39,31491.94,1356.61,1.82,-0.6274,744.29,539.93,40.0,1500.0,704.27,639.9,0.5807,548.64,885.22,109.73,1207.02,1.6135,0.1033,4.5019,2.6229,8.0,0.0,0.0,BENIGN_WEB
40.4119,363.0,183.0,180.0,198836.92,108561.77,90275.15,4920.26,8.98,0.092,547.76,296.69,102.72,1081.81,572.6,556.81,0.4041,75.53,39.15,15.11,166.16,0.5183,0.2987,5.5949,0.7024,6.0,1.0,0.0,TOR_PROXY_TUNNEL
40.283,200.0,101.0,99.0,114352.08,63878.5,50473.59,2838.72,4.96,0.1172,571.76,187.53,290.47,909.31,628.19,504.28,0.5683,159.84,127.74,31.97,351.65,0.7992,0.3721,5.4738,1.2412,7.0,1.0,1.0,TOR_PROXY_TUNNEL
30.5788,38.0,12.0,26.0,27345.57,7637.07,19708.5,894.27,1.24,-0.4414,719.62,436.82,64.39,1500.0,804.05,801.8,0.3757,804.7,780.92,160.94,1770.35,0.9704,0.0216,3.7597,2.9838,17.0,0.0,0.0,BENIGN_WEB
8.0571,60.0,22.0,38.0,45512.24,12549.82,32962.42,5648.74,7.45,-0.4485,758.54,476.26,44.15,1500.0,813.16,649.46,0.3784,134.28,232.29,26.86,295.43,1.7298,0.0964,4.3828,2.3757,15.0,0.0,0.0,BENIGN_WEB
21.0234,33.0,12.0,21.0,31247.6,3525.16,27722.44,1486.32,1.57,-0.7744,946.9,514.02,175.87,1500.0,931.97,892.52,0.2724,637.07,758.82,127.41,1401.56,1.1911,0.0188,4.3217,2.493,13.0,0.0,0.0,BENIGN_WEB
27.2129,51.0,18.0,33.0,51140.25,9331.92,41808.33,1879.26,1.87,-0.635,1002.75,340.81,491.53,1500.0,1142.64,857.42,0.194,533.59,607.06,106.72,1173.89,1.1377,0.0724,4.6986,2.1156,9.0,0.0,0.0,BENIGN_WEB
6.0564,30.0,10.0,20.0,27490.07,6426.51,21063.56,4539.03,4.95,-0.5324,916.34,540.92,104.95,1500.0,852.27,821.96,0.233,201.88,253.14,40.38,444.13,1.2539,0.0167,4.0605,2.9061,11.0,0.0,0.0,BENIGN_WEB
11.1955,67.0,23.0,44.0,46130.87,8000.17,38130.7,4120.47,5.98,-0.6532,688.52,424.48,51.81,1452.58,704.75,761.3,0.472,167.1,143.37,33.42,367.61,0.858,0.1025,3.8547,2.1477,20.0,0.0,0.0,BENIGN_WEB
105.1523,1300.0,175.0,1125.0,1814821.17,56410.64,1758410.53,17258.98,12.36,-0.9378,1396.02,393.69,805.49,1500.0,1451.44,1225.95,0.3491,12.63,9.77,2.53,27.79,0.7737,0.1355,3.7294,2.3715,12.0,0.0,0.0,BENIGN_STREAMING
34.8997,138.0,67.0,71.0,107002.88,51562.64,55440.25,3066.01,3.95,-0.0362,775.38,204.65,468.4,1143.76,715.54,823.24,0.486,195.23,104.24,39.05,429.51,0.5339,0.292,4.7204,0.989,4.0,1.0,0.0,TOR_PROXY_TUNNEL
17.6165,81.0,31.0,50.0,74169.07,19652.44,54516.62,4210.19,4.6,-0.4701,915.67,460.71,224.6,1500.0,1006.8,928.24,0.2753,217.49,309.2,43.5,478.47,1.4217,0.0615,4.006,2.4554,8.0,0.0,0.0,BENIGN_WEB
21.3588,131.0,66.0,65.0,95113.02,47551.93,47561.09,4453.1,6.13,-0.0001,726.05,189.46,441.87,1067.08,628.93,678.31,0.5938,253.52,140.68,50.7,557.74,0.5549,0.2249,5.1981,0.0073,3.0,1.0,1.0,TOR_PROXY_TUNNEL
30.2381,23.0,7.0,16.0,19466.51,3594.24,15872.27,643.77,0.76,-0.6307,846.37,405.29,238.43,1500.0,789.54,870.98,0.5951,1314.7,1429.73,262.94,2892.34,1.0875,0.1365,3.6777,2.7769,10.0,0.0,0.0,BENIGN_WEB
31.8449,44.0,12.0,32.0,42078.52,11916.46,30162.06,1321.36,1.38,-0.4336,956.33,503.61,200.91,1500.0,828.11,849.89,0.5051,723.75,569.27,144.75,1592.25,0.7866,0.0993,3.6988,2.6014,14.0,0.0,0.0,BENIGN_WEB
16.561,31.0,10.0,21.0,33352.0,4760.59,28591.41,2013.89,1.87,-0.7145,1075.87,480.2,355.57,1500.0,1058.92,1156.06,0.416,534.23,541.51,106.85,1175.3,1.0136,0.0969,3.8971,2.8979,21.0,0.0,0.0,BENIGN_WEB
128.6248,1798.0,296.0,1502.0,2552854.84,170333.0,2382521.84,19847.3,13.98,-0.8666,1419.83,258.66,1031.84,1500.0,1618.81,1601.36,0.2984,27.92,15.98,5.58,61.42,0.5723,0.1751,3.5653,2.6801,22.0,0.0,0.0,BENIGN_STREAMING
28.3609,57.0,20.0,37.0,39101.45,6431.62,32669.83,1378.71,2.01,-0.671,685.99,391.25,99.12,1390.24,621.48,738.88,0.4315,497.56,783.25,99.51,1094.63,1.5742,0.0212,4.1531,2.9993,16.0,0.0,0.0,BENIGN_WEB
17.4591,57.0,21.0,36.0,38614.29,8032.59,30581.71,2211.7,3.26,-0.584,677.44,572.33,40.0,1500.0,708.67,747.14,0.2008,306.3,371.06,61.26,673.86,1.2114,0.1343,4.7099,3.0015,17.0,0.0,0.0,BENIGN_WEB
5.6019,83.0,23.0,60.0,79884.12,22229.76,57654.36,14260.19,14.82,-0.4434,962.46,503.04,207.9,1500.0,1040.71,988.95,0.4975,67.49,59.19,13.5,148.48,0.877,0.0797,4.8835,2.4761,12.0,0.0,0.0,BENIGN_WEB
22.0318,25.0,8.0,17.0,25377.04,5255.75,20121.29,1151.84,1.13,-0.5858,1015.08,543.96,199.15,1500.0,1068.69,1153.8,0.2391,881.27,1442.76,176.25,1938.8,1.6371,0.0125,5.0774,2.3301,20.0,0.0,0.0,BENIGN_WEB
7.9461,76.0,26.0,50.0,47887.03,13166.25,34720.78,6026.47,9.56,-0.4501,630.09,454.24,40.0,1447.73,633.59,652.26,0.3847,104.55,162.66,20.91,230.02,1.5557,0.0339,4.4554,2.4054,9.0,0.0,0.0,BENIGN_WEB
31.0298,786.0,112.0,674.0,1114913.06,68477.52,1046435.55,35930.42,25.33,-0.8772,1418.46,252.67,1039.46,1500.0,1364.84,1426.2,0.3936,26.13,14.05,5.23,57.48,0.5376,0.0671,3.1351,2.9387,17.0,0.0,0.0,BENIGN_STREAMING
53.1693,1343.0,243.0,1100.0,1880717.88,195873.0,1684844.88,35372.26,25.26,-0.7917,1400.39,373.66,839.9,1500.0,1526.23,1517.03,0.397,11.95,5.67,2.39,26.3,0.4747,0.1065,3.1438,2.3085,17.0,0.0,0.0,BENIGN_STREAMING
145.1217,878.0,124.0,754.0,1058462.02,104531.84,953930.19,7293.62,6.05,-0.8025,1205.54,344.56,688.69,1500.0,1233.7,1362.72,0.5267,10.77,7.0,2.15,23.69,0.6503,0.0505,3.8475,2.7746,11.0,0.0,0.0,BENIGN_STREAMING
126.0656,1621.0,276.0,1345.0,1915034.37,192147.47,1722886.9,15190.77,12.86,-0.7993,1181.39,331.14,684.68,1500.0,1163.33,1350.25,0.2741,13.81,10.0,2.76,30.39,0.7238,0.0627,3.8183,2.2718,23.0,0.0,0.0,BENIGN_STREAMING
22.994,80.0,24.0,56.0,79860.56,17327.43,62533.12,3473.11,3.48,-0.5661,998.26,369.54,443.95,1500.0,1053.29,1066.08,0.2636,287.42,480.99,57.48,632.33,1.6735,0.0915,4.8278,2.2119,16.0,0.0,0.0,BENIGN_WEB
72.6299,490.0,72.0,418.0,588760.97,39479.69,549281.28,8106.31,6.75,-0.8659,1201.55,361.98,658.58,1500.0,1319.5,1296.09,0.5509,18.35,9.64,3.67,40.37,0.5256,0.0743,3.5096,2.7717,22.0,0.0,0.0,BENIGN_STREAMING
20.4992,64.0,22.0,42.0,55427.07,6987.81,48439.25,2703.87,3.12,-0.7479,866.05,452.02,188.01,1500.0,807.12,964.18,0.4982,320.3,488.23,64.06,704.66,1.5243,0.0288,4.0352,2.9043,12.0,0.0,0.0,BENIGN_WEB
26.6161,46.0,18.0,28.0,44032.39,10513.03,33519.36,1654.35,1.73,-0.5225,957.23,485.67,228.71,1500.0,1092.41,1059.99,0.2068,578.61,801.57,115.72,1272.94,1.3853,0.0121,4.9648,2.1564,20.0,0.0,0.0,BENIGN_WEB
10.8058,22.0,6.0,16.0,15551.74,2360.33,13191.42,1439.2,2.04,-0.6965,706.9,547.78,40.0,1500.0,759.23,640.03,0.4067,491.17,528.09,98.23,1080.58,1.0752,0.1292,4.7567,2.3994,21.0,0.0,0.0,BENIGN_WEB
28.4956,39.0,13.0,26.0,40057.49,8478.43,31579.07,1405.74,1.37,-0.5767,1027.12,536.02,223.09,1500.0,1071.2,876.24,0.182,730.66,940.9,146.13,1607.45,1.2877,0.0501,3.8156,2.5563,13.0,0.0,0.0,BENIGN_WEB
109.4436,1882.0,349.0,1533.0,2438204.51,233290.16,2204914.35,22278.17,17.2,-0.8086,1295.54,252.19,917.25,1500.0,1342.13,1347.6,0.2371,21.0,15.73,4.2,46.2,0.7488,0.1649,3.2644,2.6564,20.0,0.0,0.0,BENIGN_STREAMING
61.515,375.0,200.0,175.0,244438.07,123160.28,121277.79,3973.63,6.1,0.0077,651.83,170.1,396.69,958.01,698.82,749.06,0.3628,71.28,45.1,14.26,156.82,0.6327,0.4717,5.6723,0.373,3.0,1.0,0.0,TOR_PROXY_TUNNEL
27.9028,885.0,106.0,779.0,1176848.55,83673.41,1093175.14,42176.71,31.72,-0.8578,1329.77,255.38,946.71,1500.0,1199.96,1233.03,0.574,14.52,9.64,2.9,31.94,0.6636,0.0973,3.5943,2.2472,17.0,0.0,0.0,BENIGN_STREAMING
21.7431,41.0,14.0,27.0,30729.16,6926.7,23802.46,1413.28,1.89,-0.5492,749.49,490.71,40.0,1500.0,840.94,774.22,0.3827,530.32,431.01,106.06,1166.7,0.8127,0.1206,4.0942,2.79,14.0,0.0,0.0,BENIGN_WEB
50.6128,352.0,180.0,172.0,255813.45,111751.62,144061.83,5054.32,6.95,-0.1263,726.74,276.32,312.26,1224.12,768.92,825.35,0.5928,44.33,24.18,8.87,97.52,0.5455,0.2575,4.685,0.0887,11.0,1.0,0.0,TOR_PROXY_TUNNEL
13.4875,60.0,22.0,38.0,43944.36,8857.03,35087.33,3258.15,4.45,-0.5969,732.41,433.14,82.7,1500.0,766.71,662.05,0.2626,224.79,352.7,44.96,494.54,1.569,0.1072,4.2211,2.4221,15.0,0.0,0.0,BENIGN_WEB
28.4457,72.0,23.0,49.0,46240.75,11743.32,34497.44,1625.58,2.53,-0.4921,642.23,505.96,40.0,1500.0,552.63,623.57,0.5808,395.08,396.7,79.02,869.18,1.0041,0.1178,3.7682,2.9531,9.0,0.0,0.0,BENIGN_WEB
15.1256,36.0,11.0,25.0,28291.44,3821.71,24469.72,1870.43,2.38,-0.7298,785.87,445.39,117.78,1500.0,829.59,857.88,0.2171,420.16,327.39,84.03,924.34,0.7792,0.0356,4.2482,2.8751,13.0,0.0,0.0,BENIGN_WEB
41.0595,232.0,119.0,113.0,180330.25,107702.0,72628.26,4391.92,5.65,0.1945,777.29,183.83,501.54,1108.18,888.34,697.01,0.2377,171.99,128.27,34.4,378.38,0.7458,0.4765,4.8672,1.1153,7.0,1.0,0.0,TOR_PROXY_TUNNEL
21.0304,74.0,20.0,54.0,70551.73,18089.94,52461.79,3354.75,3.52,-0.4872,953.4,464.65,256.43,1500.0,828.28,865.81,0.5884,284.19,365.48,56.84,625.23,1.286,0.0677,4.4954,2.1716,9.0,0.0,0.0,BENIGN_WEB
25.3555,82.0,23.0,59.0,80097.82,19159.69,60938.13,3159.0,3.23,-0.5216,976.8,426.46,337.12,1500.0,918.62,1057.43,0.4294,309.21,414.24,61.84,680.27,1.3397,0.1304,3.8606,3.0038,12.0,0.0,0.0,BENIGN_WEB
15.3989,35.0,12.0,23.0,36981.86,7919.29,29062.57,2401.59,2.27,-0.5717,1056.62,468.05,354.55,1500.0,1076.29,968.19,0.5601,439.97,389.8,87.99,967.93,0.886,0.0763,4.4367,2.4862,20.0,0.0,0.0,BENIGN_WEB
49.9107,134.0,69.0,65.0,96942.65,55356.47,41586.19,1942.32,2.68,0.142,723.45,261.47,331.25,1194.1,630.61,815.72,0.2974,50.32,28.21,10.06,110.71,0.5607,0.2312,5.5998,0.0879,2.0,1.0,0.0,TOR_PROXY_TUNNEL
11.5867,56.0,18.0,38.0,53219.42,10830.56,42388.85,4593.13,4.83,-0.593,950.35,350.6,424.44,1500.0,1050.93,903.23,0.3467,206.91,290.06,41.38,455.19,1.4019,0.0276,4.5186,2.7083,17.0,0.0,0.0,BENIGN_WEB
27.6931,82.0,24.0,58.0,66973.79,8736.2,58237.59,2418.43,2.96,-0.7391,816.75,323.69,331.21,1399.4,714.83,854.06,0.1908,337.72,339.1,67.54,742.99,1.0041,0.1317,3.7932,2.8554,19.0,0.0,0.0,BENIGN_WEB
7.1969,76.0,30.0,46.0,56066.93,15220.31,40846.62,7790.47,10.56,-0.4571,737.72,486.0,40.0,1500.0,691.07,687.78,0.2708,94.7,115.1,18.94,208.33,1.2154,0.0696,4.3654,3.0923,10.0,0.0,0.0,BENIGN_WEB
19.1942,70.0,23.0,47.0,55079.19,8331.4,46747.79,2869.58,3.65,-0.6975,786.85,484.4,60.25,1500.0,823.58,691.56,0.5544,274.2,303.38,54.84,603.25,1.1064,0.1101,3.615,2.8211,14.0,0.0,0.0,BENIGN_WEB
21.2259,114.0,54.0,60.0,66877.88,28551.25,38326.63,3150.77,5.37,-0.1462,586.65,283.21,161.83,1096.43,626.53,530.13,0.4406,36.64,27.36,7.33,80.6,0.7469,0.4554,4.7823,0.8546,0.0,1.0,1.0,TOR_PROXY_TUNNEL
100.649,1255.0,195.0,1060.0,1724341.97,187608.06,1536733.91,17132.24,12.47,-0.7824,1373.98,413.03,754.43,1500.0,1543.07,1323.77,0.6132,6.72,2.85,1.34,14.79,0.4235,0.1279,3.1784,2.923,17.0,0.0,0.0,BENIGN_STREAMING
74.2028,1784.0,322.0,1462.0,2162376.1,81082.42,2081293.68,29141.44,24.04,-0.925,1212.09,258.73,824.0,1500.0,1099.05,1139.98,0.3171,11.01,7.56,2.2,24.23,0.6863,0.065,3.8508,2.955,16.0,0.0,0.0,BENIGN_STREAMING
58.4291,47.0,23.0,24.0,27484.26,12447.92,15036.34,470.39,0.8,-0.0942,584.77,190.07,299.66,926.91,624.36,510.18,0.5122,129.14,66.45,25.83,284.12,0.5146,0.3382,4.8708,0.2415,5.0,1.0,0.0,TOR_PROXY_TUNNEL
27.4455,54.0,19.0,35.0,52967.92,6501.47,46466.45,1929.93,1.97,-0.7545,980.89,470.21,275.57,1500.0,1078.09,958.14,0.3182,508.25,503.56,101.65,1118.15,0.9908,0.0133,4.3435,2.1294,10.0,0.0,0.0,BENIGN_WEB
57.141,57.0,28.0,29.0,33890.12,19636.99,14253.13,593.1,1.0,0.1589,594.56,297.33,148.56,1129.76,629.79,652.03,0.5402,81.79,56.19,16.36,179.94,0.687,0.2504,5.3486,1.1554,10.0,1.0,1.0,TOR_PROXY_TUNNEL
30.0914,140.0,73.0,67.0,80247.9,34731.01,45516.89,2666.8,4.65,-0.1344,573.2,319.19,94.41,1147.75,588.56,550.41,0.5779,53.56,33.86,10.71,117.84,0.6322,0.4325,5.2166,0.796,0.0,1.0,0.0,TOR_PROXY_TUNNEL
60.7493,84.0,43.0,41.0,57385.15,26101.21,31283.94,944.62,1.38,-0.0903,683.16,174.48,421.43,997.22,729.5,667.68,0.6171,273.6,115.4,54.72,601.92,0.4218,0.2793,5.0782,1.1139,8.0,1.0,0.0,TOR_PROXY_TUNNEL
60.4559,916.0,113.0,803.0,1277087.42,129800.49,1147286.93,21124.27,15.15,-0.7967,1394.2,297.94,947.29,1500.0,1556.28,1381.67,0.304,9.41,3.5,1.88,20.7,0.3724,0.1631,3.0404,2.8289,10.0,0.0,0.0,BENIGN_STREAMING
6.583,62.0,23.0,39.0,63254.12,15868.96,47385.17,9608.67,9.42,-0.4982,1020.23,440.89,358.89,1500.0,1051.78,907.73,0.4113,106.18,94.55,21.24,233.59,0.8905,0.0461,4.6334,2.5911,11.0,0.0,0.0,BENIGN_WEB
12.8419,18.0,6.0,12.0,16904.16,1911.57,14992.59,1316.33,1.4,-0.7738,939.12,399.77,339.46,1500.0,836.17,1050.96,0.2413,713.44,1191.39,142.69,1569.56,1.6699,0.1153,4.794,2.4077,13.0,0.0,0.0,BENIGN_WEB
43.672,97.0,52.0,45.0,71178.09,30827.29,40350.8,1629.83,2.22,-0.1338,733.79,198.43,436.14,1090.97,699.33,647.87,0.4197,118.46,66.32,23.69,260.61,0.5599,0.2982,5.9338,0.948,7.0,0.0,0.0,TOR_PROXY_TUNNEL
15.8417,84.0,33.0,51.0,78828.62,10987.87,67840.75,4976.01,5.3,-0.7212,938.44,470.84,232.17,1500.0,959.59,815.1,0.4207,188.59,234.52,37.72,414.9,1.2436,0.0542,4.5844,3.003,15.0,0.0,0.0,BENIGN_WEB
49.0536,246.0,120.0,126.0,167816.37,74492.27,93324.09,3421.08,5.01,-0.1122,682.18,274.0,271.18,1175.38,589.18,707.17,0.2507,150.52,81.36,30.1,331.15,0.5406,0.35,5.5725,0.0939,4.0,0.0,0.0,TOR_PROXY_TUNNEL
7.7989,19.0,5.0,14.0,11788.8,1833.23,9955.57,1511.59,2.44,-0.689,620.46,384.15,44.24,1311.93,681.92,690.38,0.2603,410.47,407.59,82.09,903.03,0.993,0.0299,4.4876,2.1027,19.0,0.0,0.0,BENIGN_WEB
152.3627,1049.0,139.0,910.0,1341336.21,107812.14,1233524.06,8803.58,6.88,-0.8392,1278.68,387.33,697.69,1500.0,1092.81,1356.89,0.4731,23.79,10.08,4.76,52.35,0.4236,0.1761,3.7641,2.8603,16.0,0.0,0.0,BENIGN_STREAMING
146.9858,1906.0,280.0,1626.0,2630194.75,212877.35,2417317.4,17894.21,12.97,-0.8381,1379.96,312.35,911.43,1500.0,1259.58,1266.81,0.3195,22.67,11.19,4.53,49.88,0.4936,0.0992,3.6764,2.8556,16.0,0.0,0.0,BENIGN_STREAMING
36.5455,296.0,152.0,144.0,200334.76,106140.99,94193.77,5481.79,8.1,0.0596,676.81,318.4,199.21,1249.92,648.88,732.12,0.5558,203.96,147.47,40.79,448.71,0.7231,0.311,5.2155,1.0439,0.0,0.0,0.0,TOR_PROXY_TUNNEL
105.5798,1060.0,135.0,925.0,1382676.66,53960.69,1328715.97,13096.03,10.04,-0.9219,1304.41,382.35,730.88,1500.0,1222.32,1392.82,0.6032,23.39,9.71,4.68,51.46,0.415,0.0858,3.4042,2.5326,20.0,0.0,0.0,BENIGN_STREAMING
21.3319,21.0,7.0,14.0,14755.68,3488.68,11267.0,691.72,0.98,-0.5271,702.65,369.77,147.99,1368.24,798.14,682.29,0.1838,1015.8,1703.63,203.16,2234.77,1.6771,0.1397,4.3558,3.0719,17.0,0.0,0.0,BENIGN_WEB
56.1188,150.0,74.0,76.0,87435.37,41794.53,45640.84,1558.04,2.67,-0.044,582.9,196.49,288.17,936.58,540.85,638.06,0.3389,84.58,41.26,16.92,186.07,0.4879,0.3832,5.4683,0.8237,1.0,1.0,0.0,TOR_PROXY_TUNNEL
54.5531,231.0,113.0,118.0,164489.51,84092.5,80397.01,3015.22,4.23,0.0225,712.08,275.15,299.35,1207.34,692.07,683.23,0.4128,52.36,26.67,10.47,115.19,0.5095,0.4425,4.8127,0.3313,0.0,1.0,1.0,TOR_PROXY_TUNNEL
18.9447,301.0,153.0,148.0,192162.84,80679.78,111483.05,10143.36,15.89,-0.1603,638.41,238.88,280.09,1068.41,582.77,668.0,0.2029,79.82,49.1,15.96,175.61,0.6151,0.3733,4.8468,1.6389,8.0,1.0,0.0,TOR_PROXY_TUNNEL
108.1093,1284.0,277.0,1007.0,1678390.53,110273.2,1568117.33,15524.94,11.88,-0.8686,1307.16,279.86,887.37,1500.0,1358.26,1193.92,0.3277,24.28,17.28,4.86,53.42,0.7115,0.1107,3.8621,2.5646,14.0,0.0,0.0,BENIGN_STREAMING
51.1117,264.0,141.0,123.0,179642.89,84416.33,95226.56,3514.71,5.17,-0.0602,680.47,234.77,328.31,1103.06,693.41,780.48,0.2896,241.24,158.89,48.25,530.73,0.6586,0.2239,6.0322,0.7004,10.0,0.0,0.0,TOR_PROXY_TUNNEL
84.5004,300.0,149.0,151.0,231933.7,106299.35,125634.35,2744.76,3.55,-0.0834,773.11,263.39,378.03,1247.21,688.02,671.13,0.2645,117.99,94.13,23.6,259.58,0.7978,0.3666,6.0442,0.184,10.0,0.0,0.0,TOR_PROXY_TUNNEL
22.906,77.0,30.0,47.0,56949.86,8199.58,48750.29,2486.25,3.36,-0.712,739.61,403.25,134.74,1465.45,658.75,828.96,0.5662,297.48,217.31,59.5,654.46,0.7305,0.0118,4.1585,2.1272,18.0,0.0,0.0,BENIGN_WEB
78.9517,489.0,59.0,430.0,584339.67,46386.71,537952.95,7401.23,6.19,-0.8412,1194.97,344.65,677.99,1500.0,1212.84,1114.7,0.6077,13.84,8.45,2.77,30.44,0.6109,0.1403,3.6448,2.5172,10.0,0.0,0.0,BENIGN_STREAMING
61.9866,941.0,194.0,747.0,1149884.64,121395.1,1028489.54,18550.55,15.18,-0.7889,1221.98,279.48,802.76,1500.0,1252.04,1197.96,0.5046,20.25,7.77,4.05,44.56,0.3836,0.0579,3.321,2.7277,20.0,0.0,0.0,BENIGN_STREAMING
48.3132,344.0,185.0,159.0,212233.17,103849.62,108383.55,4392.86,7.12,-0.0214,616.96,228.46,274.27,1028.19,640.99,654.16,0.578,190.18,85.4,38.04,418.4,0.449,0.2711,5.5023,1.6846,1.0,0.0,1.0,TOR_PROXY_TUNNEL
31.461,21.0,6.0,15.0,17477.03,2735.07,14741.96,555.51,0.67,-0.687,832.24,401.77,229.58,1500.0,797.74,825.36,0.5755,1498.14,2401.38,299.63,3295.91,1.6029,0.1008,4.3017,2.1503,18.0,0.0,0.0,BENIGN_WEB
23.6533,39.0,14.0,25.0,33525.82,9339.48,24186.33,1417.39,1.65,-0.4428,859.64,409.86,244.85,1500.0,979.03,955.04,0.2326,606.49,945.38,121.3,1334.29,1.5588,0.0549,4.7853,2.9086,20.0,0.0,0.0,BENIGN_WEB
77.014,320.0,156.0,164.0,178712.06,100799.54,77912.52,2320.52,4.16,0.1281,558.48,315.27,85.57,1125.96,573.29,550.3,0.5924,115.31,69.57,23.06,253.67,0.6033,0.4013,5.7466,1.3164,2.0,1.0,0.0,TOR_PROXY_TUNNEL
2.4948,18.0,6.0,12.0,17390.45,4064.19,13326.25,6970.55,7.21,-0.5326,966.14,465.18,268.37,1500.0,1087.81,1012.31,0.2234,138.6,212.97,27.72,304.93,1.5366,0.0536,3.9726,2.512,18.0,0.0,0.0,BENIGN_WEB
14.0768,28.0,7.0,21.0,20423.17,3866.94,16556.23,1450.84,1.99,-0.6213,729.4,361.44,187.24,1379.99,636.77,762.43,0.2284,502.74,877.19,100.55,1106.03,1.7448,0.1335,4.5638,2.7114,16.0,0.0,0.0,BENIGN_WEB
11.4482,45.0,13.0,32.0,31815.53,6293.94,25521.58,2779.07,3.93,-0.6043,707.01,570.19,40.0,1500.0,695.47,799.88,0.546,254.41,212.27,50.88,559.69,0.8344,0.0988,4.2141,2.3469,10.0,0.0,0.0,BENIGN_WEB
19.5032,23.0,6.0,17.0,16464.98,2034.99,14429.99,844.22,1.18,-0.7528,715.87,461.94,40.0,1500.0,764.21,624.81,0.4704,847.96,660.14,169.59,1865.52,0.7785,0.0548,4.8439,2.4658,12.0,0.0,0.0,BENIGN_WEB
23.6897,322.0,54.0,268.0,458021.6,24755.91,433265.7,19334.23,13.59,-0.8919,1422.43,257.25,1036.55,1500.0,1451.7,1333.06,0.4061,8.93,4.38,1.79,19.64,0.4912,0.132,3.6117,2.5293,11.0,0.0,0.0,BENIGN_STREAMING
122.6923,1553.0,303.0,1250.0,2230687.59,103215.24,2127472.35,18181.15,12.66,-0.9075,1436.37,349.0,912.88,1500.0,1561.75,1267.89,0.48,18.66,12.27,3.73,41.05,0.6576,0.1547,3.6516,2.3919,18.0,0.0,0.0,BENIGN_STREAMING
20.0834,498.0,83.0,415.0,715672.31,69284.22,646388.09,35634.93,24.8,-0.8064,1437.09,352.52,908.31,1500.0,1346.23,1249.07,0.4535,12.79,9.58,2.56,28.15,0.7489,0.0567,3.5367,2.6562,14.0,0.0,0.0,BENIGN_STREAMING
21.0251,35.0,10.0,25.0,26932.49,4876.41,22056.08,1280.97,1.66,-0.6379,769.5,568.2,40.0,1500.0,858.77,859.55,0.5984,600.72,1016.41,120.14,1321.58,1.692,0.0942,4.5592,2.1046,10.0,0.0,0.0,BENIGN_WEB
9.5517,55.0,21.0,34.0,46054.9,9031.86,37023.04,4821.66,5.76,-0.6078,837.36,413.15,217.64,1500.0,922.97,841.19,0.3811,173.67,246.74,34.73,382.07,1.4208,0.0994,4.087,2.4465,13.0,0.0,0.0,BENIGN_WEB
26.1946,83.0,30.0,53.0,81291.99,15858.86,65433.13,3103.39,3.17,-0.6098,979.42,496.54,234.62,1500.0,1069.98,1108.6,0.4562,315.6,252.9,63.12,694.31,0.8013,0.0973,4.6096,2.4835,8.0,0.0,0.0,BENIGN_WEB
51.5593,276.0,146.0,130.0,168598.34,78648.39,89949.96,3269.99,5.35,-0.067,610.86,207.13,300.16,983.7,605.11,667.03,0.6149,245.94,133.83,49.19,541.07,0.5442,0.2594,5.6433,1.6032,0.0,1.0,0.0,TOR_PROXY_TUNNEL
30.7228,74.0,23.0,51.0,63896.87,13650.91,50245.95,2079.79,2.41,-0.5727,863.47,422.7,229.42,1500.0,954.53,958.59,0.375,415.17,531.53,83.03,913.38,1.2803,0.1061,4.8796,2.7478,10.0,0.0,0.0,BENIGN_WEB
30.9561,77.0,27.0,50.0,71489.88,12582.8,58907.08,2309.4,2.49,-0.648,928.44,366.56,378.6,1500.0,818.19,1066.93,0.3724,402.03,369.72,80.41,884.46,0.9196,0.1276,4.7426,2.3831,14.0,0.0,0.0,BENIGN_WEB
30.6261,1849.0,365.0,1484.0,2622320.7,111002.33,2511318.37,85623.64,60.37,-0.9153,1418.24,308.49,955.5,1500.0,1254.52,1430.48,0.3656,23.05,8.88,4.61,50.7,0.3854,0.1393,3.021,2.6315,15.0,0.0,0.0,BENIGN_STREAMING
33.1992,140.0,75.0,65.0,92319.06,37431.95,54887.11,2780.76,4.22,-0.1891,659.42,236.03,305.37,1084.28,610.3,603.0,0.1838,199.52,135.97,39.9,438.95,0.6815,0.418,5.0422,0.8078,2.0,0.0,1.0,TOR_PROXY_TUNNEL
8.704,21.0,6.0,15.0,15735.25,1777.65,13957.6,1807.81,2.41,-0.7741,749.3,418.62,121.36,1500.0,861.15,753.05,0.3572,414.48,343.08,82.9,911.85,0.8278,0.1298,4.5898,2.5972,9.0,0.0,0.0,BENIGN_WEB
29.6647,44.0,18.0,26.0,27513.29,3828.44,23684.85,927.47,1.48,-0.7217,625.3,556.38,40.0,1500.0,557.3,626.06,0.6194,674.2,638.36,134.84,1483.24,0.9468,0.0671,4.943,3.0554,15.0,0.0,0.0,BENIGN_WEB
21.1377,64.0,25.0,39.0,50321.28,6617.14,43704.14,2380.64,3.03,-0.737,786.27,493.53,45.97,1500.0,791.66,724.21,0.4771,330.28,521.96,66.06,726.61,1.5804,0.1091,4.9672,2.3125,12.0,0.0,0.0,BENIGN_WEB
156.9816,1912.0,347.0,1565.0,2358763.96,64316.25,2294447.71,15025.73,12.18,-0.9455,1233.66,309.34,769.65,1500.0,1065.5,1216.52,0.1979,24.01,12.62,4.8,52.82,0.5256,0.1271,3.4061,2.426,16.0,0.0,0.0,BENIGN_STREAMING
10.1456,66.0,27.0,39.0,47340.66,10911.93,36428.73,4666.13,6.51,-0.539,717.28,531.39,40.0,1500.0,694.44,802.87,0.3922,153.72,261.84,30.74,338.19,1.7034,0.1362,4.5151,2.9566,9.0,0.0,0.0,BENIGN_WEB
118.3038,697.0,85.0,612.0,913815.22,65510.68,848304.54,7724.31,5.89,-0.8566,1311.07,247.27,940.16,1500.0,1456.04,1497.19,0.4193,8.56,3.66,1.71,18.82,0.4278,0.0837,2.9799,2.7135,22.0,0.0,0.0,BENIGN_STREAMING
29.1584,21.0,7.0,14.0,20352.85,5701.81,14651.04,698.01,0.72,-0.4397,969.18,399.69,369.65,1500.0,946.71,1021.89,0.3866,1388.49,1111.29,277.7,3054.69,0.8004,0.0767,4.6121,2.6218,18.0,0.0,0.0,BENIGN_WEB
26.6661,29.0,8.0,21.0,29494.87,4026.46,25468.41,1106.08,1.09,-0.727,1017.06,534.21,215.75,1500.0,1054.83,935.66,0.543,919.52,771.18,183.9,2022.95,0.8387,0.1069,4.0075,2.9797,21.0,0.0,0.0,BENIGN_WEB
32.1428,319.0,162.0,157.0,200327.16,107435.14,92892.02,6232.41,9.92,0.0726,627.98,179.34,358.97,950.8,576.69,612.87,0.287,130.64,109.45,26.13,287.42,0.8378,0.2508,5.6951,0.1015,3.0,1.0,1.0,TOR_PROXY_TUNNEL
35.6007,80.0,39.0,41.0,57439.44,25870.97,31568.47,1613.44,2.25,-0.0992,717.99,194.18,426.72,1067.52,731.65,738.93,0.5065,115.47,80.1,23.09,254.03,0.6937,0.4565,6.029,1.3155,5.0,1.0,1.0,TOR_PROXY_TUNNEL
143.449,2181.0,455.0,1726.0,2904065.46,181696.73,2722368.73,20244.58,15.2,-0.8749,1331.53,290.8,895.33,1500.0,1291.04,1268.4,0.3367,27.56,12.85,5.51,60.63,0.4662,0.124,3.2316,2.9845,10.0,0.0,0.0,BENIGN_STREAMING
128.8892,573.0,111.0,462.0,765189.9,34242.16,730947.75,5936.8,4.45,-0.9105,1335.41,364.21,789.09,1500.0,1422.21,1308.8,0.3947,16.01,8.31,3.2,35.22,0.519,0.114,2.9815,2.3156,21.0,0.0,0.0,BENIGN_STREAMING
43.8819,369.0,50.0,319.0,458231.86,48854.58,409377.28,10442.4,8.41,-0.7868,1241.82,392.41,653.2,1500.0,1200.52,1107.21,0.2202,24.71,17.95,4.94,54.37,0.7264,0.0836,3.5056,2.2816,16.0,0.0,0.0,BENIGN_STREAMING
81.2855,1047.0,177.0,870.0,1307630.7,83133.94,1224496.77,16086.89,12.88,-0.8728,1248.93,283.69,823.4,1500.0,1384.63,1076.62,0.3542,16.96,9.7,3.39,37.31,0.572,0.1101,3.3282,2.9308,15.0,0.0,0.0,BENIGN_STREAMING
105.8108,1469.0,214.0,1255.0,1961317.67,196409.41,1764908.26,18536.09,13.88,-0.7997,1335.14,274.83,922.89,1500.0,1497.96,1320.1,0.3688,24.17,9.45,4.83,53.17,0.3908,0.1777,3.5155,2.7187,18.0,0.0,0.0,BENIGN_STREAMING
13.9014,36.0,12.0,24.0,36014.71,9315.93,26698.78,2590.73,2.59,-0.4827,1000.41,472.73,291.31,1500.0,979.28,907.88,0.2686,386.15,484.77,77.23,849.53,1.2554,0.1181,4.9132,2.4351,12.0,0.0,0.0,BENIGN_WEB
144.9165,899.0,132.0,767.0,1288944.23,58633.21,1230311.02,8894.39,6.2,-0.909,1433.75,414.8,811.56,1500.0,1612.73,1350.81,0.4434,21.62,12.08,4.32,47.57,0.5585,0.1067,3.4229,2.7722,11.0,0.0,0.0,BENIGN_STREAMING
2.1675,56.0,17.0,39.0,57839.44,13476.05,44363.39,26684.36,25.84,-0.534,1032.85,542.76,218.7,1500.0,1023.87,952.46,0.3009,38.71,58.6,7.74,85.15,1.5139,0.0398,3.6019,2.6266,20.0,0.0,0.0,BENIGN_WEB
146.3775,995.0,135.0,860.0,1326768.03,74391.62,1252376.42,9064.01,6.8,-0.8879,1333.44,380.96,761.99,1500.0,1381.09,1286.27,0.5699,7.72,3.13,1.54,16.98,0.4059,0.1134,3.4667,2.2732,16.0,0.0,0.0,BENIGN_STREAMING
72.3759,1094.0,161.0,933.0,1309894.29,95213.78,1214680.51,18098.5,15.12,-0.8546,1197.34,272.19,789.06,1500.0,1220.78,1023.34,0.2559,6.44,2.49,1.29,14.16,0.3877,0.1255,2.954,2.4723,18.0,0.0,0.0,BENIGN_STREAMING
18.8682,24.0,7.0,17.0,16743.27,4573.55,12169.73,887.38,1.27,-0.4537,697.64,447.52,40.0,1500.0,680.67,622.95,0.6169,786.18,1028.88,157.24,1729.59,1.3087,0.0923,4.5524,2.3732,12.0,0.0,0.0,BENIGN_WEB
3.287,62.0,17.0,45.0,48349.73,13836.17,34513.56,14709.55,18.86,-0.4277,779.83,574.92,40.0,1500.0,834.22,839.63,0.2188,53.02,37.29,10.6,116.63,0.7034,0.0521,4.3926,2.94,21.0,0.0,0.0,BENIGN_WEB
33.5242,289.0,143.0,146.0,209676.38,92250.11,117426.28,6254.48,8.62,-0.1201,725.52,179.03,456.98,1047.78,824.63,663.48,0.3186,116.48,81.88,23.3,256.26,0.703,0.3732,5.3254,0.7427,3.0,1.0,1.0,TOR_PROXY_TUNNEL
31.7511,15.0,5.0,10.0,11548.0,2318.91,9229.08,363.7,0.47,-0.5984,769.87,446.09,100.72,1500.0,862.18,663.03,0.2148,2116.74,2189.51,423.35,4656.83,1.0344,0.0278,4.7371,2.992,21.0,0.0,0.0,BENIGN_WEB
20.4483,82.0,34.0,48.0,63305.64,6992.58,56313.06,3095.89,4.01,-0.7791,772.02,512.92,40.0,1500.0,660.05,838.62,0.4399,249.37,319.68,49.87,548.61,1.282,0.133,3.8171,2.5716,17.0,0.0,0.0,BENIGN_WEB
82.2781,182.0,94.0,88.0,129856.6,70898.26,58958.35,1578.27,2.21,0.0919,713.5,292.75,274.38,1240.44,704.06,788.58,0.452,266.93,167.43,53.39,587.25,0.6273,0.2484,4.9757,0.4225,7.0,0.0,0.0,TOR_PROXY_TUNNEL
2.1004,58.0,23.0,35.0,55121.02,11209.78,43911.24,26243.12,27.61,-0.5933,950.36,447.06,279.77,1500.0,828.7,835.51,0.2808,36.21,51.7,7.24,79.67,1.4276,0.0659,4.6293,2.8816,8.0,0.0,0.0,BENIGN_WEB
22.6724,51.0,17.0,34.0,37663.1,9030.54,28632.55,1661.18,2.25,-0.5205,738.49,522.55,40.0,1500.0,667.74,700.61,0.6074,444.56,316.12,88.91,978.03,0.7111,0.0732,3.6644,2.2999,19.0,0.0,0.0,BENIGN_WEB
106.8154,2092.0,370.0,1722.0,2505454.8,99730.71,2405724.09,23455.93,19.59,-0.9204,1197.64,335.95,693.71,1500.0,1036.38,1039.78,0.572,6.92,3.12,1.38,15.22,0.4513,0.1418,3.5388,2.8395,15.0,0.0,0.0,BENIGN_STREAMING
36.2509,140.0,67.0,73.0,82056.57,35927.69,46128.87,2263.57,3.86,-0.1243,586.12,273.71,175.55,1078.8,529.78,609.94,0.5889,144.69,79.88,28.94,318.31,0.5521,0.327,6.0156,0.1536,10.0,1.0,0.0,TOR_PROXY_TUNNEL
6.1219,68.0,24.0,44.0,43539.59,5052.26,38487.33,7112.05,11.11,-0.7679,640.29,428.74,40.0,1412.03,566.05,701.31,0.2115,90.03,103.13,18.01,198.06,1.1455,0.0901,4.3252,2.7435,17.0,0.0,0.0,BENIGN_WEB
12.6358,46.0,17.0,29.0,38437.78,6161.63,32276.15,3041.97,3.64,-0.6794,835.6,519.6,56.21,1500.0,935.34,876.17,0.426,274.69,197.95,54.94,604.32,0.7206,0.0275,3.9874,2.1593,13.0,0.0,0.0,BENIGN_WEB
79.4535,62.0,33.0,29.0,37096.4,16584.56,20511.84,466.89,0.78,-0.1059,598.33,304.74,141.22,1146.86,535.93,657.77,0.4871,242.39,131.04,48.48,533.26,0.5406,0.4058,5.5732,0.3329,3.0,1.0,1.0,TOR_PROXY_TUNNEL
2.3387,73.0,20.0,53.0,54819.01,12302.45,42516.56,23440.08,31.21,-0.5512,750.95,390.11,165.78,1453.14,794.57,834.96,0.406,32.04,47.07,6.41,70.48,1.4693,0.0751,4.3576,2.6637,15.0,0.0,0.0,BENIGN_WEB
40.0294,81.0,40.0,41.0,57530.86,33873.07,23657.79,1437.21,2.02,0.1776,710.26,219.91,380.39,1106.1,613.84,707.97,0.5573,40.5,22.08,8.1,89.1,0.5452,0.3497,5.3933,0.5114,9.0,1.0,1.0,TOR_PROXY_TUNNEL
43.8271,353.0,188.0,165.0,217571.15,100599.34,116971.81,4964.31,8.05,-0.0753,616.35,295.41,173.23,1148.09,643.43,621.18,0.4953,216.47,131.98,43.29,476.24,0.6097,0.2394,5.5081,0.8563,0.0,1.0,1.0,TOR_PROXY_TUNNEL
8.2114,60.0,21.0,39.0,49982.58,5525.54,44457.03,6086.98,7.31,-0.7789,833.04,562.31,40.0,1500.0,823.23,877.25,0.267,136.86,144.56,27.37,301.08,1.0563,0.0247,3.8794,2.5277,13.0,0.0,0.0,BENIGN_WEB
104.182,2162.0,368.0,1794.0,2587693.12,91039.43,2496653.69,24838.19,20.75,-0.9296,1196.9,267.59,795.52,1500.0,1310.81,1095.94,0.5863,27.18,9.9,5.44,59.79,0.3644,0.0722,3.3528,2.5266,23.0,0.0,0.0,BENIGN_STREAMING
108.2986,1111.0,164.0,947.0,1584773.93,60994.2,1523779.73,14633.38,10.26,-0.923,1426.44,312.06,958.36,1500.0,1615.88,1370.76,0.2798,20.61,15.19,4.12,45.34,0.7371,0.0694,3.787,2.6932,20.0,0.0,0.0,BENIGN_STREAMING
101.6091,1551.0,257.0,1294.0,2075116.14,135798.24,1939317.9,20422.55,15.26,-0.8691,1337.92,339.82,828.19,1500.0,1259.79,1269.41,0.4454,26.17,17.57,5.23,57.58,0.6712,0.1062,3.8805,2.2301,11.0,0.0,0.0,BENIGN_STREAMING
18.6778,50.0,19.0,31.0,37617.06,4313.82,33303.24,2013.99,2.68,-0.7706,752.34,352.24,223.98,1386.37,826.39,742.8,0.5674,373.56,481.76,74.71,821.83,1.2896,0.0661,4.5628,2.9263,11.0,0.0,0.0,BENIGN_WEB
9.6784,53.0,21.0,32.0,54618.57,13346.48,41272.09,5643.33,5.48,-0.5113,1030.54,557.08,194.91,1500.0,1181.89,1025.69,0.4748,182.61,263.33,36.52,401.75,1.442,0.02,3.9464,2.1562,14.0,0.0,0.0,BENIGN_WEB
36.3742,348.0,169.0,179.0,263650.33,160725.06,102925.27,7248.27,9.57,0.2192,757.62,271.91,349.76,1247.05,841.85,806.22,0.5977,151.19,124.81,30.24,332.62,0.8255,0.2786,5.0246,0.3467,9.0,1.0,1.0,TOR_PROXY_TUNNEL
15.7698,17.0,6.0,11.0,12244.75,2909.76,9334.99,776.47,1.08,-0.5247,720.28,521.31,40.0,1500.0,756.08,751.74,0.4979,927.64,898.75,185.53,2040.8,0.9689,0.0277,4.552,2.8998,16.0,0.0,0.0,BENIGN_WEB
24.9118,25.0,9.0,16.0,19723.84,5583.96,14139.88,791.75,1.0,-0.4338,788.95,340.06,278.87,1401.06,881.46,707.56,0.5549,996.47,1018.52,199.29,2192.24,1.0221,0.1114,3.8162,2.1302,12.0,0.0,0.0,BENIGN_WEB
79.597,202.0,106.0,96.0,124312.78,53058.96,71253.83,1561.78,2.54,-0.1464,615.41,298.92,167.03,1153.46,605.94,603.7,0.5503,270.95,218.64,54.19,596.08,0.807,0.3275,5.7949,0.2858,10.0,1.0,0.0,TOR_PROXY_TUNNEL
122.3153,1675.0,233.0,1442.0,2082342.15,86038.45,1996303.7,17024.38,13.69,-0.9174,1243.19,324.64,756.23,1500.0,1141.97,1304.18,0.2994,15.79,7.31,3.16,34.73,0.4631,0.1384,3.0686,2.5833,10.0,0.0,0.0,BENIGN_STREAMING
136.5522,675.0,144.0,531.0,824476.49,71723.41,752753.08,6037.81,4.94,-0.826,1221.45,252.56,842.61,1500.0,1139.11,1199.09,0.2954,15.05,11.56,3.01,33.12,0.7676,0.1762,3.027,2.7725,10.0,0.0,0.0,BENIGN_STREAMING
57.965,1259.0,268.0,991.0,1794704.02,63889.06,1730814.96,30961.87,21.72,-0.9288,1425.5,309.57,961.14,1500.0,1523.75,1418.06,0.5763,25.85,10.11,5.17,56.87,0.3909,0.0995,3.0494,2.9371,14.0,0.0,0.0,BENIGN_STREAMING
59.0093,1661.0,360.0,1301.0,1971690.45,135606.22,1836084.24,33413.2,28.15,-0.8624,1187.05,303.58,731.68,1500.0,1119.4,1068.05,0.469,7.42,3.34,1.48,16.32,0.4503,0.1139,3.2496,2.7266,21.0,0.0,0.0,BENIGN_STREAMING
127.4459,1812.0,387.0,1425.0,2286752.25,219597.99,2067154.25,17942.93,14.22,-0.8079,1262.0,243.88,896.19,1500.0,1412.52,1310.93,0.3872,8.65,6.73,1.73,19.02,0.7784,0.17,3.5859,2.7755,17.0,0.0,0.0,BENIGN_STREAMING
77.0172,120.0,63.0,57.0,79543.94,40146.42,39397.53,1032.81,1.56,0.0094,662.87,253.85,282.1,1119.79,580.05,619.87,0.5931,263.14,151.18,52.63,578.92,0.5745,0.3609,5.5248,0.7731,3.0,1.0,1.0,TOR_PROXY_TUNNEL
88.9718,1443.0,295.0,1148.0,1782485.34,168502.97,1613982.37,20034.27,16.22,-0.8109,1235.26,409.27,621.36,1500.0,1260.35,1352.85,0.6193,19.97,11.6,3.99,43.93,0.5808,0.0765,3.1326,2.5371,17.0,0.0,0.0,BENIGN_STREAMING
79.9856,1069.0,147.0,922.0,1361713.95,129992.47,1231721.48,17024.49,13.36,-0.8091,1273.82,341.12,762.14,1500.0,1363.31,1182.13,0.3928,22.8,14.17,4.56,50.16,0.6215,0.1586,3.0387,2.9014,17.0,0.0,0.0,BENIGN_STREAMING
93.7511,1863.0,252.0,1611.0,2319158.85,137115.46,2182043.39,24737.41,19.87,-0.8818,1244.85,369.0,691.35,1500.0,1076.82,1236.37,0.5913,7.86,5.62,1.57,17.29,0.7153,0.179,3.2307,2.9072,16.0,0.0,0.0,BENIGN_STREAMING
15.4724,73.0,23.0,50.0,60044.77,9637.83,50406.95,3880.76,4.72,-0.679,822.53,552.26,40.0,1500.0,714.96,850.77,0.5751,211.95,366.25,42.39,466.29,1.728,0.0875,4.1794,2.5841,15.0,0.0,0.0,BENIGN_WEB
11.6281,78.0,30.0,48.0,59883.53,6026.07,53857.46,5149.89,6.71,-0.7987,767.74,329.22,273.9,1360.34,784.89,668.97,0.3404,149.08,172.29,29.82,327.97,1.1557,0.1346,3.8844,2.2845,20.0,0.0,0.0,BENIGN_WEB
40.5906,248.0,122.0,126.0,167640.38,72293.9,95346.49,4130.03,6.11,-0.1375,675.97,309.36,211.92,1232.82,745.98,594.96,0.4418,167.45,132.48,33.49,368.39,0.7912,0.2953,4.8707,0.0201,1.0,1.0,0.0,TOR_PROXY_TUNNEL
84.7435,371.0,179.0,192.0,216395.94,118884.61,97511.33,2553.54,4.38,0.0988,583.28,268.97,179.83,1067.41,660.98,500.75,0.4584,139.58,61.89,27.92,307.09,0.4434,0.244,5.939,0.9657,6.0,1.0,1.0,TOR_PROXY_TUNNEL
82.8512,2078.0,403.0,1675.0,2965572.18,254249.51,2711322.67,35793.96,25.08,-0.8285,1427.13,313.15,957.41,1500.0,1250.65,1342.93,0.2745,25.74,9.95,5.15,56.63,0.3866,0.1023,3.4339,2.2962,18.0,0.0,0.0,BENIGN_STREAMING
25.706,29.0,11.0,18.0,27553.86,3975.38,23578.48,1071.88,1.13,-0.7114,950.13,384.37,373.58,1500.0,816.82,808.41,0.3386,886.42,1344.06,177.28,1950.11,1.5163,0.0725,3.7494,2.6837,14.0,0.0,0.0,BENIGN_WEB
4.2572,80.0,33.0,47.0,68790.43,17392.64,51397.79,16158.51,18.79,-0.4943,859.88,429.78,215.22,1500.0,792.3,942.19,0.4443,53.22,88.69,10.64,117.07,1.6666,0.0538,4.361,2.4434,19.0,0.0,0.0,BENIGN_WEB
10.3475,26.0,10.0,16.0,25129.84,3820.39,21309.45,2428.59,2.51,-0.6959,966.53,435.25,313.66,1500.0,958.28,879.46,0.5102,397.98,446.57,79.6,875.56,1.1221,0.0474,4.9398,2.732,9.0,0.0,0.0,BENIGN_WEB
7.4863,37.0,14.0,23.0,26674.19,6050.8,20623.39,3563.07,4.94,-0.5463,720.92,321.01,239.4,1298.75,764.21,683.3,0.586,202.33,303.42,40.47,445.13,1.4996,0.0508,4.6485,2.2623,8.0,0.0,0.0,BENIGN_WEB
15.6359,25.0,10.0,15.0,21165.88,3397.37,17768.51,1353.67,1.6,-0.679,846.64,451.85,168.86,1500.0,885.47,900.63,0.269,625.43,487.53,125.09,1375.96,0.7795,0.1366,4.2478,2.3005,21.0,0.0,0.0,BENIGN_WEB
35.1568,174.0,90.0,84.0,120239.39,66498.07,53741.31,3420.09,4.95,0.1061,691.03,162.55,447.21,983.61,709.35,639.89,0.2704,261.53,139.4,52.31,575.37,0.533,0.3125,5.857,1.3093,11.0,1.0,0.0,TOR_PROXY_TUNNEL
5.6921,82.0,31.0,51.0,80697.23,19543.0,61154.22,14177.08,14.41,-0.5156,984.11,455.63,300.67,1500.0,878.43,1115.63,0.4712,69.42,59.98,13.88,152.71,0.864,0.0682,3.7973,2.4954,8.0,0.0,0.0,BENIGN_WEB
28.1331,56.0,20.0,36.0,54108.54,14029.43,40079.1,1923.31,1.99,-0.4814,966.22,394.45,374.55,1500.0,938.38,1080.81,0.4148,502.38,639.54,100.48,1105.23,1.273,0.1348,5.041,2.6094,17.0,0.0,0.0,BENIGN_WEB
35.9891,126.0,64.0,62.0,83817.9,36090.6,47727.3,2328.98,3.5,-0.1388,665.22,177.94,398.31,985.51,683.02,674.46,0.2312,40.21,32.54,8.04,88.47,0.8092,0.3773,6.0816,0.4186,10.0,1.0,1.0,TOR_PROXY_TUNNEL
72.0323,1792.0,283.0,1509.0,2400941.14,165401.89,2235539.25,33331.43,24.88,-0.8622,1339.81,283.93,913.91,1500.0,1517.25,1292.21,0.261,12.14,8.75,2.43,26.72,0.7201,0.1335,3.5043,2.4331,18.0,0.0,0.0,BENIGN_STREAMING
3.7026,84.0,29.0,55.0,58670.3,12265.97,46404.33,15845.8,22.69,-0.5819,698.46,555.04,40.0,1500.0,655.25,739.39,0.5375,44.08,53.9,8.82,96.97,1.2229,0.0465,4.1591,2.2781,19.0,0.0,0.0,BENIGN_WEB
102.6025,457.0,84.0,373.0,657751.2,28611.3,629139.91,6410.68,4.45,-0.913,1439.28,411.37,822.23,1500.0,1542.21,1641.78,0.5691,14.02,10.7,2.8,30.85,0.7633,0.0772,2.9506,2.3586,23.0,0.0,0.0,BENIGN_STREAMING
30.9522,69.0,26.0,43.0,73552.4,11921.67,61630.73,2376.32,2.23,-0.6758,1065.98,393.8,475.27,1500.0,989.71,1206.52,0.3459,448.58,640.61,89.72,986.88,1.4281,0.0499,4.6978,2.9013,10.0,0.0,0.0,BENIGN_WEB
131.2,927.0,189.0,738.0,1244797.08,69206.36,1175590.72,9487.78,7.07,-0.8888,1342.82,381.02,771.29,1500.0,1502.13,1504.01,0.2557,16.05,6.83,3.21,35.31,0.4255,0.0866,3.1747,2.5433,20.0,0.0,0.0,BENIGN_STREAMING
4.6881,37.0,11.0,26.0,35053.4,6037.61,29015.79,7477.14,7.89,-0.6555,947.39,422.52,313.6,1500.0,994.82,900.55,0.4403,126.7,207.82,25.34,278.75,1.6402,0.0683,3.7301,2.2418,20.0,0.0,0.0,BENIGN_WEB
4.7889,31.0,8.0,23.0,29083.74,4774.66,24309.08,6073.14,6.47,-0.6717,938.19,416.65,313.21,1500.0,879.26,849.85,0.2859,154.48,212.6,30.9,339.86,1.3762,0.0283,3.8648,2.846,20.0,0.0,0.0,BENIGN_WEB
114.632,1291.0,165.0,1126.0,1640517.8,45280.32,1595237.48,14311.16,11.26,-0.9448,1270.73,408.63,657.8,1500.0,1178.5,1155.42,0.3082,19.28,8.5,3.86,42.42,0.4409,0.1619,3.7765,2.9819,18.0,0.0,0.0,BENIGN_STREAMING
52.3372,184.0,95.0,89.0,114714.07,55970.13,58743.93,2191.83,3.52,-0.0242,623.45,279.23,204.6,1126.06,556.93,565.1,0.4266,132.89,61.64,26.58,292.35,0.4639,0.4421,4.6812,1.5218,3.0,1.0,1.0,TOR_PROXY_TUNNEL
45.9939,152.0,77.0,75.0,91105.64,39659.54,51446.1,1980.82,3.3,-0.1294,599.38,286.62,169.44,1115.3,548.03,534.16,0.428,226.54,116.51,45.31,498.38,0.5143,0.3312,4.8888,1.1255,3.0,1.0,1.0,TOR_PROXY_TUNNEL
10.1052,40.0,14.0,26.0,36332.89,9344.74,26988.15,3595.48,3.96,-0.4856,908.32,440.84,247.06,1500.0,838.28,852.42,0.5983,252.63,295.88,50.53,555.78,1.1712,0.1136,4.0011,2.5702,12.0,0.0,0.0,BENIGN_WEB
27.8305,61.0,20.0,41.0,44587.01,10430.24,34156.76,1602.09,2.19,-0.5321,730.93,547.18,40.0,1500.0,735.31,823.36,0.3307,456.24,622.67,91.25,1003.72,1.3648,0.0685,3.7533,2.5706,10.0,0.0,0.0,BENIGN_WEB
11.6955,63.0,25.0,38.0,39314.72,4504.83,34809.89,3361.52,5.39,-0.7708,624.04,500.25,40.0,1500.0,548.78,605.0,0.2804,185.64,138.14,37.13,408.41,0.7441,0.0329,4.0668,2.8249,10.0,0.0,0.0,BENIGN_WEB
28.7949,39.0,12.0,27.0,28641.88,4540.11,24101.76,994.69,1.35,-0.683,734.41,531.52,40.0,1500.0,766.74,737.64,0.2401,738.33,669.09,147.67,1624.33,0.9062,0.0953,4.2484,2.3493,9.0,0.0,0.0,BENIGN_WEB
29.1224,64.0,23.0,41.0,67744.42,15637.27,52107.16,2326.2,2.2,-0.5383,1058.51,422.18,425.24,1500.0,940.86,1009.12,0.3837,455.04,692.24,91.01,1001.08,1.5213,0.0623,5.0651,2.1307,11.0,0.0,0.0,BENIGN_WEB
45.6229,325.0,161.0,164.0,248853.56,135644.65,113208.91,5454.58,7.12,0.0902,765.7,308.78,302.53,1321.52,779.75,848.27,0.5791,220.44,184.74,44.09,484.97,0.838,0.2359,5.4967,1.7676,10.0,1.0,1.0,TOR_PROXY_TUNNEL
48.9841,311.0,156.0,155.0,237316.96,121909.04,115407.92,4844.77,6.35,0.0274,763.08,188.31,480.62,1102.03,666.66,810.54,0.399,193.61,140.53,38.72,425.94,0.7258,0.4635,5.9799,1.7137,4.0,1.0,0.0,TOR_PROXY_TUNNEL
85.7057,1160.0,163.0,997.0,1595769.79,50888.08,1544881.71,18619.17,13.53,-0.9362,1375.66,407.09,765.03,1500.0,1449.4,1217.7,0.6044,7.67,2.94,1.53,16.86,0.3837,0.0745,3.0583,2.9845,10.0,0.0,0.0,BENIGN_STREAMING
45.3379,1406.0,286.0,1120.0,1760614.04,152563.81,1608050.23,38833.14,31.01,-0.8267,1252.21,278.47,834.5,1500.0,1163.71,1369.6,0.4672,18.04,7.18,3.61,39.69,0.3978,0.1209,3.3131,2.4982,19.0,0.0,0.0,BENIGN_STREAMING
29.5279,60.0,24.0,36.0,47035.11,6012.88,41022.23,1592.9,2.03,-0.7443,783.92,511.62,40.0,1500.0,781.41,864.68,0.3825,492.13,671.11,98.43,1082.69,1.3637,0.127,4.4601,2.6153,9.0,0.0,0.0,BENIGN_WEB
120.1967,1625.0,324.0,1301.0,2221871.38,224470.27,1997401.11,18485.3,13.52,-0.7979,1367.31,392.16,779.07,1500.0,1427.33,1383.62,0.2249,9.33,3.81,1.87,20.53,0.4084,0.0958,3.5196,2.9259,14.0,0.0,0.0,BENIGN_STREAMING
61.1583,1703.0,253.0,1450.0,2175066.62,212052.74,1963013.88,35564.56,27.85,-0.805,1277.2,299.02,828.67,1500.0,1153.32,1399.7,0.3424,20.04,14.98,4.01,44.08,0.7477,0.1638,3.367,2.4111,12.0,0.0,0.0,BENIGN_STREAMING
128.1573,337.0,71.0,266.0,434301.6,19694.94,414606.66,3388.82,2.63,-0.9093,1288.73,281.89,865.89,1500.0,1119.95,1114.12,0.5285,16.35,10.94,3.27,35.98,0.6691,0.1551,3.5732,2.3783,11.0,0.0,0.0,BENIGN_STREAMING
155.0974,1616.0,286.0,1330.0,1936683.46,201849.67,1734833.79,12486.89,10.42,-0.7916,1198.44,371.66,640.96,1500.0,1199.45,1255.29,0.3182,7.67,4.6,1.53,16.87,0.5998,0.1688,3.2025,2.8747,15.0,0.0,0.0,BENIGN_STREAMING
17.3292,24.0,6.0,18.0,17391.17,3896.23,13494.94,1003.58,1.38,-0.5519,724.63,411.67,107.13,1465.63,691.15,754.27,0.3327,722.05,717.58,144.41,1588.51,0.9938,0.0954,4.5453,2.359,18.0,0.0,0.0,BENIGN_WEB
18.7114,45.0,15.0,30.0,47218.64,5415.13,41803.51,2523.52,2.4,-0.7706,1049.3,354.23,517.96,1500.0,975.19,1085.62,0.3904,415.81,518.25,83.16,914.78,1.2464,0.0463,3.6022,2.6542,11.0,0.0,0.0,BENIGN_WEB
2.016,19.0,5.0,14.0,18990.35,2236.21,16754.14,9419.97,9.42,-0.7645,999.49,416.77,374.34,1500.0,855.79,1009.02,0.439,106.1,84.88,21.22,233.43,0.7999,0.0922,4.0724,2.1528,20.0,0.0,0.0,BENIGN_WEB
14.8777,35.0,10.0,25.0,24108.67,2328.59,21780.08,1620.46,2.35,-0.8068,688.82,509.52,40.0,1500.0,641.64,728.0,0.3949,425.08,582.72,85.02,935.17,1.3708,0.1343,4.1043,2.8761,20.0,0.0,0.0,BENIGN_WEB
64.7311,110.0,54.0,56.0,81403.97,33812.13,47591.85,1257.57,1.7,-0.1693,740.04,278.64,322.07,1241.59,735.39,651.03,0.223,279.74,129.63,55.95,615.42,0.4634,0.3862,5.9249,0.6084,3.0,1.0,1.0,TOR_PROXY_TUNNEL
13.412,42.0,14.0,28.0,31213.31,6324.51,24888.79,2327.27,3.13,-0.5948,743.17,495.7,40.0,1500.0,783.93,717.27,0.4857,319.33,296.23,63.87,702.53,0.9276,0.0606,4.9098,2.2344,17.0,0.0,0.0,BENIGN_WEB
26.7243,68.0,27.0,41.0,53524.98,13106.39,40418.59,2002.86,2.54,-0.5103,787.13,344.56,270.28,1407.35,777.56,758.3,0.321,393.0,387.04,78.6,864.61,0.9848,0.0588,4.2683,2.3823,16.0,0.0,0.0,BENIGN_WEB
89.1105,1999.0,385.0,1614.0,2394001.65,176342.29,2217659.37,26865.54,22.43,-0.8527,1197.6,341.59,685.22,1500.0,1170.31,1108.31,0.2701,21.88,7.72,4.38,48.13,0.353,0.0956,3.2919,2.415,23.0,0.0,0.0,BENIGN_STREAMING
113.5962,2066.0,362.0,1704.0,2453018.19,268951.82,2184066.38,21594.2,18.19,-0.7807,1187.33,314.0,716.33,1500.0,1188.22,1103.5,0.2381,20.29,8.76,4.06,44.63,0.4317,0.1096,3.7355,2.8667,11.0,0.0,0.0,BENIGN_STREAMING
11.2753,65.0,21.0,44.0,51919.29,5875.87,46043.42,4604.69,5.76,-0.7737,798.76,352.67,269.76,1433.56,824.39,876.81,0.3105,173.47,227.94,34.69,381.63,1.314,0.0647,4.299,2.9464,19.0,0.0,0.0,BENIGN_WEB
110.4573,293.0,56.0,237.0,417249.31,30179.38,387069.93,3777.47,2.65,-0.8553,1424.06,379.49,854.83,1500.0,1597.46,1325.38,0.5674,21.48,11.52,4.3,47.25,0.5364,0.0937,3.1888,2.6796,19.0,0.0,0.0,BENIGN_STREAMING
15.074,71.0,22.0,49.0,45170.87,8682.45,36488.42,2996.62,4.71,-0.6156,636.21,461.31,40.0,1466.57,620.84,545.72,0.2817,212.31,220.8,42.46,467.08,1.04,0.0907,4.9817,2.338,14.0,0.0,0.0,BENIGN_WEB
23.161,15.0,5.0,10.0,11356.64,2120.01,9236.63,490.33,0.65,-0.6266,757.11,423.0,122.61,1500.0,689.1,771.42,0.5036,1544.07,2373.01,308.81,3396.95,1.5369,0.061,4.6332,2.4696,17.0,0.0,0.0,BENIGN_WEB
67.2255,130.0,66.0,64.0,82527.65,48927.6,33600.04,1227.62,1.93,0.1857,634.83,265.49,236.59,1112.71,709.57,621.9,0.2306,166.95,120.81,33.39,367.28,0.7236,0.2804,5.7271,1.1697,4.0,1.0,1.0,TOR_PROXY_TUNNEL
62.6874,341.0,175.0,166.0,221589.19,89145.2,132443.99,3534.83,5.44,-0.1954,649.82,203.31,344.85,1015.79,738.71,637.22,0.2593,95.44,59.4,19.09,209.97,0.6223,0.4277,5.0593,0.863,6.0,1.0,0.0,TOR_PROXY_TUNNEL
17.3648,67.0,24.0,43.0,59534.66,5999.54,53535.12,3428.46,3.86,-0.7985,888.58,366.78,338.41,1500.0,1011.22,1017.97,0.2475,259.18,230.38,51.84,570.19,0.8889,0.0262,4.1766,2.9024,9.0,0.0,0.0,BENIGN_WEB
31.0329,27.0,8.0,19.0,25145.66,5897.53,19248.13,810.29,0.87,-0.5309,931.32,568.16,79.08,1500.0,890.5,885.07,0.6187,1149.37,1552.46,229.87,2528.61,1.3507,0.1377,5.087,3.0148,12.0,0.0,0.0,BENIGN_WEB
8.9317,15.0,5.0,10.0,13423.9,1589.88,11834.02,1502.96,1.68,-0.7631,894.93,382.56,321.08,1500.0,886.85,1019.18,0.3566,595.44,893.28,119.09,1309.98,1.5002,0.1231,3.6982,2.4049,17.0,0.0,0.0,BENIGN_WEB
31.1941,84.0,24.0,60.0,75811.42,9169.98,66641.44,2430.32,2.69,-0.7581,902.52,510.17,137.26,1500.0,794.09,800.93,0.2981,371.36,499.63,74.27,816.99,1.3454,0.0573,4.6301,2.4937,16.0,0.0,0.0,BENIGN_WEB
31.541,79.0,24.0,55.0,84275.72,14856.75,69418.97,2671.94,2.5,-0.6474,1066.78,455.94,382.86,1500.0,1122.4,1045.0,0.4666,399.25,313.6,79.85,878.36,0.7855,0.1038,4.0709,2.9224,20.0,0.0,0.0,BENIGN_WEB
17.1397,30.0,9.0,21.0,28674.64,5492.87,23181.77,1672.99,1.75,-0.6169,955.82,437.27,299.91,1500.0,974.08,958.88,0.407,571.32,799.31,114.26,1256.91,1.399,0.0976,4.8387,3.0705,20.0,0.0,0.0,BENIGN_WEB
60.2309,344.0,184.0,160.0,211791.53,121719.95,90071.58,3516.33,5.71,0.1494,615.67,258.11,228.51,1080.27,585.14,692.48,0.2221,89.78,72.8,17.96,197.51,0.8109,0.2581,5.1284,0.4879,2.0,1.0,1.0,TOR_PROXY_TUNNEL
28.0093,56.0,18.0,38.0,52536.62,7799.59,44737.03,1875.68,2.0,-0.7031,938.15,431.52,290.87,1500.0,887.55,932.92,0.2846,500.17,731.8,100.03,1100.37,1.4631,0.0616,4.4115,2.2276,8.0,0.0,0.0,BENIGN_WEB
31.6635,41.0,16.0,25.0,36422.99,9544.79,26878.2,1150.31,1.29,-0.4759,888.37,339.9,378.51,1500.0,951.92,911.31,0.4496,772.28,1226.65,154.46,1699.02,1.5883,0.1079,4.3064,2.7905,18.0,0.0,0.0,BENIGN_WEB
34.6737,152.0,74.0,78.0,116030.23,67582.99,48447.24,3346.35,4.38,0.1649,763.36,266.95,362.94,1243.86,732.3,835.93,0.3418,213.52,117.56,42.7,469.75,0.5506,0.3598,5.417,0.8003,2.0,1.0,1.0,TOR_PROXY_TUNNEL
51.391,1781.0,334.0,1447.0,2479791.43,248786.35,2231005.08,48253.41,34.66,-0.7993,1392.36,396.47,797.65,1500.0,1359.03,1433.71,0.2421,20.12,8.73,4.02,44.27,0.4339,0.0784,3.0866,2.7866,12.0,0.0,0.0,BENIGN_STREAMING
58.2503,329.0,167.0,162.0,221230.79,100717.75,120513.05,3797.93,5.65,-0.0895,672.43,248.44,299.77,1119.63,707.85,761.46,0.4316,213.32,173.61,42.66,469.3,0.8138,0.4368,4.7894,0.2205,10.0,1.0,0.0,TOR_PROXY_TUNNEL
121.0787,852.0,156.0,696.0,1166432.13,36459.12,1129973.01,9633.67,7.04,-0.9375,1369.05,387.16,788.32,1500.0,1524.11,1373.29,0.2935,21.82,13.53,4.36,48.01,0.6199,0.1201,3.7827,2.6663,20.0,0.0,0.0,BENIGN_STREAMING
103.741,723.0,158.0,565.0,915384.43,38389.66,876994.77,8823.75,6.97,-0.9161,1266.09,383.33,691.1,1500.0,1150.46,1301.62,0.3312,14.67,7.88,2.93,32.27,0.5372,0.1617,3.4399,2.9932,11.0,0.0,0.0,BENIGN_STREAMING
44.3991,1090.0,196.0,894.0,1477045.67,45521.1,1431524.56,33267.49,24.55,-0.9384,1355.09,353.46,824.9,1500.0,1295.63,1290.78,0.4036,12.17,5.49,2.43,26.78,0.451,0.1001,3.8195,2.2758,22.0,0.0,0.0,BENIGN_STREAMING
22.4986,61.0,20.0,41.0,53233.6,11168.92,42064.68,2366.09,2.71,-0.5804,872.68,437.73,216.08,1500.0,755.2,800.38,0.3945,368.83,638.88,73.77,811.42,1.7322,0.1281,4.2571,2.7421,14.0,0.0,0.0,BENIGN_WEB
17.0453,33.0,11.0,22.0,20481.88,5306.64,15175.24,1201.61,1.94,-0.4818,620.66,452.65,40.0,1435.43,535.68,531.86,0.3337,516.52,516.76,103.3,1136.35,1.0004,0.0588,4.6839,3.0645,14.0,0.0,0.0,BENIGN_WEB
9.5123,29.0,11.0,18.0,28917.82,7507.51,21410.31,3040.03,3.05,-0.4808,997.17,466.54,297.36,1500.0,863.12,951.79,0.302,328.01,347.2,65.6,721.63,1.0585,0.0917,4.4966,2.2587,17.0,0.0,0.0,BENIGN_WEB
13.6286,46.0,13.0,33.0,48727.78,8608.74,40119.05,3575.4,3.38,-0.6467,1059.3,335.65,555.82,1500.0,1024.87,959.44,0.5012,296.27,263.81,59.25,651.8,0.8904,0.0652,4.8512,3.0256,14.0,0.0,0.0,BENIGN_WEB
27.3291,76.0,25.0,51.0,80515.9,10179.24,70336.67,2946.16,2.78,-0.7471,1059.42,551.28,232.49,1500.0,1072.99,1039.13,0.5568,359.59,378.66,71.92,791.11,1.053,0.096,4.7638,2.9633,11.0,0.0,0.0,BENIGN_WEB
66.1714,485.0,76.0,409.0,693885.63,65901.76,627983.87,10486.19,7.33,-0.8101,1430.69,353.17,900.93,1500.0,1475.34,1347.93,0.4696,8.68,6.66,1.74,19.09,0.768,0.1687,3.1783,2.3153,20.0,0.0,0.0,BENIGN_STREAMING
12.6442,61.0,19.0,42.0,42853.16,7162.58,35690.57,3389.15,4.82,-0.6657,702.51,327.51,211.24,1292.04,603.96,616.43,0.4456,207.28,150.02,41.46,456.02,0.7238,0.0496,4.7349,2.9805,17.0,0.0,0.0,BENIGN_WEB
42.9293,1220.0,157.0,1063.0,1495819.6,83034.78,1412784.82,34843.82,28.42,-0.889,1226.08,281.27,804.17,1500.0,1224.29,1092.22,0.4929,25.44,15.39,5.09,55.97,0.6048,0.0839,3.3157,2.6649,21.0,0.0,0.0,BENIGN_STREAMING
143.0049,1972.0,375.0,1597.0,2769646.74,133153.16,2636493.58,19367.5,13.79,-0.9038,1404.49,271.87,996.68,1500.0,1474.23,1299.67,0.3701,16.81,8.01,3.36,36.99,0.4766,0.1132,3.4155,2.9074,20.0,0.0,0.0,BENIGN_STREAMING
17.0914,53.0,17.0,36.0,42984.05,9220.29,33763.76,2514.95,3.1,-0.571,811.02,406.22,201.68,1500.0,903.14,771.42,0.5065,322.48,430.92,64.5,709.45,1.3363,0.1115,4.507,2.3953,11.0,0.0,0.0,BENIGN_WEB
28.4728,64.0,26.0,38.0,51244.42,7313.2,43931.21,1799.77,2.25,-0.7146,800.69,522.77,40.0,1500.0,737.75,851.21,0.3188,444.89,668.37,88.98,978.75,1.5023,0.0994,4.6597,2.2271,19.0,0.0,0.0,BENIGN_WEB
74.5888,1994.0,408.0,1586.0,2634993.48,227451.77,2407541.71,35326.95,26.73,-0.8274,1321.46,318.7,843.41,1500.0,1519.62,1449.55,0.5507,11.11,8.16,2.22,24.43,0.7346,0.116,3.8185,2.5415,20.0,0.0,0.0,BENIGN_STREAMING
24.186,73.0,24.0,49.0,53259.18,15418.26,37840.93,2202.06,3.02,-0.421,729.58,420.29,99.14,1486.11,624.5,658.28,0.5699,331.32,526.91,66.26,728.89,1.5904,0.1392,4.9212,2.7883,11.0,0.0,0.0,BENIGN_WEB
8.3066,75.0,27.0,48.0,54328.63,12194.24,42134.39,6540.42,9.03,-0.5511,724.38,549.99,40.0,1500.0,664.68,727.41,0.3227,110.75,113.49,22.15,243.66,1.0247,0.13,4.0406,3.0995,12.0,0.0,0.0,BENIGN_WEB
10.3508,56.0,21.0,35.0,40183.77,6197.25,33986.52,3882.17,5.41,-0.6916,717.57,412.8,98.37,1460.61,705.8,634.8,0.4113,184.84,263.55,36.97,406.64,1.4259,0.0545,5.0236,3.0784,14.0,0.0,0.0,BENIGN_WEB
13.1203,82.0,41.0,41.0,59387.95,30277.06,29110.88,4526.4,6.25,0.0196,724.24,234.62,372.31,1146.56,621.99,789.27,0.3185,261.16,218.58,52.23,574.54,0.837,0.3755,5.3279,1.4277,4.0,1.0,1.0,TOR_PROXY_TUNNEL
123.7337,1625.0,219.0,1406.0,2021904.91,109992.83,1911912.08,16340.78,13.13,-0.8912,1244.25,377.94,677.34,1500.0,1409.43,1131.23,0.4186,21.35,10.96,4.27,46.96,0.5136,0.1647,2.9086,2.9899,12.0,0.0,0.0,BENIGN_STREAMING
8.8592,59.0,19.0,40.0,52123.2,14505.91,37617.29,5883.48,6.66,-0.4434,883.44,467.55,182.13,1500.0,865.82,794.51,0.5906,150.16,161.28,30.03,330.34,1.0741,0.1212,4.8416,2.2092,16.0,0.0,0.0,BENIGN_WEB
2.6624,31.0,11.0,20.0,33193.24,4095.85,29097.39,12467.34,11.64,-0.7532,1070.75,501.63,318.31,1500.0,1045.06,1223.92,0.2481,85.88,89.27,17.18,188.95,1.0394,0.1109,3.7851,2.8193,20.0,0.0,0.0,BENIGN_WEB
19.9019,34.0,13.0,21.0,24004.9,4225.79,19779.11,1206.16,1.71,-0.6479,706.03,377.29,140.1,1385.14,735.52,623.14,0.4929,585.35,563.67,117.07,1287.77,0.963,0.0831,4.0202,2.6512,14.0,0.0,0.0,BENIGN_WEB
65.527,183.0,88.0,95.0,112261.46,61160.12,51101.34,1713.21,2.79,0.0896,613.45,291.69,175.91,1138.5,528.03,684.31,0.3071,46.08,25.51,9.22,101.37,0.5535,0.3638,4.9141,1.2648,0.0,1.0,0.0,TOR_PROXY_TUNNEL
18.0385,65.0,18.0,47.0,57432.39,12345.25,45087.15,3183.88,3.6,-0.5701,883.58,498.47,135.86,1500.0,984.79,818.76,0.2156,277.52,264.08,55.5,610.53,0.9516,0.0151,4.9928,2.6898,11.0,0.0,0.0,BENIGN_WEB
82.625,367.0,197.0,170.0,242654.74,129633.25,113021.5,2936.82,4.44,0.0685,661.18,309.48,196.96,1218.25,760.15,572.08,0.2341,219.38,134.01,43.88,482.64,0.6109,0.2204,5.7862,1.6904,7.0,1.0,1.0,TOR_PROXY_TUNNEL
20.2885,1413.0,229.0,1184.0,2013857.62,195855.15,1818002.47,99260.88,69.65,-0.8055,1425.24,408.58,812.37,1500.0,1576.62,1593.2,0.1849,6.89,5.31,1.38,15.16,0.7705,0.1476,3.4631,2.5909,16.0,0.0,0.0,BENIGN_STREAMING
81.7869,1243.0,264.0,979.0,1689639.62,185441.29,1504198.33,20659.06,15.2,-0.7805,1359.32,338.54,851.52,1500.0,1359.21,1217.03,0.3719,8.36,5.64,1.67,18.39,0.6747,0.0737,3.0747,2.5425,16.0,0.0,0.0,BENIGN_STREAMING
16.7076,28.0,9.0,19.0,25602.13,4856.69,20745.44,1532.36,1.68,-0.6206,914.36,560.82,73.14,1500.0,793.48,778.29,0.591,596.7,615.75,119.34,1312.74,1.0319,0.0276,4.4588,2.1223,8.0,0.0,0.0,BENIGN_WEB
42.5223,116.0,56.0,60.0,69912.24,32397.57,37514.67,1644.13,2.73,-0.0732,602.69,297.21,156.88,1137.67,571.95,629.34,0.2905,137.2,69.83,27.44,301.85,0.509,0.447,5.1829,1.504,10.0,1.0,1.0,TOR_PROXY_TUNNEL
11.3516,49.0,14.0,35.0,51100.43,5186.45,45913.98,4501.6,4.32,-0.797,1042.87,534.89,240.54,1500.0,1193.06,1155.1,0.1979,231.67,275.51,46.33,509.66,1.1893,0.0139,4.2384,3.0118,10.0,0.0,0.0,BENIGN_WEB
37.7442,346.0,178.0,168.0,218770.28,86891.19,131879.09,5796.13,9.17,-0.2056,632.28,243.5,267.04,1070.58,688.71,705.85,0.4247,214.77,94.61,42.95,472.5,0.4405,0.4756,5.4916,0.3658,11.0,1.0,0.0,TOR_PROXY_TUNNEL
2.4095,72.0,29.0,43.0,67007.06,10750.59,56256.47,27809.29,29.88,-0.6791,930.65,458.65,242.68,1500.0,807.22,851.05,0.2959,33.47,24.79,6.69,73.62,0.7407,0.0823,4.3669,2.1982,10.0,0.0,0.0,BENIGN_WEB
28.3093,355.0,58.0,297.0,459472.35,26877.59,432594.76,16230.42,12.54,-0.883,1294.29,313.85,823.52,1500.0,1386.99,1106.68,0.316,23.16,17.54,4.63,50.95,0.7574,0.1669,3.5896,2.3076,19.0,0.0,0.0,BENIGN_STREAMING
88.6317,958.0,163.0,795.0,1361158.95,117637.52,1243521.43,15357.48,10.81,-0.8272,1420.83,279.9,1000.98,1500.0,1367.96,1400.4,0.2604,10.9,4.85,2.18,23.98,0.4452,0.093,3.2587,2.8543,17.0,0.0,0.0,BENIGN_STREAMING
4.7207,25.0,7.0,18.0,19063.77,4559.5,14504.27,4038.34,5.3,-0.5217,762.55,422.1,129.4,1500.0,650.85,698.23,0.4482,188.83,143.64,37.77,415.42,0.7607,0.1322,4.9694,2.3035,12.0,0.0,0.0,BENIGN_WEB
73.3499,297.0,154.0,143.0,202604.52,95343.2,107261.32,2762.17,4.05,-0.0588,682.17,225.57,343.81,1088.2,691.61,637.95,0.4516,68.59,30.16,13.72,150.9,0.4397,0.4316,5.7709,0.187,8.0,1.0,1.0,TOR_PROXY_TUNNEL
21.172,59.0,23.0,36.0,41074.18,8764.44,32309.74,1940.02,2.79,-0.5732,696.17,425.75,57.55,1462.52,707.46,777.61,0.2426,358.85,337.67,71.77,789.47,0.941,0.0356,4.2709,2.4648,18.0,0.0,0.0,BENIGN_WEB
7.5001,47.0,14.0,33.0,37141.44,5826.64,31314.8,4952.1,6.27,-0.6862,790.24,564.47,40.0,1500.0,869.17,848.7,0.2098,159.58,123.48,31.92,351.07,0.7738,0.1383,3.7574,2.3002,16.0,0.0,0.0,BENIGN_WEB
83.3729,207.0,102.0,105.0,124491.35,66748.01,57743.34,1493.19,2.48,0.0723,601.41,264.34,204.89,1077.23,594.22,519.51,0.1989,250.97,153.28,50.19,552.14,0.6107,0.4471,4.8034,1.4347,3.0,1.0,0.0,TOR_PROXY_TUNNEL
49.7558,63.0,33.0,30.0,42184.62,23187.98,18996.64,847.83,1.27,0.0994,669.6,309.47,205.39,1226.65,671.42,596.95,0.469,88.16,74.63,17.63,193.95,0.8466,0.3364,4.7044,1.4428,11.0,1.0,0.0,TOR_PROXY_TUNNEL
3.3146,19.0,7.0,12.0,15348.94,4203.39,11145.55,4630.74,5.73,-0.4523,807.84,329.23,313.99,1400.46,802.11,884.48,0.2717,174.45,170.01,34.89,383.79,0.9745,0.1019,4.2538,2.5735,10.0,0.0,0.0,BENIGN_WEB
78.4726,153.0,81.0,72.0,87180.86,36267.7,50913.16,1110.97,1.95,-0.168,569.81,264.21,173.5,1045.38,554.54,526.24,0.5469,177.2,120.85,35.44,389.85,0.682,0.2364,5.1425,0.6689,4.0,1.0,1.0,TOR_PROXY_TUNNEL
31.2567,32.0,11.0,21.0,34387.51,5309.5,29078.01,1100.16,1.02,-0.6912,1074.61,450.78,398.44,1500.0,1170.42,1026.33,0.4125,976.77,1639.82,195.35,2148.9,1.6788,0.0889,4.7804,2.9468,12.0,0.0,0.0,BENIGN_WEB
29.3045,70.0,20.0,50.0,63660.54,13521.83,50138.7,2172.38,2.39,-0.5752,909.44,333.9,408.58,1500.0,944.77,780.5,0.2796,418.64,317.65,83.73,921.0,0.7588,0.0478,4.0452,2.6973,10.0,0.0,0.0,BENIGN_WEB
55.2425,1846.0,287.0,1559.0,2282636.49,143245.41,2139391.08,41320.32,33.42,-0.8745,1236.53,316.24,762.17,1500.0,1129.38,1304.99,0.3905,25.13,9.88,5.03,55.29,0.3931,0.1386,3.5176,2.8491,15.0,0.0,0.0,BENIGN_STREAMING
29.062,75.0,28.0,47.0,77358.37,12149.27,65209.1,2661.84,2.58,-0.6859,1031.44,437.71,374.88,1500.0,977.09,1090.3,0.2571,387.49,438.53,77.5,852.48,1.1317,0.1383,3.6112,3.0742,16.0,0.0,0.0,BENIGN_WEB
19.5499,45.0,15.0,30.0,43884.42,6459.05,37425.37,2244.74,2.3,-0.7056,975.21,511.99,207.22,1500.0,1093.86,958.44,0.3791,434.44,375.23,86.89,955.77,0.8637,0.1367,4.406,2.7929,8.0,0.0,0.0,BENIGN_WEB
62.5812,558.0,113.0,445.0,697486.41,29486.01,668000.41,11145.31,8.92,-0.9155,1249.98,370.92,693.59,1500.0,1106.78,1302.15,0.4856,26.57,19.82,5.31,58.44,0.7463,0.0961,3.6527,2.4682,23.0,0.0,0.0,BENIGN_STREAMING
37.3611,87.0,42.0,45.0,48354.86,25277.8,23077.06,1294.26,2.33,0.0455,555.8,214.53,234.01,941.95,613.74,606.42,0.2556,224.27,184.75,44.85,493.38,0.8238,0.3908,5.5805,1.1364,2.0,1.0,0.0,TOR_PROXY_TUNNEL
56.0662,1394.0,283.0,1111.0,1979592.94,55367.44,1924225.5,35308.12,24.86,-0.9441,1420.08,311.58,952.72,1500.0,1599.76,1327.46,0.4573,22.03,7.74,4.41,48.46,0.3514,0.0977,3.6686,2.5588,11.0,0.0,0.0,BENIGN_STREAMING
29.3605,26.0,8.0,18.0,23008.9,6108.84,16900.06,783.67,0.89,-0.469,884.96,505.98,125.99,1500.0,1014.39,919.73,0.4027,1129.25,1639.84,225.85,2484.35,1.4521,0.05,4.1371,2.7765,14.0,0.0,0.0,BENIGN_WEB
66.7042,1256.0,260.0,996.0,1630143.57,168104.96,1462038.61,24438.4,18.83,-0.7938,1297.89,401.95,694.96,1500.0,1333.59,1310.42,0.5821,8.18,4.85,1.64,18.0,0.5925,0.0731,3.6385,2.4814,14.0,0.0,0.0,BENIGN_STREAMING
25.248,15.0,4.0,11.0,9738.42,1259.91,8478.51,385.71,0.59,-0.7413,649.23,494.52,40.0,1500.0,552.56,606.1,0.2857,1683.2,1895.48,336.64,3703.04,1.1261,0.0187,4.6149,2.3543,14.0,0.0,0.0,BENIGN_WEB
25.7949,83.0,32.0,51.0,85590.14,10372.01,75218.13,3318.11,3.22,-0.7576,1031.21,419.12,402.53,1500.0,953.11,1126.02,0.5757,310.78,249.17,62.16,683.72,0.8018,0.116,4.3691,2.7654,8.0,0.0,0.0,BENIGN_WEB
14.8355,28.0,9.0,19.0,19150.29,4514.2,14636.09,1290.84,1.89,-0.5286,683.94,331.75,186.32,1281.08,769.12,607.0,0.4628,529.84,461.0,105.97,1165.65,0.8701,0.1081,4.33,3.0944,10.0,0.0,0.0,BENIGN_WEB
23.228,46.0,13.0,33.0,39181.43,6992.34,32189.09,1686.82,1.98,-0.6431,851.77,501.78,99.1,1500.0,955.72,746.92,0.493,504.96,574.18,100.99,1110.91,1.1371,0.1159,4.3615,2.9192,14.0,0.0,0.0,BENIGN_WEB
29.0241,30.0,12.0,18.0,26633.76,7603.12,19030.64,917.64,1.03,-0.4291,887.79,509.92,122.92,1500.0,969.7,922.46,0.186,967.47,1000.04,193.49,2128.43,1.0337,0.0496,3.6507,3.059,13.0,0.0,0.0,BENIGN_WEB
23.6058,484.0,98.0,386.0,663964.97,39585.44,624379.54,28127.15,20.5,-0.8808,1371.83,366.58,821.96,1500.0,1470.11,1197.84,0.3647,18.92,7.59,3.78,41.62,0.4012,0.0581,3.2116,2.4248,15.0,0.0,0.0,BENIGN_STREAMING
18.4865,93.0,48.0,45.0,66139.16,39649.12,26490.05,3577.7,5.03,0.199,711.17,247.39,340.09,1156.47,642.09,638.44,0.2994,102.47,82.98,20.49,225.43,0.8098,0.4654,5.1982,1.6266,8.0,1.0,1.0,TOR_PROXY_TUNNEL
146.5583,1108.0,242.0,866.0,1497138.75,133158.41,1363980.34,10215.31,7.56,-0.8221,1351.21,362.42,807.57,1500.0,1204.21,1377.76,0.4998,11.14,5.43,2.23,24.52,0.4868,0.1725,3.1211,2.2011,22.0,0.0,0.0,BENIGN_STREAMING
99.2547,1540.0,262.0,1278.0,2076067.1,80114.08,1995953.02,20916.57,15.52,-0.9228,1348.1,277.81,931.38,1500.0,1428.78,1195.69,0.2053,21.4,13.65,4.28,47.07,0.6378,0.0585,3.5927,2.5012,12.0,0.0,0.0,BENIGN_STREAMING
33.0035,343.0,174.0,169.0,252958.97,130198.2,122760.77,7664.6,10.39,0.0294,737.49,297.74,290.87,1273.43,767.94,768.49,0.4145,91.19,48.72,18.24,200.61,0.5342,0.2798,5.8071,0.6914,10.0,1.0,0.0,TOR_PROXY_TUNNEL
16.7087,27.0,11.0,16.0,26480.15,4781.29,21698.86,1584.81,1.62,-0.6389,980.75,499.52,231.46,1500.0,970.53,960.35,0.493,618.84,1003.25,123.77,1361.45,1.6212,0.1148,4.8451,2.894,21.0,0.0,0.0,BENIGN_WEB
21.9644,159.0,83.0,76.0,109209.84,43618.73,65591.11,4972.14,7.24,-0.2012,686.85,254.35,305.33,1144.68,631.07,637.65,0.4586,105.27,82.03,21.05,231.59,0.7793,0.371,4.7156,0.6329,11.0,1.0,0.0,TOR_PROXY_TUNNEL
19.2178,72.0,23.0,49.0,55321.76,11944.76,43377.0,2878.68,3.75,-0.5682,768.36,552.77,40.0,1500.0,730.84,724.04,0.2329,266.91,441.77,53.38,587.21,1.6551,0.118,3.6842,2.9526,9.0,0.0,0.0,BENIGN_WEB
75.3131,331.0,175.0,156.0,184398.24,95946.71,88451.53,2448.42,4.39,0.0406,557.09,181.73,284.49,884.22,636.06,505.58,0.2972,192.8,102.38,38.56,424.16,0.531,0.3895,5.6417,0.8763,0.0,1.0,0.0,TOR_PROXY_TUNNEL
39.7934,2155.0,431.0,1724.0,2624397.09,225000.98,2399396.12,65950.57,54.15,-0.8285,1217.82,300.12,767.65,1500.0,1175.22,1368.54,0.4224,23.22,12.61,4.64,51.07,0.5433,0.1347,3.2863,2.9513,15.0,0.0,0.0,BENIGN_STREAMING
13.7781,45.0,12.0,33.0,40650.12,7398.8,33251.32,2950.34,3.27,-0.636,903.34,481.53,181.04,1500.0,925.23,936.04,0.2565,306.18,253.01,61.24,673.6,0.8263,0.0851,4.964,2.6552,12.0,0.0,0.0,BENIGN_WEB
18.3078,1533.0,267.0,1266.0,2156643.2,54281.61,2102361.59,117799.46,83.74,-0.9497,1406.81,338.82,898.58,1500.0,1541.18,1295.69,0.337,8.99,3.59,1.8,19.77,0.3998,0.1426,3.1227,2.9495,16.0,0.0,0.0,BENIGN_STREAMING
9.445,51.0,16.0,35.0,43759.29,12368.68,31390.6,4633.08,5.4,-0.4347,858.03,486.83,127.78,1500.0,952.59,783.07,0.614,185.2,149.54,37.04,407.43,0.8074,0.0919,4.2176,2.7701,20.0,0.0,0.0,BENIGN_WEB
25.9337,73.0,25.0,48.0,59062.62,13283.39,45779.22,2277.45,2.81,-0.5502,809.08,542.26,40.0,1500.0,696.63,726.42,0.3738,355.26,454.28,71.05,781.56,1.2787,0.114,3.8015,3.0306,9.0,0.0,0.0,BENIGN_WEB
28.8391,43.0,13.0,30.0,34648.51,6885.02,27763.49,1201.44,1.49,-0.6026,805.78,481.73,83.18,1500.0,710.91,878.23,0.5996,670.68,617.04,134.14,1475.49,0.92,0.0384,3.7157,2.4042,20.0,0.0,0.0,BENIGN_WEB
4.8769,30.0,9.0,21.0,20692.63,1928.61,18764.02,4242.97,6.15,-0.8136,689.75,502.13,40.0,1500.0,621.76,598.67,0.5543,162.56,189.93,32.51,357.64,1.1683,0.028,4.0803,2.6873,14.0,0.0,0.0,BENIGN_WEB
27.9175,61.0,22.0,39.0,53019.47,11657.83,41361.64,1899.15,2.19,-0.5602,869.17,399.28,270.25,1500.0,831.66,877.49,0.251,457.66,386.33,91.53,1006.86,0.8441,0.0383,4.5944,2.5342,8.0,0.0,0.0,BENIGN_WEB
73.076,224.0,108.0,116.0,172937.63,68590.98,104346.65,2366.55,3.07,-0.2068,772.04,180.43,501.39,1096.82,708.3,670.97,0.3259,160.55,100.73,32.11,353.2,0.6274,0.3468,5.35,1.3228,6.0,1.0,0.0,TOR_PROXY_TUNNEL
108.7633,1452.0,177.0,1275.0,2059000.63,97077.05,1961923.57,18931.02,13.35,-0.9057,1418.04,315.23,945.2,1500.0,1220.66,1223.03,0.332,6.71,3.02,1.34,14.77,0.4492,0.1187,3.1212,2.619,12.0,0.0,0.0,BENIGN_STREAMING
37.3968,134.0,66.0,68.0,80046.85,45773.02,34273.83,2140.47,3.58,0.1437,597.36,289.91,162.51,1119.19,572.11,509.6,0.3885,151.25,70.17,30.25,332.76,0.4639,0.2318,6.0394,0.7437,11.0,1.0,1.0,TOR_PROXY_TUNNEL
44.74,1308.0,263.0,1045.0,1718784.83,181480.41,1537304.42,38417.18,29.24,-0.7888,1314.06,294.5,872.3,1500.0,1175.58,1224.8,0.3584,7.31,3.13,1.46,16.08,0.4278,0.141,2.9941,2.9923,12.0,0.0,0.0,BENIGN_STREAMING
43.3254,880.0,118.0,762.0,1220727.2,130409.06,1090318.14,28175.8,20.31,-0.7863,1387.19,350.37,861.63,1500.0,1411.48,1489.08,0.422,19.92,8.99,3.98,43.82,0.4514,0.1201,3.2349,2.4098,23.0,0.0,0.0,BENIGN_STREAMING
18.1338,335.0,164.0,171.0,198880.92,104259.29,94621.63,10967.42,18.47,0.0485,593.67,286.78,163.5,1109.88,578.31,596.23,0.2738,176.08,75.69,35.22,387.38,0.4299,0.3993,4.7893,1.392,10.0,0.0,0.0,TOR_PROXY_TUNNEL
66.9102,141.0,69.0,72.0,107028.89,50876.68,56152.21,1599.59,2.11,-0.0493,759.07,294.92,316.69,1289.92,668.12,827.54,0.2622,52.53,40.1,10.51,115.57,0.7633,0.4485,5.0246,1.5614,3.0,0.0,1.0,TOR_PROXY_TUNNEL
21.6046,700.0,87.0,613.0,964511.23,82122.83,882388.41,44643.8,32.4,-0.8297,1377.87,394.56,786.03,1500.0,1560.85,1309.37,0.5013,14.29,11.05,2.86,31.44,0.7732,0.1377,3.4241,2.9163,13.0,0.0,0.0,BENIGN_STREAMING
54.31,333.0,165.0,168.0,221864.75,122754.57,99110.19,4085.16,6.13,0.1066,666.26,188.16,384.03,1004.94,628.58,724.43,0.3596,210.37,143.88,42.07,462.82,0.6839,0.2588,5.9886,0.4603,7.0,1.0,1.0,TOR_PROXY_TUNNEL
20.8559,48.0,17.0,31.0,39475.71,4471.42,35004.29,1892.79,2.3,-0.7735,822.41,496.18,78.13,1500.0,915.67,899.81,0.3985,434.5,748.4,86.9,955.89,1.7224,0.0376,4.5315,2.8361,17.0,0.0,0.0,BENIGN_WEB
24.6367,36.0,14.0,22.0,26358.63,6751.87,19606.76,1069.89,1.46,-0.4877,732.18,550.93,40.0,1500.0,765.43,773.34,0.3485,684.35,733.17,136.87,1505.58,1.0713,0.0265,5.0198,3.0022,18.0,0.0,0.0,BENIGN_WEB
4.977,39.0,14.0,25.0,26566.3,2644.67,23921.63,5337.81,7.84,-0.8009,681.19,536.81,40.0,1500.0,639.22,650.93,0.2335,127.62,146.73,25.52,280.75,1.1498,0.1243,3.7097,2.6979,19.0,0.0,0.0,BENIGN_WEB
41.291,168.0,84.0,84.0,98367.37,38710.0,59657.37,2382.3,4.07,-0.213,585.52,205.69,276.99,955.76,576.02,621.52,0.2486,35.63,28.48,7.13,78.38,0.7993,0.4071,5.1766,1.3647,0.0,1.0,1.0,TOR_PROXY_TUNNEL
9.2326,26.0,7.0,19.0,21157.29,4449.35,16707.94,2291.59,2.82,-0.5794,813.74,472.91,104.38,1500.0,872.59,820.0,0.5381,355.1,262.06,71.02,781.22,0.738,0.0695,4.3154,2.8355,15.0,0.0,0.0,BENIGN_WEB
39.6091,132.0,70.0,62.0,100756.24,42571.54,58184.7,2543.77,3.33,-0.155,763.3,292.75,324.19,1290.25,735.08,731.14,0.2031,108.64,88.06,21.73,239.01,0.8105,0.3331,5.9549,1.3889,9.0,1.0,0.0,TOR_PROXY_TUNNEL
7.0544,29.0,8.0,21.0,20112.92,4443.96,15668.97,2851.12,4.11,-0.5581,693.55,452.16,40.0,1500.0,715.07,766.72,0.4589,243.25,318.86,48.65,535.16,1.3108,0.1265,4.0468,2.208,21.0,0.0,0.0,BENIGN_WEB
20.2608,83.0,32.0,51.0,83271.64,14157.35,69114.29,4109.99,4.1,-0.66,1003.27,423.13,368.57,1500.0,905.46,878.64,0.3166,244.11,399.36,48.82,537.03,1.636,0.1112,4.4172,2.4096,14.0,0.0,0.0,BENIGN_WEB
15.1902,30.0,10.0,20.0,28448.54,5659.55,22788.98,1872.82,1.97,-0.6021,948.28,403.21,343.47,1500.0,1008.4,952.97,0.2905,506.34,836.36,101.27,1113.95,1.6518,0.1373,4.152,3.0859,15.0,0.0,0.0,BENIGN_WEB
26.5944,39.0,11.0,28.0,32441.33,7353.89,25087.44,1219.85,1.47,-0.5466,831.83,502.52,78.05,1500.0,749.91,773.49,0.5864,681.91,1128.49,136.38,1500.2,1.6549,0.0324,5.001,2.8305,13.0,0.0,0.0,BENIGN_WEB
70.5507,1303.0,209.0,1094.0,1539073.29,122449.11,1416624.18,21815.13,18.47,-0.8409,1181.18,367.87,629.37,1500.0,1128.2,1242.42,0.5632,18.77,11.43,3.75,41.29,0.6088,0.1229,3.1946,2.4395,20.0,0.0,0.0,BENIGN_STREAMING
117.1862,488.0,75.0,413.0,700668.01,21723.16,678944.85,5979.1,4.16,-0.938,1435.8,294.24,994.44,1500.0,1243.92,1511.13,0.4767,9.67,3.52,1.93,21.28,0.364,0.1464,3.8446,2.5931,14.0,0.0,0.0,BENIGN_STREAMING
14.9942,28.0,9.0,19.0,23535.0,4812.52,18722.48,1569.61,1.87,-0.591,840.54,497.37,94.48,1500.0,904.74,929.37,0.4124,535.51,778.52,107.1,1178.11,1.4538,0.1036,4.3583,2.8037,19.0,0.0,0.0,BENIGN_WEB
3.5077,34.0,10.0,24.0,26177.5,6013.76,20163.75,7462.96,9.69,-0.5405,769.93,520.1,40.0,1500.0,836.33,738.37,0.3743,103.17,140.19,20.63,226.97,1.3589,0.0598,4.1008,2.1376,16.0,0.0,0.0,BENIGN_WEB
5.3406,75.0,28.0,47.0,72842.01,14749.32,58092.69,13639.19,14.04,-0.595,971.23,365.63,422.78,1500.0,1027.58,915.38,0.2011,71.21,55.08,14.24,156.66,0.7736,0.0156,4.8037,2.8641,12.0,0.0,0.0,BENIGN_WEB
77.1413,88.0,43.0,45.0,55856.1,32886.31,22969.79,724.08,1.14,0.1775,634.73,315.51,161.47,1202.64,727.36,603.5,0.2612,49.33,39.56,9.87,108.52,0.802,0.2764,4.6059,0.7022,9.0,1.0,0.0,TOR_PROXY_TUNNEL
14.7802,20.0,6.0,14.0,12487.04,1881.67,10605.36,844.85,1.35,-0.6986,624.35,503.41,40.0,1500.0,675.31,614.43,0.6075,739.01,1021.98,147.8,1625.82,1.3829,0.075,4.8345,2.5818,8.0,0.0,0.0,BENIGN_WEB
10.5959,57.0,16.0,41.0,54117.79,9313.42,44804.37,5107.41,5.38,-0.6558,949.43,531.69,151.9,1500.0,849.11,975.36,0.2669,185.89,294.85,37.18,408.97,1.5861,0.0129,4.5343,2.8874,12.0,0.0,0.0,BENIGN_WEB
29.0139,57.0,17.0,40.0,46036.76,11396.09,34640.67,1586.71,1.96,-0.5049,807.66,436.34,153.16,1500.0,709.16,888.02,0.4272,509.02,795.88,101.8,1119.83,1.5636,0.1061,4.7084,2.5369,19.0,0.0,0.0,BENIGN_WEB
7.903,33.0,9.0,24.0,32150.22,8099.27,24050.95,4068.1,4.18,-0.4962,974.25,465.51,275.99,1500.0,922.15,892.97,0.5243,239.48,209.97,47.9,526.87,0.8767,0.083,3.754,2.6728,9.0,0.0,0.0,BENIGN_WEB
30.8197,58.0,20.0,38.0,37806.86,9207.05,28599.81,1226.71,1.88,-0.5129,651.84,440.89,40.0,1445.44,730.4,721.31,0.2699,531.37,768.46,106.27,1169.02,1.4462,0.0785,4.5552,3.0637,17.0,0.0,0.0,BENIGN_WEB
7.9553,15.0,4.0,11.0,13615.64,2617.38,10998.26,1711.52,1.89,-0.6155,907.71,377.74,341.1,1500.0,922.23,785.63,0.3461,530.35,844.54,106.07,1166.78,1.5924,0.021,3.6397,2.9544,13.0,0.0,0.0,BENIGN_WEB
28.9585,41.0,17.0,24.0,40814.13,6917.33,33896.8,1409.4,1.42,-0.661,995.47,345.48,477.24,1500.0,1035.62,871.83,0.4763,706.31,637.25,141.26,1553.87,0.9022,0.1103,4.8792,3.0514,10.0,0.0,0.0,BENIGN_WEB
65.2952,163.0,82.0,81.0,125364.49,52320.66,73043.83,1919.96,2.5,-0.1653,769.11,166.68,519.09,1069.13,714.1,861.63,0.2514,204.93,116.31,40.99,450.84,0.5676,0.3081,5.7472,0.1243,10.0,1.0,1.0,TOR_PROXY_TUNNEL
137.6295,699.0,127.0,572.0,946826.55,99311.34,847515.21,6879.53,5.08,-0.7902,1354.54,362.52,810.77,1500.0,1532.14,1411.18,0.4891,21.32,11.59,4.26,46.89,0.5438,0.1308,3.2748,2.8605,13.0,0.0,0.0,BENIGN_STREAMING
2.6538,41.0,15.0,26.0,35084.75,4847.4,30237.35,13220.61,15.45,-0.7237,855.73,458.97,167.27,1500.0,835.53,771.5,0.5192,64.73,105.92,12.95,142.4,1.6364,0.0209,3.9416,2.1286,14.0,0.0,0.0,BENIGN_WEB
11.4614,23.0,7.0,16.0,21569.6,3805.39,17764.22,1881.94,2.01,-0.6472,937.81,407.18,327.04,1500.0,997.05,824.29,0.5902,498.32,782.85,99.66,1096.31,1.571,0.0932,4.9464,2.26,10.0,0.0,0.0,BENIGN_WEB
51.8323,1815.0,233.0,1582.0,2291925.46,147579.68,2144345.78,44218.07,35.02,-0.8712,1262.77,407.3,651.81,1500.0,1278.19,1366.09,0.5151,15.68,7.69,3.14,34.5,0.4902,0.1036,3.7804,2.4379,23.0,0.0,0.0,BENIGN_STREAMING
63.3813,127.0,68.0,59.0,78855.19,46822.77,32032.42,1244.14,2.0,0.1876,620.91,279.9,201.05,1124.73,703.03,535.78,0.5825,192.08,123.34,38.42,422.58,0.6421,0.3278,6.0378,1.442,7.0,1.0,0.0,TOR_PROXY_TUNNEL
27.3896,59.0,24.0,35.0,46599.16,12879.44,33719.71,1701.34,2.15,-0.4472,789.82,548.27,40.0,1500.0,713.24,873.41,0.389,464.23,640.59,92.85,1021.31,1.3799,0.0259,4.0553,2.5908,21.0,0.0,0.0,BENIGN_WEB
88.7996,467.0,87.0,380.0,581116.97,23729.52,557387.44,6544.14,5.26,-0.9183,1244.36,399.91,644.5,1500.0,1181.04,1197.8,0.2465,23.84,9.79,4.77,52.45,0.4107,0.1464,3.198,2.3367,18.0,0.0,0.0,BENIGN_STREAMING
2.7694,48.0,18.0,30.0,48514.39,5233.9,43280.49,17517.9,17.33,-0.7842,1010.72,470.14,305.5,1500.0,899.2,1013.18,0.2496,57.7,66.14,11.54,126.93,1.1464,0.0186,4.4032,2.5415,16.0,0.0,0.0,BENIGN_WEB
67.1305,957.0,168.0,789.0,1166655.47,42551.09,1124104.38,17378.91,14.26,-0.9271,1219.08,339.25,710.21,1500.0,1057.8,1041.05,0.4857,22.0,9.79,4.4,48.4,0.445,0.128,3.3664,2.3174,15.0,0.0,0.0,BENIGN_STREAMING
21.9257,21.0,7.0,14.0,17247.21,2734.72,14512.49,786.62,0.96,-0.6829,821.3,479.49,102.07,1500.0,751.81,917.62,0.2563,1044.08,1685.87,208.82,2296.98,1.6147,0.0289,4.4512,2.5892,21.0,0.0,0.0,BENIGN_WEB
30.1829,88.0,43.0,45.0,63840.46,29581.46,34259.0,2115.12,2.92,-0.0733,725.46,164.22,479.13,1021.06,778.43,680.81,0.4827,250.39,111.69,50.08,550.86,0.4461,0.2286,5.1513,0.3034,0.0,1.0,0.0,TOR_PROXY_TUNNEL
21.4734,47.0,18.0,29.0,45899.87,9878.2,36021.67,2137.53,2.19,-0.5696,976.59,463.8,280.89,1500.0,1107.32,880.92,0.468,456.88,531.34,91.38,1005.14,1.163,0.0535,3.8195,2.3711,20.0,0.0,0.0,BENIGN_WEB
49.3902,192.0,92.0,100.0,111169.16,47970.67,63198.49,2250.83,3.89,-0.137,579.01,164.93,331.61,875.88,634.95,590.6,0.3685,184.9,102.74,36.98,406.77,0.5557,0.4698,5.934,0.1732,9.0,1.0,0.0,TOR_PROXY_TUNNEL
76.1469,366.0,74.0,292.0,509568.02,38323.23,471244.79,6691.91,4.81,-0.8496,1392.26,263.96,996.32,1500.0,1225.95,1285.4,0.2874,16.72,11.31,3.34,36.77,0.6764,0.0783,3.0871,2.42,18.0,0.0,0.0,BENIGN_STREAMING
12.4724,240.0,123.0,117.0,135552.58,70481.21,65071.37,10868.21,19.24,0.0399,564.8,192.87,275.5,911.96,518.47,569.3,0.5529,75.32,47.01,15.06,165.7,0.6241,0.4731,5.5412,1.6624,8.0,1.0,1.0,TOR_PROXY_TUNNEL
82.0915,355.0,180.0,175.0,244045.86,119315.55,124730.32,2972.85,4.32,-0.0222,687.45,192.48,398.73,1033.92,726.42,721.98,0.3033,162.57,69.79,32.51,357.65,0.4293,0.3107,5.6273,0.6314,11.0,1.0,1.0,TOR_PROXY_TUNNEL
21.9454,27.0,8.0,19.0,22975.42,2450.89,20524.53,1046.94,1.23,-0.7867,850.94,429.41,206.83,1500.0,963.75,867.72,0.233,812.79,742.85,162.56,1788.14,0.9139,0.0342,3.8818,3.0783,11.0,0.0,0.0,BENIGN_WEB
26.7634,81.0,29.0,52.0,62211.35,11575.79,50635.55,2324.49,3.03,-0.6279,768.04,455.23,85.2,1500.0,872.4,726.81,0.2652,330.41,515.48,66.08,726.91,1.5601,0.0295,3.9918,2.313,8.0,0.0,0.0,BENIGN_WEB
55.8008,1498.0,232.0,1266.0,1877197.89,156833.72,1720364.16,33641.07,26.85,-0.8329,1253.14,313.59,782.75,1500.0,1364.26,1072.88,0.5029,9.39,3.51,1.88,20.66,0.3736,0.1508,3.7096,2.2093,19.0,0.0,0.0,BENIGN_STREAMING
61.5198,72.0,36.0,36.0,48191.31,23677.06,24514.26,783.35,1.17,-0.0174,669.32,208.64,356.36,1044.88,590.57,621.25,0.6061,185.08,117.7,37.02,407.17,0.636,0.3106,5.2436,1.6559,11.0,1.0,0.0,TOR_PROXY_TUNNEL
33.9558,74.0,37.0,37.0,52038.75,21339.11,30699.63,1532.54,2.18,-0.1799,703.23,179.7,433.68,1026.68,703.86,700.09,0.229,195.76,154.57,39.15,430.67,0.7896,0.3843,5.5658,1.2386,10.0,1.0,0.0,TOR_PROXY_TUNNEL
12.8185,64.0,18.0,46.0,58732.82,9011.13,49721.69,4581.87,4.99,-0.6931,917.7,481.97,194.74,1500.0,952.43,787.09,0.4823,200.29,230.85,40.06,440.64,1.1526,0.0593,4.7577,2.7917,16.0,0.0,0.0,BENIGN_WEB
8.8658,32.0,10.0,22.0,30694.38,5638.72,25055.66,3462.11,3.61,-0.6326,959.2,332.31,460.74,1500.0,1077.01,946.58,0.2669,277.06,292.38,55.41,609.52,1.0553,0.0472,3.6423,2.3702,21.0,0.0,0.0,BENIGN_WEB
102.5014,1821.0,368.0,1453.0,2606830.85,188116.27,2418714.58,25432.14,17.77,-0.8557,1431.54,335.5,928.29,1500.0,1319.17,1446.1,0.2011,7.67,5.61,1.53,16.87,0.7313,0.1751,3.7489,2.3608,21.0,0.0,0.0,BENIGN_STREAMING
17.7615,268.0,134.0,134.0,192265.22,104469.47,87795.75,10824.83,15.09,0.0867,717.41,303.68,261.88,1264.04,622.03,762.64,0.602,239.78,203.5,47.96,527.52,0.8487,0.3036,5.869,1.753,11.0,0.0,0.0,TOR_PROXY_TUNNEL
52.0096,1146.0,193.0,953.0,1648699.21,101234.14,1547465.07,31699.93,22.03,-0.8772,1438.66,279.08,1020.03,1500.0,1574.15,1234.19,0.1803,26.58,17.35,5.32,58.47,0.6527,0.0555,3.7174,2.8526,16.0,0.0,0.0,BENIGN_STREAMING
27.6736,17.0,5.0,12.0,10824.45,1438.79,9385.67,391.15,0.61,-0.7342,636.73,484.52,40.0,1500.0,588.75,683.47,0.2809,1627.86,1659.66,325.57,3581.29,1.0195,0.0187,3.9352,2.3816,16.0,0.0,0.0,BENIGN_WEB
78.784,319.0,164.0,155.0,191001.59,86135.06,104866.53,2424.37,4.05,-0.0981,598.75,285.68,170.23,1112.98,534.4,522.32,0.2525,256.52,193.48,51.3,564.35,0.7542,0.4328,6.077,0.0953,0.0,1.0,1.0,TOR_PROXY_TUNNEL
15.894,62.0,22.0,40.0,56558.53,12964.04,43594.49,3558.48,3.9,-0.5416,912.23,438.77,254.08,1500.0,928.8,969.26,0.3852,256.36,216.68,51.27,563.98,0.8452,0.0266,5.0175,2.4219,20.0,0.0,0.0,BENIGN_WEB
3.6563,63.0,19.0,44.0,56239.68,10267.22,45972.46,15381.63,17.23,-0.6349,892.69,462.22,199.37,1500.0,1008.18,779.07,0.2712,58.04,77.49,11.61,127.68,1.3352,0.0688,4.3277,2.5028,12.0,0.0,0.0,BENIGN_WEB
8.8845,70.0,27.0,43.0,56055.3,10510.41,45544.89,6309.34,7.88,-0.625,800.79,467.16,100.05,1500.0,861.15,748.91,0.1995,126.92,135.48,25.38,279.23,1.0674,0.0518,4.066,2.8142,18.0,0.0,0.0,BENIGN_WEB
19.1753,356.0,186.0,170.0,200114.99,79505.56,120609.43,10436.07,18.57,-0.2054,562.12,206.72,252.04,934.21,535.22,506.27,0.4659,91.81,71.05,18.36,201.98,0.7739,0.3813,5.2468,0.4966,11.0,1.0,0.0,TOR_PROXY_TUNNEL
11.1306,28.0,9.0,19.0,19101.38,4877.81,14223.56,1716.12,2.52,-0.4893,682.19,428.69,40.0,1453.84,738.99,661.24,0.5654,397.52,643.27,79.5,874.54,1.6182,0.1073,4.2191,2.4975,10.0,0.0,0.0,BENIGN_WEB
30.0057,542.0,76.0,466.0,729806.59,21436.41,708370.17,24322.26,18.06,-0.9413,1346.51,341.51,834.24,1500.0,1226.9,1276.98,0.5297,9.47,3.59,1.89,20.83,0.3794,0.1418,3.8351,2.4487,10.0,0.0,0.0,BENIGN_STREAMING
130.1024,368.0,79.0,289.0,506346.23,52562.9,453783.33,3891.91,2.83,-0.7924,1375.94,311.55,908.62,1500.0,1545.23,1243.38,0.4484,11.58,8.88,2.32,25.47,0.7675,0.0566,3.7126,2.5168,13.0,0.0,0.0,BENIGN_STREAMING
9.1056,76.0,27.0,49.0,50485.68,11697.85,38787.83,5544.47,8.35,-0.5366,664.29,420.38,40.0,1420.97,689.89,743.93,0.2814,119.81,117.85,23.96,263.58,0.9837,0.134,4.0579,2.7865,14.0,0.0,0.0,BENIGN_WEB
18.1558,42.0,11.0,31.0,31913.91,5685.87,26228.04,1757.78,2.31,-0.6437,759.86,440.91,98.49,1500.0,774.37,719.36,0.3936,432.28,538.78,86.46,951.02,1.2464,0.0835,3.6278,2.3916,14.0,0.0,0.0,BENIGN_WEB
36.974,1232.0,217.0,1015.0,1505792.57,51133.11,1454659.46,40725.67,33.32,-0.9321,1222.23,249.93,847.33,1500.0,1044.39,1250.96,0.1845,21.26,7.86,4.25,46.78,0.3695,0.1516,3.4423,2.2746,12.0,0.0,0.0,BENIGN_STREAMING
24.8163,83.0,28.0,55.0,69500.13,18653.61,50846.52,2800.58,3.34,-0.4632,837.35,520.48,56.63,1500.0,934.5,909.4,0.5236,298.99,325.95,59.8,657.78,1.0902,0.0893,3.627,2.7572,16.0,0.0,0.0,BENIGN_WEB
128.599,1911.0,239.0,1672.0,2264988.03,233329.13,2031658.89,17612.79,14.86,-0.794,1185.24,392.81,596.02,1500.0,1160.7,1294.04,0.4272,20.99,9.38,4.2,46.17,0.447,0.0811,3.5037,2.2572,12.0,0.0,0.0,BENIGN_STREAMING
13.761,30.0,9.0,21.0,19558.37,2752.51,16805.86,1421.29,2.18,-0.7185,651.95,527.9,40.0,1500.0,708.36,712.15,0.4539,458.7,323.69,91.74,1009.14,0.7057,0.1112,4.2109,2.4004,12.0,0.0,0.0,BENIGN_WEB
108.4898,1814.0,350.0,1464.0,2415229.02,240189.26,2175039.76,22262.26,16.72,-0.8011,1331.44,378.35,763.91,1500.0,1188.33,1393.47,0.5208,15.48,8.74,3.1,34.05,0.5645,0.1117,3.4728,2.9354,20.0,0.0,0.0,BENIGN_STREAMING
18.5506,81.0,28.0,53.0,65419.86,14378.59,51041.27,3526.57,4.37,-0.5604,807.65,450.36,132.11,1500.0,700.59,704.98,0.256,229.02,165.16,45.8,503.84,0.7212,0.1395,4.8645,2.2194,12.0,0.0,0.0,BENIGN_WEB
38.4778,344.0,170.0,174.0,220883.14,109358.05,111525.09,5740.53,8.94,-0.0098,642.1,252.85,262.82,1097.24,737.35,725.2,0.6064,212.67,176.01,42.53,467.87,0.8277,0.3193,4.7151,0.0938,1.0,1.0,1.0,TOR_PROXY_TUNNEL
15.6799,231.0,122.0,109.0,177338.35,100695.6,76642.75,11309.92,14.73,0.1356,767.7,179.7,498.15,1091.16,678.65,746.75,0.4893,199.42,166.15,39.88,438.71,0.8332,0.2537,5.2768,1.097,2.0,1.0,0.0,TOR_PROXY_TUNNEL
70.9442,92.0,49.0,43.0,58256.68,35132.05,23124.63,821.16,1.3,0.2061,633.22,256.77,248.08,1095.4,642.48,646.49,0.2219,103.28,61.77,20.66,227.22,0.5981,0.2872,5.4207,1.3321,8.0,1.0,1.0,TOR_PROXY_TUNNEL
56.4871,268.0,140.0,128.0,203644.3,92881.53,110762.77,3605.15,4.74,-0.0878,759.87,245.74,391.26,1202.2,749.3,757.68,0.3168,134.11,96.57,26.82,295.03,0.7201,0.2859,5.392,1.0099,0.0,1.0,1.0,TOR_PROXY_TUNNEL
7.3629,26.0,8.0,18.0,27723.0,7503.96,20219.04,3765.22,3.53,-0.4586,1066.27,404.79,459.09,1500.0,1015.45,913.95,0.3976,283.19,343.68,56.64,623.02,1.2136,0.0941,3.8212,2.5751,8.0,0.0,0.0,BENIGN_WEB
115.6905,524.0,94.0,430.0,687862.93,55667.01,632195.92,5945.72,4.53,-0.8381,1312.72,308.89,849.38,1500.0,1412.53,1402.18,0.5777,18.6,10.79,3.72,40.92,0.58,0.1164,3.4534,2.8916,18.0,0.0,0.0,BENIGN_STREAMING
29.2704,356.0,173.0,183.0,260332.62,114957.59,145375.03,8894.07,12.16,-0.1168,731.27,173.68,470.76,1043.89,827.06,831.76,0.5001,209.49,151.3,41.9,460.87,0.7222,0.2819,5.4652,0.9658,10.0,1.0,1.0,TOR_PROXY_TUNNEL
149.588,1639.0,273.0,1366.0,2255532.45,235181.31,2020351.14,15078.3,10.96,-0.7915,1376.16,264.34,979.65,1500.0,1288.39,1370.33,0.4094,14.15,5.69,2.83,31.14,0.4017,0.1154,3.6335,2.5431,15.0,0.0,0.0,BENIGN_STREAMING
28.6173,373.0,195.0,178.0,230948.49,107178.8,123769.69,8070.23,13.03,-0.0718,619.16,258.26,231.77,1084.03,527.51,577.49,0.2581,252.65,123.22,50.53,555.82,0.4877,0.4597,5.2817,0.8438,9.0,1.0,1.0,TOR_PROXY_TUNNEL
144.5982,474.0,70.0,404.0,650626.48,27639.2,622987.28,4499.55,3.28,-0.915,1372.63,400.09,772.5,1500.0,1245.91,1247.85,0.6083,21.94,11.21,4.39,48.28,0.5108,0.061,3.1607,2.9887,22.0,0.0,0.0,BENIGN_STREAMING
3.1365,75.0,30.0,45.0,62686.39,10470.51,52215.88,19985.84,23.91,-0.6659,835.82,477.58,119.45,1500.0,834.39,798.56,0.1923,41.82,48.72,8.36,92.01,1.1649,0.1202,3.9833,2.4935,20.0,0.0,0.0,BENIGN_WEB
31.5941,1024.0,174.0,850.0,1268003.3,86182.02,1181821.28,40134.16,32.41,-0.8641,1238.28,380.1,668.14,1500.0,1379.73,1064.08,0.2295,15.98,7.86,3.2,35.16,0.492,0.1079,3.503,2.3666,10.0,0.0,0.0,BENIGN_STREAMING
71.7977,1939.0,369.0,1570.0,2394970.54,175212.71,2219757.82,33357.18,27.01,-0.8537,1235.16,335.31,732.19,1500.0,1370.57,1357.94,0.3958,9.25,4.93,1.85,20.34,0.5334,0.1332,3.2984,2.2312,10.0,0.0,0.0,BENIGN_STREAMING
139.6897,407.0,63.0,344.0,537340.62,54254.52,483086.1,3846.67,2.91,-0.7981,1320.25,258.51,932.48,1500.0,1141.56,1161.97,0.6144,22.43,9.93,4.49,49.35,0.4428,0.1553,3.0113,2.3699,23.0,0.0,0.0,BENIGN_STREAMING
32.8149,67.0,35.0,32.0,36878.52,17025.49,19853.03,1123.84,2.04,-0.0767,550.43,312.41,81.82,1112.76,486.06,629.22,0.4181,43.18,27.73,8.64,95.01,0.642,0.2897,5.9586,0.6062,4.0,1.0,1.0,TOR_PROXY_TUNNEL
30.5928,2066.0,346.0,1720.0,2487935.72,87290.29,2400645.43,81324.16,67.53,-0.9298,1204.23,255.79,820.54,1500.0,1162.48,1134.09,0.1828,25.84,11.0,5.17,56.85,0.4256,0.134,3.7297,2.4134,11.0,0.0,0.0,BENIGN_STREAMING
11.7804,32.0,11.0,21.0,32912.18,7693.85,25218.33,2793.82,2.72,-0.5325,1028.51,364.78,481.33,1500.0,979.34,1028.71,0.3057,368.14,588.23,73.63,809.9,1.5978,0.0383,5.0041,2.5752,16.0,0.0,0.0,BENIGN_WEB
49.0247,117.0,60.0,57.0,69445.79,35080.19,34365.61,1416.55,2.39,0.0103,593.55,270.21,188.25,1079.92,639.56,641.84,0.3944,99.97,75.67,19.99,219.92,0.7569,0.3248,5.5201,1.4538,8.0,1.0,0.0,TOR_PROXY_TUNNEL
36.6497,1428.0,180.0,1248.0,1774442.94,109269.36,1665173.59,48416.28,38.96,-0.8768,1242.61,245.45,874.42,1500.0,1133.44,1070.34,0.2872,16.59,7.22,3.32,36.5,0.4354,0.0719,3.2942,2.5281,17.0,0.0,0.0,BENIGN_STREAMING
8.4967,73.0,29.0,44.0,64079.91,14282.59,49797.31,7541.74,8.59,-0.5542,877.81,449.3,203.85,1500.0,775.17,940.22,0.2539,116.39,91.76,23.28,256.06,0.7883,0.0282,4.7208,2.8568,9.0,0.0,0.0,BENIGN_WEB
13.1248,73.0,23.0,50.0,63057.98,11058.09,51999.89,4804.48,5.56,-0.6493,863.81,368.9,310.46,1500.0,949.03,755.41,0.5663,179.79,252.76,35.96,395.54,1.4058,0.0333,4.5215,3.0861,12.0,0.0,0.0,BENIGN_WEB
21.724,46.0,14.0,32.0,39172.18,5402.07,33770.12,1803.17,2.12,-0.7242,851.57,393.31,261.61,1500.0,940.98,881.59,0.3906,472.26,462.17,94.45,1038.98,0.9786,0.1107,4.2197,2.7194,13.0,0.0,0.0,BENIGN_WEB
28.1702,27.0,8.0,19.0,24843.19,5316.1,19527.09,881.9,0.96,-0.572,920.12,394.85,327.85,1500.0,905.34,1047.18,0.43,1043.34,1407.73,208.67,2295.35,1.3493,0.0396,3.6159,2.2983,17.0,0.0,0.0,BENIGN_WEB
23.4292,39.0,16.0,23.0,25461.95,6296.45,19165.5,1086.76,1.66,-0.5054,652.87,332.69,153.84,1251.71,587.5,696.77,0.3123,600.75,955.53,120.15,1321.65,1.5906,0.0783,3.6821,2.9672,21.0,0.0,0.0,BENIGN_WEB
7.9442,76.0,29.0,47.0,73292.32,10136.5,63155.82,9225.9,9.57,-0.7234,964.37,368.07,412.26,1500.0,875.35,934.98,0.3858,104.53,141.09,20.91,229.96,1.3498,0.0428,3.7075,2.9645,13.0,0.0,0.0,BENIGN_WEB
28.2665,72.0,25.0,47.0,64310.67,14163.95,50146.71,2275.15,2.55,-0.5595,893.2,408.38,280.63,1500.0,960.37,935.62,0.391,392.59,685.66,78.52,863.7,1.7465,0.1259,4.7251,2.5845,10.0,0.0,0.0,BENIGN_WEB
26.0811,70.0,29.0,41.0,67144.25,13870.38,53273.88,2574.44,2.68,-0.5868,959.2,541.97,146.25,1500.0,852.0,944.55,0.5958,372.59,542.35,74.52,819.69,1.4556,0.0804,3.9392,2.9268,11.0,0.0,0.0,BENIGN_WEB
2.1648,19.0,7.0,12.0,20244.74,5121.91,15122.82,9351.57,8.78,-0.494,1065.51,475.74,351.9,1500.0,1127.44,975.7,0.4918,113.94,189.57,22.79,250.67,1.6637,0.0244,5.078,2.9966,19.0,0.0,0.0,BENIGN_WEB
4.4415,26.0,10.0,16.0,26384.75,3778.49,22606.25,5940.52,5.85,-0.7136,1014.8,548.3,192.35,1500.0,1046.47,1047.73,0.4385,170.83,249.15,34.17,375.82,1.4585,0.0334,4.499,2.554,16.0,0.0,0.0,BENIGN_WEB
16.6476,76.0,22.0,54.0,51514.04,6549.79,44964.25,3094.37,4.57,-0.7457,677.82,561.68,40.0,1500.0,627.22,622.14,0.2287,219.05,172.96,43.81,481.91,0.7896,0.0715,4.8648,2.3056,17.0,0.0,0.0,BENIGN_WEB
80.5399,1411.0,213.0,1198.0,1706441.8,163680.67,1542761.12,21187.53,17.52,-0.8082,1209.38,363.88,663.57,1500.0,1141.2,1286.87,0.2293,23.82,8.67,4.76,52.41,0.3639,0.1675,3.4412,2.5032,14.0,0.0,0.0,BENIGN_STREAMING
12.0381,64.0,25.0,39.0,49530.05,7729.4,41800.65,4114.43,5.32,-0.6879,773.91,519.92,40.0,1500.0,693.37,760.75,0.2925,188.1,153.25,37.62,413.81,0.8147,0.1334,4.8873,2.2047,14.0,0.0,0.0,BENIGN_WEB
7.2545,80.0,25.0,55.0,50702.75,6325.45,44377.31,6989.19,11.03,-0.7505,633.78,492.65,40.0,1500.0,681.91,574.87,0.3293,90.68,120.88,18.14,199.5,1.333,0.0735,4.5596,2.2931,13.0,0.0,0.0,BENIGN_WEB
84.7276,51.0,26.0,25.0,27868.27,15692.21,12176.06,328.92,0.6,0.1262,546.44,261.19,154.65,1016.58,589.91,590.78,0.3608,155.21,75.42,31.04,341.47,0.4859,0.3058,6.0542,1.5301,2.0,0.0,1.0,TOR_PROXY_TUNNEL
6.568,69.0,19.0,50.0,63871.34,16902.26,46969.08,9724.56,10.51,-0.4707,925.67,571.89,67.84,1500.0,792.81,845.41,0.5608,95.19,116.62,19.04,209.42,1.2251,0.0754,4.1898,2.8192,21.0,0.0,0.0,BENIGN_WEB
42.9894,1403.0,290.0,1113.0,1881316.76,189258.28,1692058.48,43762.31,32.64,-0.7988,1340.92,366.8,790.72,1500.0,1381.73,1190.98,0.2673,20.09,15.63,4.02,44.2,0.778,0.1051,3.384,2.5616,12.0,0.0,0.0,BENIGN_STREAMING
125.9254,1186.0,242.0,944.0,1445223.98,155925.02,1289298.96,11476.83,9.42,-0.7842,1218.57,307.89,756.74,1500.0,1324.52,1215.01,0.4165,11.05,6.09,2.21,24.3,0.5509,0.1211,3.4134,2.6043,20.0,0.0,0.0,BENIGN_STREAMING
17.464,112.0,54.0,58.0,73717.35,44581.55,29135.79,4221.11,6.41,0.2095,658.19,172.8,398.99,969.23,591.68,626.89,0.294,259.72,214.57,51.94,571.37,0.8262,0.3638,5.4092,0.3062,3.0,0.0,0.0,TOR_PROXY_TUNNEL
76.4898,213.0,106.0,107.0,143288.34,74106.37,69181.97,1873.3,2.78,0.0344,672.72,258.42,285.08,1137.88,633.82,696.95,0.4804,166.74,115.93,33.35,366.84,0.6953,0.4514,4.6949,0.7426,1.0,1.0,0.0,TOR_PROXY_TUNNEL
12.3362,27.0,11.0,16.0,18009.5,3753.71,14255.79,1459.89,2.19,-0.5831,667.02,574.02,40.0,1500.0,618.61,718.85,0.3515,456.9,530.6,91.38,1005.17,1.1613,0.094,4.2707,2.6608,17.0,0.0,0.0,BENIGN_WEB
24.0971,18.0,7.0,11.0,17146.44,2661.4,14485.03,711.56,0.75,-0.6896,952.58,386.51,372.82,1500.0,946.08,986.39,0.4516,1338.73,1733.51,267.75,2945.2,1.2949,0.0391,3.7868,2.121,10.0,0.0,0.0,BENIGN_WEB
11.5195,20.0,7.0,13.0,17750.33,3776.88,13973.45,1540.9,1.74,-0.5744,887.52,347.61,366.1,1500.0,1011.7,763.36,0.2022,575.97,590.91,115.19,1267.14,1.0259,0.0482,4.5082,2.3197,11.0,0.0,0.0,BENIGN_WEB
62.9196,116.0,62.0,54.0,83950.16,33692.27,50257.89,1334.24,1.84,-0.1973,723.71,313.89,252.88,1288.7,743.06,753.83,0.5706,53.12,30.3,10.62,116.87,0.5703,0.313,4.8954,1.351,5.0,0.0,1.0,TOR_PROXY_TUNNEL
7.4772,30.0,11.0,19.0,21294.44,3624.03,17670.41,2847.91,4.01,-0.6596,709.81,333.68,209.3,1310.44,747.47,764.03,0.3865,249.24,384.37,49.85,548.33,1.5422,0.0879,4.1652,2.7935,12.0,0.0,0.0,BENIGN_WEB
40.9685,1029.0,189.0,840.0,1235607.12,63371.22,1172235.91,30159.92,25.12,-0.8974,1200.78,360.52,660.01,1500.0,1162.46,1055.81,0.2197,22.59,9.05,4.52,49.69,0.4005,0.1309,3.3758,2.9954,20.0,0.0,0.0,BENIGN_STREAMING
23.3067,38.0,15.0,23.0,35584.86,4276.83,31308.04,1526.81,1.63,-0.7596,936.44,407.24,325.59,1500.0,846.08,1043.25,0.2053,613.33,452.8,122.67,1349.33,0.7383,0.1139,4.4325,2.4237,20.0,0.0,0.0,BENIGN_WEB
25.8567,215.0,113.0,102.0,141415.89,67988.04,73427.85,5469.21,8.32,-0.0385,657.75,187.85,375.97,995.88,742.92,705.6,0.51,115.52,48.56,23.1,254.15,0.4204,0.2474,5.3023,1.0599,5.0,1.0,0.0,TOR_PROXY_TUNNEL
8.2775,35.0,10.0,25.0,24200.81,2910.65,21290.16,2923.68,4.23,-0.7595,691.45,462.9,40.0,1500.0,588.92,647.75,0.2298,236.5,314.15,47.3,520.3,1.3283,0.079,4.4002,2.3312,16.0,0.0,0.0,BENIGN_WEB
73.5385,201.0,107.0,94.0,114798.95,46531.35,68267.6,1561.07,2.73,-0.1893,571.14,267.89,169.3,1053.35,583.46,644.43,0.3954,245.37,207.1,49.07,539.82,0.844,0.2856,4.8302,0.6096,1.0,1.0,0.0,TOR_PROXY_TUNNEL
132.5983,2132.0,333.0,1799.0,2643128.47,266737.97,2376390.5,19933.35,16.08,-0.7982,1239.74,297.07,794.13,1500.0,1265.87,1417.46,0.4271,21.32,12.9,4.26,46.91,0.6051,0.0614,3.7942,2.9362,19.0,0.0,0.0,BENIGN_STREAMING
9.0466,48.0,15.0,33.0,48238.98,11986.44,36252.54,5332.26,5.31,-0.503,1004.98,503.73,249.38,1500.0,1111.41,897.95,0.3697,188.47,244.69,37.69,414.64,1.2983,0.0457,3.8039,3.0494,21.0,0.0,0.0,BENIGN_WEB
55.3923,96.0,50.0,46.0,69649.92,29382.75,40267.17,1257.39,1.73,-0.1563,725.52,269.9,320.67,1211.34,682.54,809.25,0.4839,200.75,85.23,40.15,441.65,0.4245,0.3883,5.9835,0.5049,11.0,1.0,1.0,TOR_PROXY_TUNNEL
10.5922,84.0,27.0,57.0,59451.32,7256.11,52195.21,5612.74,7.93,-0.7559,707.75,568.59,40.0,1500.0,702.4,665.15,0.536,126.1,166.9,25.22,277.42,1.3236,0.0152,4.9802,2.8828,21.0,0.0,0.0,BENIGN_WEB
21.9921,73.0,26.0,47.0,71576.24,16830.02,54746.23,3254.63,3.32,-0.5297,980.5,534.18,179.23,1500.0,896.19,974.98,0.3427,301.26,281.03,60.25,662.78,0.9329,0.1101,3.9893,3.0064,9.0,0.0,0.0,BENIGN_WEB
65.9376,325.0,167.0,158.0,234732.91,124573.25,110159.67,3559.93,4.93,0.0614,722.26,260.63,331.31,1191.39,706.8,656.52,0.5123,188.72,80.74,37.74,415.19,0.4278,0.4305,5.3163,0.4792,0.0,1.0,1.0,TOR_PROXY_TUNNEL
67.9757,1702.0,272.0,1430.0,2205262.28,95177.37,2110084.92,32441.93,25.04,-0.9137,1295.69,312.18,827.42,1500.0,1327.83,1321.85,0.1902,8.33,6.13,1.67,18.33,0.7352,0.0752,3.4681,2.554,14.0,0.0,0.0,BENIGN_STREAMING
155.9786,1440.0,260.0,1180.0,1747173.08,96731.77,1650441.31,11201.37,9.23,-0.8893,1213.31,245.24,845.46,1500.0,1190.03,1080.59,0.3935,9.06,3.44,1.81,19.94,0.3793,0.075,3.5328,2.8597,20.0,0.0,0.0,BENIGN_STREAMING
70.6787,1542.0,301.0,1241.0,1828470.02,156369.18,1672100.84,25870.17,21.82,-0.829,1185.78,243.38,820.71,1500.0,1059.86,1350.61,0.2725,18.99,7.79,3.8,41.78,0.41,0.0656,3.8593,2.7685,14.0,0.0,0.0,BENIGN_STREAMING
29.011,72.0,30.0,42.0,61941.72,16800.6,45141.12,2135.11,2.48,-0.4575,860.3,445.45,192.13,1500.0,960.8,843.69,0.3798,402.93,333.62,80.59,886.45,0.828,0.0589,4.0296,2.6369,9.0,0.0,0.0,BENIGN_WEB
30.2768,354.0,190.0,164.0,257854.17,129026.77,128827.39,8516.57,11.69,0.0008,728.4,212.71,409.34,1111.28,637.78,655.41,0.3185,35.91,22.65,7.18,79.0,0.6308,0.4585,4.9935,0.2859,6.0,1.0,0.0,TOR_PROXY_TUNNEL
4.6126,69.0,23.0,46.0,68053.94,15537.44,52516.5,14753.94,14.96,-0.5434,986.29,379.41,417.17,1500.0,1072.7,1061.23,0.5635,66.85,107.38,13.37,147.07,1.6063,0.026,3.7053,2.5138,11.0,0.0,0.0,BENIGN_WEB
40.7275,215.0,111.0,104.0,158467.44,86070.57,72396.87,3890.92,5.28,0.0863,737.06,252.33,358.57,1191.25,662.8,803.81,0.5905,162.13,127.36,32.43,356.68,0.7856,0.2723,5.5796,1.3358,11.0,1.0,1.0,TOR_PROXY_TUNNEL
10.7461,36.0,14.0,22.0,29828.15,8415.89,21412.26,2775.73,3.35,-0.4357,828.56,342.51,314.79,1445.08,897.3,811.65,0.2603,298.5,406.2,59.7,656.7,1.3608,0.1355,4.324,2.8744,15.0,0.0,0.0,BENIGN_WEB
29.2801,26.0,7.0,19.0,21393.36,3524.42,17868.94,730.64,0.89,-0.6705,822.82,370.0,267.83,1488.81,743.11,864.73,0.4363,1126.16,855.59,225.23,2477.55,0.7597,0.0555,3.7679,2.6255,14.0,0.0,0.0,BENIGN_WEB
101.801,746.0,121.0,625.0,1058459.47,59107.34,999352.12,10397.34,7.33,-0.8883,1418.85,336.66,913.86,1500.0,1612.05,1355.77,0.5552,11.55,4.74,2.31,25.41,0.4103,0.0843,3.427,2.8296,19.0,0.0,0.0,BENIGN_STREAMING
84.3019,215.0,114.0,101.0,128086.33,78045.26,50041.06,1519.38,2.55,0.2186,595.75,164.97,348.3,892.69,593.24,538.83,0.2076,130.84,71.89,26.17,287.85,0.5495,0.4147,4.9968,0.582,10.0,1.0,0.0,TOR_PROXY_TUNNEL
20.078,76.0,39.0,37.0,50012.06,22899.61,27112.44,2490.88,3.79,-0.0842,658.05,271.37,251.0,1146.52,598.98,665.24,0.4319,164.13,129.05,32.83,361.09,0.7863,0.2217,4.6641,1.7102,6.0,1.0,0.0,TOR_PROXY_TUNNEL
105.4084,771.0,153.0,618.0,1050836.65,114176.0,936660.65,9969.19,7.31,-0.7827,1362.95,292.7,923.9,1500.0,1369.45,1445.7,0.3642,19.22,7.45,3.84,42.27,0.3879,0.1387,3.3038,2.5308,16.0,0.0,0.0,BENIGN_STREAMING
12.3715,28.0,8.0,20.0,30141.49,5695.97,24445.52,2436.36,2.26,-0.6221,1076.48,568.46,223.79,1500.0,1214.96,1099.73,0.4222,441.84,325.45,88.37,972.05,0.7366,0.0287,3.9082,2.3137,15.0,0.0,0.0,BENIGN_WEB
59.9594,1902.0,354.0,1548.0,2399599.46,209280.85,2190318.61,40020.38,31.72,-0.8256,1261.62,409.18,647.85,1500.0,1102.25,1282.76,0.2753,6.81,2.66,1.36,14.98,0.3901,0.0561,3.6559,2.8889,10.0,0.0,0.0,BENIGN_STREAMING
27.0887,37.0,15.0,22.0,34135.32,8838.15,25297.17,1260.13,1.37,-0.4822,922.58,572.32,64.1,1500.0,1005.69,986.78,0.2208,732.13,1165.38,146.43,1610.68,1.5918,0.0899,4.9139,2.1911,18.0,0.0,0.0,BENIGN_WEB
61.0725,134.0,71.0,63.0,98941.32,42304.9,56636.42,1620.06,2.19,-0.1448,738.37,240.78,377.19,1171.78,814.44,688.42,0.5817,68.76,55.71,13.75,151.27,0.8102,0.2995,5.6336,1.0288,9.0,1.0,1.0,TOR_PROXY_TUNNEL
28.6761,326.0,164.0,162.0,236892.76,98144.62,138748.14,8260.97,11.37,-0.1714,726.66,180.42,456.03,1051.43,686.1,761.64,0.584,246.33,161.31,49.27,541.92,0.6549,0.4065,5.5741,0.5121,0.0,1.0,0.0,TOR_PROXY_TUNNEL
12.3216,82.0,32.0,50.0,71302.42,13072.8,58229.62,5786.76,6.65,-0.6333,869.54,403.93,263.64,1500.0,907.1,808.75,0.3801,150.26,208.58,30.05,330.58,1.3881,0.133,4.2193,2.9874,15.0,0.0,0.0,BENIGN_WEB
89.0586,2052.0,291.0,1761.0,2911536.6,302156.99,2609379.61,32692.39,23.04,-0.7924,1418.88,262.11,1025.71,1500.0,1559.57,1537.43,0.5323,26.89,9.71,5.38,59.15,0.3613,0.1285,3.2925,2.6063,20.0,0.0,0.0,BENIGN_STREAMING
89.1845,1977.0,347.0,1630.0,2720061.22,122778.82,2597282.4,30499.24,22.17,-0.9097,1375.85,301.33,923.85,1500.0,1506.62,1179.81,0.5042,27.62,14.47,5.52,60.77,0.524,0.0936,3.7474,2.9145,16.0,0.0,0.0,BENIGN_STREAMING
22.8067,26.0,10.0,16.0,25714.73,4748.08,20966.65,1127.51,1.14,-0.6307,989.03,404.11,382.87,1500.0,924.28,915.69,0.2779,877.18,1214.03,175.44,1929.8,1.384,0.1251,4.613,2.2442,19.0,0.0,0.0,BENIGN_WEB
16.5303,76.0,25.0,51.0,75000.74,11788.63,63212.11,4537.17,4.6,-0.6856,986.85,348.42,464.22,1500.0,1076.46,957.06,0.1844,217.5,269.56,43.5,478.51,1.2393,0.1122,3.9817,2.7537,9.0,0.0,0.0,BENIGN_WEB
23.7911,46.0,24.0,22.0,30748.66,17047.52,13701.14,1292.45,1.93,0.1088,668.45,319.4,189.36,1243.36,608.55,583.6,0.1823,137.34,101.87,27.47,302.14,0.7417,0.4565,5.7152,0.5991,7.0,1.0,1.0,TOR_PROXY_TUNNEL
22.4784,54.0,22.0,32.0,39288.38,6541.19,32747.2,1747.82,2.4,-0.667,727.56,387.85,145.79,1425.69,757.3,769.49,0.5919,416.27,650.87,83.25,915.79,1.5636,0.0726,4.0047,2.5999,13.0,0.0,0.0,BENIGN_WEB
22.0236,55.0,22.0,33.0,53017.21,7821.89,45195.32,2407.29,2.5,-0.7049,963.95,349.72,439.37,1500.0,826.94,1054.23,0.4334,400.43,628.61,80.09,880.94,1.5698,0.0227,4.9426,2.4739,8.0,0.0,0.0,BENIGN_WEB
27.1192,33.0,12.0,21.0,28644.29,6132.71,22511.58,1056.24,1.22,-0.5718,868.01,347.5,346.75,1493.52,774.19,854.39,0.4002,821.79,1160.34,164.36,1807.95,1.412,0.091,4.2696,2.6578,13.0,0.0,0.0,BENIGN_WEB
67.7231,314.0,159.0,155.0,236157.28,127652.79,108504.49,3487.1,4.64,0.0811,752.09,278.36,334.55,1253.14,859.08,851.92,0.3376,188.19,144.07,37.64,414.01,0.7656,0.4067,5.3936,1.737,5.0,0.0,0.0,TOR_PROXY_TUNNEL
68.1975,190.0,102.0,88.0,113600.18,56384.09,57216.09,1665.75,2.79,-0.0073,597.9,264.5,201.15,1073.99,657.04,530.19,0.5994,166.57,76.28,33.31,366.46,0.4579,0.2423,4.9566,1.6274,2.0,1.0,1.0,TOR_PROXY_TUNNEL
7.3223,33.0,13.0,20.0,24962.35,3740.29,21222.06,3409.08,4.51,-0.7003,756.43,532.06,40.0,1500.0,862.84,686.07,0.5228,221.89,231.68,44.38,488.15,1.0441,0.0463,4.8606,2.5322,15.0,0.0,0.0,BENIGN_WEB
13.6052,67.0,20.0,47.0,67762.15,18407.42,49354.74,4980.6,4.92,-0.4567,1011.38,454.91,329.01,1500.0,1036.42,874.07,0.4977,203.06,218.55,40.61,446.74,1.0763,0.0806,4.5026,2.2488,9.0,0.0,0.0,BENIGN_WEB
28.1729,83.0,24.0,59.0,71488.34,16442.05,55046.3,2537.48,2.95,-0.54,861.31,365.55,312.98,1500.0,866.21,736.68,0.3923,339.43,264.87,67.89,746.75,0.7803,0.1303,4.2812,2.6937,12.0,0.0,0.0,BENIGN_WEB
30.7436,39.0,14.0,25.0,32223.17,4751.67,27471.49,1048.13,1.27,-0.7051,826.24,401.82,223.51,1500.0,945.9,930.93,0.5725,788.3,1082.92,157.66,1734.25,1.3737,0.047,3.7387,2.4031,15.0,0.0,0.0,BENIGN_WEB
65.9671,341.0,180.0,161.0,195719.19,107521.82,88197.37,2966.92,5.17,0.0987,573.96,305.06,116.37,1123.06,652.89,658.37,0.2688,204.43,96.03,40.89,449.75,0.4698,0.2327,5.7369,0.712,5.0,1.0,0.0,TOR_PROXY_TUNNEL
80.8521,934.0,125.0,809.0,1129069.3,121977.73,1007091.58,13964.62,11.55,-0.7839,1208.85,348.13,686.67,1500.0,1137.63,1057.0,0.4147,11.07,5.04,2.21,24.35,0.4555,0.077,3.1834,2.3605,11.0,0.0,0.0,BENIGN_STREAMING
104.1911,801.0,109.0,692.0,989082.29,91737.1,897345.18,9492.96,7.69,-0.8145,1234.81,271.69,827.28,1500.0,1293.47,1082.21,0.5756,25.12,14.38,5.02,55.26,0.5723,0.1298,3.2606,2.3692,17.0,0.0,0.0,BENIGN_STREAMING
43.4858,345.0,183.0,162.0,221579.55,129683.07,91896.49,5095.45,7.93,0.1705,642.26,224.9,304.9,1047.09,626.25,693.62,0.1889,45.51,24.65,9.1,100.12,0.5417,0.3093,5.7662,0.2563,2.0,1.0,0.0,TOR_PROXY_TUNNEL
54.9228,409.0,85.0,324.0,579373.77,21996.58,557377.19,10548.87,7.45,-0.9241,1416.56,249.37,1042.51,1500.0,1384.05,1220.13,0.2412,7.93,3.64,1.59,17.44,0.4597,0.1466,3.0436,2.5824,21.0,0.0,0.0,BENIGN_STREAMING
17.7662,56.0,21.0,35.0,54522.09,8567.68,45954.41,3068.87,3.15,-0.6857,973.61,439.74,314.0,1500.0,887.28,975.76,0.5658,317.25,351.09,63.45,697.96,1.1066,0.0825,3.6158,2.5774,16.0,0.0,0.0,BENIGN_WEB
34.3789,105.0,53.0,52.0,61882.08,28937.14,32944.94,1800.0,3.05,-0.0648,589.35,220.66,258.37,986.54,645.1,671.14,0.3996,256.81,177.94,51.36,564.97,0.6929,0.3559,6.0841,1.4316,1.0,1.0,0.0,TOR_PROXY_TUNNEL
19.1934,29.0,9.0,20.0,21206.12,3908.72,17297.4,1104.87,1.51,-0.6314,731.25,337.33,225.24,1338.45,706.52,825.75,0.2925,661.84,932.3,132.37,1456.05,1.4087,0.0938,4.6687,2.2635,17.0,0.0,0.0,BENIGN_WEB
23.3368,191.0,101.0,90.0,116757.82,48346.92,68410.9,5003.16,8.18,-0.1718,611.3,239.23,252.45,1041.91,560.69,634.34,0.483,174.14,76.49,34.83,383.12,0.4393,0.2786,5.1242,0.6037,9.0,0.0,0.0,TOR_PROXY_TUNNEL
21.2064,23.0,8.0,15.0,20695.88,4545.19,16150.68,975.93,1.08,-0.5608,899.82,384.51,323.06,1500.0,826.39,838.83,0.3392,922.02,778.36,184.4,2028.43,0.8442,0.1305,3.6779,2.3419,10.0,0.0,0.0,BENIGN_WEB
1.8336,54.0,16.0,38.0,55049.58,8901.6,46147.97,30022.6,29.45,-0.6766,1019.44,337.83,512.69,1500.0,1167.88,894.59,0.5699,33.96,31.92,6.79,74.7,0.9401,0.0586,5.0282,3.0833,18.0,0.0,0.0,BENIGN_WEB
12.7332,81.0,32.0,49.0,66466.99,17309.37,49157.62,5219.97,6.36,-0.4792,820.58,359.96,280.65,1468.5,709.59,741.5,0.4881,157.2,123.85,31.44,345.84,0.7878,0.013,4.4079,2.2805,10.0,0.0,0.0,BENIGN_WEB
20.8613,96.0,49.0,47.0,54488.07,23988.32,30499.75,2611.92,4.6,-0.1195,567.58,279.44,148.42,1070.58,541.29,491.06,0.2249,177.86,130.57,35.57,391.29,0.7341,0.2565,5.144,0.7294,11.0,0.0,1.0,TOR_PROXY_TUNNEL
10.747,37.0,14.0,23.0,25056.72,3571.74,21484.98,2331.52,3.44,-0.7149,677.21,399.81,77.49,1396.87,635.89,697.18,0.4098,290.46,447.52,58.09,639.01,1.5407,0.0233,3.6014,2.6113,17.0,0.0,0.0,BENIGN_WEB
88.0808,1774.0,230.0,1544.0,2524559.77,195118.78,2329440.99,28661.86,20.14,-0.8454,1423.09,314.98,950.63,1500.0,1486.55,1297.27,0.4958,26.36,19.85,5.27,58.0,0.7529,0.1005,2.9628,2.7042,14.0,0.0,0.0,BENIGN_STREAMING
28.1733,30.0,12.0,18.0,19964.56,5121.8,14842.76,708.63,1.06,-0.4869,665.49,506.77,40.0,1500.0,644.57,747.34,0.3312,939.11,1051.28,187.82,2066.04,1.1194,0.126,4.592,2.5997,8.0,0.0,0.0,BENIGN_WEB
63.5671,270.0,137.0,133.0,150211.73,59293.87,90917.85,2363.04,4.25,-0.2105,556.34,185.38,278.26,890.03,533.84,614.15,0.2125,236.35,130.74,47.27,519.96,0.5532,0.2951,5.6553,0.5877,6.0,1.0,1.0,TOR_PROXY_TUNNEL
75.8606,110.0,54.0,56.0,75537.03,31471.07,44065.96,995.73,1.45,-0.1667,686.7,279.08,268.08,1189.05,716.18,692.17,0.2186,78.51,36.39,15.7,172.72,0.4635,0.3773,4.6962,0.5511,1.0,1.0,0.0,TOR_PROXY_TUNNEL
57.3755,147.0,70.0,77.0,89582.1,43869.91,45712.2,1561.33,2.56,-0.0206,609.4,224.57,272.55,1013.62,578.9,652.08,0.6097,143.91,80.7,28.78,316.61,0.5607,0.347,5.1932,0.5685,4.0,1.0,1.0,TOR_PROXY_TUNNEL
24.5998,22.0,7.0,15.0,13999.56,1328.49,12671.06,569.09,0.89,-0.8102,636.34,489.77,40.0,1500.0,685.54,677.1,0.5498,1118.17,1532.48,223.63,2459.98,1.3705,0.0435,4.0426,2.7779,11.0,0.0,0.0,BENIGN_WEB
15.157,71.0,25.0,46.0,63642.33,8417.16,55225.17,4198.88,4.68,-0.7355,896.37,560.79,55.19,1500.0,970.95,924.45,0.3119,213.48,278.36,42.7,469.65,1.3039,0.1066,3.8532,2.553,12.0,0.0,0.0,BENIGN_WEB
66.6827,290.0,142.0,148.0,201503.63,122002.1,79501.53,3021.83,4.35,0.2109,694.84,241.36,332.8,1129.29,757.8,659.64,0.358,81.6,61.69,16.32,179.52,0.7561,0.3235,5.6768,0.6045,8.0,0.0,0.0,TOR_PROXY_TUNNEL
47.3438,201.0,108.0,93.0,149052.46,90631.08,58421.39,3148.3,4.25,0.2161,741.55,211.01,425.04,1121.37,660.9,747.98,0.4149,61.28,27.48,12.26,134.82,0.4484,0.3046,5.149,0.0043,4.0,1.0,0.0,TOR_PROXY_TUNNEL
50.2966,358.0,184.0,174.0,194634.92,92481.89,102153.03,3869.74,7.12,-0.0497,543.67,284.02,117.64,1054.91,521.95,587.73,0.396,78.62,60.67,15.72,172.96,0.7718,0.2393,5.8601,0.2323,9.0,1.0,0.0,TOR_PROXY_TUNNEL
6.5076,42.0,11.0,31.0,26734.93,5878.47,20856.46,4108.27,6.45,-0.5602,636.55,462.44,40.0,1468.93,697.08,598.5,0.2099,154.94,218.96,30.99,340.87,1.4132,0.0659,4.6183,2.5921,12.0,0.0,0.0,BENIGN_WEB
78.3942,1288.0,234.0,1054.0,1814699.46,101027.46,1713672.0,23148.4,16.43,-0.8887,1408.93,354.03,877.89,1500.0,1392.75,1361.56,0.2008,24.97,13.62,4.99,54.93,0.5456,0.1377,3.2034,2.9287,12.0,0.0,0.0,BENIGN_STREAMING
71.1872,105.0,54.0,51.0,56714.18,22330.55,34383.63,796.69,1.47,-0.2125,540.14,185.27,262.23,873.62,481.67,500.99,0.549,54.76,28.84,10.95,120.48,0.5266,0.4561,4.9103,0.0039,9.0,0.0,1.0,TOR_PROXY_TUNNEL
4.1785,20.0,7.0,13.0,15800.09,2256.51,13543.58,3781.32,4.79,-0.7144,790.0,434.41,138.39,1500.0,877.4,731.58,0.6154,208.92,251.11,41.78,459.63,1.2019,0.1368,5.0814,2.3366,14.0,0.0,0.0,BENIGN_WEB
19.7759,33.0,9.0,24.0,26913.5,6276.36,20637.13,1360.93,1.67,-0.5336,815.56,388.09,233.42,1500.0,766.35,894.24,0.5066,599.27,621.34,119.85,1318.39,1.0368,0.0855,4.382,2.3376,13.0,0.0,0.0,BENIGN_WEB
53.6746,1232.0,162.0,1070.0,1564845.66,58969.56,1505876.1,29154.29,22.95,-0.9246,1270.17,280.85,848.89,1500.0,1442.73,1233.14,0.2014,21.67,11.47,4.33,47.67,0.5294,0.1192,3.4919,2.3811,17.0,0.0,0.0,BENIGN_STREAMING
23.2428,59.0,30.0,29.0,43119.39,25332.25,17787.14,1855.18,2.54,0.175,730.84,199.55,431.52,1090.02,829.72,687.52,0.1849,138.88,92.66,27.78,305.53,0.6672,0.4215,5.3151,0.7066,4.0,0.0,1.0,TOR_PROXY_TUNNEL
55.6253,59.0,28.0,31.0,34260.15,14456.62,19803.53,615.91,1.06,-0.1561,580.68,234.2,229.39,1002.24,501.99,582.41,0.3789,279.19,231.78,55.84,614.21,0.8302,0.46,5.4367,1.0601,7.0,0.0,0.0,TOR_PROXY_TUNNEL
15.9888,74.0,24.0,50.0,68267.09,13392.69,54874.4,4269.69,4.63,-0.6076,922.53,465.1,224.87,1500.0,889.91,914.57,0.208,216.06,362.99,43.21,475.34,1.68,0.0399,4.9865,2.1268,13.0,0.0,0.0,BENIGN_WEB
104.0136,774.0,150.0,624.0,1023798.62,81136.83,942661.79,9842.93,7.44,-0.8415,1322.74,405.7,714.18,1500.0,1498.19,1145.64,0.5859,21.49,15.23,4.3,47.27,0.7087,0.0536,3.6309,2.7017,18.0,0.0,0.0,BENIGN_STREAMING
9.575,64.0,23.0,41.0,41900.54,8800.9,33099.64,4376.02,6.68,-0.5799,654.7,457.93,40.0,1478.97,588.81,681.23,0.4175,149.61,232.4,29.92,329.14,1.5534,0.0674,4.2029,2.3651,12.0,0.0,0.0,BENIGN_WEB
20.7683,493.0,81.0,412.0,689101.54,28183.99,660917.55,33180.4,23.74,-0.9182,1397.77,266.99,997.29,1500.0,1374.26,1448.7,0.5321,9.77,5.17,1.95,21.49,0.5294,0.0815,3.5628,2.777,13.0,0.0,0.0,BENIGN_STREAMING
83.5796,129.0,68.0,61.0,74938.63,33646.78,41291.85,896.61,1.54,-0.102,580.92,307.1,120.27,1133.7,532.17,617.06,0.3475,187.47,93.67,37.49,412.43,0.4997,0.3802,5.2524,0.1667,5.0,1.0,0.0,TOR_PROXY_TUNNEL
27.6903,286.0,146.0,140.0,179867.38,98359.26,81508.12,6495.67,10.33,0.0937,628.91,317.42,152.78,1200.26,617.59,710.6,0.4007,187.27,117.08,37.45,411.99,0.6252,0.4399,5.3477,0.4946,4.0,0.0,0.0,TOR_PROXY_TUNNEL
12.1206,54.0,15.0,39.0,34067.18,6942.25,27124.93,2810.69,4.46,-0.5924,630.87,486.81,40.0,1500.0,622.66,609.01,0.5071,224.45,241.31,44.89,493.8,1.0751,0.1017,3.6818,2.7155,11.0,0.0,0.0,BENIGN_WEB
140.8754,1418.0,288.0,1130.0,1818911.91,124902.29,1694009.61,12911.5,10.07,-0.8627,1282.73,403.61,677.32,1500.0,1144.89,1231.11,0.5304,9.06,6.42,1.81,19.94,0.7084,0.1739,3.6744,2.3744,23.0,0.0,0.0,BENIGN_STREAMING
10.0095,18.0,7.0,11.0,14132.79,3664.47,10468.32,1411.93,1.8,-0.4814,785.15,568.25,40.0,1500.0,890.09,778.11,0.5546,556.08,720.95,111.22,1223.39,1.2965,0.048,4.6492,2.12,10.0,0.0,0.0,BENIGN_WEB
65.5621,364.0,180.0,184.0,264542.17,141774.22,122767.95,4034.99,5.55,0.0718,726.76,164.75,479.63,1023.32,761.86,809.73,0.4,255.75,132.84,51.15,562.66,0.5194,0.4055,4.6658,1.6498,0.0,0.0,0.0,TOR_PROXY_TUNNEL
33.0919,1421.0,195.0,1226.0,1835710.66,58189.0,1777521.66,55473.19,42.94,-0.9366,1291.84,288.22,859.52,1500.0,1098.12,1131.44,0.5456,14.23,4.98,2.85,31.31,0.3502,0.1725,3.7988,2.2803,10.0,0.0,0.0,BENIGN_STREAMING
142.3375,307.0,49.0,258.0,404842.26,31129.12,373713.14,2844.24,2.16,-0.8462,1318.7,369.53,764.41,1500.0,1280.8,1351.85,0.3881,14.91,5.37,2.98,32.81,0.3603,0.1431,3.389,2.902,13.0,0.0,0.0,BENIGN_STREAMING
30.9986,40.0,16.0,24.0,28356.3,7713.83,20642.47,914.76,1.29,-0.4559,708.91,332.51,210.15,1307.42,780.02,808.06,0.3036,774.97,647.27,154.99,1704.92,0.8352,0.133,5.0561,2.8612,13.0,0.0,0.0,BENIGN_WEB
79.4977,1795.0,342.0,1453.0,2416591.81,68298.08,2348293.73,30398.27,22.58,-0.9435,1346.29,331.42,849.15,1500.0,1165.83,1513.11,0.5507,13.76,6.0,2.75,30.28,0.4358,0.1103,3.1168,2.3972,22.0,0.0,0.0,BENIGN_STREAMING
55.3984,335.0,58.0,277.0,481281.9,43557.02,437724.87,8687.65,6.05,-0.819,1436.66,310.39,971.08,1500.0,1325.17,1451.49,0.2637,23.85,11.04,4.77,52.47,0.4631,0.0982,3.2283,2.2036,23.0,0.0,0.0,BENIGN_STREAMING
78.6585,89.0,47.0,42.0,50280.32,27248.4,23031.92,639.22,1.13,0.0839,564.95,253.71,184.38,1021.63,601.02,570.01,0.4668,83.27,58.15,16.65,183.2,0.6983,0.3882,5.3916,1.3972,8.0,1.0,1.0,TOR_PROXY_TUNNEL
27.1169,36.0,11.0,25.0,35576.99,5839.99,29737.0,1311.99,1.33,-0.6717,988.25,374.97,425.79,1500.0,1106.83,987.78,0.3611,753.25,725.8,150.65,1657.14,0.9636,0.1219,4.7445,2.434,17.0,0.0,0.0,BENIGN_WEB
28.9995,74.0,25.0,49.0,78171.83,15718.61,62453.21,2695.63,2.55,-0.5978,1056.38,473.06,346.79,1500.0,1147.8,1085.96,0.3489,391.88,625.47,78.38,862.15,1.5961,0.0894,4.6038,2.152,12.0,0.0,0.0,BENIGN_WEB
28.8574,284.0,150.0,134.0,156403.4,65733.29,90670.11,5419.88,9.84,-0.1594,550.72,298.96,102.28,1088.84,478.13,537.7,0.5688,98.9,65.45,19.78,217.58,0.6618,0.425,4.9446,0.6554,11.0,1.0,1.0,TOR_PROXY_TUNNEL
3.0121,79.0,23.0,56.0,56704.5,14614.6,42089.9,18825.86,26.23,-0.4845,717.78,514.16,40.0,1500.0,676.08,730.25,0.1879,38.13,49.21,7.63,83.88,1.2907,0.0196,4.4785,2.5914,9.0,0.0,0.0,BENIGN_WEB
27.0205,273.0,137.0,136.0,181294.02,93167.17,88126.85,6709.49,10.1,0.0278,664.08,223.29,329.15,1066.0,593.97,736.9,0.2282,202.62,120.31,40.52,445.77,0.5938,0.391,5.2121,0.9066,9.0,1.0,1.0,TOR_PROXY_TUNNEL
24.5215,23.0,8.0,15.0,18414.53,2492.94,15921.59,750.95,0.94,-0.7292,800.63,514.55,40.0,1500.0,700.97,771.84,0.5541,1066.15,1715.95,213.23,2345.53,1.6095,0.025,4.5275,2.2028,17.0,0.0,0.0,BENIGN_WEB
58.6462,317.0,157.0,160.0,233260.43,132651.52,100608.91,3977.42,5.41,0.1374,735.84,264.77,338.69,1212.42,769.12,683.11,0.3323,111.27,74.14,22.25,244.8,0.6663,0.4518,5.2502,0.6003,2.0,0.0,1.0,TOR_PROXY_TUNNEL
7.0492,37.0,11.0,26.0,38295.02,3577.8,34717.22,5432.57,5.25,-0.8131,1035.0,566.28,185.58,1500.0,985.18,1046.62,0.3814,190.52,234.71,38.1,419.14,1.232,0.0153,3.8103,2.1031,16.0,0.0,0.0,BENIGN_WEB
20.4832,49.0,14.0,35.0,37585.89,6426.15,31159.73,1834.96,2.39,-0.6581,767.06,425.22,129.23,1500.0,876.75,742.0,0.299,418.02,588.17,83.6,919.65,1.407,0.0455,4.4751,2.3918,15.0,0.0,0.0,BENIGN_WEB
156.354,325.0,56.0,269.0,407073.52,43293.74,363779.78,2603.54,2.08,-0.7873,1252.53,298.05,805.46,1500.0,1105.61,1184.01,0.3595,16.88,8.76,3.38,37.14,0.5186,0.161,2.9002,2.6923,12.0,0.0,0.0,BENIGN_STREAMING
49.3758,328.0,172.0,156.0,254272.85,139745.96,114526.89,5149.75,6.64,0.0992,775.22,239.12,416.55,1205.63,781.85,885.09,0.4017,258.68,188.24,51.74,569.09,0.7277,0.4771,5.925,1.2095,9.0,0.0,0.0,TOR_PROXY_TUNNEL
58.346,2081.0,251.0,1830.0,2795431.64,296132.28,2499299.36,47911.32,35.67,-0.7881,1343.31,299.38,894.24,1500.0,1344.1,1477.66,0.2388,16.26,11.9,3.25,35.77,0.7318,0.1539,3.6711,2.7573,16.0,0.0,0.0,BENIGN_STREAMING
43.8325,203.0,101.0,102.0,126626.42,69677.79,56948.64,2888.87,4.63,0.1005,623.78,225.45,285.6,1029.58,694.08,668.02,0.4384,222.61,103.28,44.52,489.75,0.4639,0.4262,4.9621,0.5261,2.0,1.0,0.0,TOR_PROXY_TUNNEL
118.9438,1681.0,309.0,1372.0,2197721.55,120459.86,2077261.69,18476.98,14.13,-0.8904,1307.39,328.57,814.54,1500.0,1223.1,1222.76,0.2451,17.1,11.36,3.42,37.61,0.6646,0.1102,3.8507,2.3092,17.0,0.0,0.0,BENIGN_STREAMING
12.3365,22.0,6.0,16.0,18109.04,4485.1,13623.93,1467.92,1.78,-0.5047,823.14,558.77,40.0,1500.0,742.19,737.45,0.3063,560.75,806.23,112.15,1233.65,1.4378,0.1341,3.9977,2.5118,13.0,0.0,0.0,BENIGN_WEB
82.484,50.0,26.0,24.0,30332.63,14109.99,16222.64,367.74,0.61,-0.0696,606.65,309.12,142.98,1163.06,672.75,577.53,0.3377,90.4,75.2,18.08,198.88,0.8319,0.2562,5.2567,1.6889,5.0,1.0,1.0,TOR_PROXY_TUNNEL
19.7959,25.0,8.0,17.0,19125.1,3246.28,15878.83,966.12,1.26,-0.6605,765.0,540.39,40.0,1500.0,843.69,803.99,0.1978,791.84,1308.69,158.37,1742.04,1.6527,0.1286,4.418,2.3997,11.0,0.0,0.0,BENIGN_WEB
23.9371,112.0,59.0,53.0,67003.13,32973.83,34029.3,2799.13,4.68,-0.0158,598.24,178.21,330.93,919.02,628.35,641.26,0.3987,200.58,153.82,40.12,441.28,0.7669,0.4602,5.7083,1.2686,2.0,1.0,1.0,TOR_PROXY_TUNNEL
10.1405,38.0,11.0,27.0,38890.75,5553.17,33337.59,3835.19,3.75,-0.7144,1023.44,486.14,294.23,1500.0,1066.38,1096.59,0.4234,266.86,416.67,53.37,587.08,1.5614,0.0313,4.727,2.1145,10.0,0.0,0.0,BENIGN_WEB
16.2854,60.0,22.0,38.0,52354.3,6365.1,45989.2,3214.8,3.68,-0.7568,872.57,354.75,340.44,1500.0,749.82,960.2,0.5933,271.42,213.76,54.28,597.13,0.7875,0.0488,4.3889,2.935,18.0,0.0,0.0,BENIGN_WEB
30.729,188.0,98.0,90.0,134157.04,62945.87,71211.17,4365.82,6.12,-0.0616,713.6,295.42,270.48,1245.35,762.08,804.98,0.5174,224.07,131.34,44.81,492.96,0.5861,0.3235,4.7444,0.1074,0.0,1.0,0.0,TOR_PROXY_TUNNEL
114.511,1873.0,343.0,1530.0,2433060.87,67659.52,2365401.35,21247.41,16.36,-0.9444,1299.02,322.77,814.87,1500.0,1414.81,1149.95,0.4455,19.21,7.35,3.84,42.27,0.3825,0.1342,3.4175,2.9559,22.0,0.0,0.0,BENIGN_STREAMING
6.7929,79.0,27.0,52.0,82893.07,18296.77,64596.3,12202.86,11.63,-0.5585,1049.28,425.58,410.91,1500.0,1065.25,1201.68,0.5604,85.99,79.51,17.2,189.17,0.9247,0.054,5.0235,2.5301,14.0,0.0,0.0,BENIGN_WEB
26.397,174.0,87.0,87.0,114131.41,59157.45,54973.96,4323.65,6.59,0.0367,655.93,207.87,344.12,1030.09,601.44,559.77,0.5071,121.51,89.14,24.3,267.33,0.7336,0.4246,5.4668,0.4091,4.0,1.0,1.0,TOR_PROXY_TUNNEL
21.034,36.0,14.0,22.0,35951.61,7350.16,28601.44,1709.22,1.71,-0.5911,998.66,463.06,304.07,1500.0,932.6,890.46,0.3824,584.28,840.12,116.86,1285.41,1.4379,0.103,4.3987,2.8775,18.0,0.0,0.0,BENIGN_WEB
46.758,1069.0,234.0,835.0,1372372.72,70239.88,1302132.83,29350.52,22.86,-0.8976,1283.79,246.82,913.56,1500.0,1120.28,1151.73,0.422,15.27,7.5,3.05,33.6,0.4908,0.1253,3.7999,2.4869,18.0,0.0,0.0,BENIGN_STREAMING
10.2638,18.0,5.0,13.0,11336.11,2271.57,9064.55,1104.47,1.75,-0.5992,629.78,395.43,40.0,1341.56,707.18,638.44,0.5157,570.21,749.15,114.04,1254.47,1.3138,0.1156,4.7549,2.5406,8.0,0.0,0.0,BENIGN_WEB
13.9669,129.0,65.0,64.0,93359.95,48534.74,44825.21,6684.38,9.24,0.0397,723.72,292.45,285.04,1250.13,772.79,706.54,0.5634,212.14,140.45,42.43,466.71,0.6621,0.2946,5.3313,0.1022,11.0,1.0,0.0,TOR_PROXY_TUNNEL
6.2804,78.0,29.0,49.0,52375.29,6186.83,46188.46,8339.42,12.42,-0.7638,671.48,450.5,40.0,1482.38,654.42,624.09,0.2465,80.52,108.17,16.1,177.14,1.3434,0.0898,4.9039,2.6191,14.0,0.0,0.0,BENIGN_WEB
132.9313,2073.0,259.0,1814.0,2605720.92,224339.46,2381381.46,19602.01,15.59,-0.8278,1256.98,364.84,709.71,1500.0,1321.94,1423.06,0.3657,16.39,6.78,3.28,36.06,0.4135,0.0956,3.2893,2.9945,23.0,0.0,0.0,BENIGN_STREAMING
16.9124,19.0,7.0,12.0,18385.38,2325.6,16059.77,1087.09,1.12,-0.747,967.65,436.23,313.3,1500.0,915.54,1064.22,0.5297,890.13,1047.91,178.03,1958.28,1.1773,0.048,3.6196,2.6021,21.0,0.0,0.0,BENIGN_WEB
44.5679,214.0,109.0,105.0,139025.2,63494.35,75530.86,3119.4,4.8,-0.0866,649.65,213.2,329.85,1033.41,569.56,554.5,0.4609,83.18,52.03,16.64,183.0,0.6255,0.2296,6.034,1.0843,3.0,1.0,1.0,TOR_PROXY_TUNNEL
18.7075,57.0,19.0,38.0,37667.99,6531.04,31136.95,2013.53,3.05,-0.6532,660.84,414.7,40.0,1407.29,629.91,675.79,0.4946,328.2,320.99,65.64,722.04,0.978,0.043,4.2595,2.4993,8.0,0.0,0.0,BENIGN_WEB
134.3641,924.0,167.0,757.0,1247376.98,79059.33,1168317.65,9283.56,6.88,-0.8732,1349.98,314.58,878.1,1500.0,1327.34,1149.61,0.2007,9.93,6.08,1.99,21.85,0.6126,0.1565,3.354,2.924,16.0,0.0,0.0,BENIGN_STREAMING
28.2723,28.0,9.0,19.0,22471.23,6237.25,16233.98,794.82,0.99,-0.4449,802.54,347.35,281.52,1427.77,810.12,695.08,0.5661,1009.72,990.78,201.94,2221.39,0.9812,0.0847,4.9484,2.1624,17.0,0.0,0.0,BENIGN_WEB
30.4477,296.0,152.0,144.0,192525.48,89287.43,103238.05,6323.16,9.72,-0.0725,650.42,185.5,372.18,984.32,729.11,656.09,0.244,67.25,52.18,13.45,147.95,0.7759,0.2439,5.0792,0.3295,1.0,1.0,1.0,TOR_PROXY_TUNNEL
29.0297,59.0,23.0,36.0,62362.33,17515.21,44847.12,2148.23,2.03,-0.4383,1056.99,533.58,256.62,1500.0,901.68,1020.97,0.4905,492.03,790.36,98.41,1082.46,1.6063,0.1176,4.4068,2.7619,14.0,0.0,0.0,BENIGN_WEB
5.2443,72.0,23.0,49.0,50964.98,9210.85,41754.13,9718.17,13.73,-0.6385,707.85,553.39,40.0,1500.0,655.86,662.69,0.2861,72.84,120.7,14.57,160.24,1.6571,0.071,5.0325,2.9552,12.0,0.0,0.0,BENIGN_WEB
64.6645,1099.0,165.0,934.0,1419004.54,151009.21,1267995.33,21944.1,17.0,-0.7872,1291.18,242.34,927.67,1500.0,1388.17,1412.0,0.441,16.51,11.7,3.3,36.32,0.7088,0.1782,3.0596,2.6438,12.0,0.0,0.0,BENIGN_STREAMING
123.213,631.0,131.0,500.0,787700.59,71902.46,715798.12,6393.0,5.12,-0.8174,1248.34,406.8,638.14,1500.0,1397.37,1097.16,0.5069,15.26,11.49,3.05,33.57,0.7528,0.0861,3.1577,2.7561,17.0,0.0,0.0,BENIGN_STREAMING
31.2392,63.0,23.0,40.0,60875.5,14531.79,46343.71,1948.69,2.02,-0.5226,966.28,524.48,179.56,1500.0,876.36,1105.21,0.5665,495.86,349.44,99.17,1090.89,0.7047,0.0763,4.5665,2.8812,16.0,0.0,0.0,BENIGN_WEB
59.6036,364.0,175.0,189.0,220822.15,114134.85,106687.31,3704.84,6.11,0.0337,606.65,173.03,347.11,918.11,692.71,673.8,0.2901,109.18,77.65,21.84,240.2,0.7112,0.2512,5.4592,1.537,10.0,1.0,0.0,TOR_PROXY_TUNNEL
3.8496,66.0,27.0,39.0,50953.89,6738.55,44215.34,13236.06,17.14,-0.7355,772.03,346.04,252.96,1394.91,800.47,705.43,0.6008,58.33,98.8,11.67,128.32,1.6938,0.0333,3.8728,3.0317,8.0,0.0,0.0,BENIGN_WEB
41.9687,130.0,62.0,68.0,97571.73,47170.42,50401.32,2324.87,3.1,-0.0331,750.55,232.25,402.18,1168.6,727.01,852.96,0.3338,196.33,93.11,39.27,431.93,0.4743,0.305,5.012,1.6898,4.0,1.0,0.0,TOR_PROXY_TUNNEL
69.125,89.0,46.0,43.0,63320.35,33731.49,29588.86,916.03,1.29,0.0654,711.46,299.81,261.76,1251.12,620.15,739.84,0.5998,165.59,122.5,33.12,364.3,0.7398,0.3088,5.3233,0.2031,0.0,0.0,0.0,TOR_PROXY_TUNNEL
13.1338,72.0,24.0,48.0,53012.37,13494.25,39518.12,4036.33,5.48,-0.4909,736.28,361.89,193.45,1387.68,737.11,701.79,0.4737,182.41,209.09,36.48,401.31,1.1462,0.0328,3.9341,3.0148,8.0,0.0,0.0,BENIGN_WEB
18.9314,17.0,5.0,12.0,17617.71,2223.51,15394.2,930.61,0.9,-0.7476,1036.34,512.81,267.12,1500.0,1035.34,1016.91,0.4175,1113.61,1488.85,222.72,2449.94,1.337,0.0602,4.4698,2.2215,8.0,0.0,0.0,BENIGN_WEB
2.8337,26.0,7.0,19.0,27636.27,6675.01,20961.26,9752.62,9.18,-0.5169,1062.93,470.41,357.32,1500.0,1060.34,1007.31,0.2312,108.99,177.93,21.8,239.78,1.6326,0.0952,4.4945,3.0655,11.0,0.0,0.0,BENIGN_WEB
9.962,69.0,27.0,42.0,50361.65,7249.87,43111.78,5055.36,6.93,-0.7121,729.88,510.08,40.0,1500.0,632.01,688.02,0.3656,144.38,155.11,28.88,317.63,1.0743,0.0214,4.0358,2.9225,14.0,0.0,0.0,BENIGN_WEB
108.1465,1969.0,408.0,1561.0,2402127.78,182513.16,2219614.62,22211.8,18.21,-0.848,1219.97,345.31,702.01,1500.0,1063.15,1162.01,0.2439,16.82,8.27,3.36,37.01,0.4918,0.1118,3.7958,2.7592,21.0,0.0,0.0,BENIGN_STREAMING
26.4837,71.0,28.0,43.0,63761.64,15066.04,48695.6,2407.58,2.68,-0.5274,898.05,417.22,272.23,1500.0,784.81,1018.83,0.5999,373.01,514.71,74.6,820.62,1.3799,0.0451,4.4968,2.314,15.0,0.0,0.0,BENIGN_WEB
65.6787,273.0,144.0,129.0,173417.88,89510.58,83907.3,2640.4,4.16,0.0323,635.23,170.22,379.9,941.62,649.84,595.42,0.5362,242.09,198.81,48.42,532.6,0.8212,0.4223,5.7448,1.138,10.0,1.0,0.0,TOR_PROXY_TUNNEL
17.7355,70.0,23.0,47.0,53986.98,13198.19,40788.8,3044.01,3.95,-0.5111,771.24,523.72,40.0,1500.0,809.95,832.21,0.3639,253.36,398.94,50.67,557.4,1.5746,0.0551,4.8502,2.5851,15.0,0.0,0.0,BENIGN_WEB
113.2692,1420.0,272.0,1148.0,2012109.39,77388.44,1934720.95,17763.95,12.54,-0.9231,1416.98,364.3,870.52,1500.0,1612.83,1558.77,0.3848,7.9,4.92,1.58,17.38,0.6226,0.1647,3.7984,2.5397,20.0,0.0,0.0,BENIGN_STREAMING
97.2739,421.0,84.0,337.0,564849.04,31085.37,533763.67,5806.79,4.33,-0.8899,1341.68,265.92,942.81,1500.0,1235.42,1241.24,0.5685,9.87,3.91,1.97,21.71,0.3964,0.1372,3.4276,2.836,15.0,0.0,0.0,BENIGN_STREAMING
2.3234,56.0,16.0,40.0,53643.94,7842.26,45801.67,23088.81,24.1,-0.7076,957.93,460.76,266.79,1500.0,839.17,839.47,0.3372,41.49,41.27,8.3,91.28,0.9947,0.0372,5.0743,3.0458,11.0,0.0,0.0,BENIGN_WEB
4.9296,42.0,16.0,26.0,30829.57,7916.27,22913.3,6253.93,8.52,-0.4864,734.04,481.9,40.0,1500.0,740.26,718.27,0.3865,117.37,99.53,23.47,258.22,0.848,0.0612,3.9571,2.2667,18.0,0.0,0.0,BENIGN_WEB
26.3976,299.0,148.0,151.0,204565.06,124758.51,79806.55,7749.37,11.33,0.2197,684.16,270.52,278.38,1171.1,776.4,593.26,0.2554,168.34,140.99,33.67,370.34,0.8376,0.2381,5.7505,1.1018,9.0,1.0,0.0,TOR_PROXY_TUNNEL
17.8802,56.0,17.0,39.0,43130.78,6309.04,36821.75,2412.2,3.13,-0.7074,770.19,562.55,40.0,1500.0,872.57,671.61,0.3765,319.29,405.79,63.86,702.44,1.2709,0.1018,3.624,2.6431,8.0,0.0,0.0,BENIGN_WEB
21.4586,148.0,75.0,73.0,107072.36,42658.2,64414.16,4989.72,6.9,-0.2032,723.46,241.35,361.43,1157.9,820.77,725.66,0.2214,206.7,93.33,41.34,454.75,0.4515,0.4487,5.2192,0.7159,9.0,1.0,1.0,TOR_PROXY_TUNNEL
117.8797,1773.0,305.0,1468.0,2401715.16,234053.45,2167661.71,20374.28,15.04,-0.8051,1354.61,240.07,994.5,1500.0,1370.2,1383.76,0.4031,13.79,5.61,2.76,30.33,0.4067,0.1523,3.8589,2.5365,20.0,0.0,0.0,BENIGN_STREAMING
29.562,44.0,17.0,27.0,40681.94,11675.4,29006.54,1376.15,1.49,-0.426,924.59,555.98,90.62,1500.0,1033.8,986.13,0.3045,671.86,825.94,134.37,1478.1,1.2293,0.0284,4.7641,2.3146,18.0,0.0,0.0,BENIGN_WEB
2.5463,32.0,9.0,23.0,32378.67,6244.39,26134.28,12715.75,12.57,-0.6143,1011.83,568.86,158.54,1500.0,1089.9,976.98,0.4671,79.57,62.62,15.91,175.06,0.787,0.0719,5.0059,2.9025,9.0,0.0,0.0,BENIGN_WEB
59.0176,331.0,161.0,170.0,234910.02,138761.89,96148.13,3980.34,5.61,0.1814,709.7,184.03,433.66,1040.95,795.78,692.63,0.321,157.16,119.85,31.43,345.75,0.7626,0.2299,5.3759,1.1352,2.0,0.0,1.0,TOR_PROXY_TUNNEL
30.7203,330.0,164.0,166.0,198692.13,113441.99,85250.14,6467.78,10.74,0.1419,602.1,171.87,344.29,911.47,602.75,654.7,0.2256,107.23,68.98,21.45,235.91,0.6432,0.3799,5.0332,0.4849,0.0,1.0,1.0,TOR_PROXY_TUNNEL
27.7862,16.0,4.0,12.0,11008.41,3045.22,7963.19,396.18,0.58,-0.4467,688.03,362.43,144.37,1340.41,662.45,630.3,0.2516,1736.64,1335.68,347.33,3820.6,0.7691,0.0605,4.4797,3.0157,18.0,0.0,0.0,BENIGN_WEB
31.7233,43.0,17.0,26.0,38362.18,10291.85,28070.33,1209.28,1.36,-0.4634,892.14,519.27,113.24,1500.0,1019.74,785.1,0.5598,737.75,882.44,147.55,1623.05,1.1961,0.1089,4.6703,2.9645,13.0,0.0,0.0,BENIGN_WEB
25.9393,97.0,49.0,48.0,68596.4,27804.77,40791.63,2644.5,3.74,-0.1893,707.18,206.94,396.76,1079.68,662.65,708.8,0.2183,254.05,107.9,50.81,558.91,0.4247,0.3179,5.7523,0.6366,2.0,0.0,1.0,TOR_PROXY_TUNNEL
153.0216,1808.0,221.0,1587.0,2337417.32,203797.08,2133620.23,15275.08,11.82,-0.8256,1292.82,252.18,914.55,1500.0,1260.29,1174.56,0.4864,10.12,7.8,2.02,22.27,0.7707,0.0605,3.8457,2.73,16.0,0.0,0.0,BENIGN_STREAMING
6.2162,35.0,11.0,24.0,27509.59,7817.17,19692.43,4425.49,5.63,-0.4317,785.99,502.6,40.0,1500.0,694.83,778.22,0.2399,177.6,279.97,35.52,390.73,1.5764,0.0844,4.2897,2.673,17.0,0.0,0.0,BENIGN_WEB
7.1367,19.0,6.0,13.0,17692.69,1681.54,16011.15,2479.11,2.66,-0.8099,931.19,417.77,304.54,1500.0,1070.57,1049.82,0.6034,375.62,572.7,75.12,826.36,1.5247,0.0419,4.801,2.9267,11.0,0.0,0.0,BENIGN_WEB
54.5173,1011.0,193.0,818.0,1351787.58,148679.6,1203107.99,24795.59,18.54,-0.78,1337.08,269.3,933.13,1500.0,1376.47,1257.18,0.3267,17.51,10.73,3.5,38.52,0.6129,0.1612,3.4218,2.8562,19.0,0.0,0.0,BENIGN_STREAMING
9.6452,33.0,10.0,23.0,30343.96,3974.8,26369.16,3146.03,3.42,-0.738,919.51,386.85,339.24,1500.0,868.99,792.78,0.2615,292.28,434.56,58.46,643.01,1.4868,0.1204,4.6486,2.502,14.0,0.0,0.0,BENIGN_WEB
17.0227,18.0,7.0,11.0,16392.67,3490.04,12902.63,962.99,1.06,-0.5742,910.7,414.84,288.45,1500.0,974.39,959.35,0.301,945.71,706.48,189.14,2080.56,0.747,0.0915,4.2123,2.1421,13.0,0.0,0.0,BENIGN_WEB
16.989,27.0,9.0,18.0,16827.03,2966.59,13860.43,990.47,1.59,-0.6474,623.22,466.47,40.0,1462.87,621.62,628.74,0.3637,629.22,847.72,125.84,1384.29,1.3473,0.0941,3.6166,2.4079,21.0,0.0,0.0,BENIGN_WEB
55.3952,1908.0,328.0,1580.0,2699090.86,162328.6,2536762.26,48724.31,34.44,-0.8797,1414.62,252.95,1035.19,1500.0,1323.72,1549.55,0.413,16.15,9.39,3.23,35.53,0.5817,0.1485,3.492,2.5994,20.0,0.0,0.0,BENIGN_STREAMING
65.0547,104.0,55.0,49.0,70966.86,29319.48,41647.38,1090.88,1.6,-0.1737,682.37,229.55,338.04,1095.57,610.37,629.48,0.619,132.65,96.45,26.53,291.83,0.7271,0.2585,5.6428,1.6752,6.0,1.0,1.0,TOR_PROXY_TUNNEL
118.2347,1555.0,266.0,1289.0,2155410.0,144946.01,2010463.99,18229.93,13.15,-0.8655,1386.12,304.11,929.94,1500.0,1539.0,1462.9,0.3946,25.8,9.8,5.16,56.76,0.3798,0.1276,3.3489,2.3027,12.0,0.0,0.0,BENIGN_STREAMING
28.3326,74.0,25.0,49.0,68544.59,6910.29,61634.31,2419.28,2.61,-0.7984,926.28,329.55,431.95,1500.0,898.95,944.47,0.5099,382.87,604.35,76.57,842.32,1.5785,0.0797,3.7707,2.9141,8.0,0.0,0.0,BENIGN_WEB
27.1909,32.0,10.0,22.0,21278.31,3871.76,17406.55,782.55,1.18,-0.6361,664.95,507.04,40.0,1500.0,671.96,578.47,0.427,849.72,648.9,169.94,1869.37,0.7637,0.1168,4.463,2.7995,20.0,0.0,0.0,BENIGN_WEB
12.1541,32.0,11.0,21.0,31424.79,3410.36,28014.43,2585.53,2.63,-0.783,982.02,371.72,424.44,1500.0,858.45,902.21,0.4707,379.82,296.44,75.96,835.59,0.7805,0.1316,3.9009,2.5934,16.0,0.0,0.0,BENIGN_WEB
65.672,1195.0,251.0,944.0,1660316.54,46027.3,1614289.24,25281.96,18.2,-0.9446,1389.39,394.68,797.37,1500.0,1223.13,1259.72,0.2357,24.08,17.49,4.82,52.98,0.7261,0.1732,3.1133,2.5733,16.0,0.0,0.0,BENIGN_STREAMING
12.5954,70.0,28.0,42.0,71636.99,20075.17,51561.81,5687.56,5.56,-0.4395,1023.39,498.18,276.12,1500.0,1106.8,952.03,0.5696,179.93,179.11,35.99,395.85,0.9954,0.0777,4.3277,3.0403,16.0,0.0,0.0,BENIGN_WEB
25.9817,316.0,154.0,162.0,226797.19,96054.41,130742.78,8729.11,12.16,-0.1529,717.71,214.66,395.72,1104.1,704.0,677.02,0.2518,173.47,87.62,34.69,381.64,0.5051,0.3133,5.7337,0.398,2.0,1.0,1.0,TOR_PROXY_TUNNEL
12.8251,67.0,20.0,47.0,68813.57,17870.12,50943.44,5365.55,5.22,-0.4806,1027.07,343.55,511.75,1500.0,1112.86,1158.92,0.2865,191.42,236.65,38.28,421.12,1.2363,0.0323,4.5335,2.8679,21.0,0.0,0.0,BENIGN_WEB
28.3905,24.0,7.0,17.0,22411.55,5053.3,17358.25,789.4,0.85,-0.549,933.81,429.32,289.84,1500.0,931.44,845.09,0.238,1182.94,1784.48,236.59,2602.46,1.5085,0.0622,3.6803,2.6102,20.0,0.0,0.0,BENIGN_WEB
129.4629,918.0,143.0,775.0,1111224.66,66221.12,1045003.54,8583.35,7.09,-0.8808,1210.48,357.97,673.53,1500.0,1326.03,1246.9,0.5588,18.13,9.76,3.63,39.9,0.5379,0.149,2.9669,2.2243,12.0,0.0,0.0,BENIGN_STREAMING
54.8471,141.0,75.0,66.0,80935.66,36840.24,44095.42,1475.66,2.57,-0.0896,574.01,225.87,235.21,980.58,620.71,619.81,0.5496,93.48,46.5,18.7,205.65,0.4975,0.3164,5.5147,0.1756,0.0,1.0,0.0,TOR_PROXY_TUNNEL
77.0446,2008.0,410.0,1598.0,2379472.37,194221.1,2185251.27,30884.36,26.06,-0.8368,1185.0,350.88,658.67,1500.0,1110.28,1065.57,0.5667,11.5,4.12,2.3,25.29,0.3585,0.0755,3.7496,2.7657,19.0,0.0,0.0,BENIGN_STREAMING
78.2473,88.0,45.0,43.0,59195.5,33586.91,25608.59,756.52,1.12,0.1348,672.68,316.05,198.6,1241.56,578.57,732.38,0.618,202.12,146.81,40.42,444.65,0.7264,0.3591,6.0954,1.1379,5.0,1.0,0.0,TOR_PROXY_TUNNEL
131.1741,1021.0,133.0,888.0,1421536.85,83740.55,1337796.3,10837.02,7.78,-0.8822,1392.3,347.94,870.39,1500.0,1309.08,1588.41,0.4751,10.4,5.09,2.08,22.87,0.4895,0.1555,3.3337,2.2799,10.0,0.0,0.0,BENIGN_STREAMING
12.9219,52.0,14.0,38.0,33672.65,7475.67,26196.99,2605.86,4.02,-0.556,647.55,355.15,114.82,1286.82,589.15,701.43,0.5807,248.5,315.42,49.7,546.7,1.2693,0.0492,4.3988,2.867,8.0,0.0,0.0,BENIGN_WEB
21.4868,18.0,6.0,12.0,12663.8,2408.06,10255.74,589.37,0.84,-0.6197,703.54,455.17,40.0,1500.0,697.47,624.88,0.5385,1193.71,1462.24,238.74,2626.17,1.225,0.1208,4.8652,2.3124,15.0,0.0,0.0,BENIGN_WEB
18.2097,53.0,16.0,37.0,57235.96,5315.47,51920.49,3143.15,2.91,-0.8143,1079.92,338.96,571.49,1500.0,1103.22,962.43,0.4061,343.58,493.84,68.72,755.88,1.4373,0.0209,4.0641,2.7155,17.0,0.0,0.0,BENIGN_WEB
32.2308,280.0,141.0,139.0,191958.64,110869.67,81088.97,5955.75,8.69,0.1551,685.57,216.86,360.27,1075.92,607.24,786.81,0.503,94.47,60.59,18.89,207.83,0.6414,0.2894,4.6854,0.6392,5.0,0.0,1.0,TOR_PROXY_TUNNEL
16.5363,82.0,24.0,58.0,72852.45,11373.98,61478.46,4405.62,4.96,-0.6878,888.44,375.77,324.78,1500.0,998.37,804.19,0.4274,201.66,191.0,40.33,443.66,0.9471,0.0883,4.4729,2.8826,17.0,0.0,0.0,BENIGN_WEB
24.6151,313.0,49.0,264.0,434683.81,33738.95,400944.86,17659.2,12.72,-0.8448,1388.77,378.8,820.56,1500.0,1583.92,1389.91,0.2218,22.81,11.51,4.56,50.18,0.5046,0.0527,3.1807,2.9408,14.0,0.0,0.0,BENIGN_STREAMING
66.1885,55.0,27.0,28.0,36915.19,18810.82,18104.37,557.73,0.83,0.0191,671.19,286.65,241.22,1187.15,594.84,666.87,0.5566,207.97,91.75,41.59,457.54,0.4412,0.3753,5.2466,1.5749,10.0,1.0,1.0,TOR_PROXY_TUNNEL
13.5549,38.0,14.0,24.0,29666.67,5409.36,24257.31,2188.63,2.8,-0.6353,780.7,367.74,229.09,1442.64,887.42,677.95,0.362,356.71,480.62,71.34,784.76,1.3474,0.0753,4.1556,2.4487,16.0,0.0,0.0,BENIGN_WEB
82.6353,331.0,165.0,166.0,235931.8,115755.07,120176.73,2855.1,4.01,-0.0187,712.78,184.13,436.58,1044.23,715.75,629.01,0.347,154.43,118.46,30.89,339.74,0.7671,0.3213,6.0106,0.7093,0.0,1.0,1.0,TOR_PROXY_TUNNEL
14.9872,83.0,29.0,54.0,68355.3,11682.39,56672.92,4560.91,5.54,-0.6582,823.56,418.1,196.41,1500.0,745.83,905.05,0.3057,180.57,134.48,36.11,397.25,0.7448,0.0215,4.5202,2.2397,16.0,0.0,0.0,BENIGN_WEB
149.923,1356.0,221.0,1135.0,1741212.71,60866.62,1680346.09,11614.05,9.04,-0.9301,1284.08,363.84,738.33,1500.0,1426.76,1169.9,0.2439,21.15,8.91,4.23,46.53,0.4213,0.1778,3.4542,2.3124,18.0,0.0,0.0,BENIGN_STREAMING
59.7033,1053.0,214.0,839.0,1455311.6,63401.59,1391910.01,24375.73,17.64,-0.9129,1382.06,312.5,913.31,1500.0,1400.52,1428.94,0.6154,11.97,8.97,2.39,26.32,0.7499,0.1298,3.5284,2.4472,14.0,0.0,0.0,BENIGN_STREAMING
24.5253,54.0,21.0,33.0,41425.39,9182.8,32242.59,1689.09,2.2,-0.5567,767.14,365.38,219.07,1424.82,738.32,752.1,0.2872,454.17,338.5,90.83,999.18,0.7453,0.1392,4.4797,2.3113,16.0,0.0,0.0,BENIGN_WEB
106.4834,1160.0,223.0,937.0,1383913.65,61965.31,1321948.33,12996.52,10.89,-0.9104,1193.03,315.46,719.84,1500.0,1205.71,1351.56,0.3085,11.86,7.35,2.37,26.09,0.6201,0.1091,2.9413,2.2139,17.0,0.0,0.0,BENIGN_STREAMING
8.8536,57.0,23.0,34.0,41235.53,9653.75,31581.77,4657.49,6.44,-0.5318,723.43,509.15,40.0,1500.0,618.32,637.09,0.3595,155.33,192.66,31.07,341.72,1.2404,0.1266,4.8158,2.7423,10.0,0.0,0.0,BENIGN_WEB
3.8672,76.0,23.0,53.0,61196.26,11648.68,49547.58,15824.58,19.65,-0.6193,805.21,512.28,40.0,1500.0,756.19,863.02,0.5115,50.88,88.9,10.18,111.94,1.7472,0.0674,3.7943,2.1815,12.0,0.0,0.0,BENIGN_WEB
155.1445,1402.0,307.0,1095.0,1845796.42,108823.32,1736973.1,11897.27,9.04,-0.8821,1316.55,403.33,711.55,1500.0,1181.2,1177.1,0.3937,10.49,7.07,2.1,23.08,0.6735,0.0755,2.9923,2.5271,19.0,0.0,0.0,BENIGN_STREAMING
26.4646,171.0,87.0,84.0,126876.07,50449.6,76426.47,4794.17,6.46,-0.2047,741.97,218.87,413.66,1135.94,750.13,674.48,0.4504,157.15,90.21,31.43,345.74,0.574,0.3549,5.1258,1.5542,6.0,1.0,1.0,TOR_PROXY_TUNNEL
8.528,37.0,14.0,23.0,24139.65,6795.91,17343.74,2830.65,4.34,-0.437,652.42,383.99,76.44,1343.6,665.8,612.19,0.2963,230.49,365.56,46.1,507.07,1.586,0.1391,4.2982,2.6458,15.0,0.0,0.0,BENIGN_WEB
42.0697,320.0,166.0,154.0,197922.5,99351.69,98570.81,4704.63,7.61,0.0039,618.51,245.02,250.98,1059.54,680.01,582.31,0.3182,189.66,158.56,37.93,417.24,0.836,0.3289,5.9694,0.6024,9.0,1.0,0.0,TOR_PROXY_TUNNEL
25.7685,345.0,183.0,162.0,246117.54,141786.57,104330.97,9551.09,13.39,0.1522,713.38,173.76,452.74,1026.15,744.8,801.45,0.5239,215.8,127.75,43.16,474.75,0.592,0.3555,5.7713,0.1681,5.0,1.0,1.0,TOR_PROXY_TUNNEL
24.5574,76.0,23.0,53.0,65444.13,18853.42,46590.71,2664.94,3.09,-0.4238,861.11,528.31,68.65,1500.0,827.91,900.22,0.4347,323.12,392.98,64.62,710.87,1.2162,0.1396,4.1937,2.4805,12.0,0.0,0.0,BENIGN_WEB
21.8755,38.0,14.0,24.0,26225.59,7546.52,18679.07,1198.85,1.74,-0.4245,690.15,426.32,50.67,1457.52,685.75,617.03,0.2498,575.67,715.39,115.13,1266.48,1.2427,0.1223,4.4525,2.1902,9.0,0.0,0.0,BENIGN_WEB
20.5704,47.0,18.0,29.0,37355.64,6012.31,31343.34,1815.99,2.28,-0.6781,794.8,421.62,162.37,1500.0,717.38,861.74,0.4416,437.67,522.49,87.53,962.87,1.1938,0.0274,3.6262,2.5341,14.0,0.0,0.0,BENIGN_WEB
6.577,57.0,16.0,41.0,39371.35,9389.93,29981.42,5986.2,8.67,-0.523,690.73,352.44,162.06,1325.12,685.97,783.13,0.2937,115.39,171.65,23.08,253.85,1.4876,0.0762,4.9516,2.7554,20.0,0.0,0.0,BENIGN_WEB
16.1717,53.0,19.0,34.0,33336.61,8462.76,24873.85,2061.41,3.28,-0.4923,628.99,361.19,87.21,1279.13,714.05,699.36,0.1857,305.13,350.5,61.03,671.28,1.1487,0.1099,4.8494,2.6999,8.0,0.0,0.0,BENIGN_WEB
76.8034,174.0,90.0,84.0,133450.83,71479.93,61970.91,1737.56,2.27,0.0713,766.96,221.54,434.65,1165.73,786.8,716.06,0.2755,63.14,47.74,12.63,138.91,0.7562,0.2374,6.0499,0.0503,8.0,1.0,0.0,TOR_PROXY_TUNNEL
154.8018,744.0,100.0,644.0,1070975.38,82393.69,988581.69,6918.37,4.81,-0.8461,1439.48,253.68,1058.96,1500.0,1432.01,1296.12,0.5038,17.95,10.68,3.59,39.5,0.5947,0.0849,2.9912,2.8723,14.0,0.0,0.0,BENIGN_STREAMING
18.671,82.0,30.0,52.0,87571.32,20617.21,66954.11,4690.23,4.39,-0.5291,1067.94,437.3,412.0,1500.0,921.85,931.45,0.2594,227.7,209.65,45.54,500.93,0.9207,0.1183,5.0686,2.2036,19.0,0.0,0.0,BENIGN_WEB
17.2788,47.0,13.0,34.0,48027.51,8568.12,39459.39,2779.56,2.72,-0.6432,1021.86,561.54,179.55,1500.0,1141.42,906.18,0.264,367.63,634.29,73.53,808.79,1.7253,0.0761,4.5269,2.6349,19.0,0.0,0.0,BENIGN_WEB
42.5097,138.0,74.0,64.0,94392.16,49941.62,44450.54,2220.48,3.25,0.0582,684.0,196.88,388.69,1038.38,722.08,716.44,0.6197,55.38,32.65,11.08,121.83,0.5896,0.2701,5.7057,0.823,10.0,0.0,1.0,TOR_PROXY_TUNNEL
8.7568,28.0,9.0,19.0,28535.72,3317.37,25218.34,3258.7,3.2,-0.7675,1019.13,412.31,400.67,1500.0,1135.4,1049.45,0.473,312.74,302.66,62.55,688.03,0.9678,0.0792,3.9155,3.0299,14.0,0.0,0.0,BENIGN_WEB
7.35,78.0,26.0,52.0,66399.57,14765.13,51634.44,9033.96,10.61,-0.5553,851.28,558.44,40.0,1500.0,734.75,781.91,0.5725,94.23,103.07,18.85,207.31,1.0938,0.0968,4.157,2.7923,20.0,0.0,0.0,BENIGN_WEB
86.8073,2057.0,429.0,1628.0,2537581.5,77673.27,2459908.23,29232.34,23.7,-0.9388,1233.63,330.98,737.16,1500.0,1308.22,1397.93,0.5452,23.42,15.18,4.68,51.52,0.6481,0.1122,3.8857,2.537,18.0,0.0,0.0,BENIGN_STREAMING
23.6844,34.0,12.0,22.0,27237.86,6301.64,20936.22,1150.03,1.44,-0.5373,801.11,561.49,40.0,1500.0,903.57,779.47,0.4909,696.6,1010.44,139.32,1532.52,1.4505,0.0736,4.9677,2.764,10.0,0.0,0.0,BENIGN_WEB
13.2997,53.0,20.0,33.0,52189.32,6636.15,45553.17,3924.1,3.99,-0.7457,984.7,472.82,275.48,1500.0,1088.43,942.21,0.531,250.94,434.94,50.19,552.06,1.7333,0.0475,3.664,2.9234,12.0,0.0,0.0,BENIGN_WEB
21.4328,45.0,15.0,30.0,36467.11,9835.41,26631.7,1701.47,2.1,-0.4606,810.38,467.33,109.38,1500.0,929.04,882.4,0.2402,476.28,526.23,95.26,1047.82,1.1049,0.0137,3.6859,2.5735,21.0,0.0,0.0,BENIGN_WEB
22.9158,74.0,30.0,44.0,54008.61,13539.75,40468.86,2356.83,3.23,-0.4986,729.85,557.6,40.0,1500.0,730.83,661.92,0.5331,309.67,536.47,61.93,681.28,1.7324,0.1129,4.7045,2.5575,14.0,0.0,0.0,BENIGN_WEB
29.8167,49.0,14.0,35.0,42737.39,10836.35,31901.05,1433.34,1.64,-0.4929,872.19,414.96,249.76,1500.0,845.07,812.38,0.5314,608.5,466.56,121.7,1338.71,0.7667,0.0786,4.6168,2.1594,16.0,0.0,0.0,BENIGN_WEB
147.0502,1226.0,243.0,983.0,1682110.55,147613.81,1534496.74,11439.02,8.34,-0.8245,1372.03,250.24,996.67,1500.0,1569.92,1391.93,0.3197,24.31,11.08,4.86,53.48,0.4557,0.1264,3.4863,2.6948,14.0,0.0,0.0,BENIGN_STREAMING
15.9846,34.0,10.0,24.0,31605.44,4046.79,27558.64,1977.24,2.13,-0.7439,929.57,521.66,147.08,1500.0,794.33,977.72,0.5402,470.14,466.51,94.03,1034.3,0.9923,0.1331,5.0486,2.4176,13.0,0.0,0.0,BENIGN_WEB
150.567,379.0,48.0,331.0,479666.46,30222.07,449444.38,3185.74,2.52,-0.874,1265.61,406.74,655.5,1500.0,1325.62,1260.43,0.4203,9.86,4.36,1.97,21.68,0.4428,0.123,3.1446,2.3289,18.0,0.0,0.0,BENIGN_STREAMING
75.1601,156.0,80.0,76.0,116350.72,65713.37,50637.34,1548.04,2.08,0.1296,745.84,194.3,454.38,1095.58,664.72,734.29,0.3352,118.51,87.61,23.7,260.72,0.7393,0.3364,5.8084,0.3837,11.0,1.0,0.0,TOR_PROXY_TUNNEL
16.7941,264.0,140.0,124.0,178463.94,101410.73,77053.2,10626.61,15.72,0.1365,676.0,207.14,365.29,1048.85,596.3,632.11,0.6021,165.03,80.8,33.01,363.06,0.4896,0.2921,6.0864,1.5259,1.0,1.0,1.0,TOR_PROXY_TUNNEL
28.7547,1916.0,353.0,1563.0,2452261.91,181631.96,2270629.95,85282.12,66.63,-0.8519,1279.89,301.87,827.08,1500.0,1298.37,1224.37,0.2596,19.2,10.84,3.84,42.23,0.5647,0.1252,3.1312,2.3648,22.0,0.0,0.0,BENIGN_STREAMING
20.142,192.0,97.0,95.0,136000.89,77439.02,58561.88,6752.09,9.53,0.1388,708.34,189.16,424.59,1048.83,813.16,774.51,0.2585,194.67,82.88,38.93,428.28,0.4257,0.4751,5.5477,0.2129,6.0,1.0,0.0,TOR_PROXY_TUNNEL
54.7982,161.0,83.0,78.0,124419.1,67559.27,56859.84,2270.5,2.94,0.086,772.79,168.93,519.39,1076.87,674.72,791.41,0.2616,55.24,32.49,11.05,121.52,0.5883,0.3939,5.589,0.5352,3.0,1.0,1.0,TOR_PROXY_TUNNEL
22.3772,67.0,21.0,46.0,59683.28,15045.04,44638.24,2667.15,2.99,-0.4958,890.8,390.32,305.32,1500.0,779.57,970.08,0.3022,333.99,490.24,66.8,734.77,1.4678,0.1349,4.8752,2.8396,20.0,0.0,0.0,BENIGN_WEB
84.7721,347.0,185.0,162.0,260620.83,141236.28,119384.55,3074.37,4.09,0.0838,751.07,242.2,387.77,1187.03,800.85,680.69,0.4258,50.34,29.51,10.07,110.74,0.5863,0.2504,4.7837,0.5967,9.0,0.0,1.0,TOR_PROXY_TUNNEL
21.3939,188.0,98.0,90.0,111001.29,64033.33,46967.96,5188.46,8.79,0.1537,590.43,220.24,260.07,986.87,633.59,594.84,0.5302,182.06,135.38,36.41,400.52,0.7436,0.4004,4.8516,0.0076,9.0,1.0,0.0,TOR_PROXY_TUNNEL
159.6035,1794.0,289.0,1505.0,2233793.8,80573.73,2153220.07,13995.9,11.24,-0.9279,1245.15,411.63,627.7,1500.0,1169.51,1273.06,0.5842,24.0,8.8,4.8,52.81,0.3668,0.0552,2.9849,2.5881,22.0,0.0,0.0,BENIGN_STREAMING
61.9623,280.0,49.0,231.0,338001.6,21784.31,316217.29,5454.96,4.52,-0.8711,1207.15,322.78,722.98,1500.0,1209.25,1267.46,0.4939,19.38,11.36,3.88,42.65,0.5858,0.0856,3.4207,2.8784,16.0,0.0,0.0,BENIGN_STREAMING
67.4107,1032.0,168.0,864.0,1414409.83,103913.25,1310496.59,20981.97,15.31,-0.8531,1370.55,248.93,997.15,1500.0,1420.8,1557.02,0.4542,26.09,16.63,5.22,57.4,0.6375,0.0779,3.441,2.3802,18.0,0.0,0.0,BENIGN_STREAMING
33.8565,204.0,108.0,96.0,154942.33,69096.27,85846.06,4576.45,6.03,-0.1081,759.52,315.1,286.87,1326.7,712.2,661.11,0.5695,115.04,51.79,23.01,253.1,0.4502,0.3759,5.7552,0.5336,8.0,1.0,0.0,TOR_PROXY_TUNNEL
38.7638,196.0,94.0,102.0,129922.15,64778.0,65144.15,3351.63,5.06,-0.0028,662.87,160.83,421.63,952.36,611.57,733.4,0.5604,96.08,60.01,19.22,211.37,0.6246,0.2462,5.1086,0.3888,3.0,1.0,1.0,TOR_PROXY_TUNNEL
4.549,50.0,20.0,30.0,46399.77,5574.87,40824.9,10200.05,10.99,-0.7597,928.0,470.89,221.67,1500.0,1000.1,810.99,0.3113,90.98,67.72,18.2,200.15,0.7444,0.0184,5.0593,2.5675,13.0,0.0,0.0,BENIGN_WEB
142.4287,422.0,60.0,362.0,571823.67,20480.23,551343.45,4014.81,2.96,-0.9284,1355.03,281.29,933.09,1500.0,1529.35,1234.33,0.53,20.78,11.87,4.16,45.72,0.571,0.1506,3.4395,2.6915,17.0,0.0,0.0,BENIGN_STREAMING
22.7459,70.0,25.0,45.0,47133.11,4875.43,42257.68,2072.16,3.08,-0.7931,673.33,521.58,40.0,1500.0,597.19,583.58,0.5682,324.94,422.7,64.99,714.87,1.3008,0.0106,4.6561,2.8192,12.0,0.0,0.0,BENIGN_WEB
2.3492,48.0,17.0,31.0,46077.06,4452.4,41624.66,19613.68,20.43,-0.8067,959.94,417.76,333.3,1500.0,863.47,1072.1,0.2902,48.94,50.07,9.79,107.67,1.023,0.1163,4.8504,3.0602,19.0,0.0,0.0,BENIGN_WEB
54.0986,231.0,113.0,118.0,176538.95,89577.07,86961.88,3263.28,4.27,0.0148,764.24,164.86,516.94,1060.99,748.84,695.11,0.3033,216.45,105.6,43.29,476.19,0.4879,0.3679,5.3078,0.2956,4.0,1.0,0.0,TOR_PROXY_TUNNEL
103.9611,1208.0,237.0,971.0,1666580.8,121506.34,1545074.47,16030.82,11.62,-0.8542,1379.62,311.25,912.75,1500.0,1387.65,1553.14,0.2809,12.5,7.11,2.5,27.5,0.5692,0.0815,3.7688,2.208,18.0,0.0,0.0,BENIGN_STREAMING
21.3455,63.0,17.0,46.0,42943.54,4701.3,38242.25,2011.83,2.95,-0.781,681.64,402.27,78.23,1405.73,606.61,602.56,0.3477,338.82,260.3,67.76,745.4,0.7683,0.0889,4.0655,2.315,21.0,0.0,0.0,BENIGN_WEB
17.7179,69.0,22.0,47.0,46823.17,10174.81,36648.36,2642.71,3.89,-0.5654,678.6,389.49,94.36,1379.68,611.21,594.22,0.5314,256.78,285.89,51.36,564.92,1.1134,0.0892,5.065,2.3704,17.0,0.0,0.0,BENIGN_WEB
24.7994,307.0,160.0,147.0,191536.62,99112.51,92424.1,7723.44,12.38,0.0349,623.9,250.79,247.72,1075.31,563.92,644.41,0.5259,82.54,44.36,16.51,181.59,0.5374,0.2905,5.7492,1.3003,9.0,1.0,1.0,TOR_PROXY_TUNNEL
21.4211,73.0,24.0,49.0,64526.32,11531.26,52995.06,3012.27,3.41,-0.6426,883.92,349.35,359.9,1500.0,849.97,841.12,0.2031,293.44,513.01,58.69,645.57,1.7483,0.0981,4.8211,2.983,8.0,0.0,0.0,BENIGN_WEB
25.8557,57.0,16.0,41.0,51908.15,8433.65,43474.5,2007.61,2.2,-0.6751,910.67,535.24,107.81,1500.0,837.5,1002.57,0.2116,453.61,358.79,90.72,997.94,0.791,0.0935,4.3093,2.8524,21.0,0.0,0.0,BENIGN_WEB
8.7167,83.0,26.0,57.0,76209.93,20857.48,55352.45,8742.96,9.52,-0.4526,918.19,534.95,115.76,1500.0,889.1,788.26,0.2872,105.02,103.69,21.0,231.05,0.9873,0.0102,5.0286,2.6773,17.0,0.0,0.0,BENIGN_WEB
17.9799,35.0,12.0,23.0,37080.62,8051.45,29029.17,2062.34,1.95,-0.5657,1059.45,521.37,277.4,1500.0,1130.42,1098.25,0.2541,513.71,770.5,102.74,1130.16,1.4999,0.1339,4.5705,2.4559,14.0,0.0,0.0,BENIGN_WEB
11.7516,27.0,10.0,17.0,25632.9,4547.43,21085.47,2181.22,2.3,-0.6452,949.37,352.96,419.93,1500.0,880.06,933.8,0.3692,435.25,533.19,87.05,957.54,1.225,0.0579,4.9826,2.8542,13.0,0.0,0.0,BENIGN_WEB
65.8462,117.0,61.0,56.0,66335.89,26132.74,40203.16,1007.44,1.78,-0.2121,566.97,209.57,252.61,944.2,592.94,575.73,0.1875,234.2,136.33,46.84,515.24,0.5821,0.2934,5.5274,0.1665,10.0,1.0,1.0,TOR_PROXY_TUNNEL
4.4813,38.0,15.0,23.0,23980.04,5643.65,18336.39,5351.19,8.48,-0.5293,631.05,560.77,40.0,1500.0,546.71,573.93,0.5319,117.93,136.58,23.59,259.44,1.1582,0.1007,4.55,2.3703,16.0,0.0,0.0,BENIGN_WEB
84.9002,319.0,170.0,149.0,242149.82,131186.38,110963.44,2852.17,3.76,0.0835,759.09,272.67,350.08,1249.9,801.82,805.45,0.4714,95.29,53.54,19.06,209.64,0.5618,0.3777,4.7134,0.1744,3.0,1.0,0.0,TOR_PROXY_TUNNEL
25.4452,25.0,9.0,16.0,22762.6,3468.37,19294.23,894.57,0.98,-0.6953,910.5,438.44,252.84,1500.0,969.87,1022.1,0.3855,1017.81,976.84,203.56,2239.18,0.9598,0.1376,4.4523,2.3641,8.0,0.0,0.0,BENIGN_WEB
12.1239,293.0,145.0,148.0,172319.71,74900.67,97419.04,14213.21,24.17,-0.1307,588.12,173.83,327.38,901.01,674.73,537.9,0.3287,229.84,169.87,45.97,505.65,0.7391,0.3566,5.7126,0.3884,9.0,1.0,0.0,TOR_PROXY_TUNNEL
23.3521,31.0,9.0,22.0,25781.66,5568.51,20213.15,1104.04,1.33,-0.568,831.67,414.65,209.69,1500.0,753.87,905.99,0.4384,753.29,643.41,150.66,1657.25,0.8541,0.0651,4.8978,2.3044,21.0,0.0,0.0,BENIGN_WEB
64.2264,2103.0,413.0,1690.0,2773452.84,72283.15,2701169.69,43182.41,32.74,-0.9479,1318.81,279.39,899.72,1500.0,1287.23,1483.58,0.5099,11.23,6.24,2.25,24.71,0.5552,0.0722,3.7753,2.9217,16.0,0.0,0.0,BENIGN_STREAMING
153.931,1991.0,340.0,1651.0,2632470.87,164643.76,2467827.12,17101.63,12.93,-0.8749,1322.19,275.47,908.98,1500.0,1281.02,1152.25,0.5392,6.78,4.09,1.36,14.91,0.6031,0.1203,3.1038,2.2481,20.0,0.0,0.0,BENIGN_STREAMING
2.5413,23.0,6.0,17.0,18072.94,1789.4,16283.53,7111.7,9.05,-0.802,785.78,392.85,196.51,1492.9,866.02,849.83,0.3429,110.49,136.64,22.1,243.08,1.2366,0.0679,4.1827,2.3033,21.0,0.0,0.0,BENIGN_WEB
74.0974,315.0,62.0,253.0,418532.58,20585.1,397947.48,5648.41,4.25,-0.9016,1328.67,417.09,703.04,1500.0,1232.46,1293.77,0.308,11.68,7.13,2.34,25.7,0.6099,0.1561,3.4919,2.4238,16.0,0.0,0.0,BENIGN_STREAMING
22.223,42.0,13.0,29.0,43530.88,9596.76,33934.12,1958.82,1.89,-0.5591,1036.45,368.3,484.0,1500.0,1111.05,951.17,0.32,529.12,560.71,105.82,1164.06,1.0597,0.0811,4.4966,2.7813,8.0,0.0,0.0,BENIGN_WEB
6.3706,78.0,31.0,47.0,65351.82,16223.83,49127.99,10258.32,12.24,-0.5035,837.84,431.9,189.99,1500.0,871.36,961.8,0.3418,81.67,105.33,16.33,179.68,1.2896,0.1204,4.5566,2.3025,19.0,0.0,0.0,BENIGN_WEB
12.3988,17.0,5.0,12.0,13119.79,3150.79,9969.0,1058.15,1.37,-0.5197,771.75,512.36,40.0,1500.0,709.12,730.87,0.455,729.34,533.46,145.87,1604.56,0.7314,0.011,3.6597,2.7141,13.0,0.0,0.0,BENIGN_WEB
102.6154,2023.0,442.0,1581.0,2552145.5,102436.2,2449709.3,24870.98,19.71,-0.9197,1261.56,364.5,714.82,1500.0,1326.89,1272.82,0.2071,21.06,16.35,4.21,46.34,0.7764,0.135,3.5745,2.413,11.0,0.0,0.0,BENIGN_STREAMING
15.5542,68.0,34.0,34.0,37910.06,16080.22,21829.84,2437.29,4.37,-0.1517,557.5,306.62,97.57,1109.42,609.12,601.01,0.5318,227.44,145.95,45.49,500.37,0.6417,0.2644,5.3637,0.322,1.0,1.0,0.0,TOR_PROXY_TUNNEL
35.1145,284.0,147.0,137.0,174679.48,92702.89,81976.59,4974.56,8.09,0.0614,615.07,203.74,309.46,981.8,645.08,604.76,0.4703,134.56,94.41,26.91,296.04,0.7016,0.4067,5.4577,0.4399,4.0,0.0,1.0,TOR_PROXY_TUNNEL
56.2518,212.0,109.0,103.0,128794.78,61034.34,67760.43,2289.61,3.77,-0.0522,607.52,207.64,296.06,981.27,521.31,603.0,0.3472,243.49,125.57,48.7,535.69,0.5157,0.3335,5.6349,1.0767,11.0,1.0,1.0,TOR_PROXY_TUNNEL
140.3109,1039.0,162.0,877.0,1320372.52,51759.0,1268613.52,9410.33,7.4,-0.9216,1270.81,328.36,778.27,1500.0,1442.13,1345.23,0.3583,6.64,4.03,1.33,14.6,0.6069,0.0593,3.5207,2.4358,13.0,0.0,0.0,BENIGN_STREAMING
25.9631,84.0,24.0,60.0,52441.91,12909.17,39532.75,2019.86,3.24,-0.5077,624.31,500.79,40.0,1500.0,601.0,654.21,0.6012,309.08,445.58,61.82,679.99,1.4416,0.0862,4.4275,2.5215,13.0,0.0,0.0,BENIGN_WEB
24.984,42.0,14.0,28.0,39407.01,10872.24,28534.78,1577.29,1.68,-0.4482,938.26,518.65,160.28,1500.0,1031.18,1074.18,0.3278,594.86,757.38,118.97,1308.69,1.2732,0.0845,5.0659,2.2363,19.0,0.0,0.0,BENIGN_WEB
149.1675,2089.0,345.0,1744.0,2511349.44,222981.46,2288367.98,16835.77,14.0,-0.8224,1202.18,331.17,705.43,1500.0,1324.31,1202.58,0.3512,20.53,9.54,4.11,45.17,0.4648,0.1206,3.1052,2.6687,15.0,0.0,0.0,BENIGN_STREAMING
61.3468,1264.0,192.0,1072.0,1537989.33,135080.19,1402909.14,25070.4,20.6,-0.8243,1216.76,340.34,706.26,1500.0,1105.8,1374.19,0.2851,18.62,8.9,3.72,40.97,0.4778,0.1631,3.8746,2.4635,19.0,0.0,0.0,BENIGN_STREAMING
17.5676,68.0,26.0,42.0,47822.26,12297.02,35525.24,2722.19,3.87,-0.4857,703.27,454.66,40.0,1500.0,807.39,634.08,0.4605,258.35,437.05,51.67,568.36,1.6917,0.093,3.9201,2.5983,11.0,0.0,0.0,BENIGN_WEB
64.044,374.0,199.0,175.0,225460.36,115596.5,109863.87,3520.4,5.84,0.0254,602.84,160.08,362.71,890.98,678.07,545.07,0.5979,154.78,65.71,30.96,340.51,0.4245,0.4644,5.9456,0.3396,0.0,1.0,0.0,TOR_PROXY_TUNNEL
8.0581,68.0,26.0,42.0,69605.8,8552.82,61052.98,8637.97,8.44,-0.7542,1023.61,325.71,535.05,1500.0,933.65,950.37,0.5916,118.5,123.65,23.7,260.7,1.0434,0.0318,5.0764,2.5231,20.0,0.0,0.0,BENIGN_WEB
81.8835,263.0,130.0,133.0,198415.5,119852.65,78562.85,2423.14,3.21,0.2081,754.43,302.75,300.3,1299.39,830.82,769.58,0.4292,200.96,101.31,40.19,442.1,0.5041,0.241,5.4192,0.7414,8.0,1.0,1.0,TOR_PROXY_TUNNEL
31.5374,62.0,24.0,38.0,59203.4,7323.17,51880.23,1877.24,1.97,-0.7526,954.89,525.07,167.29,1500.0,971.91,854.63,0.3506,508.67,361.6,101.73,1119.07,0.7109,0.1253,4.5213,2.446,14.0,0.0,0.0,BENIGN_WEB
15.3156,21.0,6.0,15.0,17387.44,3465.9,13921.54,1135.27,1.37,-0.6013,827.97,477.52,111.7,1500.0,720.8,851.36,0.262,729.32,1184.73,145.86,1604.5,1.6244,0.1001,4.7507,2.7335,9.0,0.0,0.0,BENIGN_WEB
44.0395,1709.0,346.0,1363.0,2344925.5,233974.84,2110950.66,53245.9,38.81,-0.8004,1372.1,299.35,923.08,1500.0,1338.8,1356.08,0.3521,16.54,8.42,3.31,36.38,0.5093,0.1528,3.3577,2.8146,11.0,0.0,0.0,BENIGN_STREAMING
20.8729,241.0,128.0,113.0,147853.55,63375.73,84477.83,7083.5,11.55,-0.1427,613.5,319.71,133.93,1188.98,681.25,616.63,0.3493,150.85,112.44,30.17,331.87,0.7454,0.4294,5.5739,0.6312,7.0,0.0,1.0,TOR_PROXY_TUNNEL
52.1708,278.0,143.0,135.0,197670.07,83307.88,114362.19,3788.9,5.33,-0.1571,711.04,267.82,309.32,1193.11,631.01,790.55,0.1961,93.79,49.23,18.76,206.33,0.5249,0.4481,5.3865,1.4625,7.0,1.0,0.0,TOR_PROXY_TUNNEL
15.7664,100.0,50.0,50.0,76386.85,39823.04,36563.81,4844.91,6.34,0.0427,763.87,259.84,374.11,1231.58,819.29,760.6,0.2859,197.58,149.71,39.52,434.68,0.7577,0.3709,5.2891,1.2276,8.0,1.0,1.0,TOR_PROXY_TUNNEL
30.8328,58.0,17.0,41.0,58747.15,13682.75,45064.4,1905.35,1.88,-0.5342,1012.88,338.13,505.69,1500.0,906.21,1141.31,0.6096,531.6,459.87,106.32,1169.52,0.8651,0.1236,4.1926,2.9347,13.0,0.0,0.0,BENIGN_WEB
27.4422,21.0,8.0,13.0,18982.61,3296.19,15686.42,691.73,0.77,-0.6527,903.93,320.8,422.73,1481.37,801.21,913.62,0.3469,1306.77,1305.0,261.35,2874.9,0.9986,0.039,4.9892,3.0109,18.0,0.0,0.0,BENIGN_WEB
54.3328,2172.0,326.0,1846.0,2631104.03,192353.3,2438750.73,48425.66,39.98,-0.8538,1211.37,384.21,635.06,1500.0,1250.41,1099.87,0.4165,22.6,8.31,4.52,49.73,0.3676,0.1574,3.731,2.7411,21.0,0.0,0.0,BENIGN_STREAMING
85.9466,941.0,192.0,749.0,1298252.51,74561.87,1223690.64,15105.34,10.95,-0.8851,1379.65,273.89,968.81,1500.0,1374.98,1535.23,0.2579,8.29,4.91,1.66,18.24,0.5924,0.0516,3.0842,2.8337,16.0,0.0,0.0,BENIGN_STREAMING
17.9686,46.0,15.0,31.0,46880.27,4932.63,41947.64,2609.01,2.56,-0.7896,1019.14,338.68,511.11,1500.0,872.83,878.17,0.5206,390.62,437.49,78.12,859.37,1.12,0.1026,3.9187,2.7657,21.0,0.0,0.0,BENIGN_WEB
37.6622,1868.0,366.0,1502.0,2283364.83,80873.79,2202491.03,60627.49,49.6,-0.9292,1222.36,264.3,825.91,1500.0,1228.81,1354.21,0.3793,17.44,7.9,3.49,38.36,0.4528,0.0974,3.6314,2.9276,10.0,0.0,0.0,BENIGN_STREAMING
63.6795,258.0,131.0,127.0,168813.63,99617.41,69196.22,2650.99,4.05,0.1802,654.32,286.25,224.94,1169.57,730.57,571.88,0.5812,154.09,101.67,30.82,338.99,0.6598,0.3642,5.7099,0.4296,0.0,1.0,1.0,TOR_PROXY_TUNNEL
55.0807,418.0,69.0,349.0,553771.55,16840.65,536930.9,10053.81,7.59,-0.9392,1324.81,337.43,818.67,1500.0,1252.37,1288.11,0.4767,7.86,4.8,1.57,17.29,0.6107,0.0624,3.4041,2.4214,21.0,0.0,0.0,BENIGN_STREAMING
25.1071,31.0,9.0,22.0,19577.9,3941.9,15636.0,779.78,1.23,-0.5973,631.55,408.89,40.0,1367.55,720.26,541.65,0.4243,809.91,659.81,161.98,1781.79,0.8147,0.0478,4.695,2.7885,21.0,0.0,0.0,BENIGN_WEB
71.678,365.0,73.0,292.0,455742.23,30473.78,425268.45,6358.19,5.09,-0.8663,1248.61,298.48,800.89,1500.0,1277.78,1168.84,0.2898,22.45,13.84,4.49,49.38,0.6164,0.0561,3.0856,2.3437,16.0,0.0,0.0,BENIGN_STREAMING
83.2148,184.0,94.0,90.0,112625.22,44820.08,67805.14,1353.43,2.21,-0.2041,612.09,308.82,148.87,1167.96,529.75,658.48,0.2886,264.19,147.48,52.84,581.21,0.5582,0.3776,4.9657,1.323,9.0,1.0,0.0,TOR_PROXY_TUNNEL
153.1852,1481.0,208.0,1273.0,2116439.19,178914.53,1937524.66,13816.22,9.67,-0.8309,1429.06,251.24,1052.21,1500.0,1262.97,1454.59,0.3294,14.97,5.59,2.99,32.92,0.3734,0.1238,3.1351,2.4469,11.0,0.0,0.0,BENIGN_STREAMING
22.4608,15.0,4.0,11.0,9931.93,2326.94,7605.0,442.19,0.67,-0.5314,662.13,487.11,40.0,1500.0,686.02,636.64,0.312,1497.39,1538.34,299.48,3294.25,1.0274,0.1015,4.5777,2.3839,11.0,0.0,0.0,BENIGN_WEB
90.8622,1797.0,276.0,1521.0,2477295.07,125170.6,2352124.47,27264.3,19.78,-0.8989,1378.57,241.07,1016.97,1500.0,1447.51,1429.45,0.2612,15.63,6.76,3.13,34.39,0.4324,0.1138,2.9961,2.3277,16.0,0.0,0.0,BENIGN_STREAMING
28.2453,322.0,160.0,162.0,228457.32,118967.79,109489.53,8088.32,11.4,0.0415,709.49,219.82,379.77,1105.16,776.09,719.65,0.276,279.72,190.64,55.94,615.38,0.6815,0.3986,6.0337,0.3424,5.0,1.0,0.0,TOR_PROXY_TUNNEL
22.6176,63.0,20.0,43.0,63436.65,5964.69,57471.97,2804.75,2.79,-0.8119,1006.93,361.07,465.32,1500.0,877.3,923.32,0.4514,359.01,554.31,71.8,789.82,1.544,0.0227,4.6948,2.8485,17.0,0.0,0.0,BENIGN_WEB
2.1938,78.0,31.0,47.0,48385.09,8181.35,40203.74,22054.95,35.55,-0.6618,620.32,488.7,40.0,1499.98,682.87,568.3,0.3508,28.13,24.13,5.63,61.88,0.8579,0.133,4.7357,2.6482,18.0,0.0,0.0,BENIGN_WEB
14.0077,53.0,19.0,34.0,56557.02,10271.24,46285.77,4037.57,3.78,-0.6368,1067.11,524.69,280.08,1500.0,1171.73,1140.64,0.3778,264.3,434.91,52.86,581.45,1.6455,0.1016,4.9438,2.4897,9.0,0.0,0.0,BENIGN_WEB
117.4481,1408.0,225.0,1183.0,1708395.44,103863.2,1604532.24,14545.96,11.99,-0.8784,1213.35,271.25,806.47,1500.0,1150.15,1341.06,0.4373,21.68,14.93,4.34,47.69,0.6886,0.06,3.4566,2.2423,13.0,0.0,0.0,BENIGN_STREAMING
82.9035,280.0,147.0,133.0,196266.98,87518.12,108748.86,2367.41,3.38,-0.1082,700.95,197.33,404.96,1056.14,689.3,737.81,0.5991,259.03,171.28,51.81,569.86,0.6612,0.2674,5.5571,0.8259,5.0,1.0,0.0,TOR_PROXY_TUNNEL
84.1004,1770.0,305.0,1465.0,2090970.6,58151.09,2032819.51,24862.79,21.05,-0.9444,1181.34,394.08,590.23,1500.0,1183.13,1309.6,0.5725,9.46,6.53,1.89,20.81,0.6904,0.1577,3.3224,2.6361,20.0,0.0,0.0,BENIGN_STREAMING
112.8201,2072.0,267.0,1805.0,2468448.02,111305.6,2357142.42,21879.51,18.37,-0.9098,1191.34,391.19,604.55,1500.0,1157.29,1343.04,0.3857,11.18,6.94,2.24,24.61,0.6209,0.0795,3.6599,2.6217,12.0,0.0,0.0,BENIGN_STREAMING
75.9801,386.0,71.0,315.0,461860.52,24022.23,437838.29,6078.7,5.08,-0.896,1196.53,416.17,572.27,1500.0,1319.17,1145.58,0.5033,14.86,9.28,2.97,32.69,0.6247,0.12,3.2319,2.9587,19.0,0.0,0.0,BENIGN_STREAMING
11.4819,73.0,27.0,46.0,53841.0,9514.12,44326.88,4689.2,6.36,-0.6466,737.55,362.8,193.35,1390.59,754.77,769.33,0.5165,157.29,156.53,31.46,346.03,0.9952,0.1241,5.0358,3.095,19.0,0.0,0.0,BENIGN_WEB
34.9482,91.0,45.0,46.0,59354.62,31904.56,27450.06,1698.36,2.6,0.075,652.25,249.57,277.9,1101.47,734.17,654.8,0.5225,197.3,162.36,39.46,434.07,0.8229,0.2351,5.5644,1.2936,5.0,1.0,1.0,TOR_PROXY_TUNNEL
129.0602,669.0,131.0,538.0,858980.92,59736.65,799244.27,6655.66,5.18,-0.8609,1283.98,283.57,858.62,1500.0,1112.36,1213.46,0.514,19.22,10.57,3.84,42.28,0.55,0.0858,3.6475,2.4684,16.0,0.0,0.0,BENIGN_STREAMING
71.9741,221.0,108.0,113.0,141762.0,78792.5,62969.51,1969.62,3.07,0.1116,641.46,238.96,283.02,1071.58,701.83,629.4,0.5568,90.96,45.38,18.19,200.11,0.4989,0.2716,5.1261,0.2075,10.0,1.0,0.0,TOR_PROXY_TUNNEL
19.6598,22.0,8.0,14.0,17632.35,2359.44,15272.92,896.88,1.12,-0.7324,801.47,565.21,40.0,1500.0,769.47,761.4,0.2746,893.63,657.63,178.73,1965.98,0.7359,0.0143,3.7365,2.848,10.0,0.0,0.0,BENIGN_WEB
14.6293,69.0,23.0,46.0,57153.48,9612.78,47540.7,3906.79,4.72,-0.6636,828.31,387.79,246.62,1500.0,947.57,731.83,0.2213,212.02,242.11,42.4,466.44,1.1419,0.1308,3.6231,2.3926,11.0,0.0,0.0,BENIGN_WEB
27.6484,80.0,24.0,56.0,75170.89,20896.98,54273.91,2718.81,2.89,-0.444,939.64,453.57,259.28,1500.0,851.27,900.19,0.3702,345.61,351.94,69.12,760.33,1.0183,0.0231,3.9644,2.4123,20.0,0.0,0.0,BENIGN_WEB
8.1443,75.0,28.0,47.0,80395.37,13851.06,66544.32,9871.4,9.21,-0.6554,1071.94,365.13,524.24,1500.0,953.52,1059.3,0.5954,108.59,134.89,21.72,238.9,1.2422,0.1078,3.6888,2.8518,19.0,0.0,0.0,BENIGN_WEB
36.7977,192.0,102.0,90.0,126900.37,73484.15,53416.22,3448.59,5.22,0.1581,660.94,299.18,212.17,1199.46,645.08,710.38,0.4912,124.22,79.69,24.84,273.28,0.6415,0.4395,5.0461,0.989,5.0,0.0,0.0,TOR_PROXY_TUNNEL
17.9528,82.0,25.0,57.0,56035.12,15011.35,41023.77,3121.25,4.57,-0.4642,683.36,379.24,114.5,1365.99,594.06,621.61,0.4268,218.94,309.22,43.79,481.66,1.4124,0.036,4.5422,2.8993,15.0,0.0,0.0,BENIGN_WEB
121.6102,619.0,130.0,489.0,857450.47,68732.26,788718.21,7050.81,5.09,-0.8397,1385.22,242.45,1021.55,1500.0,1379.47,1553.22,0.2135,24.4,17.49,4.88,53.68,0.7166,0.1151,3.4227,2.2733,23.0,0.0,0.0,BENIGN_STREAMING
76.6131,143.0,70.0,73.0,79002.88,37840.86,41162.02,1031.19,1.87,-0.042,552.47,261.61,160.05,1023.37,506.8,580.6,0.3307,179.39,78.14,35.88,394.66,0.4356,0.2375,5.6144,0.2875,6.0,1.0,1.0,TOR_PROXY_TUNNEL
120.0365,1763.0,322.0,1441.0,2218311.25,183864.48,2034446.77,18480.3,14.69,-0.8342,1258.26,263.81,862.55,1500.0,1345.9,1126.68,0.5464,15.12,7.66,3.02,33.27,0.5067,0.1075,3.0428,2.5948,20.0,0.0,0.0,BENIGN_STREAMING
91.0983,1108.0,167.0,941.0,1526343.28,165470.63,1360872.65,16754.91,12.16,-0.7832,1377.57,272.58,968.69,1500.0,1310.79,1539.8,0.3676,13.37,5.49,2.67,29.41,0.4104,0.1558,3.4275,2.9326,21.0,0.0,0.0,BENIGN_STREAMING
5.8219,67.0,24.0,43.0,41892.5,3940.8,37951.7,7195.65,11.51,-0.8119,625.26,424.63,40.0,1389.6,538.36,534.51,0.2807,86.89,151.43,17.38,191.17,1.7427,0.1347,4.3431,2.3204,10.0,0.0,0.0,BENIGN_WEB
82.4609,112.0,57.0,55.0,84654.67,36032.84,48621.83,1026.6,1.36,-0.1487,755.85,267.28,354.92,1236.95,683.26,733.99,0.319,37.68,19.52,7.54,82.89,0.518,0.3371,5.1953,0.5428,1.0,1.0,1.0,TOR_PROXY_TUNNEL
74.1355,80.0,39.0,41.0,51207.13,26048.28,25158.85,690.72,1.08,0.0174,640.09,245.15,272.37,1081.36,545.46,716.43,0.2629,148.8,86.01,29.76,327.37,0.578,0.345,5.9863,0.5778,1.0,1.0,1.0,TOR_PROXY_TUNNEL
132.554,2155.0,295.0,1860.0,3063099.31,115511.92,2947587.39,23108.31,16.26,-0.9246,1421.39,391.88,833.57,1500.0,1351.0,1235.19,0.4288,18.03,12.73,3.61,39.67,0.7057,0.0525,3.4104,2.4922,21.0,0.0,0.0,BENIGN_STREAMING
13.4057,142.0,73.0,69.0,86877.77,52170.19,34707.57,6480.67,10.59,0.201,611.82,198.68,313.8,969.43,602.33,642.5,0.3378,150.5,92.34,30.1,331.09,0.6135,0.2675,4.8804,0.1871,3.0,1.0,0.0,TOR_PROXY_TUNNEL
26.0034,218.0,110.0,108.0,154943.36,83775.65,71167.72,5958.59,8.38,0.0814,710.75,269.58,306.38,1196.0,747.78,748.85,0.5039,240.65,195.6,48.13,529.43,0.8128,0.4281,4.6173,0.563,1.0,0.0,1.0,TOR_PROXY_TUNNEL
47.0833,208.0,104.0,104.0,125536.29,75767.97,49768.32,2666.26,4.42,0.2071,603.54,291.79,165.85,1128.77,688.1,581.24,0.5082,87.0,39.48,17.4,191.41,0.4538,0.2856,5.1628,1.4889,2.0,1.0,1.0,TOR_PROXY_TUNNEL
141.2896,310.0,59.0,251.0,438005.1,21042.44,416962.67,3100.05,2.19,-0.9039,1412.92,271.16,1006.18,1500.0,1332.35,1259.76,0.2103,21.67,9.15,4.33,47.68,0.4223,0.147,3.8618,2.7308,18.0,0.0,0.0,BENIGN_STREAMING
58.3823,361.0,194.0,167.0,256571.59,147571.55,109000.04,4394.68,6.18,0.1503,710.72,311.44,243.56,1271.32,789.02,803.92,0.4934,171.56,105.76,34.31,377.44,0.6164,0.2791,5.4094,0.4167,4.0,1.0,0.0,TOR_PROXY_TUNNEL
30.219,35.0,11.0,24.0,23983.35,3941.77,20041.59,793.65,1.16,-0.6713,685.24,323.77,199.59,1268.02,670.93,751.84,0.5534,863.4,1222.34,172.68,1899.48,1.4157,0.0107,5.0384,2.2343,19.0,0.0,0.0,BENIGN_WEB
7.0356,80.0,26.0,54.0,81767.33,16183.84,65583.49,11621.87,11.37,-0.6041,1022.09,443.75,356.46,1500.0,962.43,1074.38,0.5349,87.95,139.69,17.59,193.48,1.5884,0.0739,4.4942,2.4676,20.0,0.0,0.0,BENIGN_WEB
14.8583,45.0,18.0,27.0,45144.13,12823.02,32321.12,3038.32,3.03,-0.4319,1003.2,392.17,414.95,1500.0,1145.75,927.31,0.2448,330.18,370.96,66.04,726.4,1.1235,0.0692,4.3714,2.548,11.0,0.0,0.0,BENIGN_WEB
12.5541,33.0,11.0,22.0,24921.13,3524.32,21396.81,1985.1,2.63,-0.7172,755.19,492.95,40.0,1500.0,653.8,763.94,0.1893,380.43,593.43,76.09,836.94,1.5599,0.0102,4.9722,2.3688,17.0,0.0,0.0,BENIGN_WEB
102.6257,1656.0,303.0,1353.0,2039358.01,119771.97,1919586.05,19871.81,16.14,-0.8825,1231.5,305.88,772.67,1500.0,1067.96,1134.77,0.2712,23.68,9.73,4.74,52.1,0.411,0.061,2.983,2.2661,16.0,0.0,0.0,BENIGN_STREAMING
29.8447,52.0,20.0,32.0,53548.56,10014.57,43533.99,1794.24,1.74,-0.626,1029.78,544.45,213.11,1500.0,969.5,1025.3,0.3715,573.94,564.7,114.79,1262.66,0.9839,0.0237,4.7631,2.9832,14.0,0.0,0.0,BENIGN_WEB
78.1057,221.0,117.0,104.0,168591.62,78529.22,90062.4,2158.51,2.83,-0.0684,762.86,199.06,464.28,1121.16,650.04,733.21,0.51,202.53,98.62,40.51,445.57,0.4869,0.3667,6.0875,0.558,2.0,1.0,0.0,TOR_PROXY_TUNNEL
62.6951,142.0,72.0,70.0,97268.25,41398.59,55869.66,1551.45,2.26,-0.1488,684.99,295.0,242.49,1215.98,644.0,776.13,0.2088,240.35,163.52,48.07,528.77,0.6804,0.3515,4.7009,0.9222,8.0,1.0,1.0,TOR_PROXY_TUNNEL
20.8021,59.0,24.0,35.0,41669.56,9806.34,31863.23,2003.15,2.84,-0.5293,706.26,393.32,116.28,1414.24,701.22,630.94,0.612,352.58,272.97,70.52,775.67,0.7742,0.1,4.9167,2.1493,12.0,0.0,0.0,BENIGN_WEB
43.6181,218.0,109.0,109.0,136875.05,81333.15,55541.9,3138.04,5.0,0.1884,627.87,246.35,258.34,1071.3,602.24,664.9,0.3371,104.93,79.37,20.99,230.85,0.7564,0.4528,5.7708,1.3297,5.0,1.0,0.0,TOR_PROXY_TUNNEL
16.8268,60.0,18.0,42.0,58248.83,11882.72,46366.11,3461.66,3.57,-0.592,970.81,410.79,354.63,1500.0,1102.22,884.81,0.2467,280.45,254.1,56.09,616.98,0.9061,0.1052,3.874,2.957,11.0,0.0,0.0,BENIGN_WEB
22.1127,20.0,7.0,13.0,16660.86,4115.71,12545.15,753.45,0.9,-0.5059,833.04,410.63,217.1,1500.0,861.81,870.37,0.3363,1105.64,777.18,221.13,2432.4,0.7029,0.1041,3.6952,2.3067,19.0,0.0,0.0,BENIGN_WEB
19.2094,188.0,97.0,91.0,131128.98,51631.23,79497.75,6826.3,9.79,-0.2125,697.49,190.88,411.18,1041.07,691.09,725.82,0.2619,261.58,173.17,52.32,575.49,0.662,0.4065,5.5501,0.1165,5.0,0.0,0.0,TOR_PROXY_TUNNEL
18.0163,76.0,24.0,52.0,65889.04,16012.09,49876.95,3657.18,4.22,-0.514,866.96,522.58,83.09,1500.0,939.47,915.49,0.3824,237.06,281.01,47.41,521.53,1.1854,0.0161,4.513,2.3621,17.0,0.0,0.0,BENIGN_WEB
24.5025,45.0,14.0,31.0,33260.77,7414.47,25846.31,1357.44,1.84,-0.5542,739.13,519.15,40.0,1500.0,832.28,748.59,0.2502,544.5,672.55,108.9,1197.9,1.2352,0.1198,4.0176,2.6822,20.0,0.0,0.0,BENIGN_WEB
110.8249,1673.0,352.0,1321.0,2212914.14,198931.25,2013982.89,19967.65,15.1,-0.8202,1322.72,409.07,709.12,1500.0,1387.3,1223.94,0.2293,22.73,14.75,4.55,50.01,0.6491,0.1278,3.4243,2.768,15.0,0.0,0.0,BENIGN_STREAMING
129.2636,590.0,113.0,477.0,704478.24,21775.5,682702.74,5449.94,4.56,-0.9382,1194.03,363.09,649.4,1500.0,1055.41,1171.42,0.3704,16.67,11.61,3.33,36.66,0.6965,0.1728,3.7046,2.5217,12.0,0.0,0.0,BENIGN_STREAMING
3.5048,71.0,21.0,50.0,44345.54,8707.22,35638.31,12652.66,20.26,-0.6073,624.59,564.54,40.0,1500.0,585.91,593.3,0.4864,49.36,59.4,9.87,108.6,1.2033,0.035,4.5417,2.7189,18.0,0.0,0.0,BENIGN_WEB
21.8098,80.0,24.0,56.0,66568.17,10784.17,55784.0,3052.21,3.67,-0.676,832.1,460.63,141.16,1500.0,780.91,906.26,0.6195,272.62,267.34,54.52,599.77,0.9806,0.1364,4.6333,2.6741,10.0,0.0,0.0,BENIGN_WEB
58.6828,313.0,157.0,156.0,177040.18,87874.16,89166.02,3016.9,5.33,-0.0073,565.62,262.94,171.22,1038.91,499.11,611.6,0.23,41.05,19.99,8.21,90.31,0.4869,0.3952,5.1818,0.5926,11.0,1.0,1.0,TOR_PROXY_TUNNEL
57.0998,286.0,151.0,135.0,183261.09,108273.29,74987.8,3209.49,5.01,0.1816,640.77,297.03,195.23,1175.43,593.46,601.06,0.2,146.04,80.34,29.21,321.29,0.5501,0.4594,4.9064,0.8714,4.0,1.0,0.0,TOR_PROXY_TUNNEL
12.5203,221.0,107.0,114.0,130127.7,76964.37,53163.33,10393.32,17.65,0.1829,588.81,317.57,112.45,1160.45,543.72,561.71,0.2588,99.4,68.84,19.88,218.69,0.6926,0.2595,5.734,1.6345,11.0,1.0,0.0,TOR_PROXY_TUNNEL
20.4543,70.0,26.0,44.0,45879.29,4137.78,41741.51,2243.02,3.42,-0.8196,655.42,515.77,40.0,1500.0,706.89,733.42,0.5406,292.2,482.67,58.44,642.85,1.6518,0.1166,3.995,2.2937,12.0,0.0,0.0,BENIGN_WEB
64.1096,924.0,184.0,740.0,1198037.15,49591.81,1148445.34,18687.33,14.41,-0.9172,1296.58,302.72,842.5,1500.0,1352.09,1311.04,0.3114,21.01,10.78,4.2,46.22,0.5129,0.0831,3.048,2.8231,17.0,0.0,0.0,BENIGN_STREAMING
8.6355,51.0,20.0,31.0,37821.26,5211.08,32610.18,4379.72,5.91,-0.7244,741.59,485.07,40.0,1500.0,752.71,815.92,0.2902,169.32,249.43,33.86,372.51,1.4731,0.0228,3.9108,2.7139,17.0,0.0,0.0,BENIGN_WEB
7.1159,44.0,16.0,28.0,30016.7,4144.15,25872.54,4218.24,6.18,-0.7239,682.2,496.69,40.0,1500.0,589.12,614.97,0.2013,161.73,159.97,32.35,355.8,0.9891,0.0571,3.9077,3.0738,16.0,0.0,0.0,BENIGN_WEB
46.7749,975.0,193.0,782.0,1180013.55,92826.03,1087187.51,25227.52,20.84,-0.8427,1210.27,306.05,751.2,1500.0,1132.26,1250.34,0.5393,9.34,3.27,1.87,20.55,0.3501,0.0664,3.1999,2.3534,21.0,0.0,0.0,BENIGN_STREAMING
13.5773,79.0,24.0,55.0,63301.44,14816.08,48485.36,4662.3,5.82,-0.5319,801.28,401.48,199.06,1500.0,782.97,742.0,0.2763,171.86,162.64,34.37,378.1,0.9464,0.0448,4.3343,3.0975,21.0,0.0,0.0,BENIGN_WEB
14.3488,79.0,29.0,50.0,72571.73,8127.15,64444.58,5057.69,5.51,-0.776,918.63,360.48,377.91,1500.0,830.74,782.56,0.2239,181.63,312.49,36.33,399.59,1.7205,0.1011,4.1211,2.303,9.0,0.0,0.0,BENIGN_WEB
14.3576,41.0,14.0,27.0,34442.61,6091.77,28350.83,2398.91,2.86,-0.6463,840.06,395.55,246.74,1500.0,789.16,721.1,0.3805,350.18,607.64,70.04,770.41,1.7352,0.0524,5.0156,2.4448,19.0,0.0,0.0,BENIGN_WEB
7.1458,28.0,8.0,20.0,19227.26,2624.31,16602.95,2690.72,3.92,-0.727,686.69,380.86,115.4,1372.23,607.71,744.47,0.4486,255.21,187.87,51.04,561.45,0.7362,0.1271,3.7121,2.5906,9.0,0.0,0.0,BENIGN_WEB
27.5333,50.0,19.0,31.0,49095.34,14144.21,34951.13,1783.13,1.82,-0.4238,981.91,352.55,453.08,1500.0,962.72,1026.49,0.5861,550.67,421.17,110.13,1211.47,0.7648,0.0492,3.9225,2.7565,12.0,0.0,0.0,BENIGN_WEB
34.4724,73.0,38.0,35.0,50963.67,25325.18,25638.49,1478.39,2.12,-0.0061,698.13,299.32,249.16,1236.9,680.37,766.74,0.6128,118.52,77.63,23.7,260.73,0.655,0.3999,5.9898,1.4287,2.0,1.0,1.0,TOR_PROXY_TUNNEL
17.7507,95.0,46.0,49.0,73559.33,41994.16,31565.17,4144.03,5.35,0.1418,774.31,168.91,520.94,1078.35,777.42,722.0,0.4819,164.97,87.63,32.99,362.94,0.5311,0.4031,5.967,0.0355,1.0,1.0,0.0,TOR_PROXY_TUNNEL
59.6807,370.0,183.0,187.0,202505.81,81500.37,121005.44,3393.15,6.2,-0.1951,547.31,164.92,299.93,844.17,495.71,493.22,0.3554,88.16,39.35,17.63,193.95,0.4463,0.4013,5.8198,0.5542,4.0,0.0,0.0,TOR_PROXY_TUNNEL
27.2293,320.0,172.0,148.0,200520.98,80380.55,120140.43,7364.16,11.75,-0.1983,626.63,253.87,245.82,1083.6,576.12,693.51,0.4908,256.18,147.71,51.24,563.6,0.5766,0.3908,5.7968,0.9305,2.0,1.0,1.0,TOR_PROXY_TUNNEL
8.6892,67.0,21.0,46.0,48781.24,9643.47,39137.77,5614.03,7.71,-0.6046,728.08,333.35,228.05,1328.11,820.03,670.67,0.4302,129.69,213.11,25.94,285.32,1.6433,0.1364,4.4555,2.8631,12.0,0.0,0.0,BENIGN_WEB
57.3251,242.0,127.0,115.0,173971.32,77774.71,96196.61,3034.82,4.22,-0.1059,718.89,225.19,381.11,1124.23,692.17,611.72,0.291,247.14,155.11,49.43,543.7,0.6276,0.3784,5.7502,1.0061,5.0,1.0,0.0,TOR_PROXY_TUNNEL
73.272,2163.0,347.0,1816.0,3066572.62,315124.28,2751448.33,41851.88,29.52,-0.7945,1417.74,277.09,1002.11,1500.0,1381.9,1368.88,0.3144,16.24,12.51,3.25,35.74,0.7701,0.0937,3.1488,2.7481,16.0,0.0,0.0,BENIGN_STREAMING
56.5781,315.0,163.0,152.0,236233.64,99825.89,136407.75,4175.35,5.57,-0.1549,749.95,215.27,427.05,1137.43,678.9,721.64,0.2187,188.53,100.53,37.71,414.77,0.5332,0.3162,4.9595,1.4844,5.0,1.0,1.0,TOR_PROXY_TUNNEL
132.6102,1852.0,360.0,1492.0,2491874.52,80725.88,2411148.64,18790.97,13.97,-0.9352,1345.5,278.36,927.96,1500.0,1358.5,1158.51,0.418,21.73,10.44,4.35,47.81,0.4804,0.1052,3.0392,2.6302,10.0,0.0,0.0,BENIGN_STREAMING
75.4058,1388.0,287.0,1101.0,1818022.74,119156.62,1698866.11,24109.86,18.41,-0.8689,1309.81,242.08,946.7,1500.0,1472.34,1152.6,0.2605,17.42,7.77,3.48,38.33,0.4459,0.0759,3.5051,2.7466,11.0,0.0,0.0,BENIGN_STREAMING
100.7133,2104.0,428.0,1676.0,3020593.87,207846.41,2812747.45,29992.0,20.89,-0.8624,1435.64,344.47,918.93,1500.0,1385.43,1273.47,0.2734,6.25,3.93,1.25,13.75,0.6279,0.1121,3.5308,2.9491,19.0,0.0,0.0,BENIGN_STREAMING
12.8923,23.0,7.0,16.0,23027.96,3487.87,19540.09,1786.18,1.78,-0.6971,1001.22,559.68,161.7,1500.0,1080.45,869.7,0.4793,560.53,640.26,112.11,1233.17,1.1422,0.1288,3.6972,2.4613,21.0,0.0,0.0,BENIGN_WEB
24.6254,37.0,12.0,25.0,26451.42,6418.43,20032.99,1074.15,1.5,-0.5147,714.9,548.86,40.0,1500.0,767.17,653.0,0.5168,665.55,494.04,133.11,1464.21,0.7423,0.0303,3.9364,2.9956,16.0,0.0,0.0,BENIGN_WEB
7.3819,50.0,18.0,32.0,48058.78,11459.72,36599.06,6510.35,6.77,-0.5231,961.18,335.84,457.41,1500.0,920.33,859.17,0.3631,147.64,230.75,29.53,324.8,1.5629,0.0731,4.8518,3.017,10.0,0.0,0.0,BENIGN_WEB
8.255,33.0,11.0,22.0,34722.48,6254.5,28467.98,4206.24,4.0,-0.6397,1052.2,333.13,552.5,1500.0,1138.31,1014.31,0.6019,250.15,397.44,50.03,550.33,1.5888,0.0324,4.5315,2.6333,10.0,0.0,0.0,BENIGN_WEB
12.4699,53.0,17.0,36.0,38165.34,5191.43,32973.91,3060.61,4.25,-0.728,720.1,461.42,40.0,1500.0,708.44,738.1,0.3658,235.28,289.09,47.06,517.62,1.2287,0.038,4.2349,2.5997,17.0,0.0,0.0,BENIGN_WEB
7.6115,77.0,25.0,52.0,80597.9,8565.97,72031.93,10588.92,10.12,-0.7874,1046.73,572.78,187.55,1500.0,1110.7,1166.75,0.3223,98.85,107.32,19.77,217.47,1.0857,0.1213,4.9404,2.967,16.0,0.0,0.0,BENIGN_WEB
21.7372,521.0,113.0,408.0,650356.51,31098.63,619257.88,29919.03,23.97,-0.9044,1248.29,245.2,880.48,1500.0,1175.97,1292.86,0.4968,20.53,14.01,4.11,45.16,0.6825,0.1789,2.9987,2.9666,20.0,0.0,0.0,BENIGN_STREAMING
32.2012,838.0,134.0,704.0,1033576.93,97507.56,936069.37,32097.47,26.02,-0.8113,1233.39,416.12,609.2,1500.0,1244.33,1208.3,0.5248,12.33,8.84,2.47,27.12,0.7167,0.1391,3.6471,2.9852,20.0,0.0,0.0,BENIGN_STREAMING
87.817,1037.0,218.0,819.0,1394381.67,130139.69,1264241.98,15878.26,11.81,-0.8133,1344.63,266.77,944.47,1500.0,1508.54,1492.75,0.5861,19.35,7.24,3.87,42.58,0.3743,0.1347,3.254,2.7177,22.0,0.0,0.0,BENIGN_STREAMING
8.2579,55.0,21.0,34.0,54166.89,6402.47,47764.42,6559.42,6.66,-0.7636,984.85,407.41,373.73,1500.0,1129.75,958.21,0.5509,150.14,149.49,30.03,330.31,0.9956,0.0598,4.2385,2.3453,19.0,0.0,0.0,BENIGN_WEB
31.1936,79.0,32.0,47.0,69196.05,18284.09,50911.96,2218.28,2.53,-0.4715,875.9,425.59,237.52,1500.0,849.95,767.86,0.1998,394.86,557.41,78.97,868.68,1.4117,0.1158,4.4678,2.2921,21.0,0.0,0.0,BENIGN_WEB
16.5337,21.0,7.0,14.0,15805.42,2860.99,12944.43,955.95,1.27,-0.638,752.64,360.47,211.93,1401.49,639.85,822.24,0.3713,787.32,972.74,157.46,1732.1,1.2355,0.042,3.6146,2.3499,15.0,0.0,0.0,BENIGN_WEB
51.038,306.0,162.0,144.0,230589.37,122918.02,107671.34,4517.99,6.0,0.0661,753.56,297.32,307.58,1288.74,829.46,839.12,0.2768,255.31,151.93,51.06,561.67,0.5951,0.3472,4.7771,1.1203,6.0,1.0,0.0,TOR_PROXY_TUNNEL
127.0449,1642.0,275.0,1367.0,2041213.03,177227.66,1863985.37,16066.87,12.92,-0.8264,1243.13,356.54,708.32,1500.0,1296.95,1426.12,0.4763,11.74,7.16,2.35,25.84,0.6098,0.0592,3.2242,2.6577,11.0,0.0,0.0,BENIGN_STREAMING
21.0654,46.0,17.0,29.0,37858.97,4050.98,33807.99,1797.21,2.18,-0.786,823.02,432.5,174.27,1500.0,846.27,815.75,0.1888,457.94,668.18,91.59,1007.48,1.4591,0.0516,4.1433,3.0186,21.0,0.0,0.0,BENIGN_WEB
105.3665,2058.0,333.0,1725.0,2629147.17,210677.46,2418469.71,24952.39,19.53,-0.8397,1277.53,355.95,743.6,1500.0,1196.32,1144.39,0.35,20.65,14.56,4.13,45.42,0.7052,0.1708,3.5464,2.8663,19.0,0.0,0.0,BENIGN_STREAMING
149.7081,613.0,110.0,503.0,865520.26,84864.6,780655.65,5781.38,4.09,-0.8039,1411.94,263.13,1017.25,1500.0,1516.34,1328.34,0.5977,11.31,4.67,2.26,24.88,0.4126,0.1307,3.8247,2.731,22.0,0.0,0.0,BENIGN_STREAMING
24.9578,82.0,25.0,57.0,76279.39,20393.46,55885.93,3056.33,3.29,-0.4653,930.24,399.7,330.69,1500.0,1021.59,1034.2,0.559,304.36,417.53,60.87,669.6,1.3718,0.0904,4.6937,2.6917,11.0,0.0,0.0,BENIGN_WEB
6.0453,22.0,6.0,16.0,17684.72,2231.68,15453.04,2925.37,3.64,-0.7476,803.85,573.27,40.0,1500.0,726.65,914.01,0.4498,274.79,392.72,54.96,604.53,1.4292,0.0122,4.6349,2.9647,18.0,0.0,0.0,BENIGN_WEB
134.7202,1287.0,238.0,1049.0,1747974.96,73464.16,1674510.81,12974.86,9.55,-0.9159,1358.18,254.68,976.16,1500.0,1513.61,1442.92,0.2897,27.46,10.45,5.49,60.4,0.3807,0.1111,3.4784,2.2088,18.0,0.0,0.0,BENIGN_STREAMING
47.874,342.0,180.0,162.0,195415.71,102867.82,92547.89,4081.87,7.14,0.0528,571.39,280.0,151.39,1075.4,553.76,549.92,0.5886,58.74,42.65,11.75,129.23,0.726,0.2229,5.2113,0.3961,4.0,1.0,0.0,TOR_PROXY_TUNNEL
27.477,217.0,114.0,103.0,159636.44,83377.95,76258.5,5809.83,7.9,0.0446,735.65,168.94,482.25,1039.74,669.93,812.4,0.4324,216.78,128.32,43.36,476.92,0.5919,0.2468,5.4545,1.266,11.0,1.0,1.0,TOR_PROXY_TUNNEL
27.8009,26.0,8.0,18.0,16158.22,1598.53,14559.69,581.21,0.94,-0.8021,621.47,462.33,40.0,1453.66,696.86,612.16,0.5574,1069.26,1782.28,213.85,2352.38,1.6668,0.0609,4.2786,2.2983,15.0,0.0,0.0,BENIGN_WEB
128.0814,1544.0,273.0,1271.0,2188242.53,198866.18,1989376.35,17084.78,12.05,-0.8182,1417.26,346.0,898.26,1500.0,1571.36,1523.17,0.229,15.5,7.59,3.1,34.1,0.4899,0.0709,3.2326,2.3868,19.0,0.0,0.0,BENIGN_STREAMING
24.8292,59.0,17.0,42.0,39842.66,7048.64,32794.02,1604.67,2.38,-0.6462,675.3,418.94,46.89,1429.4,623.12,580.26,0.2836,420.83,484.48,84.17,925.83,1.1512,0.1036,4.482,2.4751,15.0,0.0,0.0,BENIGN_WEB
26.318,80.0,26.0,54.0,81479.5,20517.6,60961.9,3095.96,3.04,-0.4964,1018.49,390.62,432.56,1500.0,1161.53,985.72,0.2634,328.97,471.86,65.79,723.74,1.4343,0.0672,4.2762,2.1665,10.0,0.0,0.0,BENIGN_WEB
153.1074,1004.0,165.0,839.0,1216620.69,34479.88,1182140.81,7946.19,6.56,-0.9433,1211.77,246.66,841.78,1500.0,1313.54,1278.38,0.5318,20.42,11.83,4.08,44.93,0.5795,0.1568,3.2448,2.2073,21.0,0.0,0.0,BENIGN_STREAMING
51.9532,546.0,105.0,441.0,649504.36,34499.27,615005.09,12501.71,10.51,-0.8938,1189.57,380.46,618.88,1500.0,1223.9,1216.65,0.5705,13.9,5.61,2.78,30.57,0.4039,0.0723,3.4187,2.216,18.0,0.0,0.0,BENIGN_STREAMING
52.3335,263.0,132.0,131.0,203074.01,108847.9,94226.1,3880.38,5.03,0.072,772.14,294.48,330.43,1302.2,784.58,667.75,0.3914,76.49,50.13,15.3,168.28,0.6554,0.2655,4.8018,0.0458,9.0,1.0,0.0,TOR_PROXY_TUNNEL
86.7995,1659.0,300.0,1359.0,2116300.65,190602.8,1925697.85,24381.49,19.11,-0.8199,1275.65,301.96,822.7,1500.0,1084.39,1122.15,0.6088,17.87,13.73,3.57,39.3,0.7687,0.0657,3.6551,2.8769,15.0,0.0,0.0,BENIGN_STREAMING
25.7856,73.0,21.0,52.0,58888.57,13761.26,45127.31,2283.78,2.83,-0.5326,806.69,439.63,147.25,1500.0,892.14,730.55,0.4845,353.23,548.74,70.65,777.1,1.5535,0.0231,4.1928,2.47,10.0,0.0,0.0,BENIGN_WEB
16.7334,73.0,22.0,51.0,67851.48,9463.73,58387.75,4054.84,4.36,-0.721,929.47,486.24,200.11,1500.0,810.33,931.09,0.4142,229.23,231.75,45.85,504.3,1.011,0.1018,5.0012,2.2646,15.0,0.0,0.0,BENIGN_WEB
113.1581,336.0,66.0,270.0,435020.15,13191.03,421829.12,3844.36,2.97,-0.9394,1294.7,369.1,741.05,1500.0,1199.95,1230.19,0.6178,7.51,4.9,1.5,16.53,0.6528,0.168,2.9322,2.3339,11.0,0.0,0.0,BENIGN_STREAMING
20.9749,34.0,14.0,20.0,27720.18,4295.5,23424.68,1321.59,1.62,-0.6901,815.3,335.36,312.27,1418.94,798.64,816.34,0.2177,616.91,853.73,123.38,1357.2,1.3839,0.0609,4.1227,2.9722,13.0,0.0,0.0,BENIGN_WEB
27.0556,25.0,7.0,18.0,20618.56,5723.34,14895.22,762.08,0.92,-0.4448,824.74,418.71,196.67,1500.0,728.93,771.03,0.2235,1082.22,1295.82,216.44,2380.89,1.1974,0.0543,3.9663,2.364,14.0,0.0,0.0,BENIGN_WEB
19.1007,44.0,18.0,26.0,36066.92,9568.21,26498.71,1888.25,2.3,-0.4694,819.7,452.96,140.27,1500.0,897.17,908.4,0.5044,434.11,751.64,86.82,955.03,1.7315,0.124,4.5816,2.8799,16.0,0.0,0.0,BENIGN_WEB
12.7211,79.0,23.0,56.0,75584.95,9313.98,66270.97,5941.68,6.21,-0.7535,956.77,533.71,156.2,1500.0,1086.62,872.63,0.213,161.03,125.65,32.21,354.26,0.7803,0.0448,4.8048,2.8345,21.0,0.0,0.0,BENIGN_WEB
22.1286,73.0,21.0,52.0,48977.27,6321.52,42655.75,2213.3,3.3,-0.7419,670.92,376.44,106.26,1348.52,585.15,764.66,0.3219,303.13,255.41,60.63,666.89,0.8426,0.0327,3.9362,2.6772,11.0,0.0,0.0,BENIGN_WEB
21.0524,15.0,5.0,10.0,12986.65,3740.99,9245.67,616.87,0.71,-0.4239,865.78,464.77,168.62,1500.0,745.68,779.82,0.5597,1403.5,1379.68,280.7,3087.69,0.983,0.0338,4.6245,2.8979,10.0,0.0,0.0,BENIGN_WEB
21.9536,322.0,166.0,156.0,234282.54,98812.53,135470.0,10671.73,14.67,-0.1565,727.59,164.42,480.95,1023.55,718.22,711.86,0.405,207.61,124.36,41.52,456.74,0.599,0.385,4.9203,0.5018,10.0,0.0,0.0,TOR_PROXY_TUNNEL
21.3926,75.0,27.0,48.0,47663.38,8563.48,39099.9,2228.03,3.51,-0.6407,635.51,436.4,40.0,1421.03,659.69,678.84,0.3076,285.23,401.26,57.05,627.52,1.4068,0.0205,4.6712,2.4381,20.0,0.0,0.0,BENIGN_WEB
22.2043,44.0,13.0,31.0,27630.11,4841.91,22788.2,1244.36,1.98,-0.6495,627.96,551.05,40.0,1500.0,710.49,609.13,0.4738,504.64,537.07,100.93,1110.22,1.0642,0.0485,4.7323,2.4222,10.0,0.0,0.0,BENIGN_WEB
41.83,2198.0,466.0,1732.0,2631867.47,125166.3,2506701.17,62918.12,52.55,-0.9049,1197.39,307.8,735.69,1500.0,1265.71,1250.46,0.2518,22.1,17.09,4.42,48.61,0.7737,0.1733,3.1473,2.8853,17.0,0.0,0.0,BENIGN_STREAMING
85.585,918.0,180.0,738.0,1095514.89,35854.1,1059660.79,12800.32,10.73,-0.9345,1193.37,405.76,584.73,1500.0,1226.28,1228.59,0.2133,23.21,9.24,4.64,51.07,0.3982,0.0652,3.6876,2.5909,23.0,0.0,0.0,BENIGN_STREAMING
45.4384,676.0,129.0,547.0,971048.53,59499.78,911548.76,21370.68,14.88,-0.8775,1436.46,337.2,930.66,1500.0,1563.5,1588.79,0.292,6.29,4.28,1.26,13.83,0.6805,0.1783,3.7915,2.4202,13.0,0.0,0.0,BENIGN_STREAMING
23.053,204.0,101.0,103.0,145091.65,82965.0,62126.64,6293.83,8.85,0.1436,711.23,283.79,285.55,1222.05,762.81,726.79,0.1967,143.79,80.38,28.76,316.33,0.559,0.3636,4.8423,0.9039,2.0,1.0,0.0,TOR_PROXY_TUNNEL
38.6775,2103.0,396.0,1707.0,2693944.94,107268.08,2586676.86,69651.53,54.37,-0.9204,1281.0,244.74,913.89,1500.0,1289.82,1342.06,0.3314,17.47,13.62,3.49,38.44,0.7796,0.136,2.942,2.5672,19.0,0.0,0.0,BENIGN_STREAMING
66.7259,94.0,49.0,45.0,51594.0,31296.94,20297.06,773.22,1.41,0.2132,548.87,222.8,214.67,949.91,481.25,628.14,0.2705,63.98,29.44,12.8,140.76,0.4601,0.2229,4.6611,0.9783,6.0,1.0,0.0,TOR_PROXY_TUNNEL
13.4351,25.0,9.0,16.0,22421.08,2399.63,20021.45,1668.85,1.86,-0.7859,896.84,497.61,150.43,1500.0,1029.21,1011.49,0.2623,537.4,748.36,107.48,1182.29,1.3925,0.0748,4.0394,2.9047,10.0,0.0,0.0,BENIGN_WEB
55.8714,1102.0,192.0,910.0,1325767.4,105499.29,1220268.11,23728.92,19.72,-0.8408,1203.06,255.83,819.31,1500.0,1126.33,1260.19,0.4512,7.44,4.62,1.49,16.37,0.6209,0.1188,2.9965,2.8483,10.0,0.0,0.0,BENIGN_STREAMING
80.6041,302.0,160.0,142.0,191171.01,88874.92,102296.08,2371.73,3.75,-0.0702,633.02,242.02,269.99,1068.65,587.29,628.15,0.2234,195.55,164.7,39.11,430.21,0.8422,0.2478,5.6062,1.0902,7.0,1.0,1.0,TOR_PROXY_TUNNEL
9.6364,46.0,19.0,27.0,44964.96,9648.31,35316.65,4666.15,4.77,-0.5709,977.5,367.18,426.73,1500.0,1102.45,1092.39,0.5818,209.49,267.06,41.9,460.87,1.2748,0.0235,4.1794,3.094,10.0,0.0,0.0,BENIGN_WEB
5.3077,40.0,14.0,26.0,29576.5,4510.99,25065.51,5572.39,7.54,-0.695,739.41,508.87,40.0,1500.0,770.89,719.09,0.2747,132.69,181.61,26.54,291.92,1.3686,0.1124,4.4395,2.5012,9.0,0.0,0.0,BENIGN_WEB
45.0679,75.0,37.0,38.0,53627.25,30488.23,23139.02,1189.92,1.66,0.137,715.03,162.52,471.25,1007.57,613.53,817.32,0.2572,232.5,103.12,46.5,511.49,0.4435,0.2729,5.352,1.3989,11.0,1.0,0.0,TOR_PROXY_TUNNEL
58.1885,352.0,180.0,172.0,264521.25,114045.72,150475.53,4545.94,6.05,-0.1377,751.48,307.58,290.1,1305.13,778.65,716.86,0.3033,272.98,125.7,54.6,600.56,0.4605,0.3146,4.756,0.9209,8.0,0.0,1.0,TOR_PROXY_TUNNEL
28.4588,169.0,87.0,82.0,99999.92,48542.03,51457.89,3513.84,5.94,-0.0292,591.72,179.11,323.05,914.11,534.75,543.24,0.2073,99.53,67.14,19.91,218.97,0.6746,0.3454,5.3823,0.6762,5.0,1.0,0.0,TOR_PROXY_TUNNEL
17.5973,55.0,16.0,39.0,42216.84,7118.57,35098.28,2399.05,3.13,-0.6628,767.58,487.58,40.0,1500.0,822.31,835.66,0.2682,319.95,264.42,63.99,703.89,0.8264,0.0387,4.2981,2.2064,10.0,0.0,0.0,BENIGN_WEB
20.5423,36.0,14.0,22.0,33250.71,6532.1,26718.61,1618.64,1.75,-0.6071,923.63,575.18,60.87,1500.0,873.31,831.41,0.2147,570.62,555.77,114.12,1255.36,0.974,0.0557,4.8807,2.6946,21.0,0.0,0.0,BENIGN_WEB
61.185,183.0,89.0,94.0,138865.88,75409.69,63456.19,2269.61,2.99,0.0861,758.83,310.53,293.03,1317.79,747.42,844.74,0.3054,262.84,116.17,52.57,578.25,0.442,0.4621,5.7226,1.701,10.0,1.0,0.0,TOR_PROXY_TUNNEL
77.4126,161.0,83.0,78.0,111827.44,63093.61,48733.83,1444.56,2.08,0.1284,694.58,242.09,331.45,1130.34,729.34,593.0,0.48,166.6,96.8,33.32,366.52,0.581,0.3707,5.5125,0.4257,6.0,1.0,1.0,TOR_PROXY_TUNNEL
28.4957,1071.0,147.0,924.0,1429302.87,121137.21,1308165.65,50158.56,37.58,-0.8305,1334.55,376.45,769.87,1500.0,1156.03,1267.38,0.2261,26.44,10.45,5.29,58.18,0.3953,0.0828,3.1365,2.963,17.0,0.0,0.0,BENIGN_STREAMING
83.6546,262.0,129.0,133.0,193121.07,77044.32,116076.75,2308.55,3.13,-0.2021,737.1,255.13,354.41,1196.33,800.64,774.42,0.2873,98.3,74.96,19.66,216.26,0.7626,0.3271,5.4225,0.7468,0.0,1.0,1.0,TOR_PROXY_TUNNEL
12.2392,61.0,21.0,40.0,49829.91,6701.69,43128.22,4071.35,4.98,-0.731,816.88,571.45,40.0,1500.0,849.36,859.31,0.4838,200.64,153.71,40.13,441.41,0.7661,0.0706,3.7917,2.8884,17.0,0.0,0.0,BENIGN_WEB
13.0813,367.0,191.0,176.0,268003.63,144234.49,123769.14,20487.53,28.06,0.0764,730.26,263.7,334.71,1204.91,766.59,774.64,0.5991,128.01,77.48,25.6,281.62,0.6053,0.3688,5.6062,0.0835,11.0,1.0,0.0,TOR_PROXY_TUNNEL
31.9794,15.0,5.0,10.0,14142.37,3306.38,10835.98,442.23,0.47,-0.5324,942.82,538.65,134.84,1500.0,840.7,914.18,0.3347,2131.96,2647.95,426.39,4690.31,1.242,0.1,3.9268,2.7049,18.0,0.0,0.0,BENIGN_WEB
28.6633,195.0,102.0,93.0,133943.31,78350.79,55592.52,4672.99,6.8,0.1699,686.89,190.93,400.49,1030.57,779.56,719.85,0.5345,62.82,43.9,12.56,138.21,0.6988,0.3013,4.6765,0.4491,0.0,1.0,0.0,TOR_PROXY_TUNNEL
22.5531,80.0,33.0,47.0,72456.6,7785.11,64671.49,3212.71,3.55,-0.7851,905.71,467.54,204.4,1500.0,913.63,968.99,0.3424,281.91,474.66,56.38,620.21,1.6837,0.0685,4.916,2.392,12.0,0.0,0.0,BENIGN_WEB
39.1142,138.0,73.0,65.0,88698.73,41738.87,46959.86,2267.69,3.53,-0.0589,642.74,268.85,239.47,1126.68,562.37,695.31,0.2055,43.06,18.98,8.61,94.74,0.4407,0.465,4.9645,0.2554,8.0,1.0,0.0,TOR_PROXY_TUNNEL
19.8704,37.0,12.0,25.0,39340.7,6612.73,32727.97,1979.86,1.86,-0.6638,1063.26,430.02,418.24,1500.0,1141.03,1062.29,0.1852,537.04,410.29,107.41,1181.48,0.764,0.1249,4.4171,2.3051,11.0,0.0,0.0,BENIGN_WEB
31.5196,23.0,8.0,15.0,22632.67,2705.53,19927.14,718.05,0.73,-0.7609,984.03,508.33,221.53,1500.0,909.45,1028.0,0.5127,1370.42,1024.65,274.08,3014.91,0.7477,0.0296,4.5394,2.7107,8.0,0.0,0.0,BENIGN_WEB
4.5992,62.0,20.0,42.0,63195.2,5895.7,57299.49,13740.37,13.48,-0.8134,1019.28,533.12,219.6,1500.0,1101.43,867.22,0.2492,74.18,125.83,14.84,163.2,1.6962,0.1206,4.1916,2.8545,13.0,0.0,0.0,BENIGN_WEB
25.0977,70.0,20.0,50.0,63061.44,12015.22,51046.22,2512.64,2.79,-0.6189,900.88,477.88,184.05,1500.0,907.44,976.24,0.3121,358.54,457.28,71.71,788.79,1.2754,0.1298,4.9424,2.7447,19.0,0.0,0.0,BENIGN_WEB
51.2239,49.0,26.0,23.0,30363.06,14179.36,16183.7,592.75,0.96,-0.066,619.65,165.16,371.91,916.94,607.56,554.98,0.4981,70.25,34.44,14.05,154.56,0.4902,0.3162,5.4814,0.0853,10.0,1.0,1.0,TOR_PROXY_TUNNEL
25.3649,35.0,13.0,22.0,28492.46,8222.03,20270.43,1123.3,1.38,-0.4229,814.07,336.31,309.6,1419.43,915.41,930.42,0.2411,724.71,932.45,144.94,1594.37,1.2866,0.1367,4.3834,2.3267,17.0,0.0,0.0,BENIGN_WEB
87.7145,359.0,55.0,304.0,460673.31,33258.2,427415.11,5251.96,4.09,-0.8556,1283.21,240.63,922.26,1500.0,1131.26,1191.82,0.5046,7.55,5.19,1.51,16.61,0.6873,0.0668,3.1987,2.2144,20.0,0.0,0.0,BENIGN_STREAMING
7.1638,56.0,20.0,36.0,46750.25,11067.89,35682.37,6525.94,7.82,-0.5265,834.83,347.26,313.94,1459.89,927.26,905.24,0.1817,127.92,180.89,25.58,281.43,1.414,0.0699,3.698,2.4545,10.0,0.0,0.0,BENIGN_WEB
7.1372,30.0,10.0,20.0,29585.12,6059.39,23525.73,4145.18,4.2,-0.5904,986.17,448.35,313.65,1500.0,1006.67,892.07,0.5325,237.91,361.97,47.58,523.4,1.5215,0.115,3.8272,2.211,13.0,0.0,0.0,BENIGN_WEB
22.6146,33.0,10.0,23.0,31409.23,5485.75,25923.48,1388.89,1.46,-0.6507,951.79,347.3,430.85,1500.0,1074.02,827.63,0.4625,685.29,1071.02,137.06,1507.64,1.5629,0.0292,4.9151,2.22,21.0,0.0,0.0,BENIGN_WEB
4.747,62.0,18.0,44.0,47364.85,4398.15,42966.7,9977.82,13.06,-0.8143,763.95,527.76,40.0,1500.0,763.43,751.46,0.4836,76.56,67.85,15.31,168.44,0.8862,0.0804,3.7352,2.5998,14.0,0.0,0.0,BENIGN_WEB
19.9843,73.0,26.0,47.0,47830.05,9540.23,38289.82,2393.39,3.65,-0.6011,655.21,539.76,40.0,1500.0,654.86,711.52,0.5313,273.76,366.77,54.75,602.27,1.3398,0.0598,4.8278,2.8542,21.0,0.0,0.0,BENIGN_WEB
26.7916,48.0,15.0,33.0,47342.21,9863.05,37479.16,1767.06,1.79,-0.5833,986.3,350.4,460.69,1500.0,1085.7,1053.37,0.2595,558.16,798.24,111.63,1227.95,1.4301,0.0367,3.606,2.3968,11.0,0.0,0.0,BENIGN_WEB
21.9392,220.0,112.0,108.0,148230.12,73817.12,74413.0,6756.39,10.03,-0.004,673.77,246.67,303.76,1117.79,620.22,578.0,0.2739,77.66,47.95,15.53,170.86,0.6175,0.3987,5.8906,1.2159,3.0,1.0,0.0,TOR_PROXY_TUNNEL
63.5903,253.0,128.0,125.0,183874.71,95064.09,88810.62,2891.55,3.98,0.034,726.78,304.59,269.9,1275.03,675.1,717.81,0.6162,196.57,99.01,39.31,432.46,0.5037,0.477,4.6462,0.4005,0.0,0.0,1.0,TOR_PROXY_TUNNEL
5.3388,58.0,21.0,37.0,49842.69,5897.64,43945.05,9335.91,10.86,-0.7633,859.36,482.36,135.82,1500.0,912.2,972.41,0.45,92.05,126.68,18.41,202.51,1.3762,0.1159,3.8441,2.3007,18.0,0.0,0.0,BENIGN_WEB
81.5243,1558.0,288.0,1270.0,1923499.61,123235.09,1800264.52,23594.18,19.11,-0.8719,1234.6,358.63,696.64,1500.0,1273.5,1279.83,0.612,20.25,14.52,4.05,44.55,0.7171,0.1198,3.8114,2.5702,13.0,0.0,0.0,BENIGN_STREAMING
28.9025,62.0,21.0,41.0,46102.7,9089.88,37012.82,1595.11,2.15,-0.6057,743.59,499.08,40.0,1500.0,848.62,839.85,0.5526,466.17,553.23,93.23,1025.57,1.1868,0.1202,3.9127,2.1406,20.0,0.0,0.0,BENIGN_WEB
8.9021,17.0,5.0,12.0,17699.73,3131.99,14567.74,1988.26,1.91,-0.6461,1041.16,469.29,337.22,1500.0,1131.42,1083.1,0.4568,523.65,856.8,104.73,1152.04,1.6362,0.064,4.1932,2.8395,9.0,0.0,0.0,BENIGN_WEB
1.8173,28.0,10.0,18.0,24957.38,7118.79,17838.59,13733.11,15.41,-0.4295,891.33,341.75,378.71,1500.0,942.58,832.71,0.3766,64.9,91.48,12.98,142.79,1.4095,0.1303,3.8499,2.7728,17.0,0.0,0.0,BENIGN_WEB
26.8203,59.0,21.0,38.0,63245.15,15188.61,48056.54,2358.11,2.2,-0.5197,1071.95,460.43,381.31,1500.0,1041.61,1071.18,0.6188,454.58,779.93,90.92,1000.08,1.7157,0.1388,5.0354,2.7399,12.0,0.0,0.0,BENIGN_WEB
31.8972,59.0,19.0,40.0,53836.65,13368.98,40467.67,1687.82,1.85,-0.5034,912.49,493.92,171.6,1500.0,867.44,1040.5,0.5437,540.63,427.29,108.13,1189.39,0.7904,0.0221,4.6636,2.3265,11.0,0.0,0.0,BENIGN_WEB
55.2346,147.0,72.0,75.0,114550.2,54284.5,60265.69,2073.88,2.66,-0.0522,779.25,169.54,524.94,1084.42,747.19,864.92,0.2278,117.87,56.27,23.57,259.31,0.4774,0.3082,4.9525,0.4965,5.0,1.0,1.0,TOR_PROXY_TUNNEL
11.1951,61.0,22.0,39.0,60224.26,13094.18,47130.08,5379.54,5.45,-0.5652,987.28,379.87,417.47,1500.0,853.33,1015.96,0.3589,183.53,135.21,36.71,403.76,0.7367,0.1051,4.8284,2.6232,11.0,0.0,0.0,BENIGN_WEB
7.1877,74.0,29.0,45.0,55327.01,9794.46,45532.55,7697.5,10.3,-0.6459,747.66,419.47,118.45,1500.0,639.61,729.82,0.2351,97.13,91.29,19.43,213.69,0.9398,0.0637,4.463,2.9355,12.0,0.0,0.0,BENIGN_WEB
54.705,2157.0,447.0,1710.0,2600216.25,92978.64,2507237.61,47531.62,39.43,-0.9285,1205.48,361.89,662.64,1500.0,1127.74,1240.33,0.4446,21.26,7.87,4.25,46.78,0.3702,0.0963,2.9678,2.2069,10.0,0.0,0.0,BENIGN_STREAMING
50.2823,327.0,159.0,168.0,250306.23,126449.98,123856.25,4978.02,6.5,0.0104,765.46,310.42,299.83,1324.22,710.7,808.75,0.2439,175.48,135.25,35.1,386.06,0.7708,0.3358,5.9753,1.4837,8.0,1.0,1.0,TOR_PROXY_TUNNEL
71.1607,49.0,23.0,26.0,33433.98,19048.04,14385.94,469.84,0.69,0.1394,682.33,295.83,238.57,1214.83,628.89,625.59,0.2696,95.66,79.55,19.13,210.46,0.8316,0.288,5.0121,0.73,0.0,1.0,1.0,TOR_PROXY_TUNNEL
29.7352,77.0,31.0,46.0,69849.92,13788.72,56061.2,2349.06,2.59,-0.6052,907.14,536.37,102.59,1500.0,922.71,887.03,0.5724,386.17,442.57,77.23,849.58,1.146,0.0251,5.0474,2.8148,20.0,0.0,0.0,BENIGN_WEB
73.3448,1255.0,228.0,1027.0,1740481.1,67269.28,1673211.81,23730.14,17.11,-0.9227,1386.84,259.3,997.89,1500.0,1376.59,1182.24,0.2613,9.02,4.71,1.8,19.83,0.5226,0.147,3.7231,2.3365,20.0,0.0,0.0,BENIGN_STREAMING
68.3528,1967.0,276.0,1691.0,2635883.2,97261.58,2538621.62,38562.92,28.78,-0.9262,1340.05,324.07,853.95,1500.0,1411.07,1475.15,0.3674,22.1,10.73,4.42,48.62,0.4856,0.1281,3.7424,2.3266,17.0,0.0,0.0,BENIGN_STREAMING
23.9981,49.0,24.0,25.0,36269.6,16168.97,20100.63,1511.35,2.04,-0.1084,740.2,187.52,458.92,1077.73,835.94,835.0,0.3748,38.36,28.53,7.67,84.39,0.7437,0.4567,5.1801,1.1387,9.0,1.0,0.0,TOR_PROXY_TUNNEL
29.724,1610.0,287.0,1323.0,1921453.36,101057.63,1820395.74,64643.07,54.16,-0.8948,1193.45,362.94,649.04,1500.0,1041.02,1261.72,0.1838,20.76,15.16,4.15,45.67,0.7302,0.1563,3.8921,2.4103,13.0,0.0,0.0,BENIGN_STREAMING
17.588,35.0,13.0,22.0,22444.99,2106.63,20338.36,1276.15,1.99,-0.8123,641.29,511.98,40.0,1500.0,632.46,688.5,0.4446,502.51,634.29,100.5,1105.53,1.2622,0.0819,3.7642,2.432,8.0,0.0,0.0,BENIGN_WEB
29.6529,65.0,26.0,39.0,61922.77,9755.32,52167.45,2088.25,2.19,-0.6849,952.66,570.16,97.41,1500.0,1073.17,829.76,0.5525,456.2,396.74,91.24,1003.64,0.8697,0.058,4.5823,2.5488,21.0,0.0,0.0,BENIGN_WEB
37.1059,848.0,172.0,676.0,1026530.59,67693.83,958836.76,27664.9,22.85,-0.8681,1210.53,404.85,603.26,1500.0,1066.89,1385.22,0.2319,9.97,7.15,1.99,21.94,0.7166,0.0678,2.9708,2.2846,10.0,0.0,0.0,BENIGN_STREAMING
31.2939,268.0,129.0,139.0,158871.78,91892.52,66979.26,5076.76,8.56,0.1568,592.81,226.75,252.68,1000.96,548.23,525.07,0.2639,78.06,44.77,15.61,171.72,0.5735,0.3984,5.9021,0.1516,7.0,0.0,1.0,TOR_PROXY_TUNNEL
3.7145,18.0,7.0,11.0,16984.75,2475.7,14509.05,4572.51,4.85,-0.7085,943.6,340.31,433.13,1500.0,1047.11,836.07,0.25,206.36,241.91,41.27,454.0,1.1722,0.0453,3.7362,2.8022,9.0,0.0,0.0,BENIGN_WEB
17.3149,25.0,7.0,18.0,19695.34,2950.4,16744.94,1137.48,1.44,-0.7004,787.81,476.54,73.01,1500.0,742.49,764.96,0.4887,692.6,1006.35,138.52,1523.71,1.453,0.061,4.2497,2.1871,17.0,0.0,0.0,BENIGN_WEB
77.2875,289.0,152.0,137.0,172272.32,98493.32,73779.01,2228.98,3.74,0.1435,596.1,253.5,215.85,1052.39,597.1,591.94,0.5923,84.85,65.41,16.97,186.68,0.7709,0.3592,5.0331,0.1894,5.0,1.0,0.0,TOR_PROXY_TUNNEL
23.1562,34.0,10.0,24.0,22131.95,4739.02,17392.93,955.77,1.47,-0.5717,650.94,366.49,101.21,1310.62,705.55,711.15,0.5311,681.06,484.13,136.21,1498.34,0.7108,0.0508,3.6028,2.3913,21.0,0.0,0.0,BENIGN_WEB
38.0763,175.0,94.0,81.0,125343.79,58894.15,66449.64,3291.91,4.6,-0.0603,716.25,260.57,325.4,1185.27,786.19,672.85,0.2163,199.19,148.49,39.84,438.21,0.7455,0.2916,4.6182,0.0419,11.0,1.0,0.0,TOR_PROXY_TUNNEL
20.7286,119.0,58.0,61.0,65648.34,38078.7,27569.64,3167.04,5.74,0.1601,551.67,237.37,195.62,978.93,629.92,615.31,0.4149,105.01,60.98,21.0,231.02,0.5807,0.3415,4.6706,0.8676,1.0,1.0,0.0,TOR_PROXY_TUNNEL
127.6307,576.0,76.0,500.0,709307.57,31900.76,677406.81,5557.5,4.51,-0.9101,1231.44,370.53,675.64,1500.0,1279.5,1382.84,0.4998,13.74,7.87,2.75,30.24,0.5728,0.165,3.4226,2.8541,13.0,0.0,0.0,BENIGN_STREAMING
31.6082,79.0,24.0,55.0,63529.59,15616.55,47913.04,2009.91,2.5,-0.5084,804.17,500.49,53.43,1500.0,910.18,843.28,0.5251,400.1,577.43,80.02,880.23,1.4432,0.096,3.9632,2.4016,20.0,0.0,0.0,BENIGN_WEB
70.5372,124.0,63.0,61.0,74894.51,44537.22,30357.29,1061.77,1.76,0.1893,603.99,212.14,285.77,985.85,616.4,629.61,0.25,38.26,16.81,7.65,84.16,0.4394,0.2698,4.6504,1.6228,2.0,1.0,0.0,TOR_PROXY_TUNNEL
13.6889,286.0,138.0,148.0,206195.69,107866.85,98328.83,15062.95,20.89,0.0463,720.96,207.05,410.39,1093.66,811.84,687.65,0.5558,159.77,125.83,31.95,351.49,0.7876,0.3798,5.6272,0.7345,3.0,1.0,0.0,TOR_PROXY_TUNNEL
19.9674,1086.0,199.0,887.0,1310461.89,138701.91,1171759.99,65630.11,54.39,-0.7883,1206.69,342.93,692.29,1500.0,1220.02,1355.2,0.4802,6.04,3.26,1.21,13.29,0.5394,0.0877,3.1666,2.2341,18.0,0.0,0.0,BENIGN_STREAMING
121.1765,1297.0,260.0,1037.0,1707877.63,56683.1,1651194.53,14094.13,10.7,-0.9336,1316.79,329.32,822.82,1500.0,1301.41,1277.96,0.1987,23.34,9.47,4.67,51.34,0.4059,0.0912,3.7585,2.5807,14.0,0.0,0.0,BENIGN_STREAMING
74.475,253.0,125.0,128.0,188207.83,84193.0,104014.83,2527.13,3.4,-0.1053,743.9,200.97,442.46,1105.64,723.45,738.95,0.253,243.54,119.17,48.71,535.78,0.4893,0.3888,5.6097,0.9976,11.0,1.0,0.0,TOR_PROXY_TUNNEL
15.3023,84.0,31.0,53.0,76849.56,18834.85,58014.71,5022.08,5.49,-0.5098,914.88,349.5,390.62,1500.0,1043.63,962.01,0.5125,182.17,202.89,36.43,400.78,1.1137,0.0397,4.714,2.8785,8.0,0.0,0.0,BENIGN_WEB
157.2436,1772.0,310.0,1462.0,2314878.54,199370.51,2115508.02,14721.61,11.27,-0.8277,1306.36,370.23,751.02,1500.0,1118.87,1350.66,0.6122,11.03,8.16,2.21,24.26,0.7399,0.0789,3.1627,2.9118,21.0,0.0,0.0,BENIGN_STREAMING
13.6973,31.0,11.0,20.0,26450.64,4444.88,22005.76,1931.08,2.26,-0.6639,853.25,353.77,322.6,1490.03,953.82,927.74,0.1909,441.85,515.37,88.37,972.07,1.1664,0.1316,4.8223,2.2076,18.0,0.0,0.0,BENIGN_WEB
42.4676,407.0,49.0,358.0,543502.58,19496.09,524006.49,12798.06,9.58,-0.9283,1335.39,259.41,946.27,1500.0,1395.04,1257.04,0.47,6.21,3.45,1.24,13.66,0.5557,0.1085,2.9461,2.7565,11.0,0.0,0.0,BENIGN_STREAMING
26.3337,28.0,7.0,21.0,29649.12,7560.12,22089.01,1125.9,1.06,-0.49,1058.9,576.99,193.41,1500.0,1139.25,966.28,0.3397,940.49,1404.53,188.1,2069.07,1.4934,0.0586,4.994,2.2072,16.0,0.0,0.0,BENIGN_WEB
2.7063,71.0,19.0,52.0,50961.31,10243.49,40717.81,18830.32,26.23,-0.598,717.76,534.86,40.0,1500.0,689.39,681.1,0.6176,38.12,56.89,7.62,83.86,1.4924,0.1133,3.7377,2.9111,21.0,0.0,0.0,BENIGN_WEB
58.3265,270.0,139.0,131.0,186085.04,98833.33,87251.71,3190.4,4.63,0.0622,689.2,263.55,293.87,1163.6,626.54,629.32,0.3581,37.35,20.01,7.47,82.18,0.5357,0.3663,5.5815,1.5738,7.0,1.0,1.0,TOR_PROXY_TUNNEL
67.8599,355.0,177.0,178.0,215600.29,92380.26,123220.03,3177.14,5.23,-0.143,607.32,169.09,353.69,911.69,522.93,614.8,0.3935,94.14,54.31,18.83,207.11,0.5768,0.3558,5.0318,0.6949,1.0,1.0,1.0,TOR_PROXY_TUNNEL
31.6971,48.0,14.0,34.0,41246.96,8428.71,32818.25,1301.28,1.51,-0.5913,859.31,518.11,82.15,1500.0,794.45,758.92,0.4763,660.36,802.27,132.07,1452.79,1.2149,0.1298,4.5965,2.9534,9.0,0.0,0.0,BENIGN_WEB
14.0567,140.0,68.0,72.0,104150.58,63026.34,41124.24,7409.34,9.96,0.2103,743.93,188.48,461.21,1083.2,827.62,817.79,0.2887,71.83,37.72,14.37,158.03,0.525,0.3676,4.644,0.9062,2.0,1.0,0.0,TOR_PROXY_TUNNEL
17.8706,30.0,8.0,22.0,27928.71,8006.06,19922.65,1562.83,1.68,-0.4267,930.96,421.34,298.94,1500.0,966.97,892.93,0.4724,595.69,976.42,119.14,1310.51,1.6391,0.104,4.5115,2.9228,11.0,0.0,0.0,BENIGN_WEB
26.1787,53.0,21.0,32.0,53086.3,14135.7,38950.6,2027.85,2.02,-0.4674,1001.63,366.05,452.55,1500.0,963.66,1034.03,0.4275,493.94,792.28,98.79,1086.66,1.604,0.1256,3.7218,2.4365,12.0,0.0,0.0,BENIGN_WEB
77.3984,92.0,46.0,46.0,50779.71,23038.75,27740.96,656.08,1.19,-0.0926,551.95,242.5,188.2,988.46,475.29,540.83,0.4516,80.2,53.49,16.04,176.45,0.6669,0.4653,6.0392,0.1557,1.0,1.0,1.0,TOR_PROXY_TUNNEL
13.5663,71.0,29.0,42.0,54086.71,6114.17,47972.54,3986.86,5.23,-0.7739,761.78,341.52,249.51,1376.52,738.62,720.64,0.6158,191.07,272.58,38.21,420.36,1.4266,0.1339,4.3626,3.0084,12.0,0.0,0.0,BENIGN_WEB
11.424,48.0,17.0,31.0,46761.1,7304.59,39456.51,4093.25,4.2,-0.6876,974.19,386.89,393.86,1500.0,981.34,947.13,0.5543,238.0,176.12,47.6,523.6,0.74,0.0728,3.868,2.6332,12.0,0.0,0.0,BENIGN_WEB
141.2421,542.0,103.0,439.0,744884.81,53745.83,691138.98,5273.82,3.84,-0.8557,1374.33,333.11,874.66,1500.0,1494.04,1346.42,0.2789,25.41,9.96,5.08,55.9,0.3919,0.1623,3.2354,2.6951,12.0,0.0,0.0,BENIGN_STREAMING
4.4948,39.0,15.0,24.0,26382.82,3931.43,22451.39,5869.68,8.68,-0.702,676.48,452.27,40.0,1490.56,644.36,764.19,0.4508,115.25,111.02,23.05,253.55,0.9633,0.1364,4.0598,2.8811,18.0,0.0,0.0,BENIGN_WEB
16.9495,16.0,6.0,10.0,10254.51,2855.82,7398.69,605.0,0.94,-0.443,640.91,432.29,40.0,1419.02,707.48,598.76,0.2889,1059.34,1223.71,211.87,2330.56,1.1552,0.0297,4.9221,2.8429,18.0,0.0,0.0,BENIGN_WEB
32.0714,309.0,166.0,143.0,220044.6,88776.84,131267.76,6861.08,9.63,-0.1931,712.12,224.12,375.94,1115.53,613.2,698.0,0.5602,137.02,78.9,27.4,301.44,0.5759,0.4325,5.2374,0.4976,6.0,1.0,1.0,TOR_PROXY_TUNNEL
41.2748,254.0,123.0,131.0,175588.67,95593.62,79995.04,4254.13,6.15,0.0888,691.29,162.36,447.76,983.54,650.38,625.88,0.4267,205.76,172.82,41.15,452.68,0.8399,0.4393,5.1917,1.4983,10.0,1.0,1.0,TOR_PROXY_TUNNEL
12.0057,52.0,20.0,32.0,51711.08,13086.76,38624.32,4307.21,4.33,-0.4939,994.44,541.42,182.31,1500.0,949.48,1040.81,0.588,230.88,383.47,46.18,507.93,1.6609,0.0373,3.6156,2.7631,17.0,0.0,0.0,BENIGN_WEB
30.9735,35.0,13.0,22.0,26202.73,3185.57,23017.16,845.97,1.13,-0.7569,748.65,381.46,176.46,1435.28,778.58,836.72,0.5734,884.96,929.62,176.99,1946.91,1.0505,0.034,4.5529,2.9056,16.0,0.0,0.0,BENIGN_WEB
10.8753,32.0,10.0,22.0,20754.21,5977.68,14776.53,1908.37,2.94,-0.424,648.57,408.6,40.0,1384.05,641.84,590.16,0.4182,339.85,577.67,67.97,747.68,1.6997,0.0369,4.2307,2.1423,12.0,0.0,0.0,BENIGN_WEB
33.7655,279.0,135.0,144.0,155507.27,86839.89,68667.38,4605.5,8.26,0.1169,557.37,205.16,249.63,926.66,595.08,534.87,0.5576,111.26,92.36,22.25,244.77,0.8302,0.4756,5.8447,0.9419,7.0,1.0,1.0,TOR_PROXY_TUNNEL
125.7836,811.0,147.0,664.0,1000921.08,41121.0,959800.07,7957.49,6.45,-0.9178,1234.18,368.13,681.98,1500.0,1313.01,1066.03,0.5773,17.84,11.39,3.57,39.25,0.6382,0.0834,2.9718,2.4495,19.0,0.0,0.0,BENIGN_STREAMING
117.9246,786.0,102.0,684.0,944571.65,34861.85,909709.79,8009.96,6.67,-0.9262,1201.75,368.81,648.53,1500.0,1244.25,1031.4,0.5575,27.77,15.86,5.55,61.09,0.5713,0.1292,2.9132,2.9611,21.0,0.0,0.0,BENIGN_STREAMING
139.0507,1768.0,225.0,1543.0,2182387.35,67345.65,2115041.69,15694.9,12.71,-0.9383,1234.38,370.92,678.01,1500.0,1221.86,1307.42,0.5065,15.77,8.76,3.15,34.69,0.5558,0.1407,3.2063,2.3445,17.0,0.0,0.0,BENIGN_STREAMING
19.8016,72.0,27.0,45.0,50697.79,10049.79,40648.0,2560.29,3.64,-0.6035,704.14,397.23,108.3,1419.14,740.39,784.0,0.5658,275.02,432.42,55.0,605.05,1.5723,0.0731,4.4035,2.8846,8.0,0.0,0.0,BENIGN_WEB
17.8816,113.0,57.0,56.0,71769.95,37291.09,34478.87,4013.63,6.32,0.0392,635.13,200.97,333.68,996.88,578.48,624.7,0.4254,46.87,23.95,9.37,103.12,0.5109,0.3936,5.0803,1.6083,9.0,1.0,0.0,TOR_PROXY_TUNNEL
19.5793,39.0,14.0,25.0,40468.19,5248.14,35220.05,2066.89,1.99,-0.7406,1037.65,550.46,211.96,1500.0,970.12,990.45,0.2231,502.03,437.59,100.41,1104.47,0.8716,0.0742,5.0774,2.4393,13.0,0.0,0.0,BENIGN_WEB
3.627,69.0,24.0,45.0,64415.63,9330.43,55085.2,17759.86,19.02,-0.7103,933.56,541.64,121.11,1500.0,876.19,944.44,0.2198,52.57,75.86,10.51,115.64,1.4432,0.0218,5.0325,3.0126,12.0,0.0,0.0,BENIGN_WEB
3.868,80.0,27.0,53.0,63121.7,11975.42,51146.28,16318.81,20.68,-0.6206,789.02,352.68,259.99,1423.85,895.52,902.75,0.5546,48.35,68.84,9.67,106.37,1.4239,0.0537,4.2922,2.7691,12.0,0.0,0.0,BENIGN_WEB
39.3675,1498.0,234.0,1264.0,1884786.84,66277.52,1818509.31,47876.68,38.05,-0.9297,1258.2,352.5,729.45,1500.0,1291.2,1182.09,0.1998,16.13,10.98,3.23,35.48,0.6811,0.0562,3.8231,2.3528,12.0,0.0,0.0,BENIGN_STREAMING
24.7074,1908.0,352.0,1556.0,2353834.88,206380.01,2147454.87,95268.33,77.22,-0.8246,1233.67,338.06,726.58,1500.0,1337.95,1188.3,0.523,14.16,6.71,2.83,31.15,0.4738,0.1533,3.1117,2.3205,12.0,0.0,0.0,BENIGN_STREAMING
27.6539,15.0,5.0,10.0,10824.62,2760.77,8063.85,391.43,0.54,-0.4899,721.64,566.92,40.0,1500.0,771.15,620.66,0.2613,1843.59,2474.18,368.72,4055.9,1.342,0.0509,4.8316,2.8628,20.0,0.0,0.0,BENIGN_WEB
29.625,79.0,27.0,52.0,75422.9,12898.54,62524.36,2545.92,2.67,-0.658,954.72,446.37,285.17,1500.0,956.27,841.37,0.422,375.0,296.74,75.0,825.0,0.7913,0.1359,3.7277,3.0512,17.0,0.0,0.0,BENIGN_WEB
53.1881,232.0,118.0,114.0,175395.84,73151.59,102244.25,3297.65,4.36,-0.1659,756.02,243.88,390.19,1195.01,644.89,803.37,0.6042,72.37,57.82,14.47,159.21,0.799,0.3308,4.9648,0.2431,10.0,1.0,0.0,TOR_PROXY_TUNNEL
48.5544,290.0,155.0,135.0,174320.34,84739.84,89580.49,3590.21,5.97,-0.0278,601.1,294.34,159.59,1130.93,527.68,556.32,0.5109,245.5,204.63,49.1,540.09,0.8336,0.2489,5.9067,0.6343,2.0,1.0,0.0,TOR_PROXY_TUNNEL
12.4467,67.0,34.0,33.0,48965.38,24986.18,23979.19,3934.01,5.38,0.0206,730.83,182.99,456.34,1060.21,650.44,642.43,0.3138,126.37,56.04,25.27,278.02,0.4435,0.298,5.3198,0.0062,5.0,1.0,1.0,TOR_PROXY_TUNNEL
52.1892,2065.0,432.0,1633.0,2922384.61,220516.48,2701868.13,55995.99,39.57,-0.8491,1415.2,258.11,1028.04,1500.0,1351.11,1583.62,0.3196,17.42,11.66,3.48,38.32,0.6694,0.1655,3.3823,2.7924,14.0,0.0,0.0,BENIGN_STREAMING
49.7525,153.0,76.0,77.0,87549.93,47976.58,39573.35,1759.71,3.08,0.096,572.22,269.25,168.35,1056.87,561.4,517.17,0.4219,173.16,82.44,34.63,380.95,0.4761,0.3072,5.817,1.5738,11.0,1.0,1.0,TOR_PROXY_TUNNEL
26.3275,60.0,23.0,37.0,37761.82,7709.66,30052.16,1434.31,2.28,-0.5917,629.36,558.66,40.0,1500.0,583.55,606.53,0.4054,438.79,590.96,87.76,965.34,1.3468,0.0372,4.917,2.4935,10.0,0.0,0.0,BENIGN_WEB
23.3966,1632.0,321.0,1311.0,2311432.78,83117.07,2228315.71,98793.63,69.75,-0.9281,1416.32,330.93,919.93,1500.0,1245.93,1240.66,0.1883,11.73,7.18,2.35,25.81,0.6118,0.0719,3.7708,2.996,19.0,0.0,0.0,BENIGN_STREAMING
93.2117,1965.0,414.0,1551.0,2343600.22,254437.21,2089163.01,25142.78,21.08,-0.7829,1192.67,394.13,601.47,1500.0,1203.27,1182.89,0.3747,19.0,14.61,3.8,41.79,0.7691,0.1624,3.0099,2.8295,23.0,0.0,0.0,BENIGN_STREAMING
9.7176,63.0,25.0,38.0,67955.96,17513.46,50442.5,6993.05,6.48,-0.4846,1078.67,549.54,254.36,1500.0,1091.41,1207.24,0.3395,154.25,116.81,30.85,339.35,0.7573,0.0978,4.5568,2.4459,9.0,0.0,0.0,BENIGN_WEB
18.2672,69.0,20.0,49.0,69512.1,11157.83,58354.27,3805.29,3.78,-0.679,1007.42,467.02,306.89,1500.0,1127.13,923.98,0.2642,264.74,433.1,52.95,582.43,1.6359,0.139,3.9799,2.2637,13.0,0.0,0.0,BENIGN_WEB
29.449,78.0,24.0,54.0,63772.47,12093.8,51678.67,2165.52,2.65,-0.6207,817.6,544.0,40.0,1500.0,728.19,874.93,0.1833,377.55,396.42,75.51,830.61,1.05,0.0857,3.8413,2.6069,15.0,0.0,0.0,BENIGN_WEB
50.9588,1463.0,266.0,1197.0,1878096.94,98830.96,1779265.99,36855.2,28.71,-0.8948,1283.73,308.58,820.86,1500.0,1369.88,1410.21,0.5511,19.14,12.07,3.83,42.11,0.6307,0.1355,3.8891,2.4492,12.0,0.0,0.0,BENIGN_STREAMING
3.1922,29.0,11.0,18.0,23522.92,5679.22,17843.7,7368.83,9.08,-0.5171,811.14,403.85,205.35,1500.0,794.89,814.88,0.2993,110.08,137.39,22.02,242.17,1.2481,0.019,4.0607,2.997,18.0,0.0,0.0,BENIGN_WEB
7.0672,73.0,23.0,50.0,53224.58,11927.28,41297.31,7531.21,10.33,-0.5518,729.1,493.49,40.0,1500.0,629.63,735.86,0.2337,96.81,95.92,19.36,212.98,0.9908,0.0461,4.708,2.9254,19.0,0.0,0.0,BENIGN_WEB
25.278,84.0,35.0,49.0,81513.68,23448.4,58065.28,3224.69,3.32,-0.4247,970.4,355.89,436.57,1500.0,1104.59,913.0,0.3196,300.93,323.48,60.19,662.04,1.075,0.1299,4.102,3.0023,13.0,0.0,0.0,BENIGN_WEB
4.1017,73.0,26.0,47.0,51205.06,11296.3,39908.76,12483.9,17.8,-0.5588,701.44,471.8,40.0,1500.0,619.19,656.14,0.3491,56.19,66.44,11.24,123.61,1.1826,0.0767,3.8419,2.5967,12.0,0.0,0.0,BENIGN_WEB
75.3725,2130.0,276.0,1854.0,2976693.21,216519.05,2760174.16,39493.08,28.26,-0.8545,1397.51,254.47,1015.8,1500.0,1232.2,1236.64,0.2072,19.03,10.14,3.81,41.87,0.533,0.0667,3.139,2.8343,11.0,0.0,0.0,BENIGN_STREAMING
71.367,1888.0,235.0,1653.0,2525478.15,163590.54,2361887.61,35387.2,26.45,-0.8704,1337.65,362.05,794.58,1500.0,1338.35,1492.32,0.3784,15.32,8.58,3.06,33.71,0.5599,0.1307,3.5698,2.9807,10.0,0.0,0.0,BENIGN_STREAMING
8.672,36.0,13.0,23.0,31621.48,5565.34,26056.15,3646.4,4.15,-0.648,878.37,382.43,304.74,1500.0,797.22,788.43,0.4263,240.89,279.69,48.18,529.95,1.1611,0.1362,4.8484,2.8048,21.0,0.0,0.0,BENIGN_WEB
10.2821,59.0,22.0,37.0,62786.42,14510.06,48276.37,6106.36,5.74,-0.5378,1064.18,537.25,258.31,1500.0,1117.01,1048.99,0.6047,174.27,280.51,34.85,383.4,1.6096,0.0769,5.0981,2.1456,10.0,0.0,0.0,BENIGN_WEB
96.05,1024.0,158.0,866.0,1292953.01,119252.0,1173701.01,13461.25,10.66,-0.8155,1262.65,297.03,817.11,1500.0,1425.94,1395.91,0.4065,10.96,7.47,2.19,24.12,0.6817,0.1478,3.7286,2.3942,14.0,0.0,0.0,BENIGN_STREAMING
9.3775,73.0,27.0,46.0,72003.95,12406.93,59597.02,7678.39,7.78,-0.6554,986.36,484.38,259.79,1500.0,1080.64,871.13,0.2943,128.46,188.61,25.69,282.61,1.4682,0.0251,4.2022,2.9412,15.0,0.0,0.0,BENIGN_WEB
45.7173,326.0,165.0,161.0,227284.95,111284.03,116000.92,4971.53,7.13,-0.0208,697.19,215.29,374.25,1084.72,594.27,721.57,0.2636,86.59,46.2,17.32,190.5,0.5336,0.3905,5.8526,1.7505,6.0,1.0,0.0,TOR_PROXY_TUNNEL
9.9731,72.0,28.0,44.0,72955.22,8570.42,64384.8,7315.18,7.22,-0.765,1013.27,335.51,510.01,1500.0,1161.01,910.71,0.5831,138.52,236.54,27.7,304.73,1.7077,0.1083,3.6793,2.4179,10.0,0.0,0.0,BENIGN_WEB
79.8558,951.0,180.0,771.0,1239067.12,100044.54,1139022.58,15516.31,11.91,-0.8385,1302.91,315.08,830.29,1500.0,1117.9,1389.51,0.2828,21.56,9.47,4.31,47.44,0.4393,0.0896,3.3158,2.5898,16.0,0.0,0.0,BENIGN_STREAMING
3.4546,15.0,4.0,11.0,13425.79,2257.18,11168.61,3886.39,4.34,-0.6638,895.05,467.62,193.62,1500.0,966.32,938.16,0.2274,230.3,190.48,46.06,506.67,0.8271,0.0697,4.8464,2.1211,9.0,0.0,0.0,BENIGN_WEB
4.2016,68.0,21.0,47.0,52969.98,10043.99,42925.99,12606.97,16.18,-0.6208,778.97,537.32,40.0,1500.0,692.77,857.06,0.4672,61.79,95.31,12.36,135.94,1.5425,0.1197,4.5252,2.974,20.0,0.0,0.0,BENIGN_WEB
93.9624,1710.0,244.0,1466.0,2176846.84,208847.87,1967998.97,23167.21,18.2,-0.8081,1273.01,253.25,893.13,1500.0,1339.49,1308.21,0.4457,17.09,11.96,3.42,37.59,0.6998,0.0918,3.7193,2.3266,19.0,0.0,0.0,BENIGN_STREAMING
22.8115,30.0,11.0,19.0,24464.89,5737.7,18727.2,1072.48,1.32,-0.5309,815.5,354.19,284.2,1453.05,809.86,713.81,0.6154,760.38,702.41,152.08,1672.85,0.9238,0.0327,3.8126,2.7725,13.0,0.0,0.0,BENIGN_WEB
40.3455,377.0,201.0,176.0,281864.21,128663.62,153200.59,6986.26,9.34,-0.0871,747.65,197.85,450.88,1103.77,716.61,667.44,0.277,261.66,174.78,52.33,575.66,0.668,0.3611,5.2254,1.7866,8.0,1.0,0.0,TOR_PROXY_TUNNEL
4.2343,39.0,15.0,24.0,25760.51,4500.4,21260.11,6083.78,9.21,-0.6506,660.53,372.98,101.06,1331.89,572.46,658.05,0.3375,108.57,176.55,21.71,238.86,1.6261,0.0932,3.8856,2.8165,17.0,0.0,0.0,BENIGN_WEB
109.428,990.0,182.0,808.0,1366700.98,63690.84,1303010.14,12489.5,9.05,-0.9068,1380.51,380.19,810.21,1500.0,1181.94,1348.19,0.1999,23.19,14.64,4.64,51.02,0.6314,0.1795,3.2299,2.982,17.0,0.0,0.0,BENIGN_STREAMING
20.576,80.0,24.0,56.0,61262.28,10689.4,50572.88,2977.36,3.89,-0.651,765.78,442.05,102.71,1500.0,744.96,714.77,0.4652,257.2,438.88,51.44,565.84,1.7064,0.0824,4.3812,2.5016,20.0,0.0,0.0,BENIGN_WEB
21.0781,46.0,13.0,33.0,39756.32,10628.14,29128.18,1886.15,2.18,-0.4653,864.27,429.64,219.81,1500.0,858.09,833.58,0.5198,458.22,699.02,91.64,1008.08,1.5255,0.0274,4.9102,3.0085,11.0,0.0,0.0,BENIGN_WEB
24.981,102.0,54.0,48.0,75031.53,33792.93,41238.6,3003.54,4.08,-0.0992,735.6,200.54,434.79,1096.58,661.45,642.99,0.5967,205.27,109.55,41.05,451.59,0.5337,0.2975,5.9399,0.7516,1.0,1.0,0.0,TOR_PROXY_TUNNEL
29.246,74.0,29.0,45.0,75570.48,8486.92,67083.56,2583.96,2.53,-0.7754,1021.22,385.24,443.36,1500.0,880.22,1011.38,0.2748,395.22,462.83,79.04,869.48,1.1711,0.081,4.69,2.8303,16.0,0.0,0.0,BENIGN_WEB
49.621,269.0,36.0,233.0,362384.01,23263.31,339120.7,7303.03,5.42,-0.8716,1347.15,264.43,950.51,1500.0,1192.96,1265.36,0.3679,19.77,12.4,3.95,43.5,0.6269,0.0547,3.637,2.806,22.0,0.0,0.0,BENIGN_STREAMING
84.3355,292.0,150.0,142.0,224672.71,130860.04,93812.67,2664.03,3.46,0.1649,769.43,199.41,470.31,1128.37,706.6,794.58,0.194,97.39,48.96,19.48,214.27,0.5027,0.4799,4.9251,0.2701,3.0,1.0,1.0,TOR_PROXY_TUNNEL
17.559,60.0,22.0,38.0,46406.61,10303.7,36102.92,2642.89,3.42,-0.5559,773.44,468.42,70.81,1500.0,749.1,716.4,0.2998,292.65,359.14,58.53,643.83,1.2272,0.1156,5.0322,2.8361,14.0,0.0,0.0,BENIGN_WEB
20.6663,82.0,29.0,53.0,84213.37,15085.19,69128.18,4074.92,3.97,-0.6417,1026.99,356.98,491.52,1500.0,1058.25,1094.49,0.5608,252.03,185.5,50.41,554.46,0.736,0.1122,4.6265,2.1924,9.0,0.0,0.0,BENIGN_WEB
11.1456,27.0,8.0,19.0,23898.99,6737.47,17161.52,2144.25,2.42,-0.4362,885.15,433.63,234.7,1500.0,802.99,1003.42,0.3053,412.8,295.94,82.56,908.16,0.7169,0.0975,4.5572,2.9292,21.0,0.0,0.0,BENIGN_WEB
9.3744,83.0,31.0,52.0,77195.69,16993.77,60201.92,8234.72,8.85,-0.5597,930.07,320.57,449.21,1500.0,1068.73,968.35,0.5629,112.94,194.68,22.59,248.48,1.7237,0.1283,5.009,2.4914,17.0,0.0,0.0,BENIGN_WEB
25.6552,154.0,81.0,73.0,119342.81,61584.51,57758.3,4651.8,6.0,0.0321,774.95,281.13,353.27,1280.98,865.1,887.11,0.2222,140.34,106.36,28.07,308.75,0.7579,0.4187,5.4608,0.7779,11.0,1.0,1.0,TOR_PROXY_TUNNEL
10.1983,74.0,26.0,48.0,64906.16,11184.49,53721.68,6364.38,7.26,-0.6554,877.11,513.88,106.29,1500.0,880.78,942.9,0.3331,137.82,226.77,27.56,303.19,1.6455,0.1004,3.9636,2.2807,21.0,0.0,0.0,BENIGN_WEB
91.9377,1699.0,217.0,1482.0,2179445.43,164209.49,2015235.94,23705.68,18.48,-0.8493,1282.78,326.25,793.4,1500.0,1426.97,1432.09,0.3214,9.76,4.03,1.95,21.48,0.4124,0.1651,3.3168,2.5162,23.0,0.0,0.0,BENIGN_STREAMING
10.3031,43.0,12.0,31.0,26855.35,6767.53,20087.82,2606.54,4.17,-0.496,624.54,368.22,72.21,1287.34,639.63,599.9,0.515,239.61,356.25,47.92,527.13,1.4868,0.0615,4.8676,2.2557,21.0,0.0,0.0,BENIGN_WEB
142.3966,964.0,166.0,798.0,1146093.4,33019.18,1113074.22,8048.6,6.77,-0.9424,1188.89,255.67,805.38,1500.0,1225.74,1325.84,0.4381,13.3,4.8,2.66,29.25,0.3609,0.1076,3.519,2.2221,12.0,0.0,0.0,BENIGN_STREAMING
62.1001,1992.0,411.0,1581.0,2628386.45,99599.33,2528787.12,42325.0,32.08,-0.9242,1319.47,244.21,953.16,1500.0,1270.81,1157.14,0.4201,20.41,13.39,4.08,44.91,0.6558,0.0847,3.8676,2.495,23.0,0.0,0.0,BENIGN_STREAMING
68.5788,139.0,72.0,67.0,107085.63,54679.5,52406.13,1561.5,2.03,0.0212,770.4,184.91,493.04,1103.23,878.9,873.55,0.3627,180.35,152.56,36.07,396.78,0.8459,0.4461,5.5282,0.7265,2.0,1.0,0.0,TOR_PROXY_TUNNEL
12.0506,68.0,20.0,48.0,70552.05,13190.15,57361.9,5854.66,5.64,-0.6261,1037.53,336.46,532.84,1500.0,902.61,1096.34,0.45,177.21,228.45,35.44,389.87,1.2891,0.1103,3.8784,2.8571,12.0,0.0,0.0,BENIGN_WEB
27.9151,66.0,25.0,41.0,47488.69,4310.39,43178.3,1701.19,2.36,-0.8185,719.53,367.31,168.57,1380.68,641.82,712.84,0.5758,422.96,726.61,84.59,930.5,1.7179,0.1037,5.0994,2.3323,11.0,0.0,0.0,BENIGN_WEB
15.8348,54.0,19.0,35.0,39520.27,10030.04,29490.23,2495.79,3.41,-0.4924,731.86,438.5,74.1,1500.0,625.44,771.28,0.2925,293.24,320.1,58.65,645.12,1.0916,0.0279,4.311,2.6527,12.0,0.0,0.0,BENIGN_WEB
29.7291,29.0,11.0,18.0,21415.91,4439.66,16976.25,720.37,0.98,-0.5854,738.48,369.1,184.82,1402.87,772.09,806.73,0.238,1025.14,769.33,205.03,2255.31,0.7505,0.0781,4.3271,2.6269,8.0,0.0,0.0,BENIGN_WEB
72.2095,109.0,58.0,51.0,80698.03,34774.9,45923.13,1117.55,1.51,-0.1381,740.35,314.58,268.48,1306.59,709.47,651.64,0.4222,196.77,152.0,39.35,432.89,0.7725,0.4002,5.3806,0.4818,4.0,1.0,1.0,TOR_PROXY_TUNNEL
137.7895,1330.0,204.0,1126.0,1804294.04,159806.71,1644487.34,13094.57,9.65,-0.8229,1356.61,269.85,951.84,1500.0,1464.07,1188.86,0.5815,10.64,4.44,2.13,23.41,0.4173,0.0625,3.6003,2.9063,15.0,0.0,0.0,BENIGN_STREAMING
39.7327,57.0,29.0,28.0,43079.05,18374.13,24704.92,1084.22,1.43,-0.147,755.77,224.18,419.5,1159.3,753.19,806.69,0.5215,123.4,77.07,24.68,271.48,0.6245,0.402,4.6926,0.2961,3.0,1.0,0.0,TOR_PROXY_TUNNEL
32.5942,264.0,128.0,136.0,168199.06,76715.39,91483.67,5160.4,8.1,-0.0878,637.12,174.9,374.77,951.94,542.2,677.61,0.4435,215.71,174.26,43.14,474.56,0.8079,0.265,4.619,0.5074,10.0,1.0,1.0,TOR_PROXY_TUNNEL
145.6672,1989.0,302.0,1687.0,2826585.09,297184.86,2529400.23,19404.41,13.65,-0.7897,1421.11,329.52,926.82,1500.0,1590.88,1302.21,0.2983,22.99,11.16,4.6,50.58,0.4854,0.0977,3.6625,2.9101,15.0,0.0,0.0,BENIGN_STREAMING
67.3387,1896.0,327.0,1569.0,2648445.49,120032.9,2528412.59,39330.2,28.16,-0.9094,1396.86,398.51,799.1,1500.0,1235.5,1460.22,0.5525,7.23,5.4,1.45,15.9,0.7465,0.0622,3.3011,2.9166,23.0,0.0,0.0,BENIGN_STREAMING
29.8498,20.0,6.0,14.0,13372.54,2626.13,10746.41,447.99,0.67,-0.6072,668.63,437.2,40.0,1455.58,685.31,651.01,0.4667,1492.49,2232.26,298.5,3283.48,1.4957,0.1244,4.6541,2.3383,15.0,0.0,0.0,BENIGN_WEB
7.3305,22.0,6.0,16.0,18126.95,3657.06,14469.89,2472.82,3.0,-0.5965,823.95,330.66,327.96,1419.15,726.87,945.21,0.2621,333.2,579.51,66.64,733.05,1.7392,0.037,4.4963,2.1208,20.0,0.0,0.0,BENIGN_WEB
18.5978,28.0,10.0,18.0,24014.58,5261.14,18753.44,1291.26,1.51,-0.5618,857.66,464.81,160.45,1500.0,920.03,779.46,0.6016,664.21,1056.88,132.84,1461.26,1.5912,0.0966,4.0684,2.4811,18.0,0.0,0.0,BENIGN_WEB
21.5204,386.0,81.0,305.0,486620.37,18836.42,467783.95,22612.06,17.94,-0.9226,1260.67,296.89,815.34,1500.0,1303.96,1077.91,0.4729,9.61,6.74,1.92,21.14,0.7019,0.1794,3.4375,2.3296,16.0,0.0,0.0,BENIGN_STREAMING
17.8741,15.0,6.0,9.0,15561.74,1540.37,14021.37,870.63,0.84,-0.802,1037.45,320.9,556.1,1500.0,1101.13,925.06,0.2881,1191.61,1217.34,238.32,2621.54,1.0216,0.124,4.9721,2.9317,9.0,0.0,0.0,BENIGN_WEB
29.3263,40.0,13.0,27.0,31927.36,7071.61,24855.75,1088.69,1.36,-0.557,798.18,336.4,293.59,1403.7,695.81,729.9,0.3102,733.16,952.53,146.63,1612.95,1.2992,0.0932,4.7818,2.731,13.0,0.0,0.0,BENIGN_WEB
14.088,23.0,7.0,16.0,17817.43,2711.61,15105.83,1264.73,1.63,-0.6956,774.67,384.86,197.38,1467.41,885.44,800.74,0.4218,612.52,811.52,122.5,1347.55,1.3249,0.0795,4.205,2.9643,17.0,0.0,0.0,BENIGN_WEB
10.5456,71.0,21.0,50.0,63096.84,8808.15,54288.69,5983.21,6.73,-0.7208,888.69,550.15,63.46,1500.0,863.71,912.38,0.4958,148.53,121.54,29.71,326.77,0.8183,0.0371,4.8172,2.9733,8.0,0.0,0.0,BENIGN_WEB
58.777,1841.0,222.0,1619.0,2397580.13,239712.28,2157867.86,40791.15,31.32,-0.8,1302.32,343.03,787.78,1500.0,1254.86,1201.45,0.3164,24.04,10.08,4.81,52.89,0.4191,0.0576,3.4277,2.3294,20.0,0.0,0.0,BENIGN_STREAMING
3.9387,21.0,7.0,14.0,13291.68,2808.62,10483.06,3374.66,5.33,-0.5774,632.94,425.84,40.0,1399.44,685.41,676.7,0.3788,187.56,215.09,37.51,412.62,1.1468,0.0958,4.7069,3.0489,14.0,0.0,0.0,BENIGN_WEB
157.3937,1321.0,194.0,1127.0,1790046.72,80509.2,1709537.52,11373.05,8.39,-0.91,1355.07,309.39,890.98,1500.0,1346.99,1437.82,0.4005,11.94,4.2,2.39,26.28,0.3513,0.121,3.8455,2.7513,22.0,0.0,0.0,BENIGN_STREAMING
3.7412,36.0,12.0,24.0,25118.71,2401.31,22717.4,6714.04,9.62,-0.8088,697.74,333.38,197.67,1297.83,687.59,788.89,0.2483,103.92,157.45,20.78,228.63,1.5151,0.1376,3.9345,2.285,9.0,0.0,0.0,BENIGN_WEB
54.7147,2081.0,266.0,1815.0,2942481.8,267862.29,2674619.51,53778.62,38.03,-0.8179,1413.97,273.91,1003.11,1500.0,1366.55,1500.5,0.4533,25.66,12.91,5.13,56.45,0.5032,0.085,3.4954,2.7967,21.0,0.0,0.0,BENIGN_STREAMING
20.9939,65.0,24.0,41.0,46777.26,6441.11,40336.15,2228.14,3.1,-0.7246,719.65,327.3,228.7,1308.8,791.34,676.16,0.1847,322.98,431.66,64.6,710.56,1.3365,0.0988,5.0459,2.8006,9.0,0.0,0.0,BENIGN_WEB
150.0285,1014.0,193.0,821.0,1293546.5,111711.53,1181834.97,8622.0,6.76,-0.8273,1275.69,396.66,680.7,1500.0,1221.41,1400.64,0.2747,25.52,10.29,5.1,56.13,0.4035,0.1436,3.2926,2.432,17.0,0.0,0.0,BENIGN_STREAMING
28.9401,59.0,23.0,36.0,58741.13,12415.5,46325.62,2029.75,2.04,-0.5773,995.61,425.99,356.63,1500.0,1116.58,1074.65,0.3471,490.51,814.86,98.1,1079.12,1.6613,0.1352,3.7119,2.9491,20.0,0.0,0.0,BENIGN_WEB
19.4067,81.0,24.0,57.0,52123.26,10140.39,41982.87,2685.84,4.17,-0.6109,643.5,326.04,154.44,1230.37,723.3,661.79,0.2578,239.59,218.86,47.92,527.1,0.9135,0.034,3.9625,2.5028,14.0,0.0,0.0,BENIGN_WEB
103.985,629.0,81.0,548.0,821777.0,34375.94,787401.06,7902.84,6.05,-0.9163,1306.48,381.45,734.31,1500.0,1266.26,1309.53,0.314,12.75,7.25,2.55,28.05,0.5686,0.1007,3.673,2.9345,10.0,0.0,0.0,BENIGN_STREAMING
4.6663,35.0,11.0,24.0,25616.75,3539.78,22076.97,5489.68,7.5,-0.7236,731.91,365.69,183.37,1390.15,726.87,745.99,0.4253,133.32,174.87,26.66,293.31,1.3116,0.1333,4.3612,2.1739,10.0,0.0,0.0,BENIGN_WEB
97.5198,1874.0,367.0,1507.0,2596589.47,112597.21,2483992.26,26626.29,19.22,-0.9133,1385.59,345.22,867.76,1500.0,1502.79,1226.05,0.4375,23.04,9.62,4.61,50.68,0.4178,0.1256,3.5425,2.4517,20.0,0.0,0.0,BENIGN_STREAMING
33.0409,1775.0,328.0,1447.0,2523474.73,275470.74,2248003.99,76374.39,53.72,-0.7817,1421.68,336.27,917.27,1500.0,1474.85,1613.97,0.4023,26.03,9.63,5.21,57.26,0.3699,0.1229,3.596,2.9712,16.0,0.0,0.0,BENIGN_STREAMING
54.8189,1101.0,218.0,883.0,1424156.61,77446.81,1346709.8,25979.29,20.08,-0.8912,1293.51,243.53,928.22,1500.0,1442.73,1397.83,0.3299,13.21,9.37,2.64,29.05,0.7093,0.1067,3.317,2.2613,10.0,0.0,0.0,BENIGN_STREAMING
13.4531,57.0,17.0,40.0,46279.79,12083.82,34195.96,3440.09,4.24,-0.4778,811.93,490.49,76.18,1500.0,866.78,848.51,0.2627,236.02,260.24,47.2,519.24,1.1026,0.0555,4.8953,2.6096,10.0,0.0,0.0,BENIGN_WEB
38.8884,773.0,144.0,629.0,993535.8,70755.12,922780.68,25548.36,19.88,-0.8576,1285.3,322.62,801.37,1500.0,1202.92,1131.18,0.5721,13.98,8.51,2.8,30.75,0.6089,0.1727,3.3802,2.2033,19.0,0.0,0.0,BENIGN_STREAMING
21.9034,67.0,27.0,40.0,45764.67,10289.61,35475.07,2089.38,3.06,-0.5503,683.05,439.0,40.0,1473.26,632.47,780.07,0.1913,326.92,330.02,65.38,719.22,1.0095,0.0814,3.8149,2.8596,8.0,0.0,0.0,BENIGN_WEB
122.796,1061.0,184.0,877.0,1496181.81,155602.77,1340579.04,12184.29,8.64,-0.792,1410.16,366.5,860.42,1500.0,1297.4,1379.88,0.3776,26.44,12.6,5.29,58.17,0.4765,0.1478,3.7198,2.7944,14.0,0.0,0.0,BENIGN_STREAMING
25.9628,21.0,6.0,15.0,21496.95,3258.31,18238.65,827.99,0.81,-0.6969,1023.66,328.74,530.56,1500.0,873.55,1058.17,0.3368,1236.32,1989.22,247.26,2719.91,1.609,0.044,4.4018,3.0911,21.0,0.0,0.0,BENIGN_WEB
28.4562,31.0,8.0,23.0,20260.97,3892.47,16368.5,712.01,1.09,-0.6158,653.58,382.74,79.47,1342.51,605.0,613.62,0.6129,917.94,1068.13,183.59,2019.47,1.1636,0.1085,4.3289,2.8453,20.0,0.0,0.0,BENIGN_WEB
2.5178,45.0,17.0,28.0,31127.01,6377.46,24749.55,12362.67,17.87,-0.5902,691.71,351.06,165.12,1323.62,628.62,640.12,0.2886,55.95,42.64,11.19,123.09,0.762,0.0146,4.6695,2.3615,13.0,0.0,0.0,BENIGN_WEB
134.969,315.0,53.0,262.0,415890.9,30357.16,385533.74,3081.38,2.33,-0.854,1320.29,391.26,733.4,1500.0,1474.65,1332.14,0.4452,16.63,10.96,3.33,36.58,0.6589,0.1629,2.9464,2.3578,20.0,0.0,0.0,BENIGN_STREAMING
8.5167,62.0,21.0,41.0,40655.98,5918.52,34737.46,4773.69,7.28,-0.7088,655.74,406.95,45.32,1388.25,674.4,596.72,0.6161,137.37,103.97,27.47,302.2,0.7569,0.0184,3.784,2.2129,20.0,0.0,0.0,BENIGN_WEB
17.1239,37.0,11.0,26.0,31211.5,6585.03,24626.47,1822.69,2.16,-0.578,843.55,382.6,269.65,1500.0,858.42,756.98,0.4108,462.81,655.88,92.56,1018.18,1.4172,0.0877,5.0374,2.8973,15.0,0.0,0.0,BENIGN_WEB
54.2956,165.0,87.0,78.0,114680.84,57708.91,56971.94,2112.16,3.04,0.0064,695.04,165.11,447.37,992.24,654.35,751.53,0.359,110.88,73.37,22.18,243.94,0.6617,0.2608,5.9461,0.6625,10.0,1.0,0.0,TOR_PROXY_TUNNEL
102.6546,1203.0,192.0,1011.0,1434432.97,43910.57,1390522.4,13973.39,11.72,-0.9388,1192.38,293.14,752.67,1500.0,1087.65,1183.03,0.2441,24.2,17.9,4.84,53.24,0.7398,0.1718,3.393,2.644,22.0,0.0,0.0,BENIGN_STREAMING
18.9558,63.0,20.0,43.0,56013.42,14135.04,41878.38,2954.95,3.32,-0.4953,889.1,558.04,52.04,1500.0,788.03,1015.8,0.3183,300.89,402.07,60.18,661.95,1.3363,0.1361,4.1807,2.712,14.0,0.0,0.0,BENIGN_WEB
8.7326,15.0,5.0,10.0,12270.36,3229.8,9040.57,1405.12,1.72,-0.4736,818.02,454.57,136.17,1500.0,921.61,901.32,0.5658,582.18,948.15,116.44,1280.79,1.6286,0.0121,4.9256,2.9084,10.0,0.0,0.0,BENIGN_WEB
4.9189,40.0,15.0,25.0,39955.97,7078.29,32877.68,8122.91,8.13,-0.6457,998.9,433.37,348.85,1500.0,961.23,1062.73,0.4496,122.97,211.75,24.59,270.54,1.7219,0.0624,4.6328,3.0898,16.0,0.0,0.0,BENIGN_WEB
60.1512,310.0,164.0,146.0,190271.35,96234.54,94036.81,3163.22,5.15,0.0116,613.78,212.7,294.73,996.63,675.82,567.18,0.615,149.19,116.26,29.84,328.22,0.7793,0.2474,5.4759,1.7119,2.0,1.0,1.0,TOR_PROXY_TUNNEL
20.9733,718.0,113.0,605.0,997750.42,90961.07,906789.35,47572.5,34.23,-0.8177,1389.62,304.75,932.51,1500.0,1287.99,1463.75,0.5777,12.99,9.06,2.6,28.57,0.6974,0.1427,3.2325,2.7287,13.0,0.0,0.0,BENIGN_STREAMING
52.3121,263.0,140.0,123.0,183900.13,76437.1,107463.03,3515.44,5.03,-0.1687,699.24,267.42,298.11,1180.6,600.73,718.5,0.3985,45.21,37.52,9.04,99.45,0.8301,0.229,5.0,0.7525,8.0,1.0,1.0,TOR_PROXY_TUNNEL
93.5615,1838.0,263.0,1575.0,2558396.11,128549.4,2429846.71,27344.55,19.64,-0.8995,1391.95,393.54,801.63,1500.0,1212.69,1563.53,0.5048,15.66,8.37,3.13,34.46,0.5341,0.1338,3.3815,2.6163,23.0,0.0,0.0,BENIGN_STREAMING
2.9021,59.0,22.0,37.0,48667.71,13412.07,35255.64,16769.72,20.33,-0.4488,824.88,526.09,40.0,1500.0,878.19,758.36,0.3775,49.19,62.02,9.84,108.21,1.2608,0.0225,4.6323,2.1067,18.0,0.0,0.0,BENIGN_WEB
156.6846,1417.0,280.0,1137.0,2023994.8,82774.54,1941220.26,12917.64,9.04,-0.9182,1428.37,403.31,823.4,1500.0,1413.4,1290.05,0.5476,14.25,9.01,2.85,31.34,0.6322,0.0739,3.3064,2.2293,23.0,0.0,0.0,BENIGN_STREAMING
82.2726,621.0,124.0,497.0,784889.35,32446.96,752442.39,9540.11,7.55,-0.9173,1263.91,294.71,821.85,1500.0,1429.6,1323.87,0.3618,27.09,19.34,5.42,59.59,0.714,0.141,3.3831,2.8897,17.0,0.0,0.0,BENIGN_STREAMING
12.2117,33.0,13.0,20.0,32564.53,7003.22,25561.31,2666.66,2.7,-0.5699,986.8,360.67,445.8,1500.0,880.9,1000.7,0.1937,370.05,605.11,74.01,814.11,1.6352,0.0472,4.2616,3.0683,15.0,0.0,0.0,BENIGN_WEB
42.2146,265.0,140.0,125.0,163760.96,73821.5,89939.45,3879.25,6.28,-0.0984,617.97,215.83,294.22,1006.46,588.79,593.84,0.6195,105.03,87.16,21.01,231.06,0.8298,0.3884,5.4473,1.4752,9.0,1.0,0.0,TOR_PROXY_TUNNEL
65.2955,1763.0,238.0,1525.0,2498676.3,228017.93,2270658.36,38267.23,27.0,-0.8175,1417.29,379.07,848.69,1500.0,1621.06,1370.31,0.348,25.62,14.06,5.12,56.36,0.5488,0.1602,3.554,2.2798,22.0,0.0,0.0,BENIGN_STREAMING
25.6736,23.0,6.0,17.0,19930.17,1903.62,18026.54,776.29,0.9,-0.809,866.53,514.6,94.62,1500.0,977.56,981.84,0.541,1116.24,1110.83,223.25,2455.74,0.9951,0.08,4.2201,3.0558,13.0,0.0,0.0,BENIGN_WEB
157.0542,487.0,102.0,385.0,579964.79,29060.7,550904.09,3692.77,3.1,-0.8998,1190.89,355.39,657.81,1500.0,1258.84,1190.58,0.4545,13.41,5.53,2.68,29.51,0.4124,0.1525,3.8052,2.2035,15.0,0.0,0.0,BENIGN_STREAMING
15.622,77.0,24.0,53.0,66854.45,10805.93,56048.53,4279.51,4.93,-0.6767,868.24,516.52,93.46,1500.0,769.86,886.98,0.3035,202.88,202.4,40.58,446.34,0.9976,0.1,3.9918,2.5504,17.0,0.0,0.0,BENIGN_WEB
56.0357,394.0,53.0,341.0,521140.09,21095.74,500044.35,9300.15,7.03,-0.919,1322.69,283.71,897.12,1500.0,1437.96,1219.29,0.2064,15.46,9.07,3.09,34.01,0.5868,0.0901,3.1179,2.3323,17.0,0.0,0.0,BENIGN_STREAMING
25.1494,18.0,7.0,11.0,11215.53,2880.54,8334.99,445.96,0.72,-0.4863,623.09,577.67,40.0,1500.0,581.72,565.95,0.3715,1397.19,1720.84,279.44,3073.82,1.2316,0.1238,3.9646,2.1545,9.0,0.0,0.0,BENIGN_WEB
7.7559,15.0,6.0,9.0,11194.21,1519.48,9674.73,1443.32,1.93,-0.7285,746.28,482.29,40.0,1500.0,822.19,686.85,0.4127,517.06,559.51,103.41,1137.53,1.0821,0.0249,4.3314,2.4274,9.0,0.0,0.0,BENIGN_WEB
3.8298,51.0,16.0,35.0,46008.74,4773.47,41235.27,12013.39,13.32,-0.7925,902.13,347.12,381.46,1500.0,859.31,883.6,0.503,75.09,109.66,15.02,165.21,1.4603,0.0825,4.9206,2.8678,8.0,0.0,0.0,BENIGN_WEB
49.5694,269.0,49.0,220.0,374967.12,36771.13,338195.99,7564.49,5.43,-0.8039,1393.93,245.56,1025.59,1500.0,1288.99,1579.61,0.4133,7.26,4.29,1.45,15.98,0.5904,0.1268,2.9374,2.5838,12.0,0.0,0.0,BENIGN_STREAMING
18.872,1917.0,353.0,1564.0,2756663.54,268596.58,2488066.96,146071.28,101.58,-0.8051,1438.01,295.65,994.53,1500.0,1254.59,1598.48,0.2107,19.43,13.17,3.89,42.75,0.6776,0.1729,3.7423,2.5739,11.0,0.0,0.0,BENIGN_STREAMING
10.4782,43.0,14.0,29.0,30039.02,3826.5,26212.52,2866.81,4.1,-0.7452,698.58,461.38,40.0,1500.0,613.07,690.82,0.1972,243.68,276.33,48.74,536.09,1.134,0.0866,4.5293,2.3379,8.0,0.0,0.0,BENIGN_WEB
16.522,77.0,27.0,50.0,73650.78,17906.06,55744.72,4457.73,4.66,-0.5138,956.5,577.68,89.99,1500.0,896.23,1063.41,0.6177,214.57,156.6,42.91,472.06,0.7298,0.0493,3.6419,2.1207,12.0,0.0,0.0,BENIGN_WEB
150.0463,432.0,52.0,380.0,608402.16,34489.37,573912.79,4054.76,2.88,-0.8866,1408.34,409.82,793.6,1500.0,1450.24,1316.68,0.4635,11.26,7.76,2.25,24.78,0.6891,0.1257,3.632,2.3578,10.0,0.0,0.0,BENIGN_STREAMING
26.2443,53.0,17.0,36.0,56893.49,15639.26,41254.23,2167.84,2.02,-0.4502,1073.46,339.59,564.07,1500.0,1106.98,1032.43,0.3741,495.18,606.36,99.04,1089.39,1.2245,0.1149,3.812,2.9642,13.0,0.0,0.0,BENIGN_WEB
90.1349,872.0,164.0,708.0,1042206.73,36809.83,1005396.9,11562.74,9.67,-0.9294,1195.19,390.14,609.99,1500.0,1075.85,1129.25,0.4166,6.08,3.35,1.22,13.38,0.5512,0.1624,3.2337,2.8745,15.0,0.0,0.0,BENIGN_STREAMING
72.8635,320.0,170.0,150.0,238961.86,118326.15,120635.71,3279.58,4.39,-0.0097,746.76,253.87,365.95,1203.73,762.89,709.73,0.5761,72.59,45.97,14.52,159.69,0.6333,0.3719,5.4281,1.0653,8.0,1.0,1.0,TOR_PROXY_TUNNEL
16.2371,67.0,26.0,41.0,44065.1,4171.86,39893.24,2713.85,4.13,-0.8107,657.69,477.15,40.0,1500.0,585.96,715.83,0.5103,242.34,349.0,48.47,533.16,1.4401,0.0314,4.5409,2.2734,14.0,0.0,0.0,BENIGN_WEB
6.7516,63.0,26.0,37.0,67512.16,17214.32,50297.84,9999.48,9.33,-0.49,1071.62,575.25,208.75,1500.0,1014.34,1202.66,0.492,107.17,132.08,21.43,235.77,1.2325,0.0431,3.7155,2.9515,13.0,0.0,0.0,BENIGN_WEB
10.2103,46.0,17.0,29.0,39952.72,4725.46,35227.27,3912.99,4.51,-0.7634,868.54,517.52,92.26,1500.0,968.14,740.5,0.544,221.96,228.81,44.39,488.32,1.0309,0.0252,4.0331,2.6142,19.0,0.0,0.0,BENIGN_WEB
31.4809,65.0,19.0,46.0,47050.89,11734.0,35316.89,1494.59,2.06,-0.5012,723.86,544.7,40.0,1500.0,675.29,705.05,0.4022,484.32,457.86,96.86,1065.51,0.9454,0.1183,3.7942,2.7865,14.0,0.0,0.0,BENIGN_WEB
111.3525,280.0,50.0,230.0,396891.78,14342.74,382549.04,3564.28,2.51,-0.9277,1417.47,298.41,969.86,1500.0,1479.43,1317.42,0.3059,6.62,4.33,1.32,14.55,0.6539,0.1242,3.88,2.5059,15.0,0.0,0.0,BENIGN_STREAMING
24.7888,46.0,19.0,27.0,43380.12,12566.53,30813.59,1749.99,1.86,-0.4206,943.05,386.88,362.72,1500.0,892.65,882.72,0.3254,538.89,925.95,107.78,1185.55,1.7183,0.0881,3.9911,2.519,9.0,0.0,0.0,BENIGN_WEB
63.2439,219.0,114.0,105.0,120188.23,63155.1,57033.13,1900.39,3.46,0.0509,548.8,257.05,163.23,1011.49,584.79,517.43,0.3929,156.88,98.28,31.38,345.14,0.6265,0.3159,5.4509,1.6534,9.0,1.0,1.0,TOR_PROXY_TUNNEL
29.6611,1136.0,204.0,932.0,1347619.5,56445.37,1291174.14,45433.98,38.3,-0.9162,1186.28,278.69,768.25,1500.0,1135.18,1012.85,0.606,12.18,5.03,2.44,26.8,0.4132,0.1278,3.7194,2.9283,15.0,0.0,0.0,BENIGN_STREAMING
6.4813,79.0,28.0,51.0,71634.75,17072.95,54561.8,11052.49,12.19,-0.5233,906.77,416.4,282.17,1500.0,788.28,860.56,0.2945,82.04,58.44,16.41,180.49,0.7123,0.0583,3.7773,2.8329,9.0,0.0,0.0,BENIGN_WEB
28.2914,80.0,23.0,57.0,84198.43,17553.19,66645.25,2976.11,2.83,-0.5831,1052.48,353.53,522.18,1500.0,1050.94,1034.62,0.5062,353.64,472.1,70.73,778.01,1.335,0.0484,4.7964,2.1395,9.0,0.0,0.0,BENIGN_WEB
151.3791,509.0,99.0,410.0,659775.03,28780.7,630994.33,4358.43,3.36,-0.9128,1296.22,353.14,766.51,1500.0,1139.68,1273.36,0.3703,20.87,15.62,4.17,45.92,0.7483,0.1269,3.8243,2.8089,22.0,0.0,0.0,BENIGN_STREAMING
17.1833,43.0,14.0,29.0,31327.64,8795.27,22532.37,1823.14,2.5,-0.4385,728.55,521.9,40.0,1500.0,765.34,707.81,0.5423,399.61,430.59,79.92,879.15,1.0775,0.032,4.9679,2.5806,18.0,0.0,0.0,BENIGN_WEB
103.7834,1587.0,239.0,1348.0,2199019.38,222270.12,1976749.26,21188.55,15.29,-0.7978,1385.65,282.74,961.53,1500.0,1516.36,1479.55,0.2397,8.63,6.28,1.73,18.98,0.7275,0.119,3.2514,2.5311,19.0,0.0,0.0,BENIGN_STREAMING
11.7619,84.0,30.0,54.0,62211.41,14747.31,47464.1,5289.24,7.14,-0.5259,740.61,356.33,206.11,1382.01,784.48,744.34,0.4256,140.02,113.85,28.0,308.05,0.813,0.1053,4.9083,2.1904,11.0,0.0,0.0,BENIGN_WEB
12.5062,212.0,111.0,101.0,142774.95,76838.51,65936.44,11416.35,16.95,0.0764,673.47,315.63,200.02,1241.6,768.2,772.94,0.5197,140.26,88.66,28.05,308.58,0.6321,0.4505,5.6015,1.0304,1.0,1.0,1.0,TOR_PROXY_TUNNEL
125.8886,871.0,191.0,680.0,1178890.8,111552.95,1067337.85,9364.56,6.92,-0.8107,1353.49,370.09,798.36,1500.0,1501.8,1470.94,0.3457,16.65,10.49,3.33,36.63,0.6301,0.1503,3.5425,2.8017,20.0,0.0,0.0,BENIGN_STREAMING
28.3488,74.0,21.0,53.0,54675.07,9956.46,44718.61,1928.66,2.61,-0.6358,738.85,358.53,201.06,1384.2,831.13,663.85,0.3009,383.09,641.36,76.62,842.8,1.6742,0.113,4.7475,2.2244,20.0,0.0,0.0,BENIGN_WEB
2.637,69.0,28.0,41.0,55231.19,11080.87,44150.32,20944.99,26.17,-0.5987,800.45,324.74,313.34,1384.99,777.88,863.49,0.2723,38.22,64.74,7.64,84.08,1.6939,0.0509,3.6305,2.1235,20.0,0.0,0.0,BENIGN_WEB
83.5367,1169.0,189.0,980.0,1529244.88,135521.17,1393723.71,18306.26,13.99,-0.8228,1308.16,272.02,900.14,1500.0,1398.88,1210.65,0.6154,22.89,17.34,4.58,50.35,0.7574,0.0999,3.2856,2.4142,23.0,0.0,0.0,BENIGN_STREAMING
11.0656,19.0,6.0,13.0,12052.22,1470.85,10581.37,1089.16,1.72,-0.7559,634.33,541.64,40.0,1500.0,719.43,596.62,0.3593,582.4,671.77,116.48,1281.28,1.1534,0.083,3.6037,2.7502,13.0,0.0,0.0,BENIGN_WEB
27.1648,64.0,23.0,41.0,44157.86,8646.44,35511.41,1625.55,2.36,-0.6084,689.97,339.96,180.03,1301.89,642.88,658.67,0.2767,424.45,520.75,84.89,933.79,1.2269,0.0943,4.4039,2.9061,9.0,0.0,0.0,BENIGN_WEB
27.8208,23.0,7.0,16.0,19438.92,4810.88,14628.04,698.72,0.83,-0.505,845.17,472.63,136.23,1500.0,831.69,874.48,0.5172,1209.6,1948.86,241.92,2661.12,1.6112,0.0709,4.929,3.092,11.0,0.0,0.0,BENIGN_WEB
130.8419,1435.0,247.0,1188.0,1918449.42,163014.29,1755435.13,14662.35,10.97,-0.8301,1336.9,317.64,860.44,1500.0,1388.61,1206.52,0.38,11.04,5.29,2.21,24.29,0.4789,0.1588,3.3501,2.941,16.0,0.0,0.0,BENIGN_STREAMING
16.777,141.0,73.0,68.0,89558.55,48085.04,41473.51,5338.16,8.4,0.0738,635.17,196.03,341.12,988.02,611.98,666.14,0.3309,78.15,38.59,15.63,171.93,0.4937,0.2753,4.8276,0.0401,2.0,1.0,0.0,TOR_PROXY_TUNNEL
16.9869,182.0,97.0,85.0,115731.79,66652.65,49079.15,6813.02,10.71,0.1518,635.89,230.52,290.11,1050.82,722.75,620.03,0.2628,237.05,128.88,47.41,521.5,0.5437,0.3293,5.974,0.609,10.0,1.0,0.0,TOR_PROXY_TUNNEL
16.6056,58.0,23.0,35.0,36881.33,6298.79,30582.54,2221.01,3.49,-0.6584,635.88,577.3,40.0,1500.0,559.18,648.39,0.3841,286.3,427.85,57.26,629.87,1.4944,0.0757,4.3962,2.7259,8.0,0.0,0.0,BENIGN_WEB
31.1833,366.0,191.0,175.0,207284.8,86155.05,121129.75,6647.31,11.74,-0.1687,566.35,272.21,158.04,1056.33,568.53,516.12,0.1994,127.21,85.39,25.44,279.86,0.6713,0.2353,4.6249,1.4256,11.0,1.0,0.0,TOR_PROXY_TUNNEL
6.237,35.0,11.0,24.0,27057.33,4817.93,22239.4,4338.17,5.61,-0.6439,773.07,420.0,143.06,1500.0,749.84,850.37,0.4357,178.2,187.26,35.64,392.04,1.0509,0.0967,3.6359,2.5597,21.0,0.0,0.0,BENIGN_WEB
9.1252,31.0,12.0,19.0,26896.64,2946.31,23950.33,2947.5,3.4,-0.7809,867.63,323.46,382.44,1449.86,982.44,834.62,0.5374,294.36,276.53,58.87,647.6,0.9394,0.0451,4.8003,3.0009,17.0,0.0,0.0,BENIGN_WEB
55.7301,284.0,142.0,142.0,181839.14,93374.07,88465.07,3262.85,5.1,0.027,640.28,254.05,259.2,1097.57,734.69,728.7,0.2199,116.74,58.81,23.35,256.83,0.5038,0.2958,4.6942,1.1872,2.0,1.0,0.0,TOR_PROXY_TUNNEL
139.1066,1557.0,197.0,1360.0,2142141.7,126295.88,2015845.82,15399.28,11.19,-0.8821,1375.81,374.75,813.69,1500.0,1333.24,1181.22,0.3901,12.16,5.95,2.43,26.76,0.489,0.1005,3.1398,2.5393,12.0,0.0,0.0,BENIGN_STREAMING
1.98,38.0,10.0,28.0,25277.47,4119.97,21157.5,12766.36,19.19,-0.674,665.2,401.08,63.57,1387.14,738.99,605.23,0.51,52.11,52.04,10.42,114.63,0.9988,0.0618,4.3489,2.329,20.0,0.0,0.0,BENIGN_WEB
32.3331,347.0,176.0,171.0,198109.18,114461.04,83648.14,6127.13,10.73,0.1555,570.92,269.58,166.55,1056.16,609.64,524.71,0.5293,96.85,74.14,19.37,213.07,0.7655,0.3483,5.985,0.9599,3.0,0.0,1.0,TOR_PROXY_TUNNEL
52.6619,54.0,28.0,26.0,37916.89,21382.25,16534.64,720.01,1.03,0.1278,702.16,183.9,426.32,1033.18,790.78,803.42,0.2018,277.93,187.94,55.59,611.45,0.6762,0.3276,5.3938,0.1952,11.0,1.0,0.0,TOR_PROXY_TUNNEL
61.1203,61.0,30.0,31.0,34088.45,15394.87,18693.58,557.73,1.0,-0.0968,558.83,207.8,247.12,932.87,495.89,567.66,0.4204,176.87,112.63,35.37,389.1,0.6368,0.4274,5.8584,1.6577,7.0,1.0,0.0,TOR_PROXY_TUNNEL
24.6789,19.0,7.0,12.0,13648.36,2881.04,10767.32,553.04,0.77,-0.5778,718.33,522.66,40.0,1500.0,743.77,726.45,0.4304,1298.89,1592.8,259.78,2857.55,1.2263,0.0133,4.7423,2.337,16.0,0.0,0.0,BENIGN_WEB
31.2224,32.0,13.0,19.0,24047.8,4827.18,19220.62,770.21,1.02,-0.5985,751.49,358.57,213.63,1396.93,729.19,750.4,0.5251,975.7,1136.42,195.14,2146.54,1.1647,0.0488,4.7299,2.7577,14.0,0.0,0.0,BENIGN_WEB
36.2121,63.0,31.0,32.0,41989.84,21050.68,20939.17,1159.55,1.74,0.0027,666.51,228.68,323.49,1078.12,758.73,635.78,0.6049,209.37,128.1,41.87,460.62,0.6118,0.2658,5.0612,0.7762,1.0,1.0,1.0,TOR_PROXY_TUNNEL
5.6342,63.0,21.0,42.0,60010.91,17092.23,42918.68,10651.09,11.18,-0.4304,952.55,549.48,128.33,1500.0,1046.11,1045.53,0.2428,89.43,81.23,17.89,196.75,0.9083,0.0596,3.7627,3.022,8.0,0.0,0.0,BENIGN_WEB
77.6674,993.0,179.0,814.0,1189850.46,107093.44,1082757.02,15319.82,12.79,-0.82,1198.24,316.78,723.06,1500.0,1169.38,1118.81,0.4265,22.93,9.14,4.59,50.45,0.3984,0.1742,3.2641,2.4243,12.0,0.0,0.0,BENIGN_STREAMING
29.1987,32.0,11.0,21.0,26944.39,7738.21,19206.18,922.79,1.1,-0.4256,842.01,480.36,121.48,1500.0,836.58,945.19,0.2398,912.46,1180.31,182.49,2007.41,1.2935,0.1331,4.3267,2.8884,12.0,0.0,0.0,BENIGN_WEB
24.4744,37.0,15.0,22.0,32136.4,3169.36,28967.04,1313.06,1.51,-0.8028,868.55,505.58,110.18,1500.0,744.96,762.3,0.1822,661.47,638.64,132.29,1455.24,0.9655,0.1382,3.7601,2.3002,9.0,0.0,0.0,BENIGN_WEB
5.245,67.0,26.0,41.0,53209.61,10484.39,42725.22,10144.79,12.77,-0.6059,794.17,470.83,87.92,1500.0,743.48,764.64,0.3498,78.28,80.78,15.66,172.22,1.0319,0.0315,4.0412,3.0291,13.0,0.0,0.0,BENIGN_WEB
54.157,253.0,125.0,128.0,178083.78,87242.06,90841.72,3288.29,4.67,-0.0202,703.89,167.54,452.58,1005.46,786.58,709.81,0.3925,176.91,82.79,35.38,389.21,0.4679,0.2833,4.9784,1.1809,6.0,1.0,1.0,TOR_PROXY_TUNNEL
11.1658,79.0,31.0,48.0,56893.38,8228.34,48665.04,5095.31,7.08,-0.7107,720.17,493.36,40.0,1500.0,738.16,805.9,0.5808,141.34,187.98,28.27,310.95,1.33,0.1087,4.4197,2.8416,16.0,0.0,0.0,BENIGN_WEB
11.4788,61.0,17.0,44.0,59212.49,16365.24,42847.25,5158.4,5.31,-0.4472,970.7,344.75,453.58,1500.0,1106.67,868.56,0.3583,188.18,170.88,37.64,413.99,0.9081,0.0255,4.2637,3.0071,11.0,0.0,0.0,BENIGN_WEB
66.0751,1713.0,332.0,1381.0,2041965.58,141712.79,1900252.78,30903.71,25.93,-0.8612,1192.04,398.93,593.64,1500.0,1347.14,1360.5,0.2265,10.39,5.22,2.08,22.87,0.5022,0.1267,3.0119,2.7581,20.0,0.0,0.0,BENIGN_STREAMING
131.9465,1821.0,351.0,1470.0,2232141.62,146175.8,2085965.82,16917.02,13.8,-0.869,1225.78,352.71,696.71,1500.0,1134.87,1262.43,0.4254,19.33,13.13,3.87,42.53,0.6792,0.0655,3.3009,2.4141,19.0,0.0,0.0,BENIGN_STREAMING
25.4817,20.0,7.0,13.0,14339.71,2290.08,12049.63,562.74,0.78,-0.6806,716.99,471.46,40.0,1500.0,660.22,727.19,0.2847,1274.09,1612.19,254.82,2802.99,1.2654,0.1095,4.8836,2.696,16.0,0.0,0.0,BENIGN_WEB
29.8917,100.0,51.0,49.0,56975.85,25859.47,31116.38,1906.08,3.35,-0.0923,569.76,264.52,172.97,1045.9,510.66,598.18,0.5401,210.76,175.46,42.15,463.67,0.8325,0.229,4.8482,1.2999,9.0,1.0,0.0,TOR_PROXY_TUNNEL
28.4599,52.0,18.0,34.0,47044.8,7480.54,39564.25,1653.02,1.83,-0.682,904.71,520.88,123.39,1500.0,823.16,936.18,0.4068,547.31,873.82,109.46,1204.07,1.5966,0.0403,4.3138,2.4156,14.0,0.0,0.0,BENIGN_WEB
24.6683,67.0,35.0,32.0,51376.29,23044.53,28331.75,2082.68,2.72,-0.1029,766.81,262.44,373.14,1239.21,752.81,732.95,0.511,71.31,37.76,14.26,156.87,0.5296,0.2613,5.933,1.3706,8.0,1.0,0.0,TOR_PROXY_TUNNEL
89.6325,424.0,68.0,356.0,532108.25,41612.55,490495.69,5936.55,4.73,-0.8436,1254.97,415.79,631.29,1500.0,1256.2,1120.98,0.3206,10.88,5.57,2.18,23.93,0.5126,0.0907,3.0046,2.6018,13.0,0.0,0.0,BENIGN_STREAMING
14.9337,62.0,19.0,43.0,51675.03,14775.97,36899.06,3460.29,4.15,-0.4281,833.47,545.82,40.0,1500.0,725.87,819.84,0.5707,240.87,353.53,48.17,529.91,1.4677,0.0337,4.6779,3.0845,16.0,0.0,0.0,BENIGN_WEB
69.9111,164.0,82.0,82.0,98898.04,46816.2,52081.84,1414.62,2.35,-0.0532,603.04,279.29,184.1,1105.76,539.87,534.41,0.1897,204.13,141.48,40.83,449.1,0.6931,0.3163,5.6103,0.6711,6.0,1.0,1.0,TOR_PROXY_TUNNEL
22.7339,27.0,11.0,16.0,23725.31,3111.33,20613.98,1043.61,1.19,-0.7377,878.72,506.65,118.75,1500.0,933.82,905.52,0.4103,841.99,716.3,168.4,1852.39,0.8507,0.1199,4.6696,2.6437,14.0,0.0,0.0,BENIGN_WEB
33.4793,88.0,47.0,41.0,63979.38,35820.14,28159.24,1911.01,2.63,0.1197,727.04,171.01,470.52,1034.86,815.16,757.45,0.202,142.34,120.54,28.47,313.14,0.8469,0.4773,5.7779,0.4522,5.0,1.0,1.0,TOR_PROXY_TUNNEL
23.9782,25.0,8.0,17.0,19291.77,3144.03,16147.74,804.55,1.04,-0.6741,771.67,422.91,137.31,1500.0,714.82,682.99,0.2975,959.13,1200.15,191.83,2110.08,1.2513,0.0103,4.3291,2.2431,10.0,0.0,0.0,BENIGN_WEB
109.4833,1520.0,245.0,1275.0,1934056.61,162221.45,1771835.16,17665.32,13.88,-0.8322,1272.41,266.51,872.65,1500.0,1374.68,1262.33,0.3168,12.02,4.44,2.4,26.43,0.3699,0.1652,3.6807,2.8336,19.0,0.0,0.0,BENIGN_STREAMING
26.4348,82.0,42.0,40.0,50694.88,19915.54,30779.33,1917.74,3.1,-0.2143,618.23,193.85,327.46,967.16,571.94,588.29,0.4008,195.57,84.48,39.11,430.26,0.432,0.4055,5.2655,0.1178,8.0,0.0,1.0,TOR_PROXY_TUNNEL
150.6006,1425.0,304.0,1121.0,1737693.69,137904.54,1599789.15,11538.43,9.46,-0.8413,1219.43,324.59,732.54,1500.0,1333.34,1067.42,0.2996,12.83,5.37,2.57,28.23,0.4186,0.1474,2.9629,2.5757,11.0,0.0,0.0,BENIGN_STREAMING
18.1106,24.0,7.0,17.0,16187.66,2041.56,14146.1,893.82,1.33,-0.7478,674.49,417.29,48.55,1425.61,767.23,728.38,0.5227,754.61,625.17,150.92,1660.14,0.8285,0.1056,4.368,2.5293,18.0,0.0,0.0,BENIGN_WEB
28.177,63.0,19.0,44.0,65918.73,6561.77,59356.97,2339.45,2.24,-0.8009,1046.33,488.89,313.0,1500.0,1074.28,1073.03,0.2871,447.25,513.26,89.45,983.96,1.1476,0.0111,4.3012,2.9343,15.0,0.0,0.0,BENIGN_WEB
153.8194,2037.0,411.0,1626.0,2506089.62,198286.28,2307803.34,16292.42,13.24,-0.8418,1230.28,327.96,738.34,1500.0,1229.07,1407.99,0.5114,24.31,17.18,4.86,53.48,0.7068,0.0629,3.0392,2.2148,22.0,0.0,0.0,BENIGN_STREAMING
12.2253,71.0,23.0,48.0,52106.71,10470.73,41635.98,4262.2,5.81,-0.5981,733.9,362.77,189.74,1386.89,657.25,713.98,0.2144,172.19,155.34,34.44,378.81,0.9021,0.067,4.768,2.6985,17.0,0.0,0.0,BENIGN_WEB
15.8951,217.0,110.0,107.0,140486.94,54896.42,85590.52,8838.38,13.65,-0.2185,647.41,223.21,312.6,1049.18,711.46,704.0,0.5675,276.16,152.37,55.23,607.56,0.5517,0.3373,5.0018,1.454,7.0,1.0,0.0,TOR_PROXY_TUNNEL
6.075,50.0,15.0,35.0,53510.42,11684.21,41826.21,8808.29,8.23,-0.5633,1070.21,552.4,241.61,1500.0,1018.75,921.33,0.3749,121.5,149.58,24.3,267.3,1.2311,0.0313,4.2425,2.6518,14.0,0.0,0.0,BENIGN_WEB
8.9945,46.0,14.0,32.0,43446.8,7312.73,36134.07,4830.36,5.11,-0.6634,944.5,388.1,362.34,1500.0,1044.62,984.36,0.4181,195.53,157.93,39.11,430.17,0.8077,0.056,4.7344,2.5034,11.0,0.0,0.0,BENIGN_WEB
30.5361,22.0,8.0,14.0,14244.09,2343.48,11900.61,466.47,0.72,-0.671,647.46,477.73,40.0,1500.0,660.21,715.9,0.3663,1388.01,1394.05,277.6,3053.61,1.0044,0.0349,4.7607,2.803,18.0,0.0,0.0,BENIGN_WEB
76.278,147.0,78.0,69.0,106307.48,44974.51,61332.97,1393.68,1.93,-0.1539,723.18,245.02,355.65,1164.22,701.57,641.36,0.5355,158.47,105.62,31.69,348.64,0.6665,0.4706,5.5455,1.3839,7.0,1.0,0.0,TOR_PROXY_TUNNEL
74.7604,308.0,58.0,250.0,438383.54,42195.67,396187.86,5863.85,4.12,-0.8075,1423.32,406.33,813.83,1500.0,1511.15,1290.28,0.439,18.8,11.78,3.76,41.35,0.6264,0.1272,3.6315,2.4097,11.0,0.0,0.0,BENIGN_STREAMING
53.8339,219.0,108.0,111.0,125161.6,67584.1,57577.51,2324.96,4.07,0.0799,571.51,319.46,92.32,1146.55,609.16,499.0,0.3754,277.64,205.17,55.53,610.81,0.739,0.4138,4.8419,1.7017,11.0,1.0,1.0,TOR_PROXY_TUNNEL
19.5371,84.0,24.0,60.0,81614.73,18818.68,62796.05,4177.42,4.3,-0.5388,971.6,359.82,431.87,1500.0,850.57,877.23,0.5665,232.58,349.15,46.52,511.69,1.5012,0.0634,4.8715,2.3298,11.0,0.0,0.0,BENIGN_WEB
17.7526,52.0,19.0,33.0,45385.02,7018.28,38366.74,2556.52,2.93,-0.6907,872.79,336.26,368.4,1478.05,839.48,941.77,0.2709,341.4,301.88,68.28,751.07,0.8843,0.1291,4.6384,3.0077,11.0,0.0,0.0,BENIGN_WEB
92.7038,1744.0,331.0,1413.0,2259209.77,66790.77,2192419.0,24370.19,18.81,-0.9409,1295.42,327.36,804.38,1500.0,1194.5,1211.56,0.216,26.49,11.31,5.3,58.27,0.4269,0.1744,2.9364,2.6823,19.0,0.0,0.0,BENIGN_STREAMING
116.3274,1403.0,190.0,1213.0,1669365.58,122034.96,1547330.62,14350.58,12.06,-0.8538,1189.85,390.77,603.7,1500.0,1238.07,1065.5,0.3163,18.63,8.64,3.73,40.99,0.4639,0.1721,3.7554,2.4969,13.0,0.0,0.0,BENIGN_STREAMING
17.5355,48.0,18.0,30.0,45628.13,9855.17,35772.96,2602.04,2.74,-0.568,950.59,409.12,336.91,1500.0,814.45,979.57,0.2167,365.32,573.18,73.06,803.71,1.569,0.0356,3.6556,3.0237,13.0,0.0,0.0,BENIGN_WEB
93.4142,335.0,64.0,271.0,433117.75,18402.52,414715.22,4636.53,3.59,-0.915,1292.89,324.04,806.83,1500.0,1129.06,1251.7,0.3457,15.53,6.25,3.11,34.16,0.4027,0.1372,3.7623,2.664,12.0,0.0,0.0,BENIGN_STREAMING
24.3755,53.0,14.0,39.0,55978.5,12566.77,43411.73,2296.51,2.17,-0.551,1056.2,426.3,416.74,1500.0,1202.18,958.12,0.4074,459.92,684.92,91.98,1011.81,1.4892,0.1016,4.5824,2.893,9.0,0.0,0.0,BENIGN_WEB
76.3673,77.0,41.0,36.0,45123.2,23597.12,21526.08,590.87,1.01,0.0459,586.02,225.45,247.83,991.83,583.42,574.17,0.3139,121.48,51.89,24.3,267.25,0.4271,0.4648,5.0001,0.8161,6.0,1.0,0.0,TOR_PROXY_TUNNEL
148.7207,1283.0,168.0,1115.0,1654778.94,117565.98,1537212.96,11126.76,8.63,-0.8579,1289.77,298.93,841.38,1500.0,1211.23,1207.48,0.303,16.62,6.27,3.32,36.56,0.3772,0.0901,3.0853,2.2693,14.0,0.0,0.0,BENIGN_STREAMING
29.5635,1480.0,217.0,1263.0,1977546.57,53036.43,1924510.14,66891.58,50.06,-0.9464,1336.18,249.83,961.44,1500.0,1483.36,1521.17,0.3899,19.25,9.57,3.85,42.36,0.4972,0.0865,3.0317,2.2615,20.0,0.0,0.0,BENIGN_STREAMING
11.9008,68.0,25.0,43.0,42896.03,9864.52,33031.51,3604.47,5.71,-0.5401,630.82,504.8,40.0,1500.0,666.93,573.37,0.6007,175.01,210.42,35.0,385.03,1.2023,0.0177,4.2768,2.2955,8.0,0.0,0.0,BENIGN_WEB
21.0091,48.0,16.0,32.0,50798.44,9879.81,40918.63,2417.92,2.28,-0.611,1058.3,531.49,261.07,1500.0,1211.37,954.22,0.5202,437.69,463.54,87.54,962.92,1.0591,0.018,5.0224,2.5474,9.0,0.0,0.0,BENIGN_WEB
6.3466,53.0,15.0,38.0,50043.81,7372.95,42670.86,7885.18,8.35,-0.7053,944.22,372.95,384.8,1500.0,879.48,978.76,0.2806,119.75,118.61,23.95,263.44,0.9905,0.0677,3.8426,2.1629,17.0,0.0,0.0,BENIGN_WEB
3.9341,75.0,26.0,49.0,72261.95,19547.21,52714.73,18368.33,19.06,-0.459,963.49,426.47,323.78,1500.0,934.28,1044.08,0.5674,52.45,64.58,10.49,115.4,1.2312,0.0388,4.0426,2.8367,18.0,0.0,0.0,BENIGN_WEB
48.5229,306.0,164.0,142.0,189689.65,93783.67,95905.98,3909.28,6.31,-0.0112,619.9,245.9,251.06,1062.51,557.27,576.83,0.4236,56.1,34.68,11.22,123.41,0.6182,0.443,4.92,0.5734,0.0,1.0,0.0,TOR_PROXY_TUNNEL
147.2856,301.0,63.0,238.0,383707.66,16519.43,367188.23,2605.2,2.04,-0.9139,1274.78,405.6,666.38,1500.0,1319.25,1259.66,0.1909,16.21,12.25,3.24,35.66,0.7559,0.1268,3.572,2.8011,12.0,0.0,0.0,BENIGN_STREAMING
75.9827,350.0,177.0,173.0,212428.23,87438.59,124989.64,2795.74,4.61,-0.1768,606.94,239.07,248.33,1037.26,658.68,599.84,0.3836,209.93,178.19,41.99,461.84,0.8488,0.4079,5.9872,1.7716,8.0,1.0,0.0,TOR_PROXY_TUNNEL
107.8854,1800.0,379.0,1421.0,2302869.8,81982.89,2220886.92,21345.53,16.68,-0.9288,1279.37,383.59,703.99,1500.0,1290.51,1211.89,0.295,24.59,9.3,4.92,54.09,0.3781,0.1641,3.0327,2.808,14.0,0.0,0.0,BENIGN_STREAMING
105.9149,682.0,142.0,540.0,836693.14,27254.29,809438.84,7899.67,6.44,-0.9349,1226.82,334.63,724.88,1500.0,1381.1,1053.47,0.203,22.7,11.86,4.54,49.95,0.5223,0.0864,2.9443,2.3306,13.0,0.0,0.0,BENIGN_STREAMING
28.9523,34.0,10.0,24.0,35210.79,5696.75,29514.04,1216.17,1.17,-0.6764,1035.61,473.54,325.31,1500.0,914.96,1048.01,0.3714,851.54,1347.02,170.31,1873.38,1.5819,0.1201,4.2574,2.4663,21.0,0.0,0.0,BENIGN_WEB
41.0612,1942.0,336.0,1606.0,2540272.78,98139.99,2442132.79,61865.56,47.3,-0.9227,1308.07,274.71,896.0,1500.0,1134.91,1369.58,0.2237,26.98,17.31,5.4,59.35,0.6415,0.1476,3.0248,2.7144,11.0,0.0,0.0,BENIGN_STREAMING
103.2084,1512.0,218.0,1294.0,1886700.5,169106.18,1717594.32,18280.49,14.65,-0.8207,1247.82,288.29,815.38,1500.0,1341.69,1304.48,0.3748,23.79,12.39,4.76,52.34,0.5209,0.0827,3.3173,2.6535,22.0,0.0,0.0,BENIGN_STREAMING
147.5728,2189.0,362.0,1827.0,2638464.61,159346.39,2479118.21,17879.07,14.83,-0.8792,1205.33,325.78,716.66,1500.0,1133.89,1049.69,0.3697,14.63,10.55,2.93,32.18,0.7212,0.0926,3.4975,2.6333,23.0,0.0,0.0,BENIGN_STREAMING
104.6989,994.0,135.0,859.0,1212817.31,87708.0,1125109.31,11583.86,9.49,-0.8554,1220.14,358.17,682.88,1500.0,1156.82,1100.58,0.4451,6.49,3.46,1.3,14.28,0.533,0.0914,3.4226,2.3539,15.0,0.0,0.0,BENIGN_STREAMING
27.7285,40.0,15.0,25.0,31914.74,3063.72,28851.02,1150.97,1.44,-0.808,797.87,501.45,45.69,1500.0,848.23,903.85,0.2538,693.21,780.81,138.64,1525.07,1.1264,0.0585,4.4053,2.9084,14.0,0.0,0.0,BENIGN_WEB
12.0596,81.0,24.0,57.0,82785.75,14580.61,68205.14,6864.72,6.72,-0.6478,1022.05,415.36,399.0,1500.0,1029.55,1140.1,0.5931,148.88,165.38,29.78,327.54,1.1108,0.1074,4.823,2.7435,10.0,0.0,0.0,BENIGN_WEB
146.9857,1982.0,394.0,1588.0,2551574.2,79967.26,2471606.94,17359.34,13.48,-0.9373,1287.37,414.96,664.93,1500.0,1438.4,1393.41,0.4365,6.57,3.3,1.31,14.46,0.5026,0.1781,3.4694,2.7433,12.0,0.0,0.0,BENIGN_STREAMING
159.3058,547.0,74.0,473.0,704397.65,45481.17,658916.48,4421.67,3.43,-0.8709,1287.75,359.01,749.23,1500.0,1127.48,1403.57,0.5092,21.64,15.01,4.33,47.6,0.6936,0.0955,3.3025,2.8178,11.0,0.0,0.0,BENIGN_STREAMING
78.1164,2048.0,318.0,1730.0,2703646.67,186148.33,2517498.34,34610.49,26.22,-0.8623,1320.14,248.02,948.1,1500.0,1506.82,1308.7,0.2384,11.52,5.93,2.3,25.34,0.5152,0.0844,3.3265,2.8886,13.0,0.0,0.0,BENIGN_STREAMING
17.216,44.0,13.0,31.0,39771.11,7032.32,32738.8,2310.13,2.56,-0.6464,903.89,370.87,347.59,1500.0,884.97,903.83,0.3624,391.27,412.08,78.25,860.8,1.0532,0.0903,3.6711,3.0594,17.0,0.0,0.0,BENIGN_WEB
14.6793,27.0,7.0,20.0,21049.91,3788.83,17261.08,1433.98,1.84,-0.64,779.63,338.37,272.07,1388.7,697.07,719.09,0.2289,543.68,705.67,108.74,1196.09,1.2979,0.0794,4.0452,2.4911,16.0,0.0,0.0,BENIGN_WEB
31.9605,170.0,84.0,86.0,126846.43,75939.29,50907.14,3968.85,5.32,0.1973,746.16,260.48,355.44,1215.02,675.59,642.74,0.211,77.65,38.05,15.53,170.82,0.4901,0.254,5.9489,0.7253,10.0,1.0,0.0,TOR_PROXY_TUNNEL
28.0825,20.0,5.0,15.0,14575.79,1860.84,12714.95,519.03,0.71,-0.7447,728.79,425.73,90.19,1495.11,755.14,657.4,0.3906,1404.13,1768.37,280.83,3089.08,1.2594,0.0559,4.9234,2.3603,20.0,0.0,0.0,BENIGN_WEB
41.4426,328.0,159.0,169.0,195810.16,87934.48,107875.67,4724.86,7.91,-0.1018,596.98,163.96,351.05,892.11,589.77,650.4,0.4328,139.66,58.98,27.93,307.25,0.4223,0.354,5.8713,0.6231,8.0,1.0,1.0,TOR_PROXY_TUNNEL
84.1889,776.0,142.0,634.0,938837.11,30208.8,908628.32,11151.56,9.22,-0.9356,1209.84,316.67,734.83,1500.0,1131.83,1100.17,0.2763,22.58,8.82,4.52,49.67,0.3905,0.1465,3.459,2.7796,10.0,0.0,0.0,BENIGN_STREAMING
57.8921,199.0,106.0,93.0,144948.62,74565.35,70383.27,2503.77,3.44,0.0289,728.39,288.1,296.24,1246.96,625.84,810.04,0.3722,262.86,205.18,52.57,578.28,0.7806,0.3897,4.9054,0.1565,5.0,1.0,1.0,TOR_PROXY_TUNNEL
22.0043,18.0,5.0,13.0,12610.32,2290.89,10319.43,573.08,0.82,-0.6367,700.57,521.25,40.0,1500.0,686.73,643.72,0.2329,1222.46,1526.72,244.49,2689.41,1.2489,0.1168,4.7049,2.9932,9.0,0.0,0.0,BENIGN_WEB
70.1548,290.0,144.0,146.0,186459.73,95245.98,91213.75,2657.83,4.13,0.0216,642.96,248.92,269.59,1091.02,693.45,723.56,0.263,276.74,165.63,55.35,608.83,0.5985,0.2733,6.0242,0.449,5.0,1.0,1.0,TOR_PROXY_TUNNEL
7.2029,57.0,17.0,40.0,57389.87,12981.37,44408.49,7967.65,7.91,-0.5476,1006.84,365.44,458.69,1500.0,955.33,926.28,0.5472,126.37,206.67,25.27,278.01,1.6355,0.1011,4.6506,2.965,11.0,0.0,0.0,BENIGN_WEB
82.4853,100.0,48.0,52.0,72124.71,37372.94,34751.77,874.39,1.21,0.0363,721.25,201.92,418.36,1084.71,731.24,721.49,0.6163,269.21,213.4,53.84,592.26,0.7927,0.4578,5.6,1.3597,8.0,1.0,1.0,TOR_PROXY_TUNNEL
20.2922,20.0,7.0,13.0,16770.1,4505.52,12264.58,826.43,0.99,-0.4627,838.5,352.14,310.3,1472.35,810.93,923.65,0.4632,1014.61,1277.96,202.92,2232.14,1.2596,0.1044,3.8372,2.7997,12.0,0.0,0.0,BENIGN_WEB
96.6833,413.0,51.0,362.0,568822.27,49878.6,518943.67,5883.35,4.27,-0.8246,1377.29,394.23,785.95,1500.0,1459.63,1313.39,0.6048,12.15,8.01,2.43,26.72,0.6598,0.0659,3.5114,2.2875,12.0,0.0,0.0,BENIGN_STREAMING
14.0998,58.0,29.0,29.0,32571.99,16623.32,15948.67,2310.1,4.11,0.0207,561.59,263.66,166.1,1036.17,539.96,495.24,0.495,204.04,150.25,40.81,448.89,0.7364,0.4209,5.5125,0.0008,5.0,1.0,1.0,TOR_PROXY_TUNNEL
28.4719,78.0,25.0,53.0,80024.48,17064.49,62959.99,2810.65,2.74,-0.5735,1025.95,389.86,441.17,1500.0,877.91,1059.78,0.5722,365.02,499.98,73.0,803.05,1.3697,0.1259,5.0597,2.2823,16.0,0.0,0.0,BENIGN_WEB
61.07,119.0,61.0,58.0,70091.32,30674.39,39416.93,1147.72,1.95,-0.1247,589.0,218.13,261.8,981.64,632.6,648.14,0.2377,75.36,34.65,15.07,165.79,0.4598,0.4004,4.7106,0.3805,10.0,1.0,0.0,TOR_PROXY_TUNNEL
11.2758,68.0,19.0,49.0,43342.03,9291.35,34050.68,3843.81,6.03,-0.5713,637.38,392.67,48.37,1344.19,612.14,698.82,0.6158,165.82,148.02,33.16,364.8,0.8927,0.0795,4.5425,2.8917,20.0,0.0,0.0,BENIGN_WEB
19.0813,19.0,7.0,12.0,15175.75,2340.09,12835.65,795.32,1.0,-0.6916,798.72,508.09,40.0,1500.0,723.48,768.96,0.5692,1004.28,1038.41,200.86,2209.41,1.034,0.0579,3.8407,2.1745,9.0,0.0,0.0,BENIGN_WEB
25.1486,30.0,8.0,22.0,23338.02,3706.24,19631.78,928.01,1.19,-0.6824,777.93,361.34,235.92,1428.35,802.97,718.49,0.4727,838.29,756.11,167.66,1844.23,0.902,0.0604,4.678,2.3315,15.0,0.0,0.0,BENIGN_WEB
27.3029,59.0,24.0,35.0,43014.25,12283.48,30730.78,1575.45,2.16,-0.4289,729.06,383.99,153.08,1420.23,730.23,749.15,0.309,462.76,532.72,92.55,1018.07,1.1512,0.0994,4.3615,2.3207,20.0,0.0,0.0,BENIGN_WEB
11.5736,37.0,12.0,25.0,25865.98,3357.74,22508.24,2234.92,3.2,-0.7404,699.08,495.12,40.0,1500.0,727.92,606.98,0.4465,312.8,405.31,62.56,688.16,1.2957,0.0848,4.4976,2.9048,12.0,0.0,0.0,BENIGN_WEB
22.9667,17.0,5.0,12.0,17631.07,2490.11,15140.96,767.68,0.74,-0.7175,1037.12,492.07,299.01,1500.0,1101.05,1053.46,0.4966,1350.98,1695.64,270.2,2972.16,1.2551,0.1235,4.051,2.6546,8.0,0.0,0.0,BENIGN_WEB
132.4813,1269.0,186.0,1083.0,1505049.68,149662.01,1355387.66,11360.47,9.58,-0.8011,1186.01,366.3,636.55,1500.0,1081.19,1050.64,0.3226,7.73,5.04,1.55,17.0,0.6519,0.099,3.7956,2.8678,18.0,0.0,0.0,BENIGN_STREAMING
44.1273,71.0,34.0,37.0,54552.06,21533.31,33018.75,1236.24,1.61,-0.2105,768.34,227.85,426.56,1178.47,848.06,701.07,0.2807,142.33,107.99,28.47,313.13,0.7587,0.4018,5.1159,1.5163,6.0,1.0,0.0,TOR_PROXY_TUNNEL
41.3369,245.0,119.0,126.0,134703.09,62581.95,72121.14,3258.66,5.93,-0.0708,549.81,232.88,200.49,968.99,552.64,632.23,0.3133,210.98,175.23,42.2,464.15,0.8306,0.4075,5.728,0.8878,4.0,0.0,0.0,TOR_PROXY_TUNNEL
23.09,48.0,16.0,32.0,43332.35,9172.04,34160.32,1876.67,2.08,-0.5767,902.76,349.75,378.13,1500.0,890.24,895.83,0.4086,481.04,635.37,96.21,1058.29,1.3208,0.0714,4.7725,2.2593,18.0,0.0,0.0,BENIGN_WEB
13.9519,74.0,27.0,47.0,59192.7,8642.74,50549.96,4242.61,5.3,-0.708,799.9,445.0,132.4,1500.0,844.72,778.02,0.5346,188.54,325.3,37.71,414.79,1.7253,0.1061,3.7451,2.8648,21.0,0.0,0.0,BENIGN_WEB
89.5019,699.0,87.0,612.0,864257.24,70993.74,793263.5,9656.3,7.81,-0.8357,1236.42,343.98,720.45,1500.0,1286.15,1359.89,0.5648,24.31,9.71,4.86,53.49,0.3993,0.0695,3.5247,2.9605,23.0,0.0,0.0,BENIGN_STREAMING
57.7568,878.0,109.0,769.0,1064212.51,114282.07,949930.45,18425.75,15.2,-0.7852,1212.09,288.95,778.67,1500.0,1166.88,1211.26,0.4513,10.01,3.52,2.0,22.02,0.3517,0.1401,3.7927,2.7493,11.0,0.0,0.0,BENIGN_STREAMING
82.4871,361.0,184.0,177.0,228049.79,117942.82,110106.97,2764.67,4.38,0.0344,631.72,192.82,342.48,978.8,581.52,725.51,0.3397,202.74,88.39,40.55,446.03,0.436,0.3541,6.092,1.5482,2.0,0.0,1.0,TOR_PROXY_TUNNEL
73.6449,309.0,160.0,149.0,206360.33,121915.72,84444.61,2802.1,4.2,0.1816,667.83,185.07,390.23,1000.96,741.04,715.86,0.4612,163.49,90.76,32.7,359.67,0.5551,0.4786,4.6205,1.6839,1.0,1.0,0.0,TOR_PROXY_TUNNEL
47.199,381.0,53.0,328.0,521908.39,29597.53,492310.86,11057.61,8.07,-0.8866,1369.84,387.63,788.39,1500.0,1274.49,1478.89,0.2536,10.14,7.17,2.03,22.3,0.7073,0.0927,3.1783,2.7875,14.0,0.0,0.0,BENIGN_STREAMING
44.5694,251.0,133.0,118.0,193143.27,83635.74,109507.53,4333.54,5.63,-0.134,769.5,175.96,505.56,1086.22,718.13,670.64,0.3818,90.88,53.29,18.18,199.93,0.5864,0.2799,4.9239,0.0546,9.0,1.0,1.0,TOR_PROXY_TUNNEL
125.1015,1501.0,312.0,1189.0,2077447.58,143680.74,1933766.84,16606.1,12.0,-0.8617,1384.04,371.1,827.4,1500.0,1444.37,1367.34,0.2332,8.56,3.02,1.71,18.83,0.3528,0.0859,2.9948,2.6496,15.0,0.0,0.0,BENIGN_STREAMING
19.1746,1935.0,380.0,1555.0,2745874.6,275333.24,2470541.37,143203.65,100.91,-0.7995,1419.06,375.5,855.81,1500.0,1392.11,1597.21,0.4734,24.92,13.14,4.98,54.82,0.5273,0.139,3.4374,2.516,16.0,0.0,0.0,BENIGN_STREAMING
21.5776,40.0,11.0,29.0,40826.95,8744.63,32082.32,1892.1,1.85,-0.5716,1020.67,492.62,281.75,1500.0,891.01,1053.19,0.5576,539.44,454.4,107.89,1186.77,0.8424,0.038,4.1586,2.9967,17.0,0.0,0.0,BENIGN_WEB
64.7538,305.0,59.0,246.0,431125.54,44303.5,386822.03,6657.92,4.71,-0.7945,1413.53,418.33,786.04,1500.0,1307.33,1419.08,0.5398,19.35,7.38,3.87,42.56,0.3816,0.1607,3.3608,2.6803,12.0,0.0,0.0,BENIGN_STREAMING
46.9654,2160.0,275.0,1885.0,2789446.8,174858.9,2614587.9,59393.64,45.99,-0.8746,1291.41,311.57,824.06,1500.0,1325.27,1246.91,0.2164,16.51,11.09,3.3,36.31,0.6719,0.1774,3.0079,2.6366,11.0,0.0,0.0,BENIGN_STREAMING
101.1835,767.0,165.0,602.0,925204.62,28296.22,896908.4,9143.83,7.58,-0.9388,1206.26,255.16,823.53,1500.0,1098.49,1270.33,0.2307,26.91,15.82,5.38,59.19,0.5879,0.1192,3.0552,2.8807,17.0,0.0,0.0,BENIGN_STREAMING
23.8141,78.0,25.0,53.0,52088.97,9265.68,42823.29,2187.31,3.28,-0.6442,667.81,493.07,40.0,1500.0,597.44,648.36,0.2979,305.31,511.63,61.06,671.68,1.6758,0.0826,4.5892,2.602,17.0,0.0,0.0,BENIGN_WEB
11.7836,19.0,6.0,13.0,17751.17,1614.96,16136.21,1506.43,1.61,-0.818,934.27,404.11,328.11,1500.0,854.15,810.57,0.4659,620.19,690.46,124.04,1364.41,1.1133,0.0486,4.7449,2.2262,19.0,0.0,0.0,BENIGN_WEB
147.7923,756.0,120.0,636.0,932807.2,43204.13,889603.07,6311.61,5.12,-0.9074,1233.87,263.12,839.19,1500.0,1198.23,1279.8,0.5802,16.95,9.46,3.39,37.29,0.5584,0.0966,3.8865,2.7458,17.0,0.0,0.0,BENIGN_STREAMING
150.8247,1282.0,229.0,1053.0,1772190.56,60351.83,1711838.73,11750.0,8.5,-0.9319,1382.36,284.92,954.98,1500.0,1216.42,1503.14,0.3796,10.74,3.79,2.15,23.63,0.3526,0.1608,3.3896,2.9335,17.0,0.0,0.0,BENIGN_STREAMING
34.0357,185.0,91.0,94.0,134457.76,74534.15,59923.61,3950.49,5.44,0.1087,726.8,294.05,285.72,1256.1,830.03,629.65,0.3642,236.29,104.46,47.26,519.83,0.4421,0.3703,5.3767,0.3042,8.0,1.0,0.0,TOR_PROXY_TUNNEL
32.8468,279.0,146.0,133.0,165898.2,85346.2,80552.0,5050.67,8.49,0.0289,594.62,238.05,237.54,1023.11,531.29,517.69,0.2043,277.67,179.52,55.53,610.88,0.6465,0.2347,5.8076,0.4943,2.0,1.0,0.0,TOR_PROXY_TUNNEL
11.6905,58.0,23.0,35.0,52238.51,14906.19,37332.33,4468.46,4.96,-0.4293,900.66,556.08,66.54,1500.0,771.16,836.83,0.2544,201.56,268.03,40.31,443.43,1.3298,0.066,4.9051,2.5381,20.0,0.0,0.0,BENIGN_WEB
76.289,325.0,168.0,157.0,181308.55,84567.46,96741.09,2376.6,4.26,-0.0671,557.87,276.6,142.97,1055.75,517.75,561.95,0.6128,278.87,217.75,55.77,613.51,0.7808,0.4197,4.6356,1.7879,5.0,1.0,0.0,TOR_PROXY_TUNNEL
28.3545,44.0,17.0,27.0,44903.05,8239.69,36663.36,1583.63,1.55,-0.633,1020.52,506.71,260.46,1500.0,971.31,945.09,0.3966,644.42,1109.65,128.88,1417.72,1.7219,0.061,5.0646,2.5602,17.0,0.0,0.0,BENIGN_WEB
53.1799,1935.0,367.0,1568.0,2636109.6,103403.19,2532706.4,49569.71,36.39,-0.9215,1362.33,270.1,957.19,1500.0,1448.33,1311.15,0.4131,27.81,14.33,5.56,61.18,0.5153,0.1458,3.5648,2.7141,11.0,0.0,0.0,BENIGN_STREAMING
130.771,358.0,56.0,302.0,503471.33,16242.54,487228.8,3850.02,2.74,-0.9355,1406.34,302.43,952.7,1500.0,1253.54,1597.96,0.6049,27.84,13.74,5.57,61.25,0.4935,0.1434,3.195,2.9799,19.0,0.0,0.0,BENIGN_STREAMING
18.1708,37.0,12.0,25.0,25194.31,4041.88,21152.43,1386.53,2.04,-0.6791,680.93,440.53,40.0,1473.88,757.61,604.77,0.3824,491.1,622.17,98.22,1080.43,1.2669,0.1087,4.5801,2.6447,11.0,0.0,0.0,BENIGN_WEB
6.3877,46.0,16.0,30.0,48788.51,12346.73,36441.77,7637.91,7.2,-0.4939,1060.62,531.66,263.13,1500.0,978.92,1023.71,0.2733,138.86,97.49,27.77,305.5,0.702,0.0469,4.776,2.7685,19.0,0.0,0.0,BENIGN_WEB
121.7076,381.0,66.0,315.0,525314.64,43883.06,481431.58,4316.2,3.13,-0.8329,1378.78,406.92,768.41,1500.0,1409.15,1296.58,0.5004,27.4,13.76,5.48,60.27,0.5021,0.0519,3.6326,2.4824,19.0,0.0,0.0,BENIGN_STREAMING
15.5093,30.0,12.0,18.0,31127.05,6394.89,24732.16,2006.99,1.93,-0.5891,1037.57,342.19,524.28,1500.0,1076.44,1007.54,0.4122,516.98,362.13,103.4,1137.35,0.7005,0.0252,4.6226,2.3574,12.0,0.0,0.0,BENIGN_WEB
77.2771,159.0,79.0,80.0,118603.88,70024.98,48578.9,1534.79,2.06,0.1808,745.94,282.86,321.65,1255.08,682.91,642.11,0.4194,95.33,44.64,19.07,209.72,0.4683,0.2612,5.9751,0.7759,0.0,1.0,0.0,TOR_PROXY_TUNNEL
101.1053,419.0,59.0,360.0,529703.8,32319.53,497384.27,5239.13,4.14,-0.878,1264.21,416.4,639.61,1500.0,1184.54,1299.15,0.4283,26.79,20.72,5.36,58.95,0.7735,0.1071,3.0713,2.7006,11.0,0.0,0.0,BENIGN_STREAMING
96.7006,1749.0,321.0,1428.0,2331368.04,231501.14,2099866.9,24109.15,18.09,-0.8014,1332.97,326.47,843.26,1500.0,1273.18,1154.44,0.5301,26.37,12.11,5.27,58.02,0.4591,0.0989,2.9081,2.8056,11.0,0.0,0.0,BENIGN_STREAMING
20.5587,37.0,12.0,25.0,38649.69,6902.83,31746.86,1879.96,1.8,-0.6428,1044.59,494.32,303.11,1500.0,960.11,1198.54,0.6,555.64,526.35,111.13,1222.41,0.9473,0.0178,4.6787,3.0579,13.0,0.0,0.0,BENIGN_WEB
16.5433,28.0,8.0,20.0,18003.4,3443.17,14560.23,1088.26,1.69,-0.6175,642.98,446.27,40.0,1446.27,551.15,629.73,0.5557,590.83,771.52,118.17,1299.83,1.3058,0.1014,4.3293,2.6364,20.0,0.0,0.0,BENIGN_WEB
24.5331,59.0,18.0,41.0,63116.11,16402.88,46713.23,2572.7,2.4,-0.4802,1069.76,440.64,408.81,1500.0,1221.34,1050.28,0.4273,415.81,705.69,83.16,914.79,1.6971,0.0202,4.7464,2.9359,16.0,0.0,0.0,BENIGN_WEB
23.8686,275.0,141.0,134.0,214201.66,93443.04,120758.62,8974.21,11.52,-0.1275,778.92,198.6,481.02,1136.39,847.63,855.9,0.3775,93.36,54.24,18.67,205.39,0.5809,0.3735,4.6242,0.4433,1.0,1.0,1.0,TOR_PROXY_TUNNEL
2.4423,47.0,16.0,31.0,41102.42,4684.41,36418.01,16829.53,19.24,-0.7721,874.52,381.09,302.89,1500.0,856.31,937.56,0.558,51.96,44.79,10.39,114.32,0.8619,0.056,3.6574,2.5958,18.0,0.0,0.0,BENIGN_WEB
55.0702,429.0,81.0,348.0,561104.29,45495.32,515608.96,10188.89,7.79,-0.8378,1307.94,357.67,771.44,1500.0,1294.36,1212.59,0.2273,14.45,6.57,2.89,31.78,0.4549,0.1434,3.3564,2.4415,12.0,0.0,0.0,BENIGN_STREAMING
5.3682,30.0,9.0,21.0,26388.71,3443.46,22945.25,4915.71,5.59,-0.739,879.62,341.61,367.2,1494.53,901.79,826.26,0.4286,178.94,177.45,35.79,393.67,0.9917,0.0708,4.8075,2.7272,21.0,0.0,0.0,BENIGN_WEB
3.842,76.0,29.0,47.0,59205.07,9333.64,49871.42,15410.01,19.78,-0.6847,779.01,415.79,155.33,1500.0,861.74,798.25,0.5719,50.55,67.94,10.11,111.22,1.344,0.0343,4.4512,2.7949,19.0,0.0,0.0,BENIGN_WEB
19.4278,56.0,21.0,35.0,56451.48,14877.75,41573.73,2905.7,2.88,-0.4729,1008.06,407.18,397.29,1500.0,880.8,1098.38,0.4033,346.93,462.43,69.39,763.24,1.3329,0.0707,4.4454,2.1132,12.0,0.0,0.0,BENIGN_WEB
9.7381,19.0,6.0,13.0,19708.64,3620.02,16088.62,2023.86,1.95,-0.6326,1037.3,323.93,551.4,1500.0,959.56,938.87,0.208,512.53,431.34,102.51,1127.57,0.8416,0.0709,4.7657,2.3376,14.0,0.0,0.0,BENIGN_WEB
82.8003,318.0,165.0,153.0,207405.79,106043.83,101361.96,2504.89,3.84,0.0226,652.22,192.16,363.98,998.11,662.16,748.42,0.23,237.67,155.75,47.53,522.88,0.6553,0.4443,5.4556,0.235,6.0,0.0,0.0,TOR_PROXY_TUNNEL
31.5156,374.0,193.0,181.0,257611.15,147421.82,110189.34,8174.08,11.87,0.1445,688.8,161.29,446.87,979.12,634.05,693.87,0.18,270.56,196.08,54.11,595.22,0.7247,0.2748,5.5663,0.9039,4.0,1.0,1.0,TOR_PROXY_TUNNEL
4.8259,26.0,10.0,16.0,22122.35,6094.31,16028.04,4584.11,5.39,-0.449,850.86,362.68,306.84,1500.0,846.26,746.26,0.5038,185.61,321.08,37.12,408.34,1.7299,0.0408,4.5725,2.1155,11.0,0.0,0.0,BENIGN_WEB
13.7973,64.0,19.0,45.0,63787.75,16311.92,47475.84,4623.21,4.64,-0.4886,996.68,563.91,150.82,1500.0,1087.0,890.4,0.5751,215.58,306.25,43.12,474.28,1.4206,0.0346,4.1127,2.3935,8.0,0.0,0.0,BENIGN_WEB
21.2268,65.0,26.0,39.0,65401.23,6977.79,58423.44,3081.07,3.06,-0.7866,1006.17,423.47,370.97,1500.0,1128.43,1090.11,0.252,326.57,377.62,65.31,718.44,1.1563,0.1055,3.6848,2.283,16.0,0.0,0.0,BENIGN_WEB
15.1716,146.0,78.0,68.0,108741.02,60817.34,47923.67,7167.42,9.62,0.1186,744.8,187.96,462.87,1083.12,639.61,669.23,0.3498,215.52,122.45,43.1,474.14,0.5682,0.3746,4.7916,0.0136,4.0,1.0,0.0,TOR_PROXY_TUNNEL
87.6991,917.0,180.0,737.0,1314238.77,92572.82,1221665.95,14985.76,10.46,-0.8591,1433.19,315.74,959.58,1500.0,1434.0,1495.54,0.5138,19.3,8.14,3.86,42.45,0.4221,0.0605,3.5746,2.6694,23.0,0.0,0.0,BENIGN_STREAMING
116.9267,2051.0,398.0,1653.0,2910790.2,289786.84,2621003.36,24894.15,17.54,-0.8009,1419.21,400.15,818.97,1500.0,1404.15,1567.02,0.4298,9.36,4.67,1.87,20.59,0.499,0.0524,3.5104,2.3105,20.0,0.0,0.0,BENIGN_STREAMING
2.1732,79.0,31.0,48.0,76133.47,20977.78,55155.69,35033.37,36.35,-0.4489,963.71,351.48,436.5,1500.0,955.18,1070.79,0.5255,27.51,21.49,5.5,60.52,0.7811,0.122,4.5133,2.1758,14.0,0.0,0.0,BENIGN_WEB
30.687,44.0,12.0,32.0,29038.77,4136.74,24902.03,946.29,1.43,-0.7151,659.97,552.45,40.0,1500.0,614.27,635.66,0.4445,697.43,818.16,139.49,1534.35,1.1731,0.1026,4.6044,2.7999,8.0,0.0,0.0,BENIGN_WEB
13.0414,46.0,19.0,27.0,34523.15,7187.43,27335.72,2647.2,3.53,-0.5836,750.5,546.64,40.0,1500.0,692.04,830.55,0.3958,283.51,387.82,56.7,623.72,1.3679,0.0175,3.8586,2.4347,19.0,0.0,0.0,BENIGN_WEB
124.6366,1372.0,182.0,1190.0,1975232.25,54924.47,1920307.78,15847.94,11.01,-0.9444,1439.67,244.54,1072.86,1500.0,1492.41,1373.81,0.4562,9.07,6.16,1.81,19.96,0.6787,0.0811,3.3331,2.737,20.0,0.0,0.0,BENIGN_STREAMING
44.0611,232.0,118.0,114.0,161853.94,66781.15,95072.79,3673.4,5.27,-0.1748,697.65,162.32,454.17,989.81,668.16,749.13,0.4492,164.63,111.74,32.93,362.2,0.6787,0.4078,5.3249,0.8449,2.0,1.0,0.0,TOR_PROXY_TUNNEL
16.4822,45.0,17.0,28.0,44846.62,11269.46,33577.17,2720.92,2.73,-0.4974,996.59,462.21,303.28,1500.0,1042.14,993.73,0.3478,366.27,322.9,73.25,805.8,0.8816,0.0845,4.1783,3.0421,19.0,0.0,0.0,BENIGN_WEB
12.2001,51.0,18.0,33.0,50938.46,14010.97,36927.49,4175.26,4.18,-0.4499,998.79,463.86,303.01,1500.0,989.27,938.68,0.4814,239.22,301.46,47.84,526.28,1.2602,0.0121,3.66,2.7288,16.0,0.0,0.0,BENIGN_WEB
39.9349,804.0,120.0,684.0,1013750.53,95974.91,917775.62,25385.08,20.13,-0.8107,1260.88,274.33,849.39,1500.0,1076.02,1123.24,0.2934,10.79,4.95,2.16,23.73,0.459,0.1053,3.1423,2.4089,17.0,0.0,0.0,BENIGN_STREAMING
80.2205,2059.0,258.0,1801.0,2731064.91,74455.96,2656608.96,34044.48,25.67,-0.9455,1326.4,328.49,833.66,1500.0,1361.82,1209.11,0.4722,17.32,13.32,3.46,38.1,0.7692,0.1079,3.5575,2.2145,12.0,0.0,0.0,BENIGN_STREAMING
4.9608,68.0,26.0,42.0,51254.57,12504.21,38750.36,10331.86,13.71,-0.5121,753.74,552.47,40.0,1500.0,728.24,665.5,0.4206,72.95,83.39,14.59,160.5,1.1431,0.0157,4.2804,2.8113,16.0,0.0,0.0,BENIGN_WEB
134.6216,917.0,189.0,728.0,1264937.35,123486.99,1141450.36,9396.24,6.81,-0.8048,1379.43,345.48,861.21,1500.0,1362.46,1369.57,0.6158,15.03,10.33,3.01,33.06,0.6874,0.1552,3.1734,2.8642,11.0,0.0,0.0,BENIGN_STREAMING
42.9792,1535.0,268.0,1267.0,1940331.47,138123.95,1802207.51,45145.83,35.71,-0.8576,1264.06,355.53,730.76,1500.0,1128.98,1104.98,0.4968,21.38,11.35,4.28,47.03,0.531,0.0953,3.428,2.5926,12.0,0.0,0.0,BENIGN_STREAMING
3.5497,65.0,21.0,44.0,47749.91,8001.97,39747.94,13451.74,18.31,-0.6648,734.61,469.18,40.0,1500.0,814.59,780.58,0.192,54.61,86.41,10.92,120.14,1.5822,0.0606,4.5936,2.3431,19.0,0.0,0.0,BENIGN_WEB
125.467,2072.0,336.0,1736.0,2969873.11,298971.24,2670901.87,23670.56,16.51,-0.7987,1433.34,250.56,1057.49,1500.0,1525.63,1492.31,0.3182,23.43,14.2,4.69,51.54,0.606,0.1053,2.9321,2.9865,15.0,0.0,0.0,BENIGN_STREAMING
17.7091,54.0,16.0,38.0,37534.79,9431.63,28103.16,2119.52,3.05,-0.4974,695.09,476.59,40.0,1500.0,767.73,762.78,0.2631,327.95,356.0,65.59,721.48,1.0855,0.1138,4.3671,2.5438,10.0,0.0,0.0,BENIGN_WEB
8.6703,27.0,7.0,20.0,21471.64,1936.1,19535.53,2476.46,3.11,-0.8197,795.25,406.15,186.01,1500.0,780.22,691.75,0.259,321.12,384.03,64.22,706.47,1.1959,0.1095,4.9692,3.0448,21.0,0.0,0.0,BENIGN_WEB
29.2332,41.0,13.0,28.0,27933.3,6253.76,21679.54,955.53,1.4,-0.5522,681.3,515.18,40.0,1500.0,595.97,601.69,0.2056,713.0,633.66,142.6,1568.61,0.8887,0.1304,4.1287,2.8219,9.0,0.0,0.0,BENIGN_WEB
8.078,58.0,17.0,41.0,38156.93,7829.35,30327.58,4723.57,7.18,-0.5896,657.88,349.53,133.59,1287.03,560.87,646.91,0.443,139.28,144.54,27.86,306.41,1.0378,0.0151,3.9158,2.1791,16.0,0.0,0.0,BENIGN_WEB
18.954,52.0,21.0,31.0,44579.95,5005.39,39574.56,2352.0,2.74,-0.7754,857.31,459.48,168.09,1500.0,731.52,848.73,0.2957,364.5,636.02,72.9,801.9,1.7449,0.0622,4.8358,2.7235,17.0,0.0,0.0,BENIGN_WEB
24.1286,55.0,19.0,36.0,40509.55,5533.29,34976.26,1678.9,2.28,-0.7268,736.54,394.77,144.39,1447.12,823.66,738.07,0.1955,438.7,349.42,87.74,965.14,0.7965,0.0475,4.884,2.9796,20.0,0.0,0.0,BENIGN_WEB
27.6855,26.0,9.0,17.0,16288.75,3978.31,12310.44,588.35,0.94,-0.5115,626.49,452.74,40.0,1441.42,554.95,689.85,0.4002,1064.83,1028.42,212.97,2342.62,0.9658,0.0785,4.4448,2.5934,16.0,0.0,0.0,BENIGN_WEB
13.6408,40.0,16.0,24.0,25220.64,4899.76,20320.88,1848.91,2.93,-0.6114,630.52,571.08,40.0,1500.0,543.08,561.19,0.3111,341.02,527.88,68.2,750.24,1.548,0.0518,4.698,2.7864,9.0,0.0,0.0,BENIGN_WEB
23.6567,39.0,13.0,26.0,34536.02,5096.13,29439.9,1459.88,1.65,-0.7049,885.54,354.94,353.13,1500.0,776.09,756.14,0.3771,606.58,873.69,121.32,1334.48,1.4404,0.0565,3.7479,2.6337,11.0,0.0,0.0,BENIGN_WEB
16.3884,73.0,35.0,38.0,55866.12,24205.44,31660.68,3408.89,4.45,-0.1334,765.29,319.07,286.68,1339.62,684.79,807.32,0.5474,160.64,82.41,32.13,353.42,0.513,0.3789,5.1244,1.31,9.0,0.0,0.0,TOR_PROXY_TUNNEL
124.6988,1519.0,248.0,1271.0,1920381.83,94201.85,1826179.98,15400.17,12.18,-0.9019,1264.24,294.5,822.49,1500.0,1297.76,1136.91,0.1991,13.75,7.2,2.75,30.25,0.5234,0.1363,3.6632,2.4312,16.0,0.0,0.0,BENIGN_STREAMING
21.3354,71.0,24.0,47.0,73172.11,17018.01,56154.09,3429.61,3.33,-0.5348,1030.59,432.49,381.86,1500.0,1184.25,938.87,0.2488,300.5,238.23,60.1,661.1,0.7928,0.0676,3.7967,2.5724,10.0,0.0,0.0,BENIGN_WEB
1.9103,22.0,6.0,16.0,15152.41,4350.03,10802.38,7931.82,11.52,-0.4258,688.75,354.08,157.62,1326.09,703.6,608.72,0.213,86.83,73.47,17.37,191.03,0.8461,0.0772,3.6373,2.9437,8.0,0.0,0.0,BENIGN_WEB
18.0324,71.0,25.0,46.0,55755.41,13178.96,42576.45,3091.95,3.94,-0.5273,785.29,326.11,296.12,1372.29,801.43,742.35,0.2187,253.98,360.85,50.8,558.75,1.4208,0.1318,4.204,2.952,11.0,0.0,0.0,BENIGN_WEB
71.3337,332.0,172.0,160.0,199919.79,107431.96,92487.83,2802.6,4.65,0.0748,602.17,196.49,307.43,955.85,527.06,645.66,0.305,192.34,122.8,38.47,423.14,0.6385,0.2384,5.38,1.5674,3.0,1.0,0.0,TOR_PROXY_TUNNEL
26.3396,21.0,5.0,16.0,14411.25,1552.71,12858.54,547.13,0.8,-0.7845,686.25,510.48,40.0,1500.0,628.25,755.19,0.1891,1254.27,977.32,250.85,2759.39,0.7792,0.0652,4.8039,2.5721,17.0,0.0,0.0,BENIGN_WEB
13.4786,45.0,17.0,28.0,39042.88,8013.4,31029.48,2896.66,3.34,-0.5895,867.62,559.32,40.0,1500.0,855.98,925.83,0.3651,299.52,473.02,59.9,658.95,1.5792,0.0924,4.5256,2.6214,13.0,0.0,0.0,BENIGN_WEB
48.2547,1826.0,391.0,1435.0,2160249.03,145032.26,2015216.78,44767.61,37.84,-0.8657,1183.05,270.85,776.77,1500.0,1298.42,1008.42,0.2315,24.34,13.05,4.87,53.55,0.5362,0.1593,3.1846,2.2678,11.0,0.0,0.0,BENIGN_STREAMING
14.0121,77.0,27.0,50.0,72080.12,13295.69,58784.43,5144.13,5.5,-0.6311,936.11,371.11,379.45,1500.0,892.39,1051.03,0.3119,181.98,179.09,36.4,400.35,0.9841,0.097,5.0434,2.2514,19.0,0.0,0.0,BENIGN_WEB
21.5851,42.0,13.0,29.0,31210.28,4862.44,26347.84,1445.92,1.95,-0.6884,743.1,530.22,40.0,1500.0,767.88,704.24,0.4147,513.93,724.68,102.79,1130.65,1.4101,0.0639,4.4599,2.9231,12.0,0.0,0.0,BENIGN_WEB
12.8689,30.0,9.0,21.0,25876.06,7387.0,18489.06,2010.74,2.33,-0.429,862.54,522.6,78.64,1500.0,950.56,919.72,0.5452,428.96,645.23,85.79,943.72,1.5042,0.1208,4.8488,2.1238,16.0,0.0,0.0,BENIGN_WEB
7.5917,33.0,9.0,24.0,26787.86,7194.85,19593.02,3528.56,4.35,-0.4628,811.75,514.97,40.0,1500.0,704.47,912.07,0.1904,230.05,181.29,46.01,506.12,0.788,0.0992,3.7953,2.2858,20.0,0.0,0.0,BENIGN_WEB
4.2773,23.0,8.0,15.0,23071.24,5012.15,18059.09,5393.88,5.38,-0.5655,1003.1,566.82,152.87,1500.0,1086.87,900.32,0.2446,185.97,230.09,37.19,409.13,1.2372,0.0546,4.4506,2.5381,14.0,0.0,0.0,BENIGN_WEB
40.3049,126.0,65.0,61.0,89113.02,38853.98,50259.04,2210.97,3.13,-0.128,707.25,211.2,390.44,1087.41,605.05,628.45,0.3133,55.36,33.33,11.07,121.79,0.6021,0.2363,5.8635,0.7258,4.0,1.0,0.0,TOR_PROXY_TUNNEL
2.8281,48.0,17.0,31.0,51144.51,11876.9,39267.61,18084.58,16.97,-0.5356,1065.51,426.18,426.25,1500.0,1088.89,1134.28,0.2254,58.92,74.35,11.78,129.62,1.2619,0.0263,4.3992,2.959,16.0,0.0,0.0,BENIGN_WEB
55.1397,2069.0,252.0,1817.0,2824914.13,143470.55,2681443.58,51231.98,37.52,-0.8984,1365.35,283.99,939.37,1500.0,1295.61,1390.13,0.5525,23.25,11.98,4.65,51.14,0.5153,0.072,3.3407,2.4154,10.0,0.0,0.0,BENIGN_STREAMING
115.075,1988.0,355.0,1633.0,2805086.42,134529.05,2670557.37,24376.16,17.28,-0.9041,1411.01,381.96,838.07,1500.0,1261.1,1211.71,0.2021,19.63,7.41,3.93,43.19,0.3776,0.1614,3.4319,2.407,15.0,0.0,0.0,BENIGN_STREAMING
27.7275,95.0,48.0,47.0,72411.69,36651.84,35759.85,2611.54,3.43,0.0123,762.23,317.47,286.03,1333.67,658.43,826.7,0.5452,60.05,44.48,12.01,132.11,0.7407,0.264,4.9954,0.1704,2.0,1.0,1.0,TOR_PROXY_TUNNEL
28.9267,340.0,173.0,167.0,241861.21,111377.82,130483.39,8361.19,11.75,-0.079,711.36,201.75,408.74,1074.5,674.99,683.55,0.567,95.6,73.27,19.12,210.33,0.7664,0.414,5.64,0.7244,8.0,0.0,0.0,TOR_PROXY_TUNNEL
85.6767,1002.0,165.0,837.0,1369282.3,131225.49,1238056.82,15981.97,11.7,-0.8083,1366.55,386.8,786.35,1500.0,1427.48,1331.82,0.4211,6.85,3.28,1.37,15.06,0.4797,0.0944,3.7716,2.9442,11.0,0.0,0.0,BENIGN_STREAMING
8.681,22.0,6.0,16.0,14887.53,1846.79,13040.74,1714.96,2.53,-0.7519,676.71,396.22,82.38,1389.9,752.46,613.38,0.6197,394.59,500.48,78.92,868.1,1.2684,0.0264,4.8285,2.5269,21.0,0.0,0.0,BENIGN_WEB
9.7097,56.0,18.0,38.0,53329.5,4831.55,48497.95,5492.4,5.77,-0.8188,952.31,353.58,421.94,1500.0,1054.15,884.74,0.5158,173.39,249.29,34.68,381.45,1.4378,0.0584,4.0819,2.6021,15.0,0.0,0.0,BENIGN_WEB
76.3709,1154.0,146.0,1008.0,1490005.45,83145.57,1406859.87,19510.11,15.11,-0.8884,1291.17,248.44,918.5,1500.0,1444.07,1280.35,0.1859,16.48,8.6,3.3,36.25,0.5223,0.1724,3.4147,2.7723,10.0,0.0,0.0,BENIGN_STREAMING
26.3888,79.0,23.0,56.0,72530.05,6918.65,65611.4,2748.52,2.99,-0.8092,918.1,354.96,385.66,1500.0,817.82,784.94,0.5346,334.04,395.14,66.81,734.88,1.1829,0.0153,4.0436,2.712,13.0,0.0,0.0,BENIGN_WEB
39.9726,1132.0,228.0,904.0,1507591.68,114904.06,1392687.63,37715.66,28.32,-0.8476,1331.79,295.67,888.29,1500.0,1239.57,1147.55,0.3707,19.86,8.87,3.97,43.7,0.4463,0.1577,3.5511,2.4452,20.0,0.0,0.0,BENIGN_STREAMING
66.1153,227.0,112.0,115.0,175704.78,97931.13,77773.66,2657.55,3.43,0.1147,774.03,306.51,314.27,1325.74,802.18,739.12,0.6057,272.51,221.82,54.5,599.52,0.814,0.3536,5.8377,0.5093,1.0,1.0,1.0,TOR_PROXY_TUNNEL
63.2319,329.0,170.0,159.0,220980.02,90180.19,130799.84,3494.76,5.2,-0.1838,671.67,275.86,257.88,1168.22,689.79,639.38,0.3223,56.02,45.51,11.2,123.25,0.8124,0.3686,5.8442,0.3015,9.0,1.0,0.0,TOR_PROXY_TUNNEL
62.8255,714.0,117.0,597.0,971095.62,44311.77,926783.85,15457.03,11.36,-0.9087,1360.08,270.98,953.61,1500.0,1488.26,1361.18,0.3114,27.34,19.31,5.47,60.16,0.706,0.1424,2.908,2.3026,14.0,0.0,0.0,BENIGN_STREAMING
18.7195,68.0,20.0,48.0,72144.4,8814.34,63330.06,3853.97,3.63,-0.7556,1060.95,419.51,431.68,1500.0,919.35,1118.4,0.587,275.29,194.81,55.06,605.63,0.7077,0.1118,3.8678,2.3074,18.0,0.0,0.0,BENIGN_WEB
97.3937,853.0,168.0,685.0,1048664.9,111677.06,936987.84,10767.28,8.76,-0.787,1229.38,379.26,660.49,1500.0,1114.31,1055.27,0.5014,9.9,3.97,1.98,21.77,0.4009,0.0582,3.4433,2.5125,19.0,0.0,0.0,BENIGN_STREAMING
78.5333,103.0,50.0,53.0,75888.27,38874.28,37013.98,966.32,1.31,0.0245,736.78,177.11,471.11,1055.58,652.88,733.22,0.3353,132.5,80.64,26.5,291.49,0.6086,0.3777,5.1946,0.7413,7.0,1.0,0.0,TOR_PROXY_TUNNEL
6.2458,41.0,17.0,24.0,33206.0,7585.7,25620.31,5316.51,6.56,-0.5431,809.9,554.79,40.0,1500.0,728.13,722.98,0.4657,152.34,184.74,30.47,335.14,1.2127,0.1394,4.0189,2.6666,12.0,0.0,0.0,BENIGN_WEB
49.8741,126.0,66.0,60.0,95774.45,57149.77,38624.68,1920.32,2.53,0.1934,760.11,193.31,470.14,1108.08,743.51,701.13,0.4519,228.25,138.51,45.65,502.14,0.6068,0.2359,6.036,1.2726,8.0,1.0,1.0,TOR_PROXY_TUNNEL
18.8107,1365.0,253.0,1112.0,1759363.44,135526.53,1623836.91,93530.06,72.57,-0.8459,1288.91,328.76,795.77,1500.0,1292.02,1143.36,0.2988,8.6,5.96,1.72,18.92,0.6932,0.1267,3.7267,2.3446,16.0,0.0,0.0,BENIGN_STREAMING
4.5972,45.0,14.0,31.0,42160.04,11071.83,31088.21,9170.86,9.79,-0.4748,936.89,514.38,165.32,1500.0,1036.32,1042.37,0.5589,102.16,94.67,20.43,224.75,0.9267,0.0474,3.9652,2.3311,16.0,0.0,0.0,BENIGN_WEB
78.9191,1256.0,191.0,1065.0,1757287.35,179170.33,1578117.02,22266.94,15.92,-0.7961,1399.11,252.76,1019.97,1500.0,1371.28,1494.07,0.3292,23.4,12.86,4.68,51.49,0.5497,0.0718,3.1987,2.9477,13.0,0.0,0.0,BENIGN_STREAMING
12.1574,20.0,7.0,13.0,20115.36,5345.73,14769.63,1654.58,1.65,-0.4685,1005.77,463.81,310.06,1500.0,1109.79,974.22,0.2012,607.87,757.87,121.57,1337.31,1.2468,0.0775,4.8732,2.7399,20.0,0.0,0.0,BENIGN_WEB
15.6844,25.0,9.0,16.0,15523.79,1929.89,13593.91,989.76,1.59,-0.7514,620.95,391.96,40.0,1326.48,645.46,685.44,0.3418,627.38,1032.63,125.48,1380.23,1.646,0.0277,4.8793,2.1127,11.0,0.0,0.0,BENIGN_WEB
75.3254,1034.0,190.0,844.0,1346237.55,114550.91,1231686.65,17872.3,13.73,-0.8298,1301.97,297.84,855.21,1500.0,1217.1,1350.73,0.214,6.13,4.44,1.23,13.48,0.7243,0.061,3.6996,2.4375,23.0,0.0,0.0,BENIGN_STREAMING
24.0138,72.0,23.0,49.0,47680.77,4532.07,43148.7,1985.56,3.0,-0.8099,662.23,330.85,165.96,1257.76,717.2,570.84,0.565,333.53,267.54,66.71,733.76,0.8022,0.0262,3.7488,2.6383,16.0,0.0,0.0,BENIGN_WEB
10.059,73.0,28.0,45.0,78200.08,22020.79,56179.29,7774.12,7.26,-0.4368,1071.23,545.92,252.35,1500.0,946.96,1211.57,0.4985,137.79,185.32,27.56,303.15,1.3449,0.0959,4.6415,2.699,19.0,0.0,0.0,BENIGN_WEB
38.1358,2059.0,400.0,1659.0,2541108.44,84642.71,2456465.73,66633.18,53.99,-0.9334,1234.15,295.34,791.14,1500.0,1263.93,1417.09,0.5319,26.69,18.41,5.34,58.72,0.6896,0.0843,3.3585,2.6966,12.0,0.0,0.0,BENIGN_STREAMING
88.3474,1406.0,301.0,1105.0,1919979.19,84162.86,1835816.34,21732.15,15.91,-0.9123,1365.56,356.18,831.29,1500.0,1262.18,1533.83,0.5218,11.37,7.0,2.27,25.01,0.6154,0.0599,3.6111,2.3654,23.0,0.0,0.0,BENIGN_STREAMING
141.7652,1383.0,166.0,1217.0,1951884.73,110666.72,1841218.01,13768.44,9.76,-0.8866,1411.34,329.0,917.84,1500.0,1358.07,1468.93,0.3574,12.14,7.11,2.43,26.72,0.5856,0.1275,3.5925,2.2675,13.0,0.0,0.0,BENIGN_STREAMING
147.5965,888.0,185.0,703.0,1122334.57,79008.01,1043326.56,7604.07,6.02,-0.8592,1263.89,298.13,816.69,1500.0,1116.01,1195.6,0.3969,10.96,4.27,2.19,24.11,0.3893,0.0931,3.4123,2.6009,17.0,0.0,0.0,BENIGN_STREAMING
25.7038,62.0,19.0,43.0,49938.34,4628.93,45309.41,1942.84,2.41,-0.8146,805.46,520.21,40.0,1500.0,853.82,768.18,0.4696,414.58,422.3,82.92,912.07,1.0186,0.1239,5.0333,2.5462,20.0,0.0,0.0,BENIGN_WEB
27.9308,37.0,15.0,22.0,28175.33,6381.25,21794.09,1008.75,1.32,-0.547,761.5,504.78,40.0,1500.0,743.97,706.71,0.2007,754.89,560.44,150.98,1660.75,0.7424,0.0968,4.1917,2.2313,10.0,0.0,0.0,BENIGN_WEB
31.6689,60.0,20.0,40.0,59230.15,13817.29,45412.85,1870.3,1.89,-0.5334,987.17,458.41,299.55,1500.0,1133.18,1109.32,0.4364,527.81,834.82,105.56,1161.19,1.5816,0.0809,4.2801,2.3515,12.0,0.0,0.0,BENIGN_WEB
32.4416,306.0,162.0,144.0,173755.03,80294.14,93460.88,5355.93,9.43,-0.0758,567.83,294.64,125.87,1098.18,562.92,550.03,0.3658,41.05,20.98,8.21,90.32,0.511,0.3825,5.3922,0.1608,10.0,1.0,0.0,TOR_PROXY_TUNNEL
18.0726,37.0,11.0,26.0,35106.62,8172.53,26934.09,1942.53,2.05,-0.5344,948.83,516.93,173.43,1500.0,946.31,837.73,0.3209,488.45,789.26,97.69,1074.59,1.6158,0.1091,4.2178,2.1781,16.0,0.0,0.0,BENIGN_WEB
151.2077,420.0,54.0,366.0,534721.06,30734.34,503986.71,3536.33,2.78,-0.885,1273.15,327.33,782.15,1500.0,1359.52,1177.45,0.2378,7.65,5.61,1.53,16.84,0.7324,0.0834,3.7801,2.7539,10.0,0.0,0.0,BENIGN_STREAMING
5.3361,21.0,7.0,14.0,21559.29,4637.93,16921.36,4040.29,3.94,-0.5698,1026.63,328.17,534.38,1500.0,1128.19,1104.42,0.3034,254.1,285.42,50.82,559.02,1.1233,0.0213,4.8532,2.677,18.0,0.0,0.0,BENIGN_WEB
91.9563,1667.0,291.0,1376.0,2021911.69,141149.24,1880762.44,21987.75,18.13,-0.8604,1212.9,372.82,653.67,1500.0,1202.14,1199.71,0.2237,21.68,8.97,4.34,47.7,0.4136,0.1409,3.683,2.9668,20.0,0.0,0.0,BENIGN_STREAMING
45.8886,172.0,88.0,84.0,124818.02,51056.24,73761.78,2720.02,3.75,-0.1819,725.69,312.24,257.33,1287.72,747.24,764.28,0.196,266.95,209.94,53.39,587.29,0.7864,0.3642,4.6902,1.6294,9.0,1.0,0.0,TOR_PROXY_TUNNEL
117.7252,2041.0,290.0,1751.0,2633525.63,286510.12,2347015.52,22370.12,17.34,-0.7824,1290.31,405.83,681.57,1500.0,1215.38,1416.22,0.3792,17.16,9.4,3.43,37.76,0.5476,0.1193,3.8601,2.735,11.0,0.0,0.0,BENIGN_STREAMING
36.7737,1699.0,288.0,1411.0,2072094.92,223370.01,1848724.9,56347.14,46.2,-0.7844,1219.6,284.19,793.31,1500.0,1059.92,1045.5,0.2278,25.61,12.53,5.12,56.33,0.4894,0.0631,3.3383,2.2902,19.0,0.0,0.0,BENIGN_STREAMING
151.9521,1020.0,125.0,895.0,1456964.48,76201.42,1380763.06,9588.31,6.71,-0.8954,1428.4,292.76,989.25,1500.0,1446.43,1401.13,0.6154,15.94,5.73,3.19,35.07,0.3593,0.1268,3.376,2.7754,23.0,0.0,0.0,BENIGN_STREAMING
82.7113,214.0,108.0,106.0,122596.99,49362.69,73234.3,1482.23,2.59,-0.1947,572.88,215.23,250.04,960.3,502.33,596.26,0.4822,231.82,111.62,46.36,510.01,0.4815,0.3178,4.6895,1.316,6.0,0.0,1.0,TOR_PROXY_TUNNEL
52.312,369.0,46.0,323.0,468777.58,47116.55,421661.03,8961.19,7.05,-0.799,1270.4,296.54,825.59,1500.0,1276.82,1087.72,0.5131,9.38,5.28,1.88,20.65,0.5631,0.1541,3.5862,2.84,13.0,0.0,0.0,BENIGN_STREAMING
98.8432,452.0,71.0,381.0,618161.6,22285.11,595876.49,6253.96,4.57,-0.9279,1367.61,317.12,891.94,1500.0,1237.56,1165.07,0.5297,19.88,9.31,3.98,43.73,0.4682,0.0998,3.6291,2.2247,18.0,0.0,0.0,BENIGN_STREAMING
48.7691,123.0,60.0,63.0,76450.32,41520.68,34929.64,1567.6,2.52,0.0862,621.55,261.85,228.77,1092.88,703.75,682.8,0.3339,96.59,50.34,19.32,212.5,0.5212,0.3652,6.0617,1.1385,4.0,1.0,1.0,TOR_PROXY_TUNNEL
28.5543,60.0,19.0,41.0,46560.36,5695.8,40864.57,1630.59,2.1,-0.7553,776.01,464.87,78.71,1500.0,846.31,778.19,0.3883,475.9,763.56,95.18,1046.99,1.6044,0.0657,4.5387,2.3105,11.0,0.0,0.0,BENIGN_WEB
26.5136,37.0,12.0,25.0,25296.13,2458.98,22837.15,954.08,1.4,-0.8056,683.68,467.11,40.0,1500.0,741.42,738.15,0.4227,716.58,765.15,143.32,1576.49,1.0678,0.095,3.7137,3.0525,20.0,0.0,0.0,BENIGN_WEB
54.752,1893.0,292.0,1601.0,2250852.35,237969.94,2012882.41,41109.95,34.57,-0.7886,1189.04,408.72,575.96,1500.0,1204.28,1282.42,0.3278,8.04,5.33,1.61,17.68,0.6637,0.1354,3.0916,2.5959,23.0,0.0,0.0,BENIGN_STREAMING
125.075,321.0,62.0,259.0,415654.63,28393.58,387261.05,3323.24,2.57,-0.8634,1294.87,330.09,799.73,1500.0,1105.39,1327.52,0.2373,21.21,11.66,4.24,46.66,0.5495,0.0704,3.272,2.9441,11.0,0.0,0.0,BENIGN_STREAMING
143.0349,1400.0,260.0,1140.0,1816909.84,165628.56,1651281.28,12702.56,9.79,-0.8177,1297.79,333.28,797.87,1500.0,1141.31,1209.23,0.1973,27.71,20.68,5.54,60.95,0.7465,0.1723,3.5185,2.6217,15.0,0.0,0.0,BENIGN_STREAMING
4.5979,31.0,9.0,22.0,32296.21,5786.86,26509.35,7024.14,6.74,-0.6416,1041.81,494.57,299.96,1500.0,1032.71,925.04,0.2668,148.32,216.1,29.66,326.3,1.457,0.0493,4.9624,2.1173,11.0,0.0,0.0,BENIGN_WEB
74.2895,117.0,62.0,55.0,84960.47,44729.66,40230.81,1143.64,1.57,0.053,726.16,229.56,381.82,1139.36,632.67,826.05,0.2336,66.12,28.85,13.22,145.47,0.4363,0.3131,5.6682,0.9444,1.0,1.0,0.0,TOR_PROXY_TUNNEL
19.3823,30.0,12.0,18.0,32117.52,7789.6,24327.92,1657.05,1.55,-0.5149,1070.58,471.99,362.6,1500.0,1198.98,958.59,0.5382,646.08,661.46,129.22,1421.37,1.0238,0.1367,4.4445,2.2703,15.0,0.0,0.0,BENIGN_WEB
59.9432,786.0,156.0,630.0,1005284.86,35323.03,969961.82,16770.62,13.11,-0.9297,1278.99,362.83,734.74,1500.0,1462.93,1124.11,0.481,15.72,12.12,3.14,34.58,0.771,0.0843,3.0112,2.8491,20.0,0.0,0.0,BENIGN_STREAMING
126.5781,2011.0,403.0,1608.0,2617838.81,265505.34,2352333.47,20681.6,15.89,-0.7972,1301.76,349.69,777.22,1500.0,1183.75,1299.34,0.2689,11.69,6.56,2.34,25.72,0.561,0.1098,3.2825,2.3022,22.0,0.0,0.0,BENIGN_STREAMING
124.7779,2181.0,368.0,1813.0,3077014.82,171819.75,2905195.07,24659.93,17.48,-0.8883,1410.83,245.73,1042.23,1500.0,1214.28,1396.34,0.1831,22.85,12.06,4.57,50.27,0.5277,0.1692,3.3967,2.7925,22.0,0.0,0.0,BENIGN_STREAMING
147.1859,1461.0,263.0,1198.0,2034289.24,135908.06,1898381.18,13821.22,9.93,-0.8664,1392.4,349.57,868.03,1500.0,1325.75,1588.78,0.2653,21.65,15.86,4.33,47.64,0.7325,0.1547,3.4654,2.5098,12.0,0.0,0.0,BENIGN_STREAMING
33.0067,96.0,46.0,50.0,64196.08,36204.01,27992.06,1944.94,2.91,0.1279,668.71,297.17,222.96,1203.61,737.82,664.03,0.5792,224.21,153.37,44.84,493.26,0.684,0.2568,6.0072,0.3629,8.0,1.0,1.0,TOR_PROXY_TUNNEL
11.0013,67.0,21.0,46.0,50200.18,6996.01,43204.18,4563.11,6.09,-0.7213,749.26,495.63,40.0,1500.0,732.22,762.91,0.5564,164.2,160.3,32.84,361.24,0.9762,0.108,4.7985,2.1523,11.0,0.0,0.0,BENIGN_WEB
80.4155,224.0,108.0,116.0,122992.62,53913.39,69079.23,1529.46,2.79,-0.1233,549.07,197.86,252.28,905.23,542.07,611.27,0.5998,184.98,135.57,37.0,406.95,0.7329,0.2968,5.6197,1.6411,1.0,1.0,1.0,TOR_PROXY_TUNNEL
3.5272,78.0,30.0,48.0,53367.52,6619.38,46748.14,15130.37,22.11,-0.7519,684.2,326.26,194.81,1271.47,682.02,672.13,0.5745,45.22,67.23,9.04,99.48,1.4867,0.0366,4.4798,2.8699,19.0,0.0,0.0,BENIGN_WEB
12.8562,56.0,19.0,37.0,53811.11,10302.26,43508.85,4185.61,4.36,-0.6171,960.91,541.07,149.31,1500.0,1067.21,1056.81,0.5951,229.58,327.17,45.92,505.07,1.4251,0.1334,4.1119,2.2137,8.0,0.0,0.0,BENIGN_WEB
69.2738,109.0,54.0,55.0,68002.18,28200.68,39801.51,981.64,1.57,-0.1706,623.87,183.24,349.02,953.7,706.57,688.49,0.2648,123.72,59.24,24.74,272.18,0.4788,0.331,4.986,1.2119,1.0,1.0,0.0,TOR_PROXY_TUNNEL
26.4695,81.0,26.0,55.0,51306.78,7307.92,43998.86,1938.34,3.06,-0.7151,633.42,481.07,40.0,1499.35,570.46,565.52,0.6085,326.78,290.39,65.36,718.92,0.8886,0.1068,4.9118,2.2806,11.0,0.0,0.0,BENIGN_WEB
77.2719,551.0,90.0,461.0,763650.37,75949.85,687700.52,9882.64,7.13,-0.8011,1385.94,279.31,966.97,1500.0,1373.39,1549.55,0.474,26.01,15.67,5.2,57.22,0.6026,0.0648,3.5271,2.9303,13.0,0.0,0.0,BENIGN_STREAMING
31.4265,33.0,13.0,20.0,26094.91,6844.68,19250.23,830.35,1.05,-0.4754,790.75,508.16,40.0,1500.0,859.91,751.47,0.593,952.32,1519.98,190.46,2095.1,1.5961,0.0558,4.9956,2.5478,16.0,0.0,0.0,BENIGN_WEB
29.7218,296.0,40.0,256.0,414828.09,20211.92,394616.17,13957.02,9.96,-0.9026,1401.45,381.3,829.5,1500.0,1523.93,1591.69,0.4151,11.09,7.38,2.22,24.41,0.6648,0.119,3.4449,2.2705,18.0,0.0,0.0,BENIGN_STREAMING
61.4181,275.0,134.0,141.0,188255.94,85759.49,102496.45,3065.16,4.48,-0.0889,684.57,274.65,272.6,1178.93,738.96,716.55,0.374,259.0,206.6,51.8,569.8,0.7977,0.2945,6.0252,0.2242,2.0,1.0,1.0,TOR_PROXY_TUNNEL
16.7877,55.0,17.0,38.0,41078.16,6401.19,34676.98,2446.92,3.28,-0.6883,746.88,478.81,40.0,1500.0,679.25,666.45,0.1954,305.23,530.46,61.05,671.51,1.7379,0.0574,4.3099,2.3169,11.0,0.0,0.0,BENIGN_WEB
13.3185,24.0,8.0,16.0,21098.99,3272.16,17826.83,1584.19,1.8,-0.6898,879.12,377.7,312.57,1500.0,795.47,790.71,0.5061,554.94,529.93,110.99,1220.86,0.9549,0.0747,4.4761,2.5374,18.0,0.0,0.0,BENIGN_WEB
72.1875,270.0,137.0,133.0,200647.36,114767.29,85880.07,2779.53,3.74,0.144,743.14,300.07,293.03,1283.27,844.35,687.91,0.2953,205.0,120.68,41.0,451.0,0.5887,0.2965,4.6202,1.4112,3.0,1.0,1.0,TOR_PROXY_TUNNEL
55.0478,130.0,66.0,64.0,84799.11,49700.9,35098.21,1540.46,2.36,0.1722,652.3,218.62,324.37,1045.82,649.86,610.98,0.6151,86.02,38.54,17.2,189.24,0.448,0.227,5.6566,0.0221,10.0,1.0,0.0,TOR_PROXY_TUNNEL
18.2929,73.0,21.0,52.0,64852.4,7486.44,57365.96,3545.23,3.99,-0.7691,888.39,553.57,58.03,1500.0,795.33,797.87,0.3107,250.59,332.0,50.12,551.29,1.3249,0.116,5.0287,2.686,12.0,0.0,0.0,BENIGN_WEB
86.0128,403.0,85.0,318.0,551555.11,26194.22,525360.89,6412.48,4.69,-0.905,1368.62,269.56,964.28,1500.0,1196.77,1412.23,0.2254,22.85,8.25,4.57,50.27,0.3611,0.1327,3.1898,2.4042,22.0,0.0,0.0,BENIGN_STREAMING
28.3011,50.0,16.0,34.0,49026.7,7757.82,41268.88,1732.32,1.77,-0.6835,980.53,328.75,487.41,1500.0,1009.6,957.09,0.5933,566.02,848.26,113.2,1245.25,1.4986,0.0711,3.9294,2.4683,16.0,0.0,0.0,BENIGN_WEB
21.7846,38.0,12.0,26.0,38330.73,7034.82,31295.91,1759.53,1.74,-0.6329,1008.7,396.52,413.93,1500.0,1016.96,1048.45,0.4894,573.28,800.41,114.66,1261.21,1.3962,0.1274,4.5572,3.0996,20.0,0.0,0.0,BENIGN_WEB
20.8937,22.0,8.0,14.0,18797.6,3673.99,15123.61,899.68,1.05,-0.6091,854.44,499.64,104.97,1500.0,837.52,908.39,0.5981,949.72,790.07,189.94,2089.37,0.8319,0.1303,4.1321,3.0149,10.0,0.0,0.0,BENIGN_WEB
141.2316,1429.0,258.0,1171.0,1713335.88,118079.56,1595256.32,12131.39,10.12,-0.8622,1198.98,365.89,650.14,1500.0,1150.99,1240.89,0.6117,18.28,10.02,3.66,40.21,0.5482,0.1649,3.7495,2.5489,14.0,0.0,0.0,BENIGN_STREAMING
135.6753,1982.0,402.0,1580.0,2722299.28,131334.93,2590964.35,20064.81,14.61,-0.9035,1373.51,256.81,988.3,1500.0,1448.14,1564.76,0.4966,7.73,3.12,1.55,17.01,0.4037,0.0931,3.036,2.89,22.0,0.0,0.0,BENIGN_STREAMING
12.7796,325.0,160.0,165.0,246238.47,104007.73,142230.74,19268.06,25.43,-0.1552,757.66,237.54,401.34,1185.23,660.29,854.24,0.5593,241.75,176.12,48.35,531.85,0.7285,0.3379,5.3921,1.6439,4.0,1.0,1.0,TOR_PROXY_TUNNEL
20.3448,68.0,19.0,49.0,62992.31,11540.57,51451.74,3096.24,3.34,-0.6336,926.36,442.44,262.7,1500.0,820.19,932.15,0.3886,299.19,511.43,59.84,658.21,1.7094,0.1229,4.1782,2.2889,17.0,0.0,0.0,BENIGN_WEB
50.247,157.0,78.0,79.0,93099.03,42515.46,50583.56,1852.83,3.12,-0.0867,592.99,232.8,243.79,1012.03,640.45,589.63,0.2474,250.54,192.6,50.11,551.18,0.7688,0.4167,5.6185,0.503,8.0,0.0,1.0,TOR_PROXY_TUNNEL
135.7528,956.0,171.0,785.0,1238205.76,92684.59,1145521.16,9121.04,7.04,-0.8503,1295.19,253.13,915.51,1500.0,1377.54,1376.16,0.3696,12.84,6.49,2.57,28.24,0.5059,0.1375,3.3568,2.9579,11.0,0.0,0.0,BENIGN_STREAMING
80.4861,332.0,177.0,155.0,241419.33,146659.9,94759.43,2999.52,4.12,0.215,727.17,170.48,471.45,1034.03,714.95,649.71,0.4873,216.85,134.42,43.37,477.08,0.6199,0.2959,5.6894,0.6157,4.0,1.0,0.0,TOR_PROXY_TUNNEL
110.9557,1490.0,224.0,1266.0,2094544.37,192896.42,1901647.95,18877.31,13.43,-0.8158,1405.73,343.76,890.09,1500.0,1486.68,1327.84,0.283,15.56,10.71,3.11,34.22,0.6885,0.1542,3.8216,2.734,15.0,0.0,0.0,BENIGN_STREAMING
29.212,25.0,8.0,17.0,24864.84,3910.05,20954.79,851.19,0.86,-0.6855,994.59,452.93,315.2,1500.0,1030.1,1060.0,0.2248,1168.48,1760.23,233.7,2570.66,1.5064,0.1082,4.9432,2.841,14.0,0.0,0.0,BENIGN_WEB
13.1677,26.0,8.0,18.0,25006.79,6046.08,18960.72,1899.11,1.97,-0.5164,961.8,550.47,136.09,1500.0,1056.82,840.46,0.3245,506.45,782.22,101.29,1114.19,1.5445,0.1039,3.708,2.1081,12.0,0.0,0.0,BENIGN_WEB
30.5767,43.0,16.0,27.0,27362.1,4027.98,23334.12,894.87,1.41,-0.7056,636.33,558.78,40.0,1500.0,603.51,544.03,0.2017,711.09,1090.33,142.22,1564.39,1.5333,0.0139,4.9825,2.7946,10.0,0.0,0.0,BENIGN_WEB
75.272,915.0,177.0,738.0,1295687.98,99462.33,1196225.65,17213.42,12.16,-0.8465,1416.05,264.42,1019.42,1500.0,1412.78,1215.13,0.4698,20.14,9.54,4.03,44.3,0.4737,0.1286,3.0263,2.5046,10.0,0.0,0.0,BENIGN_STREAMING
15.7893,82.0,23.0,59.0,54227.57,15041.28,39186.29,3434.45,5.19,-0.4453,661.31,465.25,40.0,1498.77,709.24,718.54,0.5833,192.55,309.84,38.51,423.62,1.6091,0.1237,4.8084,2.6552,19.0,0.0,0.0,BENIGN_WEB
36.6205,332.0,168.0,164.0,249345.62,141683.72,107661.91,6808.91,9.07,0.1364,751.04,200.56,450.21,1112.04,803.39,684.93,0.6005,196.6,91.06,39.32,432.52,0.4632,0.3305,5.1362,0.072,11.0,0.0,0.0,TOR_PROXY_TUNNEL
56.0626,1715.0,233.0,1482.0,2415878.5,79520.04,2336358.45,43092.52,30.59,-0.9342,1408.68,385.79,830.0,1500.0,1280.51,1398.35,0.4814,12.78,6.04,2.56,28.12,0.4729,0.1271,3.8165,2.5119,12.0,0.0,0.0,BENIGN_STREAMING
71.8059,220.0,118.0,102.0,123736.02,55803.2,67932.82,1723.2,3.06,-0.098,562.44,174.96,300.0,877.36,522.76,547.64,0.1888,68.99,56.23,13.8,151.77,0.8152,0.4186,5.4373,1.4767,5.0,1.0,1.0,TOR_PROXY_TUNNEL
54.2327,297.0,64.0,233.0,360204.42,38196.03,322008.39,6641.83,5.48,-0.7879,1212.81,339.54,703.5,1500.0,1307.72,1264.3,0.2589,14.65,10.77,2.93,32.23,0.7353,0.0556,3.8873,2.8011,22.0,0.0,0.0,BENIGN_STREAMING
47.4649,211.0,101.0,110.0,160321.07,69749.31,90571.76,3377.67,4.45,-0.1299,759.82,169.06,506.22,1064.12,757.84,772.35,0.2849,184.58,92.77,36.92,406.08,0.5026,0.4312,4.6659,0.4097,0.0,1.0,1.0,TOR_PROXY_TUNNEL
68.2101,214.0,109.0,105.0,145165.68,81299.58,63866.09,2128.22,3.14,0.1201,678.34,248.19,306.06,1125.08,619.35,580.15,0.4454,122.13,77.48,24.43,268.7,0.6344,0.4359,5.8267,1.4934,3.0,0.0,0.0,TOR_PROXY_TUNNEL
2.7709,53.0,15.0,38.0,39463.02,10152.83,29310.19,14242.15,19.13,-0.4855,744.59,419.64,115.12,1499.94,811.4,673.33,0.5924,52.28,41.46,10.46,115.02,0.793,0.132,3.6762,2.7822,14.0,0.0,0.0,BENIGN_WEB
31.2684,79.0,28.0,51.0,83599.2,19380.95,64218.25,2673.6,2.53,-0.5363,1058.22,383.1,483.57,1500.0,988.32,955.72,0.3043,395.8,458.17,79.16,870.77,1.1576,0.026,4.2631,2.2206,8.0,0.0,0.0,BENIGN_WEB
5.6265,56.0,22.0,34.0,42725.19,9104.03,33621.16,7593.59,9.95,-0.5738,762.95,538.12,40.0,1500.0,825.47,729.79,0.4768,100.47,145.85,20.09,221.04,1.4516,0.0987,3.6498,2.5709,15.0,0.0,0.0,BENIGN_WEB
9.7249,55.0,21.0,34.0,48371.75,5774.97,42596.78,4974.03,5.66,-0.7612,879.49,478.66,161.5,1500.0,857.7,802.28,0.5906,176.82,127.47,35.36,388.99,0.7209,0.0757,4.6029,2.4366,10.0,0.0,0.0,BENIGN_WEB
4.0042,31.0,9.0,22.0,22316.08,3383.74,18932.34,5573.21,7.74,-0.6967,719.87,379.32,150.89,1402.65,668.07,752.64,0.426,129.17,108.02,25.83,284.17,0.8363,0.1192,3.7768,2.9017,20.0,0.0,0.0,BENIGN_WEB
42.9859,169.0,89.0,80.0,92997.18,52216.7,40780.48,2163.44,3.93,0.123,550.28,209.59,235.89,927.54,524.19,594.99,0.541,128.6,92.72,25.72,282.93,0.7209,0.4579,5.0608,1.3266,7.0,1.0,0.0,TOR_PROXY_TUNNEL
24.752,1289.0,226.0,1063.0,1763619.29,181447.67,1582171.61,71251.7,52.08,-0.7942,1368.21,356.77,833.05,1500.0,1221.29,1449.64,0.5568,19.61,14.42,3.92,43.14,0.7352,0.0827,3.0665,2.839,21.0,0.0,0.0,BENIGN_STREAMING
84.1639,1080.0,168.0,912.0,1513546.22,56973.49,1456572.74,17983.32,12.83,-0.9247,1401.43,287.44,970.27,1500.0,1391.2,1374.57,0.5844,10.38,3.83,2.08,22.83,0.3693,0.0746,3.7943,2.5831,14.0,0.0,0.0,BENIGN_STREAMING
44.9965,1089.0,204.0,885.0,1450704.07,105159.24,1345544.83,32240.36,24.2,-0.855,1332.14,266.51,932.37,1500.0,1459.62,1485.72,0.5463,14.19,8.08,2.84,31.21,0.5694,0.1391,3.0716,2.2203,11.0,0.0,0.0,BENIGN_STREAMING
37.2502,57.0,28.0,29.0,37913.06,22518.59,15394.47,1017.8,1.53,0.1879,665.14,282.85,240.86,1174.28,577.1,643.59,0.211,179.13,146.29,35.83,394.08,0.8167,0.4062,5.6471,1.2574,2.0,1.0,0.0,TOR_PROXY_TUNNEL
10.6534,81.0,24.0,57.0,68298.95,12751.0,55547.95,6411.02,7.6,-0.6266,843.2,338.17,335.94,1451.9,720.51,815.22,0.4229,131.52,206.76,26.3,289.35,1.572,0.0236,3.9521,2.3662,13.0,0.0,0.0,BENIGN_WEB
24.9133,83.0,41.0,42.0,47442.76,21566.7,25876.07,1904.31,3.33,-0.0908,571.6,313.63,101.15,1136.14,599.52,555.4,0.3359,110.04,58.37,22.01,242.1,0.5304,0.2283,6.0081,0.3567,4.0,1.0,0.0,TOR_PROXY_TUNNEL
52.8776,760.0,141.0,619.0,1074534.98,90032.96,984502.02,20321.16,14.37,-0.8324,1413.86,409.56,799.52,1500.0,1541.2,1282.72,0.422,23.71,16.87,4.74,52.17,0.7113,0.1051,3.8445,2.9013,16.0,0.0,0.0,BENIGN_STREAMING
12.468,18.0,7.0,11.0,18364.99,3999.3,14365.69,1472.97,1.44,-0.5645,1020.28,432.75,371.16,1500.0,906.47,868.13,0.1941,692.67,881.07,138.53,1523.87,1.272,0.117,4.8608,2.4847,8.0,0.0,0.0,BENIGN_WEB
24.4665,24.0,8.0,16.0,25094.77,4537.69,20557.09,1025.68,0.98,-0.6384,1045.62,383.57,470.26,1500.0,942.93,966.37,0.394,1019.44,1127.61,203.89,2242.76,1.1061,0.0143,4.8106,2.7761,9.0,0.0,0.0,BENIGN_WEB
110.7594,866.0,114.0,752.0,1151681.9,81963.88,1069718.02,10398.06,7.82,-0.8577,1329.89,377.84,763.13,1500.0,1312.97,1489.85,0.4684,25.46,17.26,5.09,56.01,0.678,0.1082,3.581,2.9346,14.0,0.0,0.0,BENIGN_STREAMING
94.5864,608.0,90.0,518.0,849707.0,91504.43,758202.57,8983.39,6.43,-0.7846,1397.54,251.79,1019.85,1500.0,1249.87,1372.16,0.2839,14.71,10.77,2.94,32.36,0.7324,0.1113,3.5025,2.5354,23.0,0.0,0.0,BENIGN_STREAMING
41.5906,862.0,132.0,730.0,1123817.2,65435.91,1058381.29,27020.91,20.73,-0.8835,1303.73,249.62,929.3,1500.0,1305.63,1210.09,0.198,11.95,8.9,2.39,26.29,0.7443,0.137,3.108,2.3181,11.0,0.0,0.0,BENIGN_STREAMING
8.8195,70.0,27.0,43.0,62646.53,11940.29,50706.24,7103.18,7.94,-0.6188,894.95,436.4,240.35,1500.0,917.47,975.06,0.4892,125.99,179.77,25.2,277.18,1.4268,0.046,4.1205,2.9612,13.0,0.0,0.0,BENIGN_WEB
70.4507,249.0,127.0,122.0,172958.48,100578.26,72380.22,2455.03,3.53,0.163,694.61,205.74,386.01,1064.94,631.75,643.08,0.2068,104.43,45.24,20.89,229.75,0.4332,0.3815,4.7864,1.3405,9.0,1.0,0.0,TOR_PROXY_TUNNEL
68.7934,203.0,109.0,94.0,144047.17,83106.44,60940.72,2093.91,2.95,0.1539,709.59,211.84,391.83,1090.91,725.79,608.08,0.5839,197.76,96.08,39.55,435.07,0.4858,0.4743,4.6159,0.6852,3.0,1.0,1.0,TOR_PROXY_TUNNEL
28.7651,51.0,19.0,32.0,41270.17,5579.72,35690.44,1434.73,1.77,-0.7296,809.22,429.44,165.06,1500.0,767.68,737.95,0.5981,564.02,527.5,112.8,1240.85,0.9353,0.1087,4.9718,2.1596,8.0,0.0,0.0,BENIGN_WEB
29.4372,265.0,134.0,131.0,152840.68,89791.63,63049.05,5192.1,9.0,0.175,576.76,227.6,235.36,986.44,501.04,608.35,0.5845,161.43,112.45,32.29,355.14,0.6966,0.4666,5.7439,1.366,9.0,1.0,1.0,TOR_PROXY_TUNNEL
25.9732,76.0,36.0,40.0,45130.46,20439.46,24691.0,1737.57,2.93,-0.0942,593.82,301.66,141.34,1136.8,681.7,677.82,0.3573,37.6,30.34,7.52,82.71,0.807,0.3992,4.9953,0.7835,11.0,1.0,0.0,TOR_PROXY_TUNNEL
24.5269,249.0,121.0,128.0,158471.18,85357.45,73113.72,6461.11,10.15,0.0773,636.43,235.43,283.28,1060.21,651.36,603.54,0.5772,100.22,78.51,20.04,220.49,0.7833,0.248,5.9455,0.3311,3.0,1.0,1.0,TOR_PROXY_TUNNEL
2.6769,46.0,14.0,32.0,33480.76,5929.95,27550.81,12507.29,17.18,-0.6458,727.84,508.45,40.0,1500.0,689.04,725.83,0.4491,58.19,40.75,11.64,128.03,0.7003,0.0646,4.178,2.7425,9.0,0.0,0.0,BENIGN_WEB
143.5622,1225.0,211.0,1014.0,1471940.89,46112.97,1425827.93,10252.99,8.53,-0.9373,1201.58,362.64,657.62,1500.0,1180.97,1090.98,0.2901,8.76,5.39,1.75,19.27,0.6153,0.1238,2.9544,2.6474,18.0,0.0,0.0,BENIGN_STREAMING
159.5692,339.0,65.0,274.0,474948.95,44537.81,430411.14,2976.44,2.12,-0.8125,1401.03,250.32,1025.56,1500.0,1325.38,1294.38,0.3787,22.54,13.82,4.51,49.59,0.6131,0.0594,3.5821,2.7986,11.0,0.0,0.0,BENIGN_STREAMING
29.5332,84.0,43.0,41.0,65232.43,32373.93,32858.49,2208.79,2.84,-0.0074,776.58,297.08,330.96,1311.32,720.99,821.83,0.5406,119.82,89.2,23.96,263.61,0.7444,0.2751,5.0495,1.7076,8.0,0.0,0.0,TOR_PROXY_TUNNEL
70.526,336.0,167.0,169.0,208650.94,91044.38,117606.56,2958.5,4.76,-0.1273,620.98,260.19,230.7,1089.33,578.48,567.62,0.5455,84.8,48.44,16.96,186.55,0.5712,0.2459,4.7697,0.7074,3.0,1.0,1.0,TOR_PROXY_TUNNEL
19.0807,45.0,18.0,27.0,42017.79,6458.06,35559.72,2202.11,2.36,-0.6926,933.73,515.39,160.65,1500.0,1042.62,925.82,0.5432,424.01,623.2,84.8,932.83,1.4698,0.0387,3.7565,2.1191,19.0,0.0,0.0,BENIGN_WEB
22.443,17.0,6.0,11.0,15888.69,3353.47,12535.23,707.96,0.76,-0.5779,934.63,540.53,123.83,1500.0,853.61,934.43,0.5305,1320.18,1783.73,264.04,2904.39,1.3511,0.1106,4.3112,2.7165,14.0,0.0,0.0,BENIGN_WEB
52.215,244.0,117.0,127.0,151701.81,61126.69,90575.13,2905.33,4.67,-0.1941,621.73,276.19,207.44,1118.88,581.22,570.99,0.2958,90.34,70.08,18.07,198.75,0.7758,0.3178,5.726,1.4292,5.0,1.0,1.0,TOR_PROXY_TUNNEL
18.2098,50.0,14.0,36.0,32072.54,7577.95,24494.59,1761.28,2.75,-0.5274,641.45,425.12,40.0,1406.67,591.95,611.88,0.6135,364.2,529.8,72.84,801.23,1.4547,0.0102,4.6375,2.2191,13.0,0.0,0.0,BENIGN_WEB
52.1083,1850.0,353.0,1497.0,2652365.29,100719.88,2551645.42,50900.99,35.5,-0.9241,1433.71,280.35,1013.18,1500.0,1506.64,1385.17,0.5562,17.5,12.38,3.5,38.49,0.7075,0.1329,3.5186,2.5288,23.0,0.0,0.0,BENIGN_STREAMING
103.7638,922.0,133.0,789.0,1154826.12,44892.59,1109933.53,11129.37,8.89,-0.9223,1252.52,270.82,846.3,1500.0,1402.65,1243.53,0.5252,22.23,9.45,4.45,48.9,0.425,0.1575,3.5668,2.3511,21.0,0.0,0.0,BENIGN_STREAMING
15.7491,355.0,176.0,179.0,273670.55,154573.52,119097.04,17376.95,22.54,0.1296,770.9,294.6,329.0,1301.19,771.49,856.72,0.3027,175.52,136.09,35.1,386.14,0.7754,0.2835,4.8076,0.0023,6.0,1.0,1.0,TOR_PROXY_TUNNEL
38.2753,343.0,44.0,299.0,458205.29,42896.85,415308.44,11971.3,8.96,-0.8128,1335.88,313.33,865.88,1500.0,1264.88,1516.96,0.5691,13.22,7.63,2.64,29.07,0.577,0.1508,3.843,2.3701,17.0,0.0,0.0,BENIGN_STREAMING
19.4787,45.0,13.0,32.0,48563.96,4741.09,43822.87,2493.19,2.31,-0.8047,1079.2,496.58,334.33,1500.0,1188.73,1119.8,0.1801,432.86,404.86,86.57,952.29,0.9353,0.0185,4.8805,2.5908,20.0,0.0,0.0,BENIGN_WEB
89.7671,1952.0,279.0,1673.0,2616317.44,88378.71,2527938.73,29145.62,21.75,-0.9324,1340.33,267.35,939.3,1500.0,1201.32,1178.61,0.3848,26.44,11.67,5.29,58.18,0.4414,0.1191,3.5555,2.8146,23.0,0.0,0.0,BENIGN_STREAMING
131.219,1942.0,336.0,1606.0,2551753.57,111281.21,2440472.35,19446.53,14.8,-0.9128,1313.98,367.33,762.99,1500.0,1281.35,1502.29,0.1953,16.57,9.22,3.31,36.46,0.5566,0.1044,3.4196,2.9507,14.0,0.0,0.0,BENIGN_STREAMING
2.4022,21.0,8.0,13.0,21484.76,5979.34,15505.42,8943.7,8.74,-0.4434,1023.08,366.11,473.91,1500.0,1173.13,1005.51,0.6009,114.39,191.1,22.88,251.66,1.6706,0.0627,4.5303,2.4409,17.0,0.0,0.0,BENIGN_WEB
40.7733,53.0,26.0,27.0,33049.3,19183.61,13865.7,810.56,1.3,0.1609,623.57,270.93,217.18,1111.24,578.19,556.15,0.3417,182.7,91.11,36.54,401.94,0.4987,0.2215,5.894,0.6659,6.0,0.0,0.0,TOR_PROXY_TUNNEL
26.9464,302.0,147.0,155.0,208016.66,126631.84,81384.81,7719.65,11.21,0.2175,688.8,211.84,371.04,1070.11,595.79,621.88,0.3394,183.32,126.09,36.66,403.3,0.6878,0.4089,5.9229,1.4063,4.0,1.0,0.0,TOR_PROXY_TUNNEL
99.8437,274.0,57.0,217.0,352710.69,17918.08,334792.61,3532.63,2.74,-0.8984,1287.27,277.72,870.69,1500.0,1368.07,1218.77,0.546,11.93,7.36,2.39,26.24,0.6169,0.1405,3.5942,2.4086,12.0,0.0,0.0,BENIGN_STREAMING
29.5883,56.0,19.0,37.0,43495.52,8064.51,35431.01,1470.03,1.89,-0.6292,776.71,510.45,40.0,1500.0,804.57,788.4,0.2512,528.36,536.54,105.67,1162.4,1.0155,0.0789,3.8876,3.0139,15.0,0.0,0.0,BENIGN_WEB
30.0052,82.0,31.0,51.0,73780.74,14953.27,58827.47,2458.93,2.73,-0.5947,899.77,427.63,258.32,1500.0,813.36,998.4,0.5452,365.92,274.17,73.18,805.02,0.7493,0.0923,4.1434,2.3549,17.0,0.0,0.0,BENIGN_WEB
95.2484,1288.0,281.0,1007.0,1545239.02,147554.63,1397684.39,16223.26,13.52,-0.809,1199.72,251.91,821.86,1500.0,1104.14,1073.9,0.4601,21.01,12.34,4.2,46.22,0.5875,0.0823,3.7936,2.676,23.0,0.0,0.0,BENIGN_STREAMING
27.4873,66.0,25.0,41.0,53071.01,13112.35,39958.66,1930.75,2.4,-0.5059,804.11,426.52,164.33,1500.0,858.66,738.38,0.3289,416.47,323.17,83.29,916.24,0.776,0.1107,4.5276,3.0711,12.0,0.0,0.0,BENIGN_WEB
27.1421,66.0,22.0,44.0,69745.5,7613.36,62132.13,2569.65,2.43,-0.7817,1056.75,407.26,445.86,1500.0,1136.99,1050.94,0.4013,411.24,479.0,82.25,904.74,1.1648,0.1095,4.7544,2.4085,14.0,0.0,0.0,BENIGN_WEB
82.215,223.0,107.0,116.0,127533.52,77182.23,50351.29,1551.22,2.71,0.2104,571.9,264.77,174.74,1048.49,535.11,589.94,0.2304,168.18,97.79,33.64,370.0,0.5815,0.3918,5.9757,0.3069,8.0,0.0,0.0,TOR_PROXY_TUNNEL
11.8937,25.0,9.0,16.0,17879.79,4122.3,13757.49,1503.29,2.1,-0.5389,715.19,482.43,40.0,1500.0,660.76,706.42,0.4749,475.75,628.11,95.15,1046.65,1.3203,0.1124,3.7541,2.1315,13.0,0.0,0.0,BENIGN_WEB
66.317,55.0,27.0,28.0,40713.85,16693.34,24020.51,613.93,0.83,-0.18,740.25,180.79,469.07,1065.67,660.46,660.3,0.4341,210.98,167.4,42.2,464.16,0.7934,0.3066,5.555,1.2947,1.0,1.0,0.0,TOR_PROXY_TUNNEL
135.6933,934.0,121.0,813.0,1138815.02,118281.36,1020533.66,8392.57,6.88,-0.7923,1219.29,384.51,642.52,1500.0,1212.04,1081.68,0.6133,7.8,5.62,1.56,17.15,0.7204,0.0911,3.6891,2.6026,22.0,0.0,0.0,BENIGN_STREAMING
24.9245,284.0,141.0,143.0,165470.32,99748.9,65721.43,6638.85,11.39,0.2056,582.64,202.75,278.52,947.59,570.93,576.25,0.5211,149.46,93.46,29.89,328.81,0.6253,0.32,4.9049,1.71,11.0,1.0,0.0,TOR_PROXY_TUNNEL
56.3562,600.0,131.0,469.0,762218.59,64764.84,697453.75,13525.01,10.65,-0.8301,1270.36,241.33,908.37,1500.0,1173.6,1224.53,0.3429,9.58,7.46,1.92,21.07,0.7788,0.0945,3.7914,2.9934,17.0,0.0,0.0,BENIGN_STREAMING
59.1401,923.0,117.0,806.0,1130150.74,98280.18,1031870.56,19109.71,15.61,-0.8261,1224.43,403.5,619.18,1500.0,1083.04,1196.64,0.4014,24.11,11.85,4.82,53.05,0.4913,0.1532,3.0791,2.792,19.0,0.0,0.0,BENIGN_STREAMING
33.551,750.0,94.0,656.0,1056666.76,32830.11,1023836.65,31494.34,22.35,-0.9379,1408.89,313.85,938.12,1500.0,1400.21,1298.35,0.2773,15.18,8.13,3.04,33.4,0.5358,0.0924,3.5717,2.6016,21.0,0.0,0.0,BENIGN_STREAMING
20.293,77.0,25.0,52.0,66523.7,17504.35,49019.35,3278.16,3.79,-0.4737,863.94,519.75,84.32,1500.0,800.88,883.91,0.5536,263.55,337.03,52.71,579.8,1.2788,0.098,3.9315,2.6391,9.0,0.0,0.0,BENIGN_WEB
74.5377,1135.0,237.0,898.0,1402183.94,152258.21,1249925.73,18811.74,15.23,-0.7828,1235.4,380.69,664.38,1500.0,1356.25,1311.23,0.5476,12.82,7.53,2.56,28.19,0.5879,0.1144,3.5163,2.884,22.0,0.0,0.0,BENIGN_STREAMING
93.1794,1277.0,209.0,1068.0,1788081.7,109213.41,1678868.29,19189.66,13.7,-0.8778,1400.22,314.32,928.73,1500.0,1213.61,1452.76,0.4286,23.14,11.78,4.63,50.92,0.5089,0.0776,3.5394,2.4951,12.0,0.0,0.0,BENIGN_STREAMING
83.3904,134.0,67.0,67.0,75688.45,34035.62,41652.84,907.64,1.61,-0.1006,564.84,202.94,260.43,930.13,582.87,494.86,0.2255,64.66,48.52,12.93,142.25,0.7504,0.4749,5.52,0.4336,10.0,1.0,0.0,TOR_PROXY_TUNNEL
129.3215,1860.0,378.0,1482.0,2442640.29,133329.77,2309310.52,18888.13,14.38,-0.8908,1313.25,391.96,725.31,1500.0,1278.71,1421.51,0.6143,8.57,4.62,1.71,18.86,0.5388,0.096,3.2299,2.9728,22.0,0.0,0.0,BENIGN_STREAMING
64.7868,377.0,198.0,179.0,227901.53,109689.08,118212.45,3517.72,5.82,-0.0374,604.51,272.07,196.4,1094.24,672.38,686.79,0.6196,50.52,22.91,10.1,111.15,0.4534,0.317,5.4003,1.173,0.0,1.0,0.0,TOR_PROXY_TUNNEL
83.4999,2186.0,439.0,1747.0,2886065.72,96210.79,2789854.93,34563.72,26.18,-0.9333,1320.25,314.68,848.23,1500.0,1429.31,1309.24,0.1983,13.55,5.8,2.71,29.82,0.4278,0.1506,3.8405,2.786,20.0,0.0,0.0,BENIGN_STREAMING
32.9901,197.0,105.0,92.0,121978.7,53473.32,68505.37,3697.43,5.97,-0.1232,619.18,184.99,341.69,952.17,586.37,555.68,0.3245,109.62,85.36,21.92,241.16,0.7787,0.2387,5.6239,1.2512,6.0,1.0,1.0,TOR_PROXY_TUNNEL
19.1601,24.0,8.0,16.0,18858.21,3259.59,15598.61,984.25,1.25,-0.6543,785.76,344.72,268.68,1406.25,833.29,883.94,0.1873,798.34,1260.38,159.67,1756.34,1.5788,0.0263,4.296,2.8455,17.0,0.0,0.0,BENIGN_WEB
116.2834,459.0,96.0,363.0,633603.84,35782.39,597821.45,5448.79,3.95,-0.8871,1380.4,362.82,836.16,1500.0,1175.59,1561.33,0.4121,8.58,6.43,1.72,18.88,0.7488,0.1406,3.898,2.2726,12.0,0.0,0.0,BENIGN_STREAMING
19.5249,116.0,57.0,59.0,79817.39,34420.39,45397.01,4087.99,5.94,-0.1375,688.08,233.27,338.18,1107.97,681.7,625.54,0.411,186.76,106.18,37.35,410.87,0.5686,0.2851,5.4188,0.0396,10.0,1.0,1.0,TOR_PROXY_TUNNEL
39.083,1834.0,221.0,1613.0,2241012.02,177916.09,2063095.93,57339.75,46.93,-0.8412,1221.93,261.68,829.41,1500.0,1133.15,1259.92,0.4874,19.43,13.77,3.89,42.75,0.7089,0.0679,2.996,2.23,14.0,0.0,0.0,BENIGN_STREAMING
24.251,38.0,13.0,25.0,32861.91,4575.35,28286.56,1355.07,1.57,-0.7215,864.79,535.51,61.52,1500.0,802.05,844.91,0.5683,638.18,607.0,127.64,1404.01,0.9511,0.1313,4.6533,3.0375,12.0,0.0,0.0,BENIGN_WEB
6.3384,72.0,29.0,43.0,52151.26,9121.9,43029.37,8227.84,11.36,-0.6502,724.32,436.59,69.44,1500.0,726.7,632.71,0.4853,88.03,151.57,17.61,193.67,1.7217,0.0367,3.8131,3.0914,17.0,0.0,0.0,BENIGN_WEB
10.6329,19.0,6.0,13.0,15439.96,3309.13,12130.84,1452.09,1.79,-0.5714,812.63,433.86,161.84,1500.0,784.18,699.74,0.5393,559.63,528.32,111.93,1231.18,0.9441,0.0463,4.19,2.349,16.0,0.0,0.0,BENIGN_WEB
14.2315,40.0,15.0,25.0,29170.25,2684.22,26486.03,2049.69,2.81,-0.816,729.26,483.88,40.0,1500.0,721.01,817.89,0.2455,355.79,350.97,71.16,782.73,0.9864,0.0298,4.8988,2.9914,15.0,0.0,0.0,BENIGN_WEB
74.3861,386.0,67.0,319.0,538780.03,31000.37,507779.65,7243.02,5.19,-0.8849,1395.8,242.01,1032.79,1500.0,1393.66,1322.01,0.5157,24.53,13.38,4.91,53.96,0.5455,0.0772,3.0428,2.4219,11.0,0.0,0.0,BENIGN_STREAMING
22.5034,77.0,27.0,50.0,65681.81,12691.65,52990.16,2918.76,3.42,-0.6135,853.01,554.71,40.0,1500.0,862.9,812.9,0.3817,292.25,209.31,58.45,642.95,0.7162,0.0748,3.8199,2.265,15.0,0.0,0.0,BENIGN_WEB
28.1513,1421.0,215.0,1206.0,1900320.2,149535.75,1750784.45,67503.91,50.48,-0.8426,1337.31,335.29,834.38,1500.0,1442.33,1149.78,0.4951,10.07,5.07,2.01,22.16,0.5034,0.1438,3.7558,2.3443,10.0,0.0,0.0,BENIGN_STREAMING
42.1252,1004.0,158.0,846.0,1244139.36,43391.7,1200747.67,29534.3,23.83,-0.9302,1239.18,329.59,744.79,1500.0,1385.98,1308.31,0.3898,7.44,5.42,1.49,16.37,0.7288,0.0608,3.3893,2.8364,11.0,0.0,0.0,BENIGN_STREAMING
33.5171,1484.0,225.0,1259.0,1899241.76,74744.93,1824496.83,56664.8,44.28,-0.9213,1279.81,326.26,790.42,1500.0,1379.62,1403.48,0.3361,21.83,16.39,4.37,48.03,0.7508,0.1083,2.941,2.3183,13.0,0.0,0.0,BENIGN_STREAMING
25.339,238.0,117.0,121.0,140708.36,64076.89,76631.47,5553.03,9.39,-0.0892,591.21,181.07,319.61,917.14,652.05,565.06,0.5828,78.7,35.1,15.74,173.14,0.446,0.256,5.8542,0.9633,3.0,0.0,0.0,TOR_PROXY_TUNNEL
44.7147,172.0,85.0,87.0,109975.88,46170.82,63805.05,2459.5,3.85,-0.1603,639.39,216.35,314.87,1028.83,603.17,614.49,0.2312,45.62,36.75,9.12,100.36,0.8056,0.3377,5.8354,1.6865,8.0,1.0,0.0,TOR_PROXY_TUNNEL
118.1481,1157.0,226.0,931.0,1475670.93,51087.37,1424583.56,12490.01,9.79,-0.9308,1275.43,407.32,664.44,1500.0,1317.46,1160.81,0.5252,24.49,18.35,4.9,53.88,0.7495,0.1504,3.119,2.2453,22.0,0.0,0.0,BENIGN_STREAMING
16.6582,21.0,6.0,15.0,16260.37,2414.65,13845.71,976.12,1.26,-0.703,774.3,566.34,40.0,1500.0,746.75,780.52,0.3086,793.25,789.97,158.65,1745.14,0.9959,0.0401,4.4767,2.1273,16.0,0.0,0.0,BENIGN_WEB
63.3079,1022.0,165.0,857.0,1248344.53,73243.37,1175101.16,19718.61,16.14,-0.8827,1221.47,372.08,663.36,1500.0,1226.7,1306.91,0.1825,21.66,12.59,4.33,47.66,0.581,0.1149,3.7774,2.3113,10.0,0.0,0.0,BENIGN_STREAMING
73.4062,1311.0,231.0,1080.0,1727517.89,92149.71,1635368.18,23533.69,17.86,-0.8933,1317.71,323.1,833.06,1500.0,1154.87,1142.01,0.604,26.11,11.11,5.22,57.44,0.4254,0.0958,3.1113,2.8163,19.0,0.0,0.0,BENIGN_STREAMING
12.5981,38.0,13.0,25.0,27258.44,6452.92,20805.52,2163.7,3.02,-0.5265,717.33,429.82,72.6,1491.0,692.71,742.27,0.3825,331.53,332.74,66.31,729.36,1.0037,0.0162,4.6166,2.9843,21.0,0.0,0.0,BENIGN_WEB
2.8822,52.0,15.0,37.0,33678.69,6281.4,27397.3,11684.92,18.04,-0.627,647.67,521.64,40.0,1500.0,570.72,552.92,0.4863,55.43,82.52,11.09,121.94,1.4888,0.1228,4.7819,2.5183,14.0,0.0,0.0,BENIGN_WEB
52.7778,98.0,51.0,47.0,65303.46,36545.37,28758.09,1237.33,1.86,0.1192,666.36,259.64,276.9,1133.72,601.55,753.7,0.5097,151.04,119.47,30.21,332.29,0.791,0.334,4.6553,1.3477,11.0,1.0,0.0,TOR_PROXY_TUNNEL
12.267,44.0,17.0,27.0,31003.84,5281.75,25722.09,2527.42,3.59,-0.6593,704.63,410.85,88.36,1444.15,699.44,751.49,0.3153,278.8,469.31,55.76,613.35,1.6834,0.0323,4.033,2.3083,20.0,0.0,0.0,BENIGN_WEB
103.6416,1715.0,278.0,1437.0,2407220.61,95430.69,2311789.92,23226.39,16.55,-0.9207,1403.63,417.96,776.69,1500.0,1573.94,1375.28,0.5246,27.56,17.24,5.51,60.62,0.6255,0.066,2.9944,2.7605,17.0,0.0,0.0,BENIGN_STREAMING
17.7966,77.0,22.0,55.0,56582.59,5699.38,50883.21,3179.41,4.33,-0.7985,734.84,498.9,40.0,1500.0,634.58,757.79,0.5367,231.12,259.66,46.22,508.47,1.1235,0.0286,3.8476,2.7337,21.0,0.0,0.0,BENIGN_WEB
69.4789,248.0,121.0,127.0,176690.94,88945.01,87745.93,2543.09,3.57,0.0068,712.46,189.49,428.23,1053.54,800.32,729.62,0.2943,118.37,68.77,23.67,260.4,0.581,0.2645,5.2833,0.5507,1.0,1.0,1.0,TOR_PROXY_TUNNEL
109.0104,1822.0,333.0,1489.0,2349943.74,191374.92,2158568.82,21557.06,16.71,-0.8371,1289.76,285.94,860.86,1500.0,1162.94,1441.0,0.212,27.12,14.21,5.42,59.67,0.5238,0.0716,3.7353,2.6102,20.0,0.0,0.0,BENIGN_STREAMING
25.0328,440.0,58.0,382.0,589455.84,63393.15,526062.7,23547.33,17.58,-0.7849,1339.67,314.06,868.59,1500.0,1456.75,1514.59,0.3018,7.62,3.79,1.52,16.76,0.4973,0.1442,3.697,2.2535,19.0,0.0,0.0,BENIGN_STREAMING
61.1655,326.0,157.0,169.0,205169.95,123119.11,82050.84,3354.34,5.33,0.2002,629.36,199.21,330.55,987.93,716.46,567.09,0.5748,37.51,25.25,7.5,82.51,0.6732,0.4731,4.8932,0.4993,8.0,1.0,1.0,TOR_PROXY_TUNNEL
17.3951,40.0,11.0,29.0,38266.32,8134.43,30131.9,2199.83,2.3,-0.5749,956.66,462.78,262.49,1500.0,862.71,863.11,0.3825,434.88,448.22,86.98,956.73,1.0307,0.0788,4.9842,2.4351,21.0,0.0,0.0,BENIGN_WEB
55.0067,1927.0,346.0,1581.0,2667792.02,161951.12,2505840.9,48499.37,35.03,-0.8786,1384.43,393.85,793.65,1500.0,1180.51,1234.42,0.2074,14.41,6.62,2.88,31.7,0.4593,0.1745,3.4265,2.3912,20.0,0.0,0.0,BENIGN_STREAMING
17.7638,32.0,9.0,23.0,25998.56,6786.31,19212.25,1463.57,1.8,-0.4779,812.45,424.63,175.5,1500.0,705.57,694.87,0.3992,555.12,616.21,111.02,1221.26,1.11,0.018,4.961,3.0216,10.0,0.0,0.0,BENIGN_WEB
9.3422,68.0,26.0,42.0,59113.45,16609.53,42503.92,6327.58,7.28,-0.438,869.32,445.2,201.52,1500.0,907.11,976.97,0.3797,137.39,118.97,27.48,302.25,0.866,0.0569,4.5376,2.2279,17.0,0.0,0.0,BENIGN_WEB
89.9908,1030.0,160.0,870.0,1320865.04,131803.62,1189061.43,14677.78,11.45,-0.8004,1282.39,400.46,681.7,1500.0,1110.11,1170.67,0.3668,23.99,10.71,4.8,52.78,0.4463,0.1407,3.2647,2.9781,20.0,0.0,0.0,BENIGN_STREAMING
18.028,71.0,25.0,46.0,53029.64,7902.48,45127.17,2941.51,3.94,-0.702,746.9,509.13,40.0,1500.0,835.79,827.75,0.2968,253.92,253.9,50.78,558.62,1.0,0.0197,4.6357,2.6475,17.0,0.0,0.0,BENIGN_WEB
24.8688,16.0,6.0,10.0,14224.39,2918.75,11305.64,571.98,0.64,-0.5896,889.02,397.14,293.32,1500.0,893.35,938.95,0.296,1554.3,2574.26,310.86,3419.46,1.6562,0.0653,4.7528,2.9934,19.0,0.0,0.0,BENIGN_WEB
28.1027,58.0,17.0,41.0,37945.62,10061.4,27884.22,1350.25,2.06,-0.4697,654.23,393.69,63.7,1362.87,572.97,749.74,0.1801,484.53,416.98,96.91,1065.96,0.8606,0.0148,4.5232,2.8757,8.0,0.0,0.0,BENIGN_WEB
81.5779,1566.0,230.0,1336.0,2233995.21,113580.71,2120414.5,27384.8,19.2,-0.8983,1426.56,287.99,994.58,1500.0,1419.8,1443.31,0.3609,23.42,13.92,4.68,51.52,0.5943,0.0524,3.5292,2.235,10.0,0.0,0.0,BENIGN_STREAMING
49.4941,239.0,127.0,112.0,151788.04,66685.07,85102.96,3066.79,4.83,-0.1213,635.1,319.61,155.68,1210.4,567.22,543.36,0.5614,231.69,156.58,46.34,509.72,0.6758,0.3377,5.7526,0.9551,7.0,0.0,0.0,TOR_PROXY_TUNNEL
153.2426,1961.0,362.0,1599.0,2485939.72,110749.52,2375190.2,16222.25,12.8,-0.9109,1267.69,345.16,749.96,1500.0,1335.41,1285.14,0.347,6.45,4.83,1.29,14.19,0.7487,0.1533,3.6945,2.8345,15.0,0.0,0.0,BENIGN_STREAMING
21.669,65.0,19.0,46.0,53068.09,8073.43,44994.66,2449.03,3.0,-0.6957,816.43,352.59,287.55,1451.09,714.21,808.88,0.5962,333.37,392.79,66.67,733.41,1.1782,0.0788,3.8827,2.1347,8.0,0.0,0.0,BENIGN_WEB
16.1319,76.0,31.0,45.0,47378.63,6638.17,40740.46,2936.96,4.71,-0.7198,623.4,545.86,40.0,1500.0,530.57,640.92,0.2158,212.26,370.03,42.45,466.98,1.7433,0.1353,3.8123,2.9641,12.0,0.0,0.0,BENIGN_WEB
58.5631,292.0,157.0,135.0,202794.7,81344.75,121449.95,3462.84,4.99,-0.1978,694.5,190.61,408.59,1037.6,656.5,737.99,0.3351,150.3,70.79,30.06,330.66,0.471,0.3257,5.4393,0.118,8.0,1.0,1.0,TOR_PROXY_TUNNEL
20.9892,1663.0,209.0,1454.0,2291449.22,194595.02,2096854.19,109172.56,79.23,-0.8302,1377.9,409.37,763.84,1500.0,1512.28,1230.38,0.438,20.88,11.2,4.18,45.93,0.5366,0.1312,3.6601,2.7733,22.0,0.0,0.0,BENIGN_STREAMING
31.5841,19.0,7.0,12.0,11990.28,1975.2,10015.08,379.63,0.6,-0.6705,631.07,574.17,40.0,1500.0,628.54,620.02,0.4905,1662.32,2470.3,332.46,3657.1,1.4861,0.1328,4.0383,2.8745,21.0,0.0,0.0,BENIGN_WEB
31.2911,23.0,8.0,15.0,20773.29,5897.15,14876.14,663.87,0.74,-0.4322,903.19,320.04,423.13,1479.25,851.16,806.37,0.3328,1360.48,2202.13,272.1,2993.06,1.6186,0.0148,4.7281,2.625,13.0,0.0,0.0,BENIGN_WEB
25.957,37.0,11.0,26.0,29948.5,8087.2,21861.3,1153.77,1.43,-0.4599,809.42,494.95,66.99,1500.0,776.85,697.0,0.4717,701.54,1091.86,140.31,1543.39,1.5564,0.0645,4.8099,2.157,10.0,0.0,0.0,BENIGN_WEB
16.2011,48.0,19.0,29.0,39484.1,8621.0,30863.09,2437.13,2.96,-0.5633,822.59,424.03,186.54,1500.0,703.3,704.24,0.5393,337.52,404.23,67.5,742.55,1.1977,0.0297,3.8746,2.7009,21.0,0.0,0.0,BENIGN_WEB
5.7695,54.0,22.0,32.0,44605.96,12336.78,32269.18,7731.3,9.36,-0.4469,826.04,559.06,40.0,1500.0,706.69,819.79,0.5144,106.84,166.87,21.37,235.05,1.5618,0.0158,4.6762,2.5035,15.0,0.0,0.0,BENIGN_WEB
109.2743,396.0,48.0,348.0,473016.39,24442.54,448573.85,4328.71,3.62,-0.8967,1194.49,350.39,668.9,1500.0,1356.45,1028.85,0.3352,11.87,4.66,2.37,26.12,0.3926,0.0954,3.1404,2.969,18.0,0.0,0.0,BENIGN_STREAMING
51.6037,327.0,160.0,167.0,187191.73,105616.98,81574.76,3627.49,6.34,0.1284,572.45,191.72,284.88,917.54,631.57,584.27,0.2754,128.2,56.45,25.64,282.03,0.4403,0.2681,4.9875,0.8784,8.0,1.0,0.0,TOR_PROXY_TUNNEL
28.4603,49.0,19.0,30.0,41037.19,8389.53,32647.66,1441.91,1.72,-0.5911,837.49,555.92,40.0,1500.0,756.22,845.03,0.2129,580.82,501.71,116.16,1277.81,0.8638,0.0324,4.817,2.8654,18.0,0.0,0.0,BENIGN_WEB
13.5724,47.0,14.0,33.0,32590.53,7470.32,25120.21,2401.24,3.46,-0.5416,693.42,502.03,40.0,1500.0,750.75,756.74,0.4199,288.77,486.88,57.75,635.3,1.686,0.1025,3.8612,2.6194,8.0,0.0,0.0,BENIGN_WEB
24.3943,69.0,27.0,42.0,54053.77,7077.96,46975.81,2215.84,2.83,-0.7381,783.39,380.18,213.12,1467.71,776.25,716.28,0.2441,353.54,564.7,70.71,777.79,1.5973,0.0386,3.8596,2.252,13.0,0.0,0.0,BENIGN_WEB
26.7136,52.0,21.0,31.0,47524.28,8584.49,38939.79,1779.03,1.95,-0.6387,913.93,370.3,358.48,1500.0,1011.7,1003.75,0.2549,513.72,380.02,102.74,1130.19,0.7397,0.1314,4.5291,2.7834,11.0,0.0,0.0,BENIGN_WEB
132.9844,807.0,117.0,690.0,1054269.61,43488.96,1010780.64,7927.77,6.07,-0.9175,1306.41,259.57,917.05,1500.0,1261.89,1302.33,0.517,24.58,10.46,4.92,54.08,0.4255,0.1673,3.2968,2.7356,18.0,0.0,0.0,BENIGN_STREAMING
7.4651,26.0,8.0,18.0,20247.47,2816.45,17431.01,2712.27,3.48,-0.7218,778.75,500.59,40.0,1500.0,773.05,764.64,0.4254,287.12,213.19,57.42,631.67,0.7425,0.0222,3.9731,2.9719,14.0,0.0,0.0,BENIGN_WEB
118.1615,1725.0,377.0,1348.0,2448558.87,251132.58,2197426.3,20722.13,14.6,-0.7949,1419.45,246.51,1049.7,1500.0,1395.72,1321.95,0.5517,10.13,3.75,2.03,22.28,0.3699,0.0629,3.315,2.3866,13.0,0.0,0.0,BENIGN_STREAMING
68.6705,67.0,33.0,34.0,50717.39,27571.05,23146.34,738.56,0.98,0.0872,756.98,237.38,400.91,1184.25,861.78,656.8,0.5061,195.0,141.88,39.0,428.99,0.7276,0.3369,4.8528,1.6896,4.0,0.0,1.0,TOR_PROXY_TUNNEL
29.5201,372.0,180.0,192.0,231367.26,105083.69,126283.56,7837.61,12.6,-0.0916,621.95,195.72,328.37,974.26,556.59,575.61,0.3597,186.68,106.33,37.34,410.71,0.5696,0.4614,5.0562,0.9159,5.0,1.0,1.0,TOR_PROXY_TUNNEL
101.5496,1137.0,238.0,899.0,1587215.7,160532.68,1426683.02,15629.95,11.2,-0.7977,1395.97,361.86,853.17,1500.0,1470.72,1342.89,0.5931,15.86,8.57,3.17,34.9,0.5402,0.0641,3.1578,2.7265,15.0,0.0,0.0,BENIGN_STREAMING
11.6346,71.0,20.0,51.0,63361.84,5907.4,57454.44,5446.0,6.1,-0.8135,892.42,320.92,411.03,1470.08,879.5,997.06,0.4541,163.87,211.72,32.77,360.51,1.292,0.134,3.8924,2.2607,12.0,0.0,0.0,BENIGN_WEB
16.6746,20.0,7.0,13.0,16892.81,3407.99,13484.82,1013.09,1.2,-0.5965,844.64,501.6,92.23,1500.0,812.55,758.25,0.3845,833.73,1347.75,166.75,1834.2,1.6165,0.0149,3.8077,2.8311,8.0,0.0,0.0,BENIGN_WEB
128.3022,1370.0,269.0,1101.0,1780261.44,194355.69,1585905.75,13875.53,10.68,-0.7817,1299.46,296.06,855.38,1500.0,1478.22,1416.03,0.3597,12.49,6.14,2.5,27.47,0.4914,0.1413,3.6667,2.7587,16.0,0.0,0.0,BENIGN_STREAMING
9.6773,57.0,22.0,35.0,44415.72,10576.6,33839.12,4589.69,5.89,-0.5237,779.22,359.06,240.63,1425.53,720.51,835.17,0.5879,169.78,145.98,33.96,373.51,0.8599,0.1391,4.0822,2.9558,15.0,0.0,0.0,BENIGN_WEB
58.8395,186.0,90.0,96.0,143021.32,62634.7,80386.63,2430.7,3.16,-0.1241,768.93,243.5,403.68,1207.23,880.36,797.99,0.2136,79.1,65.41,15.82,174.01,0.827,0.4773,5.4016,1.1683,10.0,0.0,0.0,TOR_PROXY_TUNNEL
23.801,50.0,15.0,35.0,38240.43,10642.13,27598.3,1606.67,2.1,-0.4434,764.81,323.69,279.28,1347.44,801.41,670.67,0.3207,476.02,705.36,95.2,1047.25,1.4818,0.1326,3.9009,2.7127,12.0,0.0,0.0,BENIGN_WEB
8.1117,28.0,10.0,18.0,29241.58,8269.83,20971.76,3604.88,3.45,-0.4344,1044.34,506.87,284.04,1500.0,939.84,963.6,0.2158,289.7,332.16,57.94,637.35,1.1465,0.128,3.9801,2.9122,16.0,0.0,0.0,BENIGN_WEB
51.6556,635.0,96.0,539.0,779546.13,61988.52,717557.61,15091.22,12.29,-0.841,1227.63,331.34,730.63,1500.0,1383.01,1056.51,0.3274,11.27,6.76,2.25,24.78,0.6003,0.15,3.5135,2.4626,18.0,0.0,0.0,BENIGN_STREAMING
7.2312,54.0,20.0,34.0,49734.27,8737.8,40996.47,6877.72,7.47,-0.6486,921.0,420.82,289.78,1500.0,939.57,827.5,0.4891,133.91,200.07,26.78,294.6,1.494,0.083,4.2548,3.0949,12.0,0.0,0.0,BENIGN_WEB
23.1408,61.0,25.0,36.0,45750.79,10494.01,35256.78,1977.06,2.64,-0.5413,750.01,566.8,40.0,1500.0,855.05,658.85,0.5683,379.36,510.56,75.87,834.59,1.3459,0.0611,4.1992,2.5583,20.0,0.0,0.0,BENIGN_WEB
21.7021,336.0,177.0,159.0,255125.33,124969.21,130156.13,11755.81,15.48,-0.0203,759.3,162.49,515.57,1051.78,848.1,852.67,0.4326,99.74,49.07,19.95,219.43,0.492,0.3315,4.7525,0.3909,0.0,1.0,0.0,TOR_PROXY_TUNNEL
13.6351,76.0,22.0,54.0,50606.44,13354.05,37252.39,3711.49,5.57,-0.4722,665.87,386.04,86.82,1360.74,597.22,638.18,0.2387,179.41,191.12,35.88,394.7,1.0653,0.1313,3.8242,3.0278,11.0,0.0,0.0,BENIGN_WEB
21.2906,46.0,18.0,28.0,43504.95,11882.28,31622.67,2043.39,2.16,-0.4538,945.76,419.84,316.0,1500.0,981.79,818.0,0.5888,462.84,485.15,92.57,1018.24,1.0482,0.0357,3.601,3.0233,19.0,0.0,0.0,BENIGN_WEB
103.482,328.0,49.0,279.0,404037.38,23343.03,380694.35,3904.42,3.17,-0.8845,1231.82,299.54,782.51,1500.0,1058.58,1325.18,0.5071,25.61,10.65,5.12,56.34,0.4159,0.0617,3.1362,2.7035,13.0,0.0,0.0,BENIGN_STREAMING
69.5556,2112.0,400.0,1712.0,2790278.2,185173.58,2605104.62,40115.8,30.36,-0.8673,1321.15,326.39,831.57,1500.0,1486.41,1374.89,0.5196,19.03,14.06,3.81,41.86,0.7388,0.0732,3.6649,2.6518,22.0,0.0,0.0,BENIGN_STREAMING
21.6271,61.0,20.0,41.0,49964.09,7987.97,41976.12,2310.26,2.82,-0.6803,819.08,395.07,226.47,1500.0,743.67,762.56,0.2776,354.54,477.42,70.91,779.99,1.3466,0.108,4.1467,2.5105,15.0,0.0,0.0,BENIGN_WEB
122.219,1932.0,382.0,1550.0,2421195.27,217570.03,2203625.24,19810.3,15.81,-0.8203,1253.21,318.63,775.26,1500.0,1351.94,1409.46,0.3105,22.05,16.68,4.41,48.5,0.7567,0.0563,3.2897,2.6705,10.0,0.0,0.0,BENIGN_STREAMING
33.0483,135.0,65.0,70.0,85952.59,44323.58,41629.01,2600.82,4.08,0.0313,636.69,268.64,233.72,1120.24,544.21,665.55,0.5342,255.03,112.14,51.01,561.08,0.4397,0.2706,5.3961,1.0488,1.0,0.0,0.0,TOR_PROXY_TUNNEL
21.0243,999.0,192.0,807.0,1410928.88,46109.36,1364819.52,67109.34,47.52,-0.9346,1412.34,408.55,799.51,1500.0,1266.99,1300.77,0.4605,6.25,4.8,1.25,13.75,0.7675,0.0704,3.2465,2.6592,18.0,0.0,0.0,BENIGN_STREAMING
101.8754,435.0,75.0,360.0,543776.3,24727.82,519048.49,5337.66,4.27,-0.9091,1250.06,341.18,738.28,1500.0,1156.35,1155.65,0.5126,16.87,10.48,3.37,37.1,0.6213,0.054,3.7685,2.5622,21.0,0.0,0.0,BENIGN_STREAMING
78.2639,1633.0,264.0,1369.0,2037147.81,199611.89,1837535.92,26029.22,20.87,-0.804,1247.49,336.36,742.95,1500.0,1349.38,1111.92,0.4888,8.33,3.79,1.67,18.32,0.4549,0.1361,3.7828,2.924,21.0,0.0,0.0,BENIGN_STREAMING
19.9747,68.0,26.0,42.0,54434.52,8186.94,46247.57,2725.17,3.4,-0.6992,800.51,416.11,176.34,1500.0,829.51,717.33,0.6047,293.75,340.11,58.75,646.24,1.1579,0.1301,4.0309,2.3913,11.0,0.0,0.0,BENIGN_WEB
114.8393,2059.0,361.0,1698.0,2847014.87,177108.95,2669905.93,24791.29,17.93,-0.8756,1382.72,371.33,825.72,1500.0,1188.37,1561.09,0.4226,15.14,11.43,3.03,33.32,0.7547,0.169,3.5942,2.5885,14.0,0.0,0.0,BENIGN_STREAMING
2.7329,70.0,24.0,46.0,75166.31,17669.9,57496.41,27504.31,25.61,-0.5298,1073.8,451.95,395.88,1500.0,949.5,1097.57,0.371,39.04,55.83,7.81,85.89,1.4301,0.0173,3.7564,2.425,12.0,0.0,0.0,BENIGN_WEB
18.3331,75.0,26.0,49.0,53584.91,15119.59,38465.32,2922.86,4.09,-0.4357,714.47,524.88,40.0,1500.0,737.84,706.71,0.2147,244.44,307.94,48.89,537.77,1.2598,0.039,3.8616,3.0634,20.0,0.0,0.0,BENIGN_WEB
10.6902,47.0,14.0,33.0,35709.6,6376.98,29332.62,3340.41,4.4,-0.6428,759.78,542.54,40.0,1500.0,793.34,855.04,0.4445,227.45,319.95,45.49,500.39,1.4067,0.1274,4.3956,2.9773,19.0,0.0,0.0,BENIGN_WEB
46.4089,166.0,87.0,79.0,95384.4,52064.67,43319.74,2055.31,3.58,0.0917,574.6,309.82,109.88,1132.28,520.41,530.13,0.2989,43.75,32.25,8.75,96.24,0.7372,0.3053,5.9472,1.0395,1.0,1.0,1.0,TOR_PROXY_TUNNEL
27.2313,795.0,130.0,665.0,1024809.48,104967.65,919841.83,37633.55,29.19,-0.7951,1289.07,376.17,724.82,1500.0,1187.08,1327.81,0.3081,13.87,7.64,2.77,30.52,0.5506,0.125,2.9822,2.3925,23.0,0.0,0.0,BENIGN_STREAMING
22.0807,67.0,26.0,41.0,70513.55,16581.96,53931.59,3193.45,3.03,-0.5297,1052.44,347.44,531.28,1500.0,967.8,1166.75,0.2794,329.56,471.24,65.91,725.04,1.4299,0.0219,5.0808,2.8333,17.0,0.0,0.0,BENIGN_WEB
27.6098,29.0,10.0,19.0,23213.35,3567.74,19645.61,840.76,1.05,-0.6926,800.46,557.22,40.0,1500.0,887.28,899.97,0.6194,952.06,925.08,190.41,2094.54,0.9717,0.1378,3.6416,2.7311,10.0,0.0,0.0,BENIGN_WEB
73.5927,178.0,92.0,86.0,98305.82,39342.18,58963.65,1335.81,2.42,-0.1996,552.28,284.06,126.2,1063.58,545.94,608.0,0.4902,87.24,49.98,17.45,191.93,0.5729,0.3515,5.4253,0.5304,1.0,1.0,1.0,TOR_PROXY_TUNNEL
23.6924,60.0,22.0,38.0,54940.99,10704.47,44236.52,2318.93,2.53,-0.6103,915.68,558.78,77.52,1500.0,837.75,780.84,0.503,394.87,439.4,78.97,868.72,1.1128,0.1139,4.5411,2.115,20.0,0.0,0.0,BENIGN_WEB
13.3369,21.0,6.0,15.0,19089.86,3394.94,15694.92,1431.36,1.57,-0.6443,909.04,357.68,372.52,1500.0,981.66,784.74,0.3475,635.09,747.93,127.02,1397.19,1.1777,0.1003,4.9047,2.8898,11.0,0.0,0.0,BENIGN_WEB
26.8784,19.0,5.0,14.0,15361.37,3522.7,11838.67,571.51,0.71,-0.5414,808.49,435.11,155.83,1500.0,704.19,785.83,0.4286,1414.65,1784.21,282.93,3112.24,1.2612,0.0174,3.7234,2.8727,8.0,0.0,0.0,BENIGN_WEB
87.4304,1840.0,243.0,1597.0,2286186.3,97405.06,2188781.24,26148.65,21.05,-0.9148,1242.49,326.08,753.37,1500.0,1261.55,1307.55,0.2665,14.4,11.17,2.88,31.68,0.7757,0.0935,3.3607,2.2966,18.0,0.0,0.0,BENIGN_STREAMING
30.1622,35.0,13.0,22.0,34655.12,6156.0,28499.12,1148.96,1.16,-0.6447,990.15,536.03,186.1,1500.0,939.95,981.38,0.4786,861.78,792.17,172.36,1895.91,0.9192,0.0409,3.6576,2.4504,21.0,0.0,0.0,BENIGN_WEB
24.6093,37.0,12.0,25.0,34782.32,5094.06,29688.26,1413.38,1.5,-0.7071,940.06,347.47,418.86,1500.0,1052.68,880.89,0.303,665.12,1028.27,133.02,1463.26,1.546,0.1265,3.7721,2.3752,16.0,0.0,0.0,BENIGN_WEB
109.5349,1252.0,158.0,1094.0,1737123.65,57626.65,1679497.0,15859.09,11.43,-0.9337,1387.48,317.12,911.79,1500.0,1254.19,1385.43,0.5786,18.34,6.85,3.67,40.35,0.3733,0.0709,3.7806,2.2929,16.0,0.0,0.0,BENIGN_STREAMING
134.9654,1754.0,384.0,1370.0,2328750.02,127411.65,2201338.37,17254.42,13.0,-0.8906,1327.68,397.88,730.86,1500.0,1331.24,1317.26,0.3518,17.24,6.84,3.45,37.92,0.3966,0.081,3.1303,2.4999,16.0,0.0,0.0,BENIGN_STREAMING
4.5083,66.0,27.0,39.0,67922.09,13809.51,54112.58,15065.86,14.64,-0.5934,1029.12,468.97,325.66,1500.0,1050.03,968.97,0.4776,68.31,89.01,13.66,150.28,1.3031,0.03,3.9188,2.8305,10.0,0.0,0.0,BENIGN_WEB
31.4858,264.0,130.0,134.0,166434.36,68768.87,97665.48,5286.02,8.38,-0.1736,630.43,264.37,233.88,1106.29,718.3,603.87,0.1929,227.47,134.9,45.49,500.43,0.5931,0.3688,4.6701,1.0975,1.0,1.0,1.0,TOR_PROXY_TUNNEL
15.2272,57.0,20.0,37.0,37392.17,7802.4,29589.77,2455.61,3.74,-0.5827,656.0,469.2,40.0,1500.0,582.83,652.5,0.2474,267.14,315.83,53.43,587.72,1.1822,0.1211,4.9586,2.1529,18.0,0.0,0.0,BENIGN_WEB
115.2942,524.0,111.0,413.0,731387.86,67273.41,664114.45,6343.67,4.54,-0.816,1395.78,287.78,964.11,1500.0,1504.38,1335.21,0.616,15.11,9.04,3.02,33.23,0.5983,0.0847,3.8573,2.8874,19.0,0.0,0.0,BENIGN_STREAMING
24.6665,269.0,140.0,129.0,177762.14,73557.67,104204.47,7206.62,10.91,-0.1724,660.83,283.84,235.07,1171.73,650.22,711.07,0.5236,69.93,51.25,13.99,153.85,0.7329,0.4482,4.7149,0.8132,6.0,0.0,0.0,TOR_PROXY_TUNNEL
47.8857,173.0,83.0,90.0,119133.51,59982.6,59150.92,2487.87,3.61,0.007,688.63,301.88,235.81,1232.02,756.09,625.55,0.4324,187.03,88.08,37.41,411.46,0.4709,0.3088,5.8851,1.445,6.0,1.0,1.0,TOR_PROXY_TUNNEL
57.1062,1013.0,200.0,813.0,1229048.07,84638.16,1144409.91,21522.13,17.74,-0.8623,1213.28,370.69,657.24,1500.0,1299.75,1278.72,0.4926,11.93,7.79,2.39,26.25,0.6525,0.1665,2.9111,2.6644,21.0,0.0,0.0,BENIGN_STREAMING
80.8814,1234.0,243.0,991.0,1465229.28,59924.2,1405305.08,18115.77,15.26,-0.9182,1187.38,409.35,573.35,1500.0,1215.11,1251.97,0.2475,11.44,8.01,2.29,25.16,0.7005,0.1343,3.6078,2.8165,16.0,0.0,0.0,BENIGN_STREAMING
15.1691,37.0,12.0,25.0,29658.78,4282.01,25376.77,1955.21,2.44,-0.7112,801.59,398.29,204.15,1500.0,861.19,778.07,0.5228,409.98,420.57,82.0,901.95,1.0258,0.0142,4.0513,2.9866,16.0,0.0,0.0,BENIGN_WEB
26.1721,34.0,12.0,22.0,24265.94,4912.49,19353.45,927.17,1.3,-0.5951,713.7,353.64,183.24,1350.26,808.06,617.85,0.2929,769.77,1005.54,153.95,1693.49,1.3063,0.0723,5.0765,2.4502,15.0,0.0,0.0,BENIGN_WEB
55.6345,352.0,59.0,293.0,426085.53,45007.28,381078.26,7658.65,6.33,-0.7887,1210.47,365.9,661.61,1500.0,1146.26,1067.28,0.5775,6.37,4.64,1.27,14.01,0.7292,0.1789,3.4114,2.8703,11.0,0.0,0.0,BENIGN_STREAMING
28.3715,42.0,16.0,26.0,28331.01,7431.31,20899.71,998.57,1.48,-0.4754,674.55,506.88,40.0,1500.0,749.33,601.32,0.4593,675.51,1082.39,135.1,1486.13,1.6023,0.1259,3.7559,2.1782,16.0,0.0,0.0,BENIGN_WEB
19.4703,65.0,19.0,46.0,52118.75,5246.42,46872.33,2676.83,3.34,-0.7987,801.83,352.95,272.41,1437.13,875.61,804.85,0.5453,299.54,520.61,59.91,658.99,1.738,0.1356,4.8756,2.4305,10.0,0.0,0.0,BENIGN_WEB
133.8875,1268.0,193.0,1075.0,1574997.75,96224.19,1478773.56,11763.59,9.47,-0.8778,1242.11,416.77,616.95,1500.0,1146.41,1208.57,0.2106,25.85,17.54,5.17,56.88,0.6786,0.0788,3.6963,2.3873,13.0,0.0,0.0,BENIGN_STREAMING
2.5762,35.0,14.0,21.0,24937.05,3023.26,21913.79,9679.85,13.59,-0.7575,712.49,539.85,40.0,1500.0,711.65,681.41,0.5505,73.61,104.8,14.72,161.93,1.4238,0.0205,4.362,2.7001,13.0,0.0,0.0,BENIGN_WEB
2.6423,48.0,16.0,32.0,47192.88,7322.21,39870.67,17860.5,18.17,-0.6897,983.19,380.19,412.9,1500.0,1086.92,918.27,0.3454,55.05,38.85,11.01,121.11,0.7057,0.0206,3.85,2.6173,11.0,0.0,0.0,BENIGN_WEB
10.4261,42.0,16.0,26.0,41579.14,6054.96,35524.17,3987.99,4.03,-0.7087,989.98,495.25,247.11,1500.0,1110.32,1088.5,0.3522,248.24,433.56,49.65,546.13,1.7465,0.0638,3.6111,2.6396,9.0,0.0,0.0,BENIGN_WEB
73.5852,69.0,34.0,35.0,49316.3,24107.92,25208.38,670.19,0.94,-0.0223,714.73,225.26,376.84,1120.19,775.38,646.84,0.5215,70.52,54.88,14.1,155.14,0.7782,0.4235,6.0015,1.4857,5.0,0.0,0.0,TOR_PROXY_TUNNEL
17.1074,24.0,8.0,16.0,24432.49,2268.77,22163.71,1428.18,1.4,-0.8143,1018.02,516.89,242.68,1500.0,977.48,962.39,0.4432,712.81,576.79,142.56,1568.18,0.8092,0.0447,3.8704,2.2752,13.0,0.0,0.0,BENIGN_WEB
106.0626,1896.0,227.0,1669.0,2531114.35,140918.96,2390195.39,23864.35,17.88,-0.8887,1334.98,280.43,914.33,1500.0,1391.87,1400.64,0.1858,16.9,12.51,3.38,37.17,0.7404,0.1124,3.7953,2.4444,14.0,0.0,0.0,BENIGN_STREAMING
67.74,370.0,195.0,175.0,282168.42,134536.54,147631.88,4165.46,5.46,-0.0464,762.62,257.92,375.73,1226.88,859.85,776.95,0.4527,278.21,174.98,55.64,612.07,0.6289,0.31,4.8914,0.9884,10.0,1.0,0.0,TOR_PROXY_TUNNEL
47.4252,52.0,26.0,26.0,34153.5,17717.34,16436.15,720.15,1.1,0.0375,656.8,242.18,293.53,1092.72,741.8,708.05,0.3267,232.02,121.13,46.4,510.45,0.5221,0.2226,5.0647,0.4223,10.0,1.0,0.0,TOR_PROXY_TUNNEL
16.8685,20.0,7.0,13.0,19062.78,5247.82,13814.96,1130.08,1.19,-0.4494,953.14,452.62,274.21,1500.0,912.52,867.33,0.3166,843.42,1060.05,168.68,1855.53,1.2568,0.0223,4.9765,2.2396,19.0,0.0,0.0,BENIGN_WEB
75.9233,251.0,125.0,126.0,136165.77,54981.29,81184.48,1793.47,3.31,-0.1924,542.49,201.57,240.13,905.33,529.2,533.56,0.3281,93.86,63.67,18.77,206.49,0.6784,0.4118,5.2906,0.4475,7.0,1.0,0.0,TOR_PROXY_TUNNEL
127.6404,1404.0,171.0,1233.0,1872774.05,131050.44,1741723.61,14672.27,11.0,-0.86,1333.88,245.85,965.11,1500.0,1184.42,1497.34,0.3646,15.64,9.44,3.13,34.41,0.6036,0.1467,3.0472,2.6537,20.0,0.0,0.0,BENIGN_STREAMING
126.0631,1762.0,365.0,1397.0,2521513.49,96782.58,2424730.91,20001.99,13.98,-0.9232,1431.05,263.21,1036.24,1500.0,1241.44,1471.07,0.5631,8.25,5.2,1.65,18.14,0.6304,0.1544,3.644,2.2695,14.0,0.0,0.0,BENIGN_STREAMING
68.6827,333.0,160.0,173.0,254988.38,146705.9,108282.49,3712.55,4.85,0.1507,765.73,166.65,515.76,1065.7,781.87,845.18,0.4156,38.18,24.0,7.64,83.99,0.6286,0.4167,6.0089,1.6672,2.0,1.0,0.0,TOR_PROXY_TUNNEL
43.5926,317.0,157.0,160.0,200558.36,118118.3,82440.07,4600.74,7.27,0.1779,632.68,225.43,294.53,1038.45,572.97,589.63,0.3578,159.13,108.88,31.83,350.08,0.6843,0.2569,5.5017,0.7513,0.0,1.0,1.0,TOR_PROXY_TUNNEL
56.753,2088.0,383.0,1705.0,2737251.51,146043.35,2591208.15,48231.0,36.79,-0.8933,1310.94,397.12,715.26,1500.0,1496.58,1295.55,0.5083,19.92,8.24,3.98,43.83,0.4135,0.0647,3.1314,2.4293,22.0,0.0,0.0,BENIGN_STREAMING
113.5931,522.0,98.0,424.0,742474.87,69885.33,672589.54,6536.27,4.6,-0.8118,1422.37,277.26,1006.48,1500.0,1615.27,1287.88,0.39,26.25,9.91,5.25,57.75,0.3776,0.0684,3.4594,2.2093,19.0,0.0,0.0,BENIGN_STREAMING
37.6262,925.0,128.0,797.0,1169472.81,123743.96,1045728.85,31081.36,24.58,-0.7884,1264.29,340.13,754.09,1500.0,1215.59,1230.77,0.4045,7.57,4.86,1.51,16.65,0.6419,0.1405,3.4773,2.6733,15.0,0.0,0.0,BENIGN_STREAMING
42.0596,2199.0,351.0,1848.0,3007962.77,97538.28,2910424.49,71516.61,52.28,-0.9351,1367.88,410.29,752.44,1500.0,1253.37,1333.68,0.4731,22.4,8.24,4.48,49.28,0.3677,0.0914,2.9465,2.6428,13.0,0.0,0.0,BENIGN_STREAMING
7.4692,70.0,19.0,51.0,60731.93,15420.22,45311.71,8131.01,9.37,-0.4922,867.6,424.18,231.33,1500.0,935.59,961.65,0.476,106.7,85.96,21.34,234.75,0.8056,0.1025,3.8646,2.2846,13.0,0.0,0.0,BENIGN_WEB
9.7739,75.0,25.0,50.0,51128.69,11820.3,39308.39,5231.14,7.67,-0.5376,681.72,432.32,40.0,1459.9,741.3,651.21,0.2922,130.32,205.84,26.06,286.7,1.5795,0.0833,4.9067,2.3946,13.0,0.0,0.0,BENIGN_WEB
10.1591,60.0,16.0,44.0,41185.1,5275.62,35909.48,4054.02,5.91,-0.7438,686.42,432.47,40.0,1464.87,745.23,684.08,0.358,169.32,152.46,33.86,372.5,0.9004,0.1193,3.6013,2.3344,14.0,0.0,0.0,BENIGN_WEB
25.1625,32.0,10.0,22.0,23024.37,5377.34,17647.03,915.03,1.27,-0.5329,719.51,404.0,113.51,1446.71,800.72,625.93,0.2731,786.33,644.89,157.27,1729.92,0.8201,0.03,4.8595,2.9629,13.0,0.0,0.0,BENIGN_WEB
3.0087,48.0,15.0,33.0,40715.99,5867.22,34848.78,13532.97,15.95,-0.7118,848.25,539.39,40.0,1500.0,881.75,791.16,0.5001,62.68,82.84,12.54,137.9,1.3216,0.11,4.866,2.1643,15.0,0.0,0.0,BENIGN_WEB
68.643,945.0,170.0,775.0,1215435.04,87465.29,1127969.75,17706.61,13.77,-0.8561,1286.17,296.09,842.04,1500.0,1321.36,1415.11,0.596,21.12,14.41,4.22,46.45,0.6826,0.1668,3.8162,2.3833,16.0,0.0,0.0,BENIGN_STREAMING
56.4349,219.0,118.0,101.0,156674.81,74900.47,81774.34,2776.21,3.88,-0.0439,715.41,235.16,362.67,1138.7,667.26,640.71,0.3672,217.71,144.19,43.54,478.96,0.6623,0.3591,5.8786,1.3758,9.0,1.0,1.0,TOR_PROXY_TUNNEL
15.1904,57.0,20.0,37.0,58040.49,6516.52,51523.96,3820.86,3.75,-0.7754,1018.25,429.25,374.38,1500.0,945.17,1054.71,0.5433,266.5,213.44,53.3,586.3,0.8009,0.0361,3.6585,2.9891,9.0,0.0,0.0,BENIGN_WEB
31.4741,67.0,20.0,47.0,59155.89,15695.89,43460.0,1879.51,2.13,-0.4693,882.92,369.07,329.31,1500.0,879.81,886.09,0.4044,469.76,467.9,93.95,1033.48,0.996,0.0845,4.884,2.5936,18.0,0.0,0.0,BENIGN_WEB
22.8911,53.0,18.0,35.0,33617.26,5554.49,28062.78,1468.57,2.32,-0.6695,634.29,345.54,115.97,1256.27,687.48,690.01,0.4753,431.91,520.59,86.38,950.2,1.2053,0.0891,4.3012,2.3361,14.0,0.0,0.0,BENIGN_WEB
24.1195,27.0,10.0,17.0,23582.5,3978.23,19604.28,977.74,1.12,-0.6626,873.43,473.67,162.92,1500.0,751.23,784.98,0.1832,893.31,986.3,178.66,1965.29,1.1041,0.0815,3.8819,2.2303,18.0,0.0,0.0,BENIGN_WEB
5.9763,22.0,6.0,16.0,19104.83,4735.2,14369.64,3196.78,3.68,-0.5043,868.4,517.38,92.34,1500.0,998.43,810.54,0.2028,271.65,239.88,54.33,597.63,0.883,0.03,4.5642,2.9966,21.0,0.0,0.0,BENIGN_WEB
5.3621,27.0,7.0,20.0,19461.58,2054.52,17407.06,3629.45,5.04,-0.7889,720.8,559.07,40.0,1500.0,779.89,616.69,0.4431,198.6,251.3,39.72,436.91,1.2654,0.0439,3.9093,3.0583,16.0,0.0,0.0,BENIGN_WEB
4.0377,78.0,31.0,47.0,80985.56,14844.43,66141.12,20057.18,19.32,-0.6334,1038.28,352.34,509.77,1500.0,980.92,1156.25,0.3672,51.77,70.21,10.35,113.88,1.3564,0.1059,4.9031,2.9047,20.0,0.0,0.0,BENIGN_WEB
10.899,63.0,19.0,44.0,42922.14,4827.38,38094.75,3938.18,5.78,-0.7751,681.3,530.53,40.0,1500.0,694.51,668.03,0.4094,173.0,232.25,34.6,380.6,1.3425,0.0272,4.8963,2.8758,14.0,0.0,0.0,BENIGN_WEB
48.5495,109.0,53.0,56.0,73398.97,28685.2,44713.77,1511.84,2.25,-0.2184,673.39,215.92,349.5,1062.05,672.6,744.43,0.5498,253.92,115.35,50.78,558.62,0.4543,0.4414,5.7441,1.1762,10.0,1.0,0.0,TOR_PROXY_TUNNEL
32.888,847.0,165.0,682.0,1085870.72,104937.28,980933.44,33017.24,25.75,-0.8067,1282.02,345.41,763.91,1500.0,1321.15,1128.64,0.5213,11.68,6.97,2.34,25.69,0.5965,0.0964,3.3257,2.6666,17.0,0.0,0.0,BENIGN_STREAMING
28.2453,82.0,30.0,52.0,83292.69,21538.2,61754.49,2948.9,2.9,-0.4828,1015.76,377.83,449.01,1500.0,995.3,1068.09,0.2691,344.46,284.5,68.89,757.8,0.826,0.0241,4.9031,2.6404,12.0,0.0,0.0,BENIGN_WEB
38.2753,367.0,194.0,173.0,223397.03,102838.29,120558.74,5836.59,9.59,-0.0793,608.71,291.68,171.18,1133.74,567.17,609.68,0.5374,46.96,31.17,9.39,103.3,0.6637,0.3038,4.9786,0.5892,4.0,1.0,1.0,TOR_PROXY_TUNNEL
19.2307,47.0,15.0,32.0,40010.05,4761.28,35248.77,2080.53,2.44,-0.762,851.28,492.86,111.98,1500.0,881.52,770.47,0.6153,409.16,549.19,81.83,900.16,1.3422,0.1187,4.8844,2.52,9.0,0.0,0.0,BENIGN_WEB
15.9527,74.0,25.0,49.0,51513.73,12927.2,38586.53,3229.15,4.64,-0.4981,696.13,479.8,40.0,1500.0,762.6,769.33,0.5631,215.58,294.56,43.12,474.27,1.3664,0.0723,4.8882,2.6732,10.0,0.0,0.0,BENIGN_WEB
20.3231,44.0,18.0,26.0,35643.41,6086.32,29557.1,1753.84,2.17,-0.6585,810.08,327.25,319.2,1399.13,844.67,873.14,0.6036,461.89,524.45,92.38,1016.15,1.1355,0.0276,4.8042,2.4086,9.0,0.0,0.0,BENIGN_WEB
29.4207,58.0,18.0,40.0,59046.26,15370.45,43675.81,2006.96,1.97,-0.4794,1018.04,530.95,221.62,1500.0,997.15,877.56,0.6122,507.25,582.96,101.45,1115.96,1.1493,0.1011,4.3341,2.6872,10.0,0.0,0.0,BENIGN_WEB
19.341,48.0,17.0,31.0,31449.0,6439.52,25009.47,1626.03,2.48,-0.5905,655.19,407.34,44.18,1388.39,745.51,608.41,0.3514,402.94,306.37,80.59,886.46,0.7603,0.0114,4.4821,2.7259,12.0,0.0,0.0,BENIGN_WEB
135.1302,457.0,98.0,359.0,549552.33,39841.76,509710.57,4066.84,3.38,-0.855,1202.52,359.99,662.54,1500.0,1122.12,1141.07,0.5411,27.19,14.72,5.44,59.81,0.5416,0.1685,3.7968,2.7664,10.0,0.0,0.0,BENIGN_STREAMING
111.4784,1505.0,194.0,1311.0,2133307.9,216314.32,1916993.58,19136.52,13.5,-0.7972,1417.48,400.45,816.81,1500.0,1221.42,1339.41,0.4842,17.84,12.64,3.57,39.25,0.7084,0.0989,3.2778,2.7799,11.0,0.0,0.0,BENIGN_STREAMING
86.6789,541.0,99.0,442.0,756332.59,62676.84,693655.75,8725.68,6.24,-0.8343,1398.03,300.82,946.79,1500.0,1389.87,1449.52,0.306,6.35,3.34,1.27,13.96,0.5262,0.0667,3.0014,2.2978,23.0,0.0,0.0,BENIGN_STREAMING
105.7615,1996.0,366.0,1630.0,2508867.68,228234.15,2280633.54,23721.94,18.87,-0.8181,1256.95,316.68,781.93,1500.0,1203.33,1186.44,0.5367,18.17,10.24,3.63,39.97,0.5635,0.136,3.6373,2.7332,16.0,0.0,0.0,BENIGN_STREAMING
5.313,63.0,21.0,42.0,67675.28,17691.42,49983.86,12737.73,11.86,-0.4772,1074.21,485.41,346.1,1500.0,927.47,1200.78,0.3811,84.33,61.08,16.87,185.53,0.7243,0.1398,4.5973,2.5484,21.0,0.0,0.0,BENIGN_WEB
120.0165,639.0,82.0,557.0,881739.75,41476.02,840263.72,7346.82,5.32,-0.9059,1379.87,289.29,945.95,1500.0,1297.97,1178.55,0.4944,23.75,16.5,4.75,52.24,0.6948,0.147,3.6491,2.3086,15.0,0.0,0.0,BENIGN_STREAMING
157.2582,1408.0,191.0,1217.0,1944811.64,192540.91,1752270.73,12366.99,8.95,-0.802,1381.26,399.44,782.09,1500.0,1365.1,1448.93,0.2746,16.69,6.48,3.34,36.71,0.3887,0.1314,3.7606,2.7443,10.0,0.0,0.0,BENIGN_STREAMING
3.0551,34.0,9.0,25.0,30478.25,5827.27,24650.98,9976.12,11.13,-0.6176,896.42,505.19,138.63,1500.0,897.04,1018.93,0.5629,89.86,77.46,17.97,197.68,0.862,0.1397,5.0006,2.4179,16.0,0.0,0.0,BENIGN_WEB
54.9115,379.0,185.0,194.0,215087.68,90568.29,124519.39,3916.99,6.9,-0.1578,567.51,207.92,255.63,941.77,604.97,596.98,0.3364,246.38,163.01,49.28,542.03,0.6616,0.248,5.847,1.0076,2.0,1.0,0.0,TOR_PROXY_TUNNEL
6.6548,33.0,10.0,23.0,23437.82,4586.99,18850.83,3521.94,4.96,-0.6086,710.24,495.18,40.0,1500.0,759.85,780.52,0.4525,201.66,323.0,40.33,443.65,1.6017,0.0703,4.7061,2.3969,10.0,0.0,0.0,BENIGN_WEB
127.8303,682.0,143.0,539.0,909559.65,50346.6,859213.05,7115.37,5.34,-0.8893,1333.67,314.73,861.57,1500.0,1178.68,1150.24,0.4419,25.53,18.69,5.11,56.16,0.7323,0.1293,2.9837,2.8896,16.0,0.0,0.0,BENIGN_STREAMING
31.9788,84.0,44.0,40.0,59727.86,24256.29,35471.58,1867.73,2.63,-0.1878,711.05,173.29,451.12,1022.96,731.38,816.4,0.2386,236.31,111.17,47.26,519.88,0.4704,0.3699,5.0701,0.9442,5.0,1.0,0.0,TOR_PROXY_TUNNEL
112.3472,1966.0,344.0,1622.0,2372801.37,194983.95,2177817.42,21120.26,17.5,-0.8357,1206.92,284.2,780.62,1500.0,1190.66,1270.65,0.2217,23.03,13.25,4.61,50.68,0.5754,0.0943,3.4666,2.2474,21.0,0.0,0.0,BENIGN_STREAMING
61.4663,1407.0,307.0,1100.0,1736001.66,76131.27,1659870.39,28243.15,22.89,-0.9123,1233.83,263.91,837.97,1500.0,1310.8,1412.49,0.4907,27.58,16.76,5.52,60.68,0.6077,0.1072,3.1494,2.8876,21.0,0.0,0.0,BENIGN_STREAMING
26.2584,79.0,41.0,38.0,43190.66,23126.06,20064.6,1644.83,3.01,0.0709,546.72,253.61,166.31,1003.21,545.86,535.64,0.5164,115.39,67.66,23.08,253.86,0.5863,0.4284,5.251,0.4704,8.0,1.0,0.0,TOR_PROXY_TUNNEL
24.4822,15.0,5.0,10.0,10229.72,2776.49,7453.23,417.84,0.61,-0.4572,681.98,349.85,157.21,1311.71,689.82,674.76,0.447,1632.14,2681.75,326.43,3590.72,1.6431,0.1005,4.3924,2.4198,21.0,0.0,0.0,BENIGN_WEB
115.7438,1144.0,206.0,938.0,1561671.49,65398.51,1496272.99,13492.48,9.88,-0.9162,1365.1,318.35,887.57,1500.0,1215.49,1327.98,0.5383,27.15,12.74,5.43,59.72,0.4694,0.136,3.6672,2.3599,11.0,0.0,0.0,BENIGN_STREAMING
17.5994,47.0,15.0,32.0,49121.58,4813.14,44308.45,2791.1,2.67,-0.804,1045.14,549.34,221.14,1500.0,984.51,915.75,0.3957,374.45,409.53,74.89,823.8,1.0937,0.0552,4.9412,2.7433,19.0,0.0,0.0,BENIGN_WEB
61.0808,273.0,46.0,227.0,341599.28,27989.53,313609.75,5592.58,4.47,-0.8361,1251.28,300.14,801.07,1500.0,1243.02,1434.27,0.5326,25.77,17.71,5.15,56.7,0.6872,0.1462,3.5956,2.2798,22.0,0.0,0.0,BENIGN_STREAMING
81.2619,1925.0,342.0,1583.0,2592970.1,112101.87,2480868.23,31908.8,23.69,-0.9135,1347.0,330.8,850.8,1500.0,1454.69,1439.57,0.5215,9.9,7.58,1.98,21.78,0.766,0.0526,3.8633,2.6265,22.0,0.0,0.0,BENIGN_STREAMING
43.6917,1864.0,352.0,1512.0,2679493.51,93243.17,2586250.35,61327.35,42.66,-0.9304,1437.5,386.18,858.22,1500.0,1262.0,1623.83,0.4261,19.01,9.46,3.8,41.82,0.4975,0.055,3.0618,2.6252,10.0,0.0,0.0,BENIGN_STREAMING
25.9899,18.0,6.0,12.0,16770.23,2108.28,14661.95,645.26,0.69,-0.7486,931.68,414.28,310.26,1500.0,1022.02,991.79,0.3129,1443.88,1220.1,288.78,3176.54,0.845,0.1322,4.9275,2.9006,11.0,0.0,0.0,BENIGN_WEB
53.9198,318.0,155.0,163.0,190130.75,113132.45,76998.31,3526.18,5.9,0.19,597.9,269.43,193.75,1082.86,641.34,591.13,0.5,196.44,101.82,39.29,432.16,0.5184,0.4112,5.8952,1.5525,2.0,1.0,1.0,TOR_PROXY_TUNNEL
24.248,71.0,28.0,43.0,74937.27,7408.14,67529.13,3090.45,2.93,-0.8023,1055.45,320.67,574.45,1500.0,921.04,1072.65,0.3651,341.52,376.16,68.3,751.35,1.1014,0.0509,4.4408,2.5513,18.0,0.0,0.0,BENIGN_WEB
49.9449,306.0,164.0,142.0,165263.91,67066.62,98197.29,3308.92,6.13,-0.1884,540.08,223.4,204.98,942.19,539.17,460.53,0.3988,171.01,75.53,34.2,376.22,0.4416,0.4685,5.5043,1.277,8.0,1.0,1.0,TOR_PROXY_TUNNEL
125.6799,1480.0,232.0,1248.0,2058386.39,205131.08,1853255.31,16378.0,11.78,-0.8007,1390.8,274.29,979.36,1500.0,1314.87,1597.77,0.4843,27.69,20.54,5.54,60.91,0.7418,0.0979,3.8851,2.2788,22.0,0.0,0.0,BENIGN_STREAMING
25.3572,18.0,5.0,13.0,16183.62,2560.81,13622.81,638.22,0.71,-0.6835,899.09,501.14,147.39,1500.0,973.27,768.74,0.5564,1408.74,1320.13,281.75,3099.22,0.9371,0.1094,3.8166,2.1137,18.0,0.0,0.0,BENIGN_WEB
72.1879,1970.0,394.0,1576.0,2785702.81,102140.79,2683562.02,38589.6,27.29,-0.9267,1414.06,342.08,900.95,1500.0,1575.06,1281.3,0.2225,18.68,12.31,3.74,41.09,0.6593,0.1362,3.5979,2.3829,23.0,0.0,0.0,BENIGN_STREAMING
106.2861,751.0,155.0,596.0,996519.42,70921.95,925597.46,9375.82,7.07,-0.8577,1326.92,334.14,825.71,1500.0,1487.06,1427.8,0.2802,25.34,9.48,5.07,55.75,0.3742,0.1675,3.7229,2.8757,16.0,0.0,0.0,BENIGN_STREAMING
19.4144,856.0,151.0,705.0,1017914.01,72299.93,945614.08,52430.82,44.09,-0.8579,1189.15,318.69,711.12,1500.0,1040.9,1040.52,0.2587,22.79,8.81,4.56,50.14,0.3865,0.1686,3.6336,2.4025,15.0,0.0,0.0,BENIGN_STREAMING
21.4951,44.0,14.0,30.0,30849.16,5725.59,25123.58,1435.17,2.05,-0.6288,701.12,473.66,40.0,1500.0,688.3,627.81,0.5591,488.52,815.39,97.7,1074.75,1.6691,0.0867,4.6229,2.7543,16.0,0.0,0.0,BENIGN_WEB
31.1113,33.0,12.0,21.0,23904.23,3812.07,20092.17,768.35,1.06,-0.6811,724.37,542.62,40.0,1500.0,772.19,716.38,0.497,942.77,683.77,188.55,2074.09,0.7253,0.1296,4.7885,2.6322,10.0,0.0,0.0,BENIGN_WEB
29.1868,25.0,8.0,17.0,16674.24,4595.79,12078.45,571.29,0.86,-0.4488,666.97,406.9,56.61,1399.4,675.04,737.84,0.4778,1167.47,2022.46,233.49,2568.43,1.7323,0.0851,4.1446,3.077,15.0,0.0,0.0,BENIGN_WEB
12.0194,29.0,8.0,21.0,28883.3,4591.57,24291.73,2403.06,2.41,-0.6821,995.98,404.65,389.0,1500.0,1127.45,1060.16,0.1835,414.46,384.43,82.89,911.82,0.9275,0.0737,4.9376,2.6253,18.0,0.0,0.0,BENIGN_WEB
25.1661,84.0,30.0,54.0,62554.47,12517.83,50036.64,2485.66,3.34,-0.5998,744.7,335.78,241.03,1349.1,799.53,663.37,0.1967,299.6,251.18,59.92,659.11,0.8384,0.1353,3.9466,2.9345,8.0,0.0,0.0,BENIGN_WEB
69.2416,127.0,67.0,60.0,79541.78,35626.14,43915.64,1148.76,1.83,-0.1042,626.31,173.44,366.15,938.51,569.75,583.36,0.4972,247.54,182.3,49.51,544.6,0.7365,0.3095,5.8076,0.9072,11.0,1.0,1.0,TOR_PROXY_TUNNEL
12.5893,42.0,13.0,29.0,28356.51,4037.85,24318.66,2252.42,3.34,-0.7152,675.16,493.94,40.0,1500.0,748.59,747.77,0.5072,299.75,273.56,59.95,659.44,0.9127,0.0657,4.3864,3.0368,14.0,0.0,0.0,BENIGN_WEB
30.7973,170.0,86.0,84.0,111297.42,53132.96,58164.45,3613.87,5.52,-0.0452,654.69,166.8,404.49,954.94,568.49,638.23,0.2702,72.44,61.46,14.49,159.36,0.8485,0.3394,5.7009,0.85,2.0,1.0,1.0,TOR_PROXY_TUNNEL
30.9991,55.0,16.0,39.0,56101.5,12487.27,43614.22,1809.78,1.77,-0.5548,1020.03,425.55,381.7,1500.0,972.16,1015.4,0.2528,563.62,605.21,112.72,1239.96,1.0738,0.1188,3.6073,2.1552,17.0,0.0,0.0,BENIGN_WEB
82.4408,875.0,174.0,701.0,1203010.92,103105.02,1099905.9,14592.42,10.61,-0.8286,1374.87,413.01,755.35,1500.0,1225.67,1243.0,0.3373,17.22,10.92,3.44,37.89,0.634,0.0994,3.1748,2.7404,21.0,0.0,0.0,BENIGN_STREAMING
13.0213,15.0,5.0,10.0,10728.93,1742.5,8986.43,823.95,1.15,-0.6752,715.26,345.36,197.22,1336.91,656.9,668.18,0.1834,868.09,985.95,173.62,1909.79,1.1358,0.128,4.4245,2.2967,21.0,0.0,0.0,BENIGN_WEB
25.4576,55.0,18.0,37.0,50665.51,10304.11,40361.4,1990.19,2.16,-0.5932,921.19,471.3,214.24,1500.0,1046.14,1000.23,0.2486,462.86,343.07,92.57,1018.3,0.7412,0.1033,4.3263,2.1561,9.0,0.0,0.0,BENIGN_WEB
12.7577,51.0,18.0,33.0,48760.85,13324.51,35436.34,3822.08,4.0,-0.4535,956.1,555.63,122.65,1500.0,1028.37,881.81,0.3369,250.15,178.25,50.03,550.33,0.7126,0.0743,3.9582,2.2294,14.0,0.0,0.0,BENIGN_WEB
16.5587,62.0,24.0,38.0,60127.61,7253.49,52874.12,3631.18,3.74,-0.7587,969.8,399.58,370.43,1500.0,958.87,995.32,0.3024,267.08,292.09,53.42,587.57,1.0937,0.0316,4.4603,2.3284,20.0,0.0,0.0,BENIGN_WEB
22.837,55.0,22.0,33.0,35116.09,9370.1,25745.99,1537.68,2.41,-0.4663,638.47,390.37,52.91,1341.15,553.76,582.82,0.3334,415.22,501.57,83.04,913.48,1.208,0.1167,4.5837,2.3843,18.0,0.0,0.0,BENIGN_WEB
62.7353,1965.0,263.0,1702.0,2799770.92,206660.67,2593110.24,44628.3,31.32,-0.8524,1424.82,266.22,1025.49,1500.0,1237.95,1238.38,0.2929,15.66,8.27,3.13,34.44,0.5282,0.1775,3.1625,2.4099,20.0,0.0,0.0,BENIGN_STREAMING
34.0377,152.0,81.0,71.0,100542.91,47607.25,52935.67,2953.87,4.47,-0.053,661.47,269.34,257.46,1146.28,615.19,636.79,0.2997,182.8,153.89,36.56,402.15,0.8419,0.3736,5.0829,1.293,1.0,1.0,1.0,TOR_PROXY_TUNNEL
101.0381,1108.0,157.0,951.0,1517175.83,132993.53,1384182.3,15015.87,10.97,-0.8247,1369.29,296.38,924.72,1500.0,1374.28,1544.71,0.2558,6.61,2.89,1.32,14.55,0.4371,0.1083,3.7248,2.4616,19.0,0.0,0.0,BENIGN_STREAMING
22.3476,1767.0,338.0,1429.0,2119382.76,223895.82,1895486.94,94837.23,79.07,-0.7887,1199.42,384.6,622.53,1500.0,1247.12,1271.34,0.1921,8.03,5.98,1.61,17.67,0.7444,0.1023,3.0386,2.5522,18.0,0.0,0.0,BENIGN_STREAMING
108.7927,2000.0,247.0,1753.0,2857005.75,156803.53,2700202.22,26261.0,18.38,-0.8902,1428.5,311.62,961.08,1500.0,1422.84,1463.53,0.2782,23.44,18.24,4.69,51.57,0.778,0.1795,3.5357,2.334,16.0,0.0,0.0,BENIGN_STREAMING
4.6354,81.0,26.0,55.0,73393.09,16665.86,56727.23,15833.29,17.47,-0.5458,906.09,567.44,54.93,1500.0,903.6,999.16,0.1878,57.23,70.46,11.45,125.9,1.2312,0.0578,3.6431,2.1959,13.0,0.0,0.0,BENIGN_WEB
68.2296,94.0,49.0,45.0,64285.19,35014.81,29270.39,942.19,1.38,0.0894,683.89,174.78,421.71,998.49,696.09,775.0,0.5188,188.19,120.99,37.64,414.03,0.6429,0.268,4.8844,0.7315,1.0,1.0,0.0,TOR_PROXY_TUNNEL
74.1058,895.0,133.0,762.0,1060329.56,86920.92,973408.64,14308.32,12.08,-0.836,1184.73,299.36,735.68,1500.0,1255.02,1131.53,0.4947,9.62,4.43,1.92,21.17,0.4598,0.0836,3.2038,2.2961,18.0,0.0,0.0,BENIGN_STREAMING
66.4971,244.0,117.0,127.0,187037.61,99732.63,87304.98,2812.72,3.67,0.0664,766.55,162.85,522.27,1059.68,678.15,700.48,0.3412,37.29,18.24,7.46,82.05,0.4892,0.4688,6.0976,1.1117,10.0,1.0,0.0,TOR_PROXY_TUNNEL
33.5677,271.0,135.0,136.0,199462.95,80894.1,118568.85,5942.11,8.07,-0.1889,736.03,212.59,417.15,1118.68,794.61,793.78,0.3233,101.09,76.47,20.22,222.39,0.7565,0.2463,5.6842,0.6001,8.0,0.0,0.0,TOR_PROXY_TUNNEL
47.5109,1994.0,404.0,1590.0,2684554.63,276200.56,2408354.06,56503.94,41.97,-0.7942,1346.32,363.97,800.36,1500.0,1333.72,1266.27,0.4335,14.19,8.82,2.84,31.22,0.622,0.1693,3.5055,2.9075,17.0,0.0,0.0,BENIGN_STREAMING
29.6048,43.0,15.0,28.0,30845.56,5074.78,25770.78,1041.91,1.45,-0.671,717.34,498.45,40.0,1500.0,765.84,616.12,0.4777,688.48,674.43,137.7,1514.66,0.9796,0.1351,3.7285,2.2085,11.0,0.0,0.0,BENIGN_WEB
140.2276,2170.0,448.0,1722.0,2731991.4,291976.45,2440014.95,19482.56,15.47,-0.7863,1258.98,315.95,785.06,1500.0,1373.51,1407.85,0.6135,22.45,16.4,4.49,49.39,0.7305,0.1104,3.3587,2.672,21.0,0.0,0.0,BENIGN_STREAMING
128.557,1933.0,298.0,1635.0,2572859.35,119770.76,2453088.58,20013.38,15.04,-0.9069,1331.02,363.47,785.82,1500.0,1344.55,1244.13,0.2877,19.13,8.13,3.83,42.08,0.4249,0.1291,2.9419,2.598,21.0,0.0,0.0,BENIGN_STREAMING
36.3629,715.0,114.0,601.0,943822.97,25593.18,918229.8,25955.63,19.66,-0.9458,1320.03,355.59,786.65,1500.0,1290.72,1241.73,0.3841,10.48,7.88,2.1,23.07,0.7513,0.1675,3.0023,2.3875,14.0,0.0,0.0,BENIGN_STREAMING
42.058,195.0,96.0,99.0,106151.87,46850.37,59301.5,2523.94,4.64,-0.1173,544.37,278.59,126.48,1045.84,565.48,481.92,0.5546,81.24,56.87,16.25,178.74,0.7,0.4059,6.0469,1.078,6.0,1.0,1.0,TOR_PROXY_TUNNEL
41.2532,461.0,63.0,398.0,609597.27,29092.08,580505.2,14776.96,11.17,-0.9046,1322.34,284.9,894.99,1500.0,1303.76,1374.21,0.347,6.08,4.22,1.22,13.38,0.6942,0.1288,3.6058,2.8662,18.0,0.0,0.0,BENIGN_STREAMING
80.1134,318.0,163.0,155.0,231698.15,102694.52,129003.63,2892.13,3.97,-0.1135,728.61,262.59,334.72,1201.28,724.38,832.44,0.5716,140.43,116.85,28.09,308.95,0.8321,0.3511,4.9462,0.6289,3.0,1.0,0.0,TOR_PROXY_TUNNEL
98.8215,658.0,94.0,564.0,818135.02,77388.58,740746.44,8278.92,6.66,-0.8108,1243.37,297.21,797.55,1500.0,1170.75,1062.37,0.4,25.21,19.09,5.04,55.47,0.7571,0.1035,3.7876,2.4709,13.0,0.0,0.0,BENIGN_STREAMING
16.6353,39.0,13.0,26.0,29795.98,8250.75,21545.23,1791.13,2.34,-0.4462,764.0,475.14,51.29,1500.0,727.41,785.75,0.2899,426.54,691.28,85.31,938.4,1.6206,0.0318,3.653,2.5157,14.0,0.0,0.0,BENIGN_WEB
23.4853,22.0,6.0,16.0,22454.24,4281.56,18172.68,956.1,0.94,-0.6186,1020.65,465.81,321.93,1500.0,1085.92,927.05,0.2192,1067.51,1799.5,213.5,2348.53,1.6857,0.0769,4.5392,2.6497,13.0,0.0,0.0,BENIGN_WEB
137.2419,1743.0,294.0,1449.0,2344846.22,128627.52,2216218.7,17085.49,12.7,-0.8903,1345.29,402.49,741.56,1500.0,1512.1,1150.36,0.2586,14.91,7.33,2.98,32.81,0.4912,0.0695,3.0346,2.3751,15.0,0.0,0.0,BENIGN_STREAMING
27.5328,77.0,30.0,47.0,70652.14,13378.43,57273.71,2566.1,2.8,-0.6213,917.56,361.42,375.44,1500.0,1024.55,1036.89,0.4871,357.57,606.48,71.51,786.65,1.6961,0.0531,4.7153,2.7779,14.0,0.0,0.0,BENIGN_WEB
72.3675,715.0,145.0,570.0,877363.69,91004.2,786359.49,12123.73,9.88,-0.7926,1227.08,306.96,766.64,1500.0,1046.53,1316.78,0.2093,7.49,3.15,1.5,16.48,0.4208,0.1783,3.4227,2.3175,14.0,0.0,0.0,BENIGN_STREAMING
36.1086,695.0,137.0,558.0,932028.28,72071.44,859956.84,25811.81,19.25,-0.8453,1341.05,385.27,763.14,1500.0,1198.31,1270.15,0.2417,12.78,9.74,2.56,28.11,0.7626,0.1233,2.9701,2.2697,11.0,0.0,0.0,BENIGN_STREAMING
123.2764,1640.0,300.0,1340.0,2107045.39,131905.9,1975139.5,17092.05,13.3,-0.8748,1284.78,337.85,778.01,1500.0,1258.82,1165.81,0.4715,8.65,4.23,1.73,19.03,0.4888,0.147,3.1034,2.449,15.0,0.0,0.0,BENIGN_STREAMING
8.38,29.0,9.0,20.0,24479.95,4525.39,19954.56,2921.22,3.46,-0.6303,844.14,406.12,234.96,1500.0,811.87,787.27,0.5187,288.97,501.08,57.79,635.73,1.7341,0.0657,3.7791,2.7086,17.0,0.0,0.0,BENIGN_WEB
18.3415,57.0,19.0,38.0,54109.01,15327.33,38781.68,2950.09,3.11,-0.4335,949.28,425.94,310.37,1500.0,911.11,1034.09,0.3796,321.78,255.17,64.36,707.92,0.793,0.0135,4.8441,2.2662,17.0,0.0,0.0,BENIGN_WEB
83.0861,821.0,104.0,717.0,1074388.71,100304.03,974084.68,12931.03,9.88,-0.8133,1308.63,332.23,810.3,1500.0,1389.44,1490.14,0.338,21.38,8.08,4.28,47.04,0.3778,0.0636,3.7465,2.3693,23.0,0.0,0.0,BENIGN_STREAMING
5.3433,69.0,22.0,47.0,53301.65,7829.0,45472.65,9975.48,12.91,-0.7062,772.49,509.47,40.0,1500.0,820.61,754.83,0.5663,77.44,112.74,15.49,170.37,1.4559,0.1282,3.7203,3.0096,15.0,0.0,0.0,BENIGN_WEB
51.3372,1565.0,216.0,1349.0,1975968.39,203224.81,1772743.58,38489.97,30.48,-0.7943,1262.6,257.11,876.94,1500.0,1189.6,1319.46,0.2878,13.75,6.19,2.75,30.24,0.4501,0.0567,3.8628,2.3987,23.0,0.0,0.0,BENIGN_STREAMING
23.0685,65.0,20.0,45.0,58561.48,11694.62,46866.87,2538.59,2.82,-0.6006,900.95,450.65,224.97,1500.0,890.23,850.3,0.2598,354.9,563.44,70.98,780.78,1.5876,0.1338,4.748,2.8026,9.0,0.0,0.0,BENIGN_WEB
67.3223,1200.0,228.0,972.0,1464903.38,131006.94,1333896.44,21759.56,17.82,-0.8211,1220.75,336.42,716.13,1500.0,1367.84,1281.03,0.5991,22.68,8.55,4.54,49.9,0.3772,0.0919,3.4257,2.8845,19.0,0.0,0.0,BENIGN_STREAMING
22.8175,49.0,14.0,35.0,35247.21,7186.4,28060.81,1544.74,2.15,-0.5922,719.33,481.39,40.0,1500.0,756.67,670.74,0.2553,465.66,729.86,93.13,1024.46,1.5673,0.1085,3.9992,2.5516,11.0,0.0,0.0,BENIGN_WEB
37.0699,257.0,136.0,121.0,186994.35,94538.37,92455.97,5044.38,6.93,0.0111,727.6,269.7,323.05,1213.07,704.85,661.12,0.5739,204.78,87.72,40.96,450.52,0.4284,0.4741,4.6625,0.5373,7.0,1.0,1.0,TOR_PROXY_TUNNEL
148.274,2108.0,303.0,1805.0,2628403.31,212697.16,2415706.15,17726.66,14.22,-0.8382,1246.87,303.68,791.35,1500.0,1180.49,1334.81,0.3201,24.32,15.28,4.86,53.5,0.6283,0.0579,3.4663,2.6235,12.0,0.0,0.0,BENIGN_STREAMING
79.4243,180.0,95.0,85.0,131097.64,51234.68,79862.96,1650.6,2.27,-0.2184,728.32,293.26,288.44,1256.18,831.49,713.79,0.2496,271.88,217.44,54.38,598.15,0.7997,0.2703,5.3897,1.6733,10.0,0.0,1.0,TOR_PROXY_TUNNEL
13.2499,216.0,112.0,104.0,136791.41,78788.21,58003.2,10323.99,16.3,0.1519,633.29,252.24,254.93,1087.33,698.87,664.33,0.2912,219.23,157.71,43.85,482.31,0.7194,0.2402,4.6173,0.5527,9.0,0.0,1.0,TOR_PROXY_TUNNEL
156.1497,974.0,131.0,843.0,1325682.79,70179.71,1255503.08,8489.82,6.24,-0.8941,1361.07,310.22,895.74,1500.0,1254.67,1393.16,0.288,19.97,10.85,3.99,43.92,0.5435,0.1168,3.0067,2.2088,12.0,0.0,0.0,BENIGN_STREAMING
25.3573,38.0,12.0,26.0,35697.26,4132.59,31564.68,1407.77,1.5,-0.7685,939.4,494.66,197.4,1500.0,1021.46,894.58,0.3761,667.3,980.43,133.46,1468.05,1.4693,0.1087,4.9085,2.7821,14.0,0.0,0.0,BENIGN_WEB
31.3846,78.0,25.0,53.0,57729.53,5287.06,52442.48,1839.42,2.49,-0.8168,740.12,577.95,40.0,1500.0,782.15,669.84,0.4748,402.37,437.78,80.47,885.21,1.088,0.0946,4.8205,2.2456,20.0,0.0,0.0,BENIGN_WEB
22.2013,81.0,25.0,56.0,70138.24,15495.51,54642.73,3159.19,3.65,-0.5581,865.9,401.72,263.32,1500.0,755.6,839.33,0.4029,274.09,295.11,54.82,603.0,1.0767,0.0464,4.7854,2.1144,15.0,0.0,0.0,BENIGN_WEB
26.873,82.0,31.0,51.0,82360.2,15193.92,67166.28,3064.79,3.05,-0.631,1004.39,552.15,176.17,1500.0,1020.73,960.15,0.1942,327.72,555.75,65.54,720.98,1.6958,0.1136,4.8077,2.1692,18.0,0.0,0.0,BENIGN_WEB
120.9213,1810.0,276.0,1534.0,2563940.07,246866.94,2317073.13,21203.38,14.97,-0.8074,1416.54,250.11,1041.38,1500.0,1412.41,1306.83,0.3608,15.39,7.01,3.08,33.86,0.4552,0.0568,3.636,2.3023,19.0,0.0,0.0,BENIGN_STREAMING
85.4082,1938.0,327.0,1611.0,2297704.57,110203.47,2187501.11,26902.63,22.69,-0.9041,1185.61,319.92,705.72,1500.0,1008.14,1076.43,0.5018,27.61,11.92,5.52,60.74,0.4316,0.0894,3.8601,2.4814,10.0,0.0,0.0,BENIGN_STREAMING
59.3368,182.0,94.0,88.0,139304.47,78906.18,60398.29,2347.69,3.07,0.1329,765.41,214.0,444.4,1150.62,784.11,868.18,0.5788,39.63,18.53,7.93,87.18,0.4676,0.423,4.7976,1.273,3.0,1.0,1.0,TOR_PROXY_TUNNEL
67.5115,878.0,184.0,694.0,1084898.68,65698.52,1019200.16,16069.83,13.01,-0.8789,1235.65,242.95,871.22,1500.0,1387.1,1409.42,0.3034,18.63,11.15,3.73,40.99,0.5982,0.0632,3.4607,2.5845,15.0,0.0,0.0,BENIGN_STREAMING
25.2397,43.0,14.0,29.0,42228.02,10786.01,31442.01,1673.08,1.7,-0.4892,982.05,504.49,225.3,1500.0,850.94,912.36,0.2756,586.97,464.76,117.39,1291.33,0.7918,0.0453,5.0809,2.9195,21.0,0.0,0.0,BENIGN_WEB
41.035,331.0,166.0,165.0,186564.86,92052.17,94512.68,4546.48,8.07,-0.0132,563.64,172.58,304.78,874.28,615.25,571.25,0.2936,256.2,167.03,51.24,563.63,0.652,0.2676,5.0634,0.0074,6.0,1.0,0.0,TOR_PROXY_TUNNEL
25.6859,17.0,6.0,11.0,16173.21,2888.86,13284.36,629.65,0.66,-0.6428,951.37,399.61,351.96,1500.0,914.0,1024.27,0.462,1510.94,1271.03,302.19,3324.06,0.8412,0.0966,3.8457,2.7405,14.0,0.0,0.0,BENIGN_WEB
22.3618,34.0,14.0,20.0,33636.3,3181.21,30455.09,1504.18,1.52,-0.8108,989.3,553.27,159.41,1500.0,855.17,1098.93,0.4276,657.7,472.64,131.54,1446.94,0.7186,0.0136,4.7446,2.4517,13.0,0.0,0.0,BENIGN_WEB
2.9973,76.0,24.0,52.0,66709.01,10445.3,56263.71,22256.6,25.36,-0.6868,877.75,477.87,160.94,1500.0,806.03,824.24,0.3521,39.44,64.96,7.89,86.76,1.6472,0.0759,4.279,2.8115,9.0,0.0,0.0,BENIGN_WEB
108.4686,1190.0,144.0,1046.0,1623989.86,49699.42,1574290.45,14971.98,10.97,-0.9388,1364.7,395.21,771.88,1500.0,1172.19,1328.35,0.3905,18.5,14.09,3.7,40.7,0.7617,0.1279,3.5383,2.6587,21.0,0.0,0.0,BENIGN_STREAMING
27.4891,53.0,18.0,35.0,37870.19,7859.11,30011.07,1377.64,1.93,-0.5849,714.53,537.46,40.0,1500.0,678.39,724.61,0.4286,518.66,483.91,103.73,1141.06,0.933,0.0279,4.2224,3.0846,18.0,0.0,0.0,BENIGN_WEB
14.4047,21.0,8.0,13.0,21041.01,2021.62,19019.39,1460.71,1.46,-0.8078,1001.95,509.38,237.88,1500.0,1007.11,878.18,0.4799,685.94,591.17,137.19,1509.06,0.8618,0.0106,4.8336,2.3786,19.0,0.0,0.0,BENIGN_WEB
17.2872,32.0,12.0,20.0,32528.25,8938.06,23590.19,1881.64,1.85,-0.4504,1016.51,509.64,252.04,1500.0,908.3,1167.82,0.3769,540.22,745.78,108.04,1188.49,1.3805,0.0522,3.8208,3.0303,18.0,0.0,0.0,BENIGN_WEB
48.2675,1301.0,250.0,1051.0,1676568.75,80007.04,1596561.7,34734.95,26.95,-0.9046,1288.68,388.8,705.48,1500.0,1395.79,1128.85,0.4366,26.56,20.52,5.31,58.44,0.7723,0.0645,3.0078,2.3033,15.0,0.0,0.0,BENIGN_STREAMING
2.4459,43.0,12.0,31.0,45031.24,5590.6,39440.65,18411.02,17.58,-0.7517,1047.24,444.18,380.97,1500.0,972.26,1032.58,0.1959,56.88,95.02,11.38,125.14,1.6705,0.0368,4.4825,2.2262,13.0,0.0,0.0,BENIGN_WEB
31.9521,57.0,30.0,27.0,43773.64,25234.9,18538.75,1369.98,1.78,0.153,767.96,307.87,306.16,1322.12,712.6,807.67,0.3614,58.58,37.83,11.72,128.87,0.6458,0.2266,4.6477,0.2727,6.0,1.0,0.0,TOR_PROXY_TUNNEL
30.489,55.0,19.0,36.0,44590.13,10882.0,33708.13,1462.5,1.8,-0.5119,810.73,501.13,59.04,1500.0,728.2,742.21,0.3436,554.34,699.37,110.87,1219.56,1.2616,0.0229,4.649,2.173,13.0,0.0,0.0,BENIGN_WEB
112.1567,2191.0,315.0,1876.0,2615038.7,86351.33,2528687.37,23315.94,19.54,-0.934,1193.54,299.86,743.75,1500.0,1173.92,1038.15,0.3655,19.45,13.96,3.89,42.79,0.7179,0.0988,3.5186,2.3229,23.0,0.0,0.0,BENIGN_STREAMING
7.2269,47.0,19.0,28.0,33267.45,9476.93,23790.52,4603.29,6.5,-0.4303,707.82,424.92,70.44,1472.67,769.48,734.51,0.5872,153.76,198.91,30.75,338.28,1.2936,0.073,4.0204,2.1326,10.0,0.0,0.0,BENIGN_WEB
31.1778,35.0,13.0,22.0,28296.68,6073.96,22222.72,907.59,1.12,-0.5707,808.48,482.62,84.54,1500.0,801.63,780.45,0.2832,890.8,1290.71,178.16,1959.75,1.4489,0.1133,5.085,2.6502,10.0,0.0,0.0,BENIGN_WEB
36.0263,313.0,167.0,146.0,228057.84,124405.02,103652.82,6330.31,8.69,0.091,728.62,281.47,306.42,1235.26,706.81,637.48,0.2098,81.94,45.98,16.39,180.27,0.5611,0.3928,4.6234,1.5566,8.0,1.0,0.0,TOR_PROXY_TUNNEL
28.8358,66.0,21.0,45.0,42529.48,8051.97,34477.51,1474.88,2.29,-0.6213,644.39,347.21,123.57,1269.37,650.56,712.69,0.3397,436.91,543.63,87.38,961.19,1.2443,0.1122,4.3264,2.1705,17.0,0.0,0.0,BENIGN_WEB
31.3797,292.0,150.0,142.0,197747.23,113062.15,84685.08,6301.75,9.31,0.1435,677.22,243.3,312.27,1115.15,750.97,625.68,0.412,222.12,177.01,44.42,488.66,0.7969,0.3837,5.7495,1.376,6.0,1.0,1.0,TOR_PROXY_TUNNEL
9.8254,61.0,17.0,44.0,43109.75,9817.35,33292.4,4387.57,6.21,-0.5445,706.72,489.12,40.0,1500.0,708.43,611.86,0.3114,161.07,208.27,32.21,354.36,1.293,0.0245,4.316,3.0043,19.0,0.0,0.0,BENIGN_WEB
70.8853,84.0,44.0,40.0,56461.64,28644.78,27816.86,796.52,1.19,0.0147,672.16,222.49,338.42,1072.65,705.38,641.39,0.5667,157.42,68.67,31.48,346.32,0.4362,0.4624,5.8716,0.5709,3.0,1.0,0.0,TOR_PROXY_TUNNEL
13.675,18.0,6.0,12.0,13076.7,3538.18,9538.53,956.25,1.32,-0.4589,726.48,542.07,40.0,1500.0,755.83,747.03,0.5387,759.72,561.78,151.94,1671.39,0.7395,0.0987,4.4143,2.1598,13.0,0.0,0.0,BENIGN_WEB
25.9236,60.0,21.0,39.0,62031.88,7027.49,55004.38,2392.87,2.31,-0.7734,1033.86,444.95,366.44,1500.0,1025.9,998.43,0.5505,432.06,608.03,86.41,950.53,1.4073,0.0158,4.5272,2.4534,18.0,0.0,0.0,BENIGN_WEB
42.094,166.0,85.0,81.0,99398.73,47329.24,52069.49,2361.35,3.94,-0.0477,598.79,278.61,180.87,1100.29,544.87,544.5,0.4534,177.34,125.31,35.47,390.16,0.7066,0.3403,5.5908,0.3452,4.0,1.0,1.0,TOR_PROXY_TUNNEL
69.9094,351.0,186.0,165.0,258686.32,110338.51,148347.81,3700.31,5.02,-0.1469,737.0,305.86,278.21,1287.54,649.42,835.03,0.2315,56.09,46.15,11.22,123.4,0.8228,0.412,4.8067,0.0195,11.0,1.0,0.0,TOR_PROXY_TUNNEL
59.2524,265.0,135.0,130.0,153251.2,87038.5,66212.7,2586.42,4.47,0.1359,578.31,184.61,301.39,910.6,544.7,595.3,0.2834,160.59,76.62,32.12,353.3,0.4771,0.4364,4.7852,0.3457,10.0,0.0,1.0,TOR_PROXY_TUNNEL
78.2693,295.0,151.0,144.0,184698.72,91417.57,93281.15,2359.78,3.77,-0.0101,626.1,312.93,156.7,1189.38,698.92,537.13,0.6111,53.17,26.22,10.63,116.98,0.493,0.2217,5.1322,0.0265,2.0,1.0,1.0,TOR_PROXY_TUNNEL
